g Handle1

v 1.42029 101.965 1.70258 
v 1.59197 101.965 1.70258 
v 1.59442 101.979 1.70288 
v 1.41784 101.979 1.70288 
v 1.59197 101.965 -0.52029 
v 1.42029 101.965 -0.702702 
v 1.59442 101.979 -0.538743 
v 1.41784 101.979 -0.726354 
v 1.42029 101.994 1.70258 
v 1.59197 101.994 1.70258 
v 1.59197 101.994 -0.52029 
v 1.42029 101.994 -0.702702 
v 1.59442 101.979 -0.538743 
v 1.59442 101.979 -0.538743 
v 1.41784 101.979 -0.726354 
v 1.41784 101.979 1.70288 
v 1.59442 101.979 1.70288 
v 1.62105 101.981 1.70254 
v 1.62105 101.95 1.70254 
v 1.37213 101.95 1.70254 
v 1.37213 101.981 1.70254 
v 1.59296 101.926 1.70262 
v 1.59296 101.926 2.93516 
v 1.40021 101.926 2.93516 
v 1.40021 101.926 1.70262 
v 1.62105 101.95 2.94805 
v 1.62105 101.981 2.94805 
v 1.37213 101.981 2.94805 
v 1.37213 101.95 2.94805 
v 1.59296 102.033 1.70262 
v 1.40021 102.033 1.70262 
v 1.40021 102.033 2.93516 
v 1.59296 102.033 2.93516 
v 1.37213 102.01 2.94805 
v 1.62105 102.01 2.94805 
v 1.62105 102.01 1.70254 
v 1.37213 102.01 1.70254 
v 1.37213 101.981 2.94805 
v 1.62105 101.981 2.94805 
v 1.37213 101.981 1.70254 
v 1.62105 101.981 1.70254 
v 1.55954 102.018 -1.22924 
v 1.59006 102.021 -1.22924 
v 1.55625 102.03 -1.38924 
v 1.50637 102.038 -1.38924 
v 1.40962 102.018 -1.22924 
v 1.50587 102.018 -1.22924 
v 1.45634 102.03 -1.38924 
v 1.4095 102.006 -1.38923 
v 1.60775 101.981 -1.38923 
v 1.60041 101.974 -1.22924 
v 1.55895 101.952 -1.22924 
v 1.55625 101.957 -1.38924 
v 1.50637 101.95 -1.38924 
v 1.50058 101.953 -1.22924 
v 1.40688 101.965 -1.22924 
v 1.45634 101.957 -1.38924 
v 1.60775 102.006 -1.38923 
v 1.61095 101.999 -1.22924 
v 1.40353 101.995 -1.22924 
v 1.4095 101.981 -1.38923 
v 1.5848 101.999 -1.22924 
v 1.55699 101.99 -1.22924 
v 1.41971 101.995 -1.22924 
v 1.50332 101.99 -1.22924 
v 1.55699 101.99 -1.22924 
v 1.5848 101.999 -1.22924 
v 1.50332 101.99 -1.22924 
v 1.41971 101.995 -1.22924 
v 1.40353 101.995 -1.22924 
v 1.4095 101.981 -1.38923 
v 1.46597 102.03 -1.59245 
v 1.41581 102.006 -1.59038 
v 1.41452 102.006 -1.4823 
v 1.46302 102.03 -1.48463 
v 1.6077 102.006 -1.49232 
v 1.60442 102.006 -1.5995 
v 1.55775 102.03 -1.59676 
v 1.55871 102.03 -1.48954 
v 1.60358 102.006 -1.69978 
v 1.55251 102.03 -1.69721 
v 1.46281 102.03 -1.69274 
v 1.41608 102.006 -1.69062 
v 1.59894 102.006 -1.93728 
v 1.54521 102.03 -1.93499 
v 1.5472 102.03 -1.80978 
v 1.60296 102.006 -1.81217 
v 1.4514 102.03 -1.9301 
v 1.41252 102.006 -1.92827 
v 1.41665 102.006 -1.80297 
v 1.45972 102.03 -1.80514 
v 1.58843 102.006 -2.20873 
v 1.54404 102.03 -2.20495 
v 1.54294 102.03 -2.06917 
v 1.59424 102.006 -2.07134 
v 1.4377 102.03 -2.19757 
v 1.3997 102.006 -2.19373 
v 1.40769 102.006 -2.06257 
v 1.44156 102.03 -2.06399 
v 1.57768 102.006 -2.47727 
v 1.53913 102.03 -2.48604 
v 1.54422 102.03 -2.3501 
v 1.58166 102.006 -2.35549 
v 1.42517 102.03 -2.4714 
v 1.38408 102.006 -2.44236 
v 1.39074 102.006 -2.33422 
v 1.43288 102.03 -2.34049 
v 1.41581 101.981 -1.59038 
v 1.46597 101.957 -1.59245 
v 1.46302 101.957 -1.48463 
v 1.41452 101.981 -1.4823 
v 1.51094 101.957 -1.48708 
v 1.51113 101.958 -1.50901 
v 1.54849 101.963 -1.48921 
v 1.55775 101.957 -1.59676 
v 1.60442 101.981 -1.5995 
v 1.6077 101.981 -1.49232 
v 1.55871 101.957 -1.48954 
v 1.55251 101.957 -1.69721 
v 1.60358 101.981 -1.69978 
v 1.41608 101.981 -1.69062 
v 1.46281 101.957 -1.69274 
v 1.54788 101.963 -1.59602 
v 1.51191 101.957 -1.59461 
v 1.51119 101.958 -1.61146 
v 1.60296 101.981 -1.81217 
v 1.5472 101.957 -1.80978 
v 1.54521 101.957 -1.93499 
v 1.59894 101.981 -1.93728 
v 1.41252 101.981 -1.92827 
v 1.4514 101.957 -1.9301 
v 1.45972 101.957 -1.80514 
v 1.41665 101.981 -1.80297 
v 1.53761 101.963 -1.80955 
v 1.50352 101.957 -1.80746 
v 1.50253 101.958 -1.82865 
v 1.54404 101.957 -2.20495 
v 1.58843 101.981 -2.20873 
v 1.59424 101.981 -2.07134 
v 1.54294 101.957 -2.06917 
v 1.3997 101.981 -2.19373 
v 1.4377 101.957 -2.19757 
v 1.44156 101.957 -2.06399 
v 1.40769 101.981 -2.06257 
v 1.53231 101.963 -2.06877 
v 1.49233 101.957 -2.06658 
v 1.49209 101.958 -2.08861 
v 1.58166 101.981 -2.35549 
v 1.54422 101.957 -2.3501 
v 1.53913 101.957 -2.48604 
v 1.57768 101.981 -2.47727 
v 1.39074 101.981 -2.33422 
v 1.38408 101.981 -2.44236 
v 1.42517 101.957 -2.4714 
v 1.43288 101.957 -2.34049 
v 1.52728 101.963 -2.48486 
v 1.4833 101.958 -2.45411 
v 1.48215 101.957 -2.4801 
v 1.4733 101.963 -1.48527 
v 1.47583 101.963 -1.5926 
v 1.4693 101.963 -1.80591 
v 1.45229 101.963 -2.06465 
v 1.43693 101.963 -2.47434 
v 1.39074 101.981 -2.33422 
v 1.38408 101.981 -2.44236 
v 1.3997 101.981 -2.19373 
v 1.40769 101.981 -2.06257 
v 1.41665 101.981 -1.80297 
v 1.41252 101.981 -1.92827 
v 1.41608 101.981 -1.69062 
v 1.41581 101.981 -1.59038 
v 1.41452 101.981 -1.4823 
v 1.57768 101.981 -2.47727 
v 1.58166 101.981 -2.35549 
v 1.59424 101.981 -2.07134 
v 1.58843 101.981 -2.20873 
v 1.59894 101.981 -1.93728 
v 1.60296 101.981 -1.81217 
v 1.60442 101.981 -1.5995 
v 1.60358 101.981 -1.69978 
v 1.6077 101.981 -1.49232 
v 1.42034 102.03 -2.56964 
v 1.47736 102.038 -2.59288 
v 1.47672 101.994 -2.60444 
v 1.4199 102 -2.57743 
v 1.37933 102.006 -2.53694 
v 1.53495 101.998 -2.60273 
v 1.53528 102.03 -2.59679 
v 1.57448 102.006 -2.57978 
v 1.57448 101.981 -2.57978 
v 1.53528 101.957 -2.59679 
v 1.47705 101.95 -2.59849 
v 1.42034 101.957 -2.56964 
v 1.37933 101.981 -2.53694 
v 1.53528 101.957 -2.59679 
v 1.57448 101.981 -2.57978 
v 1.57448 102.006 -2.57978 
v 1.57448 101.981 -2.57978 
v 1.53528 102.03 -2.59679 
v 1.37933 102.006 -2.53694 
v 1.42034 102.03 -2.56964 
v 1.37933 101.981 -2.53694 
v 1.37933 101.981 -2.53694 
v 1.42034 101.957 -2.56964 
v 1.48097 101.958 -2.50523 
v 1.4907 101.958 -2.22311 
v 1.49094 101.957 -2.20127 
v 1.44874 101.963 -2.19844 
v 1.53302 101.963 -2.20437 
v 1.49748 101.958 -1.95153 
v 1.49837 101.957 -1.93255 
v 1.46136 101.963 -1.93077 
v 1.53526 101.963 -1.93463 
v 1.5043 101.958 -1.78991 
v 1.50885 101.95 -1.43534 
v 1.55753 101.957 -1.43457 
v 1.55625 101.957 -1.38924 
v 1.50637 101.95 -1.38924 
v 1.45634 101.957 -1.38924 
v 1.45981 101.957 -1.43471 
v 1.4095 101.981 -1.38923 
v 1.41211 101.981 -1.43477 
v 1.4095 102.006 -1.38923 
v 1.41211 102.006 -1.43477 
v 1.41211 101.981 -1.43477 
v 1.4095 101.981 -1.38923 
v 1.45634 102.03 -1.38924 
v 1.45981 102.03 -1.43471 
v 1.55625 102.03 -1.38924 
v 1.60775 102.006 -1.38923 
v 1.60772 102.006 -1.43449 
v 1.55753 102.03 -1.43457 
v 1.60775 101.981 -1.38923 
v 1.60772 101.981 -1.43449 
v 1.60772 101.981 -1.43449 
v 1.60775 101.981 -1.38923 
v 1.48069 101.95 -2.51287 
v 1.47705 101.95 -2.59849 
v 1.53272 101.963 -2.34892 
v 1.48862 101.957 -2.3453 
v 1.48771 101.958 -2.36634 
v 1.44438 101.963 -2.34123 
v 1.48355 101.95 -2.44757 
v 1.48748 101.95 -2.37227 
v 1.48925 101.958 -2.32116 
v 1.49067 101.95 -2.22922 
v 1.48941 101.95 -2.31446 
v 1.49125 101.958 -2.18144 
v 1.49133 101.95 -2.17586 
v 1.49205 101.95 -2.09473 
v 1.49324 101.958 -2.04643 
v 1.49725 101.95 -1.95684 
v 1.49351 101.95 -2.04079 
v 1.49914 101.958 -1.91575 
v 1.49937 101.95 -1.911 
v 1.50228 101.95 -1.83446 
v 1.54271 101.963 -1.69696 
v 1.50772 101.957 -1.69497 
v 1.50675 101.958 -1.71719 
v 1.47261 101.963 -1.69345 
v 1.50453 101.95 -1.78499 
v 1.5065 101.95 -1.72326 
v 1.50854 101.958 -1.67595 
v 1.51099 101.95 -1.61621 
v 1.50878 101.95 -1.67066 
v 1.5123 101.958 -1.5736 
v 1.51241 101.95 -1.5678 
v 1.51123 101.95 -1.51506 
v 1.5111 101.958 -1.46731 
v 1.51115 101.95 -1.4618 
v 1.51094 102.03 -1.48708 
v 1.54849 102.024 -1.48921 
v 1.51113 102.029 -1.50901 
v 1.54788 102.024 -1.59602 
v 1.51119 102.029 -1.61146 
v 1.51191 102.03 -1.59461 
v 1.53761 102.024 -1.80955 
v 1.50253 102.029 -1.82865 
v 1.50352 102.03 -1.80746 
v 1.53231 102.024 -2.06877 
v 1.49209 102.029 -2.08861 
v 1.49233 102.03 -2.06658 
v 1.52728 102.024 -2.48486 
v 1.48215 102.03 -2.4801 
v 1.4833 102.029 -2.45411 
v 1.4733 102.024 -1.48527 
v 1.47583 102.024 -1.5926 
v 1.4693 102.024 -1.80591 
v 1.45229 102.024 -2.06465 
v 1.43693 102.024 -2.47434 
v 1.48097 102.029 -2.50523 
v 1.4907 102.029 -2.22311 
v 1.44874 102.024 -2.19844 
v 1.49094 102.03 -2.20127 
v 1.53302 102.024 -2.20437 
v 1.49748 102.029 -1.95153 
v 1.46136 102.024 -1.93077 
v 1.49837 102.03 -1.93255 
v 1.53526 102.024 -1.93463 
v 1.5043 102.029 -1.78991 
v 1.50637 102.038 -1.38924 
v 1.50885 102.038 -1.43534 
v 1.48069 102.038 -2.51287 
v 1.47736 102.038 -2.59288 
v 1.53272 102.024 -2.34892 
v 1.48771 102.029 -2.36634 
v 1.48862 102.03 -2.3453 
v 1.44438 102.024 -2.34123 
v 1.48355 102.038 -2.44757 
v 1.48748 102.038 -2.37227 
v 1.48925 102.029 -2.32116 
v 1.48941 102.038 -2.31446 
v 1.49067 102.038 -2.22922 
v 1.49125 102.029 -2.18144 
v 1.49133 102.038 -2.17586 
v 1.49205 102.038 -2.09473 
v 1.49324 102.029 -2.04643 
v 1.49725 102.038 -1.95684 
v 1.49351 102.038 -2.04079 
v 1.49914 102.029 -1.91575 
v 1.50228 102.038 -1.83446 
v 1.49937 102.038 -1.911 
v 1.54271 102.024 -1.69696 
v 1.50675 102.029 -1.71719 
v 1.50772 102.03 -1.69497 
v 1.47261 102.024 -1.69345 
v 1.50453 102.038 -1.78499 
v 1.5065 102.038 -1.72326 
v 1.50854 102.029 -1.67595 
v 1.50878 102.038 -1.67066 
v 1.51099 102.038 -1.61621 
v 1.5123 102.029 -1.5736 
v 1.51123 102.038 -1.51506 
v 1.51241 102.038 -1.5678 
v 1.5111 102.029 -1.46731 
v 1.51115 102.038 -1.4618 
v 1.60782 101.855 -1.37017 
v 1.60782 101.855 -1.39053 
v 1.6839 101.912 -1.39053 
v 1.6839 101.912 -1.37017 
v 1.50389 101.835 -1.37017 
v 1.50389 101.835 -1.39053 
v 1.39996 101.855 -1.37017 
v 1.39996 101.855 -1.39053 
v 1.32389 101.912 -1.39053 
v 1.32389 101.912 -1.37017 
v 1.29604 101.989 -1.37017 
v 1.29604 101.989 -1.39053 
v 1.32389 102.066 -1.39053 
v 1.32389 102.066 -1.37017 
v 1.39996 102.123 -1.39053 
v 1.39996 102.123 -1.37017 
v 1.50389 102.143 -1.39053 
v 1.50389 102.143 -1.37017 
v 1.60782 102.123 -1.39053 
v 1.60782 102.123 -1.37017 
v 1.6839 102.066 -1.37017 
v 1.6839 102.066 -1.39053 
v 1.71174 101.989 -1.39053 
v 1.71174 101.989 -1.37017 
v 1.60089 101.864 -1.38544 
v 1.50389 101.989 -1.38544 
v 1.67189 101.917 -1.38544 
v 1.50389 101.845 -1.38544 
v 1.40689 101.864 -1.38544 
v 1.33589 101.917 -1.38544 
v 1.3099 101.989 -1.38544 
v 1.33589 102.061 -1.38544 
v 1.40689 102.114 -1.38544 
v 1.50389 102.133 -1.38544 
v 1.60089 102.114 -1.38544 
v 1.67189 102.061 -1.38544 
v 1.69789 101.989 -1.38544 
v 1.67189 101.917 -1.37526 
v 1.50389 101.989 -1.37526 
v 1.60089 101.864 -1.37526 
v 1.50389 101.845 -1.37526 
v 1.40689 101.864 -1.37526 
v 1.33589 101.917 -1.37526 
v 1.3099 101.989 -1.37526 
v 1.33589 102.061 -1.37526 
v 1.40689 102.114 -1.37526 
v 1.50389 102.133 -1.37526 
v 1.60089 102.114 -1.37526 
v 1.67189 102.061 -1.37526 
v 1.69789 101.989 -1.37526 
v 1.67189 101.917 -1.38544 
v 1.60089 101.864 -1.38544 
v 1.50389 101.845 -1.38544 
v 1.40689 101.864 -1.38544 
v 1.33589 101.917 -1.38544 
v 1.3099 101.989 -1.38544 
v 1.33589 102.061 -1.38544 
v 1.40689 102.114 -1.38544 
v 1.50389 102.133 -1.38544 
v 1.60089 102.114 -1.38544 
v 1.67189 102.061 -1.38544 
v 1.69789 101.989 -1.38544 
v 1.67189 101.917 -1.37526 
v 1.60089 101.864 -1.37526 
v 1.50389 101.845 -1.37526 
v 1.40689 101.864 -1.37526 
v 1.33589 101.917 -1.37526 
v 1.3099 101.989 -1.37526 
v 1.33589 102.061 -1.37526 
v 1.40689 102.114 -1.37526 
v 1.50389 102.133 -1.37526 
v 1.60089 102.114 -1.37526 
v 1.67189 102.061 -1.37526 
v 1.69789 101.989 -1.37526 
v 1.59218 101.988 -1.28066 
v 1.58973 101.974 -1.23564 
v 1.41805 101.974 -1.23564 
v 1.4156 101.988 -1.28066 
v 1.41805 101.974 1.17318 
v 1.58973 101.974 0.990765 
v 1.59218 101.988 1.00922 
v 1.4156 101.988 1.19683 
v 1.58973 102.003 -1.23564 
v 1.41805 102.003 -1.23564 
v 1.41805 102.003 1.17318 
v 1.58973 102.003 0.990765 
v 1.59218 101.988 1.00922 
v 1.4156 101.988 1.19683 
v 1.59218 101.988 1.00922 
v 1.4156 101.988 -1.28066 
v 1.59218 101.988 -1.28066 
v 1.62116 101.981 -1.37015 
v 1.62116 101.949 -1.37015 
v 1.37223 101.949 -1.37015 
v 1.37223 101.981 -1.37015 
v 1.59307 101.926 -1.35726 
v 1.59307 101.926 1.70193 
v 1.40032 101.926 1.70193 
v 1.40032 101.926 -1.35726 
v 1.62116 101.949 1.70203 
v 1.62116 101.981 1.70203 
v 1.37223 101.981 1.70203 
v 1.37223 101.949 1.70203 
v 1.59307 102.033 1.70193 
v 1.59307 102.033 -1.35726 
v 1.40032 102.033 -1.35726 
v 1.40032 102.033 1.70193 
v 1.62116 102.01 1.70203 
v 1.37223 102.01 1.70203 
v 1.62116 102.01 -1.37015 
v 1.37223 102.01 -1.37015 
v 1.62116 101.981 1.70203 
v 1.37223 101.981 1.70203 
v 1.37223 101.981 -1.37015 
v 1.62116 101.981 -1.37015 

vn 0 -0.023622 1 
vn 0 -0.023622 1 
vn 0 -0.023622 1 
vn 0 -0.023622 1 
vn 0 -1 0 
vn 0 -1 0 
vn 0.496063 -0.740157 -0.464567 
vn 0.496063 -0.740157 -0.464567 
vn 0 1 0 
vn 0 1 0 
vn 0 1 0 
vn 0 1 0 
vn 0.496063 -0.740157 -0.464567 
vn 0.496063 -0.740157 -0.464567 
vn 0.496063 -0.740157 -0.464567 
vn 0 -0.023622 1 
vn 0 -0.023622 1 
vn 0 0 -1 
vn 0 0 -1 
vn 0 0 -1 
vn 0 0 -1 
vn 0 -1 0 
vn 0 -1 0 
vn 0 -1 0 
vn 0 -1 0 
vn 0 0 1 
vn 0 0 1 
vn 0 0 1 
vn 0 0 1 
vn 0 1 0 
vn 0 1 0 
vn 0 1 0 
vn 0 1 0 
vn 0 0.488189 0.874016 
vn 0 0.488189 0.874016 
vn 0.637795 0.771654 0 
vn 0 0 -1 
vn 0 0 1 
vn 0 0 1 
vn 0 0 -1 
vn 0 0 -1 
vn -0.11811 0.992126 0.0787402 
vn -0.11811 0.992126 0.0787402 
vn -0.11811 0.992126 0.0787402 
vn 0.141732 0.984252 0.0787402 
vn 0 1 0.0787402 
vn 0 1 0.0787402 
vn 0 1 0.0787402 
vn -0.456693 0.889764 -0.0629921 
vn 0.464567 -0.88189 -0.015748 
vn 0.464567 -0.88189 -0.015748 
vn 0.464567 -0.88189 -0.015748 
vn 0.417323 -0.905512 -0.0314961 
vn -0.133858 -0.992126 0.015748 
vn -0.133858 -0.992126 0.015748 
vn -0.133858 -0.992126 0.015748 
vn -0.141732 -0.992126 0.00787402 
vn 0.417323 0.905512 -0.0393701 
vn 0.724409 0.692913 0.015748 
vn -0.96063 0.259843 -0.015748 
vn -1 0 -0.0393701 
vn 0 0 1 
vn 0 0 1 
vn 0 0 1 
vn 0 0 1 
vn 0 0 1 
vn 0 0 1 
vn 0 0 1 
vn 0 0 1 
vn -0.96063 0.259843 -0.015748 
vn -1 0 -0.0393701 
vn -0.433071 0.905512 -0.00787402 
vn -0.433071 0.905512 -0.00787402 
vn -0.433071 0.905512 -0.00787402 
vn -0.440945 0.897638 -0.015748 
vn 0.456693 0.889764 -0.015748 
vn 0.456693 0.889764 -0.015748 
vn 0.456693 0.889764 -0.015748 
vn 0.440945 0.897638 0 
vn 0.425197 0.905512 0 
vn 0.425197 0.905512 0 
vn -0.456693 0.889764 0.015748 
vn -0.456693 0.889764 0.015748 
vn 0.409449 0.913386 -0.00787402 
vn 0.409449 0.913386 -0.00787402 
vn 0.409449 0.913386 -0.00787402 
vn 0.393701 0.92126 -0.015748 
vn -0.519685 0.850394 0.015748 
vn -0.519685 0.850394 0.015748 
vn -0.519685 0.850394 0.015748 
vn -0.480315 0.874016 0.0314961 
vn 0.472441 0.88189 0 
vn 0.472441 0.88189 0 
vn 0.472441 0.88189 0 
vn 0.425197 0.905512 -0.015748 
vn -0.527559 0.850394 0.0314961 
vn -0.527559 0.850394 0.0314961 
vn -0.527559 0.850394 0.0314961 
vn -0.574803 0.818898 0.015748 
vn 0.527559 0.850394 -0.023622 
vn 0.527559 0.850394 -0.023622 
vn 0.527559 0.850394 -0.023622 
vn 0.535433 0.84252 -0.015748 
vn -0.488189 0.874016 0.0314961 
vn -0.488189 0.874016 0.0314961 
vn -0.488189 0.874016 0.0314961 
vn -0.488189 0.874016 0.0314961 
vn -0.433071 -0.905512 -0.00787402 
vn -0.433071 -0.905512 -0.00787402 
vn -0.433071 -0.905512 -0.00787402 
vn -0.440945 -0.897638 -0.00787402 
vn 0.149606 -0.984252 -0.0393701 
vn 0.149606 -0.984252 -0.0393701 
vn 0.149606 -0.984252 -0.0393701 
vn 0.456693 -0.889764 -0.015748 
vn 0.456693 -0.889764 -0.015748 
vn 0.456693 -0.889764 -0.015748 
vn 0.440945 -0.897638 0 
vn 0.425197 -0.905512 0 
vn 0.425197 -0.905512 0 
vn -0.456693 -0.889764 0.015748 
vn -0.456693 -0.889764 0.015748 
vn 0.15748 -0.984252 -0.0551181 
vn 0.15748 -0.984252 -0.0551181 
vn 0.15748 -0.984252 -0.0551181 
vn 0.393701 -0.92126 -0.00787402 
vn 0.393701 -0.92126 -0.00787402 
vn 0.393701 -0.92126 -0.00787402 
vn 0.409449 -0.913386 -0.015748 
vn -0.519685 -0.850394 0.0314961 
vn -0.519685 -0.850394 0.0314961 
vn -0.519685 -0.850394 0.0314961 
vn -0.488189 -0.874016 0.015748 
vn 0.165354 -0.984252 -0.0472441 
vn 0.165354 -0.984252 -0.0472441 
vn 0.165354 -0.984252 -0.0472441 
vn 0.472441 -0.88189 -0.023622 
vn 0.472441 -0.88189 -0.023622 
vn 0.472441 -0.88189 -0.023622 
vn 0.425197 -0.905512 0 
vn -0.527559 -0.850394 0.015748 
vn -0.527559 -0.850394 0.015748 
vn -0.527559 -0.850394 0.015748 
vn -0.574803 -0.818898 0.0314961 
vn 0.141732 -0.992126 -0.0393701 
vn 0.141732 -0.992126 -0.0393701 
vn 0.141732 -0.992126 -0.0393701 
vn 0.535433 -0.84252 -0.023622 
vn 0.535433 -0.84252 -0.023622 
vn 0.535433 -0.84252 -0.023622 
vn 0.527559 -0.850394 -0.015748 
vn -0.488189 -0.874016 0.0314961 
vn -0.488189 -0.874016 0.0314961 
vn -0.488189 -0.874016 0.0314961 
vn -0.488189 -0.874016 0.0314961 
vn 0.133858 -0.992126 0.023622 
vn 0.133858 -0.992126 0.023622 
vn 0.133858 -0.992126 0.023622 
vn -0.15748 -0.984252 -0.0393701 
vn -0.15748 -0.984252 -0.0393701 
vn -0.165354 -0.984252 -0.0314961 
vn -0.149606 -0.992126 -0.0393701 
vn -0.125984 -0.992126 0.0393701 
vn -0.488189 -0.874016 0.0314961 
vn -0.488189 -0.874016 0.0314961 
vn -0.527559 -0.850394 0.015748 
vn -0.574803 -0.818898 0.0314961 
vn -0.488189 -0.874016 0.015748 
vn -0.519685 -0.850394 0.0314961 
vn -0.456693 -0.889764 0.015748 
vn -0.433071 -0.905512 -0.00787402 
vn -0.440945 -0.897638 -0.00787402 
vn 0.527559 -0.850394 -0.015748 
vn 0.535433 -0.84252 -0.023622 
vn 0.472441 -0.88189 -0.023622 
vn 0.472441 -0.88189 -0.023622 
vn 0.409449 -0.913386 -0.015748 
vn 0.393701 -0.92126 -0.00787402 
vn 0.456693 -0.889764 -0.015748 
vn 0.425197 -0.905512 0 
vn 0.456693 -0.889764 -0.015748 
vn -0.393701 0.23622 -0.889764 
vn -0.393701 0.23622 -0.889764 
vn -0.393701 0.23622 -0.889764 
vn -0.401575 0.228346 -0.889764 
vn -0.677165 0.188976 -0.708661 
vn 0.00787402 0.251969 -0.968504 
vn -0.0472441 0.181102 -0.984252 
vn 0.472441 0.149606 -0.866142 
vn 0.401575 0 -0.913386 
vn 0.401575 0 -0.913386 
vn 0.0472441 -0.133858 -0.992126 
vn -0.464567 -0.165354 -0.874016 
vn -0.622047 0 -0.779528 
vn 0.401575 0 -0.913386 
vn 0.401575 0 -0.913386 
vn 0.472441 0.149606 -0.866142 
vn 0.401575 0 -0.913386 
vn -0.0472441 0.181102 -0.984252 
vn -0.677165 0.188976 -0.708661 
vn -0.393701 0.23622 -0.889764 
vn -0.622047 0 -0.779528 
vn -0.622047 0 -0.779528 
vn -0.464567 -0.165354 -0.874016 
vn -0.133858 -0.992126 -0.0314961 
vn -0.141732 -0.992126 -0.0393701 
vn -0.141732 -0.992126 -0.0393701 
vn -0.141732 -0.992126 -0.0393701 
vn 0.133858 -0.992126 -0.0393701 
vn -0.15748 -0.984252 -0.0393701 
vn -0.15748 -0.984252 -0.0393701 
vn -0.15748 -0.984252 -0.0393701 
vn 0.149606 -0.984252 -0.0472441 
vn -0.165354 -0.984252 0.0551181 
vn 0.149606 -0.992126 0.00787402 
vn 0.149606 -0.992126 0.00787402 
vn 0.417323 -0.905512 -0.0314961 
vn -0.133858 -0.992126 0.015748 
vn -0.141732 -0.992126 0.00787402 
vn -0.149606 -0.992126 -0.00787402 
vn -1 0 -0.0393701 
vn -0.448819 -0.897638 -0.023622 
vn -0.456693 0.889764 -0.0629921 
vn -1 0 -0.0551181 
vn -0.448819 -0.897638 -0.023622 
vn -1 0 -0.0393701 
vn 0 1 0.0787402 
vn -0.448819 0.889764 -0.0314961 
vn -0.11811 0.992126 0.0787402 
vn 0.417323 0.905512 -0.0393701 
vn 0.417323 0.905512 0 
vn 0.433071 0.905512 0.015748 
vn 0.464567 -0.88189 -0.015748 
vn 1 0 0 
vn 1 0 0 
vn 0.464567 -0.88189 -0.015748 
vn -0.125984 -0.992126 0.00787402 
vn 0.0472441 -0.133858 -0.992126 
vn 0.125984 -0.992126 -0.0472441 
vn 0.125984 -0.992126 -0.0472441 
vn 0.125984 -0.992126 -0.0472441 
vn -0.133858 -0.992126 -0.0393701 
vn -0.125984 -0.992126 0.00787402 
vn -0.125984 -0.992126 0.00787402 
vn -0.125984 -0.992126 0.0393701 
vn -0.133858 -0.992126 0.00787402 
vn -0.125984 -0.992126 0 
vn -0.133858 -0.992126 0.0472441 
vn -0.133858 -0.992126 0.00787402 
vn -0.141732 -0.992126 0 
vn -0.141732 -0.992126 0.0472441 
vn -0.149606 -0.992126 0.00787402 
vn -0.141732 -0.992126 0.00787402 
vn -0.149606 -0.984252 0.0551181 
vn -0.149606 -0.992126 0.00787402 
vn -0.149606 -0.992126 0.00787402 
vn 0.15748 -0.984252 -0.0393701 
vn 0.15748 -0.984252 -0.0393701 
vn 0.15748 -0.984252 -0.0393701 
vn -0.165354 -0.984252 -0.0314961 
vn -0.165354 -0.984252 0.00787402 
vn -0.165354 -0.984252 0.00787402 
vn -0.15748 -0.984252 0.0472441 
vn -0.15748 -0.984252 0.00787402 
vn -0.15748 -0.984252 0.00787402 
vn -0.15748 -0.984252 0.0393701 
vn -0.149606 -0.992126 -0.00787402 
vn -0.149606 -0.992126 0 
vn -0.149606 -0.984252 0.0393701 
vn 0.283465 -0.566929 -0.771654 
vn 0.149606 0.984252 -0.0393701 
vn 0.149606 0.984252 -0.0393701 
vn 0.149606 0.984252 -0.0393701 
vn 0.15748 0.984252 -0.0551181 
vn 0.15748 0.984252 -0.0551181 
vn 0.15748 0.984252 -0.0551181 
vn 0.165354 0.984252 -0.0472441 
vn 0.165354 0.984252 -0.0472441 
vn 0.165354 0.984252 -0.0472441 
vn 0.141732 0.992126 -0.0393701 
vn 0.141732 0.992126 -0.0393701 
vn 0.141732 0.992126 -0.0393701 
vn 0.133858 0.992126 0.023622 
vn 0.133858 0.992126 0.023622 
vn 0.133858 0.992126 0.023622 
vn -0.15748 0.984252 -0.0393701 
vn -0.15748 0.984252 -0.0393701 
vn -0.165354 0.984252 -0.0314961 
vn -0.149606 0.992126 -0.0393701 
vn -0.125984 0.992126 0.0393701 
vn -0.133858 0.992126 -0.0314961 
vn -0.141732 0.992126 -0.0393701 
vn -0.141732 0.992126 -0.0393701 
vn -0.141732 0.992126 -0.0393701 
vn 0.133858 0.992126 -0.0393701 
vn -0.15748 0.984252 -0.0393701 
vn -0.15748 0.984252 -0.0393701 
vn -0.15748 0.984252 -0.0393701 
vn 0.149606 0.984252 -0.0472441 
vn -0.165354 0.984252 0.0551181 
vn 0.141732 0.984252 0.0787402 
vn 0.149606 0.992126 0.00787402 
vn -0.125984 0.992126 0.00787402 
vn -0.393701 0.23622 -0.889764 
vn 0.125984 0.992126 -0.0472441 
vn 0.125984 0.992126 -0.0472441 
vn 0.125984 0.992126 -0.0472441 
vn -0.133858 0.992126 -0.0393701 
vn -0.125984 0.992126 0.00787402 
vn -0.125984 0.992126 0.00787402 
vn -0.125984 0.992126 0.0393701 
vn -0.125984 0.992126 0.00787402 
vn -0.133858 0.992126 0 
vn -0.133858 0.992126 0.0472441 
vn -0.133858 0.992126 0.00787402 
vn -0.141732 0.992126 0 
vn -0.141732 0.992126 0.0472441 
vn -0.149606 0.992126 0.00787402 
vn -0.141732 0.992126 0.00787402 
vn -0.149606 0.984252 0.0551181 
vn -0.149606 0.992126 0.00787402 
vn -0.149606 0.992126 0.00787402 
vn 0.15748 0.984252 -0.0393701 
vn 0.15748 0.984252 -0.0393701 
vn 0.15748 0.984252 -0.0393701 
vn -0.165354 0.984252 -0.0314961 
vn -0.165354 0.984252 0.00787402 
vn -0.15748 0.984252 0.00787402 
vn -0.15748 0.984252 0.0472441 
vn -0.15748 0.984252 0.00787402 
vn -0.15748 0.984252 0.00787402 
vn -0.15748 0.984252 0.0393701 
vn -0.149606 0.984252 0 
vn -0.149606 0.984252 0 
vn -0.149606 0.984252 0.0393701 
vn 0.283465 0.566929 -0.771654 
vn 0.23622 -0.566929 0.787402 
vn 0.23622 -0.566929 -0.787402 
vn 0.519685 -0.393701 -0.755906 
vn 0.519685 -0.393701 0.755906 
vn 0 -0.598425 0.80315 
vn 0 -0.598425 -0.80315 
vn -0.23622 -0.566929 0.787402 
vn -0.23622 -0.566929 -0.787402 
vn -0.519685 -0.393701 -0.755906 
vn -0.519685 -0.393701 0.755906 
vn -0.669291 0 0.740157 
vn -0.669291 0 -0.740157 
vn -0.519685 0.393701 -0.755906 
vn -0.519685 0.393701 0.755906 
vn -0.23622 0.566929 -0.787402 
vn -0.23622 0.566929 0.787402 
vn 0 0.598425 -0.80315 
vn 0 0.598425 0.80315 
vn 0.23622 0.566929 -0.787402 
vn 0.23622 0.566929 0.787402 
vn 0.519685 0.393701 0.755906 
vn 0.519685 0.393701 -0.755906 
vn 0.669291 0 -0.740157 
vn 0.669291 0 0.740157 
vn -0.0944882 0.228346 -0.968504 
vn 0 0 -1 
vn -0.173228 0.141732 -0.976378 
vn 0 0.251969 -0.968504 
vn 0.0944882 0.228346 -0.968504 
vn 0.173228 0.141732 -0.976378 
vn 0.212598 0 -0.976378 
vn 0.173228 -0.141732 -0.976378 
vn 0.0944882 -0.228346 -0.968504 
vn 0 -0.251969 -0.968504 
vn -0.0944882 -0.228346 -0.968504 
vn -0.173228 -0.141732 -0.976378 
vn -0.212598 0 -0.976378 
vn -0.173228 0.141732 0.976378 
vn 0 0 1 
vn -0.0944882 0.228346 0.968504 
vn 0 0.251969 0.968504 
vn 0.0944882 0.228346 0.968504 
vn 0.173228 0.141732 0.976378 
vn 0.212598 0 0.976378 
vn 0.173228 -0.141732 0.976378 
vn 0.0944882 -0.228346 0.968504 
vn 0 -0.251969 0.968504 
vn -0.0944882 -0.228346 0.968504 
vn -0.173228 -0.141732 0.976378 
vn -0.212598 0 0.976378 
vn -0.173228 0.141732 -0.976378 
vn -0.0944882 0.228346 -0.968504 
vn 0 0.251969 -0.968504 
vn 0.0944882 0.228346 -0.968504 
vn 0.173228 0.141732 -0.976378 
vn 0.212598 0 -0.976378 
vn 0.173228 -0.141732 -0.976378 
vn 0.0944882 -0.228346 -0.968504 
vn 0 -0.251969 -0.968504 
vn -0.0944882 -0.228346 -0.968504 
vn -0.173228 -0.141732 -0.976378 
vn -0.212598 0 -0.976378 
vn -0.173228 0.141732 0.976378 
vn -0.0944882 0.228346 0.968504 
vn 0 0.251969 0.968504 
vn 0.0944882 0.228346 0.968504 
vn 0.173228 0.141732 0.976378 
vn 0.212598 0 0.976378 
vn 0.173228 -0.141732 0.976378 
vn 0.0944882 -0.228346 0.968504 
vn 0 -0.251969 0.968504 
vn -0.0944882 -0.228346 0.968504 
vn -0.173228 -0.141732 0.976378 
vn -0.212598 0 0.976378 
vn 0 -0.96063 -0.283465 
vn 0 -0.96063 -0.283465 
vn 0 -0.96063 -0.283465 
vn 0 -0.96063 -0.283465 
vn 0 -1 0 
vn 0 -1 0 
vn 0.496063 -0.740157 0.464567 
vn 0.496063 -0.740157 0.464567 
vn 0 1 0 
vn 0 1 0 
vn 0 1 0 
vn 0 1 0 
vn 0.496063 -0.740157 0.464567 
vn 0.496063 -0.740157 0.464567 
vn 0.496063 -0.740157 0.464567 
vn 0 -0.96063 -0.283465 
vn 0 -0.96063 -0.283465 
vn 0 0 -1 
vn 0 0 -1 
vn 0 0 -1 
vn 0 0 -1 
vn 0 -1 0 
vn 0 -1 0 
vn 0 -1 0 
vn 0 -1 0 
vn 0 0 1 
vn 0 0 1 
vn 0 0 1 
vn 0 0 1 
vn 0 1 0 
vn 0 1 0 
vn 0 1 0 
vn 0 1 0 
vn 0 0.00787402 1 
vn 0 0.00787402 1 
vn 0.637795 0.771654 0 
vn 0 0.488189 -0.874016 
vn 0 0 1 
vn 0 0 1 
vn 0 0 -1 
vn 0 0 -1 

vt 0.980014 0.027463 
vt 0.979558 0.096091 
vt 1 0.10159 
vt 0.999384 0.022014 
vt 0.05895 0.102942 
vt 0.01151 0.027425 
vt 0.050205 0.103128 
vt 0 0.022014 
vt 0.021728 0.120179 
vt 0.02013 0.190178 
vt 0.91685 0.197066 
vt 0.9822 0.120322 
vt 0.051264 0.108646 
vt 0.92577 0.202948 
vt 0.998301 0.113662 
vt 0.000594 0.113662 
vt 0 0.196441 
vt 0.009592 0.258801 
vt 0.032677 0.279717 
vt 0.033422 0.433165 
vt 0.012269 0.454067 
vt 0.049229 0.302554 
vt 0.750009 0.30142 
vt 0.747896 0.409001 
vt 0.049801 0.411747 
vt 0.766559 0.279617 
vt 0.787883 0.258801 
vt 0.786956 0.451773 
vt 0.763672 0.430776 
vt 0.046817 0.612346 
vt 0.047994 0.504159 
vt 0.739421 0.499791 
vt 0.739935 0.609826 
vt 0.755928 0.478556 
vt 0.758265 0.63488 
vt 0.029143 0.634727 
vt 0.031509 0.481201 
vt 0.775701 0.458833 
vt 0.779345 0.653914 
vt 0.010216 0.462583 
vt 0.009592 0.653914 
vt 0.092838 0.737449 
vt 0.117467 0.737449 
vt 0.117467 0.789865 
vt 0.092838 0.789865 
vt 0.041187 0.737449 
vt 0.068033 0.737449 
vt 0.068033 0.789865 
vt 0.041187 0.789865 
vt 0.168379 0.789865 
vt 0.168379 0.737449 
vt 0.192308 0.737449 
vt 0.192308 0.789865 
vt 0.212415 0.789865 
vt 0.212415 0.737449 
vt 0.232619 0.737449 
vt 0.232619 0.789865 
vt 0.146311 0.789865 
vt 0.146311 0.737449 
vt 0.012289 0.737449 
vt 0.012289 0.789865 
vt 0.117467 0.734129 
vt 0.092838 0.734129 
vt 0.026738 0.734129 
vt 0.068033 0.734129 
vt 0.192308 0.734129 
vt 0.168379 0.734129 
vt 0.212415 0.734129 
vt 0.242924 0.734129 
vt 0.253228 0.737449 
vt 0.253228 0.789865 
vt 0.087258 0.954414 
vt 0.087324 0.974905 
vt 0.046839 0.97723 
vt 0.046257 0.956518 
vt 0.048425 0.902897 
vt 0.088362 0.903374 
vt 0.088116 0.922526 
vt 0.047264 0.922801 
vt 0.125817 0.903086 
vt 0.125804 0.92382 
vt 0.124969 0.954534 
vt 0.124613 0.973774 
vt 0.215346 0.901664 
vt 0.215682 0.923606 
vt 0.167828 0.92448 
vt 0.167907 0.902285 
vt 0.215041 0.957268 
vt 0.214257 0.974325 
vt 0.166535 0.973131 
vt 0.167021 0.955423 
vt 0.320259 0.90178 
vt 0.319735 0.920878 
vt 0.267146 0.922893 
vt 0.26715 0.901667 
vt 0.318075 0.959314 
vt 0.317114 0.976268 
vt 0.266254 0.975154 
vt 0.266343 0.959135 
vt 0.424185 0.902741 
vt 0.427999 0.919707 
vt 0.375499 0.919419 
vt 0.377361 0.902279 
vt 0.42382 0.960984 
vt 0.412782 0.97895 
vt 0.371455 0.97774 
vt 0.373091 0.95941 
vt 0.407597 0.881068 
vt 0.407774 0.860385 
vt 0.449412 0.862819 
vt 0.448434 0.883868 
vt 0.449005 0.845639 
vt 0.441279 0.845429 
vt 0.448448 0.833523 
vt 0.40691 0.828182 
vt 0.406594 0.808686 
vt 0.447139 0.807815 
vt 0.448427 0.828376 
vt 0.36893 0.829479 
vt 0.368977 0.808411 
vt 0.369934 0.879592 
vt 0.369723 0.860313 
vt 0.407195 0.833129 
vt 0.407454 0.844171 
vt 0.401669 0.844292 
vt 0.326627 0.807343 
vt 0.326639 0.83001 
vt 0.27822 0.82922 
vt 0.278525 0.806734 
vt 0.280155 0.880736 
vt 0.279145 0.863475 
vt 0.327561 0.86111 
vt 0.328101 0.878664 
vt 0.326559 0.834872 
vt 0.327002 0.845507 
vt 0.319751 0.845645 
vt 0.17271 0.827028 
vt 0.172093 0.807679 
vt 0.225656 0.807148 
vt 0.225825 0.828846 
vt 0.175374 0.882617 
vt 0.174492 0.865678 
vt 0.226853 0.865527 
vt 0.22692 0.881795 
vt 0.225856 0.83422 
vt 0.226368 0.847238 
vt 0.218426 0.847163 
vt 0.114877 0.808727 
vt 0.11688 0.825785 
vt 0.064965 0.82627 
vt 0.068683 0.809575 
vt 0.12084 0.88366 
vt 0.079987 0.884408 
vt 0.069227 0.866874 
vt 0.119365 0.865524 
vt 0.065374 0.83181 
vt 0.075694 0.846252 
vt 0.066529 0.84655 
vt 0.449233 0.857701 
vt 0.407832 0.855364 
vt 0.327222 0.856209 
vt 0.226634 0.860176 
vt 0.068367 0.861296 
vt 0.37118 0.987534 
vt 0.412413 0.98868 
vt 0.316878 0.98614 
vt 0.26606 0.985041 
vt 0.16648 0.982756 
vt 0.21405 0.9841 
vt 0.124822 0.983255 
vt 0.087749 0.984412 
vt 0.047594 0.986828 
vt 0.424206 0.892963 
vt 0.377459 0.892413 
vt 0.26715 0.891792 
vt 0.32032 0.891879 
vt 0.215282 0.89187 
vt 0.167732 0.89266 
vt 0.088381 0.893847 
vt 0.125688 0.893541 
vt 0.048589 0.893397 
vt 0.541139 0.92405 
vt 0.546431 0.946663 
vt 0.529912 0.949282 
vt 0.529779 0.926671 
vt 0.530268 0.905433 
vt 0.534002 0.969864 
vt 0.546413 0.968836 
vt 0.539572 0.986352 
vt 0.529812 0.987587 
vt 0.518859 0.972298 
vt 0.513823 0.950748 
vt 0.513823 0.926866 
vt 0.520754 0.906385 
vt 0.023254 0.825678 
vt 0.030248 0.809151 
vt 0.463349 0.902496 
vt 0.463298 0.892757 
vt 0.470336 0.919062 
vt 0.448784 0.980681 
vt 0.461255 0.963135 
vt 0.448328 0.990371 
vt 0.044631 0.88623 
vt 0.032373 0.869169 
vt 0.057553 0.846858 
vt 0.165652 0.846247 
vt 0.173656 0.846284 
vt 0.174183 0.86009 
vt 0.172824 0.832575 
vt 0.271824 0.846463 
vt 0.27869 0.846321 
vt 0.278889 0.858172 
vt 0.278225 0.834527 
vt 0.332968 0.845396 
vt 0.469569 0.846872 
vt 0.469742 0.828314 
vt 0.487198 0.828685 
vt 0.487087 0.848326 
vt 0.486111 0.868003 
vt 0.468641 0.865641 
vt 0.484631 0.88847 
vt 0.466964 0.886279 
vt 0.01156 0.98077 
vt 0.028714 0.978988 
vt 0.02969 0.988604 
vt 0.012549 0.990371 
vt 0.010499 0.960966 
vt 0.027444 0.958922 
vt 0.009795 0.923104 
vt 0.010152 0.902052 
vt 0.02695 0.902398 
vt 0.026596 0.922785 
vt 0.01035 0.892564 
vt 0.027156 0.892916 
vt 0.469315 0.807092 
vt 0.486835 0.806734 
vt 0.053042 0.847061 
vt 0.021841 0.847694 
vt 0.117284 0.831351 
vt 0.118141 0.845603 
vt 0.110556 0.845772 
vt 0.11916 0.859947 
vt 0.079912 0.846049 
vt 0.106447 0.845913 
vt 0.126801 0.845546 
vt 0.161384 0.846263 
vt 0.131047 0.84543 
vt 0.180911 0.846309 
vt 0.184942 0.846233 
vt 0.21415 0.847167 
vt 0.233621 0.847093 
vt 0.267726 0.846516 
vt 0.237654 0.846994 
vt 0.284746 0.846222 
vt 0.288555 0.846136 
vt 0.315574 0.845722 
vt 0.36889 0.8342 
vt 0.369325 0.844861 
vt 0.361961 0.844986 
vt 0.369466 0.855572 
vt 0.336678 0.845302 
vt 0.357882 0.845052 
vt 0.37564 0.844755 
vt 0.397936 0.84436 
vt 0.379392 0.844671 
vt 0.414644 0.844165 
vt 0.418643 0.844114 
vt 0.437055 0.845389 
vt 0.456002 0.845729 
vt 0.460012 0.845707 
vt 0.04671 0.939684 
vt 0.047241 0.927825 
vt 0.054313 0.939503 
vt 0.087829 0.927425 
vt 0.093359 0.938511 
vt 0.087601 0.938379 
vt 0.167913 0.929298 
vt 0.174754 0.939995 
vt 0.167512 0.939875 
vt 0.267143 0.928202 
vt 0.274604 0.94097 
vt 0.266732 0.941074 
vt 0.427602 0.925338 
vt 0.426484 0.940327 
vt 0.417155 0.940049 
vt 0.046447 0.951511 
vt 0.087211 0.949457 
vt 0.167341 0.950542 
vt 0.266536 0.953856 
vt 0.424675 0.95532 
vt 0.435619 0.940618 
vt 0.32686 0.939998 
vt 0.318373 0.953769 
vt 0.31887 0.940043 
vt 0.319637 0.926396 
vt 0.222137 0.940533 
vt 0.215255 0.952075 
vt 0.215354 0.940427 
vt 0.215709 0.92882 
vt 0.161556 0.939775 
vt 0.009787 0.941985 
vt 0.026702 0.940708 
vt 0.440171 0.94082 
vt 0.469721 0.941288 
vt 0.375108 0.925015 
vt 0.38197 0.939533 
vt 0.374308 0.93937 
vt 0.373293 0.953804 
vt 0.412923 0.939841 
vt 0.386057 0.939686 
vt 0.365584 0.939321 
vt 0.361356 0.939202 
vt 0.331048 0.940028 
vt 0.311644 0.94008 
vt 0.307677 0.940004 
vt 0.27877 0.940977 
vt 0.259555 0.94096 
vt 0.226097 0.940584 
vt 0.25561 0.940873 
vt 0.209376 0.940365 
vt 0.178838 0.940082 
vt 0.205663 0.940295 
vt 0.12583 0.92852 
vt 0.132753 0.939292 
vt 0.125391 0.939146 
vt 0.125236 0.94982 
vt 0.157893 0.939679 
vt 0.136758 0.939389 
vt 0.119087 0.939024 
vt 0.115385 0.938922 
vt 0.097005 0.938604 
vt 0.080463 0.938361 
vt 0.0584 0.939495 
vt 0.076549 0.938296 
vt 0.039854 0.939748 
vt 0.035977 0.939704 
vt 0.710119 0.750889 
vt 0.701252 0.734837 
vt 0.641473 0.788905 
vt 0.656104 0.797903 
vt 0.792449 0.729067 
vt 0.79166 0.710447 
vt 0.875261 0.74376 
vt 0.883046 0.727304 
vt 0.944146 0.778763 
vt 0.929845 0.78835 
vt 0.947963 0.842641 
vt 0.96471 0.841809 
vt 0.949765 0.907231 
vt 0.934519 0.899015 
vt 0.892029 0.965553 
vt 0.882583 0.94954 
vt 0.799466 0.986573 
vt 0.79896 0.972226 
vt 0.704711 0.970607 
vt 0.713215 0.953654 
vt 0.656903 0.906661 
vt 0.642174 0.916399 
vt 0.621786 0.85282 
vt 0.638257 0.85249 
vt 0.725103 0.944962 
vt 0.794318 0.854605 
vt 0.673674 0.907364 
vt 0.795078 0.958349 
vt 0.86485 0.943937 
vt 0.915723 0.90559 
vt 0.934065 0.85358 
vt 0.914962 0.801846 
vt 0.863532 0.764248 
vt 0.793557 0.750862 
vt 0.723786 0.765273 
vt 0.672914 0.803621 
vt 0.654571 0.85563 
vt 0.673201 0.803169 
vt 0.79496 0.8533 
vt 0.723803 0.764465 
vt 0.793472 0.749565 
vt 0.86354 0.762461 
vt 0.915231 0.799696 
vt 0.934696 0.851295 
vt 0.916719 0.903432 
vt 0.866117 0.942135 
vt 0.796448 0.957036 
vt 0.726381 0.94414 
vt 0.674689 0.906904 
vt 0.655224 0.855305 
vt 0.632722 0.779455 
vt 0.698448 0.723608 
vt 0.791296 0.699912 
vt 0.885285 0.715991 
vt 0.952621 0.769163 
vt 0.979199 0.841248 
vt 0.959139 0.916337 
vt 0.89526 0.977027 
vt 0.799714 0.997535 
vt 0.702098 0.982309 
vt 0.633363 0.926136 
vt 0.607111 0.852839 
vt 0.665673 0.80175 
vt 0.716483 0.758476 
vt 0.792876 0.73843 
vt 0.86951 0.751581 
vt 0.920508 0.792277 
vt 0.937369 0.843095 
vt 0.924646 0.895855 
vt 0.875931 0.942011 
vt 0.798725 0.96257 
vt 0.719423 0.945637 
vt 0.666433 0.902599 
vt 0.64862 0.852372 
vt 1 0.10159 
vt 0.979558 0.096091 
vt 0.980014 0.027463 
vt 0.999384 0.022014 
vt 0.01151 0.027425 
vt 0.05895 0.102942 
vt 0.050205 0.103128 
vt 0 0.022014 
vt 0.02013 0.190178 
vt 0.021728 0.120179 
vt 0.9822 0.120322 
vt 0.91685 0.197066 
vt 0.051264 0.108646 
vt 0.998301 0.113662 
vt 0.92577 0.202948 
vt 0.000594 0.113662 
vt 0 0.196441 
vt 0.009592 0.258801 
vt 0.032677 0.279717 
vt 0.033422 0.433165 
vt 0.012269 0.454067 
vt 0.049229 0.302554 
vt 0.750009 0.30142 
vt 0.747896 0.409001 
vt 0.049801 0.411747 
vt 0.766559 0.279617 
vt 0.787883 0.258801 
vt 0.786956 0.451773 
vt 0.763672 0.430776 
vt 0.739935 0.609826 
vt 0.046817 0.612346 
vt 0.047994 0.504159 
vt 0.739421 0.499791 
vt 0.758265 0.63488 
vt 0.755928 0.478556 
vt 0.029143 0.634727 
vt 0.031509 0.481201 
vt 0.779345 0.653914 
vt 0.775701 0.458833 
vt 0.010216 0.462583 
vt 0.009592 0.653914 

usemtl Handle1Mtl

f 1/1/1 2/2/2 3/3/3 
f 3/3/3 4/4/4 1/1/1 
f 5/5/5 2/2/2 1/1/1 
f 1/1/1 6/6/6 5/5/5 
f 7/7/7 5/5/5 6/6/6 
f 6/6/6 8/8/8 7/7/7 
f 9/9/9 10/10/10 11/11/11 
f 11/11/11 12/12/12 9/9/9 
f 3/3/3 2/2/2 5/5/5 
f 5/5/5 13/13/13 3/3/3 
f 6/6/6 1/1/1 4/4/4 
f 4/4/4 8/8/8 6/6/6 
f 12/12/12 11/11/11 14/14/14 
f 14/14/14 15/15/15 12/12/12 
f 16/16/16 9/9/9 12/12/12 
f 12/12/12 15/15/15 16/16/16 
f 16/16/16 17/17/17 10/10/10 
f 10/10/10 9/9/9 16/16/16 
f 11/11/11 10/10/10 17/17/17 
f 17/17/17 14/14/14 11/11/11 
f 18/18/18 19/19/19 20/20/20 
f 20/20/20 21/21/21 18/18/18 
f 22/22/22 23/23/23 24/24/24 
f 24/24/24 25/25/25 22/22/22 
f 26/26/26 27/27/27 28/28/28 
f 28/28/28 29/29/29 26/26/26 
f 30/30/30 31/31/31 32/32/32 
f 32/32/32 33/33/33 30/30/30 
f 26/26/26 19/19/19 18/18/18 
f 18/18/18 27/27/27 26/26/26 
f 28/28/28 21/21/21 20/20/20 
f 20/20/20 29/29/29 28/28/28 
f 19/19/19 22/22/22 25/25/25 
f 25/25/25 20/20/20 19/19/19 
f 19/19/19 26/26/26 23/23/23 
f 23/23/23 22/22/22 19/19/19 
f 29/29/29 24/24/24 23/23/23 
f 23/23/23 26/26/26 29/29/29 
f 25/25/25 24/24/24 29/29/29 
f 29/29/29 20/20/20 25/25/25 
f 33/33/33 32/32/32 34/34/34 
f 34/34/34 35/35/35 33/33/33 
f 30/30/30 33/33/33 35/35/35 
f 35/35/35 36/36/36 30/30/30 
f 37/37/37 31/31/31 30/30/30 
f 30/30/30 36/36/36 37/37/37 
f 32/32/32 31/31/31 37/37/37 
f 37/37/37 34/34/34 32/32/32 
f 38/38/38 39/39/39 35/35/35 
f 35/35/35 34/34/34 38/38/38 
f 40/40/40 38/38/38 34/34/34 
f 34/34/34 37/37/37 40/40/40 
f 37/37/37 36/36/36 41/41/41 
f 41/41/41 40/40/40 37/37/37 
f 36/36/36 35/35/35 39/39/39 
f 39/39/39 41/41/41 36/36/36 
f 42/42/42 43/43/43 44/44/44 
f 44/44/44 45/45/45 42/42/42 
f 46/46/46 47/47/47 48/48/48 
f 48/48/48 49/49/49 46/46/46 
f 48/48/48 47/47/47 42/42/42 
f 42/42/42 45/45/45 48/48/48 
f 50/50/50 51/51/51 52/52/52 
f 52/52/52 53/53/53 50/50/50 
f 54/54/54 55/55/55 56/56/56 
f 56/56/56 57/57/57 54/54/54 
f 52/52/52 55/55/55 54/54/54 
f 54/54/54 53/53/53 52/52/52 
f 58/58/58 44/44/44 43/43/43 
f 43/43/43 59/59/59 58/58/58 
f 60/60/60 46/46/46 49/49/49 
f 49/49/49 61/61/61 60/60/60 
f 62/62/62 43/43/43 42/42/42 
f 42/42/42 63/63/63 62/62/62 
f 64/64/64 65/65/65 47/47/47 
f 47/47/47 46/46/46 64/64/64 
f 66/66/66 52/52/52 51/51/51 
f 51/51/51 67/67/67 66/66/66 
f 56/56/56 55/55/55 68/68/68 
f 68/68/68 69/69/69 56/56/56 
f 66/66/66 68/68/68 55/55/55 
f 55/55/55 52/52/52 66/66/66 
f 62/62/62 59/59/59 43/43/43 
f 64/64/64 46/46/46 60/60/60 
f 59/59/59 51/51/51 50/50/50 
f 50/50/50 58/58/58 59/59/59 
f 57/57/57 56/56/56 70/70/70 
f 70/70/70 71/71/71 57/57/57 
f 69/69/69 70/70/70 56/56/56 
f 59/59/59 67/67/67 51/51/51 
f 42/42/42 47/47/47 65/65/65 
f 65/65/65 63/63/63 42/42/42 
f 72/72/72 73/73/73 74/74/74 
f 74/74/74 75/75/75 72/72/72 
f 76/76/76 77/77/77 78/78/78 
f 78/78/78 79/79/79 76/76/76 
f 77/77/77 80/80/80 81/81/81 
f 81/81/81 78/78/78 77/77/77 
f 72/72/72 82/82/82 83/83/83 
f 83/83/83 73/73/73 72/72/72 
f 84/84/84 85/85/85 86/86/86 
f 86/86/86 87/87/87 84/84/84 
f 88/88/88 89/89/89 90/90/90 
f 90/90/90 91/91/91 88/88/88 
f 92/92/92 93/93/93 94/94/94 
f 94/94/94 95/95/95 92/92/92 
f 96/96/96 97/97/97 98/98/98 
f 98/98/98 99/99/99 96/96/96 
f 100/100/100 101/101/101 102/102/102 
f 102/102/102 103/103/103 100/100/100 
f 104/104/104 105/105/105 106/106/106 
f 106/106/106 107/107/107 104/104/104 
f 108/108/108 109/109/109 110/110/110 
f 110/110/110 111/111/111 108/108/108 
f 112/112/112 113/113/113 114/114/114 
f 115/115/115 116/116/116 117/117/117 
f 117/117/117 118/118/118 115/115/115 
f 119/119/119 120/120/120 116/116/116 
f 116/116/116 115/115/115 119/119/119 
f 121/121/121 122/122/122 109/109/109 
f 109/109/109 108/108/108 121/121/121 
f 123/123/123 124/124/124 125/125/125 
f 126/126/126 127/127/127 128/128/128 
f 128/128/128 129/129/129 126/126/126 
f 130/130/130 131/131/131 132/132/132 
f 132/132/132 133/133/133 130/130/130 
f 134/134/134 135/135/135 136/136/136 
f 137/137/137 138/138/138 139/139/139 
f 139/139/139 140/140/140 137/137/137 
f 141/141/141 142/142/142 143/143/143 
f 143/143/143 144/144/144 141/141/141 
f 145/145/145 146/146/146 147/147/147 
f 148/148/148 149/149/149 150/150/150 
f 150/150/150 151/151/151 148/148/148 
f 152/152/152 153/153/153 154/154/154 
f 154/154/154 155/155/155 152/152/152 
f 156/156/156 157/157/157 158/158/158 
f 159/159/159 113/113/113 112/112/112 
f 125/125/125 124/124/124 160/160/160 
f 136/136/136 135/135/135 161/161/161 
f 147/147/147 146/146/146 162/162/162 
f 158/158/158 157/157/157 163/163/163 
f 164/164/164 106/106/106 105/105/105 
f 105/105/105 165/165/165 164/164/164 
f 98/98/98 97/97/97 166/166/166 
f 166/166/166 167/167/167 98/98/98 
f 168/168/168 90/90/90 89/89/89 
f 89/89/89 169/169/169 168/168/168 
f 73/73/73 83/83/83 170/170/170 
f 170/170/170 171/171/171 73/73/73 
f 172/172/172 74/74/74 73/73/73 
f 73/73/73 171/171/171 172/172/172 
f 173/173/173 100/100/100 103/103/103 
f 103/103/103 174/174/174 173/173/173 
f 92/92/92 95/95/95 175/175/175 
f 175/175/175 176/176/176 92/92/92 
f 177/177/177 84/84/84 87/87/87 
f 87/87/87 178/178/178 177/177/177 
f 80/80/80 77/77/77 179/179/179 
f 179/179/179 180/180/180 80/80/80 
f 179/179/179 77/77/77 76/76/76 
f 76/76/76 181/181/181 179/179/179 
f 182/182/182 183/183/183 184/184/184 
f 184/184/184 185/185/185 182/182/182 
f 185/185/185 186/186/186 182/182/182 
f 187/187/187 184/184/184 183/183/183 
f 183/183/183 188/188/188 187/187/187 
f 189/189/189 187/187/187 188/188/188 
f 189/189/189 190/190/190 191/191/191 
f 191/191/191 187/187/187 189/189/189 
f 184/184/184 187/187/187 191/191/191 
f 191/191/191 192/192/192 184/184/184 
f 185/185/185 184/184/184 192/192/192 
f 192/192/192 193/193/193 185/185/185 
f 186/186/186 185/185/185 193/193/193 
f 193/193/193 194/194/194 186/186/186 
f 195/195/195 196/196/196 151/151/151 
f 151/151/151 150/150/150 195/195/195 
f 197/197/197 100/100/100 173/173/173 
f 173/173/173 198/198/198 197/197/197 
f 100/100/100 197/197/197 199/199/199 
f 199/199/199 101/101/101 100/100/100 
f 200/200/200 105/105/105 104/104/104 
f 104/104/104 201/201/201 200/200/200 
f 105/105/105 200/200/200 202/202/202 
f 202/202/202 165/165/165 105/105/105 
f 154/154/154 153/153/153 203/203/203 
f 203/203/203 204/204/204 154/154/154 
f 205/205/205 158/158/158 163/163/163 
f 156/156/156 158/158/158 205/205/205 
f 137/137/137 149/149/149 148/148/148 
f 148/148/148 138/138/138 137/137/137 
f 103/103/103 92/92/92 176/176/176 
f 176/176/176 174/174/174 103/103/103 
f 93/93/93 92/92/92 103/103/103 
f 103/103/103 102/102/102 93/93/93 
f 107/107/107 106/106/106 97/97/97 
f 97/97/97 96/96/96 107/107/107 
f 106/106/106 164/164/164 166/166/166 
f 166/166/166 97/97/97 106/106/106 
f 155/155/155 142/142/142 141/141/141 
f 141/141/141 152/152/152 155/155/155 
f 206/206/206 207/207/207 208/208/208 
f 209/209/209 207/207/207 206/206/206 
f 129/129/129 128/128/128 140/140/140 
f 140/140/140 139/139/139 129/129/129 
f 84/84/84 177/177/177 175/175/175 
f 175/175/175 95/95/95 84/84/84 
f 95/95/95 94/94/94 85/85/85 
f 85/85/85 84/84/84 95/95/95 
f 99/99/99 98/98/98 89/89/89 
f 89/89/89 88/88/88 99/99/99 
f 169/169/169 89/89/89 98/98/98 
f 98/98/98 167/167/167 169/169/169 
f 131/131/131 130/130/130 144/144/144 
f 144/144/144 143/143/143 131/131/131 
f 210/210/210 211/211/211 212/212/212 
f 213/213/213 211/211/211 210/210/210 
f 119/119/119 127/127/127 126/126/126 
f 126/126/126 120/120/120 119/119/119 
f 80/80/80 180/180/180 178/178/178 
f 178/178/178 87/87/87 80/80/80 
f 87/87/87 86/86/86 81/81/81 
f 81/81/81 80/80/80 87/87/87 
f 83/83/83 82/82/82 91/91/91 
f 91/91/91 90/90/90 83/83/83 
f 168/168/168 170/170/170 83/83/83 
f 83/83/83 90/90/90 168/168/168 
f 132/132/132 122/122/122 121/121/121 
f 121/121/121 133/133/133 132/132/132 
f 135/135/135 214/214/214 161/161/161 
f 134/134/134 214/214/214 135/135/135 
f 215/215/215 216/216/216 217/217/217 
f 217/217/217 218/218/218 215/215/215 
f 215/215/215 218/218/218 219/219/219 
f 219/219/219 220/220/220 215/215/215 
f 220/220/220 219/219/219 221/221/221 
f 221/221/221 222/222/222 220/220/220 
f 223/223/223 224/224/224 225/225/225 
f 225/225/225 226/226/226 223/223/223 
f 227/227/227 228/228/228 224/224/224 
f 224/224/224 223/223/223 227/227/227 
f 229/229/229 230/230/230 231/231/231 
f 231/231/231 232/232/232 229/229/229 
f 233/233/233 234/234/234 231/231/231 
f 231/231/231 230/230/230 233/233/233 
f 235/235/235 236/236/236 217/217/217 
f 217/217/217 216/216/216 235/235/235 
f 237/237/237 154/154/154 204/204/204 
f 204/204/204 238/238/238 237/237/237 
f 237/237/237 238/238/238 195/195/195 
f 195/195/195 150/150/150 237/237/237 
f 239/239/239 240/240/240 241/241/241 
f 242/242/242 241/241/241 240/240/240 
f 243/243/243 244/244/244 155/155/155 
f 155/155/155 154/154/154 243/243/243 
f 149/149/149 244/244/244 243/243/243 
f 243/243/243 150/150/150 149/149/149 
f 240/240/240 245/245/245 242/242/242 
f 239/239/239 245/245/245 240/240/240 
f 246/246/246 142/142/142 155/155/155 
f 155/155/155 247/247/247 246/246/246 
f 246/246/246 247/247/247 149/149/149 
f 149/149/149 137/137/137 246/246/246 
f 207/207/207 248/248/248 208/208/208 
f 209/209/209 248/248/248 207/207/207 
f 143/143/143 142/142/142 249/249/249 
f 249/249/249 250/250/250 143/143/143 
f 140/140/140 250/250/250 249/249/249 
f 249/249/249 137/137/137 140/140/140 
f 146/146/146 251/251/251 162/162/162 
f 145/145/145 251/251/251 146/146/146 
f 252/252/252 131/131/131 143/143/143 
f 143/143/143 253/253/253 252/252/252 
f 252/252/252 253/253/253 140/140/140 
f 140/140/140 128/128/128 252/252/252 
f 211/211/211 254/254/254 212/212/212 
f 213/213/213 254/254/254 211/211/211 
f 131/131/131 255/255/255 256/256/256 
f 256/256/256 132/132/132 131/131/131 
f 255/255/255 128/128/128 127/127/127 
f 127/127/127 256/256/256 255/255/255 
f 257/257/257 258/258/258 259/259/259 
f 260/260/260 259/259/259 258/258/258 
f 132/132/132 261/261/261 262/262/262 
f 262/262/262 122/122/122 132/132/132 
f 262/262/262 261/261/261 127/127/127 
f 127/127/127 119/119/119 262/262/262 
f 258/258/258 263/263/263 260/260/260 
f 257/257/257 263/263/263 258/258/258 
f 264/264/264 109/109/109 122/122/122 
f 122/122/122 265/265/265 264/264/264 
f 115/115/115 264/264/264 265/265/265 
f 265/265/265 119/119/119 115/115/115 
f 266/266/266 160/160/160 124/124/124 
f 123/123/123 266/266/266 124/124/124 
f 110/110/110 109/109/109 267/267/267 
f 267/267/267 268/268/268 110/110/110 
f 268/268/268 267/267/267 115/115/115 
f 115/115/115 118/118/118 268/268/268 
f 269/269/269 159/159/159 112/112/112 
f 114/114/114 269/269/269 112/112/112 
f 118/118/118 114/114/114 113/113/113 
f 113/113/113 268/268/268 118/118/118 
f 110/110/110 268/268/268 113/113/113 
f 113/113/113 159/159/159 110/110/110 
f 270/270/270 110/110/110 159/159/159 
f 159/159/159 269/269/269 270/270/270 
f 118/118/118 270/270/270 269/269/269 
f 269/269/269 114/114/114 118/118/118 
f 115/115/115 123/123/123 125/125/125 
f 125/125/125 264/264/264 115/115/115 
f 125/125/125 160/160/160 109/109/109 
f 109/109/109 264/264/264 125/125/125 
f 267/267/267 109/109/109 160/160/160 
f 160/160/160 266/266/266 267/267/267 
f 266/266/266 123/123/123 115/115/115 
f 115/115/115 267/267/267 266/266/266 
f 134/134/134 136/136/136 256/256/256 
f 256/256/256 127/127/127 134/134/134 
f 136/136/136 161/161/161 132/132/132 
f 132/132/132 256/256/256 136/136/136 
f 214/214/214 261/261/261 132/132/132 
f 132/132/132 161/161/161 214/214/214 
f 134/134/134 127/127/127 261/261/261 
f 261/261/261 214/214/214 134/134/134 
f 147/147/147 250/250/250 140/140/140 
f 140/140/140 145/145/145 147/147/147 
f 143/143/143 250/250/250 147/147/147 
f 147/147/147 162/162/162 143/143/143 
f 251/251/251 253/253/253 143/143/143 
f 143/143/143 162/162/162 251/251/251 
f 251/251/251 145/145/145 140/140/140 
f 140/140/140 253/253/253 251/251/251 
f 156/156/156 150/150/150 243/243/243 
f 243/243/243 157/157/157 156/156/156 
f 163/163/163 157/157/157 243/243/243 
f 243/243/243 154/154/154 163/163/163 
f 163/163/163 154/154/154 237/237/237 
f 237/237/237 205/205/205 163/163/163 
f 205/205/205 237/237/237 150/150/150 
f 150/150/150 156/156/156 205/205/205 
f 208/208/208 142/142/142 246/246/246 
f 246/246/246 206/206/206 208/208/208 
f 206/206/206 246/246/246 137/137/137 
f 137/137/137 209/209/209 206/206/206 
f 142/142/142 208/208/208 248/248/248 
f 248/248/248 249/249/249 142/142/142 
f 248/248/248 209/209/209 137/137/137 
f 137/137/137 249/249/249 248/248/248 
f 210/210/210 212/212/212 131/131/131 
f 131/131/131 252/252/252 210/210/210 
f 210/210/210 252/252/252 128/128/128 
f 128/128/128 213/213/213 210/210/210 
f 212/212/212 254/254/254 255/255/255 
f 255/255/255 131/131/131 212/212/212 
f 213/213/213 128/128/128 255/255/255 
f 255/255/255 254/254/254 213/213/213 
f 241/241/241 244/244/244 149/149/149 
f 149/149/149 239/239/239 241/241/241 
f 242/242/242 155/155/155 244/244/244 
f 244/244/244 241/241/241 242/242/242 
f 242/242/242 245/245/245 247/247/247 
f 247/247/247 155/155/155 242/242/242 
f 247/247/247 245/245/245 239/239/239 
f 239/239/239 149/149/149 247/247/247 
f 262/262/262 119/119/119 257/257/257 
f 257/257/257 259/259/259 262/262/262 
f 262/262/262 259/259/259 260/260/260 
f 260/260/260 122/122/122 262/262/262 
f 265/265/265 122/122/122 260/260/260 
f 260/260/260 263/263/263 265/265/265 
f 265/265/265 263/263/263 257/257/257 
f 257/257/257 119/119/119 265/265/265 
f 271/271/271 272/272/272 273/273/273 
f 274/274/274 275/275/275 276/276/276 
f 277/277/277 278/278/278 279/279/279 
f 280/280/280 281/281/281 282/282/282 
f 283/283/283 284/284/284 285/285/285 
f 286/286/286 271/271/271 273/273/273 
f 275/275/275 287/287/287 276/276/276 
f 278/278/278 288/288/288 279/279/279 
f 281/281/281 289/289/289 282/282/282 
f 284/284/284 290/290/290 285/285/285 
f 291/291/291 290/290/290 284/284/284 
f 283/283/283 291/291/291 284/284/284 
f 292/292/292 293/293/293 294/294/294 
f 295/295/295 292/292/292 294/294/294 
f 296/296/296 297/297/297 298/298/298 
f 299/299/299 296/296/296 298/298/298 
f 279/279/279 288/288/288 300/300/300 
f 277/277/277 279/279/279 300/300/300 
f 301/301/301 229/229/229 232/232/232 
f 232/232/232 302/302/302 301/301/301 
f 301/301/301 302/302/302 228/228/228 
f 228/228/228 227/227/227 301/301/301 
f 104/104/104 303/303/303 304/304/304 
f 304/304/304 201/201/201 104/104/104 
f 304/304/304 303/303/303 101/101/101 
f 101/101/101 199/199/199 304/304/304 
f 305/305/305 306/306/306 307/307/307 
f 308/308/308 307/307/307 306/306/306 
f 309/309/309 104/104/104 107/107/107 
f 107/107/107 310/310/310 309/309/309 
f 102/102/102 101/101/101 309/309/309 
f 309/309/309 310/310/310 102/102/102 
f 307/307/307 308/308/308 311/311/311 
f 305/305/305 307/307/307 311/311/311 
f 312/312/312 107/107/107 96/96/96 
f 96/96/96 313/313/313 312/312/312 
f 313/313/313 93/93/93 102/102/102 
f 102/102/102 312/312/312 313/313/313 
f 294/294/294 293/293/293 314/314/314 
f 295/295/295 294/294/294 314/314/314 
f 315/315/315 96/96/96 99/99/99 
f 99/99/99 316/316/316 315/315/315 
f 316/316/316 94/94/94 93/93/93 
f 93/93/93 315/315/315 316/316/316 
f 282/282/282 289/289/289 317/317/317 
f 280/280/280 282/282/282 317/317/317 
f 99/99/99 88/88/88 318/318/318 
f 318/318/318 319/319/319 99/99/99 
f 94/94/94 319/319/319 318/318/318 
f 318/318/318 85/85/85 94/94/94 
f 298/298/298 297/297/297 320/320/320 
f 299/299/299 298/298/298 320/320/320 
f 321/321/321 322/322/322 88/88/88 
f 88/88/88 91/91/91 321/321/321 
f 321/321/321 86/86/86 85/85/85 
f 85/85/85 322/322/322 321/321/321 
f 323/323/323 324/324/324 325/325/325 
f 326/326/326 325/325/325 324/324/324 
f 327/327/327 91/91/91 82/82/82 
f 82/82/82 328/328/328 327/327/327 
f 328/328/328 81/81/81 86/86/86 
f 86/86/86 327/327/327 328/328/328 
f 325/325/325 326/326/326 329/329/329 
f 323/323/323 325/325/325 329/329/329 
f 330/330/330 82/82/82 72/72/72 
f 72/72/72 331/331/331 330/330/330 
f 331/331/331 78/78/78 81/81/81 
f 81/81/81 330/330/330 331/331/331 
f 332/332/332 276/276/276 287/287/287 
f 274/274/274 276/276/276 332/332/332 
f 333/333/333 334/334/334 72/72/72 
f 72/72/72 75/75/75 333/333/333 
f 79/79/79 78/78/78 334/334/334 
f 334/334/334 333/333/333 79/79/79 
f 335/335/335 271/271/271 286/286/286 
f 272/272/272 271/271/271 335/335/335 
f 272/272/272 79/79/79 333/333/333 
f 333/333/333 273/273/273 272/272/272 
f 333/333/333 75/75/75 286/286/286 
f 286/286/286 273/273/273 333/333/333 
f 286/286/286 75/75/75 336/336/336 
f 336/336/336 335/335/335 286/286/286 
f 272/272/272 335/335/335 336/336/336 
f 336/336/336 79/79/79 272/272/272 
f 331/331/331 275/275/275 274/274/274 
f 274/274/274 78/78/78 331/331/331 
f 287/287/287 275/275/275 331/331/331 
f 331/331/331 72/72/72 287/287/287 
f 287/287/287 72/72/72 334/334/334 
f 334/334/334 332/332/332 287/287/287 
f 332/332/332 334/334/334 78/78/78 
f 78/78/78 274/274/274 332/332/332 
f 277/277/277 86/86/86 321/321/321 
f 321/321/321 278/278/278 277/277/277 
f 321/321/321 91/91/91 288/288/288 
f 288/288/288 278/278/278 321/321/321 
f 288/288/288 91/91/91 327/327/327 
f 327/327/327 300/300/300 288/288/288 
f 327/327/327 86/86/86 277/277/277 
f 277/277/277 300/300/300 327/327/327 
f 280/280/280 94/94/94 316/316/316 
f 316/316/316 281/281/281 280/280/280 
f 281/281/281 316/316/316 99/99/99 
f 99/99/99 289/289/289 281/281/281 
f 319/319/319 317/317/317 289/289/289 
f 289/289/289 99/99/99 319/319/319 
f 317/317/317 319/319/319 94/94/94 
f 94/94/94 280/280/280 317/317/317 
f 309/309/309 101/101/101 283/283/283 
f 283/283/283 285/285/285 309/309/309 
f 290/290/290 104/104/104 309/309/309 
f 309/309/309 285/285/285 290/290/290 
f 291/291/291 303/303/303 104/104/104 
f 104/104/104 290/290/290 291/291/291 
f 283/283/283 101/101/101 303/303/303 
f 303/303/303 291/291/291 283/283/283 
f 293/293/293 292/292/292 313/313/313 
f 313/313/313 96/96/96 293/293/293 
f 295/295/295 93/93/93 313/313/313 
f 313/313/313 292/292/292 295/295/295 
f 96/96/96 315/315/315 314/314/314 
f 314/314/314 293/293/293 96/96/96 
f 314/314/314 315/315/315 93/93/93 
f 93/93/93 295/295/295 314/314/314 
f 297/297/297 296/296/296 318/318/318 
f 318/318/318 88/88/88 297/297/297 
f 299/299/299 85/85/85 318/318/318 
f 318/318/318 296/296/296 299/299/299 
f 88/88/88 322/322/322 320/320/320 
f 320/320/320 297/297/297 88/88/88 
f 322/322/322 85/85/85 299/299/299 
f 299/299/299 320/320/320 322/322/322 
f 310/310/310 306/306/306 305/305/305 
f 305/305/305 102/102/102 310/310/310 
f 308/308/308 306/306/306 310/310/310 
f 310/310/310 107/107/107 308/308/308 
f 107/107/107 312/312/312 311/311/311 
f 311/311/311 308/308/308 107/107/107 
f 311/311/311 312/312/312 102/102/102 
f 102/102/102 305/305/305 311/311/311 
f 323/323/323 81/81/81 328/328/328 
f 328/328/328 324/324/324 323/323/323 
f 324/324/324 328/328/328 82/82/82 
f 82/82/82 326/326/326 324/324/324 
f 326/326/326 82/82/82 330/330/330 
f 330/330/330 329/329/329 326/326/326 
f 323/323/323 329/329/329 330/330/330 
f 330/330/330 81/81/81 323/323/323 
f 232/232/232 79/79/79 336/336/336 
f 336/336/336 302/302/302 232/232/232 
f 228/228/228 302/302/302 336/336/336 
f 336/336/336 75/75/75 228/228/228 
f 75/75/75 74/74/74 224/224/224 
f 224/224/224 228/228/228 75/75/75 
f 225/225/225 224/224/224 74/74/74 
f 74/74/74 172/172/172 225/225/225 
f 222/222/222 111/111/111 110/110/110 
f 110/110/110 220/220/220 222/222/222 
f 110/110/110 270/270/270 215/215/215 
f 215/215/215 220/220/220 110/110/110 
f 270/270/270 118/118/118 216/216/216 
f 216/216/216 215/215/215 270/270/270 
f 118/118/118 117/117/117 235/235/235 
f 235/235/235 216/216/216 118/118/118 
f 181/181/181 76/76/76 231/231/231 
f 231/231/231 234/234/234 181/181/181 
f 231/231/231 76/76/76 79/79/79 
f 79/79/79 232/232/232 231/231/231 
f 337/337/337 338/338/338 339/339/339 
f 339/339/339 340/340/340 337/337/337 
f 341/341/341 342/342/342 338/338/338 
f 338/338/338 337/337/337 341/341/341 
f 341/341/341 343/343/343 344/344/344 
f 344/344/344 342/342/342 341/341/341 
f 345/345/345 344/344/344 343/343/343 
f 343/343/343 346/346/346 345/345/345 
f 346/346/346 347/347/347 348/348/348 
f 348/348/348 345/345/345 346/346/346 
f 349/349/349 348/348/348 347/347/347 
f 347/347/347 350/350/350 349/349/349 
f 351/351/351 349/349/349 350/350/350 
f 350/350/350 352/352/352 351/351/351 
f 353/353/353 351/351/351 352/352/352 
f 352/352/352 354/354/354 353/353/353 
f 355/355/355 353/353/353 354/354/354 
f 354/354/354 356/356/356 355/355/355 
f 357/357/357 358/358/358 355/355/355 
f 355/355/355 356/356/356 357/357/357 
f 359/359/359 358/358/358 357/357/357 
f 357/357/357 360/360/360 359/359/359 
f 340/340/340 339/339/339 359/359/359 
f 359/359/359 360/360/360 340/340/340 
f 361/361/361 362/362/362 363/363/363 
f 364/364/364 362/362/362 361/361/361 
f 365/365/365 362/362/362 364/364/364 
f 366/366/366 362/362/362 365/365/365 
f 367/367/367 362/362/362 366/366/366 
f 368/368/368 362/362/362 367/367/367 
f 369/369/369 362/362/362 368/368/368 
f 370/370/370 362/362/362 369/369/369 
f 371/371/371 362/362/362 370/370/370 
f 372/372/372 362/362/362 371/371/371 
f 373/373/373 362/362/362 372/372/372 
f 363/363/363 362/362/362 373/373/373 
f 374/374/374 375/375/375 376/376/376 
f 376/376/376 375/375/375 377/377/377 
f 377/377/377 375/375/375 378/378/378 
f 378/378/378 375/375/375 379/379/379 
f 379/379/379 375/375/375 380/380/380 
f 380/380/380 375/375/375 381/381/381 
f 381/381/381 375/375/375 382/382/382 
f 382/382/382 375/375/375 383/383/383 
f 383/383/383 375/375/375 384/384/384 
f 384/384/384 375/375/375 385/385/385 
f 385/385/385 375/375/375 386/386/386 
f 386/386/386 375/375/375 374/374/374 
f 387/387/387 339/339/339 338/338/338 
f 338/338/338 388/388/388 387/387/387 
f 389/389/389 388/388/388 338/338/338 
f 338/338/338 342/342/342 389/389/389 
f 389/389/389 342/342/342 344/344/344 
f 344/344/344 390/390/390 389/389/389 
f 390/390/390 344/344/344 345/345/345 
f 345/345/345 391/391/391 390/390/390 
f 391/391/391 345/345/345 348/348/348 
f 348/348/348 392/392/392 391/391/391 
f 392/392/392 348/348/348 349/349/349 
f 349/349/349 393/393/393 392/392/392 
f 349/349/349 351/351/351 394/394/394 
f 394/394/394 393/393/393 349/349/349 
f 351/351/351 353/353/353 395/395/395 
f 395/395/395 394/394/394 351/351/351 
f 353/353/353 355/355/355 396/396/396 
f 396/396/396 395/395/395 353/353/353 
f 355/355/355 358/358/358 397/397/397 
f 397/397/397 396/396/396 355/355/355 
f 359/359/359 398/398/398 397/397/397 
f 397/397/397 358/358/358 359/359/359 
f 359/359/359 339/339/339 387/387/387 
f 387/387/387 398/398/398 359/359/359 
f 337/337/337 340/340/340 399/399/399 
f 399/399/399 400/400/400 337/337/337 
f 400/400/400 401/401/401 341/341/341 
f 341/341/341 337/337/337 400/400/400 
f 402/402/402 343/343/343 341/341/341 
f 341/341/341 401/401/401 402/402/402 
f 402/402/402 403/403/403 346/346/346 
f 346/346/346 343/343/343 402/402/402 
f 346/346/346 403/403/403 404/404/404 
f 404/404/404 347/347/347 346/346/346 
f 404/404/404 405/405/405 350/350/350 
f 350/350/350 347/347/347 404/404/404 
f 405/405/405 406/406/406 352/352/352 
f 352/352/352 350/350/350 405/405/405 
f 406/406/406 407/407/407 354/354/354 
f 354/354/354 352/352/352 406/406/406 
f 408/408/408 356/356/356 354/354/354 
f 354/354/354 407/407/407 408/408/408 
f 356/356/356 408/408/408 409/409/409 
f 409/409/409 357/357/357 356/356/356 
f 410/410/410 360/360/360 357/357/357 
f 357/357/357 409/409/409 410/410/410 
f 399/399/399 340/340/340 360/360/360 
f 360/360/360 410/410/410 399/399/399 
f 411/411/411 412/412/412 413/413/413 
f 413/413/413 414/414/414 411/411/411 
f 415/415/415 413/413/413 412/412/412 
f 412/412/412 416/416/416 415/415/415 
f 416/416/416 417/417/417 418/418/418 
f 418/418/418 415/415/415 416/416/416 
f 419/419/419 420/420/420 421/421/421 
f 421/421/421 422/422/422 419/419/419 
f 423/423/423 416/416/416 412/412/412 
f 412/412/412 411/411/411 423/423/423 
f 415/415/415 418/418/418 414/414/414 
f 414/414/414 413/413/413 415/415/415 
f 421/421/421 424/424/424 425/425/425 
f 425/425/425 422/422/422 421/421/421 
f 420/420/420 426/426/426 424/424/424 
f 424/424/424 421/421/421 420/420/420 
f 426/426/426 420/420/420 419/419/419 
f 419/419/419 427/427/427 426/426/426 
f 419/419/419 422/422/422 425/425/425 
f 425/425/425 427/427/427 419/419/419 
f 428/428/428 429/429/429 430/430/430 
f 430/430/430 431/431/431 428/428/428 
f 432/432/432 433/433/433 434/434/434 
f 434/434/434 435/435/435 432/432/432 
f 436/436/436 437/437/437 438/438/438 
f 438/438/438 439/439/439 436/436/436 
f 440/440/440 441/441/441 442/442/442 
f 442/442/442 443/443/443 440/440/440 
f 437/437/437 436/436/436 429/429/429 
f 429/429/429 428/428/428 437/437/437 
f 431/431/431 430/430/430 439/439/439 
f 439/439/439 438/438/438 431/431/431 
f 429/429/429 432/432/432 435/435/435 
f 435/435/435 430/430/430 429/429/429 
f 436/436/436 433/433/433 432/432/432 
f 432/432/432 429/429/429 436/436/436 
f 439/439/439 434/434/434 433/433/433 
f 433/433/433 436/436/436 439/439/439 
f 430/430/430 435/435/435 434/434/434 
f 434/434/434 439/439/439 430/430/430 
f 444/444/444 440/440/440 443/443/443 
f 443/443/443 445/445/445 444/444/444 
f 446/446/446 441/441/441 440/440/440 
f 440/440/440 444/444/444 446/446/446 
f 447/447/447 442/442/442 441/441/441 
f 441/441/441 446/446/446 447/447/447 
f 445/445/445 443/443/443 442/442/442 
f 442/442/442 447/447/447 445/445/445 
f 448/448/448 444/444/444 445/445/445 
f 445/445/445 449/449/449 448/448/448 
f 447/447/447 450/450/450 449/449/449 
f 449/449/449 445/445/445 447/447/447 
f 446/446/446 451/451/451 450/450/450 
f 450/450/450 447/447/447 446/446/446 
f 444/444/444 448/448/448 451/451/451 
f 451/451/451 446/446/446 444/444/444 

g Player1

v -0.141341 104.827 -0.58647 
v -0.14909 104.796 -0.585048 
v -0.151356 104.827 -0.584662 
v -0.152228 104.827 -0.58053 
v -0.149852 104.859 -0.580968 
v -0.150313 104.796 -0.580904 
v -0.142075 104.766 -0.58236 
v -0.149081 104.859 -0.58505 
v -0.143657 104.886 -0.581979 
v -0.141614 104.766 -0.586361 
v -0.131998 104.749 -0.584245 
v -0.139755 104.796 -0.586761 
v -0.142287 104.886 -0.586196 
v -0.131379 104.906 -0.584291 
v -0.139755 104.859 -0.586761 
v -0.11391 104.828 -0.591504 
v -0.130455 104.906 -0.588468 
v -0.122483 104.913 -0.585903 
v -0.134882 104.886 -0.587555 
v -0.113909 104.859 -0.591504 
v -0.125826 104.906 -0.589317 
v -0.123893 104.91 -0.589646 
v -0.113909 104.911 -0.591451 
v -0.112678 104.914 -0.587603 
v -0.113903 104.906 -0.591505 
v -0.113905 104.886 -0.591505 
v -0.10394 104.91 -0.593243 
v -0.102843 104.912 -0.589247 
v -0.101981 104.906 -0.593693 
v -0.093469 104.886 -0.595278 
v -0.097394 104.906 -0.594423 
v -0.093966 104.906 -0.591645 
v -0.08758 104.859 -0.596335 
v -0.08612 104.886 -0.596516 
v -0.082228 104.886 -0.59363 
v -0.078313 104.859 -0.597923 
v -0.074725 104.859 -0.59486 
v -0.085994 104.827 -0.596627 
v -0.076045 104.827 -0.598373 
v -0.072638 104.827 -0.595192 
v -0.074636 104.796 -0.594683 
v -0.078295 104.796 -0.597938 
v -0.087578 104.796 -0.596335 
v -0.086038 104.766 -0.596485 
v -0.0831349 104.766 -0.593077 
v -0.11391 104.796 -0.591504 
v -0.0953109 104.749 -0.594851 
v -0.0933809 104.749 -0.591243 
v -0.0933759 104.766 -0.595224 
v -0.102053 104.742 -0.589652 
v -0.103033 104.743 -0.593478 
v -0.11265 104.741 -0.587737 
v -0.100926 104.749 -0.593886 
v -0.113905 104.766 -0.591505 
v -0.134229 104.766 -0.587717 
v -0.113903 104.742 -0.591505 
v -0.123268 104.742 -0.585814 
v -0.113903 104.749 -0.591505 
v -0.124783 104.743 -0.589509 
v -0.12688 104.749 -0.589124 
v -0.132524 104.749 -0.588087 
v 0.0493502 104.128 -0.570138 
v 9.36852e-08 104.129 -0.571562 
v 0.0432879 104.151 -0.583596 
v 0.100558 104.154 -0.573638 
v 0.117473 104.129 -0.559257 
v 0.15138 104.827 -0.58501 
v 0.149126 104.796 -0.585409 
v 0.141457 104.827 -0.586943 
v 0.15232 104.827 -0.58155 
v 0.149946 104.859 -0.581964 
v 0.150243 104.796 -0.581271 
v 0.142022 104.766 -0.582748 
v 0.149103 104.859 -0.585401 
v 0.143763 104.886 -0.582897 
v 0.141664 104.766 -0.586757 
v 0.131993 104.749 -0.58468 
v 0.139873 104.796 -0.587238 
v 0.142327 104.886 -0.586568 
v 0.131484 104.906 -0.585049 
v 0.139873 104.859 -0.587238 
v 0.114042 104.828 -0.592064 
v 0.130522 104.906 -0.588874 
v 0.122539 104.913 -0.586447 
v 0.135009 104.886 -0.588046 
v 0.114044 104.859 -0.592063 
v 0.125964 104.906 -0.589837 
v 0.124005 104.91 -0.590117 
v 0.114043 104.911 -0.592008 
v 0.112736 104.914 -0.588278 
v 0.114049 104.906 -0.592062 
v 0.114049 104.886 -0.592062 
v 0.104065 104.91 -0.593903 
v 0.102909 104.913 -0.590113 
v 0.102133 104.906 -0.594288 
v 0.093619 104.886 -0.595902 
v 0.097506 104.906 -0.595153 
v 0.093966 104.906 -0.591645 
v 0.087728 104.859 -0.596979 
v 0.086219 104.886 -0.597284 
v 0.082228 104.886 -0.59363 
v 0.078407 104.859 -0.59872 
v 0.074725 104.859 -0.59486 
v 0.086142 104.827 -0.597275 
v 0.07614 104.827 -0.599174 
v 0.072638 104.827 -0.595192 
v 0.074636 104.796 -0.595503 
v 0.078397 104.796 -0.598722 
v 0.0831451 104.766 -0.59387 
v 0.087726 104.796 -0.596979 
v 0.114042 104.796 -0.592064 
v 0.0861431 104.766 -0.597229 
v 0.093525 104.766 -0.59585 
v 0.0954381 104.749 -0.595539 
v 0.0934331 104.749 -0.591974 
v 0.102149 104.742 -0.590311 
v 0.134353 104.766 -0.58821 
v 0.114046 104.766 -0.592063 
v 0.10108 104.749 -0.594485 
v 0.103176 104.743 -0.594094 
v 0.11275 104.741 -0.588304 
v 0.132613 104.749 -0.588528 
v 0.127018 104.749 -0.589639 
v 0.124913 104.743 -0.59001 
v 0.123327 104.742 -0.586299 
v 0.114049 104.742 -0.592062 
v 0.11405 104.749 -0.592062 
v 0.0283785 104.275 -0.599685 
v 0.0569382 104.275 -0.596872 
v 0.053997 104.247 -0.597254 
v 0.0790607 104.247 -0.592992 
v 0.0274449 104.247 -0.599685 
v 0.0849733 104.274 -0.591835 
v 9.17119e-08 104.275 -0.601257 
v 0.106575 104.247 -0.586518 
v 9.19181e-08 104.247 -0.601273 
v 0.115668 104.274 -0.583833 
v -0.0274449 104.247 -0.599685 
v 0.134274 104.247 -0.578418 
v -0.0284176 104.275 -0.599684 
v 0.144773 104.272 -0.574756 
v -0.0539968 104.247 -0.597254 
v 0.155131 104.247 -0.572004 
v -0.0569637 104.275 -0.596857 
v 0.169219 104.267 -0.566842 
v -0.0790604 104.247 -0.592992 
v 0.160006 104.247 -0.570431 
v -0.0849729 104.274 -0.591835 
v 0.179529 104.26 -0.56218 
v -0.106574 104.247 -0.586518 
v 0.162134 104.247 -0.569588 
v 0.184009 104.246 -0.560988 
v -0.115668 104.274 -0.583832 
v -0.134273 104.247 -0.578418 
v -0.144772 104.272 -0.574755 
v -0.15513 104.247 -0.572004 
v -0.169218 104.267 -0.566841 
v -0.160005 104.247 -0.570431 
v -0.179528 104.26 -0.562294 
v -0.162131 104.247 -0.569679 
v -0.184007 104.246 -0.561105 
v -0.178657 104.234 -0.563213 
v -0.184007 104.246 -0.561105 
v -0.160005 104.247 -0.570431 
v -0.168132 104.228 -0.567436 
v -0.15513 104.247 -0.572004 
v -0.143211 104.225 -0.575254 
v -0.134273 104.247 -0.578418 
v -0.114636 104.224 -0.583914 
v -0.106574 104.247 -0.586518 
v -0.0853347 104.223 -0.591043 
v -0.0790604 104.247 -0.592992 
v -0.0575087 104.223 -0.596125 
v -0.0539968 104.247 -0.597254 
v -0.0285982 104.223 -0.599121 
v -0.0274449 104.247 -0.599686 
v 9.21139e-08 104.223 -0.600579 
v 9.19181e-08 104.247 -0.601274 
v 0.0274449 104.247 -0.599686 
v 0.0285979 104.223 -0.599131 
v 0.053997 104.247 -0.597254 
v 0.0575089 104.223 -0.596125 
v 0.0790607 104.247 -0.592992 
v 0.0853351 104.223 -0.591043 
v 0.106575 104.247 -0.586518 
v 0.114637 104.224 -0.583914 
v 0.134274 104.247 -0.578418 
v 0.143212 104.225 -0.575254 
v 0.155131 104.247 -0.572004 
v 0.168134 104.228 -0.567436 
v 0.160006 104.247 -0.570431 
v 0.178663 104.234 -0.563103 
v 0.184009 104.246 -0.560988 
v 0.195473 104.329 -0.558543 
v 0.169219 104.267 -0.566842 
v 0.144773 104.272 -0.574756 
v 0.0575089 104.223 -0.596125 
v 0.0313708 104.213 -0.597934 
v 0.0285979 104.223 -0.599131 
v 9.22403e-08 104.212 -0.599081 
v 9.21139e-08 104.223 -0.600579 
v -0.0285982 104.223 -0.599121 
v -0.0313716 104.213 -0.597901 
v -0.0575087 104.223 -0.596125 
v -0.0432451 104.151 -0.583629 
v 9.31079e-08 104.15 -0.585478 
v -0.100814 104.154 -0.57369 
v -0.0494075 104.128 -0.570247 
v -0.117652 104.129 -0.559616 
v -0.169218 104.267 -0.566841 
v -0.195472 104.329 -0.558543 
v -0.144772 104.272 -0.574755 
v -0.15931 104.337 -0.571945 
v -0.115668 104.274 -0.583832 
v -0.113562 104.34 -0.586712 
v -0.0849729 104.274 -0.591835 
v -0.033428 104.34 -0.599678 
v -0.0284176 104.275 -0.599684 
v -0.0569637 104.275 -0.596857 
v 9.12266e-08 104.34 -0.601187 
v 9.17119e-08 104.275 -0.601257 
v 0.0283785 104.275 -0.599685 
v 0.0332114 104.34 -0.599685 
v 0.0569382 104.275 -0.596872 
v 0.115668 104.274 -0.583833 
v 0.0849733 104.274 -0.591835 
v 0.113562 104.34 -0.586713 
v 0.159311 104.337 -0.571945 
v -0.162131 104.247 -0.569679 
v -0.162586 104.249 -0.549689 
v -0.16533 104.25 -0.54852 
v 0.157658 104.249 -0.551731 
v 0.1719 104.392 -0.528904 
v 0.135209 104.248 -0.55921 
v 0.0274449 104.247 -0.599685 
v 9.25652e-08 104.246 -0.579741 
v 9.19181e-08 104.247 -0.601273 
v -0.0274449 104.247 -0.599685 
v 0.0308272 104.246 -0.579341 
v -0.0308271 104.246 -0.579331 
v 0.053997 104.247 -0.597254 
v -0.0539968 104.247 -0.597254 
v 0.0586416 104.246 -0.576821 
v -0.0586415 104.246 -0.576822 
v 0.0790607 104.247 -0.592992 
v -0.0790604 104.247 -0.592992 
v 0.0841966 104.247 -0.573308 
v -0.0841963 104.247 -0.573307 
v 0.106575 104.247 -0.586518 
v -0.106574 104.247 -0.586518 
v 0.109301 104.247 -0.56717 
v -0.1093 104.247 -0.56717 
v 0.134274 104.247 -0.578418 
v -0.134273 104.247 -0.578418 
v 0.135209 104.248 -0.55921 
v -0.135208 104.248 -0.55921 
v 0.155131 104.247 -0.572004 
v -0.15513 104.247 -0.572004 
v 0.157658 104.249 -0.551731 
v -0.157657 104.249 -0.55173 
v 0.160006 104.247 -0.570431 
v -0.160005 104.247 -0.570431 
v -0.162586 104.249 -0.549689 
v -0.162131 104.247 -0.569679 
v 0.162588 104.249 -0.54969 
v 0.162134 104.247 -0.569588 
v 0.165332 104.25 -0.548521 
v 0.162588 104.249 -0.54969 
v 0.160006 104.247 -0.570431 
v 0.157658 104.249 -0.551731 
v 0.155131 104.247 -0.572004 
v 0.135209 104.248 -0.55921 
v 0.134274 104.247 -0.578418 
v 0.109301 104.247 -0.56717 
v 0.106575 104.247 -0.586518 
v 0.0841966 104.247 -0.573308 
v 0.0790607 104.247 -0.592992 
v 0.0586416 104.246 -0.57682 
v 0.053997 104.247 -0.597254 
v 0.0308271 104.246 -0.579331 
v 0.0274449 104.247 -0.599686 
v 9.2565e-08 104.246 -0.579748 
v 9.19181e-08 104.247 -0.601274 
v -0.0274449 104.247 -0.599686 
v -0.0308271 104.246 -0.579331 
v -0.0539968 104.247 -0.597254 
v -0.0586415 104.246 -0.576822 
v -0.0790604 104.247 -0.592992 
v -0.0841963 104.247 -0.573308 
v -0.106574 104.247 -0.586518 
v -0.1093 104.247 -0.567171 
v -0.134273 104.247 -0.578418 
v -0.135208 104.248 -0.55921 
v -0.15513 104.247 -0.572004 
v -0.157657 104.249 -0.551731 
v -0.160005 104.247 -0.570431 
v -0.162586 104.249 -0.549689 
v -0.16533 104.25 -0.54852 
v -0.171904 104.392 -0.528903 
v -0.157657 104.249 -0.55173 
v -0.135208 104.248 -0.55921 
v -0.495856 104.215 0.327916 
v -0.575623 104.271 0.167777 
v -0.571161 104.215 0.165782 
v -0.499649 104.271 0.33114 
v -0.575325 104.33 0.1705 
v -0.498461 104.33 0.334496 
v -0.574697 104.4 0.172227 
v -0.497613 104.4 0.335964 
v -0.573986 104.474 0.174178 
v -0.348099 104.27 0.488781 
v -0.345232 104.214 0.484443 
v -0.332747 104.158 0.471181 
v -0.479724 104.158 0.320174 
v -0.3214 104.112 0.452709 
v -0.346155 104.33 0.491444 
v -0.175418 104.27 0.572705 
v -0.173968 104.214 0.56742 
v -0.164957 104.158 0.552676 
v 1.27491e-07 104.271 0.598292 
v 1.27746e-07 104.214 0.592843 
v -8.26011e-07 104.158 0.575996 
v -0.174791 104.33 0.573776 
v 1.2707e-07 104.33 0.598949 
v -0.157954 104.112 0.532264 
v -2.85285e-06 104.112 0.554927 
v -0.344608 104.4 0.492682 
v -0.174093 104.399 0.57403 
v 1.26555e-07 104.399 0.598949 
v -0.496921 104.474 0.337162 
v -0.573441 104.521 0.175677 
v -0.34381 104.474 0.493142 
v -0.496576 104.521 0.337759 
v -0.572932 104.591 0.177075 
v -0.173484 104.473 0.574251 
v 1.26002e-07 104.473 0.598949 
v -0.343558 104.521 0.493288 
v -0.496168 104.591 0.338465 
v -0.572466 104.693 0.178356 
v -0.173325 104.521 0.574309 
v 1.25643e-07 104.521 0.598949 
v -0.343399 104.591 0.49338 
v -0.495759 104.693 0.339173 
v -0.496813 104.805 0.337348 
v -0.34586 104.805 0.491692 
v -0.173286 104.591 0.574323 
v 1.25126e-07 104.591 0.598949 
v 1.2436e-07 104.693 0.598949 
v -0.343617 104.693 0.493254 
v -0.174521 104.805 0.573874 
v -0.173587 104.693 0.574214 
v 1.23527e-07 104.805 0.598949 
v -0.241989 103.998 0.340838 
v -0.113662 103.998 0.402729 
v -0.143176 104.061 0.491307 
v -4.88546e-06 103.977 0.318291 
v -9.8894e-06 103.998 0.419272 
v -0.131647 103.978 0.29668 
v -8.81422e-06 104.061 0.511966 
v -0.225488 103.981 0.2493 
v -0.349299 103.998 0.234784 
v -0.293888 104.061 0.420538 
v -0.428303 104.061 0.284307 
v 0.154671 105.176 -0.030976 
v 0.223541 105.176 -0.127456 
v 0.14632 105.176 -0.124227 
v 0.23348 105.176 -0.209277 
v 0.272858 105.176 -0.128831 
v 0.23782 105.176 -0.031963 
v 0.299063 105.176 -0.034418 
v 0.202377 105.176 -0.206425 
v 0.192346 105.176 -0.248827 
v 0.16816 105.176 -0.263038 
v 0.135669 105.176 -0.233437 
v 0.103829 105.176 -0.285038 
v 0.245951 105.176 0.080072 
v 0.288004 105.176 0.091372 
v 0.159414 105.176 0.079062 
v 0.232423 105.176 0.158065 
v 0.257324 105.176 0.178064 
v 0.17486 105.176 0.20266 
v 0.180227 105.176 0.250399 
v 0.0725851 105.176 0.077557 
v 0.0878212 105.176 0.238145 
v 0.0937711 105.176 0.2863 
v 0.0712521 105.176 -0.032152 
v -3.94274e-06 105.176 0.250294 
v -5.84873e-06 105.176 0.296197 
v -0.0938869 105.176 0.286311 
v -2.87499e-06 105.176 0.078113 
v -0.087859 105.176 0.238145 
v -0.180218 105.176 0.250436 
v -2.87823e-06 105.176 -0.030512 
v -0.072623 105.176 0.077557 
v -0.174897 105.176 0.202663 
v -0.257396 105.176 0.178028 
v 0.0689821 105.176 -0.121114 
v -0.232461 105.176 0.158067 
v -0.288031 105.176 0.091372 
v -0.159451 105.176 0.079064 
v -0.24599 105.176 0.080076 
v -0.299103 105.176 -0.034443 
v -0.23786 105.176 -0.031961 
v -0.272926 105.176 -0.12872 
v -0.154709 105.176 -0.030975 
v -0.223582 105.176 -0.127454 
v -0.233522 105.176 -0.209276 
v -0.0712909 105.176 -0.032152 
v -0.14636 105.176 -0.124225 
v -0.202393 105.176 -0.20643 
v -0.192367 105.176 -0.248837 
v -0.168199 105.176 -0.263033 
v -0.135711 105.176 -0.233437 
v -0.103866 105.176 -0.285029 
v -0.0690219 105.176 -0.121114 
v -0.0569879 105.176 -0.251352 
v -0.0415399 105.176 -0.295379 
v -2.88094e-06 105.176 -0.121724 
v -4.91146e-06 105.176 -0.254352 
v -7.89303e-06 105.176 -0.299187 
v 0.0415552 105.176 -0.295395 
v 0.0569531 105.176 -0.251352 
v 1.23527e-07 104.805 0.598949 
v 0.172754 104.931 0.562308 
v 1.22257e-07 104.931 0.58784 
v 0.334333 104.992 0.46895 
v 0.341125 104.931 0.480045 
v 0.489398 104.931 0.327755 
v 0.169781 104.992 0.550187 
v 1.21447e-07 104.992 0.575751 
v 0.146247 105.089 0.488601 
v 1.1879e-07 105.089 0.51089 
v 0.295407 105.089 0.417432 
v 1.15594e-07 105.153 0.419573 
v 0.122306 105.153 0.401908 
v -5.84873e-06 105.176 0.296197 
v 0.0937711 105.176 0.2863 
v 0.242802 105.153 0.345445 
v 0.180227 105.176 0.250399 
v 0.257324 105.176 0.178064 
v 0.350389 105.153 0.239426 
v 0.401113 105.153 0.122414 
v 0.288004 105.176 0.091372 
v 0.427681 105.089 0.283647 
v 0.479316 104.992 0.32082 
v 0.563679 104.931 0.17058 
v 0.573157 104.805 0.176456 
v 0.552467 104.992 0.166651 
v 0.492666 105.089 0.145775 
v 0.598101 104.805 -0.056994 
v 0.587283 104.931 -0.0551239 
v 0.575382 104.992 -0.053808 
v 0.511019 105.089 -0.049061 
v 0.414457 105.153 -0.042759 
v 0.299063 105.176 -0.034418 
v 0.471051 105.089 -0.198345 
v 0.378996 105.153 -0.168454 
v 0.272858 105.176 -0.128831 
v 0.23348 105.176 -0.209277 
v 0.529718 104.992 -0.224788 
v 0.398773 105.089 -0.315432 
v 0.310567 105.153 -0.276037 
v 0.192346 105.176 -0.248827 
v 0.454899 104.992 -0.351939 
v 0.311139 105.089 -0.397509 
v 0.541727 104.931 -0.228588 
v 0.465102 104.931 -0.359331 
v 0.246487 105.153 -0.330697 
v 0.254519 105.089 -0.439627 
v 0.16816 105.176 -0.263038 
v 0.207554 105.153 -0.354436 
v 0.169327 105.153 -0.371924 
v 0.202094 105.089 -0.466365 
v 0.103829 105.176 -0.285038 
v 0.128101 105.153 -0.388517 
v 0.14626 105.089 -0.487333 
v 0.0841601 105.153 -0.402588 
v 0.0415552 105.176 -0.295395 
v 0.0913141 105.089 -0.500317 
v 0.0409791 105.153 -0.41092 
v -7.89303e-06 105.176 -0.299187 
v 0.0386351 105.089 -0.508521 
v 1.21309e-05 105.153 -0.41484 
v -9.08684e-05 105.089 -0.510067 
v -0.038704 105.089 -0.508497 
v -0.0410079 105.153 -0.410921 
v -0.0415399 105.176 -0.295379 
v -0.0914 105.089 -0.500321 
v -0.0842 105.153 -0.402589 
v -0.103866 105.176 -0.285029 
v -0.1463 105.089 -0.487359 
v -0.128142 105.153 -0.388511 
v -0.202084 105.089 -0.466406 
v -0.169366 105.153 -0.371912 
v -0.168199 105.176 -0.263033 
v -0.254428 105.089 -0.439698 
v -0.207597 105.153 -0.354434 
v -0.246529 105.153 -0.330699 
v -0.192367 105.176 -0.248837 
v -0.310875 105.089 -0.397707 
v -0.310584 105.153 -0.276014 
v -0.233522 105.176 -0.209276 
v -0.398011 105.089 -0.316249 
v -0.379045 105.153 -0.168457 
v -0.272926 105.176 -0.12872 
v -0.299103 105.176 -0.034443 
v -0.414441 105.153 -0.04274 
v -0.288031 105.176 0.091372 
v -0.471033 105.089 -0.198336 
v -0.401141 105.153 0.122414 
v -0.5297 104.992 -0.224808 
v -0.257396 105.176 0.178028 
v -0.454533 104.992 -0.352387 
v -0.510992 105.089 -0.049065 
v -0.575364 104.992 -0.05381 
v -0.541718 104.931 -0.228598 
v -0.464939 104.931 -0.35953 
v -0.587269 104.931 -0.0551582 
v -0.492691 105.089 0.145798 
v -0.552482 104.992 0.166608 
v -0.427585 105.089 0.283768 
v -0.350415 105.153 0.239423 
v -0.242809 105.153 0.345458 
v -0.180218 105.176 0.250436 
v -0.295326 105.089 0.417482 
v -0.0938869 105.176 0.286311 
v -0.122354 105.153 0.401901 
v -5.84873e-06 105.176 0.296197 
v 1.15594e-07 105.153 0.419573 
v -0.146266 105.089 0.488596 
v -0.438157 104.112 -0.335532 
v -0.533951 104.158 -0.215961 
v -0.454432 104.158 -0.354152 
v -0.551173 104.216 -0.222908 
v -0.474189 104.214 -0.359315 
v -0.511877 104.112 -0.206596 
v -0.478493 104.261 -0.360366 
v -0.554734 104.271 -0.225065 
v -0.480023 104.32 -0.359682 
v -0.555285 104.33 -0.225463 
v -0.597675 104.272 -0.057238 
v -0.480778 104.39 -0.358783 
v -0.593438 104.217 -0.0571591 
v -0.575267 104.158 -0.055246 
v -0.408772 104.061 -0.308023 
v -0.551517 104.112 -0.053835 
v -0.474704 104.061 -0.192745 
v -0.511918 104.061 -0.051252 
v -0.382807 103.998 -0.161894 
v -0.416124 103.998 -0.043619 
v -0.493362 104.061 0.144113 
v -0.53103 104.112 0.155779 
v -0.553485 104.158 0.163372 
v -0.461099 104.112 0.305323 
v 1.1879e-07 105.089 0.51089 
v 1.21447e-07 104.992 0.575751 
v -0.169895 104.992 0.550145 
v 1.22257e-07 104.931 0.58784 
v -0.479274 104.992 0.320892 
v -0.334436 104.992 0.468873 
v -0.172812 104.931 0.562286 
v -0.56369 104.931 0.170549 
v -0.489379 104.931 0.327787 
v -0.341177 104.931 0.480006 
v -0.598094 104.805 -0.057037 
v -0.57317 104.805 0.176422 
v -0.552937 104.805 -0.231914 
v -0.473231 104.805 -0.367769 
v -0.476094 104.693 -0.36436 
v -0.554333 104.693 -0.228078 
v -0.478895 104.591 -0.361026 
v -0.598014 104.693 -0.05749 
v -0.554569 104.591 -0.227431 
v -0.554725 104.523 -0.227002 
v -0.480367 104.513 -0.359188 
v -0.597991 104.591 -0.057622 
v -0.5549 104.474 -0.22652 
v -0.48111 104.464 -0.358389 
v -0.597997 104.521 -0.057587 
v -0.555088 104.4 -0.226005 
v -0.598008 104.474 -0.057524 
v -0.59803 104.4 -0.057399 
v -0.598066 104.33 -0.057197 
v -0.400011 103.998 0.118449 
v -0.316055 103.979 0.09641 
v -0.326104 103.979 -0.037807 
v -0.280076 103.981 0.187244 
v -0.305121 103.98 -0.136797 
v -0.278836 103.984 -0.217914 
v -0.330597 103.998 -0.251885 
v -0.247804 103.983 -0.243495 
v -0.339727 104.058 -0.380433 
v -0.278237 103.997 -0.308384 
v -0.218226 103.983 -0.270684 
v -0.234065 103.996 -0.343242 
v -0.275965 104.054 -0.427378 
v -0.178886 103.981 -0.294428 
v -0.179318 103.993 -0.371033 
v -0.206343 104.051 -0.464118 
v -0.12938 103.979 -0.305473 
v -0.117631 103.992 -0.394113 
v -0.12914 104.049 -0.490985 
v -0.0737509 103.977 -0.316217 
v -0.0557049 103.991 -0.408654 
v -0.0569535 104.048 -0.504999 
v 1.05586e-06 103.977 -0.324355 
v 1.21395e-05 103.991 -0.414938 
v 0.000144373 104.048 -0.509309 
v 0.0570516 104.048 -0.505521 
v 0.0557962 103.991 -0.408845 
v 0.0737361 103.977 -0.316183 
v 0.129214 104.049 -0.491123 
v 0.117751 103.992 -0.394597 
v 0.129359 103.979 -0.305363 
v 0.20647 104.051 -0.464278 
v 0.179598 103.993 -0.371386 
v 0.178825 103.982 -0.294365 
v 0.276199 104.054 -0.427556 
v 0.23423 103.996 -0.343182 
v 0.218255 103.983 -0.270632 
v 0.339708 104.058 -0.380562 
v 0.2784 103.997 -0.308689 
v 0.247832 103.983 -0.243497 
v 0.330488 103.998 -0.252004 
v 0.278859 103.984 -0.217918 
v 0.408838 104.061 -0.307873 
v 0.383415 103.998 -0.162048 
v 0.305157 103.98 -0.136805 
v 0.326116 103.979 -0.037807 
v 0.416376 103.998 -0.043626 
v 0.316048 103.979 0.096399 
v 0.47483 104.061 -0.192757 
v 0.511841 104.112 -0.206772 
v 0.438237 104.112 -0.335411 
v 0.512023 104.061 -0.051309 
v 0.534021 104.158 -0.215883 
v 0.454804 104.158 -0.353551 
v 0.55156 104.112 -0.053873 
v 0.55129 104.216 -0.222625 
v 0.474238 104.214 -0.359201 
v 0.478528 104.261 -0.36029 
v 0.575195 104.158 -0.055655 
v 0.593911 104.217 -0.057038 
v 0.554772 104.271 -0.224915 
v 0.48011 104.32 -0.35958 
v 0.59766 104.272 -0.057255 
v 0.555273 104.33 -0.225495 
v 0.480557 104.39 -0.359048 
v 0.555092 104.4 -0.225995 
v 0.481192 104.464 -0.35829 
v 0.598076 104.33 -0.05714 
v 0.554899 104.474 -0.226527 
v 0.480446 104.513 -0.359103 
v 0.598047 104.4 -0.057304 
v 0.598027 104.474 -0.057418 
v 0.554701 104.523 -0.227066 
v 0.478937 104.591 -0.360976 
v 0.598015 104.521 -0.057487 
v 0.574682 104.4 0.172266 
v 0.573954 104.474 0.174264 
v 0.57534 104.33 0.170456 
v 0.575655 104.271 0.167707 
v 0.498524 104.33 0.334387 
v 0.571203 104.215 0.165676 
v 0.499727 104.271 0.330996 
v 0.49595 104.215 0.32776 
v 0.553434 104.158 0.163372 
v 0.479765 104.158 0.320211 
v 0.530966 104.112 0.15577 
v 0.461147 104.112 0.305381 
v 0.321561 104.112 0.452631 
v 0.428419 104.061 0.284388 
v 0.493286 104.061 0.144019 
v 0.399827 103.998 0.118602 
v 0.280117 103.981 0.187256 
v 0.349774 103.998 0.23481 
v 0.225505 103.981 0.249287 
v 0.294007 104.061 0.420606 
v 0.241987 103.998 0.341059 
v 0.131661 103.978 0.296655 
v 0.114006 103.998 0.403061 
v -4.88546e-06 103.977 0.318291 
v -9.8894e-06 103.998 0.419272 
v -8.81422e-06 104.061 0.511966 
v 0.143482 104.061 0.491599 
v -2.85285e-06 104.112 0.554927 
v 0.158008 104.112 0.532317 
v -8.26011e-07 104.158 0.575996 
v 0.164994 104.158 0.552694 
v 1.27746e-07 104.214 0.592843 
v 0.33275 104.158 0.471191 
v 0.173968 104.213 0.567422 
v 1.27491e-07 104.271 0.598292 
v 0.345415 104.214 0.484287 
v 0.175417 104.27 0.5727 
v 0.348219 104.27 0.488677 
v 0.174791 104.33 0.573776 
v 1.2707e-07 104.33 0.598949 
v 0.346245 104.33 0.491369 
v 0.174093 104.399 0.57403 
v 1.26555e-07 104.399 0.598949 
v 0.345133 104.4 0.492302 
v 0.497685 104.4 0.335839 
v 0.173484 104.473 0.574251 
v 1.26002e-07 104.473 0.598949 
v 0.343804 104.474 0.493146 
v 0.496999 104.474 0.337027 
v 0.173325 104.521 0.574309 
v 1.25643e-07 104.521 0.598949 
v 0.343552 104.521 0.493292 
v 0.496652 104.521 0.337627 
v 0.573418 104.521 0.175738 
v 0.173286 104.591 0.574323 
v 1.25126e-07 104.591 0.598949 
v 1.2436e-07 104.693 0.598949 
v 0.343393 104.591 0.493384 
v 0.173587 104.693 0.574214 
v 0.496242 104.591 0.338338 
v 0.34361 104.693 0.493258 
v 0.495781 104.693 0.339135 
v 0.572917 104.591 0.177114 
v 0.572448 104.693 0.178402 
v 0.174514 104.805 0.573877 
v 0.345855 104.805 0.491696 
v 0.49679 104.805 0.33739 
v 0.598023 104.693 -0.05744 
v 0.102597 103.973 -0.260745 
v -9.90986e-06 103.973 -0.273527 
v 0.0737361 103.977 -0.316183 
v 1.05586e-06 103.977 -0.324355 
v 0.129359 103.979 -0.305363 
v -0.0737509 103.977 -0.316217 
v 0.178825 103.982 -0.294365 
v -0.10258 103.973 -0.260759 
v -0.12938 103.979 -0.305473 
v -0.178886 103.981 -0.294428 
v -4.90136e-06 103.973 -0.216229 
v -0.133997 103.973 -0.19892 
v -0.218226 103.983 -0.270684 
v 0.134022 103.973 -0.198919 
v 0.218255 103.983 -0.270632 
v -0.247804 103.983 -0.243495 
v 0.247832 103.983 -0.243497 
v -2.86953e-06 103.973 -0.039379 
v -0.237643 103.973 -0.124259 
v -0.278836 103.984 -0.217914 
v -0.305121 103.98 -0.136797 
v -0.133851 103.973 -0.03455 
v -0.26531 103.973 -0.033987 
v -0.326104 103.979 -0.037807 
v -0.316055 103.979 0.09641 
v -0.257505 103.973 0.08839 
v -0.280076 103.981 0.187244 
v -0.227043 103.973 0.180413 
v -0.225488 103.981 0.2493 
v -0.135235 103.973 0.092314 
v -0.135108 103.973 0.219349 
v -0.131647 103.978 0.29668 
v -2.86535e-06 103.973 0.100997 
v -2.86138e-06 103.973 0.234214 
v -4.88546e-06 103.977 0.318291 
v 0.131661 103.978 0.296655 
v 0.135461 103.973 0.219345 
v 0.225505 103.981 0.249287 
v 0.135919 103.973 0.092313 
v 0.227073 103.973 0.18041 
v 0.280117 103.981 0.187256 
v 0.257531 103.973 0.088388 
v 0.316048 103.979 0.096399 
v 0.133877 103.973 -0.034551 
v 0.265339 103.973 -0.03399 
v 0.326116 103.979 -0.037807 
v 0.305157 103.98 -0.136805 
v 0.23767 103.973 -0.124261 
v 0.278859 103.984 -0.217918 
v 0.476098 104.693 -0.364355 
v 0.55435 104.693 -0.228031 
v 0.554505 104.591 -0.227607 
v 0.552935 104.805 -0.231919 
v 0.473226 104.805 -0.367775 
v 0.598002 104.591 -0.057559 
v 0.0493502 104.128 -0.570138 
v 9.45549e-08 104.097 -0.550332 
v 9.36852e-08 104.129 -0.571562 
v 0.0540369 104.095 -0.548233 
v 0.000144373 104.048 -0.509309 
v 0.0570516 104.048 -0.505521 
v 0.117473 104.129 -0.559257 
v 0.100558 104.154 -0.573638 
v 0.15938 104.161 -0.558437 
v 0.12231 104.095 -0.535867 
v 0.129214 104.049 -0.491123 
v 0.192473 104.136 -0.536978 
v 0.217378 104.168 -0.536324 
v 0.203593 104.099 -0.508909 
v 0.20647 104.051 -0.464278 
v 0.276199 104.054 -0.427556 
v 0.271776 104.145 -0.504004 
v 0.266416 104.182 -0.51408 
v 0.364947 104.151 -0.445622 
v 0.287143 104.103 -0.469323 
v 0.362072 104.107 -0.415627 
v -0.373249 104.931 -0.453245 
v -0.473231 104.805 -0.367769 
v -0.464939 104.931 -0.35953 
v -0.36422 104.992 -0.444272 
v -0.454533 104.992 -0.352387 
v -0.398011 105.089 -0.316249 
v -0.310875 105.089 -0.397707 
v -0.306127 104.931 -0.501991 
v -0.312289 104.805 -0.51124 
v -0.297978 104.992 -0.492852 
v -0.254428 105.089 -0.439698 
v -0.237976 104.805 -0.549703 
v -0.244498 104.693 -0.548345 
v -0.236959 104.931 -0.537936 
v -0.234002 104.992 -0.52773 
v -0.202084 105.089 -0.466406 
v -0.164472 104.693 -0.577521 
v -0.165371 104.589 -0.577193 
v -0.167657 104.992 -0.552073 
v -0.1463 105.089 -0.487359 
v -0.202075 104.954 -0.553891 
v -0.211673 104.926 -0.559374 
v -0.160357 104.805 -0.5793 
v -0.16298 104.926 -0.578251 
v -0.164172 104.956 -0.570453 
v -0.104007 104.992 -0.566244 
v -0.0914 105.089 -0.500321 
v -0.0979069 104.693 -0.590927 
v -0.0489679 104.992 -0.575002 
v -0.103129 104.956 -0.582767 
v -0.038704 105.089 -0.508497 
v -0.102828 104.926 -0.589929 
v -0.0492425 104.956 -0.591189 
v 8.71003e-08 104.992 -0.576733 
v -9.08684e-05 105.089 -0.510067 
v 0.0386351 105.089 -0.508521 
v -0.101255 104.805 -0.59077 
v 0.0491991 104.992 -0.574998 
v -0.0493365 104.926 -0.598236 
v 0.0913141 105.089 -0.500317 
v -0.0485415 104.805 -0.599042 
v -0.362106 104.107 -0.415605 
v -0.454432 104.158 -0.354152 
v -0.36455 104.151 -0.446034 
v -0.438157 104.112 -0.335532 
v -0.339727 104.058 -0.380433 
v -0.408772 104.061 -0.308023 
v -0.275965 104.054 -0.427378 
v -0.287117 104.103 -0.469272 
v -0.203756 104.099 -0.508764 
v -0.206343 104.051 -0.464118 
v -0.12914 104.049 -0.490985 
v -0.271271 104.145 -0.504268 
v -0.122135 104.095 -0.535834 
v -0.0569535 104.048 -0.504999 
v -0.192814 104.136 -0.537478 
v -0.0539395 104.095 -0.548336 
v -0.117652 104.129 -0.559616 
v -0.21729 104.168 -0.53637 
v -0.159451 104.161 -0.558543 
v -0.266339 104.182 -0.514159 
v -0.163088 104.193 -0.565525 
v -0.205892 104.197 -0.550298 
v -0.309346 104.22 -0.502768 
v -0.260656 104.221 -0.52761 
v -0.400735 104.207 -0.439102 
v -0.474189 104.214 -0.359315 
v -0.404342 104.254 -0.441156 
v -0.478493 104.261 -0.360366 
v -0.335211 104.261 -0.494562 
v -0.279885 104.251 -0.521852 
v -0.404034 104.305 -0.442754 
v -0.480023 104.32 -0.359682 
v -0.34537 104.3 -0.490021 
v -0.295603 104.294 -0.516141 
v -0.400388 104.376 -0.445815 
v -0.480778 104.39 -0.358783 
v -0.338943 104.349 -0.497341 
v -0.289565 104.324 -0.522148 
v -0.390564 104.45 -0.454063 
v -0.48111 104.464 -0.358389 
v -0.317023 104.432 -0.510415 
v -0.27091 104.37 -0.53311 
v -0.382941 104.514 -0.460463 
v -0.480367 104.513 -0.359188 
v -0.478895 104.591 -0.361026 
v -0.310152 104.515 -0.512478 
v -0.382604 104.591 -0.460745 
v -0.476094 104.693 -0.36436 
v -0.244309 104.397 -0.544057 
v -0.382078 104.693 -0.461188 
v -0.309495 104.591 -0.512857 
v -0.312033 104.693 -0.511392 
v -0.380653 104.805 -0.462383 
v -0.246759 104.59 -0.54752 
v -0.243642 104.515 -0.548657 
v 8.68722e-08 104.957 -0.593152 
v 8.68795e-08 104.927 -0.600278 
v 8.77935e-08 104.805 -0.600079 
v -0.047646 104.693 -0.598951 
v -0.0970519 104.589 -0.591077 
v 0.0492054 104.956 -0.591192 
v 0.0492076 104.926 -0.598242 
v -0.159774 104.514 -0.579233 
v -0.202263 104.413 -0.562154 
v -0.195472 104.329 -0.558543 
v -0.138188 104.419 -0.583006 
v -0.089895 104.515 -0.59234 
v -0.046133 104.589 -0.598951 
v -0.0814478 104.421 -0.59402 
v 8.85909e-08 104.693 -0.601274 
v -0.0422739 104.514 -0.598951 
v 8.93706e-08 104.589 -0.601274 
v 0.0476391 104.693 -0.598951 
v 0.0461252 104.589 -0.598951 
v 0.0486047 104.805 -0.599042 
v 0.0970471 104.589 -0.591078 
v 0.0979041 104.693 -0.590927 
v 0.101403 104.805 -0.590771 
v 0.102756 104.926 -0.589941 
v 0.160355 104.805 -0.579304 
v 0.102897 104.956 -0.582807 
v 0.163162 104.926 -0.578237 
v 0.103312 104.992 -0.566368 
v 0.14626 105.089 -0.487333 
v 0.164403 104.956 -0.570409 
v 0.168029 104.992 -0.551939 
v 0.202094 105.089 -0.466365 
v 0.202251 104.954 -0.553875 
v 0.211727 104.926 -0.559369 
v 0.234077 104.992 -0.527703 
v 0.254519 105.089 -0.439627 
v 0.237009 104.931 -0.537926 
v 0.238031 104.805 -0.549709 
v 0.298062 104.992 -0.492804 
v 0.311139 105.089 -0.397509 
v 0.306172 104.931 -0.501968 
v 0.36416 104.992 -0.444346 
v 0.398773 105.089 -0.315432 
v 0.454899 104.992 -0.351939 
v 0.465102 104.931 -0.359331 
v 0.373221 104.931 -0.45328 
v 0.473226 104.805 -0.367775 
v 0.312287 104.805 -0.511245 
v 0.380658 104.805 -0.462379 
v 0.382081 104.693 -0.461185 
v 0.476098 104.693 -0.364355 
v 0.312019 104.693 -0.5114 
v 0.244488 104.693 -0.548348 
v 0.382617 104.591 -0.460735 
v 0.478937 104.591 -0.360976 
v 0.309465 104.591 -0.512874 
v 0.382962 104.514 -0.460445 
v 0.480446 104.513 -0.359103 
v 0.481192 104.464 -0.35829 
v 0.310119 104.515 -0.512497 
v 0.39059 104.45 -0.45404 
v 0.480557 104.39 -0.359048 
v 0.246707 104.59 -0.547539 
v 0.400389 104.376 -0.445815 
v 0.48011 104.32 -0.35958 
v 0.317024 104.432 -0.510415 
v 0.403991 104.305 -0.442791 
v 0.478528 104.261 -0.36029 
v 0.338944 104.349 -0.497341 
v 0.24431 104.397 -0.544057 
v 0.404343 104.254 -0.441156 
v 0.474238 104.214 -0.359201 
v 0.345371 104.3 -0.490021 
v 0.270911 104.37 -0.53311 
v 0.289559 104.324 -0.522148 
v 0.401132 104.207 -0.438786 
v 0.454804 104.158 -0.353551 
v 0.335205 104.261 -0.494562 
v 0.295605 104.294 -0.516141 
v 0.213763 104.306 -0.550336 
v 0.195473 104.329 -0.558543 
v 0.22009 104.284 -0.546951 
v 0.169219 104.267 -0.566842 
v 0.179529 104.26 -0.56218 
v 0.226454 104.259 -0.545218 
v 0.184009 104.246 -0.560988 
v 0.279886 104.251 -0.521853 
v 0.218666 104.237 -0.548791 
v 0.178663 104.234 -0.563103 
v 0.309347 104.22 -0.502768 
v 0.260657 104.221 -0.52761 
v 0.205464 104.218 -0.553559 
v 0.168134 104.228 -0.567436 
v 0.205892 104.197 -0.550298 
v 0.168386 104.215 -0.56647 
v 0.143212 104.225 -0.575254 
v 0.438237 104.112 -0.335411 
v 0.339708 104.058 -0.380562 
v 0.408838 104.061 -0.307873 
v 0.137295 104.211 -0.576685 
v 0.114637 104.224 -0.583914 
v 0.163091 104.193 -0.565524 
v 0.0993452 104.21 -0.586748 
v 0.0853351 104.223 -0.591043 
v 0.122258 104.189 -0.577287 
v 0.0654928 104.209 -0.593239 
v 0.0575089 104.223 -0.596125 
v 0.0783523 104.19 -0.587612 
v 0.0313708 104.213 -0.597934 
v 0.0352578 104.188 -0.59394 
v 0.0432879 104.151 -0.583596 
v 9.25245e-08 104.189 -0.59535 
v 9.22403e-08 104.212 -0.599081 
v -0.0313716 104.213 -0.597901 
v 9.31079e-08 104.15 -0.585478 
v -0.0352413 104.188 -0.593902 
v -0.0575087 104.223 -0.596125 
v -0.0654926 104.209 -0.59324 
v -0.0853347 104.223 -0.591043 
v -0.0993448 104.21 -0.586748 
v -0.114636 104.224 -0.583914 
v -0.0783521 104.19 -0.587612 
v -0.0432451 104.151 -0.583629 
v -0.137294 104.211 -0.576685 
v -0.143211 104.225 -0.575254 
v -0.122258 104.189 -0.577287 
v -0.168385 104.215 -0.56647 
v -0.168132 104.228 -0.567436 
v -0.100814 104.154 -0.57369 
v -0.205462 104.218 -0.553559 
v -0.178657 104.234 -0.563213 
v -0.0494075 104.128 -0.570247 
v -0.218646 104.237 -0.548776 
v -0.184007 104.246 -0.561105 
v -0.226457 104.259 -0.545217 
v -0.179528 104.26 -0.562294 
v -0.220089 104.284 -0.546951 
v -0.169218 104.267 -0.566841 
v -0.213762 104.306 -0.550336 
v -0.15931 104.337 -0.571945 
v -0.113562 104.34 -0.586712 
v -0.071664 104.34 -0.595101 
v -0.0849729 104.274 -0.591835 
v -0.0569637 104.275 -0.596857 
v -0.0377953 104.421 -0.599494 
v -0.033428 104.34 -0.599678 
v 8.99204e-08 104.515 -0.601274 
v 9.06148e-08 104.421 -0.601305 
v 9.12266e-08 104.34 -0.601187 
v 0.0332114 104.34 -0.599685 
v 0.0374525 104.421 -0.599498 
v 0.0715219 104.34 -0.59518 
v 0.0569382 104.275 -0.596872 
v 0.0849733 104.274 -0.591835 
v 0.0422661 104.514 -0.598951 
v 0.0812159 104.421 -0.594052 
v 0.0898901 104.515 -0.59234 
v 0.113562 104.34 -0.586713 
v 0.138189 104.419 -0.583006 
v 0.159311 104.337 -0.571945 
v 0.202264 104.413 -0.562154 
v 0.159759 104.514 -0.579239 
v 0.243598 104.515 -0.548673 
v 0.165356 104.589 -0.577198 
v 0.164463 104.693 -0.577524 
v 0.0348285 104.391 -0.554581 
v 0.0703875 104.391 -0.553232 
v 0.0365313 104.364 -0.51484 
v 0.0637393 104.365 -0.512473 
v 0.0586416 104.246 -0.576821 
v 0.0637393 104.283 -0.508209 
v 0.0308272 104.246 -0.579341 
v 0.0365313 104.282 -0.510576 
v 0.0637393 104.212 -0.503945 
v 0.0365314 104.211 -0.506312 
v 6.96786e-05 104.282 -0.511127 
v -4.7332e-06 104.364 -0.51539 
v -0.0365313 104.282 -0.510577 
v 9.22207e-08 104.391 -0.555169 
v 9.25652e-08 104.246 -0.579741 
v -0.0308271 104.246 -0.579331 
v -0.034841 104.391 -0.554581 
v -0.0586415 104.246 -0.576822 
v -0.0703982 104.391 -0.553232 
v -0.0365313 104.364 -0.51484 
v -0.0637393 104.365 -0.512473 
v -0.0637393 104.283 -0.50821 
v 0.180136 104.2 -0.483743 
v 0.155163 104.215 -0.48787 
v 0.180136 104.217 -0.482449 
v 0.190151 104.215 -0.480066 
v 0.200138 104.276 -0.481659 
v 0.180136 104.288 -0.486718 
v 0.190151 104.317 -0.485892 
v 0.153661 104.285 -0.492134 
v 0.180136 104.369 -0.490946 
v 0.123531 104.285 -0.498995 
v 0.123531 104.214 -0.494731 
v 0.153661 104.367 -0.496396 
v 0.123531 104.367 -0.503259 
v 0.0922085 104.284 -0.504277 
v 0.0922085 104.212 -0.500013 
v 0.0922085 104.366 -0.508541 
v 0.138363 104.392 -0.539303 
v 0.102488 104.392 -0.548128 
v 0.109301 104.247 -0.56717 
v 0.0841966 104.247 -0.573308 
v 0.135209 104.248 -0.55921 
v 0.1719 104.392 -0.528904 
v 0.157658 104.249 -0.551731 
v 0.197161 104.391 -0.517863 
v 0.208079 104.343 -0.513608 
v 0.162588 104.249 -0.54969 
v 0.190151 104.317 -0.485892 
v 0.165332 104.25 -0.548521 
v 0.218834 104.286 -0.508931 
v 0.200138 104.276 -0.481659 
v 0.207719 104.207 -0.50691 
v 0.190151 104.215 -0.480066 
v 0.180136 104.2 -0.483743 
v 0.162588 104.249 -0.54969 
v 0.196629 104.182 -0.510027 
v 0.157658 104.249 -0.551731 
v 0.155163 104.199 -0.489174 
v 0.170538 104.179 -0.520656 
v 0.196629 104.182 -0.510027 
v 0.157658 104.249 -0.551731 
v 0.135209 104.248 -0.55921 
v 0.136609 104.175 -0.531167 
v 0.109301 104.247 -0.56717 
v 0.104274 104.173 -0.539705 
v 0.0841966 104.247 -0.573308 
v 0.123531 104.197 -0.496035 
v 0.072602 104.171 -0.544776 
v 0.0586416 104.246 -0.57682 
v 0.0922085 104.196 -0.501316 
v 0.0418 104.171 -0.545918 
v 0.0308271 104.246 -0.579331 
v 0.0637393 104.195 -0.505248 
v 9.41222e-08 104.171 -0.546306 
v 9.2565e-08 104.246 -0.579748 
v -0.0308271 104.246 -0.579331 
v 0.0365314 104.195 -0.507615 
v -4.73172e-06 104.194 -0.508166 
v -4.7318e-06 104.211 -0.506862 
v -0.0365314 104.195 -0.507616 
v -0.0418025 104.171 -0.545919 
v -0.0586415 104.246 -0.576822 
v -0.0726018 104.171 -0.544776 
v -0.0841963 104.247 -0.573308 
v -0.0637393 104.195 -0.505249 
v -0.0365313 104.211 -0.506312 
v -0.104266 104.173 -0.539701 
v -0.1093 104.247 -0.567171 
v -0.0922085 104.196 -0.501315 
v -0.0637393 104.212 -0.503946 
v -0.136589 104.175 -0.531157 
v -0.135208 104.248 -0.55921 
v -0.123531 104.197 -0.496034 
v -0.0922085 104.212 -0.500012 
v -0.17051 104.179 -0.520644 
v -0.157657 104.249 -0.551731 
v -0.196631 104.182 -0.510028 
v -0.180136 104.2 -0.483744 
v -0.155163 104.199 -0.489174 
v -0.123531 104.214 -0.494731 
v -0.0922085 104.284 -0.504277 
v -0.155163 104.215 -0.487869 
v -0.123531 104.285 -0.498995 
v -0.0922085 104.366 -0.508541 
v -0.180136 104.216 -0.482429 
v -0.190152 104.215 -0.480066 
v -0.200138 104.276 -0.481658 
v -0.153661 104.285 -0.492133 
v -0.180136 104.288 -0.486687 
v -0.190152 104.316 -0.485872 
v -0.180136 104.369 -0.490946 
v -0.153661 104.367 -0.496396 
v -0.123531 104.367 -0.503259 
v -0.171904 104.392 -0.528903 
v -0.13837 104.392 -0.539302 
v -0.102499 104.392 -0.548128 
v -0.1093 104.247 -0.56717 
v -0.0841963 104.247 -0.573307 
v -0.135208 104.248 -0.55921 
v -0.157657 104.249 -0.55173 
v -0.197166 104.391 -0.517863 
v -0.208032 104.343 -0.513571 
v -0.162586 104.249 -0.549689 
v -0.190152 104.316 -0.485872 
v -0.16533 104.25 -0.54852 
v -0.218835 104.286 -0.50893 
v -0.200138 104.276 -0.481658 
v -0.207721 104.207 -0.506909 
v -0.190152 104.215 -0.480066 
v -0.180136 104.2 -0.483744 
v -0.162586 104.249 -0.549689 
v -0.196631 104.182 -0.510028 
v -0.157657 104.249 -0.551731 

vn -0.181102 0 -0.984252 
vn -0.511811 -0.0629921 -0.858268 
vn -0.496063 0 -0.866142 
vn -0.976378 0 -0.220472 
vn -0.968504 0.133858 -0.212598 
vn -0.96063 -0.149606 -0.228346 
vn -0.937008 -0.330709 -0.133858 
vn -0.511811 0.0551181 -0.858268 
vn -0.913386 0.322835 -0.23622 
vn -0.543307 -0.149606 -0.826772 
vn -0.795276 -0.606299 0.015748 
vn -0.181102 0 -0.984252 
vn -0.551181 0.165354 -0.818898 
vn -0.795276 0.566929 -0.220472 
vn -0.181102 0 -0.984252 
vn -0.181102 0 -0.984252 
vn -0.527559 0.322835 -0.787402 
vn -0.338583 0.850394 -0.401575 
vn -0.181102 0 -0.984252 
vn -0.181102 0 -0.984252 
vn -0.181102 0 -0.984252 
vn -0.370079 0.543307 -0.755906 
vn -0.15748 0.488189 -0.858268 
vn -0.0787402 0.850394 -0.519685 
vn -0.181102 0 -0.984252 
vn -0.181102 0 -0.984252 
vn 0.0472441 0.527559 -0.850394 
vn 0.181102 0.826772 -0.535433 
vn -0.181102 0 -0.984252 
vn -0.173228 0 -0.984252 
vn 0.15748 0.291339 -0.944882 
vn 0.543307 0.480315 -0.692913 
vn -0.181102 0 -0.984252 
vn 0.149606 0.141732 -0.976378 
vn 0.598425 0.275591 -0.748031 
vn 0.133858 0.0551181 -0.992126 
vn 0.645669 0.11811 -0.755906 
vn -0.181102 0 -0.984252 
vn 0.125984 0 -0.992126 
vn 0.669291 0 -0.740157 
vn 0.685039 -0.133858 -0.716535 
vn 0.15748 -0.0629921 -0.984252 
vn -0.181102 0 -0.984252 
vn 0.188976 -0.149606 -0.968504 
vn 0.708661 -0.299213 -0.637795 
vn -0.181102 0 -0.984252 
vn 0.23622 -0.322835 -0.913386 
vn 0.685039 -0.559055 -0.464567 
vn -0.173228 0 -0.984252 
vn 0.291339 -0.905512 -0.307087 
vn 0.0472441 -0.527559 -0.850394 
vn -0.0314961 -0.968504 -0.251969 
vn -0.181102 0 -0.984252 
vn -0.181102 0 -0.984252 
vn -0.181102 0 -0.984252 
vn -0.165354 -0.480315 -0.866142 
vn -0.322835 -0.937008 -0.125984 
vn -0.181102 0 -0.984252 
vn -0.370079 -0.535433 -0.755906 
vn -0.181102 0 -0.984252 
vn -0.582677 -0.338583 -0.740157 
vn 0.0944882 -0.519685 -0.850394 
vn 0 -0.543307 -0.84252 
vn 0.110236 -0.354331 -0.929134 
vn 0.212598 -0.330709 -0.92126 
vn 0.228346 -0.472441 -0.850394 
vn 0.480315 0 -0.88189 
vn 0.511811 -0.0629921 -0.858268 
vn 0.188976 0 -0.984252 
vn 0.968504 -0.00787402 -0.259843 
vn 0.952756 0.133858 -0.267717 
vn 0.96063 -0.15748 -0.220472 
vn 0.937008 -0.330709 -0.102362 
vn 0.480315 0.0472441 -0.874016 
vn 0.905512 0.322835 -0.283465 
vn 0.559055 -0.15748 -0.818898 
vn 0.795276 -0.606299 0.0393701 
vn 0.188976 0 -0.984252 
vn 0.519685 0.15748 -0.84252 
vn 0.787402 0.559055 -0.244094 
vn 0.188976 0 -0.984252 
vn 0.181102 0 -0.984252 
vn 0.519685 0.307087 -0.795276 
vn 0.338583 0.850394 -0.409449 
vn 0.188976 0 -0.984252 
vn 0.181102 0 -0.984252 
vn 0.188976 0 -0.984252 
vn 0.370079 0.535433 -0.755906 
vn 0.165354 0.472441 -0.866142 
vn 0.0944882 0.84252 -0.535433 
vn 0.188976 0 -0.984252 
vn 0.188976 0 -0.984252 
vn -0.0472441 0.519685 -0.850394 
vn -0.19685 0.811024 -0.543307 
vn 0.181102 0 -0.984252 
vn 0.181102 0 -0.984252 
vn -0.19685 0.307087 -0.929134 
vn -0.598425 0.496063 -0.622047 
vn 0.181102 0 -0.984252 
vn -0.204724 0.165354 -0.968504 
vn -0.669291 0.299213 -0.677165 
vn -0.188976 0.0629921 -0.984252 
vn -0.716535 0.133858 -0.685039 
vn 0.181102 0 -0.984252 
vn -0.165354 0 -0.984252 
vn -0.724409 0.00787402 -0.692913 
vn -0.692913 -0.125984 -0.708661 
vn -0.15748 -0.0551181 -0.984252 
vn -0.692913 -0.299213 -0.653543 
vn 0.181102 0 -0.984252 
vn 0.181102 0 -0.984252 
vn -0.173228 -0.141732 -0.976378 
vn 0.181102 0 -0.984252 
vn -0.220472 -0.314961 -0.92126 
vn -0.677165 -0.559055 -0.480315 
vn -0.275591 -0.905512 -0.314961 
vn 0.188976 0 -0.984252 
vn 0.181102 0 -0.984252 
vn 0.181102 0 -0.984252 
vn -0.0393701 -0.527559 -0.850394 
vn 0.0393701 -0.968504 -0.251969 
vn 0.598425 -0.346457 -0.724409 
vn 0.188976 0 -0.984252 
vn 0.377953 -0.543307 -0.748031 
vn 0.330709 -0.937008 -0.110236 
vn 0.165354 -0.480315 -0.866142 
vn 0.181102 0 -0.984252 
vn 0.0787402 0 -1 
vn 0.141732 -0.00787402 -0.992126 
vn 0.133858 0 -0.992126 
vn 0.204724 0 -0.976378 
vn 0.0787402 0 -1 
vn 0.220472 -0.015748 -0.976378 
vn 0 0 -1 
vn 0.259843 0.00787402 -0.968504 
vn 0 0 -1 
vn 0.291339 -0.023622 -0.96063 
vn -0.0787402 0 -1 
vn 0.291339 0.00787402 -0.952756 
vn -0.0787402 0 -1 
vn 0.322835 -0.015748 -0.944882 
vn -0.133858 0 -0.992126 
vn 0.314961 0.015748 -0.952756 
vn -0.141732 -0.00787402 -0.992126 
vn 0.346457 -0.015748 -0.937008 
vn -0.204724 0 -0.976378 
vn 0.377953 0 -0.929134 
vn -0.220472 -0.015748 -0.976378 
vn 0.362205 -0.00787402 -0.929134 
vn -0.259843 0.00787402 -0.968504 
vn 0.370079 0.023622 -0.929134 
vn 0.338583 0.023622 -0.937008 
vn -0.291339 -0.023622 -0.96063 
vn -0.291339 0.00787402 -0.952756 
vn -0.322835 -0.015748 -0.944882 
vn -0.314961 0.015748 -0.952756 
vn -0.346457 -0.015748 -0.937008 
vn -0.370079 0 -0.929134 
vn -0.362205 -0.00787402 -0.929134 
vn -0.362205 0.023622 -0.929134 
vn -0.346457 0.023622 -0.937008 
vn -0.346457 0.015748 -0.937008 
vn -0.346457 0.023622 -0.937008 
vn -0.354331 0 -0.937008 
vn -0.322835 -0.0314961 -0.944882 
vn -0.307087 -0.015748 -0.952756 
vn -0.299213 -0.023622 -0.952756 
vn -0.291339 -0.015748 -0.96063 
vn -0.259843 -0.0393701 -0.96063 
vn -0.251969 -0.023622 -0.968504 
vn -0.204724 -0.0551181 -0.976378 
vn -0.19685 -0.023622 -0.976378 
vn -0.141732 -0.0629921 -0.992126 
vn -0.133858 -0.023622 -0.992126 
vn -0.0787402 -0.0551181 -0.992126 
vn -0.0787402 -0.023622 -1 
vn 0 -0.0551181 -1 
vn 0 -0.023622 -1 
vn 0.0787402 -0.023622 -1 
vn 0.0787402 -0.0551181 -0.992126 
vn 0.133858 -0.023622 -0.992126 
vn 0.141732 -0.0629921 -0.992126 
vn 0.19685 -0.023622 -0.976378 
vn 0.204724 -0.0551181 -0.976378 
vn 0.251969 -0.023622 -0.968504 
vn 0.259843 -0.0393701 -0.96063 
vn 0.291339 -0.015748 -0.96063 
vn 0.299213 -0.023622 -0.952756 
vn 0.307087 -0.015748 -0.952756 
vn 0.322835 -0.0314961 -0.944882 
vn 0.354331 0.00787402 -0.937008 
vn 0.346457 0.015748 -0.937008 
vn 0.338583 0.023622 -0.937008 
vn 0.346457 -0.0472441 -0.937008 
vn 0.346457 -0.015748 -0.937008 
vn 0.322835 -0.015748 -0.944882 
vn 0.141732 -0.0629921 -0.992126 
vn 0.0866142 -0.141732 -0.984252 
vn 0.0787402 -0.0551181 -0.992126 
vn 0 -0.141732 -0.992126 
vn 0 -0.0551181 -1 
vn -0.0787402 -0.0551181 -0.992126 
vn -0.0866142 -0.141732 -0.984252 
vn -0.141732 -0.0629921 -0.992126 
vn -0.110236 -0.354331 -0.929134 
vn 0 -0.377953 -0.929134 
vn -0.212598 -0.322835 -0.92126 
vn -0.0944882 -0.519685 -0.850394 
vn -0.228346 -0.480315 -0.850394 
vn -0.346457 -0.015748 -0.937008 
vn -0.346457 -0.0472441 -0.937008 
vn -0.322835 -0.015748 -0.944882 
vn -0.314961 -0.0472441 -0.944882 
vn -0.291339 -0.023622 -0.96063 
vn -0.244094 -0.0314961 -0.968504 
vn -0.220472 -0.015748 -0.976378 
vn -0.0866142 0 -1 
vn -0.0787402 0 -1 
vn -0.141732 -0.00787402 -0.992126 
vn 0 0 -1 
vn 0 0 -1 
vn 0.0787402 0 -1 
vn 0.0866142 0 -1 
vn 0.141732 -0.00787402 -0.992126 
vn 0.291339 -0.023622 -0.96063 
vn 0.220472 -0.015748 -0.976378 
vn 0.244094 -0.0314961 -0.968504 
vn 0.314961 -0.0472441 -0.944882 
vn -0.511811 0.84252 -0.173228 
vn 0.409449 -0.0393701 0.913386 
vn 0.448819 0.0472441 0.889764 
vn -0.370079 -0.0866142 0.92126 
vn -0.307087 -0.425197 0.850394 
vn -0.314961 -0.133858 0.937008 
vn 0.00787402 -1 -0.0314961 
vn 0 -0.19685 0.976378 
vn 0 -1 -0.0314961 
vn -0.00787402 -1 -0.0314961 
vn -0.0393701 -0.188976 0.984252 
vn 0.0393701 -0.188976 0.984252 
vn 0.00787402 -1 -0.015748 
vn -0.00787402 -1 -0.023622 
vn -0.0944882 -0.173228 0.976378 
vn 0.0944882 -0.173228 0.976378 
vn 0.00787402 -1 0 
vn -0.00787402 -1 0 
vn -0.188976 -0.165354 0.968504 
vn 0.188976 -0.165354 0.968504 
vn 0.00787402 -1 0.0314961 
vn -0.00787402 -1 0.0314961 
vn -0.259843 -0.149606 0.952756 
vn 0.259843 -0.149606 0.952756 
vn -0.00787402 -1 0.0787402 
vn 0.00787402 -1 0.0787402 
vn -0.314961 -0.133858 0.937008 
vn 0.314961 -0.133858 0.937008 
vn -0.015748 -0.992126 0.110236 
vn 0.015748 -0.992126 0.110236 
vn -0.370079 -0.0866142 0.92126 
vn 0.370079 -0.0866142 0.92126 
vn -0.0629921 -0.984252 0.141732 
vn 0.0629921 -0.984252 0.141732 
vn 0.409449 -0.0393701 0.913386 
vn -0.511811 0.84252 -0.173228 
vn -0.409449 -0.0393701 0.913386 
vn -0.944882 0.283465 -0.173228 
vn -0.448819 0.0472441 0.889764 
vn -0.456693 0.149606 0.874016 
vn 0.0629921 0.984252 -0.141732 
vn -0.370079 0.275591 0.889764 
vn 0.015748 0.992126 -0.110236 
vn -0.307087 0.362205 0.88189 
vn 0.00787402 1 -0.0787402 
vn -0.259843 0.377953 0.889764 
vn -0.00787402 1 -0.0314961 
vn -0.181102 0.393701 0.897638 
vn -0.00787402 1 0 
vn -0.0944882 0.417323 0.905512 
vn -0.00787402 1 0.023622 
vn -0.0314961 0.433071 0.905512 
vn -0.00787402 1 0.0314961 
vn 0 0.425197 0.905512 
vn 0 1 0.0314961 
vn 0.00787402 1 0.0314961 
vn 0.0314961 0.433071 0.905512 
vn 0.00787402 1 0.023622 
vn 0.0944882 0.417323 0.905512 
vn 0.00787402 1 0 
vn 0.181102 0.393701 0.897638 
vn 0.00787402 1 -0.0314961 
vn 0.259843 0.377953 0.889764 
vn -0.00787402 1 -0.0787402 
vn 0.307087 0.362205 0.88189 
vn -0.015748 0.992126 -0.110236 
vn 0.370079 0.275591 0.889764 
vn -0.0629921 0.984252 -0.141732 
vn 0.456693 0.149606 0.874016 
vn 0.448819 0.0472441 0.889764 
vn 0.307087 -0.425197 0.850394 
vn 0.370079 -0.0866142 0.92126 
vn 0.314961 -0.133858 0.937008 
vn -0.80315 -0.19685 0.566929 
vn -0.968504 -0.0472441 0.244094 
vn -0.952756 -0.19685 0.23622 
vn -0.818898 -0.0472441 0.574803 
vn -0.968504 0 0.244094 
vn -0.811024 -0.00787402 0.582677 
vn -0.968504 0 0.244094 
vn -0.811024 0 0.582677 
vn -0.968504 0 0.251969 
vn -0.598425 -0.0551181 0.80315 
vn -0.590551 -0.19685 0.787402 
vn -0.551181 -0.362205 0.748031 
vn -0.755906 -0.362205 0.543307 
vn -0.503937 -0.543307 0.669291 
vn -0.590551 -0.00787402 0.80315 
vn -0.299213 -0.0551181 0.952756 
vn -0.299213 -0.19685 0.937008 
vn -0.275591 -0.354331 0.897638 
vn 0 -0.0551181 1 
vn 0 -0.188976 0.984252 
vn 0 -0.346457 0.937008 
vn -0.299213 -0.00787402 0.952756 
vn 0 -0.00787402 1 
vn -0.251969 -0.543307 0.80315 
vn 0 -0.543307 0.84252 
vn -0.590551 0 0.80315 
vn -0.291339 0 0.952756 
vn 0 0 1 
vn -0.811024 0 0.582677 
vn -0.968504 0 0.251969 
vn -0.590551 0 0.80315 
vn -0.811024 0 0.582677 
vn -0.968504 0 0.251969 
vn -0.291339 0 0.952756 
vn 0 0 1 
vn -0.590551 0 0.811024 
vn -0.811024 0 0.590551 
vn -0.968504 0 0.251969 
vn -0.291339 0 0.952756 
vn 0 0 1 
vn -0.590551 0 0.811024 
vn -0.811024 0 0.590551 
vn -0.811024 0.0472441 0.582677 
vn -0.590551 0.0472441 0.80315 
vn -0.291339 0 0.952756 
vn 0 0 1 
vn 0 0 1 
vn -0.590551 0 0.811024 
vn -0.299213 0.0472441 0.952756 
vn -0.291339 0 0.952756 
vn 0 0.0472441 1 
vn -0.259843 -0.889764 0.370079 
vn -0.125984 -0.905512 0.409449 
vn -0.19685 -0.755906 0.622047 
vn 0 -0.992126 0.141732 
vn 0 -0.913386 0.417323 
vn -0.0551181 -0.992126 0.141732 
vn 0 -0.755906 0.661417 
vn -0.110236 -0.984252 0.141732 
vn -0.370079 -0.889764 0.267717 
vn -0.385827 -0.748031 0.535433 
vn -0.543307 -0.748031 0.385827 
vn 0 1 0 
vn 0 1 0 
vn 0 1 0 
vn 0.141732 0.984252 -0.110236 
vn 0.141732 0.984252 -0.0629921 
vn 0 1 0 
vn 0.149606 0.992126 -0.00787402 
vn 0 1 0 
vn 0.125984 0.976378 -0.15748 
vn 0.0629921 0.984252 -0.141732 
vn 0 1 0 
vn 0.0393701 0.992126 -0.141732 
vn 0 1 0 
vn 0.15748 0.984252 0.0314961 
vn 0 1 0 
vn 0 1 0 
vn 0.141732 0.984252 0.0944882 
vn 0 1 0 
vn 0.0944882 0.984252 0.133858 
vn 0 1 0 
vn 0 1 0 
vn 0.0393701 0.992126 0.149606 
vn 0 1 0 
vn 0 1 0 
vn 0 0.992126 0.149606 
vn -0.0393701 0.992126 0.149606 
vn 0 1 0 
vn 0 1 0 
vn -0.0944882 0.984252 0.133858 
vn 0 1 0 
vn 0 1 0 
vn 0 1 0 
vn -0.141732 0.984252 0.0944882 
vn 0 1 0 
vn 0 1 0 
vn -0.15748 0.984252 0.0314961 
vn 0 1 0 
vn 0 1 0 
vn -0.149606 0.992126 -0.00787402 
vn 0 1 0 
vn -0.141732 0.984252 -0.0629921 
vn 0 1 0 
vn 0 1 0 
vn -0.141732 0.984252 -0.110236 
vn 0 1 0 
vn 0 1 0 
vn 0 1 0 
vn -0.125984 0.984252 -0.15748 
vn -0.0629921 0.984252 -0.141732 
vn 0 1 0 
vn -0.0393701 0.992126 -0.141732 
vn 0 1 0 
vn 0 1 0 
vn -0.023622 0.992126 -0.141732 
vn 0 1 0 
vn 0 1 0 
vn 0 0.992126 -0.141732 
vn 0.023622 0.992126 -0.141732 
vn 0 1 0 
vn 0 0.0472441 1 
vn 0.299213 0.125984 0.944882 
vn 0 0.125984 0.992126 
vn 0.535433 0.433071 0.724409 
vn 0.590551 0.125984 0.795276 
vn 0.80315 0.125984 0.574803 
vn 0.275591 0.433071 0.858268 
vn 0 0.425197 0.905512 
vn 0.220472 0.677165 0.700787 
vn 0 0.677165 0.740157 
vn 0.440945 0.669291 0.598425 
vn 0 0.905512 0.417323 
vn 0.125984 0.905512 0.409449 
vn 0 0.992126 0.149606 
vn 0.0393701 0.992126 0.149606 
vn 0.251969 0.897638 0.362205 
vn 0.0944882 0.984252 0.133858 
vn 0.141732 0.984252 0.0944882 
vn 0.354331 0.897638 0.259843 
vn 0.409449 0.905512 0.0944882 
vn 0.15748 0.984252 0.0314961 
vn 0.598425 0.669291 0.433071 
vn 0.732283 0.425197 0.527559 
vn 0.96063 0.11811 0.244094 
vn 0.968504 0.0472441 0.251969 
vn 0.88189 0.417323 0.228346 
vn 0.716535 0.677165 0.173228 
vn 1 0.0472441 -0.0472441 
vn 0.992126 0.11811 -0.0551181 
vn 0.905512 0.425197 -0.0551181 
vn 0.724409 0.685039 -0.0472441 
vn 0.417323 0.905512 -0.0314961 
vn 0.149606 0.992126 -0.00787402 
vn 0.669291 0.692913 -0.275591 
vn 0.385827 0.905512 -0.165354 
vn 0.141732 0.984252 -0.0629921 
vn 0.141732 0.984252 -0.110236 
vn 0.834646 0.433071 -0.338583 
vn 0.566929 0.692913 -0.440945 
vn 0.338583 0.897638 -0.283465 
vn 0.125984 0.976378 -0.15748 
vn 0.716535 0.440945 -0.543307 
vn 0.472441 0.692913 -0.551181 
vn 0.92126 0.125984 -0.370079 
vn 0.795276 0.125984 -0.590551 
vn 0.283465 0.889764 -0.354331 
vn 0.377953 0.692913 -0.614173 
vn 0.0629921 0.984252 -0.141732 
vn 0.204724 0.905512 -0.370079 
vn 0.15748 0.913386 -0.370079 
vn 0.291339 0.700787 -0.653543 
vn 0.0393701 0.992126 -0.141732 
vn 0.133858 0.913386 -0.385827 
vn 0.212598 0.700787 -0.677165 
vn 0.0866142 0.92126 -0.377953 
vn 0.023622 0.992126 -0.141732 
vn 0.141732 0.700787 -0.692913 
vn 0.0472441 0.92126 -0.377953 
vn 0 0.992126 -0.141732 
vn 0.0787402 0.700787 -0.708661 
vn 0 0.92126 -0.385827 
vn 0 0.700787 -0.708661 
vn -0.0787402 0.700787 -0.708661 
vn -0.0472441 0.92126 -0.377953 
vn -0.023622 0.992126 -0.141732 
vn -0.141732 0.700787 -0.692913 
vn -0.0866142 0.92126 -0.377953 
vn -0.0393701 0.992126 -0.141732 
vn -0.212598 0.700787 -0.677165 
vn -0.133858 0.913386 -0.385827 
vn -0.291339 0.700787 -0.653543 
vn -0.15748 0.913386 -0.370079 
vn -0.0629921 0.984252 -0.141732 
vn -0.377953 0.692913 -0.614173 
vn -0.204724 0.905512 -0.370079 
vn -0.283465 0.889764 -0.354331 
vn -0.125984 0.984252 -0.15748 
vn -0.472441 0.692913 -0.551181 
vn -0.338583 0.897638 -0.275591 
vn -0.141732 0.984252 -0.110236 
vn -0.566929 0.692913 -0.440945 
vn -0.385827 0.905512 -0.165354 
vn -0.141732 0.984252 -0.0629921 
vn -0.149606 0.992126 -0.00787402 
vn -0.417323 0.905512 -0.0314961 
vn -0.15748 0.984252 0.0314961 
vn -0.669291 0.692913 -0.275591 
vn -0.409449 0.905512 0.0944882 
vn -0.834646 0.433071 -0.346457 
vn -0.141732 0.984252 0.0944882 
vn -0.708661 0.440945 -0.543307 
vn -0.724409 0.685039 -0.0472441 
vn -0.905512 0.425197 -0.0551181 
vn -0.92126 0.125984 -0.370079 
vn -0.795276 0.125984 -0.590551 
vn -0.992126 0.11811 -0.0551181 
vn -0.716535 0.677165 0.173228 
vn -0.88189 0.417323 0.228346 
vn -0.598425 0.669291 0.433071 
vn -0.354331 0.897638 0.259843 
vn -0.251969 0.897638 0.362205 
vn -0.0944882 0.984252 0.133858 
vn -0.440945 0.669291 0.598425 
vn -0.0393701 0.992126 0.149606 
vn -0.125984 0.905512 0.409449 
vn 0 0.992126 0.149606 
vn 0 0.905512 0.417323 
vn -0.220472 0.677165 0.700787 
vn -0.685039 -0.543307 -0.480315 
vn -0.858268 -0.377953 -0.346457 
vn -0.748031 -0.385827 -0.535433 
vn -0.913386 -0.204724 -0.354331 
vn -0.80315 -0.220472 -0.551181 
vn -0.779528 -0.543307 -0.314961 
vn -0.826772 -0.0472441 -0.566929 
vn -0.929134 -0.0393701 -0.362205 
vn -0.818898 -0.00787402 -0.574803 
vn -0.929134 -0.00787402 -0.362205 
vn -1 -0.0393701 -0.0551181 
vn -0.818898 0 -0.574803 
vn -0.976378 -0.188976 -0.0551181 
vn -0.929134 -0.370079 -0.0472441 
vn -0.543307 -0.755906 -0.377953 
vn -0.84252 -0.543307 -0.0472441 
vn -0.614173 -0.755906 -0.244094 
vn -0.661417 -0.748031 -0.0393701 
vn -0.409449 -0.897638 -0.165354 
vn -0.433071 -0.897638 -0.023622 
vn -0.645669 -0.748031 0.15748 
vn -0.818898 -0.535433 0.204724 
vn -0.897638 -0.370079 0.228346 
vn -0.685039 -0.535433 0.488189 
vn 0 0.677165 0.740157 
vn 0 0.425197 0.905512 
vn -0.275591 0.433071 0.858268 
vn 0 0.125984 0.992126 
vn -0.732283 0.425197 0.527559 
vn -0.535433 0.433071 0.724409 
vn -0.299213 0.125984 0.944882 
vn -0.96063 0.11811 0.244094 
vn -0.80315 0.125984 0.574803 
vn -0.590551 0.125984 0.795276 
vn -1 0.0472441 -0.0472441 
vn -0.968504 0.0472441 0.251969 
vn -0.929134 0.0472441 -0.370079 
vn -0.80315 0.0472441 -0.598425 
vn -0.80315 0 -0.598425 
vn -0.929134 0 -0.370079 
vn -0.80315 0 -0.590551 
vn -1 0 -0.0472441 
vn -0.929134 0 -0.370079 
vn -0.929134 0 -0.370079 
vn -0.80315 0 -0.598425 
vn -1 0 -0.0472441 
vn -0.929134 0 -0.362205 
vn -0.811024 0.00787402 -0.582677 
vn -1 0 -0.0472441 
vn -0.929134 0 -0.362205 
vn -1 0 -0.0472441 
vn -1 0 -0.0472441 
vn -1 0 -0.0472441 
vn -0.425197 -0.897638 0.102362 
vn -0.173228 -0.984252 0.0393701 
vn -0.173228 -0.984252 -0.00787402 
vn -0.15748 -0.984252 0.102362 
vn -0.15748 -0.984252 -0.0629921 
vn -0.149606 -0.984252 -0.102362 
vn -0.377953 -0.889764 -0.259843 
vn -0.0944882 -0.992126 -0.0944882 
vn -0.456693 -0.755906 -0.464567 
vn -0.330709 -0.889764 -0.322835 
vn -0.0866142 -0.992126 -0.0944882 
vn -0.259843 -0.897638 -0.354331 
vn -0.362205 -0.76378 -0.527559 
vn -0.0944882 -0.992126 -0.102362 
vn -0.188976 -0.913386 -0.362205 
vn -0.275591 -0.779528 -0.566929 
vn -0.0708661 -0.992126 -0.133858 
vn -0.125984 -0.92126 -0.370079 
vn -0.181102 -0.787402 -0.590551 
vn -0.0314961 -0.992126 -0.125984 
vn -0.0629921 -0.929134 -0.362205 
vn -0.0866142 -0.795276 -0.598425 
vn 0 -0.992126 -0.11811 
vn 0 -0.937008 -0.354331 
vn 0 -0.795276 -0.606299 
vn 0.0866142 -0.795276 -0.598425 
vn 0.0629921 -0.929134 -0.362205 
vn 0.0314961 -0.992126 -0.125984 
vn 0.181102 -0.787402 -0.590551 
vn 0.125984 -0.92126 -0.370079 
vn 0.0708661 -0.992126 -0.133858 
vn 0.275591 -0.779528 -0.566929 
vn 0.188976 -0.913386 -0.362205 
vn 0.0866142 -0.992126 -0.102362 
vn 0.370079 -0.76378 -0.527559 
vn 0.259843 -0.897638 -0.346457 
vn 0.0866142 -0.992126 -0.0944882 
vn 0.456693 -0.755906 -0.464567 
vn 0.330709 -0.889764 -0.322835 
vn 0.0944882 -0.992126 -0.0944882 
vn 0.377953 -0.889764 -0.259843 
vn 0.149606 -0.984252 -0.102362 
vn 0.543307 -0.748031 -0.377953 
vn 0.409449 -0.897638 -0.165354 
vn 0.15748 -0.984252 -0.0629921 
vn 0.173228 -0.984252 -0.00787402 
vn 0.433071 -0.897638 -0.023622 
vn 0.173228 -0.984252 0.0393701 
vn 0.614173 -0.748031 -0.244094 
vn 0.779528 -0.543307 -0.314961 
vn 0.685039 -0.543307 -0.480315 
vn 0.661417 -0.748031 -0.0393701 
vn 0.858268 -0.377953 -0.346457 
vn 0.748031 -0.385827 -0.535433 
vn 0.84252 -0.543307 -0.0472441 
vn 0.913386 -0.19685 -0.354331 
vn 0.80315 -0.220472 -0.551181 
vn 0.826772 -0.0472441 -0.566929 
vn 0.929134 -0.370079 -0.0472441 
vn 0.976378 -0.188976 -0.0472441 
vn 0.929134 -0.0393701 -0.362205 
vn 0.818898 -0.00787402 -0.574803 
vn 1 -0.0393701 -0.0551181 
vn 0.929134 -0.00787402 -0.362205 
vn 0.818898 0 -0.574803 
vn 0.929134 0 -0.362205 
vn 0.811024 0.00787402 -0.582677 
vn 1 0 -0.0472441 
vn 0.929134 0 -0.362205 
vn 0.80315 0 -0.598425 
vn 1 0 -0.0472441 
vn 1 0 -0.0472441 
vn 0.929134 0 -0.370079 
vn 0.80315 0 -0.590551 
vn 1 0 -0.0472441 
vn 0.968504 0 0.244094 
vn 0.968504 0 0.251969 
vn 0.968504 0 0.244094 
vn 0.968504 -0.0393701 0.244094 
vn 0.811024 -0.00787402 0.582677 
vn 0.952756 -0.19685 0.23622 
vn 0.818898 -0.0472441 0.574803 
vn 0.80315 -0.19685 0.566929 
vn 0.897638 -0.370079 0.228346 
vn 0.755906 -0.362205 0.543307 
vn 0.818898 -0.535433 0.204724 
vn 0.685039 -0.535433 0.488189 
vn 0.503937 -0.543307 0.669291 
vn 0.543307 -0.748031 0.385827 
vn 0.645669 -0.748031 0.15748 
vn 0.425197 -0.897638 0.102362 
vn 0.15748 -0.984252 0.102362 
vn 0.370079 -0.889764 0.267717 
vn 0.110236 -0.984252 0.141732 
vn 0.385827 -0.748031 0.535433 
vn 0.259843 -0.889764 0.370079 
vn 0.0551181 -0.992126 0.141732 
vn 0.125984 -0.905512 0.409449 
vn 0 -0.992126 0.141732 
vn 0 -0.913386 0.417323 
vn 0 -0.755906 0.661417 
vn 0.19685 -0.755906 0.622047 
vn 0 -0.543307 0.84252 
vn 0.251969 -0.543307 0.80315 
vn 0 -0.346457 0.937008 
vn 0.275591 -0.346457 0.897638 
vn 0 -0.188976 0.984252 
vn 0.551181 -0.362205 0.748031 
vn 0.299213 -0.19685 0.937008 
vn 0 -0.0551181 1 
vn 0.590551 -0.19685 0.787402 
vn 0.299213 -0.0551181 0.952756 
vn 0.598425 -0.0551181 0.80315 
vn 0.299213 -0.00787402 0.952756 
vn 0 -0.00787402 1 
vn 0.590551 -0.00787402 0.80315 
vn 0.299213 0 0.952756 
vn 0 0 1 
vn 0.590551 0 0.80315 
vn 0.811024 0 0.582677 
vn 0.291339 0 0.952756 
vn 0 0 1 
vn 0.590551 0 0.80315 
vn 0.811024 0 0.582677 
vn 0.291339 0 0.952756 
vn 0 0 1 
vn 0.590551 0 0.811024 
vn 0.811024 0 0.582677 
vn 0.968504 0 0.251969 
vn 0.291339 0 0.952756 
vn 0 0 1 
vn 0 0 1 
vn 0.590551 0 0.811024 
vn 0.291339 0 0.952756 
vn 0.811024 0 0.590551 
vn 0.590551 0 0.811024 
vn 0.811024 0 0.590551 
vn 0.968504 0 0.251969 
vn 0.968504 0 0.251969 
vn 0.299213 0.0472441 0.952756 
vn 0.590551 0.0472441 0.80315 
vn 0.811024 0.0472441 0.582677 
vn 1 0 -0.0472441 
vn 0.0314961 -1 -0.0314961 
vn 0 -1 -0.0314961 
vn 0.0314961 -0.992126 -0.125984 
vn 0 -0.992126 -0.11811 
vn 0.0708661 -0.992126 -0.133858 
vn -0.0314961 -0.992126 -0.125984 
vn 0.0866142 -0.992126 -0.102362 
vn -0.0314961 -1 -0.0314961 
vn -0.0708661 -0.992126 -0.133858 
vn -0.0944882 -0.992126 -0.102362 
vn 0 -1 0 
vn -0.015748 -1 -0.015748 
vn -0.0866142 -0.992126 -0.0944882 
vn 0.015748 -1 -0.015748 
vn 0.0866142 -0.992126 -0.0944882 
vn -0.0944882 -0.992126 -0.0944882 
vn 0.0944882 -0.992126 -0.0944882 
vn 0 -1 0 
vn -0.0314961 -1 -0.023622 
vn -0.149606 -0.984252 -0.102362 
vn -0.15748 -0.984252 -0.0629921 
vn 0 -1 0 
vn -0.0314961 -1 0 
vn -0.173228 -0.984252 -0.00787402 
vn -0.173228 -0.984252 0.0393701 
vn -0.0393701 -1 0.00787402 
vn -0.15748 -0.984252 0.102362 
vn -0.0393701 -1 0.0314961 
vn -0.110236 -0.984252 0.141732 
vn 0 -1 0 
vn -0.015748 -1 0.023622 
vn -0.0551181 -0.992126 0.141732 
vn 0 -1 0 
vn 0 -1 0.023622 
vn 0 -0.992126 0.141732 
vn 0.0551181 -0.992126 0.141732 
vn 0.015748 -1 0.023622 
vn 0.110236 -0.984252 0.141732 
vn 0 -1 0 
vn 0.0393701 -1 0.0314961 
vn 0.15748 -0.984252 0.102362 
vn 0.0393701 -1 0.00787402 
vn 0.173228 -0.984252 0.0393701 
vn 0 -1 0 
vn 0.0314961 -1 0 
vn 0.173228 -0.984252 -0.00787402 
vn 0.15748 -0.984252 -0.0629921 
vn 0.0314961 -1 -0.023622 
vn 0.149606 -0.984252 -0.102362 
vn 0.80315 0 -0.598425 
vn 0.929134 0 -0.370079 
vn 0.929134 0 -0.370079 
vn 0.929134 0.0472441 -0.370079 
vn 0.80315 0.0472441 -0.598425 
vn 1 0 -0.0472441 
vn 0.0944882 -0.519685 -0.850394 
vn 0 -0.622047 -0.787402 
vn 0 -0.543307 -0.84252 
vn 0.0944882 -0.622047 -0.779528 
vn 0 -0.795276 -0.606299 
vn 0.0866142 -0.795276 -0.598425 
vn 0.228346 -0.472441 -0.850394 
vn 0.212598 -0.330709 -0.92126 
vn 0.314961 -0.291339 -0.905512 
vn 0.212598 -0.606299 -0.76378 
vn 0.181102 -0.787402 -0.590551 
vn 0.346457 -0.433071 -0.834646 
vn 0.409449 -0.251969 -0.874016 
vn 0.330709 -0.582677 -0.740157 
vn 0.275591 -0.779528 -0.566929 
vn 0.370079 -0.76378 -0.527559 
vn 0.464567 -0.354331 -0.811024 
vn 0.488189 -0.220472 -0.84252 
vn 0.582677 -0.370079 -0.724409 
vn 0.448819 -0.559055 -0.692913 
vn 0.574803 -0.551181 -0.606299 
vn -0.661417 0.125984 -0.740157 
vn -0.80315 0.0472441 -0.598425 
vn -0.795276 0.125984 -0.590551 
vn -0.590551 0.448819 -0.669291 
vn -0.708661 0.440945 -0.543307 
vn -0.566929 0.692913 -0.440945 
vn -0.472441 0.692913 -0.551181 
vn -0.527559 0.11811 -0.84252 
vn -0.527559 0.0472441 -0.850394 
vn -0.480315 0.440945 -0.755906 
vn -0.377953 0.692913 -0.614173 
vn -0.417323 0.0314961 -0.913386 
vn -0.409449 0 -0.913386 
vn -0.488189 0.125984 -0.866142 
vn -0.377953 0.472441 -0.795276 
vn -0.291339 0.700787 -0.653543 
vn -0.283465 0 -0.96063 
vn -0.283465 0 -0.96063 
vn -0.244094 0.527559 -0.811024 
vn -0.212598 0.700787 -0.677165 
vn -0.409449 0.291339 -0.866142 
vn -0.425197 0.0629921 -0.905512 
vn -0.283465 0 -0.96063 
vn -0.275591 0.0472441 -0.96063 
vn -0.259843 0.338583 -0.905512 
vn -0.15748 0.527559 -0.834646 
vn -0.141732 0.700787 -0.692913 
vn -0.181102 0 -0.984252 
vn -0.0866142 0.527559 -0.84252 
vn -0.165354 0.338583 -0.929134 
vn -0.0787402 0.700787 -0.708661 
vn -0.173228 0.0551181 -0.984252 
vn -0.0944882 0.338583 -0.937008 
vn 0 0.527559 -0.850394 
vn 0 0.700787 -0.708661 
vn 0.0787402 0.700787 -0.708661 
vn -0.173228 0 -0.984252 
vn 0.0866142 0.527559 -0.84252 
vn -0.0944882 0.0472441 -0.992126 
vn 0.141732 0.700787 -0.692913 
vn -0.0944882 0 -0.992126 
vn -0.566929 -0.551181 -0.606299 
vn -0.748031 -0.385827 -0.535433 
vn -0.582677 -0.370079 -0.724409 
vn -0.685039 -0.543307 -0.480315 
vn -0.456693 -0.755906 -0.464567 
vn -0.543307 -0.755906 -0.377953 
vn -0.362205 -0.76378 -0.527559 
vn -0.448819 -0.566929 -0.692913 
vn -0.330709 -0.582677 -0.740157 
vn -0.275591 -0.779528 -0.566929 
vn -0.181102 -0.787402 -0.590551 
vn -0.464567 -0.362205 -0.811024 
vn -0.212598 -0.614173 -0.76378 
vn -0.0866142 -0.795276 -0.598425 
vn -0.346457 -0.433071 -0.834646 
vn -0.0944882 -0.622047 -0.779528 
vn -0.228346 -0.480315 -0.850394 
vn -0.409449 -0.244094 -0.874016 
vn -0.314961 -0.283465 -0.905512 
vn -0.488189 -0.220472 -0.84252 
vn -0.338583 -0.204724 -0.92126 
vn -0.409449 -0.212598 -0.889764 
vn -0.511811 -0.212598 -0.834646 
vn -0.440945 -0.173228 -0.88189 
vn -0.653543 -0.23622 -0.724409 
vn -0.80315 -0.220472 -0.551181 
vn -0.685039 -0.0708661 -0.732283 
vn -0.826772 -0.0472441 -0.566929 
vn -0.551181 -0.0866142 -0.826772 
vn -0.433071 -0.0629921 -0.897638 
vn -0.700787 -0.00787402 -0.716535 
vn -0.818898 -0.00787402 -0.574803 
vn -0.582677 -0.0314961 -0.811024 
vn -0.433071 -0.0472441 -0.897638 
vn -0.692913 0.00787402 -0.724409 
vn -0.818898 0 -0.574803 
vn -0.574803 -0.00787402 -0.818898 
vn -0.425197 -0.0472441 -0.905512 
vn -0.677165 0.015748 -0.740157 
vn -0.811024 0.00787402 -0.582677 
vn -0.527559 0.015748 -0.850394 
vn -0.409449 -0.023622 -0.913386 
vn -0.661417 0.00787402 -0.748031 
vn -0.80315 0 -0.598425 
vn -0.80315 0 -0.590551 
vn -0.527559 0 -0.850394 
vn -0.669291 0 -0.748031 
vn -0.80315 0 -0.598425 
vn -0.409449 -0.023622 -0.913386 
vn -0.669291 0 -0.748031 
vn -0.535433 0 -0.84252 
vn -0.535433 0 -0.84252 
vn -0.669291 0.0472441 -0.748031 
vn -0.409449 0 -0.913386 
vn -0.401575 -0.015748 -0.913386 
vn 0 0.338583 -0.937008 
vn 0 0.0472441 -1 
vn 0 0 -1 
vn -0.102362 0 -0.992126 
vn -0.181102 0 -0.984252 
vn 0.0944882 0.330709 -0.937008 
vn 0.0944882 0.0472441 -0.992126 
vn -0.275591 -0.00787402 -0.96063 
vn -0.362205 -0.0393701 -0.929134 
vn -0.346457 -0.0472441 -0.937008 
vn -0.259843 -0.023622 -0.968504 
vn -0.165354 0 -0.984252 
vn -0.102362 0 -0.992126 
vn -0.165354 0 -0.984252 
vn 0 0 -1 
vn -0.0944882 0 -0.992126 
vn 0 0 -1 
vn 0.102362 0 -0.992126 
vn 0.102362 0 -0.992126 
vn 0.0944882 0 -0.992126 
vn 0.181102 0 -0.984252 
vn 0.181102 0 -0.984252 
vn 0.173228 0 -0.984252 
vn 0.173228 0.0551181 -0.984252 
vn 0.283465 0 -0.96063 
vn 0.165354 0.338583 -0.929134 
vn 0.275591 0.0472441 -0.96063 
vn 0.15748 0.527559 -0.834646 
vn 0.212598 0.700787 -0.677165 
vn 0.259843 0.338583 -0.905512 
vn 0.244094 0.527559 -0.811024 
vn 0.291339 0.700787 -0.653543 
vn 0.409449 0.291339 -0.866142 
vn 0.425197 0.0629921 -0.905512 
vn 0.377953 0.472441 -0.795276 
vn 0.377953 0.692913 -0.614173 
vn 0.488189 0.125984 -0.866142 
vn 0.417323 0.0314961 -0.913386 
vn 0.480315 0.440945 -0.755906 
vn 0.472441 0.692913 -0.551181 
vn 0.527559 0.11811 -0.84252 
vn 0.590551 0.448819 -0.669291 
vn 0.566929 0.692913 -0.440945 
vn 0.716535 0.440945 -0.543307 
vn 0.795276 0.125984 -0.590551 
vn 0.661417 0.125984 -0.740157 
vn 0.80315 0.0472441 -0.598425 
vn 0.527559 0.0472441 -0.850394 
vn 0.669291 0.0472441 -0.748031 
vn 0.669291 0 -0.748031 
vn 0.80315 0 -0.598425 
vn 0.535433 0 -0.84252 
vn 0.409449 0 -0.913386 
vn 0.669291 0 -0.748031 
vn 0.80315 0 -0.590551 
vn 0.535433 0 -0.84252 
vn 0.661417 0.00787402 -0.748031 
vn 0.80315 0 -0.598425 
vn 0.811024 0.00787402 -0.582677 
vn 0.527559 0 -0.850394 
vn 0.677165 0.015748 -0.740157 
vn 0.818898 0 -0.574803 
vn 0.409449 0 -0.913386 
vn 0.692913 0.00787402 -0.724409 
vn 0.818898 -0.00787402 -0.574803 
vn 0.527559 0.015748 -0.850394 
vn 0.700787 -0.015748 -0.716535 
vn 0.826772 -0.0472441 -0.566929 
vn 0.574803 -0.00787402 -0.818898 
vn 0.409449 -0.023622 -0.913386 
vn 0.677165 -0.0708661 -0.732283 
vn 0.80315 -0.220472 -0.551181 
vn 0.582677 -0.0314961 -0.811024 
vn 0.409449 -0.023622 -0.913386 
vn 0.425197 -0.0472441 -0.905512 
vn 0.653543 -0.23622 -0.724409 
vn 0.748031 -0.385827 -0.535433 
vn 0.551181 -0.0866142 -0.826772 
vn 0.433071 -0.0472441 -0.897638 
vn 0.354331 -0.0472441 -0.937008 
vn 0.346457 -0.0472441 -0.937008 
vn 0.370079 -0.0393701 -0.929134 
vn 0.346457 -0.015748 -0.937008 
vn 0.362205 -0.00787402 -0.929134 
vn 0.377953 -0.015748 -0.92126 
vn 0.338583 0.023622 -0.937008 
vn 0.433071 -0.0629921 -0.897638 
vn 0.393701 -0.0393701 -0.92126 
vn 0.346457 0.015748 -0.937008 
vn 0.511811 -0.212598 -0.834646 
vn 0.440945 -0.173228 -0.88189 
vn 0.385827 -0.0944882 -0.913386 
vn 0.322835 -0.0314961 -0.944882 
vn 0.409449 -0.212598 -0.889764 
vn 0.338583 -0.102362 -0.937008 
vn 0.299213 -0.023622 -0.952756 
vn 0.685039 -0.543307 -0.480315 
vn 0.456693 -0.755906 -0.464567 
vn 0.543307 -0.748031 -0.377953 
vn 0.291339 -0.11811 -0.952756 
vn 0.259843 -0.0393701 -0.96063 
vn 0.338583 -0.204724 -0.92126 
vn 0.228346 -0.141732 -0.96063 
vn 0.204724 -0.0551181 -0.976378 
vn 0.267717 -0.220472 -0.937008 
vn 0.15748 -0.149606 -0.976378 
vn 0.141732 -0.0629921 -0.992126 
vn 0.188976 -0.220472 -0.952756 
vn 0.0866142 -0.141732 -0.984252 
vn 0.102362 -0.220472 -0.968504 
vn 0.110236 -0.354331 -0.929134 
vn 0 -0.220472 -0.976378 
vn 0 -0.141732 -0.992126 
vn -0.0866142 -0.141732 -0.984252 
vn 0 -0.377953 -0.929134 
vn -0.102362 -0.220472 -0.968504 
vn -0.141732 -0.0629921 -0.992126 
vn -0.15748 -0.149606 -0.976378 
vn -0.204724 -0.0551181 -0.976378 
vn -0.228346 -0.141732 -0.96063 
vn -0.259843 -0.0393701 -0.96063 
vn -0.188976 -0.220472 -0.952756 
vn -0.110236 -0.354331 -0.929134 
vn -0.291339 -0.11811 -0.952756 
vn -0.299213 -0.023622 -0.952756 
vn -0.267717 -0.220472 -0.937008 
vn -0.338583 -0.102362 -0.937008 
vn -0.322835 -0.0314961 -0.944882 
vn -0.212598 -0.322835 -0.92126 
vn -0.385827 -0.0944882 -0.913386 
vn -0.346457 0.015748 -0.937008 
vn -0.0944882 -0.519685 -0.850394 
vn -0.393701 -0.0393701 -0.92126 
vn -0.346457 0.023622 -0.937008 
vn -0.377953 -0.015748 -0.92126 
vn -0.362205 -0.00787402 -0.929134 
vn -0.370079 -0.0393701 -0.929134 
vn -0.346457 -0.015748 -0.937008 
vn -0.354331 -0.0472441 -0.937008 
vn -0.314961 -0.0472441 -0.944882 
vn -0.244094 -0.0314961 -0.968504 
vn -0.15748 -0.00787402 -0.984252 
vn -0.220472 -0.015748 -0.976378 
vn -0.141732 -0.00787402 -0.992126 
vn -0.0944882 0 -0.992126 
vn -0.0866142 0 -1 
vn 0 0 -1 
vn 0 0 -1 
vn 0 0 -1 
vn 0.0866142 0 -1 
vn 0.0944882 0 -0.992126 
vn 0.15748 -0.00787402 -0.984252 
vn 0.141732 -0.00787402 -0.992126 
vn 0.220472 -0.015748 -0.976378 
vn 0.0944882 0 -0.992126 
vn 0.165354 0 -0.984252 
vn 0.165354 0 -0.984252 
vn 0.244094 -0.0314961 -0.968504 
vn 0.259843 -0.023622 -0.968504 
vn 0.314961 -0.0472441 -0.944882 
vn 0.362205 -0.0393701 -0.929134 
vn 0.275591 -0.00787402 -0.96063 
vn 0.401575 -0.015748 -0.913386 
vn 0.283465 0 -0.96063 
vn 0.283465 0 -0.96063 
vn -0.0314961 -0.488189 0.874016 
vn -0.0787402 -0.464567 0.88189 
vn 0.0393701 -0.488189 -0.866142 
vn 0.110236 -0.503937 -0.858268 
vn -0.0944882 -0.173228 0.976378 
vn 0.110236 -0.0551181 -0.992126 
vn -0.0393701 -0.188976 0.984252 
vn 0.0472441 -0.0551181 -1 
vn 0.110236 -0.0314961 -0.992126 
vn 0.0472441 -0.0314961 -1 
vn 0 -0.0551181 -1 
vn 0 -0.472441 -0.88189 
vn -0.0472441 -0.0551181 -1 
vn 0 -0.503937 0.858268 
vn 0 -0.19685 0.976378 
vn 0.0393701 -0.188976 0.984252 
vn 0.0314961 -0.488189 0.874016 
vn 0.0944882 -0.173228 0.976378 
vn 0.0787402 -0.464567 0.88189 
vn -0.0393701 -0.488189 -0.866142 
vn -0.110236 -0.503937 -0.858268 
vn -0.110236 -0.0551181 -0.992126 
vn -0.291339 0.740157 -0.606299 
vn 0.212598 -0.0314961 -0.976378 
vn 0.212598 -0.0393701 -0.976378 
vn -0.76378 0.181102 -0.622047 
vn -0.779528 -0.00787402 -0.629921 
vn 0.212598 -0.0551181 -0.976378 
vn -0.76378 -0.220472 -0.614173 
vn 0.212598 -0.0551181 -0.976378 
vn -0.362205 -0.433071 -0.826772 
vn 0.19685 -0.0551181 -0.976378 
vn 0.188976 -0.0314961 -0.984252 
vn 0.204724 -0.456693 -0.866142 
vn 0.181102 -0.496063 -0.850394 
vn 0.15748 -0.0551181 -0.984252 
vn 0.149606 -0.0314961 -0.984252 
vn 0.149606 -0.496063 -0.858268 
vn -0.244094 -0.456693 0.850394 
vn -0.165354 -0.480315 0.858268 
vn -0.259843 -0.149606 0.952756 
vn -0.188976 -0.165354 0.968504 
vn -0.314961 -0.133858 0.937008 
vn -0.307087 -0.425197 0.850394 
vn -0.370079 -0.0866142 0.92126 
vn -0.692913 -0.464567 0.551181 
vn -0.944882 -0.181102 0.267717 
vn -0.409449 -0.0393701 0.913386 
vn -0.76378 -0.220472 -0.614173 
vn -0.448819 0.0472441 0.889764 
vn -0.984252 -0.023622 0.181102 
vn -0.779528 -0.00787402 -0.629921 
vn -0.96063 0.23622 0.133858 
vn -0.76378 0.181102 -0.622047 
vn -0.291339 0.740157 -0.606299 
vn -0.456693 0.149606 0.874016 
vn -0.535433 0.76378 0.362205 
vn -0.370079 0.275591 0.889764 
vn 0.0866142 0.80315 -0.582677 
vn -0.275591 0.771654 0.566929 
vn -0.535433 0.76378 0.362205 
vn -0.370079 0.275591 0.889764 
vn -0.307087 0.362205 0.88189 
vn -0.228346 0.80315 0.559055 
vn -0.259843 0.377953 0.889764 
vn -0.165354 0.811024 0.559055 
vn -0.181102 0.393701 0.897638 
vn 0.0708661 0.811024 -0.582677 
vn -0.0866142 0.80315 0.590551 
vn -0.0944882 0.417323 0.905512 
vn 0.0551181 0.811024 -0.574803 
vn -0.023622 0.818898 0.566929 
vn -0.0314961 0.433071 0.905512 
vn 0.0393701 0.818898 -0.574803 
vn 0 0.834646 0.551181 
vn 0 0.425197 0.905512 
vn 0.0314961 0.433071 0.905512 
vn 0.015748 0.811024 -0.582677 
vn 0 0.811024 -0.582677 
vn 0 -0.0314961 -1 
vn -0.015748 0.811024 -0.582677 
vn 0.0314961 0.818898 0.566929 
vn 0.0944882 0.417323 0.905512 
vn 0.0866142 0.80315 0.590551 
vn 0.181102 0.393701 0.897638 
vn -0.0393701 0.818898 -0.574803 
vn -0.0472441 -0.0314961 -1 
vn 0.165354 0.811024 0.559055 
vn 0.259843 0.377953 0.889764 
vn -0.0551181 0.811024 -0.574803 
vn -0.110236 -0.0314961 -0.992126 
vn 0.228346 0.80315 0.559055 
vn 0.307087 0.362205 0.88189 
vn -0.0708661 0.811024 -0.582677 
vn -0.149606 -0.0314961 -0.984252 
vn 0.275591 0.771654 0.566929 
vn 0.370079 0.275591 0.889764 
vn 0.535433 0.76378 0.362205 
vn 0.291339 0.740157 -0.598425 
vn -0.0866142 0.811024 -0.582677 
vn -0.188976 -0.0314961 -0.984252 
vn -0.15748 -0.0551181 -0.984252 
vn -0.212598 -0.0314961 -0.976378 
vn -0.19685 -0.0551181 -0.976378 
vn -0.149606 -0.496063 -0.858268 
vn -0.212598 -0.0393701 -0.976378 
vn 0.76378 0.173228 -0.622047 
vn 0.779528 -0.00787402 -0.622047 
vn -0.212598 -0.0551181 -0.976378 
vn -0.212598 -0.0551181 -0.976378 
vn 0.76378 -0.220472 -0.614173 
vn 0.362205 -0.433071 -0.826772 
vn -0.204724 -0.456693 -0.866142 
vn -0.181102 -0.496063 -0.850394 
vn 0.307087 -0.425197 0.850394 
vn 0.244094 -0.456693 0.850394 
vn 0.165354 -0.480315 0.858268 
vn 0.259843 -0.149606 0.952756 
vn 0.188976 -0.165354 0.968504 
vn 0.314961 -0.133858 0.937008 
vn 0.370079 -0.0866142 0.92126 
vn 0.692913 -0.464567 0.551181 
vn 0.944882 -0.181102 0.267717 
vn 0.409449 -0.0393701 0.913386 
vn 0.76378 -0.220472 -0.614173 
vn 0.448819 0.0472441 0.889764 
vn 0.984252 -0.023622 0.181102 
vn 0.779528 -0.00787402 -0.622047 
vn 0.96063 0.23622 0.133858 
vn 0.76378 0.173228 -0.622047 
vn 0.291339 0.740157 -0.598425 
vn 0.456693 0.149606 0.874016 
vn 0.535433 0.76378 0.362205 
vn 0.370079 0.275591 0.889764 

vt 0.165879 0.431201 
vt 0.162075 0.405732 
vt 0.16085 0.431087 
vt 0.155977 0.430989 
vt 0.157318 0.458 
vt 0.157216 0.404026 
vt 0.161979 0.378719 
vt 0.162134 0.456423 
vt 0.161697 0.481466 
vt 0.166358 0.382542 
vt 0.167905 0.363269 
vt 0.166733 0.406161 
vt 0.166277 0.477989 
vt 0.168384 0.498405 
vt 0.166779 0.45626 
vt 0.179736 0.431309 
vt 0.171979 0.49255 
vt 0.173941 0.504396 
vt 0.169937 0.47757 
vt 0.179746 0.455979 
vt 0.174149 0.492287 
vt 0.175098 0.495551 
vt 0.179755 0.496732 
vt 0.179754 0.505534 
vt 0.179755 0.492398 
vt 0.179757 0.47715 
vt 0.184412 0.49555 
vt 0.185565 0.504397 
vt 0.185362 0.492285 
vt 0.189582 0.477564 
vt 0.187532 0.49255 
vt 0.191121 0.49841 
vt 0.192951 0.456239 
vt 0.193247 0.477979 
vt 0.19782 0.481508 
vt 0.197591 0.456381 
vt 0.202438 0.457951 
vt 0.193836 0.431182 
vt 0.198867 0.431058 
vt 0.203739 0.430946 
vt 0.202473 0.403977 
vt 0.197621 0.405727 
vt 0.19297 0.406147 
vt 0.193131 0.382526 
vt 0.197501 0.37864 
vt 0.179734 0.406675 
vt 0.188354 0.369981 
vt 0.191555 0.36324 
vt 0.18949 0.383172 
vt 0.185946 0.357687 
vt 0.184801 0.365989 
vt 0.179729 0.356363 
vt 0.185771 0.370223 
vt 0.179739 0.383689 
vt 0.169995 0.383188 
vt 0.179733 0.364779 
vt 0.173513 0.3577 
vt 0.179735 0.37012 
vt 0.174666 0.365998 
vt 0.173699 0.370233 
vt 0.171117 0.369998 
vt 0.220353 0.0237443 
vt 0.21452 0.0237443 
vt 0.219576 0.0309318 
vt 0.227884 0.0315369 
vt 0.22969 0.0237443 
vt 0.268189 0.430831 
vt 0.266964 0.405475 
vt 0.26316 0.430945 
vt 0.273062 0.430731 
vt 0.271721 0.457743 
vt 0.271823 0.403768 
vt 0.26706 0.378462 
vt 0.266905 0.456166 
vt 0.267342 0.481208 
vt 0.262682 0.382285 
vt 0.261134 0.363012 
vt 0.262306 0.405903 
vt 0.262762 0.477733 
vt 0.260655 0.498149 
vt 0.26226 0.456003 
vt 0.249304 0.431051 
vt 0.25706 0.492293 
vt 0.255098 0.504139 
vt 0.259102 0.477313 
vt 0.249293 0.455722 
vt 0.25489 0.492029 
vt 0.253941 0.495294 
vt 0.249284 0.496475 
vt 0.249286 0.505276 
vt 0.249284 0.492142 
vt 0.249282 0.476893 
vt 0.244627 0.495293 
vt 0.243474 0.50414 
vt 0.243677 0.492028 
vt 0.239457 0.477307 
vt 0.241507 0.492293 
vt 0.237918 0.498154 
vt 0.236088 0.455982 
vt 0.235793 0.477722 
vt 0.231219 0.481251 
vt 0.231448 0.456124 
vt 0.226601 0.457694 
vt 0.235203 0.430924 
vt 0.230172 0.430801 
vt 0.2253 0.430689 
vt 0.226566 0.40372 
vt 0.231419 0.40547 
vt 0.231539 0.378382 
vt 0.23607 0.40589 
vt 0.249306 0.406418 
vt 0.235908 0.382269 
vt 0.239549 0.382915 
vt 0.240686 0.369724 
vt 0.237484 0.362983 
vt 0.243093 0.35743 
vt 0.259045 0.382931 
vt 0.2493 0.383432 
vt 0.243268 0.369966 
vt 0.244239 0.365732 
vt 0.24931 0.356106 
vt 0.257922 0.36974 
vt 0.25534 0.369975 
vt 0.254373 0.365741 
vt 0.255527 0.357443 
vt 0.249306 0.364522 
vt 0.249304 0.369863 
vt 0.304753 0.348702 
vt 0.306821 0.349127 
vt 0.306494 0.351891 
vt 0.308574 0.352712 
vt 0.304606 0.351563 
vt 0.309055 0.349964 
vt 0.30266 0.348573 
vt 0.310804 0.3538 
vt 0.302661 0.351433 
vt 0.311455 0.351128 
vt 0.300715 0.35156 
vt 0.313007 0.355069 
vt 0.300566 0.348699 
vt 0.313787 0.352609 
vt 0.298827 0.351883 
vt 0.314439 0.356163 
vt 0.298498 0.349119 
vt 0.315552 0.354442 
vt 0.296748 0.352701 
vt 0.314833 0.356453 
vt 0.296265 0.349955 
vt 0.316072 0.355138 
vt 0.294515 0.35379 
vt 0.315059 0.356611 
vt 0.316527 0.355438 
vt 0.293863 0.351116 
vt 0.29231 0.355052 
vt 0.291529 0.35259 
vt 0.29087 0.356137 
vt 0.289762 0.354423 
vt 0.290487 0.356426 
vt 0.289243 0.355124 
vt 0.29026 0.356584 
vt 0.288789 0.35543 
vt 0.289336 0.358181 
vt 0.28884 0.357912 
vt 0.290489 0.356741 
vt 0.289751 0.358628 
vt 0.290889 0.357031 
vt 0.291617 0.360395 
vt 0.29234 0.358125 
vt 0.293937 0.361814 
vt 0.294553 0.359389 
vt 0.296321 0.36298 
vt 0.296776 0.360477 
vt 0.298436 0.363805 
vt 0.298843 0.361299 
vt 0.300581 0.364244 
vt 0.30072 0.361628 
vt 0.302654 0.364406 
vt 0.302653 0.361759 
vt 0.304587 0.361632 
vt 0.304726 0.364249 
vt 0.306464 0.36131 
vt 0.306872 0.363816 
vt 0.308532 0.360492 
vt 0.308989 0.362994 
vt 0.310759 0.359406 
vt 0.311375 0.361831 
vt 0.312976 0.358146 
vt 0.3137 0.360417 
vt 0.31443 0.357057 
vt 0.315572 0.358652 
vt 0.314831 0.356782 
vt 0.315986 0.358199 
vt 0.316481 0.357922 
vt 0.227961 0.0864213 
vt 0.224792 0.0788605 
vt 0.222884 0.0790624 
vt 0.217267 0.0701042 
vt 0.216266 0.05706 
vt 0.215321 0.0701508 
vt 0.21452 0.056854 
vt 0.21452 0.0701814 
vt 0.213719 0.0701508 
vt 0.212773 0.05706 
vt 0.211772 0.0701042 
vt 0.209464 0.0309318 
vt 0.21452 0.0307196 
vt 0.201155 0.0315369 
vt 0.208687 0.0237443 
vt 0.19935 0.0237443 
vt 0.204247 0.0788605 
vt 0.201078 0.0864213 
vt 0.206155 0.0790624 
vt 0.204255 0.0885185 
vt 0.208076 0.0791463 
vt 0.207407 0.0895827 
vt 0.209926 0.0791737 
vt 0.213349 0.0906687 
vt 0.213751 0.0791571 
vt 0.211812 0.0791748 
vt 0.21452 0.0907878 
vt 0.21452 0.0791411 
vt 0.215288 0.0791571 
vt 0.21569 0.0906687 
vt 0.217228 0.0791748 
vt 0.220963 0.0791463 
vt 0.219114 0.0791737 
vt 0.221633 0.0895827 
vt 0.224784 0.0885185 
vt 0.335585 0.422852 
vt 0.338988 0.423684 
vt 0.338752 0.423058 
vt 0.302177 0.303037 
vt 0.302702 0.300143 
vt 0.302077 0.303082 
vt 0.375522 0.428714 
vt 0.370497 0.424192 
vt 0.370497 0.428714 
vt 0.364834 0.428714 
vt 0.375764 0.424192 
vt 0.364716 0.424192 
vt 0.381235 0.428714 
vt 0.359045 0.428714 
vt 0.381518 0.424192 
vt 0.358756 0.424192 
vt 0.386796 0.428714 
vt 0.35342 0.428714 
vt 0.387128 0.424192 
vt 0.353075 0.424192 
vt 0.392701 0.428714 
vt 0.347915 0.428714 
vt 0.392943 0.424192 
vt 0.347654 0.424192 
vt 0.397795 0.428714 
vt 0.342924 0.428714 
vt 0.397569 0.424192 
vt 0.343175 0.424192 
vt 0.401341 0.428714 
vt 0.339416 0.428714 
vt 0.400277 0.424192 
vt 0.340615 0.424192 
vt 0.404828 0.428714 
vt 0.336206 0.428714 
vt 0.338988 0.423684 
vt 0.335585 0.422852 
vt 0.401371 0.42344 
vt 0.405298 0.422847 
vt 0.401783 0.423107 
vt 0.401751 0.422206 
vt 0.404553 0.417268 
vt 0.399707 0.4215 
vt 0.400754 0.417268 
vt 0.396906 0.4215 
vt 0.396968 0.417268 
vt 0.392469 0.4215 
vt 0.392106 0.417268 
vt 0.387027 0.4215 
vt 0.386614 0.417268 
vt 0.381366 0.4215 
vt 0.381036 0.417268 
vt 0.375471 0.4215 
vt 0.375287 0.417268 
vt 0.370497 0.4215 
vt 0.370497 0.417268 
vt 0.364648 0.417268 
vt 0.364463 0.4215 
vt 0.358942 0.417268 
vt 0.358606 0.4215 
vt 0.353412 0.417268 
vt 0.352994 0.4215 
vt 0.348293 0.417268 
vt 0.34793 0.4215 
vt 0.343583 0.417268 
vt 0.343632 0.4215 
vt 0.339906 0.417268 
vt 0.340889 0.4215 
vt 0.336297 0.417268 
vt 0.339106 0.422209 
vt 0.338752 0.423058 
vt 0.299634 0.300124 
vt 0.300147 0.303026 
vt 0.300244 0.303072 
vt 0.305255 0.0988867 
vt 0.311636 0.103811 
vt 0.311636 0.0987889 
vt 0.305255 0.103875 
vt 0.311636 0.109071 
vt 0.305255 0.10914 
vt 0.311636 0.115279 
vt 0.305255 0.115319 
vt 0.311636 0.121814 
vt 0.297676 0.103891 
vt 0.297676 0.0988805 
vt 0.297676 0.0934917 
vt 0.305255 0.0934917 
vt 0.297676 0.0896153 
vt 0.297676 0.109231 
vt 0.291437 0.103833 
vt 0.291437 0.0987547 
vt 0.291437 0.0934917 
vt 0.286147 0.103902 
vt 0.286147 0.098735 
vt 0.286147 0.0934917 
vt 0.291437 0.109056 
vt 0.286147 0.10902 
vt 0.291437 0.0896153 
vt 0.286147 0.0896153 
vt 0.297676 0.115379 
vt 0.291437 0.11513 
vt 0.286147 0.115077 
vt 0.305255 0.121824 
vt 0.311636 0.126011 
vt 0.297676 0.12185 
vt 0.305255 0.12599 
vt 0.311636 0.132133 
vt 0.291437 0.121687 
vt 0.286147 0.121667 
vt 0.297676 0.12599 
vt 0.305255 0.132074 
vt 0.311636 0.141175 
vt 0.291437 0.125952 
vt 0.286147 0.125841 
vt 0.297676 0.132027 
vt 0.305255 0.141077 
vt 0.305255 0.150932 
vt 0.297676 0.150824 
vt 0.291437 0.132118 
vt 0.286147 0.13217 
vt 0.286147 0.14119 
vt 0.297676 0.141007 
vt 0.291437 0.151063 
vt 0.291437 0.141241 
vt 0.286147 0.151069 
vt 0.297676 0.0798424 
vt 0.291437 0.0798424 
vt 0.291437 0.0863834 
vt 0.286147 0.0760758 
vt 0.286147 0.0798424 
vt 0.291437 0.0760758 
vt 0.286147 0.0863834 
vt 0.297676 0.0760758 
vt 0.305255 0.0798424 
vt 0.297676 0.0863834 
vt 0.305255 0.0863834 
vt 0.378174 0.0325209 
vt 0.381762 0.0233427 
vt 0.377877 0.0235943 
vt 0.382374 0.0154591 
vt 0.38426 0.0232397 
vt 0.382313 0.0324882 
vt 0.38536 0.0323273 
vt 0.380793 0.0157106 
vt 0.380325 0.0116122 
vt 0.379106 0.0102152 
vt 0.377421 0.0157391 
vt 0.375834 0.00804126 
vt 0.38249 0.0426023 
vt 0.384516 0.0437219 
vt 0.378259 0.0424412 
vt 0.381709 0.0494429 
vt 0.382878 0.0513415 
vt 0.378878 0.0521531 
vt 0.379091 0.0576605 
vt 0.374002 0.0422529 
vt 0.374644 0.0536128 
vt 0.374902 0.0607816 
vt 0.374035 0.0323532 
vt 0.370391 0.0539777 
vt 0.370376 0.061602 
vt 0.365851 0.0606512 
vt 0.37046 0.0422596 
vt 0.366152 0.0535098 
vt 0.361697 0.057411 
vt 0.370496 0.0324639 
vt 0.366905 0.042168 
vt 0.361942 0.0519466 
vt 0.35796 0.0509859 
vt 0.373991 0.0238391 
vt 0.359146 0.0491692 
vt 0.356389 0.0433254 
vt 0.362655 0.0422529 
vt 0.35842 0.0423119 
vt 0.355634 0.0319158 
vt 0.35868 0.0322082 
vt 0.356803 0.0228624 
vt 0.362817 0.0323381 
vt 0.359302 0.0230777 
vt 0.358753 0.015134 
vt 0.366963 0.0322694 
vt 0.363186 0.0234224 
vt 0.360331 0.0154694 
vt 0.360831 0.0113441 
vt 0.362059 0.0099802 
vt 0.363722 0.0155781 
vt 0.365349 0.0078963 
vt 0.367068 0.0237578 
vt 0.367714 0.0151159 
vt 0.368511 0.00695425 
vt 0.370532 0.0237371 
vt 0.37058 0.0148607 
vt 0.370598 0.00661987 
vt 0.372683 0.00701225 
vt 0.373444 0.0151826 
vt 0.420185 0.151069 
vt 0.414895 0.157231 
vt 0.420185 0.156974 
vt 0.408656 0.16785 
vt 0.408656 0.157076 
vt 0.401077 0.157189 
vt 0.414895 0.16785 
vt 0.420185 0.16785 
vt 0.414895 0.173771 
vt 0.420185 0.173771 
vt 0.408656 0.173771 
vt 0.420185 0.179093 
vt 0.414895 0.179093 
vt 0.420185 0.184071 
vt 0.414895 0.184071 
vt 0.408656 0.179093 
vt 0.408656 0.184071 
vt 0.401077 0.184071 
vt 0.401077 0.179093 
vt 0.394696 0.179093 
vt 0.394696 0.184071 
vt 0.401077 0.173771 
vt 0.401077 0.16785 
vt 0.394696 0.157278 
vt 0.394696 0.151039 
vt 0.394696 0.16785 
vt 0.394696 0.173771 
vt 0.386386 0.151181 
vt 0.386404 0.157392 
vt 0.386469 0.16785 
vt 0.386471 0.173771 
vt 0.386494 0.179093 
vt 0.386607 0.184071 
vt 0.380201 0.173771 
vt 0.380201 0.179093 
vt 0.380201 0.184071 
vt 0.374598 0.184071 
vt 0.380201 0.16785 
vt 0.374598 0.173771 
vt 0.374598 0.179093 
vt 0.369236 0.184071 
vt 0.374598 0.16785 
vt 0.369559 0.173771 
vt 0.380201 0.157466 
vt 0.374598 0.157698 
vt 0.368681 0.179093 
vt 0.366413 0.173771 
vt 0.366137 0.184071 
vt 0.365996 0.179093 
vt 0.363515 0.179093 
vt 0.363533 0.173771 
vt 0.361356 0.184071 
vt 0.360882 0.179093 
vt 0.360585 0.173771 
vt 0.358095 0.179093 
vt 0.356285 0.184071 
vt 0.357841 0.173771 
vt 0.355423 0.179093 
vt 0.353166 0.184071 
vt 0.35483 0.173771 
vt 0.353166 0.179093 
vt 0.353166 0.173771 
vt 0.351502 0.173771 
vt 0.350909 0.179093 
vt 0.350047 0.184071 
vt 0.348491 0.173771 
vt 0.348237 0.179093 
vt 0.344976 0.184071 
vt 0.345747 0.173771 
vt 0.34545 0.179093 
vt 0.342799 0.173771 
vt 0.342817 0.179093 
vt 0.340195 0.184071 
vt 0.339919 0.173771 
vt 0.340336 0.179093 
vt 0.337651 0.179093 
vt 0.337096 0.184071 
vt 0.336773 0.173771 
vt 0.331734 0.179093 
vt 0.331734 0.184071 
vt 0.331734 0.173771 
vt 0.32613 0.179093 
vt 0.32613 0.184071 
vt 0.319725 0.184071 
vt 0.319838 0.179093 
vt 0.311636 0.184071 
vt 0.32613 0.173771 
vt 0.311636 0.179093 
vt 0.32613 0.16785 
vt 0.305255 0.184071 
vt 0.331734 0.16785 
vt 0.319861 0.173771 
vt 0.319863 0.16785 
vt 0.32613 0.157466 
vt 0.331734 0.157698 
vt 0.319928 0.157392 
vt 0.311636 0.173771 
vt 0.311636 0.16785 
vt 0.305255 0.173771 
vt 0.305255 0.179093 
vt 0.297676 0.179093 
vt 0.297676 0.184071 
vt 0.297676 0.173771 
vt 0.291437 0.184071 
vt 0.291437 0.179093 
vt 0.286147 0.184071 
vt 0.286147 0.179093 
vt 0.291437 0.173771 
vt 0.331734 0.0896153 
vt 0.32613 0.0934917 
vt 0.331734 0.0934917 
vt 0.32613 0.0989504 
vt 0.331734 0.0988784 
vt 0.32613 0.0896153 
vt 0.331734 0.103909 
vt 0.32613 0.103902 
vt 0.331734 0.109272 
vt 0.32613 0.109214 
vt 0.319762 0.103969 
vt 0.331734 0.115533 
vt 0.319751 0.0990518 
vt 0.319712 0.0934917 
vt 0.331734 0.0863834 
vt 0.319721 0.0896153 
vt 0.32613 0.0863834 
vt 0.319731 0.0863834 
vt 0.32613 0.0798424 
vt 0.319691 0.0798424 
vt 0.311636 0.0863834 
vt 0.311636 0.0896153 
vt 0.311636 0.0934917 
vt 0.305255 0.0896153 
vt 0.286147 0.173771 
vt 0.286147 0.16785 
vt 0.291437 0.16785 
vt 0.286147 0.156974 
vt 0.305255 0.16785 
vt 0.297676 0.16785 
vt 0.291437 0.157231 
vt 0.311636 0.157278 
vt 0.305255 0.157189 
vt 0.297676 0.157076 
vt 0.319946 0.151181 
vt 0.311636 0.151039 
vt 0.32613 0.151309 
vt 0.331734 0.151612 
vt 0.331734 0.141804 
vt 0.32613 0.141492 
vt 0.331734 0.132673 
vt 0.31995 0.141336 
vt 0.32613 0.132415 
vt 0.32613 0.12639 
vt 0.331734 0.126596 
vt 0.319918 0.132268 
vt 0.32613 0.122025 
vt 0.331734 0.122187 
vt 0.319882 0.126117 
vt 0.32613 0.115427 
vt 0.31986 0.1219 
vt 0.319825 0.115326 
vt 0.319786 0.109148 
vt 0.311636 0.0798424 
vt 0.311636 0.0760758 
vt 0.319725 0.0760758 
vt 0.305255 0.0760758 
vt 0.32613 0.0760758 
vt 0.331734 0.0760758 
vt 0.331734 0.0798424 
vt 0.334895 0.0760758 
vt 0.334959 0.0863834 
vt 0.334915 0.0798424 
vt 0.338348 0.0760758 
vt 0.338494 0.0798424 
vt 0.338987 0.0863834 
vt 0.34225 0.0760758 
vt 0.342343 0.0798424 
vt 0.34295 0.0863834 
vt 0.346334 0.0760758 
vt 0.346382 0.0798424 
vt 0.347013 0.0863834 
vt 0.350105 0.0760758 
vt 0.350186 0.0798424 
vt 0.350679 0.0863834 
vt 0.353166 0.0760758 
vt 0.353166 0.0798424 
vt 0.353166 0.0863834 
vt 0.355652 0.0863834 
vt 0.356146 0.0798424 
vt 0.356227 0.0760758 
vt 0.359319 0.0863834 
vt 0.35995 0.0798424 
vt 0.359998 0.0760758 
vt 0.363382 0.0863834 
vt 0.363989 0.0798424 
vt 0.364082 0.0760758 
vt 0.367344 0.0863834 
vt 0.367838 0.0798424 
vt 0.367984 0.0760758 
vt 0.371373 0.0863834 
vt 0.371417 0.0798424 
vt 0.371437 0.0760758 
vt 0.374598 0.0798424 
vt 0.374598 0.0760758 
vt 0.374598 0.0863834 
vt 0.380201 0.0798424 
vt 0.380201 0.0760758 
vt 0.386607 0.0760758 
vt 0.386641 0.0798424 
vt 0.394696 0.0760758 
vt 0.380201 0.0863834 
vt 0.380201 0.0896153 
vt 0.374598 0.0896153 
vt 0.386601 0.0863834 
vt 0.380201 0.0934917 
vt 0.374598 0.0934917 
vt 0.386611 0.0896153 
vt 0.380201 0.0989504 
vt 0.374598 0.0988784 
vt 0.374598 0.103909 
vt 0.38662 0.0934917 
vt 0.386581 0.0990518 
vt 0.380201 0.103902 
vt 0.374598 0.109272 
vt 0.38657 0.103969 
vt 0.380201 0.109214 
vt 0.374598 0.115533 
vt 0.380201 0.115427 
vt 0.374598 0.122187 
vt 0.386546 0.109148 
vt 0.380201 0.122025 
vt 0.374598 0.126596 
vt 0.386507 0.115326 
vt 0.386472 0.1219 
vt 0.380201 0.12639 
vt 0.374598 0.132673 
vt 0.38645 0.126117 
vt 0.394696 0.115279 
vt 0.394696 0.121814 
vt 0.394696 0.109071 
vt 0.394696 0.103811 
vt 0.401077 0.10914 
vt 0.394696 0.0987889 
vt 0.401077 0.103875 
vt 0.401077 0.0988867 
vt 0.394696 0.0934917 
vt 0.401077 0.0934917 
vt 0.394696 0.0896153 
vt 0.401077 0.0896153 
vt 0.408656 0.0896153 
vt 0.401077 0.0863834 
vt 0.394696 0.0863834 
vt 0.394696 0.0798424 
vt 0.401077 0.0760758 
vt 0.401077 0.0798424 
vt 0.408656 0.0760758 
vt 0.408656 0.0863834 
vt 0.408656 0.0798424 
vt 0.414895 0.0760758 
vt 0.414895 0.0798424 
vt 0.420185 0.0760758 
vt 0.420185 0.0798424 
vt 0.420185 0.0863834 
vt 0.414895 0.0863834 
vt 0.420185 0.0896153 
vt 0.414895 0.0896153 
vt 0.420185 0.0934917 
vt 0.414895 0.0934917 
vt 0.420185 0.098735 
vt 0.408656 0.0934917 
vt 0.414895 0.0987547 
vt 0.420185 0.103902 
vt 0.408656 0.0988805 
vt 0.414895 0.103833 
vt 0.408656 0.103891 
vt 0.414895 0.109056 
vt 0.420185 0.10902 
vt 0.408656 0.109231 
vt 0.414895 0.11513 
vt 0.420185 0.115077 
vt 0.408656 0.115379 
vt 0.401077 0.115319 
vt 0.414895 0.121687 
vt 0.420185 0.121667 
vt 0.408656 0.12185 
vt 0.401077 0.121824 
vt 0.414895 0.125952 
vt 0.420185 0.125841 
vt 0.408656 0.12599 
vt 0.401077 0.12599 
vt 0.394696 0.126011 
vt 0.414895 0.132118 
vt 0.420185 0.13217 
vt 0.420185 0.14119 
vt 0.408656 0.132027 
vt 0.414895 0.141241 
vt 0.401077 0.132074 
vt 0.408656 0.141007 
vt 0.401077 0.141077 
vt 0.394696 0.132133 
vt 0.394696 0.141175 
vt 0.414895 0.151063 
vt 0.408656 0.150824 
vt 0.401077 0.150932 
vt 0.386382 0.141336 
vt 0.32283 0.053677 
vt 0.318647 0.0547867 
vt 0.321695 0.0579849 
vt 0.318675 0.058705 
vt 0.323963 0.0570756 
vt 0.315647 0.0581486 
vt 0.325971 0.0561521 
vt 0.314446 0.0539037 
vt 0.313367 0.057368 
vt 0.311344 0.0565502 
vt 0.31861 0.0504057 
vt 0.31313 0.0492054 
vt 0.30973 0.0547473 
vt 0.324076 0.0489124 
vt 0.327559 0.0542619 
vt 0.308509 0.0526764 
vt 0.328747 0.0521303 
vt 0.318508 0.0369034 
vt 0.308852 0.0435542 
vt 0.307221 0.050739 
vt 0.306089 0.0445439 
vt 0.313037 0.0366518 
vt 0.307673 0.036684 
vt 0.305171 0.0370209 
vt 0.305519 0.0267993 
vt 0.307935 0.0273459 
vt 0.306951 0.0198375 
vt 0.30914 0.0203121 
vt 0.309152 0.0150258 
vt 0.312909 0.0269638 
vt 0.312856 0.0172562 
vt 0.312949 0.0113167 
vt 0.318427 0.0261662 
vt 0.318347 0.0159725 
vt 0.318293 0.00951695 
vt 0.323674 0.0110283 
vt 0.323868 0.0169627 
vt 0.327523 0.0145299 
vt 0.323976 0.0266693 
vt 0.327619 0.0198188 
vt 0.329792 0.0192199 
vt 0.328928 0.0267863 
vt 0.331332 0.0261098 
vt 0.323976 0.0363605 
vt 0.329335 0.0361074 
vt 0.331838 0.0363087 
vt 0.331039 0.043874 
vt 0.328261 0.043035 
vt 0.330004 0.0501246 
vt 0.374598 0.141804 
vt 0.380201 0.141492 
vt 0.380201 0.132415 
vt 0.380201 0.151309 
vt 0.374598 0.151612 
vt 0.386414 0.132268 
vt 0.220353 0.0237443 
vt 0.21452 0.0124766 
vt 0.21452 0.0237443 
vt 0.220368 0.0124766 
vt 0.21452 0.00308257 
vt 0.221746 0.00308257 
vt 0.22969 0.0237443 
vt 0.227884 0.0315369 
vt 0.236087 0.0330799 
vt 0.230383 0.0124766 
vt 0.232404 0.00308257 
vt 0.240136 0.0237443 
vt 0.243593 0.0360292 
vt 0.241688 0.0124766 
vt 0.244213 0.00308257 
vt 0.255731 0.00308257 
vt 0.250356 0.0237443 
vt 0.248675 0.0397902 
vt 0.26277 0.0237314 
vt 0.2527 0.0124766 
vt 0.263903 0.0122737 
vt 0.165827 0.210175 
vt 0.152226 0.192675 
vt 0.152226 0.210366 
vt 0.16625 0.239875 
vt 0.152226 0.239875 
vt 0.152226 0.257082 
vt 0.166872 0.257082 
vt 0.175578 0.210175 
vt 0.175665 0.192528 
vt 0.175636 0.239875 
vt 0.176015 0.257082 
vt 0.185648 0.192528 
vt 0.184709 0.164249 
vt 0.185377 0.210175 
vt 0.184354 0.239875 
vt 0.184387 0.257082 
vt 0.19501 0.164249 
vt 0.194798 0.137897 
vt 0.193077 0.239875 
vt 0.192955 0.257082 
vt 0.189775 0.217757 
vt 0.188986 0.210175 
vt 0.195636 0.192528 
vt 0.195198 0.210175 
vt 0.194862 0.218262 
vt 0.201537 0.239875 
vt 0.200932 0.257082 
vt 0.203219 0.164249 
vt 0.209491 0.239875 
vt 0.202407 0.218725 
vt 0.209682 0.257082 
vt 0.202699 0.210175 
vt 0.20935 0.218899 
vt 0.21452 0.239875 
vt 0.21452 0.257082 
vt 0.219357 0.257082 
vt 0.202929 0.192528 
vt 0.219549 0.239875 
vt 0.209386 0.210175 
vt 0.228107 0.257082 
vt 0.20938 0.192528 
vt 0.165136 0.0122737 
vt 0.152226 0.0237443 
vt 0.166269 0.0237314 
vt 0.152226 0.0124766 
vt 0.161599 0.00308257 
vt 0.152226 0.00308257 
vt 0.173308 0.00308257 
vt 0.17634 0.0124766 
vt 0.187351 0.0124766 
vt 0.184827 0.00308257 
vt 0.196636 0.00308257 
vt 0.178683 0.0237443 
vt 0.198657 0.0124766 
vt 0.207293 0.00308257 
vt 0.188903 0.0237443 
vt 0.208671 0.0124766 
vt 0.19935 0.0237443 
vt 0.185446 0.0360292 
vt 0.192952 0.0330799 
vt 0.180364 0.0397902 
vt 0.192484 0.0470568 
vt 0.188168 0.0508426 
vt 0.174822 0.0474584 
vt 0.184754 0.0559679 
vt 0.162457 0.0389811 
vt 0.152226 0.0394003 
vt 0.162186 0.0537246 
vt 0.152226 0.0540233 
vt 0.172767 0.0575398 
vt 0.182601 0.0624022 
vt 0.16208 0.0697812 
vt 0.152226 0.069612 
vt 0.171228 0.0703501 
vt 0.18152 0.0706084 
vt 0.162378 0.088104 
vt 0.152226 0.0878094 
vt 0.17267 0.0865402 
vt 0.181971 0.0826365 
vt 0.163697 0.107381 
vt 0.152226 0.10715 
vt 0.174963 0.103998 
vt 0.185272 0.0951082 
vt 0.164793 0.121003 
vt 0.152226 0.119965 
vt 0.152226 0.13763 
vt 0.175611 0.121391 
vt 0.164845 0.137897 
vt 0.152226 0.164166 
vt 0.189439 0.102416 
vt 0.165161 0.164249 
vt 0.175681 0.137897 
vt 0.175465 0.164249 
vt 0.165726 0.192528 
vt 0.184319 0.137897 
vt 0.184725 0.121391 
vt 0.21452 0.219086 
vt 0.21452 0.210175 
vt 0.21452 0.192528 
vt 0.209356 0.164249 
vt 0.203251 0.137897 
vt 0.21969 0.218899 
vt 0.219653 0.210175 
vt 0.19551 0.121391 
vt 0.19556 0.106867 
vt 0.201078 0.0864213 
vt 0.20171 0.108116 
vt 0.204161 0.121391 
vt 0.209498 0.137897 
vt 0.206593 0.108832 
vt 0.21452 0.164249 
vt 0.210013 0.121391 
vt 0.21452 0.137897 
vt 0.219684 0.164249 
vt 0.219541 0.137897 
vt 0.219659 0.192528 
vt 0.225788 0.137897 
vt 0.22582 0.164249 
vt 0.22611 0.192528 
vt 0.22634 0.210175 
vt 0.233403 0.192528 
vt 0.226633 0.218725 
vt 0.233842 0.210175 
vt 0.227502 0.239875 
vt 0.236084 0.257082 
vt 0.234177 0.218262 
vt 0.235963 0.239875 
vt 0.244652 0.257082 
vt 0.239265 0.217757 
vt 0.240053 0.210175 
vt 0.244685 0.239875 
vt 0.253025 0.257082 
vt 0.243662 0.210175 
vt 0.243392 0.192528 
vt 0.253403 0.239875 
vt 0.262167 0.257082 
vt 0.253461 0.210175 
vt 0.262789 0.239875 
vt 0.276814 0.257082 
vt 0.276814 0.239875 
vt 0.276814 0.210366 
vt 0.263213 0.210175 
vt 0.276814 0.192675 
vt 0.253374 0.192528 
vt 0.263314 0.192528 
vt 0.263879 0.164249 
vt 0.276814 0.164166 
vt 0.253575 0.164249 
vt 0.24433 0.164249 
vt 0.264194 0.137897 
vt 0.276814 0.13763 
vt 0.253359 0.137897 
vt 0.264246 0.121003 
vt 0.276814 0.119965 
vt 0.276814 0.10715 
vt 0.253429 0.121391 
vt 0.265342 0.107381 
vt 0.276814 0.0878094 
vt 0.244721 0.137897 
vt 0.266661 0.088104 
vt 0.276814 0.069612 
vt 0.254076 0.103998 
vt 0.266959 0.0697812 
vt 0.276814 0.0540233 
vt 0.256369 0.0865402 
vt 0.2396 0.102416 
vt 0.266853 0.0537246 
vt 0.276814 0.0394003 
vt 0.257811 0.0703501 
vt 0.243768 0.0951082 
vt 0.247069 0.0826365 
vt 0.266582 0.0389811 
vt 0.276814 0.0237443 
vt 0.256272 0.0575398 
vt 0.24752 0.0706084 
vt 0.230928 0.0832281 
vt 0.227961 0.0864213 
vt 0.233402 0.0787146 
vt 0.224792 0.0788605 
vt 0.226407 0.0777462 
vt 0.234511 0.0730737 
vt 0.227214 0.0742947 
vt 0.246438 0.0624022 
vt 0.233664 0.068392 
vt 0.226378 0.0712103 
vt 0.254217 0.0474584 
vt 0.244285 0.0559679 
vt 0.231742 0.0649473 
vt 0.224638 0.06998 
vt 0.240871 0.0508426 
vt 0.229866 0.0622703 
vt 0.222703 0.0700281 
vt 0.276814 0.0124766 
vt 0.26744 0.00308257 
vt 0.276814 0.00308257 
vt 0.227141 0.059835 
vt 0.220895 0.0700457 
vt 0.236556 0.0470568 
vt 0.223028 0.0584223 
vt 0.219142 0.0700773 
vt 0.230849 0.0448378 
vt 0.219803 0.0575891 
vt 0.217267 0.0701042 
vt 0.225051 0.0429237 
vt 0.216266 0.05706 
vt 0.218643 0.0414723 
vt 0.219576 0.0309318 
vt 0.21452 0.0409734 
vt 0.21452 0.056854 
vt 0.212773 0.05706 
vt 0.21452 0.0307196 
vt 0.210396 0.0414723 
vt 0.211772 0.0701042 
vt 0.209236 0.0575891 
vt 0.209898 0.0700773 
vt 0.206011 0.0584223 
vt 0.208144 0.0700457 
vt 0.203988 0.0429237 
vt 0.209464 0.0309318 
vt 0.201898 0.059835 
vt 0.206336 0.0700281 
vt 0.19819 0.0448378 
vt 0.199174 0.0622703 
vt 0.204402 0.06998 
vt 0.201155 0.0315369 
vt 0.197297 0.0649473 
vt 0.202662 0.0712103 
vt 0.208687 0.0237443 
vt 0.195375 0.068392 
vt 0.201826 0.0742947 
vt 0.194529 0.0730737 
vt 0.202632 0.0777462 
vt 0.195637 0.0787146 
vt 0.204247 0.0788605 
vt 0.198111 0.0832281 
vt 0.204255 0.0885185 
vt 0.207407 0.0895827 
vt 0.210327 0.0902593 
vt 0.209926 0.0791737 
vt 0.211812 0.0791748 
vt 0.211029 0.10929 
vt 0.213349 0.0906687 
vt 0.21452 0.121391 
vt 0.21452 0.109487 
vt 0.21452 0.0907878 
vt 0.21569 0.0906687 
vt 0.21801 0.10929 
vt 0.218712 0.0902593 
vt 0.217228 0.0791748 
vt 0.219114 0.0791737 
vt 0.219026 0.121391 
vt 0.222447 0.108832 
vt 0.224878 0.121391 
vt 0.221633 0.0895827 
vt 0.227329 0.108116 
vt 0.224784 0.0885185 
vt 0.233479 0.106867 
vt 0.23353 0.121391 
vt 0.244314 0.121391 
vt 0.234241 0.137897 
vt 0.23403 0.164249 
vt 0.30147 0.300761 
vt 0.301778 0.300701 
vt 0.301637 0.295527 
vt 0.301987 0.295532 
vt 0.301535 0.303258 
vt 0.301946 0.29367 
vt 0.301342 0.30328 
vt 0.301618 0.293669 
vt 0.301966 0.29182 
vt 0.301632 0.291798 
vt 0.30118 0.293669 
vt 0.301176 0.295521 
vt 0.300739 0.293664 
vt 0.301167 0.300791 
vt 0.301154 0.303279 
vt 0.300973 0.303277 
vt 0.300863 0.300759 
vt 0.300773 0.303251 
vt 0.300556 0.300694 
vt 0.300716 0.295521 
vt 0.300366 0.295522 
vt 0.300412 0.293662 
vt 0.303549 0.29094 
vt 0.303061 0.292009 
vt 0.30336 0.29208 
vt 0.303724 0.292028 
vt 0.30383 0.293197 
vt 0.303369 0.293674 
vt 0.303724 0.294277 
vt 0.303064 0.293675 
vt 0.303613 0.295308 
vt 0.302679 0.293675 
vt 0.302685 0.29193 
vt 0.30326 0.295367 
vt 0.302818 0.295418 
vt 0.302291 0.293672 
vt 0.30231 0.291864 
vt 0.302372 0.295457 
vt 0.302387 0.300354 
vt 0.302063 0.300538 
vt 0.301918 0.303147 
vt 0.301723 0.303213 
vt 0.302077 0.303082 
vt 0.302702 0.300143 
vt 0.302177 0.303037 
vt 0.302953 0.299967 
vt 0.303375 0.300463 
vt 0.302279 0.302985 
vt 0.304282 0.295687 
vt 0.30231 0.302962 
vt 0.303834 0.300993 
vt 0.304923 0.296156 
vt 0.304246 0.301826 
vt 0.305562 0.296841 
vt 0.306163 0.297533 
vt 0.30227 0.30301 
vt 0.304721 0.3027 
vt 0.302185 0.303159 
vt 0.303223 0.290795 
vt 0.302976 0.285605 
vt 0.303296 0.285757 
vt 0.302045 0.282658 
vt 0.301951 0.282636 
vt 0.30259 0.285432 
vt 0.301818 0.282609 
vt 0.30224 0.285301 
vt 0.301663 0.282581 
vt 0.30281 0.290649 
vt 0.301914 0.285172 
vt 0.301504 0.282562 
vt 0.302418 0.290551 
vt 0.301608 0.28514 
vt 0.30134 0.28255 
vt 0.302039 0.290443 
vt 0.301194 0.285121 
vt 0.301188 0.282548 
vt 0.301036 0.282548 
vt 0.301675 0.290433 
vt 0.301184 0.290434 
vt 0.301182 0.291791 
vt 0.300693 0.290427 
vt 0.30078 0.285134 
vt 0.300873 0.282558 
vt 0.300473 0.285162 
vt 0.300715 0.282576 
vt 0.300329 0.290433 
vt 0.300733 0.291792 
vt 0.300146 0.285287 
vt 0.30057 0.282599 
vt 0.299949 0.290537 
vt 0.300399 0.29181 
vt 0.299797 0.285413 
vt 0.300441 0.282624 
vt 0.299557 0.29063 
vt 0.300055 0.291849 
vt 0.29941 0.285581 
vt 0.30035 0.282645 
vt 0.299089 0.285729 
vt 0.298816 0.290913 
vt 0.299142 0.290772 
vt 0.299677 0.291913 
vt 0.300066 0.293659 
vt 0.299302 0.291988 
vt 0.299681 0.293656 
vt 0.299981 0.295443 
vt 0.298999 0.292049 
vt 0.298635 0.292002 
vt 0.298532 0.293173 
vt 0.299295 0.293652 
vt 0.298993 0.293638 
vt 0.298636 0.294242 
vt 0.298742 0.295279 
vt 0.299095 0.295343 
vt 0.299536 0.295399 
vt 0.299634 0.300124 
vt 0.299948 0.30034 
vt 0.300272 0.300527 
vt 0.300399 0.303139 
vt 0.300582 0.303203 
vt 0.300244 0.303072 
vt 0.300147 0.303026 
vt 0.299384 0.299944 
vt 0.298958 0.300439 
vt 0.300053 0.302976 
vt 0.298067 0.295653 
vt 0.300021 0.302945 
vt 0.2985 0.30096 
vt 0.297429 0.29611 
vt 0.298086 0.301788 
vt 0.296787 0.296786 
vt 0.296185 0.29747 
vt 0.300059 0.302995 
vt 0.297607 0.302656 
vt 0.300141 0.303138 

usemtl Player1Mtl

f 490/490/490 488/488/488 491/491/491 
f 492/492/492 490/490/490 491/491/491 
f 493/493/493 489/489/489 490/490/490 
f 490/490/490 492/492/492 493/493/493 
f 494/494/494 467/467/467 489/489/489 
f 489/489/489 493/493/493 494/494/494 
f 495/495/495 493/493/493 492/492/492 
f 495/495/495 494/494/494 493/493/493 
f 495/495/495 492/492/492 496/496/496 
f 467/467/467 494/494/494 497/497/497 
f 496/496/496 498/498/498 495/495/495 
f 498/498/498 496/496/496 499/499/499 
f 494/494/494 495/495/495 500/500/500 
f 498/498/498 500/500/500 495/495/495 
f 500/500/500 497/497/497 494/494/494 
f 501/501/501 498/498/498 499/499/499 
f 463/463/463 467/467/467 497/497/497 
f 498/498/498 501/501/501 502/502/502 
f 503/503/503 502/502/502 501/501/501 
f 500/500/500 498/498/498 504/504/504 
f 502/502/502 504/504/504 498/498/498 
f 497/497/497 500/500/500 505/505/505 
f 504/504/504 505/505/505 500/500/500 
f 497/497/497 506/506/506 463/463/463 
f 506/506/506 497/497/497 505/505/505 
f 461/461/461 463/463/463 506/506/506 
f 502/502/502 503/503/503 507/507/507 
f 508/508/508 507/507/507 503/503/503 
f 502/502/502 509/509/509 504/504/504 
f 505/505/505 504/504/504 509/509/509 
f 509/509/509 502/502/502 507/507/507 
f 507/507/507 508/508/508 510/510/510 
f 510/510/510 509/509/509 507/507/507 
f 462/462/462 510/510/510 508/508/508 
f 505/505/505 509/509/509 511/511/511 
f 509/509/509 510/510/510 511/511/511 
f 506/506/506 505/505/505 511/511/511 
f 510/510/510 462/462/462 512/512/512 
f 512/512/512 511/511/511 510/510/510 
f 506/506/506 511/511/511 512/512/512 
f 462/462/462 461/461/461 512/512/512 
f 512/512/512 461/461/461 506/506/506 
f 452/452/452 453/453/453 454/454/454 
f 453/453/453 455/455/455 454/454/454 
f 456/456/456 454/454/454 455/455/455 
f 455/455/455 453/453/453 457/457/457 
f 453/453/453 458/458/458 457/457/457 
f 454/454/454 456/456/456 459/459/459 
f 459/459/459 452/452/452 454/454/454 
f 460/460/460 459/459/459 456/456/456 
f 453/453/453 461/461/461 458/458/458 
f 461/461/461 462/462/462 458/458/458 
f 453/453/453 452/452/452 463/463/463 
f 463/463/463 461/461/461 453/453/453 
f 459/459/459 460/460/460 464/464/464 
f 460/460/460 465/465/465 464/464/464 
f 452/452/452 459/459/459 466/466/466 
f 466/466/466 459/459/459 464/464/464 
f 467/467/467 463/463/463 452/452/452 
f 466/466/466 467/467/467 452/452/452 
f 468/468/468 464/464/464 465/465/465 
f 465/465/465 469/469/469 468/468/468 
f 470/470/470 466/466/466 464/464/464 
f 464/464/464 468/468/468 470/470/470 
f 471/471/471 466/466/466 470/470/470 
f 467/467/467 466/466/466 471/471/471 
f 472/472/472 470/470/470 468/468/468 
f 468/468/468 469/469/469 473/473/473 
f 472/472/472 468/468/468 473/473/473 
f 469/469/469 474/474/474 473/473/473 
f 474/474/474 469/469/469 475/475/475 
f 476/476/476 472/472/472 473/473/473 
f 473/473/473 474/474/474 476/476/476 
f 477/477/477 470/470/470 472/472/472 
f 476/476/476 477/477/477 472/472/472 
f 470/470/470 477/477/477 471/471/471 
f 475/475/475 478/478/478 474/474/474 
f 478/478/478 476/476/476 474/474/474 
f 478/478/478 475/475/475 479/479/479 
f 480/480/480 477/477/477 476/476/476 
f 476/476/476 478/478/478 480/480/480 
f 481/481/481 471/471/471 477/477/477 
f 477/477/477 480/480/480 481/481/481 
f 482/482/482 480/480/480 478/478/478 
f 479/479/479 482/482/482 478/478/478 
f 482/482/482 481/481/481 480/480/480 
f 482/482/482 479/479/479 483/483/483 
f 471/471/471 481/481/481 484/484/484 
f 481/481/481 482/482/482 485/485/485 
f 483/483/483 485/485/485 482/482/482 
f 485/485/485 484/484/484 481/481/481 
f 485/485/485 483/483/483 486/486/486 
f 471/471/471 484/484/484 467/467/467 
f 486/486/486 487/487/487 485/485/485 
f 484/484/484 485/485/485 487/487/487 
f 487/487/487 486/486/486 488/488/488 
f 484/484/484 489/489/489 467/467/467 
f 489/489/489 484/484/484 487/487/487 
f 488/488/488 490/490/490 487/487/487 
f 487/487/487 490/490/490 489/489/489 
f 680/680/680 681/681/681 682/682/682 
f 513/513/513 514/514/514 515/515/515 
f 516/516/516 513/513/513 515/515/515 
f 513/513/513 516/516/516 517/517/517 
f 657/657/657 515/515/515 514/514/514 
f 656/656/656 657/657/657 514/514/514 
f 514/514/514 659/659/659 656/656/656 
f 659/659/659 658/658/658 656/656/656 
f 658/658/658 659/659/659 660/660/660 
f 661/661/661 662/662/662 663/663/663 
f 663/663/663 662/662/662 664/664/664 
f 664/664/664 665/665/665 663/663/663 
f 664/664/664 666/666/666 665/665/665 
f 665/665/665 666/666/666 667/667/667 
f 648/648/648 649/649/649 650/650/650 
f 651/651/651 650/650/650 649/649/649 
f 650/650/650 651/651/651 652/652/652 
f 651/651/651 653/653/653 652/652/652 
f 653/653/653 651/651/651 654/654/654 
f 654/654/654 655/655/655 653/653/653 
f 645/645/645 646/646/646 647/647/647 
f 647/647/647 679/679/679 645/645/645 
f 679/679/679 647/647/647 676/676/676 
f 679/679/679 676/676/676 678/678/678 
f 676/676/676 677/677/677 678/678/678 
f 683/683/683 684/684/684 685/685/685 
f 518/518/518 519/519/519 520/520/520 
f 521/521/521 519/519/519 518/518/518 
f 518/518/518 522/522/522 521/521/521 
f 519/519/519 521/521/521 523/523/523 
f 523/523/523 524/524/524 519/519/519 
f 522/522/522 518/518/518 525/525/525 
f 520/520/520 525/525/525 518/518/518 
f 525/525/525 526/526/526 522/522/522 
f 527/527/527 519/519/519 524/524/524 
f 528/528/528 527/527/527 524/524/524 
f 520/520/520 519/519/519 529/529/529 
f 527/527/527 529/529/529 519/519/519 
f 526/526/526 525/525/525 530/530/530 
f 530/530/530 531/531/531 526/526/526 
f 525/525/525 520/520/520 532/532/532 
f 532/532/532 530/530/530 525/525/525 
f 533/533/533 520/520/520 529/529/529 
f 533/533/533 532/532/532 520/520/520 
f 530/530/530 534/534/534 531/531/531 
f 534/534/534 535/535/535 531/531/531 
f 530/530/530 532/532/532 536/536/536 
f 536/536/536 534/534/534 530/530/530 
f 537/537/537 536/536/536 532/532/532 
f 532/532/532 533/533/533 537/537/537 
f 534/534/534 536/536/536 538/538/538 
f 534/534/534 539/539/539 535/535/535 
f 538/538/538 539/539/539 534/534/534 
f 540/540/540 535/535/535 539/539/539 
f 535/535/535 540/540/540 541/541/541 
f 542/542/542 539/539/539 538/538/538 
f 539/539/539 542/542/542 540/540/540 
f 543/543/543 538/538/538 536/536/536 
f 538/538/538 543/543/543 542/542/542 
f 536/536/536 537/537/537 543/543/543 
f 544/544/544 541/541/541 540/540/540 
f 542/542/542 544/544/544 540/540/540 
f 541/541/541 544/544/544 545/545/545 
f 543/543/543 546/546/546 542/542/542 
f 544/544/544 542/542/542 546/546/546 
f 537/537/537 547/547/547 543/543/543 
f 546/546/546 543/543/543 547/547/547 
f 548/548/548 544/544/544 546/546/546 
f 548/548/548 545/545/545 544/544/544 
f 547/547/547 548/548/548 546/546/546 
f 545/545/545 548/548/548 549/549/549 
f 547/547/547 537/537/537 550/550/550 
f 551/551/551 549/549/549 548/548/548 
f 548/548/548 547/547/547 551/551/551 
f 550/550/550 551/551/551 547/547/547 
f 549/549/549 551/551/551 552/552/552 
f 537/537/537 533/533/533 550/550/550 
f 551/551/551 553/553/553 552/552/552 
f 551/551/551 550/550/550 553/553/553 
f 554/554/554 552/552/552 553/553/553 
f 550/550/550 533/533/533 555/555/555 
f 550/550/550 555/555/555 553/553/553 
f 553/553/553 556/556/556 554/554/554 
f 553/553/553 555/555/555 556/556/556 
f 557/557/557 554/554/554 556/556/556 
f 556/556/556 558/558/558 557/557/557 
f 558/558/558 556/556/556 559/559/559 
f 555/555/555 559/559/559 556/556/556 
f 559/559/559 560/560/560 558/558/558 
f 533/533/533 561/561/561 555/555/555 
f 559/559/559 555/555/555 561/561/561 
f 561/561/561 533/533/533 562/562/562 
f 533/533/533 529/529/529 562/562/562 
f 561/561/561 563/563/563 559/559/559 
f 560/560/560 559/559/559 563/563/563 
f 562/562/562 564/564/564 561/561/561 
f 563/563/563 561/561/561 564/564/564 
f 565/565/565 560/560/560 563/563/563 
f 564/564/564 565/565/565 563/563/563 
f 560/560/560 565/565/565 566/566/566 
f 567/567/567 566/566/566 565/565/565 
f 562/562/562 529/529/529 568/568/568 
f 529/529/529 527/527/527 568/568/568 
f 564/564/564 562/562/562 569/569/569 
f 562/562/562 568/568/568 569/569/569 
f 565/565/565 564/564/564 570/570/570 
f 569/569/569 570/570/570 564/564/564 
f 565/565/565 571/571/571 567/567/567 
f 571/571/571 565/565/565 570/570/570 
f 571/571/571 572/572/572 567/567/567 
f 527/527/527 573/573/573 568/568/568 
f 527/527/527 528/528/528 573/573/573 
f 568/568/568 574/574/574 569/569/569 
f 568/568/568 573/573/573 574/574/574 
f 575/575/575 573/573/573 528/528/528 
f 573/573/573 575/575/575 574/574/574 
f 528/528/528 576/576/576 575/575/575 
f 577/577/577 576/576/576 572/572/572 
f 572/572/572 571/571/571 577/577/577 
f 576/576/576 577/577/577 575/575/575 
f 569/569/569 574/574/574 578/578/578 
f 578/578/578 574/574/574 575/575/575 
f 578/578/578 575/575/575 577/577/577 
f 571/571/571 578/578/578 577/577/577 
f 570/570/570 569/569/569 578/578/578 
f 578/578/578 571/571/571 570/570/570 
f 668/668/668 669/669/669 670/670/670 
f 671/671/671 669/669/669 668/668/668 
f 669/669/669 671/671/671 672/672/672 
f 671/671/671 673/673/673 672/672/672 
f 674/674/674 673/673/673 671/671/671 
f 674/674/674 675/675/675 673/673/673 
f 579/579/579 580/580/580 581/581/581 
f 580/580/580 582/582/582 581/581/581 
f 579/579/579 581/581/581 583/583/583 
f 580/580/580 584/584/584 582/582/582 
f 583/583/583 585/585/585 579/579/579 
f 584/584/584 586/586/586 582/582/582 
f 585/585/585 583/583/583 587/587/587 
f 586/586/586 584/584/584 588/588/588 
f 585/585/585 587/587/587 589/589/589 
f 588/588/588 590/590/590 586/586/586 
f 591/591/591 585/585/585 589/589/589 
f 590/590/590 588/588/588 592/592/592 
f 593/593/593 591/591/591 589/589/589 
f 594/594/594 590/590/590 592/592/592 
f 591/591/591 593/593/593 595/595/595 
f 596/596/596 594/594/594 592/592/592 
f 595/595/595 593/593/593 597/597/597 
f 594/594/594 596/596/596 598/598/598 
f 599/599/599 595/595/595 597/597/597 
f 600/600/600 598/598/598 596/596/596 
f 601/601/601 599/599/599 597/597/597 
f 600/600/600 602/602/602 598/598/598 
f 602/602/602 600/600/600 603/603/603 
f 599/599/599 601/601/601 604/604/604 
f 604/604/604 601/601/601 605/605/605 
f 606/606/606 604/604/604 605/605/605 
f 607/607/607 606/606/606 605/605/605 
f 606/606/606 607/607/607 608/608/608 
f 609/609/609 608/608/608 607/607/607 
f 609/609/609 610/610/610 608/608/608 
f 610/610/610 609/609/609 611/611/611 
f 611/611/611 612/612/612 610/610/610 
f 613/613/613 614/614/614 611/611/611 
f 615/615/615 613/613/613 611/611/611 
f 616/616/616 613/613/613 615/615/615 
f 617/617/617 616/616/616 615/615/615 
f 617/617/617 618/618/618 616/616/616 
f 619/619/619 618/618/618 617/617/617 
f 619/619/619 620/620/620 618/618/618 
f 620/620/620 619/619/619 621/621/621 
f 621/621/621 622/622/622 620/620/620 
f 622/622/622 621/621/621 623/623/623 
f 623/623/623 624/624/624 622/622/622 
f 625/625/625 624/624/624 623/623/623 
f 625/625/625 626/626/626 624/624/624 
f 626/626/626 625/625/625 627/627/627 
f 627/627/627 628/628/628 626/626/626 
f 628/628/628 627/627/627 629/629/629 
f 630/630/630 628/628/628 629/629/629 
f 628/628/628 630/630/630 631/631/631 
f 632/632/632 631/631/631 630/630/630 
f 631/631/631 632/632/632 633/633/633 
f 634/634/634 633/633/633 632/632/632 
f 633/633/633 634/634/634 635/635/635 
f 634/634/634 636/636/636 635/635/635 
f 636/636/636 637/637/637 635/635/635 
f 638/638/638 637/637/637 636/636/636 
f 637/637/637 638/638/638 639/639/639 
f 640/640/640 639/639/639 638/638/638 
f 639/639/639 640/640/640 641/641/641 
f 641/641/641 640/640/640 642/642/642 
f 641/641/641 642/642/642 643/643/643 
f 643/643/643 642/642/642 602/602/602 
f 644/644/644 643/643/643 602/602/602 
f 750/750/750 751/751/751 752/752/752 
f 686/686/686 687/687/687 688/688/688 
f 687/687/687 689/689/689 688/688/688 
f 687/687/687 686/686/686 690/690/690 
f 689/689/689 687/687/687 691/691/691 
f 692/692/692 690/690/690 686/686/686 
f 691/691/691 693/693/693 689/689/689 
f 690/690/690 692/692/692 694/694/694 
f 693/693/693 691/691/691 695/695/695 
f 696/696/696 694/694/694 692/692/692 
f 695/695/695 697/697/697 693/693/693 
f 694/694/694 696/696/696 698/698/698 
f 697/697/697 695/695/695 699/699/699 
f 700/700/700 698/698/698 696/696/696 
f 699/699/699 701/701/701 697/697/697 
f 698/698/698 700/700/700 702/702/702 
f 701/701/701 699/699/699 703/703/703 
f 704/704/704 702/702/702 700/700/700 
f 703/703/703 705/705/705 701/701/701 
f 702/702/702 704/704/704 706/706/706 
f 705/705/705 703/703/703 707/707/707 
f 708/708/708 706/706/706 704/704/704 
f 707/707/707 709/709/709 705/705/705 
f 706/706/706 708/708/708 710/710/710 
f 709/709/709 707/707/707 711/711/711 
f 712/712/712 710/710/710 708/708/708 
f 709/709/709 711/711/711 713/713/713 
f 714/714/714 713/713/713 711/711/711 
f 714/714/714 715/715/715 713/713/713 
f 710/710/710 712/712/712 716/716/716 
f 717/717/717 716/716/716 712/712/712 
f 716/716/716 717/717/717 718/718/718 
f 718/718/718 717/717/717 719/719/719 
f 720/720/720 719/719/719 717/717/717 
f 721/721/721 719/719/719 720/720/720 
f 722/722/722 721/721/721 720/720/720 
f 722/722/722 723/723/723 721/721/721 
f 722/722/722 724/724/724 723/723/723 
f 724/724/724 725/725/725 723/723/723 
f 724/724/724 726/726/726 725/725/725 
f 726/726/726 727/727/727 725/725/725 
f 728/728/728 727/727/727 726/726/726 
f 728/728/728 729/729/729 727/727/727 
f 730/730/730 729/729/729 728/728/728 
f 731/731/731 729/729/729 730/730/730 
f 730/730/730 732/732/732 731/731/731 
f 732/732/732 733/733/733 731/731/731 
f 732/732/732 734/734/734 733/733/733 
f 735/735/735 733/733/733 734/734/734 
f 733/733/733 735/735/735 736/736/736 
f 737/737/737 736/736/736 735/735/735 
f 736/736/736 737/737/737 738/738/738 
f 737/737/737 739/739/739 738/738/738 
f 739/739/739 740/740/740 738/738/738 
f 739/739/739 741/741/741 740/740/740 
f 741/741/741 742/742/742 740/740/740 
f 743/743/743 742/742/742 741/741/741 
f 742/742/742 743/743/743 744/744/744 
f 745/745/745 744/744/744 743/743/743 
f 744/744/744 745/745/745 746/746/746 
f 747/747/747 746/746/746 745/745/745 
f 747/747/747 748/748/748 746/746/746 
f 715/715/715 748/748/748 747/747/747 
f 748/748/748 715/715/715 749/749/749 
f 1015/1015/1015 795/795/795 796/796/796 
f 801/801/801 1015/1015/1015 796/796/796 
f 1014/1014/1014 1017/1017/1017 795/795/795 
f 795/795/795 1015/1015/1015 1014/1014/1014 
f 1015/1015/1015 801/801/801 1012/1012/1012 
f 801/801/801 803/803/803 1012/1012/1012 
f 803/803/803 1009/1009/1009 1012/1012/1012 
f 1012/1012/1012 1011/1011/1011 1015/1015/1015 
f 1011/1011/1011 1014/1014/1014 1015/1015/1015 
f 1012/1012/1012 1009/1009/1009 1008/1008/1008 
f 1011/1011/1011 1012/1012/1012 1008/1008/1008 
f 1007/1007/1007 1008/1008/1008 1009/1009/1009 
f 1007/1007/1007 981/981/981 1008/1008/1008 
f 981/981/981 1007/1007/1007 1006/1006/1006 
f 1008/1008/1008 976/976/976 1011/1011/1011 
f 976/976/976 1008/1008/1008 981/981/981 
f 980/980/980 981/981/981 1006/1006/1006 
f 981/981/981 980/980/980 978/978/978 
f 979/979/979 978/978/978 980/980/980 
f 978/978/978 979/979/979 977/977/977 
f 978/978/978 974/974/974 981/981/981 
f 978/978/978 977/977/977 974/974/974 
f 981/981/981 974/974/974 976/976/976 
f 977/977/977 975/975/975 974/974/974 
f 975/975/975 963/963/963 974/974/974 
f 973/973/973 976/976/976 974/974/974 
f 973/973/973 974/974/974 963/963/963 
f 963/963/963 961/961/961 973/973/973 
f 961/961/961 963/963/963 959/959/959 
f 976/976/976 973/973/973 972/972/972 
f 961/961/961 972/972/972 973/973/973 
f 1010/1010/1010 976/976/976 972/972/972 
f 976/976/976 1010/1010/1010 1011/1011/1011 
f 1014/1014/1014 1011/1011/1011 1010/1010/1010 
f 1010/1010/1010 1013/1013/1013 1014/1014/1014 
f 1017/1017/1017 1014/1014/1014 1013/1013/1013 
f 972/972/972 971/971/971 1010/1010/1010 
f 1013/1013/1013 1010/1010/1010 971/971/971 
f 1013/1013/1013 1016/1016/1016 1017/1017/1017 
f 971/971/971 972/972/972 970/970/970 
f 972/972/972 961/961/961 970/970/970 
f 971/971/971 969/969/969 1013/1013/1013 
f 1016/1016/1016 1013/1013/1013 969/969/969 
f 970/970/970 966/966/966 971/971/971 
f 969/969/969 971/971/971 966/966/966 
f 961/961/961 965/965/965 970/970/970 
f 966/966/966 970/970/970 965/965/965 
f 965/965/965 961/961/961 958/958/958 
f 959/959/959 958/958/958 961/961/961 
f 958/958/958 959/959/959 957/957/957 
f 958/958/958 960/960/960 965/965/965 
f 960/960/960 966/966/966 965/965/965 
f 957/957/957 955/955/955 958/958/958 
f 960/960/960 958/958/958 955/955/955 
f 955/955/955 957/957/957 956/956/956 
f 953/953/953 955/955/955 956/956/956 
f 962/962/962 966/966/966 960/960/960 
f 962/962/962 969/969/969 966/966/966 
f 955/955/955 954/954/954 960/960/960 
f 954/954/954 962/962/962 960/960/960 
f 955/955/955 953/953/953 952/952/952 
f 954/954/954 955/955/955 952/952/952 
f 874/874/874 875/875/875 876/876/876 
f 880/880/880 876/876/876 875/875/875 
f 876/876/876 880/880/880 881/881/881 
f 882/882/882 881/881/881 880/880/880 
f 881/881/881 882/882/882 883/883/883 
f 882/882/882 885/885/885 883/883/883 
f 880/880/880 884/884/884 882/882/882 
f 885/885/885 882/882/882 886/886/886 
f 886/886/886 887/887/887 885/885/885 
f 887/887/887 886/886/886 888/888/888 
f 882/882/882 889/889/889 886/886/886 
f 886/886/886 889/889/889 888/888/888 
f 889/889/889 882/882/882 884/884/884 
f 888/888/888 889/889/889 890/890/890 
f 889/889/889 891/891/891 890/890/890 
f 889/889/889 892/892/892 891/891/891 
f 884/884/884 892/892/892 889/889/889 
f 893/893/893 891/891/891 892/892/892 
f 895/895/895 893/893/893 892/892/892 
f 892/892/892 884/884/884 895/895/895 
f 893/893/893 895/895/895 900/900/900 
f 899/899/899 900/900/900 895/895/895 
f 899/899/899 895/895/895 896/896/896 
f 896/896/896 895/895/895 884/884/884 
f 896/896/896 897/897/897 899/899/899 
f 896/896/896 884/884/884 877/877/877 
f 884/884/884 880/880/880 877/877/877 
f 875/875/875 877/877/877 880/880/880 
f 877/877/877 879/879/879 896/896/896 
f 897/897/897 896/896/896 879/879/879 
f 877/877/877 875/875/875 878/878/878 
f 879/879/879 877/877/877 878/878/878 
f 897/897/897 879/879/879 898/898/898 
f 901/901/901 897/897/897 898/898/898 
f 898/898/898 1177/1177/1177 901/901/901 
f 898/898/898 879/879/879 1176/1176/1176 
f 879/879/879 878/878/878 1176/1176/1176 
f 1177/1177/1177 898/898/898 1173/1173/1173 
f 898/898/898 1176/1176/1176 1173/1173/1173 
f 1172/1172/1172 1177/1177/1177 1173/1173/1173 
f 1174/1174/1174 878/878/878 875/875/875 
f 875/875/875 874/874/874 1174/1174/1174 
f 1176/1176/1176 878/878/878 1175/1175/1175 
f 878/878/878 1174/1174/1174 1175/1175/1175 
f 1173/1173/1173 1176/1176/1176 1171/1171/1171 
f 1176/1176/1176 1175/1175/1175 1171/1171/1171 
f 1173/1173/1173 1169/1169/1169 1172/1172/1172 
f 1169/1169/1169 1173/1173/1173 1171/1171/1171 
f 1162/1162/1162 1172/1172/1172 1169/1169/1169 
f 1170/1170/1170 1175/1175/1175 1174/1174/1174 
f 1171/1171/1171 1175/1175/1175 1170/1170/1170 
f 1168/1168/1168 1174/1174/1174 874/874/874 
f 1168/1168/1168 1170/1170/1170 1174/1174/1174 
f 1166/1166/1166 1168/1168/1168 874/874/874 
f 1167/1167/1167 1171/1171/1171 1170/1170/1170 
f 1168/1168/1168 1167/1167/1167 1170/1170/1170 
f 1171/1171/1171 1167/1167/1167 1169/1169/1169 
f 1166/1166/1166 1164/1164/1164 1168/1168/1168 
f 1167/1167/1167 1168/1168/1168 1164/1164/1164 
f 1164/1164/1164 1166/1166/1166 1165/1165/1165 
f 1160/1160/1160 1164/1164/1164 1165/1165/1165 
f 1164/1164/1164 1160/1160/1160 1159/1159/1159 
f 1159/1159/1159 1167/1167/1167 1164/1164/1164 
f 1156/1156/1156 1159/1159/1159 1160/1160/1160 
f 1156/1156/1156 1155/1155/1155 1159/1159/1159 
f 1167/1167/1167 1159/1159/1159 1161/1161/1161 
f 1155/1155/1155 1161/1161/1161 1159/1159/1159 
f 1161/1161/1161 1169/1169/1169 1167/1167/1167 
f 1161/1161/1161 1155/1155/1155 1157/1157/1157 
f 1169/1169/1169 1161/1161/1161 1162/1162/1162 
f 1157/1157/1157 1162/1162/1162 1161/1161/1161 
f 764/764/764 753/753/753 765/765/765 
f 755/755/755 765/765/765 753/753/753 
f 764/764/764 765/765/765 766/766/766 
f 766/766/766 770/770/770 764/764/764 
f 765/765/765 755/755/755 1004/1004/1004 
f 755/755/755 995/995/995 1004/1004/1004 
f 995/995/995 1003/1003/1003 1004/1004/1004 
f 1004/1004/1004 1005/1005/1005 765/765/765 
f 1005/1005/1005 1004/1004/1004 1003/1003/1003 
f 1005/1005/1005 766/766/766 765/765/765 
f 1003/1003/1003 814/814/814 1005/1005/1005 
f 766/766/766 1005/1005/1005 814/814/814 
f 770/770/770 766/766/766 776/776/776 
f 776/776/776 773/773/773 770/770/770 
f 776/776/776 777/777/777 773/773/773 
f 766/766/766 814/814/814 813/813/813 
f 813/813/813 776/776/776 766/766/766 
f 812/812/812 813/813/813 814/814/814 
f 813/813/813 812/812/812 804/804/804 
f 776/776/776 813/813/813 806/806/806 
f 806/806/806 777/777/777 776/776/776 
f 806/806/806 813/813/813 804/804/804 
f 806/806/806 810/810/810 777/777/777 
f 804/804/804 805/805/805 806/806/806 
f 805/805/805 810/810/810 806/806/806 
f 804/804/804 809/809/809 805/805/805 
f 810/810/810 805/805/805 808/808/808 
f 807/807/807 805/805/805 809/809/809 
f 805/805/805 807/807/807 808/808/808 
f 780/780/780 779/779/779 775/775/775 
f 760/760/760 778/778/778 781/781/781 
f 761/761/761 760/760/760 781/781/781 
f 779/779/779 783/783/783 778/778/778 
f 781/781/781 778/778/778 783/783/783 
f 779/779/779 780/780/780 786/786/786 
f 783/783/783 779/779/779 786/786/786 
f 787/787/787 786/786/786 780/780/780 
f 786/786/786 787/787/787 791/791/791 
f 792/792/792 791/791/791 787/787/787 
f 786/786/786 788/788/788 783/783/783 
f 788/788/788 786/786/786 791/791/791 
f 781/781/781 783/783/783 784/784/784 
f 784/784/784 783/783/783 788/788/788 
f 782/782/782 781/781/781 784/784/784 
f 761/761/761 781/781/781 782/782/782 
f 792/792/792 797/797/797 791/791/791 
f 797/797/797 792/792/792 798/798/798 
f 799/799/799 797/797/797 798/798/798 
f 793/793/793 791/791/791 797/797/797 
f 791/791/791 793/793/793 788/788/788 
f 797/797/797 799/799/799 802/802/802 
f 802/802/802 793/793/793 797/797/797 
f 803/803/803 802/802/802 799/799/799 
f 789/789/789 788/788/788 793/793/793 
f 784/784/784 788/788/788 789/789/789 
f 793/793/793 802/802/802 800/800/800 
f 785/785/785 784/784/784 789/789/789 
f 782/782/782 784/784/784 785/785/785 
f 789/789/789 793/793/793 794/794/794 
f 794/794/794 793/793/793 800/800/800 
f 785/785/785 789/789/789 790/790/790 
f 790/790/790 789/789/789 794/794/794 
f 1023/1023/1023 785/785/785 790/790/790 
f 801/801/801 800/800/800 802/802/802 
f 802/802/802 803/803/803 801/801/801 
f 796/796/796 794/794/794 800/800/800 
f 800/800/800 801/801/801 796/796/796 
f 795/795/795 790/790/790 794/794/794 
f 794/794/794 796/796/796 795/795/795 
f 790/790/790 795/795/795 1017/1017/1017 
f 1017/1017/1017 1023/1023/1023 790/790/790 
f 815/815/815 816/816/816 817/817/817 
f 818/818/818 816/816/816 819/819/819 
f 816/816/816 820/820/820 819/819/819 
f 816/816/816 815/815/815 820/820/820 
f 819/819/819 820/820/820 821/821/821 
f 816/816/816 818/818/818 822/822/822 
f 822/822/822 817/817/817 816/816/816 
f 818/818/818 823/823/823 822/822/822 
f 824/824/824 822/822/822 823/823/823 
f 825/825/825 822/822/822 824/824/824 
f 825/825/825 817/817/817 822/822/822 
f 824/824/824 826/826/826 825/825/825 
f 820/820/820 827/827/827 821/821/821 
f 821/821/821 827/827/827 828/828/828 
f 820/820/820 829/829/829 827/827/827 
f 829/829/829 820/820/820 815/815/815 
f 830/830/830 828/828/828 827/827/827 
f 829/829/829 830/830/830 827/827/827 
f 828/828/828 830/830/830 831/831/831 
f 832/832/832 831/831/831 830/830/830 
f 830/830/830 829/829/829 832/832/832 
f 831/831/831 832/832/832 833/833/833 
f 815/815/815 834/834/834 829/829/829 
f 834/834/834 832/832/832 829/829/829 
f 835/835/835 833/833/833 832/832/832 
f 832/832/832 834/834/834 835/835/835 
f 833/833/833 835/835/835 836/836/836 
f 834/834/834 815/815/815 837/837/837 
f 817/817/817 837/837/837 815/815/815 
f 838/838/838 836/836/836 835/835/835 
f 836/836/836 838/838/838 839/839/839 
f 838/838/838 840/840/840 839/839/839 
f 835/835/835 841/841/841 838/838/838 
f 841/841/841 835/835/835 834/834/834 
f 838/838/838 842/842/842 840/840/840 
f 841/841/841 842/842/842 838/838/838 
f 842/842/842 843/843/843 840/840/840 
f 834/834/834 844/844/844 841/841/841 
f 844/844/844 834/834/834 837/837/837 
f 845/845/845 842/842/842 841/841/841 
f 844/844/844 845/845/845 841/841/841 
f 843/843/843 842/842/842 846/846/846 
f 845/845/845 846/846/846 842/842/842 
f 847/847/847 843/843/843 846/846/846 
f 817/817/817 848/848/848 837/837/837 
f 848/848/848 844/844/844 837/837/837 
f 825/825/825 848/848/848 817/817/817 
f 847/847/847 846/846/846 849/849/849 
f 850/850/850 847/847/847 849/849/849 
f 851/851/851 849/849/849 846/846/846 
f 846/846/846 845/845/845 851/851/851 
f 850/850/850 849/849/849 852/852/852 
f 851/851/851 852/852/852 849/849/849 
f 852/852/852 853/853/853 850/850/850 
f 853/853/853 852/852/852 854/854/854 
f 851/851/851 854/854/854 852/852/852 
f 854/854/854 855/855/855 853/853/853 
f 856/856/856 851/851/851 845/845/845 
f 854/854/854 851/851/851 856/856/856 
f 855/855/855 854/854/854 857/857/857 
f 856/856/856 857/857/857 854/854/854 
f 858/858/858 855/855/855 857/857/857 
f 859/859/859 856/856/856 845/845/845 
f 845/845/845 844/844/844 859/859/859 
f 857/857/857 856/856/856 860/860/860 
f 860/860/860 856/856/856 859/859/859 
f 857/857/857 861/861/861 858/858/858 
f 860/860/860 861/861/861 857/857/857 
f 862/862/862 858/858/858 861/861/861 
f 861/861/861 863/863/863 862/862/862 
f 863/863/863 861/861/861 864/864/864 
f 861/861/861 860/860/860 864/864/864 
f 865/865/865 863/863/863 864/864/864 
f 866/866/866 860/860/860 859/859/859 
f 866/866/866 864/864/864 860/860/860 
f 844/844/844 866/866/866 859/859/859 
f 865/865/865 864/864/864 867/867/867 
f 864/864/864 866/866/866 867/867/867 
f 868/868/868 865/865/865 867/867/867 
f 866/866/866 844/844/844 869/869/869 
f 867/867/867 866/866/866 869/869/869 
f 844/844/844 848/848/848 869/869/869 
f 868/868/868 867/867/867 870/870/870 
f 869/869/869 870/870/870 867/867/867 
f 871/871/871 868/868/868 870/870/870 
f 871/871/871 870/870/870 872/872/872 
f 870/870/870 869/869/869 873/873/873 
f 873/873/873 869/869/869 848/848/848 
f 872/872/872 870/870/870 873/873/873 
f 873/873/873 848/848/848 825/825/825 
f 873/873/873 826/826/826 872/872/872 
f 826/826/826 873/873/873 825/825/825 
f 753/753/753 754/754/754 755/755/755 
f 992/992/992 755/755/755 754/754/754 
f 754/754/754 753/753/753 756/756/756 
f 754/754/754 1034/1034/1034 992/992/992 
f 1034/1034/1034 754/754/754 757/757/757 
f 754/754/754 756/756/756 757/757/757 
f 757/757/757 1033/1033/1033 1034/1034/1034 
f 991/991/991 992/992/992 1034/1034/1034 
f 1033/1033/1033 991/991/991 1034/1034/1034 
f 1033/1033/1033 757/757/757 759/759/759 
f 757/757/757 756/756/756 758/758/758 
f 757/757/757 758/758/758 759/759/759 
f 756/756/756 762/762/762 758/758/758 
f 763/763/763 756/756/756 753/753/753 
f 756/756/756 763/763/763 762/762/762 
f 753/753/753 764/764/764 763/763/763 
f 759/759/759 1032/1032/1032 1033/1033/1033 
f 758/758/758 762/762/762 767/767/767 
f 759/759/759 758/758/758 760/760/760 
f 758/758/758 767/767/767 760/760/760 
f 768/768/768 767/767/767 762/762/762 
f 763/763/763 768/768/768 762/762/762 
f 759/759/759 760/760/760 761/761/761 
f 1032/1032/1032 759/759/759 761/761/761 
f 768/768/768 763/763/763 769/769/769 
f 764/764/764 769/769/769 763/763/763 
f 769/769/769 771/771/771 768/768/768 
f 771/771/771 769/769/769 772/772/772 
f 768/768/768 771/771/771 774/774/774 
f 767/767/767 768/768/768 774/774/774 
f 775/775/775 774/774/774 771/771/771 
f 770/770/770 772/772/772 769/769/769 
f 769/769/769 764/764/764 770/770/770 
f 770/770/770 773/773/773 772/772/772 
f 774/774/774 778/778/778 767/767/767 
f 760/760/760 767/767/767 778/778/778 
f 774/774/774 775/775/775 779/779/779 
f 778/778/778 774/774/774 779/779/779 
f 1385/1385/1385 1388/1388/1388 1384/1384/1384 
f 1388/1388/1388 1386/1386/1386 1384/1384/1384 
f 1384/1384/1384 1381/1381/1381 1385/1385/1385 
f 1381/1381/1381 1384/1384/1384 1380/1380/1380 
f 1380/1380/1380 1378/1378/1378 1381/1381/1381 
f 1382/1382/1382 1384/1384/1384 1386/1386/1386 
f 1384/1384/1384 1382/1382/1382 1380/1380/1380 
f 1383/1383/1383 1386/1386/1386 1387/1387/1387 
f 1382/1382/1382 1386/1386/1386 1383/1383/1383 
f 1374/1374/1374 1383/1383/1383 1387/1387/1387 
f 1376/1376/1376 1382/1382/1382 1383/1383/1383 
f 1383/1383/1383 1374/1374/1374 1376/1376/1376 
f 1380/1380/1380 1382/1382/1382 1379/1379/1379 
f 1382/1382/1382 1376/1376/1376 1379/1379/1379 
f 1378/1378/1378 1380/1380/1380 1377/1377/1377 
f 1379/1379/1379 1377/1377/1377 1380/1380/1380 
f 1377/1377/1377 1293/1293/1293 1378/1378/1378 
f 1376/1376/1376 1375/1375/1375 1379/1379/1379 
f 1377/1377/1377 1379/1379/1379 1375/1375/1375 
f 1293/1293/1293 1377/1377/1377 1291/1291/1291 
f 1377/1377/1377 1375/1375/1375 1291/1291/1291 
f 1291/1291/1291 1289/1289/1289 1293/1293/1293 
f 1375/1375/1375 1376/1376/1376 1373/1373/1373 
f 1374/1374/1374 1373/1373/1373 1376/1376/1376 
f 1291/1291/1291 1375/1375/1375 1355/1355/1355 
f 1373/1373/1373 1355/1355/1355 1375/1375/1375 
f 1289/1289/1289 1291/1291/1291 1287/1287/1287 
f 1287/1287/1287 1288/1288/1288 1289/1289/1289 
f 1287/1287/1287 1284/1284/1284 1288/1288/1288 
f 1291/1291/1291 1350/1350/1350 1287/1287/1287 
f 1350/1350/1350 1291/1291/1291 1355/1355/1355 
f 1284/1284/1284 1287/1287/1287 1282/1282/1282 
f 1350/1350/1350 1282/1282/1282 1287/1287/1287 
f 1282/1282/1282 1280/1280/1280 1284/1284/1284 
f 1355/1355/1355 1351/1351/1351 1350/1350/1350 
f 1280/1280/1280 1282/1282/1282 1279/1279/1279 
f 1279/1279/1279 1273/1273/1273 1280/1280/1280 
f 1282/1282/1282 1350/1350/1350 1286/1286/1286 
f 1351/1351/1351 1286/1286/1286 1350/1350/1350 
f 1282/1282/1282 1283/1283/1283 1279/1279/1279 
f 1283/1283/1283 1282/1282/1282 1286/1286/1286 
f 1273/1273/1273 1279/1279/1279 1272/1272/1272 
f 1272/1272/1272 1269/1269/1269 1273/1273/1273 
f 1278/1278/1278 1279/1279/1279 1283/1283/1283 
f 1279/1279/1279 1278/1278/1278 1272/1272/1272 
f 1269/1269/1269 1272/1272/1272 1268/1268/1268 
f 1268/1268/1268 1264/1264/1264 1269/1269/1269 
f 1274/1274/1274 1272/1272/1272 1278/1278/1278 
f 1272/1272/1272 1274/1274/1274 1268/1268/1268 
f 1278/1278/1278 1283/1283/1283 1277/1277/1277 
f 1277/1277/1277 1274/1274/1274 1278/1278/1278 
f 1285/1285/1285 1277/1277/1277 1283/1283/1283 
f 1283/1283/1283 1286/1286/1286 1285/1285/1285 
f 1178/1178/1178 1179/1179/1179 1180/1180/1180 
f 1181/1181/1181 1180/1180/1180 1179/1179/1179 
f 1180/1180/1180 1182/1182/1182 1178/1178/1178 
f 1179/1179/1179 1183/1183/1183 1181/1181/1181 
f 1184/1184/1184 1178/1178/1178 1182/1182/1182 
f 1183/1183/1183 1179/1179/1179 1185/1185/1185 
f 1183/1183/1183 1185/1185/1185 1186/1186/1186 
f 1185/1185/1185 1187/1187/1187 1186/1186/1186 
f 1188/1188/1188 1185/1185/1185 1179/1179/1179 
f 1179/1179/1179 1178/1178/1178 1188/1188/1188 
f 1189/1189/1189 1187/1187/1187 1185/1185/1185 
f 1185/1185/1185 1188/1188/1188 1189/1189/1189 
f 1187/1187/1187 1189/1189/1189 1190/1190/1190 
f 1184/1184/1184 1191/1191/1191 1178/1178/1178 
f 1191/1191/1191 1188/1188/1188 1178/1178/1178 
f 1192/1192/1192 1191/1191/1191 1184/1184/1184 
f 1189/1189/1189 1193/1193/1193 1190/1190/1190 
f 1194/1194/1194 1191/1191/1191 1192/1192/1192 
f 1195/1195/1195 1189/1189/1189 1188/1188/1188 
f 1191/1191/1191 1195/1195/1195 1188/1188/1188 
f 1193/1193/1193 1189/1189/1189 1196/1196/1196 
f 1196/1196/1196 1197/1197/1197 1193/1193/1193 
f 1197/1197/1197 1196/1196/1196 1198/1198/1198 
f 1189/1189/1189 1199/1199/1199 1196/1196/1196 
f 1189/1189/1189 1195/1195/1195 1199/1199/1199 
f 1196/1196/1196 1200/1200/1200 1198/1198/1198 
f 1196/1196/1196 1199/1199/1199 1200/1200/1200 
f 1200/1200/1200 1201/1201/1201 1198/1198/1198 
f 1200/1200/1200 1202/1202/1202 1201/1201/1201 
f 1202/1202/1202 1200/1200/1200 1203/1203/1203 
f 1200/1200/1200 1199/1199/1199 1203/1203/1203 
f 1203/1203/1203 1204/1204/1204 1202/1202/1202 
f 1204/1204/1204 1203/1203/1203 1205/1205/1205 
f 1205/1205/1205 1206/1206/1206 1204/1204/1204 
f 1199/1199/1199 1207/1207/1207 1203/1203/1203 
f 1207/1207/1207 1205/1205/1205 1203/1203/1203 
f 1199/1199/1199 1195/1195/1195 1207/1207/1207 
f 1205/1205/1205 1208/1208/1208 1206/1206/1206 
f 1205/1205/1205 1207/1207/1207 1208/1208/1208 
f 1209/1209/1209 1206/1206/1206 1208/1208/1208 
f 1195/1195/1195 1210/1210/1210 1207/1207/1207 
f 1210/1210/1210 1208/1208/1208 1207/1207/1207 
f 1211/1211/1211 1209/1209/1209 1208/1208/1208 
f 1208/1208/1208 1210/1210/1210 1211/1211/1211 
f 1209/1209/1209 1211/1211/1211 1212/1212/1212 
f 1211/1211/1211 1213/1213/1213 1212/1212/1212 
f 1213/1213/1213 1211/1211/1211 1214/1214/1214 
f 1210/1210/1210 1214/1214/1214 1211/1211/1211 
f 1214/1214/1214 1215/1215/1215 1213/1213/1213 
f 1195/1195/1195 1216/1216/1216 1210/1210/1210 
f 1214/1214/1214 1210/1210/1210 1216/1216/1216 
f 1215/1215/1215 1214/1214/1214 1217/1217/1217 
f 1216/1216/1216 1217/1217/1217 1214/1214/1214 
f 1217/1217/1217 1218/1218/1218 1215/1215/1215 
f 1219/1219/1219 1218/1218/1218 1217/1217/1217 
f 1217/1217/1217 1216/1216/1216 1219/1219/1219 
f 1218/1218/1218 1219/1219/1219 1220/1220/1220 
f 1195/1195/1195 1221/1221/1221 1216/1216/1216 
f 1221/1221/1221 1219/1219/1219 1216/1216/1216 
f 1195/1195/1195 1191/1191/1191 1221/1221/1221 
f 1222/1222/1222 1220/1220/1220 1219/1219/1219 
f 1221/1221/1221 1222/1222/1222 1219/1219/1219 
f 1220/1220/1220 1222/1222/1222 1223/1223/1223 
f 1222/1222/1222 1224/1224/1224 1223/1223/1223 
f 1221/1221/1221 1225/1225/1225 1222/1222/1222 
f 1224/1224/1224 1222/1222/1222 1225/1225/1225 
f 1225/1225/1225 1221/1221/1221 1191/1191/1191 
f 1225/1225/1225 1226/1226/1226 1224/1224/1224 
f 1225/1225/1225 1191/1191/1191 1194/1194/1194 
f 1226/1226/1226 1225/1225/1225 1194/1194/1194 
f 1295/1295/1295 1296/1296/1296 1297/1297/1297 
f 1296/1296/1296 1295/1295/1295 1298/1298/1298 
f 1298/1298/1298 1295/1295/1295 1299/1299/1299 
f 1299/1299/1299 1300/1300/1300 1298/1298/1298 
f 1295/1295/1295 1301/1301/1301 1299/1299/1299 
f 1297/1297/1297 1302/1302/1302 1295/1295/1295 
f 1301/1301/1301 1295/1295/1295 1302/1302/1302 
f 1302/1302/1302 1297/1297/1297 1306/1306/1306 
f 1303/1303/1303 1301/1301/1301 1302/1302/1302 
f 1306/1306/1306 1303/1303/1303 1302/1302/1302 
f 1301/1301/1301 1303/1303/1303 1304/1304/1304 
f 1303/1303/1303 1306/1306/1306 1309/1309/1309 
f 1303/1303/1303 1305/1305/1305 1304/1304/1304 
f 1309/1309/1309 1307/1307/1307 1303/1303/1303 
f 1305/1305/1305 1303/1303/1303 1307/1307/1307 
f 1307/1307/1307 1309/1309/1309 1311/1311/1311 
f 1307/1307/1307 1308/1308/1308 1305/1305/1305 
f 1311/1311/1311 1310/1310/1310 1307/1307/1307 
f 1307/1307/1307 1310/1310/1310 1308/1308/1308 
f 1264/1264/1264 1268/1268/1268 1263/1263/1263 
f 1263/1263/1263 1260/1260/1260 1264/1264/1264 
f 1274/1274/1274 1267/1267/1267 1268/1268/1268 
f 1267/1267/1267 1263/1263/1263 1268/1268/1268 
f 1274/1274/1274 1277/1277/1277 1275/1275/1275 
f 1267/1267/1267 1274/1274/1274 1275/1275/1275 
f 1276/1276/1276 1275/1275/1275 1277/1277/1277 
f 1285/1285/1285 1276/1276/1276 1277/1277/1277 
f 1265/1265/1265 1267/1267/1267 1275/1275/1275 
f 1275/1275/1275 1276/1276/1276 1265/1265/1265 
f 1263/1263/1263 1267/1267/1267 1261/1261/1261 
f 1267/1267/1267 1265/1265/1265 1261/1261/1261 
f 1260/1260/1260 1263/1263/1263 1257/1257/1257 
f 1257/1257/1257 1263/1263/1263 1261/1261/1261 
f 1257/1257/1257 1259/1259/1259 1260/1260/1260 
f 1259/1259/1259 1257/1257/1257 1258/1258/1258 
f 1257/1257/1257 1256/1256/1256 1258/1258/1258 
f 1254/1254/1254 1256/1256/1256 1257/1257/1257 
f 1257/1257/1257 1261/1261/1261 1254/1254/1254 
f 1254/1254/1254 1255/1255/1255 1256/1256/1256 
f 1262/1262/1262 1254/1254/1254 1261/1261/1261 
f 1261/1261/1261 1265/1265/1265 1262/1262/1262 
f 1255/1255/1255 1254/1254/1254 1347/1347/1347 
f 1254/1254/1254 1262/1262/1262 1347/1347/1347 
f 1344/1344/1344 1255/1255/1255 1347/1347/1347 
f 1255/1255/1255 1344/1344/1344 1342/1342/1342 
f 1262/1262/1262 1346/1346/1346 1347/1347/1347 
f 1347/1347/1347 1346/1346/1346 1344/1344/1344 
f 1266/1266/1266 1262/1262/1262 1265/1265/1265 
f 1262/1262/1262 1266/1266/1266 1346/1346/1346 
f 1344/1344/1344 1341/1341/1341 1342/1342/1342 
f 1346/1346/1346 1341/1341/1341 1344/1344/1344 
f 1341/1341/1341 1339/1339/1339 1342/1342/1342 
f 1341/1341/1341 1346/1346/1346 1345/1345/1345 
f 1266/1266/1266 1345/1345/1345 1346/1346/1346 
f 1341/1341/1341 1337/1337/1337 1339/1339/1339 
f 1337/1337/1337 1338/1338/1338 1339/1339/1339 
f 1337/1337/1337 1334/1334/1334 1338/1338/1338 
f 1341/1341/1341 1340/1340/1340 1337/1337/1337 
f 1340/1340/1340 1341/1341/1341 1345/1345/1345 
f 1334/1334/1334 1337/1337/1337 1333/1333/1333 
f 1340/1340/1340 1333/1333/1333 1337/1337/1337 
f 1333/1333/1333 1330/1330/1330 1334/1334/1334 
f 1345/1345/1345 1266/1266/1266 1348/1348/1348 
f 1348/1348/1348 1340/1340/1340 1345/1345/1345 
f 1330/1330/1330 1333/1333/1333 1329/1329/1329 
f 1329/1329/1329 1326/1326/1326 1330/1330/1330 
f 1333/1333/1333 1340/1340/1340 1335/1335/1335 
f 1335/1335/1335 1329/1329/1329 1333/1333/1333 
f 1326/1326/1326 1329/1329/1329 1325/1325/1325 
f 1325/1325/1325 1322/1322/1322 1326/1326/1326 
f 1335/1335/1335 1331/1331/1331 1329/1329/1329 
f 1331/1331/1331 1325/1325/1325 1329/1329/1329 
f 1321/1321/1321 1322/1322/1322 1325/1325/1325 
f 1321/1321/1321 1320/1320/1320 1322/1322/1322 
f 1325/1325/1325 1331/1331/1331 1327/1327/1327 
f 1327/1327/1327 1321/1321/1321 1325/1325/1325 
f 1320/1320/1320 1321/1321/1321 1319/1319/1319 
f 1319/1319/1319 1296/1296/1296 1320/1320/1320 
f 1321/1321/1321 1327/1327/1327 1323/1323/1323 
f 1323/1323/1323 1319/1319/1319 1321/1321/1321 
f 1332/1332/1332 1327/1327/1327 1331/1331/1331 
f 1328/1328/1328 1323/1323/1323 1327/1327/1327 
f 1327/1327/1327 1332/1332/1332 1328/1328/1328 
f 1336/1336/1336 1332/1332/1332 1331/1331/1331 
f 1331/1331/1331 1335/1335/1335 1336/1336/1336 
f 1233/1233/1233 1234/1234/1234 1235/1235/1235 
f 1234/1234/1234 1481/1481/1481 1235/1235/1235 
f 1234/1234/1234 1233/1233/1233 1236/1236/1236 
f 1481/1481/1481 1234/1234/1234 1310/1310/1310 
f 1239/1239/1239 1236/1236/1236 1233/1233/1233 
f 1236/1236/1236 1237/1237/1237 1234/1234/1234 
f 1237/1237/1237 1310/1310/1310 1234/1234/1234 
f 1237/1237/1237 1236/1236/1236 1238/1238/1238 
f 1310/1310/1310 1237/1237/1237 1308/1308/1308 
f 1236/1236/1236 1242/1242/1242 1238/1238/1238 
f 1236/1236/1236 1239/1239/1239 1242/1242/1242 
f 1242/1242/1242 1243/1243/1243 1238/1238/1238 
f 1310/1310/1310 1311/1311/1311 1481/1481/1481 
f 1242/1242/1242 1246/1246/1246 1243/1243/1243 
f 1246/1246/1246 1247/1247/1247 1243/1243/1243 
f 1246/1246/1246 1248/1248/1248 1247/1247/1247 
f 1242/1242/1242 1244/1244/1244 1246/1246/1246 
f 1244/1244/1244 1242/1242/1242 1239/1239/1239 
f 1248/1248/1248 1246/1246/1246 1252/1252/1252 
f 1249/1249/1249 1246/1246/1246 1244/1244/1244 
f 1246/1246/1246 1249/1249/1249 1252/1252/1252 
f 1239/1239/1239 1241/1241/1241 1244/1244/1244 
f 1240/1240/1240 1241/1241/1241 1239/1239/1239 
f 1244/1244/1244 1245/1245/1245 1249/1249/1249 
f 1245/1245/1245 1244/1244/1244 1241/1241/1241 
f 1248/1248/1248 1252/1252/1252 1253/1253/1253 
f 1251/1251/1251 1252/1252/1252 1249/1249/1249 
f 1252/1252/1252 1251/1251/1251 1253/1253/1253 
f 1447/1447/1447 1248/1248/1248 1253/1253/1253 
f 1446/1446/1446 1447/1447/1447 1253/1253/1253 
f 1447/1447/1447 1446/1446/1446 1448/1448/1448 
f 1446/1446/1446 1253/1253/1253 1426/1426/1426 
f 1251/1251/1251 1426/1426/1426 1253/1253/1253 
f 1249/1249/1249 1245/1245/1245 1250/1250/1250 
f 1251/1251/1251 1249/1249/1249 1250/1250/1250 
f 1426/1426/1426 1251/1251/1251 1425/1425/1425 
f 1425/1425/1425 1421/1421/1421 1426/1426/1426 
f 1251/1251/1251 1250/1250/1250 1439/1439/1439 
f 1439/1439/1439 1425/1425/1425 1251/1251/1251 
f 1420/1420/1420 1421/1421/1421 1425/1425/1425 
f 1421/1421/1421 1420/1420/1420 1417/1417/1417 
f 1427/1427/1427 1425/1425/1425 1439/1439/1439 
f 1425/1425/1425 1427/1427/1427 1420/1420/1420 
f 1439/1439/1439 1250/1250/1250 1440/1440/1440 
f 1417/1417/1417 1420/1420/1420 1416/1416/1416 
f 1416/1416/1416 1414/1414/1414 1417/1417/1417 
f 1422/1422/1422 1420/1420/1420 1427/1427/1427 
f 1416/1416/1416 1420/1420/1420 1422/1422/1422 
f 1439/1439/1439 1436/1436/1436 1427/1427/1427 
f 1436/1436/1436 1439/1439/1439 1440/1440/1440 
f 1422/1422/1422 1427/1427/1427 1428/1428/1428 
f 1428/1428/1428 1427/1427/1427 1436/1436/1436 
f 1413/1413/1413 1414/1414/1414 1416/1416/1416 
f 1414/1414/1414 1413/1413/1413 1411/1411/1411 
f 1418/1418/1418 1416/1416/1416 1422/1422/1422 
f 1416/1416/1416 1418/1418/1418 1413/1413/1413 
f 1424/1424/1424 1422/1422/1422 1428/1428/1428 
f 1422/1422/1422 1424/1424/1424 1418/1418/1418 
f 1413/1413/1413 1410/1410/1410 1411/1411/1411 
f 1410/1410/1410 1408/1408/1408 1411/1411/1411 
f 1418/1418/1418 1415/1415/1415 1413/1413/1413 
f 1410/1410/1410 1413/1413/1413 1415/1415/1415 
f 1424/1424/1424 1423/1423/1423 1418/1418/1418 
f 1423/1423/1423 1415/1415/1415 1418/1418/1418 
f 1406/1406/1406 1408/1408/1408 1410/1410/1410 
f 1408/1408/1408 1406/1406/1406 1407/1407/1407 
f 1406/1406/1406 1404/1404/1404 1407/1407/1407 
f 1410/1410/1410 1409/1409/1409 1406/1406/1406 
f 1409/1409/1409 1410/1410/1410 1415/1415/1415 
f 1406/1406/1406 1403/1403/1403 1404/1404/1404 
f 1403/1403/1403 1406/1406/1406 1409/1409/1409 
f 1403/1403/1403 1400/1400/1400 1404/1404/1404 
f 1415/1415/1415 1423/1423/1423 1419/1419/1419 
f 1419/1419/1419 1409/1409/1409 1415/1415/1415 
f 1403/1403/1403 1399/1399/1399 1400/1400/1400 
f 1399/1399/1399 1396/1396/1396 1400/1400/1400 
f 1405/1405/1405 1403/1403/1403 1409/1409/1409 
f 1399/1399/1399 1403/1403/1403 1401/1401/1401 
f 1401/1401/1401 1403/1403/1403 1405/1405/1405 
f 1401/1401/1401 1398/1398/1398 1399/1399/1399 
f 1396/1396/1396 1399/1399/1399 1398/1398/1398 
f 1402/1402/1402 1401/1401/1401 1405/1405/1405 
f 1395/1395/1395 1396/1396/1396 1398/1398/1398 
f 1396/1396/1396 1395/1395/1395 1394/1394/1394 
f 1398/1398/1398 1401/1401/1401 1397/1397/1397 
f 1397/1397/1397 1395/1395/1395 1398/1398/1398 
f 1402/1402/1402 1397/1397/1397 1401/1401/1401 
f 1391/1391/1391 1394/1394/1394 1395/1395/1395 
f 1394/1394/1394 1391/1391/1391 1393/1393/1393 
f 1392/1392/1392 1393/1393/1393 1391/1391/1391 
f 1391/1391/1391 1389/1389/1389 1392/1392/1392 
f 1391/1391/1391 1395/1395/1395 1390/1390/1390 
f 1395/1395/1395 1397/1397/1397 1390/1390/1390 
f 1389/1389/1389 1391/1391/1391 1388/1388/1388 
f 1388/1388/1388 1391/1391/1391 1390/1390/1390 
f 1388/1388/1388 1385/1385/1385 1389/1389/1389 
f 1390/1390/1390 1397/1397/1397 1387/1387/1387 
f 1397/1397/1397 1402/1402/1402 1387/1387/1387 
f 1386/1386/1386 1388/1388/1388 1390/1390/1390 
f 1387/1387/1387 1386/1386/1386 1390/1390/1390 
f 1297/1297/1297 1296/1296/1296 1319/1319/1319 
f 1319/1319/1319 1323/1323/1323 1317/1317/1317 
f 1319/1319/1319 1317/1317/1317 1297/1297/1297 
f 1324/1324/1324 1317/1317/1317 1323/1323/1323 
f 1323/1323/1323 1328/1328/1328 1324/1324/1324 
f 1335/1335/1335 1343/1343/1343 1336/1336/1336 
f 1343/1343/1343 1335/1335/1335 1340/1340/1340 
f 1340/1340/1340 1349/1349/1349 1343/1343/1343 
f 1340/1340/1340 1348/1348/1348 1349/1349/1349 
f 1271/1271/1271 1349/1349/1349 1348/1348/1348 
f 1266/1266/1266 1271/1271/1271 1348/1348/1348 
f 1343/1343/1343 1349/1349/1349 1358/1358/1358 
f 1336/1336/1336 1343/1343/1343 1359/1359/1359 
f 1358/1358/1358 1359/1359/1359 1343/1343/1343 
f 1488/1488/1488 1336/1336/1336 1359/1359/1359 
f 1332/1332/1332 1336/1336/1336 1488/1488/1488 
f 1359/1359/1359 1358/1358/1358 1489/1489/1489 
f 1359/1359/1359 1487/1487/1487 1488/1488/1488 
f 1486/1486/1486 1332/1332/1332 1488/1488/1488 
f 1486/1486/1486 1488/1488/1488 1487/1487/1487 
f 1486/1486/1486 1328/1328/1328 1332/1332/1332 
f 1485/1485/1485 1486/1486/1486 1487/1487/1487 
f 1328/1328/1328 1486/1486/1486 1484/1484/1484 
f 1485/1485/1485 1484/1484/1484 1486/1486/1486 
f 1484/1484/1484 1324/1324/1324 1328/1328/1328 
f 1484/1484/1484 1485/1485/1485 1483/1483/1483 
f 1483/1483/1483 1482/1482/1482 1484/1484/1484 
f 1324/1324/1324 1484/1484/1484 1482/1482/1482 
f 1482/1482/1482 1483/1483/1483 1480/1480/1480 
f 1324/1324/1324 1482/1482/1482 1318/1318/1318 
f 1317/1317/1317 1324/1324/1324 1318/1318/1318 
f 1482/1482/1482 1480/1480/1480 1479/1479/1479 
f 1318/1318/1318 1482/1482/1482 1479/1479/1479 
f 1480/1480/1480 1477/1477/1477 1479/1479/1479 
f 1318/1318/1318 1314/1314/1314 1317/1317/1317 
f 1477/1477/1477 1476/1476/1476 1479/1479/1479 
f 1479/1479/1479 1316/1316/1316 1318/1318/1318 
f 1314/1314/1314 1318/1318/1318 1316/1316/1316 
f 1316/1316/1316 1479/1479/1479 1476/1476/1476 
f 1476/1476/1476 1477/1477/1477 1474/1474/1474 
f 1297/1297/1297 1317/1317/1317 1314/1314/1314 
f 1474/1474/1474 1473/1473/1473 1476/1476/1476 
f 1473/1473/1473 1474/1474/1474 1470/1470/1470 
f 1476/1476/1476 1315/1315/1315 1316/1316/1316 
f 1315/1315/1315 1476/1476/1476 1473/1473/1473 
f 1316/1316/1316 1312/1312/1312 1314/1314/1314 
f 1312/1312/1312 1316/1316/1316 1315/1315/1315 
f 1314/1314/1314 1306/1306/1306 1297/1297/1297 
f 1306/1306/1306 1314/1314/1314 1312/1312/1312 
f 1470/1470/1470 1469/1469/1469 1473/1473/1473 
f 1469/1469/1469 1470/1470/1470 1468/1468/1468 
f 1473/1473/1473 1475/1475/1475 1315/1315/1315 
f 1475/1475/1475 1473/1473/1473 1469/1469/1469 
f 1313/1313/1313 1312/1312/1312 1315/1315/1315 
f 1475/1475/1475 1313/1313/1313 1315/1315/1315 
f 1312/1312/1312 1309/1309/1309 1306/1306/1306 
f 1309/1309/1309 1312/1312/1312 1313/1313/1313 
f 1475/1475/1475 1478/1478/1478 1313/1313/1313 
f 1313/1313/1313 1311/1311/1311 1309/1309/1309 
f 1311/1311/1311 1313/1313/1313 1478/1478/1478 
f 1478/1478/1478 1475/1475/1475 1471/1471/1471 
f 1469/1469/1469 1471/1471/1471 1475/1475/1475 
f 1471/1471/1471 1472/1472/1472 1478/1478/1478 
f 1468/1468/1468 1467/1467/1467 1469/1469/1469 
f 1471/1471/1471 1469/1469/1469 1467/1467/1467 
f 1467/1467/1467 1468/1468/1468 1466/1466/1466 
f 1466/1466/1466 1463/1463/1463 1467/1467/1467 
f 1467/1467/1467 1465/1465/1465 1471/1471/1471 
f 1472/1472/1472 1471/1471/1471 1465/1465/1465 
f 1465/1465/1465 1467/1467/1467 1463/1463/1463 
f 1465/1465/1465 1464/1464/1464 1472/1472/1472 
f 1463/1463/1463 1461/1461/1461 1465/1465/1465 
f 1464/1464/1464 1465/1465/1465 1461/1461/1461 
f 1461/1461/1461 1463/1463/1463 1462/1462/1462 
f 1458/1458/1458 1461/1461/1461 1462/1462/1462 
f 1461/1461/1461 1459/1459/1459 1464/1464/1464 
f 1461/1461/1461 1458/1458/1458 1459/1459/1459 
f 1459/1459/1459 1460/1460/1460 1464/1464/1464 
f 1455/1455/1455 1459/1459/1459 1458/1458/1458 
f 1458/1458/1458 1456/1456/1456 1455/1455/1455 
f 1453/1453/1453 1455/1455/1455 1456/1456/1456 
f 1459/1459/1459 1457/1457/1457 1460/1460/1460 
f 1459/1459/1459 1455/1455/1455 1457/1457/1457 
f 1457/1457/1457 1240/1240/1240 1460/1460/1460 
f 1455/1455/1455 1453/1453/1453 1452/1452/1452 
f 1452/1452/1452 1457/1457/1457 1455/1455/1455 
f 1450/1450/1450 1452/1452/1452 1453/1453/1453 
f 1457/1457/1457 1454/1454/1454 1240/1240/1240 
f 1457/1457/1457 1452/1452/1452 1454/1454/1454 
f 1454/1454/1454 1241/1241/1241 1240/1240/1240 
f 1452/1452/1452 1450/1450/1450 1449/1449/1449 
f 1449/1449/1449 1454/1454/1454 1452/1452/1452 
f 1445/1445/1445 1449/1449/1449 1450/1450/1450 
f 1241/1241/1241 1454/1454/1454 1451/1451/1451 
f 1454/1454/1454 1449/1449/1449 1451/1451/1451 
f 1451/1451/1451 1245/1245/1245 1241/1241/1241 
f 1449/1449/1449 1445/1445/1445 1444/1444/1444 
f 1444/1444/1444 1451/1451/1451 1449/1449/1449 
f 1444/1444/1444 1445/1445/1445 1442/1442/1442 
f 1245/1245/1245 1451/1451/1451 1443/1443/1443 
f 1451/1451/1451 1444/1444/1444 1443/1443/1443 
f 1443/1443/1443 1250/1250/1250 1245/1245/1245 
f 1250/1250/1250 1443/1443/1443 1440/1440/1440 
f 1443/1443/1443 1444/1444/1444 1441/1441/1441 
f 1442/1442/1442 1441/1441/1441 1444/1444/1444 
f 1440/1440/1440 1443/1443/1443 1441/1441/1441 
f 1438/1438/1438 1441/1441/1441 1442/1442/1442 
f 1440/1440/1440 1441/1441/1441 1437/1437/1437 
f 1441/1441/1441 1438/1438/1438 1437/1437/1437 
f 1437/1437/1437 1436/1436/1436 1440/1440/1440 
f 1435/1435/1435 1437/1437/1437 1438/1438/1438 
f 1434/1434/1434 1436/1436/1436 1437/1437/1437 
f 1437/1437/1437 1435/1435/1435 1434/1434/1434 
f 1436/1436/1436 1434/1434/1434 1428/1428/1428 
f 1433/1433/1433 1434/1434/1434 1435/1435/1435 
f 1431/1431/1431 1428/1428/1428 1434/1434/1434 
f 1434/1434/1434 1433/1433/1433 1431/1431/1431 
f 1428/1428/1428 1431/1431/1431 1424/1424/1424 
f 1432/1432/1432 1431/1431/1431 1433/1433/1433 
f 1429/1429/1429 1424/1424/1424 1431/1431/1431 
f 1431/1431/1431 1432/1432/1432 1429/1429/1429 
f 1424/1424/1424 1429/1429/1429 1423/1423/1423 
f 1432/1432/1432 1430/1430/1430 1429/1429/1429 
f 1430/1430/1430 1423/1423/1423 1429/1429/1429 
f 1423/1423/1423 1430/1430/1430 1419/1419/1419 
f 1430/1430/1430 1510/1510/1510 1419/1419/1419 
f 1510/1510/1510 1430/1430/1430 1509/1509/1509 
f 1512/1512/1512 1419/1419/1419 1510/1510/1510 
f 1419/1419/1419 1512/1512/1512 1409/1409/1409 
f 1510/1510/1510 1509/1509/1509 1508/1508/1508 
f 1509/1509/1509 1507/1507/1507 1508/1508/1508 
f 1510/1510/1510 1511/1511/1511 1512/1512/1512 
f 1511/1511/1511 1510/1510/1510 1508/1508/1508 
f 1412/1412/1412 1409/1409/1409 1512/1512/1512 
f 1409/1409/1409 1412/1412/1412 1405/1405/1405 
f 1402/1402/1402 1405/1405/1405 1412/1412/1412 
f 1513/1513/1513 1412/1412/1412 1512/1512/1512 
f 1513/1513/1513 1402/1402/1402 1412/1412/1412 
f 1513/1513/1513 1512/1512/1512 1511/1511/1511 
f 1402/1402/1402 1513/1513/1513 1514/1514/1514 
f 1514/1514/1514 1387/1387/1387 1402/1402/1402 
f 1387/1387/1387 1514/1514/1514 1374/1374/1374 
f 1513/1513/1513 1371/1371/1371 1514/1514/1514 
f 1371/1371/1371 1374/1374/1374 1514/1514/1514 
f 1370/1370/1370 1513/1513/1513 1511/1511/1511 
f 1371/1371/1371 1513/1513/1513 1370/1370/1370 
f 1370/1370/1370 1511/1511/1511 1506/1506/1506 
f 1508/1508/1508 1506/1506/1506 1511/1511/1511 
f 1374/1374/1374 1371/1371/1371 1372/1372/1372 
f 1373/1373/1373 1374/1374/1374 1372/1372/1372 
f 1506/1506/1506 1508/1508/1508 1505/1505/1505 
f 1508/1508/1508 1507/1507/1507 1505/1505/1505 
f 1372/1372/1372 1356/1356/1356 1373/1373/1373 
f 1355/1355/1355 1373/1373/1373 1356/1356/1356 
f 1351/1351/1351 1355/1355/1355 1356/1356/1356 
f 1356/1356/1356 1372/1372/1372 1369/1369/1369 
f 1371/1371/1371 1369/1369/1369 1372/1372/1372 
f 1356/1356/1356 1352/1352/1352 1351/1351/1351 
f 1352/1352/1352 1356/1356/1356 1369/1369/1369 
f 1369/1369/1369 1371/1371/1371 1367/1367/1367 
f 1369/1369/1369 1367/1367/1367 1352/1352/1352 
f 1370/1370/1370 1367/1367/1367 1371/1371/1371 
f 1367/1367/1367 1370/1370/1370 1368/1368/1368 
f 1506/1506/1506 1368/1368/1368 1370/1370/1370 
f 1368/1368/1368 1364/1364/1364 1367/1367/1367 
f 1352/1352/1352 1367/1367/1367 1364/1364/1364 
f 1368/1368/1368 1506/1506/1506 1504/1504/1504 
f 1505/1505/1505 1504/1504/1504 1506/1506/1506 
f 1364/1364/1364 1368/1368/1368 1366/1366/1366 
f 1504/1504/1504 1366/1366/1366 1368/1368/1368 
f 1352/1352/1352 1364/1364/1364 1353/1353/1353 
f 1364/1364/1364 1366/1366/1366 1362/1362/1362 
f 1362/1362/1362 1353/1353/1353 1364/1364/1364 
f 1353/1353/1353 1294/1294/1294 1352/1352/1352 
f 1366/1366/1366 1365/1365/1365 1362/1362/1362 
f 1366/1366/1366 1504/1504/1504 1496/1496/1496 
f 1365/1365/1365 1366/1366/1366 1496/1496/1496 
f 1504/1504/1504 1500/1500/1500 1496/1496/1496 
f 1504/1504/1504 1505/1505/1505 1500/1500/1500 
f 1292/1292/1292 1352/1352/1352 1294/1294/1294 
f 1352/1352/1352 1292/1292/1292 1351/1351/1351 
f 1286/1286/1286 1351/1351/1351 1292/1292/1292 
f 1292/1292/1292 1285/1285/1285 1286/1286/1286 
f 1292/1292/1292 1290/1290/1290 1285/1285/1285 
f 1290/1290/1290 1292/1292/1292 1294/1294/1294 
f 1276/1276/1276 1285/1285/1285 1290/1290/1290 
f 1281/1281/1281 1290/1290/1290 1294/1294/1294 
f 1290/1290/1290 1281/1281/1281 1276/1276/1276 
f 1294/1294/1294 1353/1353/1353 1281/1281/1281 
f 1276/1276/1276 1281/1281/1281 1270/1270/1270 
f 1270/1270/1270 1265/1265/1265 1276/1276/1276 
f 1265/1265/1265 1270/1270/1270 1266/1266/1266 
f 1271/1271/1271 1266/1266/1266 1270/1270/1270 
f 1270/1270/1270 1281/1281/1281 1271/1271/1271 
f 1354/1354/1354 1281/1281/1281 1353/1353/1353 
f 1281/1281/1281 1354/1354/1354 1271/1271/1271 
f 1353/1353/1353 1362/1362/1362 1354/1354/1354 
f 1354/1354/1354 1357/1357/1357 1271/1271/1271 
f 1349/1349/1349 1271/1271/1271 1357/1357/1357 
f 1358/1358/1358 1349/1349/1349 1357/1357/1357 
f 1362/1362/1362 1361/1361/1361 1354/1354/1354 
f 1357/1357/1357 1354/1354/1354 1361/1361/1361 
f 1361/1361/1361 1362/1362/1362 1365/1365/1365 
f 1357/1357/1357 1360/1360/1360 1358/1358/1358 
f 1360/1360/1360 1357/1357/1357 1361/1361/1361 
f 1358/1358/1358 1360/1360/1360 1489/1489/1489 
f 1489/1489/1489 1360/1360/1360 1490/1490/1490 
f 1361/1361/1361 1363/1363/1363 1360/1360/1360 
f 1365/1365/1365 1363/1363/1363 1361/1361/1361 
f 1363/1363/1363 1490/1490/1490 1360/1360/1360 
f 1363/1363/1363 1365/1365/1365 1494/1494/1494 
f 1490/1490/1490 1363/1363/1363 1491/1491/1491 
f 1494/1494/1494 1491/1491/1491 1363/1363/1363 
f 1491/1491/1491 1492/1492/1492 1490/1490/1490 
f 1492/1492/1492 1491/1491/1491 1493/1493/1493 
f 1493/1493/1493 1491/1491/1491 1495/1495/1495 
f 1491/1491/1491 1494/1494/1494 1495/1495/1495 
f 1494/1494/1494 1365/1365/1365 1496/1496/1496 
f 1497/1497/1497 1495/1495/1495 1494/1494/1494 
f 1496/1496/1496 1497/1497/1497 1494/1494/1494 
f 1495/1495/1495 1497/1497/1497 1498/1498/1498 
f 1496/1496/1496 1500/1500/1500 1497/1497/1497 
f 1497/1497/1497 1499/1499/1499 1498/1498/1498 
f 1500/1500/1500 1499/1499/1499 1497/1497/1497 
f 1500/1500/1500 1501/1501/1501 1499/1499/1499 
f 1501/1501/1501 1502/1502/1502 1499/1499/1499 
f 1501/1501/1501 1500/1500/1500 1505/1505/1505 
f 1503/1503/1503 1502/1502/1502 1501/1501/1501 
f 1505/1505/1505 1507/1507/1507 1501/1501/1501 
f 1507/1507/1507 1503/1503/1503 1501/1501/1501 
f 950/950/950 952/952/952 953/953/953 
f 964/964/964 962/962/962 954/954/954 
f 952/952/952 951/951/951 954/954/954 
f 964/964/964 967/967/967 962/962/962 
f 967/967/967 969/969/969 962/962/962 
f 967/967/967 964/964/964 968/968/968 
f 967/967/967 1016/1016/1016 969/969/969 
f 952/952/952 949/949/949 951/951/951 
f 952/952/952 950/950/950 949/949/949 
f 951/951/951 949/949/949 947/947/947 
f 949/949/949 950/950/950 946/946/946 
f 948/948/948 947/947/947 949/949/949 
f 949/949/949 946/946/946 948/948/948 
f 945/945/945 947/947/947 948/948/948 
f 946/946/946 945/945/945 948/948/948 
f 947/947/947 945/945/945 944/944/944 
f 945/945/945 946/946/946 941/941/941 
f 943/943/943 944/944/944 945/945/945 
f 945/945/945 941/941/941 943/943/943 
f 944/944/944 943/943/943 942/942/942 
f 943/943/943 941/941/941 940/940/940 
f 940/940/940 942/942/942 943/943/943 
f 938/938/938 940/940/940 941/941/941 
f 942/942/942 940/940/940 939/939/939 
f 940/940/940 938/938/938 937/937/937 
f 937/937/937 939/939/939 940/940/940 
f 932/932/932 937/937/937 938/938/938 
f 939/939/939 937/937/937 936/936/936 
f 934/934/934 936/936/936 937/937/937 
f 937/937/937 932/932/932 934/934/934 
f 936/936/936 934/934/934 935/935/935 
f 935/935/935 934/934/934 933/933/933 
f 934/934/934 932/932/932 931/931/931 
f 933/933/933 934/934/934 931/931/931 
f 931/931/931 932/932/932 929/929/929 
f 933/933/933 931/931/931 930/930/930 
f 931/931/931 929/929/929 928/928/928 
f 930/930/930 931/931/931 928/928/928 
f 929/929/929 925/925/925 928/928/928 
f 928/928/928 927/927/927 930/930/930 
f 927/927/927 928/928/928 926/926/926 
f 928/928/928 925/925/925 926/926/926 
f 926/926/926 924/924/924 927/927/927 
f 925/925/925 923/923/923 926/926/926 
f 924/924/924 926/926/926 923/923/923 
f 921/921/921 923/923/923 925/925/925 
f 923/923/923 920/920/920 924/924/924 
f 923/923/923 921/921/921 922/922/922 
f 920/920/920 923/923/923 922/922/922 
f 921/921/921 919/919/919 922/922/922 
f 919/919/919 920/920/920 922/922/922 
f 919/919/919 921/921/921 914/914/914 
f 920/920/920 919/919/919 916/916/916 
f 914/914/914 913/913/913 919/919/919 
f 913/913/913 916/916/916 919/919/919 
f 913/913/913 914/914/914 910/910/910 
f 912/912/912 916/916/916 913/913/913 
f 910/910/910 908/908/908 913/913/913 
f 908/908/908 912/912/912 913/913/913 
f 908/908/908 910/910/910 909/909/909 
f 906/906/906 908/908/908 909/909/909 
f 908/908/908 906/906/906 905/905/905 
f 905/905/905 906/906/906 894/894/894 
f 912/912/912 908/908/908 907/907/907 
f 908/908/908 905/905/905 907/907/907 
f 911/911/911 912/912/912 907/907/907 
f 912/912/912 911/911/911 915/915/915 
f 905/905/905 894/894/894 893/893/893 
f 891/891/891 893/893/893 894/894/894 
f 905/905/905 904/904/904 907/907/907 
f 893/893/893 904/904/904 905/905/905 
f 907/907/907 903/903/903 911/911/911 
f 903/903/903 907/907/907 904/904/904 
f 917/917/917 915/915/915 911/911/911 
f 915/915/915 917/917/917 918/918/918 
f 911/911/911 903/903/903 902/902/902 
f 902/902/902 917/917/917 911/911/911 
f 904/904/904 900/900/900 903/903/903 
f 904/904/904 893/893/893 900/900/900 
f 903/903/903 899/899/899 902/902/902 
f 903/903/903 900/900/900 899/899/899 
f 901/901/901 917/917/917 902/902/902 
f 1230/1230/1230 918/918/918 917/917/917 
f 917/917/917 901/901/901 1230/1230/1230 
f 918/918/918 1230/1230/1230 1231/1231/1231 
f 1231/1231/1231 1230/1230/1230 1227/1227/1227 
f 1227/1227/1227 1230/1230/1230 1228/1228/1228 
f 1230/1230/1230 901/901/901 1228/1228/1228 
f 1108/1108/1108 1227/1227/1227 1228/1228/1228 
f 902/902/902 897/897/897 901/901/901 
f 902/902/902 899/899/899 897/897/897 
f 1228/1228/1228 901/901/901 1177/1177/1177 
f 1108/1108/1108 1228/1228/1228 1229/1229/1229 
f 1229/1229/1229 1228/1228/1228 1177/1177/1177 
f 1107/1107/1107 1108/1108/1108 1229/1229/1229 
f 1108/1108/1108 1107/1107/1107 1104/1104/1104 
f 1229/1229/1229 1232/1232/1232 1107/1107/1107 
f 1229/1229/1229 1177/1177/1177 1232/1232/1232 
f 1103/1103/1103 1104/1104/1104 1107/1107/1107 
f 1104/1104/1104 1103/1103/1103 1101/1101/1101 
f 1107/1107/1107 1232/1232/1232 1109/1109/1109 
f 1109/1109/1109 1103/1103/1103 1107/1107/1107 
f 1177/1177/1177 1172/1172/1172 1232/1232/1232 
f 1100/1100/1100 1101/1101/1101 1103/1103/1103 
f 1101/1101/1101 1100/1100/1100 1099/1099/1099 
f 1103/1103/1103 1109/1109/1109 1106/1106/1106 
f 1103/1103/1103 1106/1106/1106 1100/1100/1100 
f 1232/1232/1232 1163/1163/1163 1109/1109/1109 
f 1163/1163/1163 1232/1232/1232 1172/1172/1172 
f 1098/1098/1098 1099/1099/1099 1100/1100/1100 
f 1111/1111/1111 1109/1109/1109 1163/1163/1163 
f 1109/1109/1109 1111/1111/1111 1106/1106/1106 
f 1099/1099/1099 1098/1098/1098 1096/1096/1096 
f 1100/1100/1100 1106/1106/1106 1105/1105/1105 
f 1105/1105/1105 1098/1098/1098 1100/1100/1100 
f 1110/1110/1110 1106/1106/1106 1111/1111/1111 
f 1106/1106/1106 1110/1110/1110 1105/1105/1105 
f 1095/1095/1095 1096/1096/1096 1098/1098/1098 
f 1096/1096/1096 1095/1095/1095 1092/1092/1092 
f 1090/1090/1090 1092/1092/1092 1095/1095/1095 
f 1092/1092/1092 1090/1090/1090 1091/1091/1091 
f 1098/1098/1098 1097/1097/1097 1095/1095/1095 
f 1095/1095/1095 1097/1097/1097 1090/1090/1090 
f 1091/1091/1091 1090/1090/1090 1088/1088/1088 
f 1088/1088/1088 1090/1090/1090 1087/1087/1087 
f 1088/1088/1088 1087/1087/1087 1085/1085/1085 
f 1090/1090/1090 1094/1094/1094 1087/1087/1087 
f 1090/1090/1090 1097/1097/1097 1094/1094/1094 
f 1085/1085/1085 1087/1087/1087 1084/1084/1084 
f 1097/1097/1097 1098/1098/1098 1102/1102/1102 
f 1098/1098/1098 1105/1105/1105 1102/1102/1102 
f 1085/1085/1085 1084/1084/1084 1077/1077/1077 
f 1087/1087/1087 1094/1094/1094 1093/1093/1093 
f 1093/1093/1093 1084/1084/1084 1087/1087/1087 
f 1105/1105/1105 1112/1112/1112 1102/1102/1102 
f 1112/1112/1112 1105/1105/1105 1110/1110/1110 
f 1102/1102/1102 1112/1112/1112 1113/1113/1113 
f 1113/1113/1113 1097/1097/1097 1102/1102/1102 
f 1097/1097/1097 1115/1115/1115 1094/1094/1094 
f 1115/1115/1115 1097/1097/1097 1113/1113/1113 
f 1118/1118/1118 1093/1093/1093 1094/1094/1094 
f 1094/1094/1094 1115/1115/1115 1118/1118/1118 
f 1120/1120/1120 1093/1093/1093 1118/1118/1118 
f 1112/1112/1112 1116/1116/1116 1113/1113/1113 
f 1113/1113/1113 1117/1117/1117 1115/1115/1115 
f 1117/1117/1117 1113/1113/1113 1116/1116/1116 
f 1115/1115/1115 1119/1119/1119 1118/1118/1118 
f 1119/1119/1119 1115/1115/1115 1117/1117/1117 
f 1121/1121/1121 1118/1118/1118 1119/1119/1119 
f 1118/1118/1118 1121/1121/1121 1120/1120/1120 
f 1116/1116/1116 1112/1112/1112 1114/1114/1114 
f 1110/1110/1110 1114/1114/1114 1112/1112/1112 
f 1116/1116/1116 1145/1145/1145 1117/1117/1117 
f 1114/1114/1114 1110/1110/1110 1154/1154/1154 
f 1111/1111/1111 1154/1154/1154 1110/1110/1110 
f 1114/1114/1114 1147/1147/1147 1116/1116/1116 
f 1145/1145/1145 1116/1116/1116 1147/1147/1147 
f 1154/1154/1154 1150/1150/1150 1114/1114/1114 
f 1147/1147/1147 1114/1114/1114 1150/1150/1150 
f 1154/1154/1154 1111/1111/1111 1158/1158/1158 
f 1163/1163/1163 1158/1158/1158 1111/1111/1111 
f 1150/1150/1150 1154/1154/1154 1153/1153/1153 
f 1158/1158/1158 1153/1153/1153 1154/1154/1154 
f 1146/1146/1146 1147/1147/1147 1150/1150/1150 
f 1146/1146/1146 1145/1145/1145 1147/1147/1147 
f 1153/1153/1153 1148/1148/1148 1150/1150/1150 
f 1146/1146/1146 1150/1150/1150 1148/1148/1148 
f 1158/1158/1158 1163/1163/1163 1162/1162/1162 
f 1172/1172/1172 1162/1162/1162 1163/1163/1163 
f 1153/1153/1153 1158/1158/1158 1157/1157/1157 
f 1162/1162/1162 1157/1157/1157 1158/1158/1158 
f 1148/1148/1148 1144/1144/1144 1146/1146/1146 
f 1157/1157/1157 1151/1151/1151 1153/1153/1153 
f 1148/1148/1148 1153/1153/1153 1151/1151/1151 
f 1144/1144/1144 1148/1148/1148 1149/1149/1149 
f 1149/1149/1149 1148/1148/1148 1151/1151/1151 
f 1149/1149/1149 1151/1151/1151 1152/1152/1152 
f 1146/1146/1146 1144/1144/1144 1143/1143/1143 
f 1145/1145/1145 1146/1146/1146 1143/1143/1143 
f 1141/1141/1141 1143/1143/1143 1144/1144/1144 
f 1155/1155/1155 1152/1152/1152 1151/1151/1151 
f 1151/1151/1151 1157/1157/1157 1155/1155/1155 
f 1152/1152/1152 1155/1155/1155 1156/1156/1156 
f 1143/1143/1143 1142/1142/1142 1145/1145/1145 
f 1142/1142/1142 1117/1117/1117 1145/1145/1145 
f 1117/1117/1117 1142/1142/1142 1119/1119/1119 
f 1143/1143/1143 1141/1141/1141 1140/1140/1140 
f 1142/1142/1142 1143/1143/1143 1140/1140/1140 
f 1139/1139/1139 1140/1140/1140 1141/1141/1141 
f 1122/1122/1122 1119/1119/1119 1142/1142/1142 
f 1140/1140/1140 1122/1122/1122 1142/1142/1142 
f 1119/1119/1119 1122/1122/1122 1121/1121/1121 
f 1140/1140/1140 1139/1139/1139 1138/1138/1138 
f 1122/1122/1122 1140/1140/1140 1138/1138/1138 
f 1137/1137/1137 1138/1138/1138 1139/1139/1139 
f 1122/1122/1122 1123/1123/1123 1121/1121/1121 
f 1138/1138/1138 1137/1137/1137 1136/1136/1136 
f 1138/1138/1138 1129/1129/1129 1122/1122/1122 
f 1129/1129/1129 1138/1138/1138 1136/1136/1136 
f 1129/1129/1129 1123/1123/1123 1122/1122/1122 
f 1135/1135/1135 1136/1136/1136 1137/1137/1137 
f 1123/1123/1123 1120/1120/1120 1121/1121/1121 
f 1135/1135/1135 1132/1132/1132 1136/1136/1136 
f 1132/1132/1132 1135/1135/1135 1134/1134/1134 
f 1133/1133/1133 1132/1132/1132 1134/1134/1134 
f 1132/1132/1132 1133/1133/1133 1131/1131/1131 
f 1130/1130/1130 1136/1136/1136 1132/1132/1132 
f 1130/1130/1130 1132/1132/1132 1131/1131/1131 
f 1136/1136/1136 1130/1130/1130 1129/1129/1129 
f 1130/1130/1130 1131/1131/1131 1128/1128/1128 
f 1127/1127/1127 1129/1129/1129 1130/1130/1130 
f 1128/1128/1128 1127/1127/1127 1130/1130/1130 
f 1129/1129/1129 1127/1127/1127 1123/1123/1123 
f 1127/1127/1127 1128/1128/1128 1126/1126/1126 
f 1127/1127/1127 1126/1126/1126 1125/1125/1125 
f 1125/1125/1125 1123/1123/1123 1127/1127/1127 
f 1125/1125/1125 1126/1126/1126 1082/1082/1082 
f 1123/1123/1123 1125/1125/1125 1124/1124/1124 
f 1120/1120/1120 1123/1123/1123 1124/1124/1124 
f 1082/1082/1082 1081/1081/1081 1125/1125/1125 
f 1081/1081/1081 1124/1124/1124 1125/1125/1125 
f 1081/1081/1081 1082/1082/1082 1080/1080/1080 
f 1086/1086/1086 1124/1124/1124 1081/1081/1081 
f 1089/1089/1089 1120/1120/1120 1124/1124/1124 
f 1124/1124/1124 1086/1086/1086 1089/1089/1089 
f 1093/1093/1093 1120/1120/1120 1089/1089/1089 
f 1084/1084/1084 1093/1093/1093 1089/1089/1089 
f 1083/1083/1083 1089/1089/1089 1086/1086/1086 
f 1084/1084/1084 1089/1089/1089 1083/1083/1083 
f 1081/1081/1081 1083/1083/1083 1086/1086/1086 
f 1077/1077/1077 1084/1084/1084 1083/1083/1083 
f 1078/1078/1078 1081/1081/1081 1080/1080/1080 
f 1083/1083/1083 1081/1081/1081 1078/1078/1078 
f 1078/1078/1078 1077/1077/1077 1083/1083/1083 
f 1080/1080/1080 1079/1079/1079 1078/1078/1078 
f 1076/1076/1076 1078/1078/1078 1079/1079/1079 
f 1077/1077/1077 1078/1078/1078 1075/1075/1075 
f 1078/1078/1078 1076/1076/1076 1075/1075/1075 
f 1075/1075/1075 1072/1072/1072 1077/1077/1077 
f 1074/1074/1074 1075/1075/1075 1076/1076/1076 
f 1075/1075/1075 1074/1074/1074 1073/1073/1073 
f 1073/1073/1073 1072/1072/1072 1075/1075/1075 
f 1071/1071/1071 1073/1073/1073 1074/1074/1074 
f 1070/1070/1070 1072/1072/1072 1073/1073/1073 
f 1073/1073/1073 1071/1071/1071 1070/1070/1070 
f 1072/1072/1072 1070/1070/1070 1069/1069/1069 
f 1068/1068/1068 1070/1070/1070 1071/1071/1071 
f 1067/1067/1067 1069/1069/1069 1070/1070/1070 
f 1070/1070/1070 1068/1068/1068 1067/1067/1067 
f 1069/1069/1069 1067/1067/1067 1066/1066/1066 
f 1065/1065/1065 1067/1067/1067 1068/1068/1068 
f 1064/1064/1064 1066/1066/1066 1067/1067/1067 
f 1067/1067/1067 1065/1065/1065 1064/1064/1064 
f 1066/1066/1066 1064/1064/1064 1063/1063/1063 
f 1062/1062/1062 1064/1064/1064 1065/1065/1065 
f 1061/1061/1061 1063/1063/1063 1064/1064/1064 
f 1064/1064/1064 1062/1062/1062 1061/1061/1061 
f 1063/1063/1063 1061/1061/1061 1060/1060/1060 
f 1057/1057/1057 1061/1061/1061 1062/1062/1062 
f 1058/1058/1058 1060/1060/1060 1061/1061/1061 
f 1061/1061/1061 1057/1057/1057 1058/1058/1058 
f 1060/1060/1060 1058/1058/1058 1059/1059/1059 
f 1058/1058/1058 1056/1056/1056 1059/1059/1059 
f 1057/1057/1057 1055/1055/1055 1058/1058/1058 
f 1056/1056/1056 1058/1058/1058 1055/1055/1055 
f 1055/1055/1055 1057/1057/1057 1054/1054/1054 
f 1053/1053/1053 1056/1056/1056 1055/1055/1055 
f 1055/1055/1055 1054/1054/1054 1052/1052/1052 
f 1053/1053/1053 1055/1055/1055 1052/1052/1052 
f 1054/1054/1054 1051/1051/1051 1052/1052/1052 
f 1050/1050/1050 1053/1053/1053 1052/1052/1052 
f 1049/1049/1049 1052/1052/1052 1051/1051/1051 
f 1050/1050/1050 1052/1052/1052 1049/1049/1049 
f 1049/1049/1049 1051/1051/1051 1048/1048/1048 
f 1049/1049/1049 1047/1047/1047 1050/1050/1050 
f 1046/1046/1046 1049/1049/1049 1048/1048/1048 
f 1047/1047/1047 1049/1049/1049 1046/1046/1046 
f 1046/1046/1046 1048/1048/1048 1045/1045/1045 
f 1043/1043/1043 1047/1047/1047 1046/1046/1046 
f 1045/1045/1045 1044/1044/1044 1046/1046/1046 
f 1044/1044/1044 1043/1043/1043 1046/1046/1046 
f 1044/1044/1044 1045/1045/1045 1042/1042/1042 
f 1041/1041/1041 1043/1043/1043 1044/1044/1044 
f 1042/1042/1042 1041/1041/1041 1044/1044/1044 
f 1041/1041/1041 1042/1042/1042 1040/1040/1040 
f 1043/1043/1043 1041/1041/1041 996/996/996 
f 1040/1040/1040 1000/1000/1000 1041/1041/1041 
f 1000/1000/1000 996/996/996 1041/1041/1041 
f 1000/1000/1000 1040/1040/1040 1039/1039/1039 
f 1037/1037/1037 1000/1000/1000 1039/1039/1039 
f 1000/1000/1000 1037/1037/1037 1001/1001/1001 
f 1036/1036/1036 1001/1001/1001 1037/1037/1037 
f 996/996/996 1000/1000/1000 998/998/998 
f 1000/1000/1000 1001/1001/1001 998/998/998 
f 1001/1001/1001 1036/1036/1036 1035/1035/1035 
f 1038/1038/1038 1035/1035/1035 1036/1036/1036 
f 1001/1001/1001 999/999/999 998/998/998 
f 1035/1035/1035 1038/1038/1038 812/812/812 
f 811/811/811 812/812/812 1038/1038/1038 
f 1002/1002/1002 1001/1001/1001 1035/1035/1035 
f 1001/1001/1001 1002/1002/1002 999/999/999 
f 814/814/814 1035/1035/1035 812/812/812 
f 1035/1035/1035 814/814/814 1002/1002/1002 
f 812/812/812 811/811/811 804/804/804 
f 809/809/809 804/804/804 811/811/811 
f 1002/1002/1002 997/997/997 999/999/999 
f 998/998/998 999/999/999 997/997/997 
f 997/997/997 1002/1002/1002 1003/1003/1003 
f 814/814/814 1003/1003/1003 1002/1002/1002 
f 997/997/997 987/987/987 998/998/998 
f 987/987/987 996/996/996 998/998/998 
f 996/996/996 987/987/987 982/982/982 
f 995/995/995 987/987/987 997/997/997 
f 1003/1003/1003 995/995/995 997/997/997 
f 983/983/983 982/982/982 987/987/987 
f 987/987/987 995/995/995 983/983/983 
f 982/982/982 983/983/983 984/984/984 
f 985/985/985 984/984/984 983/983/983 
f 984/984/984 985/985/985 986/986/986 
f 986/986/986 985/985/985 988/988/988 
f 994/994/994 985/985/985 983/983/983 
f 983/983/983 995/995/995 994/994/994 
f 985/985/985 994/994/994 992/992/992 
f 988/988/988 985/985/985 989/989/989 
f 992/992/992 989/989/989 985/985/985 
f 988/988/988 989/989/989 990/990/990 
f 755/755/755 992/992/992 994/994/994 
f 995/995/995 755/755/755 994/994/994 
f 989/989/989 992/992/992 991/991/991 
f 990/990/990 989/989/989 991/991/991 
f 990/990/990 991/991/991 993/993/993 
f 993/993/993 991/991/991 1031/1031/1031 
f 991/991/991 1033/1033/1033 1031/1031/1031 
f 993/993/993 1031/1031/1031 1029/1029/1029 
f 1032/1032/1032 1031/1031/1031 1033/1033/1033 
f 1029/1029/1029 1031/1031/1031 1028/1028/1028 
f 1031/1031/1031 1032/1032/1032 1028/1028/1028 
f 1029/1029/1029 1028/1028/1028 1026/1026/1026 
f 1030/1030/1030 1028/1028/1028 1032/1032/1032 
f 761/761/761 1030/1030/1030 1032/1032/1032 
f 1030/1030/1030 761/761/761 782/782/782 
f 1026/1026/1026 1028/1028/1028 1025/1025/1025 
f 1028/1028/1028 1030/1030/1030 1025/1025/1025 
f 1025/1025/1025 1022/1022/1022 1026/1026/1026 
f 782/782/782 1027/1027/1027 1030/1030/1030 
f 1027/1027/1027 1025/1025/1025 1030/1030/1030 
f 1027/1027/1027 782/782/782 785/785/785 
f 1027/1027/1027 785/785/785 1023/1023/1023 
f 1025/1025/1025 1027/1027/1027 1024/1024/1024 
f 1022/1022/1022 1025/1025/1025 1024/1024/1024 
f 1023/1023/1023 1024/1024/1024 1027/1027/1027 
f 1021/1021/1021 1022/1022/1022 1024/1024/1024 
f 1024/1024/1024 1023/1023/1023 1021/1021/1021 
f 1022/1022/1022 1021/1021/1021 1020/1020/1020 
f 1016/1016/1016 1021/1021/1021 1023/1023/1023 
f 1023/1023/1023 1017/1017/1017 1016/1016/1016 
f 1018/1018/1018 1020/1020/1020 1021/1021/1021 
f 1021/1021/1021 1016/1016/1016 1018/1018/1018 
f 1020/1020/1020 1018/1018/1018 1019/1019/1019 
f 1018/1018/1018 1016/1016/1016 967/967/967 
f 968/968/968 1019/1019/1019 1018/1018/1018 
f 968/968/968 1018/1018/1018 967/967/967 
f 1546/1546/1546 1538/1538/1538 1547/1547/1547 
f 1547/1547/1547 1550/1550/1550 1546/1546/1546 
f 1537/1537/1537 1538/1538/1538 1539/1539/1539 
f 1540/1540/1540 1537/1537/1537 1539/1539/1539 
f 1539/1539/1539 1541/1541/1541 1540/1540/1540 
f 1544/1544/1544 1539/1539/1539 1538/1538/1538 
f 1538/1538/1538 1546/1546/1546 1544/1544/1544 
f 1541/1541/1541 1539/1539/1539 1542/1542/1542 
f 1539/1539/1539 1544/1544/1544 1542/1542/1542 
f 1543/1543/1543 1541/1541/1541 1542/1542/1542 
f 1545/1545/1545 1543/1543/1543 1542/1542/1542 
f 1548/1548/1548 1542/1542/1542 1544/1544/1544 
f 1542/1542/1542 1548/1548/1548 1545/1545/1545 
f 1549/1549/1549 1544/1544/1544 1546/1546/1546 
f 1544/1544/1544 1549/1549/1549 1548/1548/1548 
f 1552/1552/1552 1546/1546/1546 1550/1550/1550 
f 1546/1546/1546 1552/1552/1552 1549/1549/1549 
f 1550/1550/1550 1518/1518/1518 1552/1552/1552 
f 1516/1516/1516 1552/1552/1552 1518/1518/1518 
f 1552/1552/1552 1516/1516/1516 1554/1554/1554 
f 1554/1554/1554 1549/1549/1549 1552/1552/1552 
f 1516/1516/1516 1556/1556/1556 1554/1554/1554 
f 1555/1555/1555 1554/1554/1554 1556/1556/1556 
f 1549/1549/1549 1554/1554/1554 1553/1553/1553 
f 1554/1554/1554 1555/1555/1555 1553/1553/1553 
f 1553/1553/1553 1548/1548/1548 1549/1549/1549 
f 1557/1557/1557 1553/1553/1553 1555/1555/1555 
f 1553/1553/1553 1557/1557/1557 1558/1558/1558 
f 1548/1548/1548 1553/1553/1553 1558/1558/1558 
f 1558/1558/1558 1545/1545/1545 1548/1548/1548 
f 1545/1545/1545 1558/1558/1558 1560/1560/1560 
f 1558/1558/1558 1559/1559/1559 1560/1560/1560 
f 1561/1561/1561 1545/1545/1545 1560/1560/1560 
f 1560/1560/1560 1559/1559/1559 1561/1561/1561 
f 1561/1561/1561 1559/1559/1559 1562/1562/1562 
f 1545/1545/1545 1561/1561/1561 1563/1563/1563 
f 1564/1564/1564 1561/1561/1561 1562/1562/1562 
f 1561/1561/1561 1565/1565/1565 1563/1563/1563 
f 1561/1561/1561 1564/1564/1564 1565/1565/1565 
f 1565/1565/1565 1566/1566/1566 1563/1563/1563 
f 1567/1567/1567 1565/1565/1565 1564/1564/1564 
f 1567/1567/1567 1566/1566/1566 1565/1565/1565 
f 1566/1566/1566 1567/1567/1567 1568/1568/1568 
f 1567/1567/1567 1569/1569/1569 1568/1568/1568 
f 1570/1570/1570 1567/1567/1567 1564/1564/1564 
f 1569/1569/1569 1567/1567/1567 1571/1571/1571 
f 1570/1570/1570 1571/1571/1571 1567/1567/1567 
f 1571/1571/1571 1570/1570/1570 1572/1572/1572 
f 1586/1586/1586 1584/1584/1584 1587/1587/1587 
f 1525/1525/1525 1524/1524/1524 1594/1594/1594 
f 1592/1592/1592 1594/1594/1594 1524/1524/1524 
f 1524/1524/1524 1525/1525/1525 1522/1522/1522 
f 1586/1586/1586 1592/1592/1592 1588/1588/1588 
f 1524/1524/1524 1588/1588/1588 1592/1592/1592 
f 1583/1583/1583 1584/1584/1584 1586/1586/1586 
f 1588/1588/1588 1583/1583/1583 1586/1586/1586 
f 1583/1583/1583 1581/1581/1581 1584/1584/1584 
f 1588/1588/1588 1524/1524/1524 1523/1523/1523 
f 1522/1522/1522 1523/1523/1523 1524/1524/1524 
f 1583/1583/1583 1588/1588/1588 1585/1585/1585 
f 1523/1523/1523 1585/1585/1585 1588/1588/1588 
f 1581/1581/1581 1583/1583/1583 1580/1580/1580 
f 1585/1585/1585 1580/1580/1580 1583/1583/1583 
f 1580/1580/1580 1579/1579/1579 1581/1581/1581 
f 1523/1523/1523 1522/1522/1522 1520/1520/1520 
f 1517/1517/1517 1520/1520/1520 1522/1522/1522 
f 1585/1585/1585 1523/1523/1523 1551/1551/1551 
f 1520/1520/1520 1551/1551/1551 1523/1523/1523 
f 1580/1580/1580 1585/1585/1585 1582/1582/1582 
f 1551/1551/1551 1582/1582/1582 1585/1585/1585 
f 1579/1579/1579 1580/1580/1580 1578/1578/1578 
f 1582/1582/1582 1578/1578/1578 1580/1580/1580 
f 1578/1578/1578 1577/1577/1577 1579/1579/1579 
f 1520/1520/1520 1517/1517/1517 1518/1518/1518 
f 1516/1516/1516 1518/1518/1518 1517/1517/1517 
f 1551/1551/1551 1520/1520/1520 1550/1550/1550 
f 1518/1518/1518 1550/1550/1550 1520/1520/1520 
f 1582/1582/1582 1551/1551/1551 1547/1547/1547 
f 1550/1550/1550 1547/1547/1547 1551/1551/1551 
f 1578/1578/1578 1582/1582/1582 1573/1573/1573 
f 1547/1547/1547 1573/1573/1573 1582/1582/1582 
f 1577/1577/1577 1578/1578/1578 1574/1574/1574 
f 1573/1573/1573 1574/1574/1574 1578/1578/1578 
f 1574/1574/1574 1576/1576/1576 1577/1577/1577 
f 1576/1576/1576 1574/1574/1574 1575/1575/1575 
f 1537/1537/1537 1575/1575/1575 1574/1574/1574 
f 1574/1574/1574 1573/1573/1573 1537/1537/1537 
f 1573/1573/1573 1547/1547/1547 1538/1538/1538 
f 1538/1538/1538 1537/1537/1537 1573/1573/1573 
f 1515/1515/1515 1516/1516/1516 1517/1517/1517 
f 1515/1515/1515 1519/1519/1519 1516/1516/1516 
f 1519/1519/1519 1515/1515/1515 1521/1521/1521 
f 1556/1556/1556 1516/1516/1516 1519/1519/1519 
f 1528/1528/1528 1521/1521/1521 1515/1515/1515 
f 1521/1521/1521 1528/1528/1528 1529/1529/1529 
f 1528/1528/1528 1530/1530/1530 1529/1529/1529 
f 1528/1528/1528 1515/1515/1515 1526/1526/1526 
f 1515/1515/1515 1517/1517/1517 1526/1526/1526 
f 1530/1530/1530 1528/1528/1528 1531/1531/1531 
f 1526/1526/1526 1531/1531/1531 1528/1528/1528 
f 1531/1531/1531 1532/1532/1532 1530/1530/1530 
f 1532/1532/1532 1531/1531/1531 1533/1533/1533 
f 1533/1533/1533 1633/1633/1633 1532/1532/1532 
f 1531/1531/1531 1526/1526/1526 1534/1534/1534 
f 1534/1534/1534 1533/1533/1533 1531/1531/1531 
f 1633/1633/1633 1533/1533/1533 1631/1631/1631 
f 1631/1631/1631 1632/1632/1632 1633/1633/1633 
f 1533/1533/1533 1534/1534/1534 1535/1535/1535 
f 1632/1632/1632 1631/1631/1631 1630/1630/1630 
f 1630/1630/1630 1634/1634/1634 1632/1632/1632 
f 1619/1619/1619 1631/1631/1631 1533/1533/1533 
f 1533/1533/1533 1535/1535/1535 1619/1619/1619 
f 1634/1634/1634 1630/1630/1630 1629/1629/1629 
f 1628/1628/1628 1630/1630/1630 1631/1631/1631 
f 1631/1631/1631 1619/1619/1619 1628/1628/1628 
f 1627/1627/1627 1629/1629/1629 1630/1630/1630 
f 1630/1630/1630 1628/1628/1628 1627/1627/1627 
f 1629/1629/1629 1627/1627/1627 1626/1626/1626 
f 1626/1626/1626 1636/1636/1636 1629/1629/1629 
f 1635/1635/1635 1629/1629/1629 1636/1636/1636 
f 1635/1635/1635 1636/1636/1636 1637/1637/1637 
f 1626/1626/1626 1637/1637/1637 1636/1636/1636 
f 1635/1635/1635 1637/1637/1637 1638/1638/1638 
f 1637/1637/1637 1640/1640/1640 1638/1638/1638 
f 1637/1637/1637 1626/1626/1626 1639/1639/1639 
f 1641/1641/1641 1637/1637/1637 1639/1639/1639 
f 1640/1640/1640 1637/1637/1637 1641/1641/1641 
f 1639/1639/1639 1642/1642/1642 1641/1641/1641 
f 1640/1640/1640 1641/1641/1641 1643/1643/1643 
f 1642/1642/1642 1643/1643/1643 1641/1641/1641 
f 1643/1643/1643 1642/1642/1642 1644/1644/1644 
f 1645/1645/1645 1643/1643/1643 1644/1644/1644 
f 1643/1643/1643 1646/1646/1646 1640/1640/1640 
f 1643/1643/1643 1645/1645/1645 1647/1647/1647 
f 1647/1647/1647 1646/1646/1646 1643/1643/1643 
f 1647/1647/1647 1648/1648/1648 1646/1646/1646 
f 1625/1625/1625 1626/1626/1626 1624/1624/1624 
f 1624/1624/1624 1626/1626/1626 1627/1627/1627 
f 1624/1624/1624 1622/1622/1622 1625/1625/1625 
f 1627/1627/1627 1623/1623/1623 1624/1624/1624 
f 1620/1620/1620 1622/1622/1622 1624/1624/1624 
f 1620/1620/1620 1624/1624/1624 1623/1623/1623 
f 1622/1622/1622 1620/1620/1620 1621/1621/1621 
f 1623/1623/1623 1627/1627/1627 1628/1628/1628 
f 1613/1613/1613 1621/1621/1621 1620/1620/1620 
f 1623/1623/1623 1617/1617/1617 1620/1620/1620 
f 1620/1620/1620 1617/1617/1617 1613/1613/1613 
f 1628/1628/1628 1618/1618/1618 1623/1623/1623 
f 1617/1617/1617 1623/1623/1623 1618/1618/1618 
f 1618/1618/1618 1628/1628/1628 1619/1619/1619 
f 1619/1619/1619 1616/1616/1616 1618/1618/1618 
f 1616/1616/1616 1619/1619/1619 1535/1535/1535 
f 1618/1618/1618 1615/1615/1615 1617/1617/1617 
f 1615/1615/1615 1618/1618/1618 1616/1616/1616 
f 1617/1617/1617 1614/1614/1614 1613/1613/1613 
f 1617/1617/1617 1615/1615/1615 1614/1614/1614 
f 1610/1610/1610 1613/1613/1613 1614/1614/1614 
f 1613/1613/1613 1610/1610/1610 1612/1612/1612 
f 1611/1611/1611 1612/1612/1612 1610/1610/1610 
f 1610/1610/1610 1607/1607/1607 1611/1611/1611 
f 1607/1607/1607 1610/1610/1610 1606/1606/1606 
f 1614/1614/1614 1606/1606/1606 1610/1610/1610 
f 1606/1606/1606 1603/1603/1603 1607/1607/1607 
f 1608/1608/1608 1614/1614/1614 1615/1615/1615 
f 1606/1606/1606 1614/1614/1614 1608/1608/1608 
f 1602/1602/1602 1603/1603/1603 1606/1606/1606 
f 1608/1608/1608 1602/1602/1602 1606/1606/1606 
f 1603/1603/1603 1602/1602/1602 1599/1599/1599 
f 1615/1615/1615 1609/1609/1609 1608/1608/1608 
f 1616/1616/1616 1609/1609/1609 1615/1615/1615 
f 1602/1602/1602 1608/1608/1608 1604/1604/1604 
f 1604/1604/1604 1608/1608/1608 1609/1609/1609 
f 1598/1598/1598 1599/1599/1599 1602/1602/1602 
f 1604/1604/1604 1598/1598/1598 1602/1602/1602 
f 1599/1599/1599 1598/1598/1598 1597/1597/1597 
f 1609/1609/1609 1616/1616/1616 1536/1536/1536 
f 1535/1535/1535 1536/1536/1536 1616/1616/1616 
f 1536/1536/1536 1535/1535/1535 1534/1534/1534 
f 1536/1536/1536 1605/1605/1605 1609/1609/1609 
f 1609/1609/1609 1605/1605/1605 1604/1604/1604 
f 1534/1534/1534 1527/1527/1527 1536/1536/1536 
f 1605/1605/1605 1536/1536/1536 1527/1527/1527 
f 1527/1527/1527 1534/1534/1534 1526/1526/1526 
f 1600/1600/1600 1604/1604/1604 1605/1605/1605 
f 1598/1598/1598 1604/1604/1604 1600/1600/1600 
f 1527/1527/1527 1601/1601/1601 1605/1605/1605 
f 1605/1605/1605 1601/1601/1601 1600/1600/1600 
f 1526/1526/1526 1525/1525/1525 1527/1527/1527 
f 1601/1601/1601 1527/1527/1527 1525/1525/1525 
f 1526/1526/1526 1522/1522/1522 1525/1525/1525 
f 1522/1522/1522 1526/1526/1526 1517/1517/1517 
f 1600/1600/1600 1596/1596/1596 1598/1598/1598 
f 1597/1597/1597 1598/1598/1598 1596/1596/1596 
f 1596/1596/1596 1591/1591/1591 1597/1597/1597 
f 1596/1596/1596 1600/1600/1600 1595/1595/1595 
f 1601/1601/1601 1595/1595/1595 1600/1600/1600 
f 1591/1591/1591 1596/1596/1596 1589/1589/1589 
f 1595/1595/1595 1589/1589/1589 1596/1596/1596 
f 1589/1589/1589 1590/1590/1590 1591/1591/1591 
f 1589/1589/1589 1587/1587/1587 1590/1590/1590 
f 1589/1589/1589 1595/1595/1595 1593/1593/1593 
f 1601/1601/1601 1594/1594/1594 1595/1595/1595 
f 1593/1593/1593 1595/1595/1595 1594/1594/1594 
f 1525/1525/1525 1594/1594/1594 1601/1601/1601 
f 1589/1589/1589 1593/1593/1593 1592/1592/1592 
f 1594/1594/1594 1592/1592/1592 1593/1593/1593 
f 1587/1587/1587 1589/1589/1589 1586/1586/1586 
f 1586/1586/1586 1589/1589/1589 1592/1592/1592 

g Handle2

v 0.0187605 105.297 0.0124127 
v 0.302797 105.297 0.0124127 
v 0.288853 105.297 0.1002 
v 0.248544 105.297 0.179334 
v 0.185682 105.297 0.242196 
v 0.106549 105.297 0.282504 
v 0.0187605 105.297 0.29645 
v 0.0187605 105.297 -0.271624 
v 0.106549 105.297 -0.25768 
v 0.185682 105.297 -0.217371 
v 0.248544 105.297 -0.154509 
v 0.288853 105.297 -0.0753758 
v 0.375867 105.286 0.0124127 
v 0.358384 105.286 0.122764 
v 0.307666 105.286 0.22233 
v 0.228679 105.286 0.301318 
v 0.129112 105.286 0.352036 
v 0.0187605 105.286 0.369519 
v 0.0187605 105.286 -0.344698 
v 0.12911 105.286 -0.327213 
v 0.228679 105.286 -0.276492 
v 0.307666 105.286 -0.197506 
v 0.358384 105.286 -0.0979383 
v 0.436009 105.255 0.0124127 
v 0.415617 105.255 0.141372 
v 0.356362 105.255 0.257679 
v 0.264028 105.255 0.350014 
v 0.14772 105.255 0.409268 
v 0.0187605 105.255 0.429661 
v 0.0187605 105.255 -0.404883 
v 0.147716 105.255 -0.384443 
v 0.264028 105.255 -0.325188 
v 0.356362 105.255 -0.232854 
v 0.415617 105.255 -0.116547 
v 0.48392 105.206 0.0124127 
v 0.46117 105.206 0.156175 
v 0.395099 105.206 0.285824 
v 0.292172 105.206 0.388751 
v 0.162523 105.206 0.454822 
v 0.0187605 105.206 0.477574 
v 0.0187605 105.206 -0.452748 
v 0.162521 105.206 -0.429998 
v 0.292172 105.206 -0.363928 
v 0.395099 105.206 -0.260999 
v 0.46117 105.206 -0.13135 
v 0.514745 105.144 0.0124127 
v 0.490445 105.144 0.165679 
v 0.420018 105.144 0.303954 
v 0.310303 105.144 0.413669 
v 0.172027 105.144 0.484098 
v 0.0187605 105.144 0.508398 
v 0.0187605 105.144 -0.483573 
v 0.172027 105.144 -0.459273 
v 0.310303 105.144 -0.388843 
v 0.420018 105.144 -0.27913 
v 0.490445 105.144 -0.140854 
v 0.527105 105.067 0.0123273 
v 0.500845 105.067 0.169393 
v 0.428821 105.066 0.310668 
v 0.316678 105.065 0.422813 
v 0.175403 105.064 0.494834 
v 0.0187605 105.064 0.51964 
v 0.0187605 105.06 -0.496488 
v 0.176027 105.06 -0.471583 
v 0.317865 105.06 -0.399278 
v 0.430452 105.06 -0.286691 
v 0.502755 105.06 -0.144853 
v 0.526925 104.477 0.0393357 
v 0.500525 104.475 0.211036 
v 0.428377 104.472 0.35211 
v 0.316296 104.469 0.464065 
v 0.175191 104.467 0.535969 
v 0.0187605 104.467 0.560739 
v 0.51421 104.394 0.0568458 
v 0.48675 104.389 0.225994 
v 0.414834 104.372 0.362292 
v 0.306661 104.357 0.470965 
v 0.170487 104.349 0.541649 
v 0.0187605 104.346 0.566254 
v 0.472375 104.315 0.150173 
v 0.44803 104.3 0.303251 
v 0.382962 104.272 0.429045 
v 0.285605 104.251 0.468332 
v 0.160384 104.239 0.537015 
v 0.0187605 104.236 0.561134 
v 0.0187605 105.394 0.0124127 
v 0.296581 105.394 0.102713 
v 0.310927 105.394 0.0124127 
v 0.255119 105.394 0.18411 
v 0.190459 105.394 0.24877 
v 0.109061 105.394 0.290232 
v 0.0187605 105.394 0.304579 
v 0.109061 105.394 -0.265408 
v 0.0187605 105.394 -0.279754 
v 0.190459 105.394 -0.223946 
v 0.255119 105.394 -0.159286 
v 0.296581 105.394 -0.0778878 
v 0.38734 105.379 0.132169 
v 0.406315 105.379 0.0124127 
v 0.332294 105.379 0.240224 
v 0.246572 105.379 0.325946 
v 0.138517 105.379 0.380992 
v 0.0187605 105.379 0.399968 
v 0.138517 105.379 -0.356168 
v 0.0187605 105.379 -0.375143 
v 0.246572 105.379 -0.301123 
v 0.332294 105.379 -0.215399 
v 0.38734 105.379 -0.107344 
v 0.469195 105.333 0.158775 
v 0.492345 105.333 0.0124127 
v 0.40194 105.333 0.290793 
v 0.297141 105.333 0.395591 
v 0.165124 105.333 0.462847 
v 0.0187605 105.333 0.485994 
v 0.165124 105.333 -0.438023 
v 0.0187605 105.333 -0.461223 
v 0.297141 105.333 -0.370768 
v 0.40194 105.333 -0.265968 
v 0.469195 105.333 -0.13395 
v 0.53416 105.263 0.179889 
v 0.560665 105.263 0.0124127 
v 0.45719 105.263 0.330932 
v 0.33728 105.263 0.450841 
v 0.186236 105.263 0.527812 
v 0.0187605 105.263 0.554317 
v 0.186236 105.263 -0.502988 
v 0.0187605 105.263 -0.529493 
v 0.33728 105.263 -0.426018 
v 0.45719 105.263 -0.306108 
v 0.53416 105.263 -0.155063 
v 0.575825 105.174 0.19342 
v 0.60452 105.174 0.0124127 
v 0.492645 105.174 0.356725 
v 0.363073 105.174 0.4863 
v 0.199769 105.174 0.569478 
v 0.0187605 105.174 0.598169 
v 0.199769 105.174 -0.544653 
v 0.0187605 105.174 -0.573348 
v 0.363073 105.174 -0.461478 
v 0.492645 105.174 -0.331898 
v 0.575825 105.174 -0.168596 
v 0.590225 105.075 0.198101 
v 0.61963 105.075 0.0124127 
v 0.504855 105.075 0.365576 
v 0.371925 105.075 0.498509 
v 0.204449 105.075 0.583874 
v 0.0187605 105.075 0.613279 
v 0.204449 105.075 -0.559053 
v 0.0187605 105.075 -0.588458 
v 0.371925 105.075 -0.473688 
v 0.504855 105.075 -0.340753 
v 0.590225 105.075 -0.173275 
v 0.590225 104.471 0.239709 
v 0.61963 104.471 0.0540203 
v 0.504855 104.471 0.407184 
v 0.371925 104.471 0.540117 
v 0.204449 104.471 0.625483 
v 0.0187605 104.471 0.654888 
v 0.575825 104.373 0.25216 
v 0.60452 104.373 0.0711533 
v 0.492645 104.373 0.415465 
v 0.363073 104.373 0.54504 
v 0.199769 104.373 0.62822 
v 0.0187605 104.373 0.656913 
v 0.53416 104.284 0.331633 
v 0.560665 104.284 0.164158 
v 0.45719 104.284 0.482677 
v 0.33728 104.284 0.602585 
v 0.186236 104.284 0.622037 
v 0.0187605 104.284 0.648542 
v 0.176027 105.06 -0.471583 
v 0.0187605 105.06 -0.496488 
v 0.317865 105.06 -0.399278 
v 0.430452 105.06 -0.286691 
v 0.502755 105.06 -0.144853 
v 0.527105 105.067 0.0123273 
v 0.526925 104.477 0.0393357 
v 0.51421 104.394 0.0568458 
v 0.44803 104.3 0.303251 
v 0.472375 104.315 0.150173 
v 0.382962 104.272 0.429045 
v 0.285605 104.251 0.468332 
v 0.160384 104.239 0.537015 
v 0.0187605 104.236 0.561134 
v -0.251332 105.297 0.1002 
v -0.265276 105.297 0.0124127 
v -0.211023 105.297 0.179334 
v -0.148161 105.297 0.242196 
v -0.069028 105.297 0.282504 
v -0.0690281 105.297 -0.25768 
v -0.148161 105.297 -0.217371 
v -0.211023 105.297 -0.154509 
v -0.251332 105.297 -0.0753758 
v -0.320863 105.286 0.122764 
v -0.338346 105.286 0.0124127 
v -0.270145 105.286 0.22233 
v -0.191158 105.286 0.301318 
v -0.0915906 105.286 0.352036 
v -0.0915891 105.286 -0.327213 
v -0.191158 105.286 -0.276492 
v -0.270145 105.286 -0.197506 
v -0.320863 105.286 -0.0979383 
v -0.378096 105.255 0.141372 
v -0.398488 105.255 0.0124127 
v -0.318841 105.255 0.257679 
v -0.226507 105.255 0.350014 
v -0.110199 105.255 0.409268 
v -0.110195 105.255 -0.384443 
v -0.226507 105.255 -0.325188 
v -0.318841 105.255 -0.232854 
v -0.378096 105.255 -0.116547 
v -0.423649 105.206 0.156175 
v -0.446401 105.206 0.0124127 
v -0.357578 105.206 0.285824 
v -0.254651 105.206 0.388751 
v -0.125002 105.206 0.454822 
v -0.125 105.206 -0.429998 
v -0.254651 105.206 -0.363928 
v -0.357578 105.206 -0.260999 
v -0.423649 105.206 -0.13135 
v -0.452925 105.144 0.165678 
v -0.477225 105.144 0.0124127 
v -0.382497 105.144 0.303954 
v -0.272782 105.144 0.413669 
v -0.134506 105.144 0.484098 
v -0.134506 105.144 -0.459273 
v -0.272782 105.144 -0.388843 
v -0.382497 105.144 -0.27913 
v -0.452925 105.144 -0.140854 
v -0.463323 105.067 0.169393 
v -0.489583 105.067 0.0123272 
v -0.3913 105.066 0.310668 
v -0.279157 105.065 0.422813 
v -0.137882 105.064 0.494834 
v -0.138506 105.06 -0.471583 
v -0.280344 105.06 -0.399278 
v -0.392931 105.06 -0.286691 
v -0.465236 105.06 -0.144853 
v -0.463005 104.475 0.211036 
v -0.489402 104.477 0.0393357 
v -0.390856 104.472 0.35211 
v -0.278775 104.469 0.464065 
v -0.13767 104.467 0.535969 
v -0.449227 104.389 0.225994 
v -0.476688 104.394 0.0568457 
v -0.377313 104.372 0.362292 
v -0.26914 104.357 0.470965 
v -0.132966 104.349 0.541649 
v -0.410509 104.3 0.303251 
v -0.434854 104.315 0.150173 
v -0.345441 104.272 0.429045 
v -0.248084 104.251 0.468332 
v -0.122863 104.239 0.537015 
v -0.273406 105.394 0.0124127 
v -0.25906 105.394 0.102713 
v -0.217598 105.394 0.18411 
v -0.152938 105.394 0.24877 
v -0.0715401 105.394 0.290232 
v -0.0715401 105.394 -0.265408 
v -0.152938 105.394 -0.223946 
v -0.217598 105.394 -0.159286 
v -0.25906 105.394 -0.0778878 
v -0.368794 105.379 0.0124127 
v -0.349819 105.379 0.132169 
v -0.294773 105.379 0.240224 
v -0.209051 105.379 0.325946 
v -0.100996 105.379 0.380992 
v -0.100996 105.379 -0.356168 
v -0.209051 105.379 -0.301123 
v -0.294773 105.379 -0.215399 
v -0.349819 105.379 -0.107344 
v -0.454822 105.333 0.0124127 
v -0.431674 105.333 0.158775 
v -0.364419 105.333 0.290793 
v -0.25962 105.333 0.395591 
v -0.127603 105.333 0.462847 
v -0.127603 105.333 -0.438023 
v -0.25962 105.333 -0.370768 
v -0.364419 105.333 -0.265968 
v -0.431674 105.333 -0.13395 
v -0.523145 105.263 0.0124127 
v -0.49664 105.263 0.179888 
v -0.419668 105.263 0.330932 
v -0.299759 105.263 0.450841 
v -0.148715 105.263 0.527812 
v -0.148715 105.263 -0.502988 
v -0.299759 105.263 -0.426018 
v -0.419668 105.263 -0.306108 
v -0.49664 105.263 -0.155063 
v -0.566995 105.174 0.0124127 
v -0.538305 105.174 0.19342 
v -0.455127 105.174 0.356725 
v -0.325552 105.174 0.4863 
v -0.162248 105.174 0.569478 
v -0.162248 105.174 -0.544653 
v -0.325552 105.174 -0.461478 
v -0.455127 105.174 -0.331898 
v -0.538305 105.174 -0.168596 
v -0.582105 105.075 0.0124127 
v -0.5527 105.075 0.198101 
v -0.467336 105.075 0.365576 
v -0.334404 105.075 0.498509 
v -0.166928 105.075 0.583874 
v -0.166928 105.075 -0.559053 
v -0.334404 105.075 -0.473688 
v -0.467336 105.075 -0.340753 
v -0.5527 105.075 -0.173275 
v -0.582105 104.471 0.0540202 
v -0.5527 104.471 0.239708 
v -0.467336 104.471 0.407184 
v -0.334404 104.471 0.540117 
v -0.166928 104.471 0.625483 
v -0.566995 104.373 0.0711532 
v -0.538305 104.373 0.25216 
v -0.455127 104.373 0.415465 
v -0.325552 104.373 0.54504 
v -0.162248 104.373 0.62822 
v -0.523145 104.284 0.164158 
v -0.49664 104.284 0.331633 
v -0.419668 104.284 0.482677 
v -0.299759 104.284 0.602585 
v -0.148715 104.284 0.622037 
v -0.138506 105.06 -0.471583 
v -0.280344 105.06 -0.399278 
v -0.392931 105.06 -0.286691 
v -0.465236 105.06 -0.144853 
v -0.489583 105.067 0.0123272 
v -0.489402 104.477 0.0393357 
v -0.476688 104.394 0.0568457 
v -0.434854 104.315 0.150173 
v -0.410509 104.3 0.303251 
v -0.345441 104.272 0.429045 
v -0.248084 104.251 0.468332 
v -0.122863 104.239 0.537015 
v 0.241195 104.756 0.654609 
v -0.112784 104.233 0.666783 
v -0.114059 104.86 0.728842 
v -0.093441 105.063 0.709992 
v 0.284077 104.898 0.623708 
v -0.0626025 105.284 0.645731 
v 0.289981 105.062 0.531925 
v 0.182271 104.757 0.700237 
v -0.0558 104.826 0.749987 
v -0.0667735 104.359 0.709617 
v 0.229635 104.931 0.669962 
v -0.023356 105.041 0.727787 
v 0.240389 105.072 0.600118 
v 0.0041085 105.221 0.676382 
v -0.112784 104.233 0.666783 
v 0.241195 104.756 0.654609 
v -0.114059 104.86 0.728842 
v -0.093441 105.063 0.709992 
v 0.284077 104.898 0.623708 
v -0.0626025 105.284 0.645731 
v 0.289981 105.062 0.531925 
v -0.218412 104.492 0.661701 
v -0.432301 104.173 0.463313 
v -0.499153 104.568 0.428868 
v -0.491308 104.774 0.430033 
v -0.180669 104.64 0.669678 
v -0.445282 105.001 0.403855 
v -0.128361 104.809 0.606523 
v -0.291769 104.487 0.645538 
v -0.479903 104.538 0.489507 
v -0.440959 104.301 0.518798 
v -0.252876 104.666 0.655916 
v -0.461046 104.756 0.495318 
v -0.210077 104.812 0.612475 
v -0.422459 104.941 0.476654 
v -0.432301 104.173 0.463313 
v -0.218412 104.492 0.661701 
v -0.499153 104.568 0.428868 
v -0.491308 104.774 0.430033 
v -0.180669 104.64 0.669678 
v -0.445282 105.001 0.403855 
v -0.128361 104.809 0.606523 
v 0.65956 104.488 0.301286 
v 0.408785 104.165 0.492278 
v 0.399869 104.596 0.54632 
v 0.4223 104.8 0.535295 
v 0.687005 104.633 0.262539 
v 0.424928 105.027 0.482379 
v 0.648375 104.806 0.199307 
v 0.63333 104.487 0.371818 
v 0.4593 104.56 0.536026 
v 0.459105 104.296 0.503683 
v 0.666355 104.663 0.331743 
v 0.488965 104.775 0.514528 
v 0.64361 104.811 0.281003 
v 0.493865 104.959 0.470701 
v 0.408785 104.165 0.492278 
v 0.65956 104.488 0.301286 
v 0.399869 104.596 0.54632 
v 0.4223 104.8 0.535295 
v 0.687005 104.633 0.262539 
v 0.424928 105.027 0.482379 
v 0.648375 104.806 0.199307 
v -0.294572 104.923 0.682081 
v -0.437684 104.375 0.397664 
v -0.502907 104.999 0.382713 
v -0.495658 105.205 0.385932 
v -0.260331 105.071 0.699851 
v -0.444316 105.431 0.373 
v -0.193054 105.24 0.652966 
v -0.360945 104.918 0.646912 
v -0.500562 104.969 0.446291 
v -0.460849 104.504 0.44882 
v -0.326238 105.097 0.667296 
v -0.483941 105.187 0.456929 
v -0.273389 105.243 0.636869 
v -0.44177 105.371 0.449251 
v -0.437684 104.375 0.397664 
v -0.294572 104.923 0.682081 
v -0.502907 104.999 0.382713 
v -0.495658 105.205 0.385932 
v -0.260331 105.071 0.699851 
v -0.444316 105.431 0.373 
v -0.193054 105.24 0.652966 
v 0.33884 104.937 0.638385 
v 0.116119 104.363 0.772867 
v -0.007216 104.986 0.779382 
v -0.0338585 105.172 0.707467 
v 0.344198 105.063 0.546024 
v -0.0683055 105.336 0.543526 
v 0.29238 105.164 0.382195 
v 0.292235 104.935 0.689513 
v 0.060329 104.968 0.784002 
v 0.141546 104.501 0.792147 
v 0.294916 105.097 0.593159 
v 0.041564 105.17 0.701352 
v 0.257844 105.193 0.46142 
v 0.0161335 105.308 0.569538 
v 0.116119 104.363 0.772867 
v 0.33884 104.937 0.638385 
v -0.007216 104.986 0.779382 
v -0.0338585 105.172 0.707467 
v 0.344198 105.063 0.546024 
v -0.0683055 105.336 0.543526 
v 0.29238 105.164 0.382195 
v 0.602475 105.026 0.398401 
v 0.418339 104.424 0.495285 
v 0.283406 105.028 0.58975 
v 0.248463 105.231 0.592797 
v 0.59415 105.177 0.372683 
v 0.196293 105.454 0.551834 
v 0.520365 105.337 0.31077 
v 0.565205 105.01 0.461965 
v 0.351385 105.012 0.590198 
v 0.443092 104.559 0.528066 
v 0.553645 105.192 0.437479 
v 0.321984 105.228 0.584988 
v 0.499495 105.332 0.389913 
v 0.282322 105.41 0.551457 
v 0.418339 104.424 0.495285 
v 0.602475 105.026 0.398401 
v 0.283406 105.028 0.58975 
v 0.248463 105.231 0.592797 
v 0.59415 105.177 0.372683 
v 0.196293 105.454 0.551834 
v 0.520365 105.337 0.31077 
v 0.66053 104.395 0.0867158 
v 0.518845 104.174 0.29717 
v 0.51706 104.468 0.427735 
v 0.54661 104.678 0.429219 
v 0.685285 104.55 0.0541888 
v 0.61356 104.914 0.398584 
v 0.70709 104.734 0.0182568 
v 0.665555 104.385 0.160357 
v 0.569415 104.434 0.388888 
v 0.570015 104.254 0.302578 
v 0.69784 104.564 0.131574 
v 0.604905 104.65 0.382897 
v 0.71837 104.718 0.103385 
v 0.655695 104.838 0.358258 
v 0.518845 104.174 0.29717 
v 0.66053 104.395 0.0867158 
v 0.51706 104.468 0.427735 
v 0.54661 104.678 0.429219 
v 0.685285 104.55 0.0541888 
v 0.61356 104.914 0.398584 
v 0.70709 104.734 0.0182568 
v 0.448656 104.397 0.543735 
v 0.11068 103.863 0.553345 
v 0.115822 104.474 0.703692 
v 0.129871 104.678 0.710387 
v 0.482585 104.544 0.525454 
v 0.144189 104.907 0.67362 
v 0.46736 104.719 0.458908 
v 0.400624 104.388 0.600067 
v 0.177577 104.439 0.707262 
v 0.163324 103.983 0.603359 
v 0.438727 104.567 0.586067 
v 0.202359 104.657 0.710002 
v 0.433084 104.717 0.536572 
v 0.216513 104.843 0.680457 
v 0.11068 103.863 0.553345 
v 0.448656 104.397 0.543735 
v 0.115822 104.474 0.703692 
v 0.129871 104.678 0.710387 
v 0.482585 104.544 0.525454 
v 0.144189 104.907 0.67362 
v 0.46736 104.719 0.458908 
v 0.00419001 104.412 0.695211 
v -0.224039 103.856 0.546645 
v -0.354996 104.463 0.593377 
v -0.360786 104.668 0.602107 
v 0.0331075 104.561 0.699891 
v -0.3391 104.898 0.577724 
v 0.0555055 104.736 0.635129 
v -0.068455 104.398 0.706007 
v -0.309161 104.433 0.637769 
v -0.224663 103.979 0.615675 
v -0.041083 104.58 0.715787 
v -0.305047 104.651 0.650264 
v -0.021341 104.73 0.670827 
v -0.285782 104.839 0.632361 
v -0.224039 103.856 0.546645 
v 0.00419001 104.412 0.695211 
v -0.354996 104.463 0.593377 
v -0.360786 104.668 0.602107 
v 0.0331075 104.561 0.699891 
v -0.3391 104.898 0.577724 
v 0.0555055 104.736 0.635129 
v -0.0890115 104.842 0.773837 
v -0.255139 104.287 0.518768 
v -0.407941 104.894 0.579753 
v -0.415852 105.099 0.586621 
v -0.062395 104.992 0.786072 
v -0.38844 105.329 0.568917 
v -0.02351 105.167 0.729647 
v -0.161901 104.829 0.764837 
v -0.375629 104.864 0.634773 
v -0.27418 104.409 0.585121 
v -0.138137 105.01 0.781577 
v -0.375004 105.082 0.647919 
v -0.107101 105.161 0.743522 
v -0.351656 105.27 0.635811 
v -0.255139 104.287 0.518768 
v -0.0890115 104.842 0.773837 
v -0.407941 104.894 0.579753 
v -0.415852 105.099 0.586621 
v -0.062395 104.992 0.786072 
v -0.38844 105.329 0.568917 
v -0.02351 105.167 0.729647 
v 0.618435 105.012 0.632718 
v 0.608915 104.376 0.576177 
v 0.2743 104.882 0.719942 
v 0.180302 105.062 0.727917 
v 0.574715 105.157 0.620778 
v 0.081645 105.268 0.693242 
v 0.48452 105.304 0.551259 
v 0.57299 104.973 0.67798 
v 0.342375 104.885 0.736427 
v 0.582365 104.501 0.635119 
v 0.51577 105.146 0.670858 
v 0.251456 105.083 0.742657 
v 0.443145 105.276 0.620182 
v 0.173161 105.252 0.715332 
v 0.608915 104.376 0.576177 
v 0.618435 105.012 0.632718 
v 0.2743 104.882 0.719942 
v 0.180302 105.062 0.727917 
v 0.574715 105.157 0.620778 
v 0.081645 105.268 0.693242 
v 0.48452 105.304 0.551259 
v 0.718905 104.978 0.195738 
v 0.563625 104.374 0.317152 
v 0.501365 104.97 0.503124 
v 0.46934 105.172 0.521472 
v 0.704435 105.129 0.177329 
v 0.410429 105.396 0.50423 
v 0.61859 105.292 0.143368 
v 0.708475 104.959 0.267133 
v 0.56269 104.954 0.473125 
v 0.604705 104.505 0.346522 
v 0.6923 105.141 0.253422 
v 0.534755 105.17 0.484046 
v 0.628585 105.284 0.227313 
v 0.489085 105.353 0.469142 
v 0.563625 104.374 0.317152 
v 0.718905 104.978 0.195738 
v 0.501365 104.97 0.503124 
v 0.46934 105.172 0.521472 
v 0.704435 105.129 0.177329 
v 0.410429 105.396 0.50423 
v 0.61859 105.292 0.143368 
v 0.710365 104.583 0.0268728 
v 0.693515 104.205 0.194075 
v 0.61625 104.587 0.391558 
v 0.61125 104.788 0.397528 
v 0.700055 104.731 -0.0137582 
v 0.530515 104.983 0.352337 
v 0.59958 104.864 -0.0546477 
v 0.728945 104.566 0.0941703 
v 0.66587 104.569 0.338561 
v 0.71971 104.344 0.20402 
v 0.714245 104.746 0.0599438 
v 0.65473 104.784 0.335565 
v 0.63912 104.868 0.0262713 
v 0.59284 104.948 0.299008 
v 0.693515 104.205 0.194075 
v 0.710365 104.583 0.0268728 
v 0.61625 104.587 0.391558 
v 0.61125 104.788 0.397528 
v 0.700055 104.731 -0.0137582 
v 0.530515 104.983 0.352337 
v 0.59958 104.864 -0.0546477 
v 0.5388 104.582 0.53387 
v 0.355372 103.985 0.627336 
v 0.229559 104.595 0.748562 
v 0.186441 104.788 0.711282 
v 0.523315 104.721 0.461554 
v 0.116611 104.973 0.583366 
v 0.437186 104.843 0.328356 
v 0.50399 104.571 0.59268 
v 0.296754 104.579 0.736557 
v 0.382811 104.12 0.660612 
v 0.484665 104.746 0.52223 
v 0.258911 104.791 0.689584 
v 0.419745 104.859 0.416276 
v 0.204915 104.946 0.587165 
v 0.355372 103.985 0.627336 
v 0.5388 104.582 0.53387 
v 0.229559 104.595 0.748562 
v 0.186441 104.788 0.711282 
v 0.523315 104.721 0.461554 
v 0.116611 104.973 0.583366 
v 0.437186 104.843 0.328356 
v 0.0673995 104.602 0.742287 
v -0.0969075 103.993 0.707577 
v -0.306569 104.59 0.698859 
v -0.32546 104.782 0.637128 
v 0.0955375 104.741 0.674017 
v -0.303935 104.964 0.489986 
v 0.111985 104.86 0.513856 
v 0.00315001 104.588 0.763742 
v -0.247462 104.58 0.734637 
v -0.106202 104.128 0.746992 
v 0.0250855 104.762 0.693354 
v -0.257042 104.789 0.668629 
v 0.039945 104.873 0.567894 
v -0.238781 104.942 0.5519 
v -0.0969075 103.993 0.707577 
v 0.0673995 104.602 0.742287 
v -0.306569 104.59 0.698859 
v -0.32546 104.782 0.637128 
v 0.0955375 104.741 0.674017 
v -0.303935 104.964 0.489986 
v 0.111985 104.86 0.513856 
v -0.674965 104.483 0.35817 
v -0.389808 104.08 0.579123 
v -0.415278 104.591 0.603206 
v -0.443426 104.809 0.584968 
v -0.70813 104.641 0.312212 
v -0.449884 105.044 0.526184 
v -0.67333 104.823 0.243111 
v -0.595805 104.487 0.371818 
v -0.421778 104.56 0.536026 
v -0.373219 104.151 0.577037 
v -0.628835 104.663 0.331743 
v -0.451445 104.775 0.514528 
v -0.60609 104.811 0.281003 
v -0.456346 104.959 0.470701 
v -0.389808 104.08 0.579123 
v -0.674965 104.483 0.35817 
v -0.415278 104.591 0.603206 
v -0.443426 104.809 0.584968 
v -0.70813 104.641 0.312212 
v -0.449884 105.044 0.526184 
v -0.67333 104.823 0.243111 
v -0.525495 105.285 -0.431933 
v -0.64203 104.658 -0.539168 
v -0.73846 105.155 -0.147618 
v -0.680605 105.33 -0.0117283 
v -0.434627 105.423 -0.345838 
v -0.535685 105.468 0.136078 
v -0.286519 105.497 -0.21149 
v -0.523501 105.227 -0.371638 
v -0.66622 105.14 -0.181106 
v -0.606425 104.771 -0.463523 
v -0.447023 105.37 -0.278097 
v -0.611865 105.308 -0.0541968 
v -0.337011 105.436 -0.172243 
v -0.503986 105.417 0.0606767 
v -0.606425 104.771 -0.463523 
v -0.523501 105.227 -0.371638 
v -0.66622 105.14 -0.181106 
v -0.611865 105.308 -0.0541968 
v -0.447023 105.37 -0.278097 
v -0.503986 105.417 0.0606767 
v -0.337011 105.436 -0.172243 
v -0.55083 105.052 -0.432748 
v -0.577715 104.41 -0.371473 
v -0.70681 104.967 -0.100024 
v -0.70251 105.173 -0.0203678 
v -0.523618 105.216 -0.396763 
v -0.654135 105.392 0.0680122 
v -0.447232 105.372 -0.306843 
v -0.536774 105.015 -0.361123 
v -0.641305 104.958 -0.138148 
v -0.553095 104.543 -0.330753 
v -0.51678 105.192 -0.315603 
v -0.636665 105.163 -0.0633638 
v -0.462135 105.321 -0.244632 
v -0.60079 105.334 0.00657171 
v -0.553095 104.543 -0.330753 
v -0.536774 105.015 -0.361123 
v -0.641305 104.958 -0.138148 
v -0.636665 105.163 -0.0633638 
v -0.51678 105.192 -0.315603 
v -0.60079 105.334 0.00657171 
v -0.462135 105.321 -0.244632 
v -0.674505 105.05 -0.193917 
v -0.66576 104.41 -0.118813 
v -0.6791 104.968 0.169551 
v -0.661015 105.175 0.241678 
v -0.64498 105.214 -0.169447 
v -0.596545 105.397 0.310617 
v -0.551515 105.374 -0.105708 
v -0.632925 105.015 -0.133737 
v -0.636005 104.96 0.109838 
v -0.628525 104.543 -0.0938868 
v -0.60595 105.193 -0.0975788 
v -0.616695 105.166 0.177933 
v -0.537583 105.325 -0.0455843 
v -0.567755 105.34 0.233412 
v -0.628525 104.543 -0.0938868 
v -0.632925 105.015 -0.133737 
v -0.636005 104.96 0.109838 
v -0.616695 105.166 0.177933 
v -0.60595 105.193 -0.0975788 
v -0.567755 105.34 0.233412 
v -0.537583 105.325 -0.0455843 
v -0.61808 104.955 0.351297 
v -0.57486 104.394 0.0591537 
v -0.5998 105.016 -0.0156193 
v -0.590115 105.222 -0.0163518 
v -0.59744 105.104 0.380675 
v -0.535014 105.447 -0.00388679 
v -0.510726 105.27 0.378024 
v -0.649605 104.949 0.283252 
v -0.637355 104.989 0.0373662 
v -0.62063 104.525 0.0808687 
v -0.62929 105.128 0.313828 
v -0.624385 105.208 0.0477632 
v -0.56468 105.273 0.316332 
v -0.58096 105.391 0.0603987 
v -0.57486 104.394 0.0591537 
v -0.61808 104.955 0.351297 
v -0.5998 105.016 -0.0156193 
v -0.590115 105.222 -0.0163518 
v -0.59744 105.104 0.380675 
v -0.535014 105.447 -0.00388679 
v -0.510726 105.27 0.378024 
v -0.748475 104.584 0.0453022 
v -0.67344 104.205 0.252355 
v -0.65435 104.589 0.409987 
v -0.64617 104.81 0.40913 
v -0.73498 104.753 -0.00215629 
v -0.56211 105.02 0.358203 
v -0.631175 104.901 -0.0487823 
v -0.691425 104.566 0.0941702 
v -0.62835 104.569 0.338561 
v -0.641255 104.342 0.245277 
v -0.67672 104.746 0.0599437 
v -0.61721 104.784 0.335565 
v -0.6016 104.868 0.0262712 
v -0.555315 104.948 0.299008 
v -0.641255 104.342 0.245277 
v -0.691425 104.566 0.0941702 
v -0.62835 104.569 0.338561 
v -0.61721 104.784 0.335565 
v -0.67672 104.746 0.0599437 
v -0.555315 104.948 0.299008 
v -0.6016 104.868 0.0262712 
v -0.693145 104.382 0.118259 
v -0.475805 104.169 0.364396 
v -0.549675 104.455 0.459277 
v -0.580835 104.668 0.457939 
v -0.71951 104.539 0.0829087 
v -0.574155 104.903 0.425337 
v -0.66768 104.723 0.0450102 
v -0.628035 104.385 0.160357 
v -0.531895 104.434 0.388888 
v -0.473242 104.215 0.339964 
v -0.66032 104.564 0.131574 
v -0.567385 104.65 0.382897 
v -0.68085 104.718 0.103385 
v -0.618175 104.838 0.358258 
v -0.628035 104.385 0.160357 
v -0.473242 104.215 0.339964 
v -0.531895 104.434 0.388888 
v -0.567385 104.65 0.382897 
v -0.66032 104.564 0.131574 
v -0.618175 104.838 0.358258 
v -0.68085 104.718 0.103385 
v -0.512751 104.879 0.551972 
v -0.505838 104.312 0.269412 
v -0.646895 104.921 0.202333 
v -0.6515 105.126 0.195326 
v -0.494762 105.029 0.572265 
v -0.6124 105.355 0.189322 
v -0.424641 105.201 0.544575 
v -0.56557 104.866 0.501046 
v -0.65546 104.894 0.26674 
v -0.55773 104.437 0.305933 
v -0.55167 105.048 0.521993 
v -0.656705 105.112 0.269391 
v -0.499626 105.196 0.505023 
v -0.62545 105.299 0.266954 
v -0.505838 104.312 0.269412 
v -0.512751 104.879 0.551972 
v -0.646895 104.921 0.202333 
v -0.6515 105.126 0.195326 
v -0.494762 105.029 0.572265 
v -0.6124 105.355 0.189322 
v -0.424641 105.201 0.544575 
v -0.104345 105.481 -0.518073 
v 0.20978 106.047 -0.675013 
v 0.239965 105.58 -0.225266 
v 0.14462 105.436 -0.0732163 
v -0.237098 105.376 -0.422033 
v -0.0471125 105.396 0.0810452 
v -0.524849 105.38 -0.156751 
v -0.0727381 105.544 -0.456788 
v 0.157998 105.61 -0.260566 
v 0.15159 105.953 -0.583973 
v -0.196841 105.434 -0.353663 
v 0.0589635 105.474 -0.119905 
v -0.410995 105.427 -0.159134 
v -0.0908446 105.438 0.000223726 
v 0.20978 106.047 -0.675013 
v -0.104345 105.481 -0.518073 
v 0.239965 105.58 -0.225266 
v 0.14462 105.436 -0.0732163 
v -0.237098 105.376 -0.422033 
v -0.0471125 105.396 0.0810452 
v -0.524849 105.38 -0.156751 
v 0.230767 105.634 -0.557593 
v 0.65199 105.686 -0.492733 
v 0.364987 105.373 -0.218713 
v 0.294755 105.334 -0.237722 
v 0.12209 105.583 -0.517653 
v 0.129278 105.366 -0.173528 
v -0.215823 105.387 -0.316998 
v 0.254548 105.626 -0.480888 
v 0.344494 105.452 -0.253792 
v 0.56102 105.673 -0.442503 
v 0.133057 105.575 -0.443103 
v 0.248767 105.408 -0.255506 
v -0.117861 105.437 -0.302688 
v 0.113406 105.423 -0.206543 
v 0.65199 105.686 -0.492733 
v 0.230767 105.634 -0.557593 
v 0.364987 105.373 -0.218713 
v 0.294755 105.334 -0.237722 
v 0.12209 105.583 -0.517653 
v 0.129278 105.366 -0.173528 
v -0.215823 105.387 -0.316998 
v 0.699485 105.378 0.179352 
v 0.825405 105.651 0.481839 
v 0.321686 105.536 0.39694 
v 0.193791 105.426 0.241695 
v 0.643595 105.295 0.0131138 
v 0.119349 105.42 0.00416723 
v 0.512635 105.354 -0.351223 
v 0.643305 105.452 0.190543 
v 0.390127 105.558 0.336358 
v 0.747865 105.578 0.387302 
v 0.57689 105.366 0.0293483 
v 0.275455 105.454 0.182529 
v 0.480335 105.4 -0.241432 
v 0.216778 105.445 -0.00326976 
v 0.825405 105.651 0.481839 
v 0.699485 105.378 0.179352 
v 0.321686 105.536 0.39694 
v 0.193791 105.426 0.241695 
v 0.643595 105.295 0.0131138 
v 0.119349 105.42 0.00416723 
v 0.512635 105.354 -0.351223 
v 0.57023 105.579 -0.195084 
v 0.74441 105.721 0.161691 
v 0.283748 105.489 0.142114 
v 0.257842 105.438 0.0897932 
v 0.474145 105.563 -0.254131 
v 0.139694 105.323 -0.0401173 
v 0.089757 105.339 -0.389148 
v 0.515435 105.606 -0.139386 
v 0.323451 105.545 0.0865837 
v 0.65138 105.712 0.113186 
v 0.408691 105.569 -0.207519 
v 0.263739 105.486 0.0229587 
v 0.127964 105.405 -0.313078 
v 0.161429 105.394 -0.0791783 
v 0.74441 105.721 0.161691 
v 0.57023 105.579 -0.195084 
v 0.283748 105.489 0.142114 
v 0.257842 105.438 0.0897932 
v 0.474145 105.563 -0.254131 
v 0.139694 105.323 -0.0401173 
v 0.089757 105.339 -0.389148 
v 0.636225 105.519 0.515506 
v 0.427651 105.584 0.885312 
v 0.231005 105.335 0.494947 
v 0.267707 105.292 0.434074 
v 0.63199 105.478 0.396379 
v 0.277959 105.337 0.259508 
v 0.542265 105.328 -0.00530276 
v 0.55636 105.528 0.508567 
v 0.284805 105.404 0.494789 
v 0.414028 105.581 0.781477 
v 0.558775 105.486 0.378315 
v 0.314652 105.361 0.403575 
v 0.50134 105.38 0.0838012 
v 0.324218 105.386 0.261262 
v 0.427651 105.584 0.885312 
v 0.636225 105.519 0.515506 
v 0.231005 105.335 0.494947 
v 0.267707 105.292 0.434074 
v 0.63199 105.478 0.396379 
v 0.277959 105.337 0.259508 
v 0.542265 105.328 -0.00530276 
v 0.238975 105.368 0.517361 
v 0.346621 105.816 0.990492 
v -0.143927 105.47 0.756287 
v -0.268023 105.385 0.584367 
v 0.18586 105.314 0.339439 
v -0.34254 105.419 0.349049 
v 0.052321 105.433 -0.0100163 
v 0.180183 105.437 0.540566 
v -0.0764155 105.505 0.700677 
v 0.271621 105.758 0.884722 
v 0.116664 105.379 0.367051 
v -0.187501 105.426 0.531186 
v 0.018549 105.458 0.105678 
v -0.246064 105.448 0.346303 
v 0.346621 105.816 0.990492 
v 0.238975 105.368 0.517361 
v -0.143927 105.47 0.756287 
v -0.268023 105.385 0.584367 
v 0.18586 105.314 0.339439 
v -0.34254 105.419 0.349049 
v 0.052321 105.433 -0.0100163 
v 0.169189 105.541 0.6914 
v -0.194339 105.755 0.731047 
v -0.0444225 105.523 0.294666 
v 0.00363448 105.463 0.286315 
v 0.256227 105.513 0.623163 
v 0.145313 105.323 0.216568 
v 0.48355 105.266 0.300809 
v 0.14432 105.579 0.62205 
v 0.00116998 105.567 0.356181 
v -0.116734 105.736 0.66225 
v 0.239891 105.529 0.54579 
v 0.070619 105.496 0.320052 
v 0.412035 105.346 0.312865 
v 0.185369 105.385 0.256412 
v -0.194339 105.755 0.731047 
v 0.169189 105.541 0.6914 
v -0.0444225 105.523 0.294666 
v 0.00363448 105.463 0.286315 
v 0.256227 105.513 0.623163 
v 0.145313 105.323 0.216568 
v 0.48355 105.266 0.300809 
v -0.412076 105.378 0.580883 
v -0.70373 105.663 0.521276 
v -0.440443 105.536 0.145826 
v -0.244675 105.426 0.0996422 
v -0.238244 105.295 0.604153 
v 0.00130948 105.42 0.137756 
v 0.146473 105.354 0.647563 
v -0.397305 105.452 0.525535 
v -0.416316 105.558 0.233986 
v -0.584665 105.59 0.493458 
v -0.223349 105.366 0.537134 
v -0.227658 105.454 0.199041 
v 0.0622335 105.4 0.570098 
v -0.0350465 105.445 0.228452 
v -0.70373 105.663 0.521276 
v -0.412076 105.378 0.580883 
v -0.440443 105.536 0.145826 
v -0.244675 105.426 0.0996422 
v -0.238244 105.295 0.604153 
v 0.00130948 105.42 0.137756 
v 0.146473 105.354 0.647563 
v -0.68573 105.519 0.375666 
v -0.925405 105.584 0.0252132 
v -0.488326 105.335 0.0211842 
v -0.44992 105.292 0.0809972 
v -0.576985 105.478 0.424476 
v -0.297829 105.337 0.16729 
v -0.17697 105.328 0.521373 
v -0.644235 105.528 0.307075 
v -0.511947 105.404 0.0695227 
v -0.82623 105.581 0.0588467 
v -0.528441 105.486 0.366765 
v -0.44329 105.361 0.136585 
v -0.238839 105.38 0.445304 
v -0.319832 105.386 0.208019 
v -0.925405 105.584 0.0252132 
v -0.68573 105.519 0.375666 
v -0.488326 105.335 0.0211842 
v -0.44992 105.292 0.0809972 
v -0.576985 105.478 0.424476 
v -0.297829 105.337 0.16729 
v -0.17697 105.328 0.521373 
v -0.637285 105.541 -0.121039 
v -0.512304 105.755 -0.464703 
v -0.186996 105.523 -0.137474 
v -0.200727 105.463 -0.0906703 
v -0.6145 105.513 -0.0128128 
v -0.200722 105.323 0.0672457 
v -0.425681 105.266 0.333505 
v -0.564075 105.579 -0.112722 
v -0.262322 105.567 -0.123737 
v -0.484854 105.736 -0.364693 
v -0.537862 105.529 0.00670421 
v -0.260578 105.496 -0.0454718 
v -0.404914 105.346 0.264018 
v -0.25416 105.385 0.0855862 
v -0.512304 105.755 -0.464703 
v -0.637285 105.541 -0.121039 
v -0.186996 105.523 -0.137474 
v -0.200727 105.463 -0.0906703 
v -0.6145 105.513 -0.0128128 
v -0.200722 105.323 0.0672457 
v -0.425681 105.266 0.333505 
v 0.171167 105.444 0.871837 
v -0.0390635 105.434 1.24591 
v -0.227157 105.251 0.818502 
v -0.189046 105.222 0.751617 
v 0.168236 105.425 0.747602 
v -0.180683 105.298 0.587359 
v 0.083404 105.346 0.326254 
v 0.0910285 105.451 0.866087 
v -0.175905 105.322 0.830347 
v -0.0527225 105.449 1.14309 
v 0.0947706 105.433 0.730722 
v -0.144659 105.297 0.733412 
v 0.0407605 105.38 0.422574 
v -0.136216 105.347 0.597554 
v -0.0390635 105.434 1.24591 
v 0.171167 105.444 0.871837 
v -0.227157 105.251 0.818502 
v -0.189046 105.222 0.751617 
v 0.168236 105.425 0.747602 
v -0.180683 105.298 0.587359 
v 0.083404 105.346 0.326254 
v -0.296068 105.416 1.04635 
v -0.57942 105.606 1.02213 
v -0.509485 105.462 0.651658 
v -0.459295 105.406 0.633491 
v -0.208194 105.405 0.974932 
v -0.312794 105.287 0.542045 
v 0.02739 105.228 0.617085 
v -0.322395 105.465 0.984347 
v -0.465416 105.496 0.719847 
v -0.501302 105.603 0.951647 
v -0.22521 105.434 0.901362 
v -0.393483 105.435 0.672542 
v -0.046946 105.302 0.642099 
v -0.274918 105.341 0.59181 
v -0.57942 105.606 1.02213 
v -0.296068 105.416 1.04635 
v -0.509485 105.462 0.651658 
v -0.459295 105.406 0.633491 
v -0.208194 105.405 0.974932 
v -0.312794 105.287 0.542045 
v 0.02739 105.228 0.617085 
v -0.315346 105.179 -0.626658 
v -0.174507 105.272 -0.613778 
v 0.207373 104.781 -0.762443 
v -0.506306 105.052 -0.543143 
v -0.390406 105.338 -0.465408 
v -0.206655 105.43 -0.423488 
v -0.463505 105.422 -0.259661 
v -0.264855 105.459 -0.221738 
v -0.519604 105.164 -0.439823 
v -0.551355 105.263 -0.295953 
v -0.18237 105.222 -0.571973 
v -0.301896 105.167 -0.592218 
v -0.416522 105.066 -0.524473 
v 0.0938465 104.863 -0.684918 
v -0.23258 105.371 -0.410703 
v -0.372244 105.31 -0.443033 
v -0.279944 105.402 -0.255075 
v -0.424089 105.369 -0.281762 
v -0.465118 105.175 -0.422758 
v -0.493979 105.255 -0.307358 
v 0.0938465 104.863 -0.684918 
v -0.18237 105.222 -0.571973 
v -0.416522 105.066 -0.524473 
v -0.23258 105.371 -0.410703 
v -0.279944 105.402 -0.255075 
v -0.424089 105.369 -0.281762 
v -0.465118 105.175 -0.422758 
v -0.493979 105.255 -0.307358 
v 0.03813 105.39 -0.562983 
v 0.346939 104.875 -0.844028 
v -0.278567 105.204 -0.657493 
v -0.392311 105.32 -0.513628 
v -0.0151705 105.507 -0.419118 
v -0.488211 105.434 -0.294725 
v -0.0748791 105.52 -0.216712 
v 0.00975846 105.319 -0.548298 
v -0.202474 105.194 -0.611633 
v 0.245689 104.947 -0.757833 
v -0.0679896 105.436 -0.410703 
v -0.320727 105.31 -0.474038 
v -0.121047 105.455 -0.255075 
v -0.398038 105.398 -0.307358 
v 0.245689 104.947 -0.757833 
v 0.00975846 105.319 -0.548298 
v -0.202474 105.194 -0.611633 
v -0.320727 105.31 -0.474038 
v -0.0679896 105.436 -0.410703 
v -0.398038 105.398 -0.307358 
v -0.121047 105.455 -0.255075 
v 0.354049 105.372 -0.563033 
v 0.395025 104.795 -0.845363 
v 0.00451996 105.265 -0.657543 
v -0.0915146 105.41 -0.511753 
v 0.316869 105.479 -0.417243 
v -0.160968 105.501 -0.292214 
v 0.260393 105.509 -0.214201 
v 0.300044 105.309 -0.548298 
v 0.06581 105.237 -0.611633 
v 0.343166 104.891 -0.757833 
v 0.249984 105.424 -0.410703 
v -0.0236911 105.378 -0.474038 
v 0.202655 105.456 -0.255075 
v -0.0797156 105.451 -0.307358 
v 0.343166 104.891 -0.757833 
v 0.300044 105.309 -0.548298 
v 0.06581 105.237 -0.611633 
v -0.0236911 105.378 -0.474038 
v 0.249984 105.424 -0.410703 
v -0.0797156 105.451 -0.307358 
v 0.202655 105.456 -0.255075 
v 0.652175 105.255 -0.304763 
v 0.718775 104.611 -0.316518 
v 0.434542 105.12 -0.582973 
v 0.308036 105.311 -0.589628 
v 0.558405 105.411 -0.260671 
v 0.139448 105.48 -0.514408 
v 0.394425 105.516 -0.171708 
v 0.588045 105.202 -0.316203 
v 0.442201 105.112 -0.502643 
v 0.649075 104.733 -0.318623 
v 0.492345 105.362 -0.288652 
v 0.324563 105.296 -0.509098 
v 0.365992 105.452 -0.225572 
v 0.195122 105.427 -0.455233 
v 0.649075 104.733 -0.318623 
v 0.588045 105.202 -0.316203 
v 0.442201 105.112 -0.502643 
v 0.324563 105.296 -0.509098 
v 0.492345 105.362 -0.288652 
v 0.195122 105.427 -0.455233 
v 0.365992 105.452 -0.225572 
v 0.35385 105.267 -0.556713 
v 0.395025 104.696 -0.845363 
v 0.00432046 105.159 -0.651218 
v -0.0589291 105.295 -0.622803 
v 0.349455 105.364 -0.528293 
v -0.165207 105.502 -0.27785 
v 0.256154 105.509 -0.199837 
v 0.300044 105.21 -0.548298 
v 0.06581 105.138 -0.611633 
v 0.343166 104.792 -0.757833 
v 0.273375 105.327 -0.494173 
v -0.000300042 105.28 -0.557503 
v 0.202655 105.44 -0.255075 
v -0.0797156 105.434 -0.307358 
v 0.343166 104.792 -0.757833 
v 0.300044 105.21 -0.548298 
v 0.06581 105.138 -0.611633 
v -0.000300042 105.28 -0.557503 
v 0.273375 105.327 -0.494173 
v -0.0797156 105.434 -0.307358 
v 0.202655 105.44 -0.255075 
v 0.638495 105.102 -0.325058 
v 0.67356 104.458 -0.284983 
v 0.441686 104.958 -0.614623 
v 0.28098 105.138 -0.625563 
v 0.52305 105.257 -0.412283 
v 0.227428 105.32 -0.573003 
v 0.325774 105.413 -0.432178 
v 0.57236 105.052 -0.340868 
v 0.44047 104.956 -0.534923 
v 0.610335 104.583 -0.303178 
v 0.46585 105.216 -0.412058 
v 0.303629 105.136 -0.554993 
v 0.318974 105.343 -0.427298 
v 0.253068 105.28 -0.521668 
v 0.610335 104.583 -0.303178 
v 0.57236 105.052 -0.340868 
v 0.44047 104.956 -0.534923 
v 0.303629 105.136 -0.554993 
v 0.46585 105.216 -0.412058 
v 0.253068 105.28 -0.521668 
v 0.318974 105.343 -0.427298 
v 0.560445 104.978 -0.335763 
v 0.587125 104.374 -0.140465 
v 0.71642 104.97 0.00699276 
v 0.71614 105.172 0.0439003 
v 0.537255 105.129 -0.332533 
v 0.671575 105.396 0.0861102 
v 0.464675 105.292 -0.275478 
v 0.61687 104.959 -0.290791 
v 0.721395 104.954 -0.0610952 
v 0.633185 104.505 -0.161159 
v 0.596875 105.141 -0.283724 
v 0.716755 105.17 -0.0314593 
v 0.54223 105.284 -0.241831 
v 0.68088 105.353 0.000484243 
v 0.587125 104.374 -0.140465 
v 0.560445 104.978 -0.335763 
v 0.71642 104.97 0.00699276 
v 0.71614 105.172 0.0439003 
v 0.537255 105.129 -0.332533 
v 0.671575 105.396 0.0861102 
v 0.464675 105.292 -0.275478 
v 0.544565 105.181 -0.377398 
v 0.657805 104.558 -0.346088 
v 0.75753 105.119 -0.0725687 
v 0.713455 105.293 0.0164263 
v 0.46748 105.308 -0.329173 
v 0.57901 105.449 0.127885 
v 0.329841 105.399 -0.217432 
v 0.603595 105.163 -0.345763 
v 0.746315 105.121 -0.141486 
v 0.68652 104.697 -0.338918 
v 0.527115 105.324 -0.284908 
v 0.691955 105.314 -0.0533057 
v 0.417105 105.412 -0.195619 
v 0.58408 105.446 0.0357928 
v 0.657805 104.558 -0.346088 
v 0.544565 105.181 -0.377398 
v 0.75753 105.119 -0.0725687 
v 0.713455 105.293 0.0164263 
v 0.46748 105.308 -0.329173 
v 0.57901 105.449 0.127885 
v 0.329841 105.399 -0.217432 
v -0.506667 105.073 0.623596 
v -0.59558 104.46 0.494463 
v -0.698085 105.054 0.299723 
v -0.65483 105.242 0.240333 
v -0.431327 105.209 0.599727 
v -0.51939 105.417 0.162051 
v -0.290381 105.32 0.511917 
v -0.562955 105.059 0.585843 
v -0.691225 105.046 0.3688 
v -0.62871 104.597 0.50572 
v -0.488647 105.23 0.554413 
v -0.638425 105.252 0.313571 
v -0.376553 105.334 0.486558 
v -0.530023 105.399 0.252099 
v -0.59558 104.46 0.494463 
v -0.506667 105.073 0.623596 
v -0.698085 105.054 0.299723 
v -0.65483 105.242 0.240333 
v -0.431327 105.209 0.599727 
v -0.51939 105.417 0.162051 
v -0.290381 105.32 0.511917 
v -0.040675 105.033 0.836092 
v -0.189738 104.423 0.758747 
v -0.389451 105.021 0.694341 
v -0.391164 105.212 0.629802 
v 0.0046775 105.172 0.777817 
v -0.331115 105.395 0.493761 
v 0.0633135 105.291 0.62787 
v -0.108321 105.018 0.839602 
v -0.34205 105.01 0.744607 
v -0.209223 104.559 0.794247 
v -0.068379 105.193 0.777632 
v -0.333649 105.22 0.678438 
v -0.0205445 105.303 0.660698 
v -0.284868 105.373 0.570825 
v -0.189738 104.423 0.758747 
v -0.040675 105.033 0.836092 
v -0.389451 105.021 0.694341 
v -0.391164 105.212 0.629802 
v 0.0046775 105.172 0.777817 
v -0.331115 105.395 0.493761 
v 0.0633135 105.291 0.62787 
v 0.60043 105.218 0.640344 
v 0.73653 104.603 0.698222 
v 0.298825 105.041 0.786457 
v 0.170704 105.186 0.739672 
v 0.529725 105.335 0.565391 
v 0.041246 105.319 0.598765 
v 0.419616 105.407 0.416401 
v 0.566735 105.184 0.69078 
v 0.364617 105.065 0.788692 
v 0.68438 104.729 0.735472 
v 0.47407 105.329 0.616596 
v 0.233475 105.229 0.733392 
v 0.381434 105.402 0.498709 
v 0.127873 105.343 0.62092 
v 0.73653 104.603 0.698222 
v 0.60043 105.218 0.640344 
v 0.298825 105.041 0.786457 
v 0.170704 105.186 0.739672 
v 0.529725 105.335 0.565391 
v 0.041246 105.319 0.598765 
v 0.419616 105.407 0.416401 
v 0.74688 105.181 0.161049 
v 0.776865 104.558 0.274642 
v 0.590805 105.119 0.498565 
v 0.49172 105.293 0.505312 
v 0.66639 105.308 0.118742 
v 0.327716 105.449 0.445303 
v 0.50053 105.399 0.0561208 
v 0.749285 105.163 0.227977 
v 0.64469 105.121 0.45416 
v 0.785135 104.697 0.303063 
v 0.658185 105.324 0.19256 
v 0.541135 105.314 0.451617 
v 0.52564 105.412 0.142495 
v 0.40983 105.446 0.403302 
v 0.776865 104.558 0.274642 
v 0.74688 105.181 0.161049 
v 0.590805 105.119 0.498565 
v 0.49172 105.293 0.505312 
v 0.66639 105.308 0.118742 
v 0.327716 105.449 0.445303 
v 0.50053 105.399 0.0561208 
v 0.676875 105.026 -0.133098 
v 0.66783 104.424 0.0747713 
v 0.681475 105.028 0.238919 
v 0.66651 105.231 0.27064 
v 0.65047 105.177 -0.138864 
v 0.604845 105.454 0.295077 
v 0.55982 105.337 -0.106304 
v 0.713015 105.01 -0.0688872 
v 0.7161 105.012 0.180417 
v 0.708615 104.559 0.0698978 
v 0.686045 105.192 -0.0712327 
v 0.696795 105.228 0.203192 
v 0.61768 105.332 -0.0484143 
v 0.64785 105.41 0.220569 
v 0.66783 104.424 0.0747713 
v 0.676875 105.026 -0.133098 
v 0.681475 105.028 0.238919 
v 0.66651 105.231 0.27064 
v 0.65047 105.177 -0.138864 
v 0.604845 105.454 0.295077 
v 0.55982 105.337 -0.106304 

vn 0 -1 0 
vn 0 -1 0 
vn 0 -1 0 
vn 0 -1 0 
vn 0 -1 0 
vn 0 -1 0 
vn 0 -1 0 
vn 0 -1 0 
vn 0 -1 0 
vn 0 -1 0 
vn 0 -1 0 
vn 0 -1 0 
vn -0.141732 -0.992126 -0.023622 
vn -0.141732 -0.992126 -0.023622 
vn -0.133858 -0.992126 -0.0629921 
vn -0.102362 -0.992126 -0.102362 
vn -0.0629921 -0.992126 -0.133858 
vn -0.023622 -0.992126 -0.141732 
vn -0.023622 -0.992126 0.141732 
vn -0.023622 -0.992126 0.141732 
vn -0.0629921 -0.992126 0.133858 
vn -0.102362 -0.992126 0.102362 
vn -0.133858 -0.992126 0.0629921 
vn -0.456693 -0.88189 -0.0708661 
vn -0.456693 -0.88189 -0.0708661 
vn -0.417323 -0.88189 -0.212598 
vn -0.330709 -0.88189 -0.330709 
vn -0.212598 -0.88189 -0.417323 
vn -0.0708661 -0.88189 -0.456693 
vn -0.0708661 -0.88189 0.456693 
vn -0.0708661 -0.88189 0.456693 
vn -0.212598 -0.88189 0.417323 
vn -0.330709 -0.88189 0.330709 
vn -0.417323 -0.88189 0.212598 
vn -0.708661 -0.692913 -0.110236 
vn -0.708661 -0.692913 -0.110236 
vn -0.637795 -0.692913 -0.322835 
vn -0.511811 -0.692913 -0.511811 
vn -0.322835 -0.692913 -0.637795 
vn -0.110236 -0.692913 -0.708661 
vn -0.110236 -0.692913 0.708661 
vn -0.110236 -0.692913 0.708661 
vn -0.322835 -0.692913 0.637795 
vn -0.511811 -0.692913 0.511811 
vn -0.637795 -0.692913 0.322835 
vn -0.889764 -0.440945 -0.141732 
vn -0.889764 -0.440945 -0.141732 
vn -0.80315 -0.440945 -0.409449 
vn -0.637795 -0.440945 -0.637795 
vn -0.409449 -0.440945 -0.80315 
vn -0.141732 -0.440945 -0.889764 
vn -0.141732 -0.440945 0.889764 
vn -0.141732 -0.440945 0.889764 
vn -0.409449 -0.440945 0.80315 
vn -0.637795 -0.440945 0.637795 
vn -0.80315 -0.440945 0.409449 
vn -0.976378 -0.141732 -0.165354 
vn -0.976378 -0.141732 -0.165354 
vn -0.88189 -0.133858 -0.448819 
vn -0.700787 -0.133858 -0.700787 
vn -0.448819 -0.133858 -0.88189 
vn -0.15748 -0.133858 -0.976378 
vn -0.15748 -0.149606 0.976378 
vn -0.15748 -0.149606 0.976378 
vn -0.448819 -0.149606 0.88189 
vn -0.700787 -0.149606 0.700787 
vn -0.88189 -0.149606 0.448819 
vn -0.992126 -0.00787402 -0.149606 
vn -0.992126 -0.00787402 -0.149606 
vn -0.889764 -0.0314961 -0.456693 
vn -0.708661 -0.0472441 -0.708661 
vn -0.448819 -0.0629921 -0.889764 
vn -0.15748 -0.0708661 -0.984252 
vn -0.976378 0.133858 -0.15748 
vn -0.976378 0.133858 -0.15748 
vn -0.889764 0.0708661 -0.456693 
vn -0.708661 0.015748 -0.700787 
vn -0.456693 -0.023622 -0.889764 
vn -0.15748 -0.0472441 -0.984252 
vn -0.944882 0.307087 -0.11811 
vn -0.944882 0.307087 -0.11811 
vn -0.88189 -0.0314961 -0.464567 
vn -0.393701 0.102362 -0.913386 
vn -0.488189 0.0787402 -0.874016 
vn -0.165354 0.0472441 -0.984252 
vn 0 1 0 
vn 0 1 0 
vn 0 1 0 
vn 0 1 0 
vn 0 1 0 
vn 0 1 0 
vn 0 1 0 
vn 0 1 0 
vn 0 1 0 
vn 0 1 0 
vn 0 1 0 
vn 0 1 0 
vn 0.165354 0.984252 0.023622 
vn 0.165354 0.984252 0.023622 
vn 0.149606 0.984252 0.0708661 
vn 0.11811 0.984252 0.11811 
vn 0.0708661 0.984252 0.149606 
vn 0.023622 0.984252 0.165354 
vn 0.023622 0.984252 -0.165354 
vn 0.023622 0.984252 -0.165354 
vn 0.0708661 0.984252 -0.149606 
vn 0.11811 0.984252 -0.11811 
vn 0.149606 0.984252 -0.0708661 
vn 0.464567 0.88189 0.0708661 
vn 0.464567 0.88189 0.0708661 
vn 0.417323 0.88189 0.212598 
vn 0.330709 0.88189 0.330709 
vn 0.212598 0.88189 0.417323 
vn 0.0708661 0.88189 0.464567 
vn 0.0708661 0.88189 -0.464567 
vn 0.0708661 0.88189 -0.464567 
vn 0.212598 0.88189 -0.417323 
vn 0.330709 0.88189 -0.330709 
vn 0.417323 0.88189 -0.212598 
vn 0.716535 0.692913 0.110236 
vn 0.716535 0.692913 0.110236 
vn 0.645669 0.692913 0.330709 
vn 0.511811 0.692913 0.511811 
vn 0.330709 0.692913 0.645669 
vn 0.110236 0.692913 0.716535 
vn 0.110236 0.692913 -0.716535 
vn 0.110236 0.692913 -0.716535 
vn 0.330709 0.692913 -0.645669 
vn 0.511811 0.692913 -0.511811 
vn 0.645669 0.692913 -0.330709 
vn 0.889764 0.440945 0.141732 
vn 0.889764 0.440945 0.141732 
vn 0.80315 0.440945 0.409449 
vn 0.637795 0.440945 0.637795 
vn 0.409449 0.440945 0.80315 
vn 0.141732 0.440945 0.889764 
vn 0.141732 0.440945 -0.889764 
vn 0.141732 0.440945 -0.889764 
vn 0.409449 0.440945 -0.80315 
vn 0.637795 0.440945 -0.637795 
vn 0.80315 0.440945 -0.409449 
vn 0.976378 0.149606 0.15748 
vn 0.976378 0.149606 0.15748 
vn 0.88189 0.149606 0.448819 
vn 0.700787 0.149606 0.700787 
vn 0.448819 0.149606 0.88189 
vn 0.15748 0.149606 0.976378 
vn 0.15748 0.149606 -0.976378 
vn 0.15748 0.149606 -0.976378 
vn 0.448819 0.149606 -0.88189 
vn 0.700787 0.149606 -0.700787 
vn 0.88189 0.149606 -0.448819 
vn 0.984252 0.00787402 0.15748 
vn 0.984252 0.00787402 0.15748 
vn 0.889764 0.0314961 0.456693 
vn 0.708661 0.0472441 0.708661 
vn 0.456693 0.0629921 0.889764 
vn 0.15748 0.0708661 0.984252 
vn 0.976378 -0.125984 0.15748 
vn 0.976378 -0.125984 0.15748 
vn 0.889764 -0.0708661 0.448819 
vn 0.708661 -0.0314961 0.708661 
vn 0.456693 0 0.889764 
vn 0.15748 0.023622 0.984252 
vn 0.937008 -0.307087 0.149606 
vn 0.937008 -0.307087 0.149606 
vn 0.889764 -0.015748 0.456693 
vn 0.685039 0.244094 0.685039 
vn 0.125984 -0.0866142 0.984252 
vn 0.15748 -0.0944882 0.984252 
vn -0.15748 -0.149606 0.976378 
vn -0.15748 -0.149606 0.976378 
vn -0.448819 -0.149606 0.88189 
vn -0.700787 -0.149606 0.700787 
vn -0.88189 -0.149606 0.448819 
vn -0.976378 -0.141732 -0.165354 
vn -0.992126 -0.00787402 -0.149606 
vn -0.976378 0.133858 -0.15748 
vn -0.944882 0.307087 -0.11811 
vn -0.944882 0.307087 -0.11811 
vn -0.88189 -0.0314961 -0.464567 
vn -0.393701 0.102362 -0.913386 
vn -0.488189 0.0787402 -0.874016 
vn -0.165354 0.0472441 -0.984252 
vn 0 -1 0 
vn 0 -1 0 
vn 0 -1 0 
vn 0 -1 0 
vn 0 -1 0 
vn 0 -1 0 
vn 0 -1 0 
vn 0 -1 0 
vn 0 -1 0 
vn 0.141732 -0.992126 -0.023622 
vn 0.141732 -0.992126 -0.023622 
vn 0.133858 -0.992126 -0.0629921 
vn 0.102362 -0.992126 -0.102362 
vn 0.0629921 -0.992126 -0.133858 
vn 0.023622 -0.992126 0.141732 
vn 0.0629921 -0.992126 0.133858 
vn 0.102362 -0.992126 0.102362 
vn 0.133858 -0.992126 0.0629921 
vn 0.456693 -0.88189 -0.0708661 
vn 0.456693 -0.88189 -0.0708661 
vn 0.417323 -0.88189 -0.212598 
vn 0.330709 -0.88189 -0.330709 
vn 0.212598 -0.88189 -0.417323 
vn 0.0708661 -0.88189 0.456693 
vn 0.212598 -0.88189 0.417323 
vn 0.330709 -0.88189 0.330709 
vn 0.417323 -0.88189 0.212598 
vn 0.708661 -0.692913 -0.110236 
vn 0.708661 -0.692913 -0.110236 
vn 0.637795 -0.692913 -0.322835 
vn 0.511811 -0.692913 -0.511811 
vn 0.322835 -0.692913 -0.637795 
vn 0.110236 -0.692913 0.708661 
vn 0.322835 -0.692913 0.637795 
vn 0.511811 -0.692913 0.511811 
vn 0.637795 -0.692913 0.322835 
vn 0.889764 -0.440945 -0.141732 
vn 0.889764 -0.440945 -0.141732 
vn 0.80315 -0.440945 -0.409449 
vn 0.637795 -0.440945 -0.637795 
vn 0.409449 -0.440945 -0.80315 
vn 0.141732 -0.440945 0.889764 
vn 0.409449 -0.440945 0.80315 
vn 0.637795 -0.440945 0.637795 
vn 0.80315 -0.440945 0.409449 
vn 0.976378 -0.141732 -0.165354 
vn 0.976378 -0.141732 -0.165354 
vn 0.88189 -0.133858 -0.448819 
vn 0.700787 -0.133858 -0.700787 
vn 0.448819 -0.133858 -0.88189 
vn 0.15748 -0.149606 0.976378 
vn 0.448819 -0.149606 0.88189 
vn 0.700787 -0.149606 0.700787 
vn 0.88189 -0.149606 0.448819 
vn 0.992126 -0.00787402 -0.149606 
vn 0.992126 -0.00787402 -0.149606 
vn 0.889764 -0.0314961 -0.456693 
vn 0.708661 -0.0472441 -0.708661 
vn 0.448819 -0.0629921 -0.889764 
vn 0.976378 0.133858 -0.15748 
vn 0.976378 0.133858 -0.15748 
vn 0.889764 0.0708661 -0.456693 
vn 0.708661 0.015748 -0.700787 
vn 0.456693 -0.023622 -0.889764 
vn 0.944882 0.307087 -0.11811 
vn 0.944882 0.307087 -0.11811 
vn 0.88189 -0.0314961 -0.464567 
vn 0.393701 0.102362 -0.913386 
vn 0.488189 0.0787402 -0.874016 
vn 0 1 0 
vn 0 1 0 
vn 0 1 0 
vn 0 1 0 
vn 0 1 0 
vn 0 1 0 
vn 0 1 0 
vn 0 1 0 
vn 0 1 0 
vn -0.165354 0.984252 0.023622 
vn -0.165354 0.984252 0.023622 
vn -0.149606 0.984252 0.0708661 
vn -0.11811 0.984252 0.11811 
vn -0.0708661 0.984252 0.149606 
vn -0.023622 0.984252 -0.165354 
vn -0.0708661 0.984252 -0.149606 
vn -0.11811 0.984252 -0.11811 
vn -0.149606 0.984252 -0.0708661 
vn -0.464567 0.88189 0.0708661 
vn -0.464567 0.88189 0.0708661 
vn -0.417323 0.88189 0.212598 
vn -0.330709 0.88189 0.330709 
vn -0.212598 0.88189 0.417323 
vn -0.0708661 0.88189 -0.464567 
vn -0.212598 0.88189 -0.417323 
vn -0.330709 0.88189 -0.330709 
vn -0.417323 0.88189 -0.212598 
vn -0.716535 0.692913 0.110236 
vn -0.716535 0.692913 0.110236 
vn -0.645669 0.692913 0.330709 
vn -0.511811 0.692913 0.511811 
vn -0.330709 0.692913 0.645669 
vn -0.110236 0.692913 -0.716535 
vn -0.330709 0.692913 -0.645669 
vn -0.511811 0.692913 -0.511811 
vn -0.645669 0.692913 -0.330709 
vn -0.889764 0.440945 0.141732 
vn -0.889764 0.440945 0.141732 
vn -0.80315 0.440945 0.409449 
vn -0.637795 0.440945 0.637795 
vn -0.409449 0.440945 0.80315 
vn -0.141732 0.440945 -0.889764 
vn -0.409449 0.440945 -0.80315 
vn -0.637795 0.440945 -0.637795 
vn -0.80315 0.440945 -0.409449 
vn -0.976378 0.149606 0.15748 
vn -0.976378 0.149606 0.15748 
vn -0.88189 0.149606 0.448819 
vn -0.700787 0.149606 0.700787 
vn -0.448819 0.149606 0.88189 
vn -0.15748 0.149606 -0.976378 
vn -0.448819 0.149606 -0.88189 
vn -0.700787 0.149606 -0.700787 
vn -0.88189 0.149606 -0.448819 
vn -0.984252 0.00787402 0.15748 
vn -0.984252 0.00787402 0.15748 
vn -0.889764 0.0314961 0.456693 
vn -0.708661 0.0472441 0.708661 
vn -0.456693 0.0629921 0.889764 
vn -0.976378 -0.125984 0.15748 
vn -0.976378 -0.125984 0.15748 
vn -0.889764 -0.0708661 0.448819 
vn -0.708661 -0.0314961 0.708661 
vn -0.456693 0 0.889764 
vn -0.937008 -0.307087 0.149606 
vn -0.937008 -0.307087 0.149606 
vn -0.889764 -0.015748 0.456693 
vn -0.685039 0.244094 0.685039 
vn -0.125984 -0.0866142 0.984252 
vn 0.15748 -0.149606 0.976378 
vn 0.448819 -0.149606 0.88189 
vn 0.700787 -0.149606 0.700787 
vn 0.88189 -0.149606 0.448819 
vn 0.976378 -0.141732 -0.165354 
vn 0.992126 -0.00787402 -0.149606 
vn 0.976378 0.133858 -0.15748 
vn 0.944882 0.307087 -0.11811 
vn 0.944882 0.307087 -0.11811 
vn 0.88189 -0.0314961 -0.464567 
vn 0.393701 0.102362 -0.913386 
vn 0.488189 0.0787402 -0.874016 
vn -0.173228 0.0944882 -0.976378 
vn -0.173228 0.0944882 -0.976378 
vn -0.173228 0.0944882 -0.976378 
vn -0.251969 -0.0629921 -0.968504 
vn -0.251969 -0.0629921 -0.968504 
vn -0.417323 -0.19685 -0.889764 
vn -0.417323 -0.19685 -0.889764 
vn 0.181102 -0.0866142 0.976378 
vn 0.181102 -0.0866142 0.976378 
vn 0.181102 -0.0866142 0.976378 
vn 0.251969 0.0629921 0.968504 
vn 0.251969 0.0629921 0.968504 
vn 0.409449 0.188976 0.889764 
vn 0.409449 0.188976 0.889764 
vn -0.173228 0.0944882 -0.976378 
vn -0.173228 0.0944882 -0.976378 
vn -0.173228 0.0944882 -0.976378 
vn -0.251969 -0.0629921 -0.968504 
vn -0.251969 -0.0629921 -0.968504 
vn -0.417323 -0.19685 -0.889764 
vn -0.417323 -0.19685 -0.889764 
vn 0.645669 0.0393701 -0.76378 
vn 0.645669 0.0393701 -0.76378 
vn 0.645669 0.0393701 -0.76378 
vn 0.606299 -0.015748 -0.795276 
vn 0.606299 -0.015748 -0.795276 
vn 0.440945 -0.188976 -0.874016 
vn 0.440945 -0.188976 -0.874016 
vn -0.637795 -0.00787402 0.771654 
vn -0.637795 -0.00787402 0.771654 
vn -0.637795 -0.00787402 0.771654 
vn -0.598425 0.0314961 0.795276 
vn -0.598425 0.0314961 0.795276 
vn -0.448819 0.181102 0.874016 
vn -0.448819 0.181102 0.874016 
vn 0.645669 0.0393701 -0.76378 
vn 0.645669 0.0393701 -0.76378 
vn 0.645669 0.0393701 -0.76378 
vn 0.606299 -0.015748 -0.795276 
vn 0.606299 -0.015748 -0.795276 
vn 0.440945 -0.188976 -0.874016 
vn 0.440945 -0.188976 -0.874016 
vn -0.669291 0.0787402 -0.740157 
vn -0.669291 0.0787402 -0.740157 
vn -0.669291 0.0787402 -0.740157 
vn -0.708661 0.0393701 -0.708661 
vn -0.708661 0.0393701 -0.708661 
vn -0.818898 -0.11811 -0.559055 
vn -0.818898 -0.11811 -0.559055 
vn 0.661417 -0.0944882 0.740157 
vn 0.661417 -0.0944882 0.740157 
vn 0.661417 -0.0944882 0.740157 
vn 0.708661 -0.023622 0.708661 
vn 0.708661 -0.023622 0.708661 
vn 0.818898 0.110236 0.559055 
vn 0.818898 0.110236 0.559055 
vn -0.669291 0.0787402 -0.740157 
vn -0.669291 0.0787402 -0.740157 
vn -0.669291 0.0787402 -0.740157 
vn -0.708661 0.0393701 -0.708661 
vn -0.708661 0.0393701 -0.708661 
vn -0.818898 -0.11811 -0.559055 
vn -0.818898 -0.11811 -0.559055 
vn 0.826772 0.0708661 -0.559055 
vn 0.826772 0.0708661 -0.559055 
vn 0.826772 0.0708661 -0.559055 
vn 0.795276 -0.015748 -0.606299 
vn 0.795276 -0.015748 -0.606299 
vn 0.661417 -0.188976 -0.724409 
vn 0.661417 -0.188976 -0.724409 
vn -0.826772 -0.0708661 0.559055 
vn -0.826772 -0.0708661 0.559055 
vn -0.826772 -0.0708661 0.559055 
vn -0.795276 0.0314961 0.606299 
vn -0.795276 0.0314961 0.606299 
vn -0.669291 0.181102 0.724409 
vn -0.669291 0.181102 0.724409 
vn 0.826772 0.0708661 -0.559055 
vn 0.826772 0.0708661 -0.559055 
vn 0.826772 0.0708661 -0.559055 
vn 0.795276 -0.015748 -0.606299 
vn 0.795276 -0.015748 -0.606299 
vn 0.661417 -0.188976 -0.724409 
vn 0.661417 -0.188976 -0.724409 
vn -0.385827 -0.0629921 -0.92126 
vn -0.385827 -0.0629921 -0.92126 
vn -0.385827 -0.0629921 -0.92126 
vn -0.456693 -0.377953 -0.811024 
vn -0.456693 -0.377953 -0.811024 
vn -0.543307 -0.645669 -0.535433 
vn -0.543307 -0.645669 -0.535433 
vn 0.385827 0.0866142 0.92126 
vn 0.385827 0.0866142 0.92126 
vn 0.385827 0.0866142 0.92126 
vn 0.456693 0.370079 0.811024 
vn 0.456693 0.370079 0.811024 
vn 0.543307 0.629921 0.551181 
vn 0.543307 0.629921 0.551181 
vn -0.385827 -0.0629921 -0.92126 
vn -0.385827 -0.0629921 -0.92126 
vn -0.385827 -0.0629921 -0.92126 
vn -0.456693 -0.377953 -0.811024 
vn -0.456693 -0.377953 -0.811024 
vn -0.543307 -0.645669 -0.535433 
vn -0.543307 -0.645669 -0.535433 
vn -0.511811 0.015748 -0.858268 
vn -0.511811 0.015748 -0.858268 
vn -0.511811 0.015748 -0.858268 
vn -0.543307 -0.0787402 -0.834646 
vn -0.543307 -0.0787402 -0.834646 
vn -0.637795 -0.283465 -0.716535 
vn -0.637795 -0.283465 -0.716535 
vn 0.511811 -0.015748 0.858268 
vn 0.511811 -0.015748 0.858268 
vn 0.511811 -0.015748 0.858268 
vn 0.543307 0.0944882 0.834646 
vn 0.543307 0.0944882 0.834646 
vn 0.637795 0.275591 0.724409 
vn 0.637795 0.275591 0.724409 
vn -0.511811 0.015748 -0.858268 
vn -0.511811 0.015748 -0.858268 
vn -0.511811 0.015748 -0.858268 
vn -0.543307 -0.0787402 -0.834646 
vn -0.543307 -0.0787402 -0.834646 
vn -0.637795 -0.283465 -0.716535 
vn -0.637795 -0.283465 -0.716535 
vn -0.889764 0.181102 -0.417323 
vn -0.889764 0.181102 -0.417323 
vn -0.889764 0.181102 -0.417323 
vn -0.913386 0.133858 -0.385827 
vn -0.913386 0.133858 -0.385827 
vn -0.92126 0.220472 -0.330709 
vn -0.92126 0.220472 -0.330709 
vn 0.889764 -0.19685 0.417323 
vn 0.889764 -0.19685 0.417323 
vn 0.889764 -0.19685 0.417323 
vn 0.913386 -0.141732 0.385827 
vn 0.913386 -0.141732 0.385827 
vn 0.92126 -0.204724 0.322835 
vn 0.92126 -0.204724 0.322835 
vn -0.889764 0.181102 -0.417323 
vn -0.889764 0.181102 -0.417323 
vn -0.889764 0.181102 -0.417323 
vn -0.913386 0.133858 -0.385827 
vn -0.913386 0.133858 -0.385827 
vn -0.92126 0.220472 -0.330709 
vn -0.92126 0.220472 -0.330709 
vn -0.377953 0.220472 -0.897638 
vn -0.377953 0.220472 -0.897638 
vn -0.377953 0.220472 -0.897638 
vn -0.448819 0.0629921 -0.889764 
vn -0.448819 0.0629921 -0.889764 
vn -0.590551 -0.0944882 -0.80315 
vn -0.590551 -0.0944882 -0.80315 
vn 0.385827 -0.212598 0.897638 
vn 0.385827 -0.212598 0.897638 
vn 0.385827 -0.212598 0.897638 
vn 0.448819 -0.0629921 0.889764 
vn 0.448819 -0.0629921 0.889764 
vn 0.582677 0.0866142 0.80315 
vn 0.582677 0.0866142 0.80315 
vn -0.377953 0.220472 -0.897638 
vn -0.377953 0.220472 -0.897638 
vn -0.377953 0.220472 -0.897638 
vn -0.448819 0.0629921 -0.889764 
vn -0.448819 0.0629921 -0.889764 
vn -0.590551 -0.0944882 -0.80315 
vn -0.590551 -0.0944882 -0.80315 
vn 0.291339 0.133858 -0.944882 
vn 0.291339 0.133858 -0.944882 
vn 0.291339 0.133858 -0.944882 
vn 0.251969 0.0472441 -0.968504 
vn 0.251969 0.0472441 -0.968504 
vn 0.0944882 -0.110236 -0.992126 
vn 0.0944882 -0.110236 -0.992126 
vn -0.283465 -0.102362 0.952756 
vn -0.283465 -0.102362 0.952756 
vn -0.283465 -0.102362 0.952756 
vn -0.251969 -0.0472441 0.968504 
vn -0.251969 -0.0472441 0.968504 
vn -0.102362 0.102362 0.992126 
vn -0.102362 0.102362 0.992126 
vn 0.291339 0.133858 -0.944882 
vn 0.291339 0.133858 -0.944882 
vn 0.291339 0.133858 -0.944882 
vn 0.251969 0.0472441 -0.968504 
vn 0.251969 0.0472441 -0.968504 
vn 0.0944882 -0.110236 -0.992126 
vn 0.0944882 -0.110236 -0.992126 
vn 0.535433 0.212598 -0.818898 
vn 0.535433 0.212598 -0.818898 
vn 0.535433 0.212598 -0.818898 
vn 0.503937 0.0472441 -0.866142 
vn 0.503937 0.0472441 -0.866142 
vn 0.354331 -0.110236 -0.929134 
vn 0.354331 -0.110236 -0.929134 
vn -0.535433 -0.204724 0.818898 
vn -0.535433 -0.204724 0.818898 
vn -0.535433 -0.204724 0.818898 
vn -0.503937 -0.0472441 0.866142 
vn -0.503937 -0.0472441 0.866142 
vn -0.362205 0.102362 0.929134 
vn -0.362205 0.102362 0.929134 
vn 0.535433 0.212598 -0.818898 
vn 0.535433 0.212598 -0.818898 
vn 0.535433 0.212598 -0.818898 
vn 0.503937 0.0472441 -0.866142 
vn 0.503937 0.0472441 -0.866142 
vn 0.354331 -0.110236 -0.929134 
vn 0.354331 -0.110236 -0.929134 
vn -0.275591 0.0866142 -0.96063 
vn -0.275591 0.0866142 -0.96063 
vn -0.275591 0.0866142 -0.96063 
vn -0.244094 -0.0866142 -0.968504 
vn -0.244094 -0.0866142 -0.968504 
vn -0.291339 -0.291339 -0.913386 
vn -0.291339 -0.291339 -0.913386 
vn 0.275591 -0.0787402 0.96063 
vn 0.275591 -0.0787402 0.96063 
vn 0.275591 -0.0787402 0.96063 
vn 0.244094 0.0787402 0.968504 
vn 0.244094 0.0787402 0.968504 
vn 0.299213 0.283465 0.913386 
vn 0.299213 0.283465 0.913386 
vn -0.275591 0.0866142 -0.96063 
vn -0.275591 0.0866142 -0.96063 
vn -0.275591 0.0866142 -0.96063 
vn -0.244094 -0.0866142 -0.968504 
vn -0.244094 -0.0866142 -0.968504 
vn -0.291339 -0.291339 -0.913386 
vn -0.291339 -0.291339 -0.913386 
vn -0.811024 0.0944882 -0.574803 
vn -0.811024 0.0944882 -0.574803 
vn -0.811024 0.0944882 -0.574803 
vn -0.826772 -0.0787402 -0.559055 
vn -0.826772 -0.0787402 -0.559055 
vn -0.866142 -0.259843 -0.425197 
vn -0.866142 -0.259843 -0.425197 
vn 0.811024 -0.0866142 0.574803 
vn 0.811024 -0.0866142 0.574803 
vn 0.811024 -0.0866142 0.574803 
vn 0.826772 0.0787402 0.559055 
vn 0.826772 0.0787402 0.559055 
vn 0.866142 0.251969 0.425197 
vn 0.866142 0.251969 0.425197 
vn -0.811024 0.0944882 -0.574803 
vn -0.811024 0.0944882 -0.574803 
vn -0.811024 0.0944882 -0.574803 
vn -0.826772 -0.0787402 -0.559055 
vn -0.826772 -0.0787402 -0.559055 
vn -0.866142 -0.259843 -0.425197 
vn -0.866142 -0.259843 -0.425197 
vn -0.968504 -0.0708661 -0.251969 
vn -0.968504 -0.0708661 -0.251969 
vn -0.968504 -0.0708661 -0.251969 
vn -0.968504 -0.015748 -0.251969 
vn -0.976378 -0.11811 -0.19685 
vn -0.92126 -0.393701 -0.0393701 
vn -0.92126 -0.393701 -0.0393701 
vn 0.968504 0.0866142 0.251969 
vn 0.968504 0.0866142 0.251969 
vn 0.968504 0.0866142 0.251969 
vn 0.976378 0.0551181 0.204724 
vn 0.976378 0.0551181 0.204724 
vn 0.929134 0.362205 0.0551181 
vn 0.929134 0.362205 0.0551181 
vn -0.968504 -0.0708661 -0.251969 
vn -0.968504 -0.0708661 -0.251969 
vn -0.968504 -0.0708661 -0.251969 
vn -0.968504 -0.015748 -0.251969 
vn -0.976378 -0.11811 -0.19685 
vn -0.92126 -0.393701 -0.0393701 
vn -0.92126 -0.393701 -0.0393701 
vn -0.566929 0.0472441 -0.818898 
vn -0.566929 0.0472441 -0.818898 
vn -0.566929 0.0472441 -0.818898 
vn -0.606299 -0.275591 -0.740157 
vn -0.606299 -0.275591 -0.740157 
vn -0.637795 -0.590551 -0.503937 
vn -0.637795 -0.590551 -0.503937 
vn 0.566929 -0.0314961 0.818898 
vn 0.566929 -0.0314961 0.818898 
vn 0.566929 -0.0314961 0.818898 
vn 0.606299 0.275591 0.748031 
vn 0.606299 0.275591 0.748031 
vn 0.645669 0.566929 0.519685 
vn 0.645669 0.566929 0.519685 
vn -0.566929 0.0472441 -0.818898 
vn -0.566929 0.0472441 -0.818898 
vn -0.566929 0.0472441 -0.818898 
vn -0.606299 -0.275591 -0.740157 
vn -0.606299 -0.275591 -0.740157 
vn -0.637795 -0.590551 -0.503937 
vn -0.637795 -0.590551 -0.503937 
vn 0.11811 0.023622 -0.992126 
vn 0.11811 0.023622 -0.992126 
vn 0.11811 0.023622 -0.992126 
vn 0.0551181 -0.299213 -0.952756 
vn 0.0551181 -0.299213 -0.952756 
vn -0.110236 -0.614173 -0.779528 
vn -0.110236 -0.614173 -0.779528 
vn -0.11811 -0.00787402 0.992126 
vn -0.11811 -0.00787402 0.992126 
vn -0.11811 -0.00787402 0.992126 
vn -0.0551181 0.299213 0.952756 
vn -0.0551181 0.299213 0.952756 
vn 0.102362 0.598425 0.795276 
vn 0.102362 0.598425 0.795276 
vn 0.11811 0.023622 -0.992126 
vn 0.11811 0.023622 -0.992126 
vn 0.11811 0.023622 -0.992126 
vn 0.0551181 -0.299213 -0.952756 
vn 0.0551181 -0.299213 -0.952756 
vn -0.110236 -0.614173 -0.779528 
vn -0.110236 -0.614173 -0.779528 
vn -0.669291 -0.0708661 0.740157 
vn -0.669291 -0.0708661 0.740157 
vn -0.669291 -0.0708661 0.740157 
vn -0.708661 -0.0314961 0.708661 
vn -0.708661 -0.0314961 0.708661 
vn -0.818898 0.11811 0.559055 
vn -0.818898 0.11811 0.559055 
vn 0.685039 0.00787402 -0.732283 
vn 0.685039 0.00787402 -0.732283 
vn 0.685039 0.00787402 -0.732283 
vn 0.708661 0.023622 -0.708661 
vn 0.708661 0.023622 -0.708661 
vn 0.818898 -0.110236 -0.559055 
vn 0.818898 -0.110236 -0.559055 
vn -0.669291 -0.0708661 0.740157 
vn -0.669291 -0.0708661 0.740157 
vn -0.669291 -0.0708661 0.740157 
vn -0.708661 -0.0314961 0.708661 
vn -0.708661 -0.0314961 0.708661 
vn -0.818898 0.11811 0.559055 
vn -0.818898 0.11811 0.559055 
vn -0.826772 0.244094 -0.511811 
vn -0.826772 0.244094 -0.511811 
vn -0.826772 0.244094 -0.511811 
vn -0.740157 0.551181 -0.393701 
vn -0.740157 0.551181 -0.393701 
vn -0.496063 0.818898 -0.283465 
vn -0.496063 0.818898 -0.283465 
vn 0.826772 -0.251969 0.503937 
vn 0.826772 -0.251969 0.503937 
vn 0.826772 -0.251969 0.503937 
vn 0.740157 -0.535433 0.393701 
vn 0.740157 -0.535433 0.393701 
vn 0.503937 -0.811024 0.291339 
vn 0.503937 -0.811024 0.291339 
vn 0.826772 -0.251969 0.503937 
vn 0.826772 -0.251969 0.503937 
vn 0.826772 -0.251969 0.503937 
vn 0.740157 -0.535433 0.393701 
vn 0.740157 -0.535433 0.393701 
vn 0.503937 -0.811024 0.291339 
vn 0.503937 -0.811024 0.291339 
vn -0.905512 0 -0.425197 
vn -0.905512 0 -0.425197 
vn -0.905512 0 -0.425197 
vn -0.897638 0.173228 -0.409449 
vn -0.897638 0.173228 -0.409449 
vn -0.80315 0.362205 -0.464567 
vn -0.80315 0.362205 -0.464567 
vn 0.905512 -0.00787402 0.425197 
vn 0.905512 -0.00787402 0.425197 
vn 0.905512 -0.00787402 0.425197 
vn 0.897638 -0.165354 0.409449 
vn 0.897638 -0.165354 0.409449 
vn 0.811024 -0.362205 0.464567 
vn 0.811024 -0.362205 0.464567 
vn 0.905512 -0.00787402 0.425197 
vn 0.905512 -0.00787402 0.425197 
vn 0.905512 -0.00787402 0.425197 
vn 0.897638 -0.165354 0.409449 
vn 0.897638 -0.165354 0.409449 
vn 0.811024 -0.362205 0.464567 
vn 0.811024 -0.362205 0.464567 
vn -1 -0.015748 -0.015748 
vn -1 -0.015748 -0.015748 
vn -1 -0.015748 -0.015748 
vn -0.992126 0.0944882 -0.0314961 
vn -0.992126 0.0944882 -0.0314961 
vn -0.944882 0.307087 -0.11811 
vn -0.944882 0.307087 -0.11811 
vn 1 0.00787402 0.015748 
vn 1 0.00787402 0.015748 
vn 1 0.00787402 0.015748 
vn 0.992126 -0.102362 0.0314961 
vn 0.992126 -0.102362 0.0314961 
vn 0.944882 -0.307087 0.11811 
vn 0.944882 -0.307087 0.11811 
vn 1 0.00787402 0.015748 
vn 1 0.00787402 0.015748 
vn 1 0.00787402 0.015748 
vn 0.992126 -0.102362 0.0314961 
vn 0.992126 -0.102362 0.0314961 
vn 0.944882 -0.307087 0.11811 
vn 0.944882 -0.307087 0.11811 
vn 1 0.0472441 0.0551181 
vn 1 0.0472441 0.0551181 
vn 1 0.0472441 0.0551181 
vn 1 -0.0472441 0.00787402 
vn 1 -0.0472441 0.00787402 
vn 0.96063 -0.228346 -0.165354 
vn 0.96063 -0.228346 -0.165354 
vn -1 -0.0393701 -0.0551181 
vn -1 -0.0393701 -0.0551181 
vn -1 -0.0393701 -0.0551181 
vn -1 0.0629921 0 
vn -1 0.0629921 0 
vn -0.96063 0.212598 0.165354 
vn -0.96063 0.212598 0.165354 
vn 1 0.0472441 0.0551181 
vn 1 0.0472441 0.0551181 
vn 1 0.0472441 0.0551181 
vn 1 -0.0472441 0.00787402 
vn 1 -0.0472441 0.00787402 
vn 0.96063 -0.228346 -0.165354 
vn 0.96063 -0.228346 -0.165354 
vn -0.968504 -0.0551181 0.251969 
vn -0.968504 -0.0551181 0.251969 
vn -0.968504 -0.0551181 0.251969 
vn -0.968504 0.0393701 0.251969 
vn -0.976378 0.133858 0.188976 
vn -0.92126 0.377953 0.0472441 
vn -0.92126 0.377953 0.0472441 
vn 0.968504 0.0472441 -0.251969 
vn 0.968504 0.0472441 -0.251969 
vn 0.968504 0.0472441 -0.251969 
vn 0.976378 -0.0551181 -0.204724 
vn 0.976378 -0.0551181 -0.204724 
vn 0.929134 -0.362205 -0.0551181 
vn 0.929134 -0.362205 -0.0551181 
vn 0.968504 0.0472441 -0.251969 
vn 0.968504 0.0472441 -0.251969 
vn 0.968504 0.0472441 -0.251969 
vn 0.976378 -0.0551181 -0.204724 
vn 0.976378 -0.0551181 -0.204724 
vn 0.929134 -0.362205 -0.0551181 
vn 0.929134 -0.362205 -0.0551181 
vn -0.834646 -0.354331 0.425197 
vn -0.834646 -0.354331 0.425197 
vn -0.834646 -0.354331 0.425197 
vn -0.913386 -0.133858 0.385827 
vn -0.913386 -0.133858 0.385827 
vn -0.976378 0.0551181 0.212598 
vn -0.976378 0.0551181 0.212598 
vn 0.84252 0.322835 -0.425197 
vn 0.84252 0.322835 -0.425197 
vn 0.84252 0.322835 -0.425197 
vn 0.913386 0.141732 -0.385827 
vn 0.913386 0.141732 -0.385827 
vn 0.92126 0.204724 -0.322835 
vn 0.92126 0.204724 -0.322835 
vn 0.84252 0.322835 -0.425197 
vn 0.84252 0.322835 -0.425197 
vn 0.84252 0.322835 -0.425197 
vn 0.913386 0.141732 -0.385827 
vn 0.913386 0.141732 -0.385827 
vn 0.92126 0.204724 -0.322835 
vn 0.92126 0.204724 -0.322835 
vn 0.929134 0.181102 -0.330709 
vn 0.929134 0.181102 -0.330709 
vn 0.929134 0.181102 -0.330709 
vn 0.92126 0.00787402 -0.385827 
vn 0.92126 0.00787402 -0.385827 
vn 0.84252 -0.15748 -0.511811 
vn 0.84252 -0.15748 -0.511811 
vn -0.929134 -0.173228 0.338583 
vn -0.929134 -0.173228 0.338583 
vn -0.929134 -0.173228 0.338583 
vn -0.92126 -0.00787402 0.377953 
vn -0.92126 -0.00787402 0.377953 
vn -0.84252 0.149606 0.511811 
vn -0.84252 0.149606 0.511811 
vn 0.929134 0.181102 -0.330709 
vn 0.929134 0.181102 -0.330709 
vn 0.929134 0.181102 -0.330709 
vn 0.92126 0.00787402 -0.385827 
vn 0.92126 0.00787402 -0.385827 
vn 0.84252 -0.15748 -0.511811 
vn 0.84252 -0.15748 -0.511811 
vn 0.637795 -0.511811 -0.574803 
vn 0.637795 -0.511811 -0.574803 
vn 0.637795 -0.511811 -0.574803 
vn 0.535433 -0.755906 -0.377953 
vn 0.433071 -0.84252 -0.322835 
vn 0.181102 -0.984252 -0.0314961 
vn 0.015748 -1 0.0314961 
vn -0.637795 0.527559 0.566929 
vn -0.637795 0.527559 0.566929 
vn -0.637795 0.527559 0.566929 
vn -0.440945 0.826772 0.346457 
vn -0.440945 0.826772 0.346457 
vn -0.0314961 1 0 
vn -0.0314961 1 0 
vn 0.637795 -0.511811 -0.574803 
vn 0.637795 -0.511811 -0.574803 
vn 0.637795 -0.511811 -0.574803 
vn 0.535433 -0.755906 -0.377953 
vn 0.433071 -0.84252 -0.322835 
vn 0.181102 -0.984252 -0.0314961 
vn 0.015748 -1 0.0314961 
vn 0.188976 -0.740157 -0.645669 
vn 0.188976 -0.740157 -0.645669 
vn 0.188976 -0.740157 -0.645669 
vn 0.472441 -0.496063 -0.732283 
vn 0.472441 -0.496063 -0.732283 
vn -0.346457 -0.795276 -0.496063 
vn 0.173228 -0.834646 -0.527559 
vn -0.188976 0.740157 0.645669 
vn -0.188976 0.740157 0.645669 
vn -0.188976 0.740157 0.645669 
vn -0.291339 0.614173 0.732283 
vn -0.291339 0.614173 0.732283 
vn -0.165354 0.834646 0.519685 
vn -0.165354 0.834646 0.519685 
vn 0.188976 -0.740157 -0.645669 
vn 0.188976 -0.740157 -0.645669 
vn 0.188976 -0.740157 -0.645669 
vn 0.472441 -0.496063 -0.732283 
vn 0.472441 -0.496063 -0.732283 
vn -0.346457 -0.795276 -0.496063 
vn 0.173228 -0.834646 -0.527559 
vn 0.0629921 -0.755906 0.653543 
vn 0.0629921 -0.755906 0.653543 
vn 0.0629921 -0.755906 0.653543 
vn -0.00787402 -0.811024 0.582677 
vn -0.0314961 -0.889764 0.456693 
vn -0.23622 -0.968504 0.0944882 
vn -0.228346 -0.968504 -0.0787402 
vn 0.0314961 0.834646 -0.551181 
vn 0.0314961 0.834646 -0.551181 
vn 0.0314961 0.834646 -0.551181 
vn 0.015748 0.88189 -0.472441 
vn 0.015748 0.88189 -0.472441 
vn 0.204724 0.976378 0.0472441 
vn 0.204724 0.976378 0.0472441 
vn 0.0629921 -0.755906 0.653543 
vn 0.0629921 -0.755906 0.653543 
vn 0.0629921 -0.755906 0.653543 
vn -0.00787402 -0.811024 0.582677 
vn -0.0314961 -0.889764 0.456693 
vn -0.23622 -0.968504 0.0944882 
vn -0.228346 -0.968504 -0.0787402 
vn 0.440945 -0.889764 0.141732 
vn 0.440945 -0.889764 0.141732 
vn 0.440945 -0.889764 0.141732 
vn 0.740157 -0.629921 0.23622 
vn 0.740157 -0.629921 0.23622 
vn 0.622047 -0.771654 0.110236 
vn 0.527559 -0.84252 -0.11811 
vn -0.440945 0.889764 -0.141732 
vn -0.440945 0.889764 -0.141732 
vn -0.440945 0.889764 -0.141732 
vn -0.637795 0.76378 -0.11811 
vn -0.637795 0.76378 -0.11811 
vn -0.535433 0.834646 0.11811 
vn -0.535433 0.834646 0.11811 
vn 0.440945 -0.889764 0.141732 
vn 0.440945 -0.889764 0.141732 
vn 0.440945 -0.889764 0.141732 
vn 0.740157 -0.629921 0.23622 
vn 0.740157 -0.629921 0.23622 
vn 0.622047 -0.771654 0.110236 
vn 0.527559 -0.84252 -0.11811 
vn 0.370079 -0.858268 0.362205 
vn 0.370079 -0.858268 0.362205 
vn 0.370079 -0.858268 0.362205 
vn 0.393701 -0.629921 0.669291 
vn 0.393701 -0.629921 0.669291 
vn 0.425197 -0.88189 -0.204724 
vn 0.251969 -0.92126 0.291339 
vn -0.370079 0.858268 -0.362205 
vn -0.370079 0.858268 -0.362205 
vn -0.370079 0.858268 -0.362205 
vn -0.433071 0.748031 -0.496063 
vn -0.433071 0.748031 -0.496063 
vn -0.251969 0.929134 -0.283465 
vn -0.251969 0.929134 -0.283465 
vn 0.370079 -0.858268 0.362205 
vn 0.370079 -0.858268 0.362205 
vn 0.370079 -0.858268 0.362205 
vn 0.393701 -0.629921 0.669291 
vn 0.393701 -0.629921 0.669291 
vn 0.425197 -0.88189 -0.204724 
vn 0.251969 -0.92126 0.291339 
vn 0.204724 -0.732283 0.645669 
vn 0.204724 -0.732283 0.645669 
vn 0.204724 -0.732283 0.645669 
vn 0.023622 -0.905512 0.425197 
vn 0.00787402 -0.96063 0.291339 
vn -0.19685 -0.976378 -0.0787402 
vn -0.188976 -0.952756 -0.251969 
vn -0.204724 0.740157 -0.637795 
vn -0.204724 0.740157 -0.637795 
vn -0.204724 0.740157 -0.637795 
vn -0.015748 0.952756 -0.307087 
vn -0.015748 0.952756 -0.307087 
vn 0.173228 0.96063 0.228346 
vn 0.173228 0.96063 0.228346 
vn 0.204724 -0.732283 0.645669 
vn 0.204724 -0.732283 0.645669 
vn 0.204724 -0.732283 0.645669 
vn 0.023622 -0.905512 0.425197 
vn 0.00787402 -0.96063 0.291339 
vn -0.19685 -0.976378 -0.0787402 
vn -0.188976 -0.952756 -0.251969 
vn -0.464567 -0.84252 0.283465 
vn -0.464567 -0.84252 0.283465 
vn -0.464567 -0.84252 0.283465 
vn -0.614173 -0.566929 0.551181 
vn -0.614173 -0.566929 0.551181 
vn -0.488189 -0.732283 0.472441 
vn -0.259843 -0.84252 0.464567 
vn 0.464567 0.84252 -0.283465 
vn 0.464567 0.84252 -0.283465 
vn 0.464567 0.84252 -0.283465 
vn 0.496063 0.724409 -0.480315 
vn 0.496063 0.724409 -0.480315 
vn 0.259843 0.84252 -0.472441 
vn 0.259843 0.84252 -0.472441 
vn -0.464567 -0.84252 0.283465 
vn -0.464567 -0.84252 0.283465 
vn -0.464567 -0.84252 0.283465 
vn -0.614173 -0.566929 0.551181 
vn -0.614173 -0.566929 0.551181 
vn -0.488189 -0.732283 0.472441 
vn -0.259843 -0.84252 0.464567 
vn -0.661417 -0.716535 -0.220472 
vn -0.661417 -0.716535 -0.220472 
vn -0.661417 -0.716535 -0.220472 
vn -0.519685 -0.811024 -0.259843 
vn -0.393701 -0.889764 -0.228346 
vn 0.015748 -0.968504 -0.251969 
vn 0.165354 -0.968504 -0.173228 
vn 0.543307 0.80315 0.251969 
vn 0.543307 0.80315 0.251969 
vn 0.543307 0.80315 0.251969 
vn 0.417323 0.88189 0.220472 
vn 0.417323 0.88189 0.220472 
vn -0.133858 0.976378 0.165354 
vn -0.133858 0.976378 0.165354 
vn -0.661417 -0.716535 -0.220472 
vn -0.661417 -0.716535 -0.220472 
vn -0.661417 -0.716535 -0.220472 
vn -0.519685 -0.811024 -0.259843 
vn -0.393701 -0.889764 -0.228346 
vn 0.015748 -0.968504 -0.251969 
vn 0.165354 -0.968504 -0.173228 
vn -0.488189 -0.858268 0.173228 
vn -0.488189 -0.858268 0.173228 
vn -0.488189 -0.858268 0.173228 
vn -0.779528 -0.629921 0.0551181 
vn -0.779528 -0.629921 0.0551181 
vn -0.00787402 -0.88189 0.472441 
vn -0.370079 -0.92126 0.102362 
vn 0.488189 0.858268 -0.173228 
vn 0.488189 0.858268 -0.173228 
vn 0.488189 0.858268 -0.173228 
vn 0.637795 0.748031 -0.173228 
vn 0.637795 0.748031 -0.173228 
vn 0.362205 0.929134 -0.102362 
vn 0.362205 0.929134 -0.102362 
vn -0.488189 -0.858268 0.173228 
vn -0.488189 -0.858268 0.173228 
vn -0.488189 -0.858268 0.173228 
vn -0.779528 -0.629921 0.0551181 
vn -0.779528 -0.629921 0.0551181 
vn -0.00787402 -0.88189 0.472441 
vn -0.370079 -0.92126 0.102362 
vn -0.0551181 -0.84252 -0.543307 
vn -0.0551181 -0.84252 -0.543307 
vn -0.0551181 -0.84252 -0.543307 
vn -0.220472 -0.566929 -0.795276 
vn -0.220472 -0.566929 -0.795276 
vn -0.212598 -0.732283 -0.645669 
vn -0.307087 -0.84252 -0.440945 
vn 0.0551181 0.84252 0.543307 
vn 0.0551181 0.84252 0.543307 
vn 0.0551181 0.84252 0.543307 
vn 0.212598 0.724409 0.661417 
vn 0.212598 0.724409 0.661417 
vn 0.307087 0.84252 0.440945 
vn 0.307087 0.84252 0.440945 
vn -0.0551181 -0.84252 -0.543307 
vn -0.0551181 -0.84252 -0.543307 
vn -0.0551181 -0.84252 -0.543307 
vn -0.220472 -0.566929 -0.795276 
vn -0.220472 -0.566929 -0.795276 
vn -0.212598 -0.732283 -0.645669 
vn -0.307087 -0.84252 -0.440945 
vn 0.409449 -0.889764 0.204724 
vn 0.409449 -0.889764 0.204724 
vn 0.409449 -0.889764 0.204724 
vn 0.417323 -0.724409 0.551181 
vn 0.417323 -0.724409 0.551181 
vn 0.456693 -0.811024 -0.354331 
vn 0.291339 -0.952756 0.11811 
vn -0.401575 0.889764 -0.204724 
vn -0.401575 0.889764 -0.204724 
vn -0.401575 0.889764 -0.204724 
vn -0.464567 0.811024 -0.354331 
vn -0.464567 0.811024 -0.354331 
vn -0.283465 0.952756 -0.11811 
vn -0.283465 0.952756 -0.11811 
vn 0.409449 -0.889764 0.204724 
vn 0.409449 -0.889764 0.204724 
vn 0.409449 -0.889764 0.204724 
vn 0.417323 -0.724409 0.551181 
vn 0.417323 -0.724409 0.551181 
vn 0.456693 -0.811024 -0.354331 
vn 0.291339 -0.952756 0.11811 
vn -0.559055 -0.80315 0.204724 
vn -0.559055 -0.80315 0.204724 
vn -0.559055 -0.80315 0.204724 
vn -0.598425 -0.677165 0.433071 
vn -0.598425 -0.677165 0.433071 
vn -0.456693 -0.818898 0.338583 
vn -0.228346 -0.92126 0.307087 
vn 0.622047 0.748031 -0.244094 
vn 0.622047 0.748031 -0.244094 
vn 0.622047 0.748031 -0.244094 
vn 0.472441 0.811024 -0.338583 
vn 0.472441 0.811024 -0.338583 
vn 0.228346 0.92126 -0.314961 
vn 0.228346 0.92126 -0.314961 
vn -0.559055 -0.80315 0.204724 
vn -0.559055 -0.80315 0.204724 
vn -0.559055 -0.80315 0.204724 
vn -0.598425 -0.677165 0.433071 
vn -0.598425 -0.677165 0.433071 
vn -0.456693 -0.818898 0.338583 
vn -0.228346 -0.92126 0.307087 
vn -0.0708661 0.23622 -0.968504 
vn -0.0708661 0.23622 -0.968504 
vn -0.0708661 0.23622 -0.968504 
vn -0.330709 -0.11811 -0.937008 
vn -0.322835 0.598425 -0.732283 
vn -0.220472 0.732283 -0.645669 
vn -0.0944882 0.905512 -0.401575 
vn -0.0944882 0.905512 -0.401575 
vn -0.606299 0.503937 -0.622047 
vn -0.732283 0.472441 -0.488189 
vn -0.440945 0.787402 0.433071 
vn -0.440945 0.787402 0.433071 
vn -0.440945 0.787402 0.433071 
vn 0.259843 -0.102362 0.96063 
vn 0.141732 -0.708661 0.692913 
vn 0.141732 -0.708661 0.692913 
vn 0.141732 -0.913386 0.377953 
vn 0.141732 -0.913386 0.377953 
vn 0.661417 -0.354331 0.653543 
vn 0.748031 -0.440945 0.496063 
vn 0.259843 -0.102362 0.96063 
vn -0.440945 0.787402 0.433071 
vn -0.440945 0.787402 0.433071 
vn 0.141732 -0.708661 0.692913 
vn 0.141732 -0.913386 0.377953 
vn 0.141732 -0.913386 0.377953 
vn 0.661417 -0.354331 0.653543 
vn 0.748031 -0.440945 0.496063 
vn -0.015748 0.472441 -0.88189 
vn -0.015748 0.472441 -0.88189 
vn -0.015748 0.472441 -0.88189 
vn -0.188976 0.685039 -0.700787 
vn -0.19685 0.724409 -0.661417 
vn -0.0866142 0.866142 -0.488189 
vn -0.0866142 0.866142 -0.488189 
vn 0.023622 -0.480315 0.874016 
vn 0.023622 -0.480315 0.874016 
vn 0.023622 -0.480315 0.874016 
vn 0.173228 -0.700787 0.692913 
vn 0.173228 -0.700787 0.692913 
vn 0.0866142 -0.866142 0.496063 
vn 0.0866142 -0.866142 0.496063 
vn 0.023622 -0.480315 0.874016 
vn 0.023622 -0.480315 0.874016 
vn 0.023622 -0.480315 0.874016 
vn 0.173228 -0.700787 0.692913 
vn 0.173228 -0.700787 0.692913 
vn 0.0866142 -0.866142 0.496063 
vn 0.0866142 -0.866142 0.496063 
vn 0.102362 0.440945 -0.889764 
vn 0.102362 0.440945 -0.889764 
vn 0.102362 0.440945 -0.889764 
vn 0.0393701 0.716535 -0.692913 
vn 0.0393701 0.716535 -0.692913 
vn 0.0551181 0.929134 -0.370079 
vn 0.0551181 0.929134 -0.370079 
vn -0.102362 -0.456693 0.88189 
vn -0.102362 -0.456693 0.88189 
vn -0.102362 -0.456693 0.88189 
vn -0.0393701 -0.708661 0.700787 
vn -0.0393701 -0.708661 0.700787 
vn -0.0551181 -0.92126 0.385827 
vn -0.0551181 -0.92126 0.385827 
vn -0.102362 -0.456693 0.88189 
vn -0.102362 -0.456693 0.88189 
vn -0.102362 -0.456693 0.88189 
vn -0.0393701 -0.708661 0.700787 
vn -0.0393701 -0.708661 0.700787 
vn -0.0551181 -0.92126 0.385827 
vn -0.0551181 -0.92126 0.385827 
vn 0.76378 0.0866142 -0.637795 
vn 0.76378 0.0866142 -0.637795 
vn 0.76378 0.0866142 -0.637795 
vn 0.661417 0.417323 -0.629921 
vn 0.661417 0.417323 -0.629921 
vn 0.519685 0.724409 -0.464567 
vn 0.519685 0.724409 -0.464567 
vn -0.755906 -0.102362 0.645669 
vn -0.755906 -0.102362 0.645669 
vn -0.755906 -0.102362 0.645669 
vn -0.661417 -0.401575 0.629921 
vn -0.661417 -0.401575 0.629921 
vn -0.527559 -0.708661 0.464567 
vn -0.527559 -0.708661 0.464567 
vn -0.755906 -0.102362 0.645669 
vn -0.755906 -0.102362 0.645669 
vn -0.755906 -0.102362 0.645669 
vn -0.661417 -0.401575 0.629921 
vn -0.661417 -0.401575 0.629921 
vn -0.527559 -0.708661 0.464567 
vn -0.527559 -0.708661 0.464567 
vn 0.102362 0.456693 -0.88189 
vn 0.102362 0.456693 -0.88189 
vn 0.102362 0.456693 -0.88189 
vn 0.173228 0.275591 -0.944882 
vn 0.173228 0.275591 -0.944882 
vn 0.0787402 0.866142 -0.496063 
vn 0.0787402 0.866142 -0.496063 
vn -0.102362 -0.456693 0.88189 
vn -0.102362 -0.456693 0.88189 
vn -0.102362 -0.456693 0.88189 
vn -0.141732 -0.409449 0.905512 
vn -0.141732 -0.409449 0.905512 
vn -0.0787402 -0.858268 0.503937 
vn -0.0787402 -0.858268 0.503937 
vn -0.102362 -0.456693 0.88189 
vn -0.102362 -0.456693 0.88189 
vn -0.102362 -0.456693 0.88189 
vn -0.141732 -0.409449 0.905512 
vn -0.141732 -0.409449 0.905512 
vn -0.0787402 -0.858268 0.503937 
vn -0.0787402 -0.858268 0.503937 
vn 0.826772 0.00787402 -0.566929 
vn 0.826772 0.00787402 -0.566929 
vn 0.826772 0.00787402 -0.566929 
vn 0.496063 0.393701 -0.779528 
vn 0.496063 0.393701 -0.779528 
vn 0.622047 0.377953 -0.685039 
vn 0.622047 0.377953 -0.685039 
vn -0.818898 -0.023622 0.566929 
vn -0.818898 -0.023622 0.566929 
vn -0.818898 -0.023622 0.566929 
vn -0.535433 -0.314961 0.779528 
vn -0.535433 -0.314961 0.779528 
vn -0.622047 -0.377953 0.685039 
vn -0.622047 -0.377953 0.685039 
vn -0.818898 -0.023622 0.566929 
vn -0.818898 -0.023622 0.566929 
vn -0.818898 -0.023622 0.566929 
vn -0.535433 -0.314961 0.779528 
vn -0.535433 -0.314961 0.779528 
vn -0.622047 -0.377953 0.685039 
vn -0.622047 -0.377953 0.685039 
vn -0.905512 0.0944882 0.417323 
vn -0.905512 0.0944882 0.417323 
vn -0.905512 0.0944882 0.417323 
vn -0.897638 -0.0787402 0.433071 
vn -0.897638 -0.0787402 0.433071 
vn -0.80315 -0.259843 0.535433 
vn -0.80315 -0.259843 0.535433 
vn 0.905512 -0.0866142 -0.417323 
vn 0.905512 -0.0866142 -0.417323 
vn 0.905512 -0.0866142 -0.417323 
vn 0.897638 0.0787402 -0.433071 
vn 0.897638 0.0787402 -0.433071 
vn 0.811024 0.251969 -0.535433 
vn 0.811024 0.251969 -0.535433 
vn -0.905512 0.0944882 0.417323 
vn -0.905512 0.0944882 0.417323 
vn -0.905512 0.0944882 0.417323 
vn -0.897638 -0.0787402 0.433071 
vn -0.897638 -0.0787402 0.433071 
vn -0.80315 -0.259843 0.535433 
vn -0.80315 -0.259843 0.535433 
vn -0.826772 -0.125984 0.551181 
vn -0.826772 -0.125984 0.551181 
vn -0.826772 -0.125984 0.551181 
vn -0.740157 -0.440945 0.503937 
vn -0.740157 -0.440945 0.503937 
vn -0.488189 -0.748031 0.456693 
vn -0.488189 -0.748031 0.456693 
vn 0.826772 0.141732 -0.551181 
vn 0.826772 0.141732 -0.551181 
vn 0.826772 0.141732 -0.551181 
vn 0.740157 0.440945 -0.511811 
vn 0.740157 0.440945 -0.511811 
vn 0.503937 0.724409 -0.464567 
vn 0.503937 0.724409 -0.464567 
vn -0.826772 -0.125984 0.551181 
vn -0.826772 -0.125984 0.551181 
vn -0.826772 -0.125984 0.551181 
vn -0.740157 -0.440945 0.503937 
vn -0.740157 -0.440945 0.503937 
vn -0.488189 -0.748031 0.456693 
vn -0.488189 -0.748031 0.456693 
vn 0.858268 -0.015748 -0.511811 
vn 0.858268 -0.015748 -0.511811 
vn 0.858268 -0.015748 -0.511811 
vn 0.779528 -0.346457 -0.519685 
vn 0.779528 -0.346457 -0.519685 
vn 0.535433 -0.653543 -0.535433 
vn 0.535433 -0.653543 -0.535433 
vn -0.858268 0.0314961 0.503937 
vn -0.858268 0.0314961 0.503937 
vn -0.858268 0.0314961 0.503937 
vn -0.787402 0.338583 0.519685 
vn -0.787402 0.338583 0.519685 
vn -0.559055 0.629921 0.535433 
vn -0.559055 0.629921 0.535433 
vn 0.858268 -0.015748 -0.511811 
vn 0.858268 -0.015748 -0.511811 
vn 0.858268 -0.015748 -0.511811 
vn 0.779528 -0.346457 -0.519685 
vn 0.779528 -0.346457 -0.519685 
vn 0.535433 -0.653543 -0.535433 
vn 0.535433 -0.653543 -0.535433 
vn 0.377953 0.023622 -0.929134 
vn 0.377953 0.023622 -0.929134 
vn 0.377953 0.023622 -0.929134 
vn 0.307087 -0.299213 -0.905512 
vn 0.307087 -0.299213 -0.905512 
vn 0.102362 -0.614173 -0.779528 
vn 0.102362 -0.614173 -0.779528 
vn -0.377953 -0.00787402 0.929134 
vn -0.377953 -0.00787402 0.929134 
vn -0.377953 -0.00787402 0.929134 
vn -0.307087 0.299213 0.905512 
vn -0.307087 0.299213 0.905512 
vn -0.110236 0.598425 0.795276 
vn -0.110236 0.598425 0.795276 
vn 0.377953 0.023622 -0.929134 
vn 0.377953 0.023622 -0.929134 
vn 0.377953 0.023622 -0.929134 
vn 0.307087 -0.299213 -0.905512 
vn 0.307087 -0.299213 -0.905512 
vn 0.102362 -0.614173 -0.779528 
vn 0.102362 -0.614173 -0.779528 
vn -0.346457 -0.165354 -0.92126 
vn -0.346457 -0.165354 -0.92126 
vn -0.346457 -0.165354 -0.92126 
vn -0.220472 -0.472441 -0.858268 
vn -0.220472 -0.472441 -0.858268 
vn -0.11811 -0.771654 -0.622047 
vn -0.11811 -0.771654 -0.622047 
vn 0.338583 0.181102 0.92126 
vn 0.338583 0.181102 0.92126 
vn 0.338583 0.181102 0.92126 
vn 0.220472 0.464567 0.858268 
vn 0.220472 0.464567 0.858268 
vn 0.133858 0.755906 0.637795 
vn 0.133858 0.755906 0.637795 
vn -0.346457 -0.165354 -0.92126 
vn -0.346457 -0.165354 -0.92126 
vn -0.346457 -0.165354 -0.92126 
vn -0.220472 -0.472441 -0.858268 
vn -0.220472 -0.472441 -0.858268 
vn -0.11811 -0.771654 -0.622047 
vn -0.11811 -0.771654 -0.622047 
vn -0.889764 -0.125984 -0.433071 
vn -0.889764 -0.125984 -0.433071 
vn -0.889764 -0.125984 -0.433071 
vn -0.811024 -0.440945 -0.385827 
vn -0.811024 -0.440945 -0.385827 
vn -0.637795 -0.748031 -0.188976 
vn -0.637795 -0.748031 -0.188976 
vn 0.889764 0.141732 0.433071 
vn 0.889764 0.141732 0.433071 
vn 0.889764 0.141732 0.433071 
vn 0.811024 0.440945 0.385827 
vn 0.811024 0.440945 0.385827 
vn 0.653543 0.724409 0.19685 
vn 0.653543 0.724409 0.19685 
vn -0.889764 -0.125984 -0.433071 
vn -0.889764 -0.125984 -0.433071 
vn -0.889764 -0.125984 -0.433071 
vn -0.811024 -0.440945 -0.385827 
vn -0.811024 -0.440945 -0.385827 
vn -0.637795 -0.748031 -0.188976 
vn -0.637795 -0.748031 -0.188976 
vn -1 0.015748 0.015748 
vn -1 0.015748 0.015748 
vn -1 0.015748 0.015748 
vn -0.992126 -0.0787402 0.0472441 
vn -0.992126 -0.0787402 0.0472441 
vn -0.944882 -0.283465 0.188976 
vn -0.944882 -0.283465 0.188976 
vn 1 -0.015748 -0.015748 
vn 1 -0.015748 -0.015748 
vn 1 -0.015748 -0.015748 
vn 0.992126 0.0944882 -0.0551181 
vn 0.992126 0.0944882 -0.0551181 
vn 0.944882 0.275591 -0.181102 
vn 0.944882 0.275591 -0.181102 
vn -1 0.015748 0.015748 
vn -1 0.015748 0.015748 
vn -1 0.015748 0.015748 
vn -0.992126 -0.0787402 0.0472441 
vn -0.992126 -0.0787402 0.0472441 
vn -0.944882 -0.283465 0.188976 
vn -0.944882 -0.283465 0.188976 

vt 0.504869 0.44703 
vt 0.617752 0.421848 
vt 0.607367 0.39651 
vt 0.58611 0.376014 
vt 0.559666 0.363007 
vt 0.531038 0.357165 
vt 0.504869 0.359181 
vt 0.504869 0.531117 
vt 0.539011 0.521858 
vt 0.572795 0.50256 
vt 0.601217 0.475329 
vt 0.615976 0.448295 
vt 0.647777 0.413752 
vt 0.630877 0.381144 
vt 0.60218 0.357253 
vt 0.569287 0.342567 
vt 0.534421 0.336372 
vt 0.504869 0.337673 
vt 0.504869 0.545315 
vt 0.548272 0.536094 
vt 0.593808 0.516857 
vt 0.629635 0.484172 
vt 0.646414 0.446992 
vt 0.666904 0.402363 
vt 0.651245 0.368547 
vt 0.616174 0.340872 
vt 0.577343 0.324291 
vt 0.53709 0.317782 
vt 0.504869 0.319327 
vt 0.504869 0.556489 
vt 0.556717 0.546989 
vt 0.613789 0.52859 
vt 0.647034 0.484228 
vt 0.663889 0.436378 
vt 0.682049 0.390507 
vt 0.667014 0.354561 
vt 0.629571 0.325741 
vt 0.584788 0.306223 
vt 0.539449 0.299396 
vt 0.504869 0.301234 
vt 0.504869 0.568506 
vt 0.566094 0.557012 
vt 0.627569 0.536828 
vt 0.662085 0.481785 
vt 0.680491 0.429438 
vt 0.697999 0.375346 
vt 0.680233 0.337315 
vt 0.642205 0.309386 
vt 0.591729 0.289386 
vt 0.541681 0.280571 
vt 0.504869 0.282767 
vt 0.504869 0.581319 
vt 0.576246 0.568178 
vt 0.63767 0.542136 
vt 0.678567 0.479101 
vt 0.698798 0.426011 
vt 0.720525 0.352581 
vt 0.693324 0.313495 
vt 0.65593 0.288839 
vt 0.59918 0.268635 
vt 0.543795 0.257921 
vt 0.504869 0.260558 
vt 0.504869 0.598464 
vt 0.586478 0.583393 
vt 0.653804 0.548033 
vt 0.701351 0.476189 
vt 0.723612 0.421083 
vt 0.756502 0.168271 
vt 0.710954 0.131419 
vt 0.666698 0.104297 
vt 0.605257 0.082899 
vt 0.549246 0.072504 
vt 0.504869 0.074038 
vt 0.749894 0.141498 
vt 0.703307 0.105791 
vt 0.656317 0.07712 
vt 0.598935 0.055246 
vt 0.543363 0.046227 
vt 0.504869 0.047717 
vt 0.71973 0.09864 
vt 0.675126 0.066697 
vt 0.626104 0.041658 
vt 0.587632 0.025972 
vt 0.536051 0.020377 
vt 0.504869 0.022317 
vt 0.497177 0.422474 
vt 0.426676 0.390181 
vt 0.420077 0.417035 
vt 0.444713 0.370537 
vt 0.467751 0.361911 
vt 0.490972 0.35683 
vt 0.497177 0.357453 
vt 0.470072 0.499409 
vt 0.497177 0.499231 
vt 0.44877 0.488219 
vt 0.432406 0.469058 
vt 0.422603 0.444292 
vt 0.399725 0.383236 
vt 0.388465 0.418497 
vt 0.423653 0.354596 
vt 0.452654 0.343337 
vt 0.482674 0.337361 
vt 0.497177 0.336154 
vt 0.465576 0.520123 
vt 0.497177 0.523014 
vt 0.43565 0.507712 
vt 0.412 0.485306 
vt 0.392683 0.454905 
vt 0.374344 0.377201 
vt 0.358631 0.423163 
vt 0.402966 0.340428 
vt 0.438361 0.324822 
vt 0.475015 0.318219 
vt 0.497177 0.314899 
vt 0.46197 0.53507 
vt 0.497177 0.538463 
vt 0.423416 0.521105 
vt 0.384573 0.494069 
vt 0.36079 0.459988 
vt 0.351111 0.371324 
vt 0.329405 0.421185 
vt 0.385038 0.32766 
vt 0.423918 0.306763 
vt 0.467458 0.298983 
vt 0.497177 0.293506 
vt 0.457551 0.550286 
vt 0.497177 0.552448 
vt 0.407997 0.53557 
vt 0.36485 0.49948 
vt 0.338049 0.459831 
vt 0.326137 0.363344 
vt 0.307467 0.413829 
vt 0.368072 0.313297 
vt 0.410761 0.288458 
vt 0.45981 0.278402 
vt 0.497177 0.271608 
vt 0.447752 0.566128 
vt 0.497177 0.566842 
vt 0.398054 0.549576 
vt 0.353109 0.506101 
vt 0.318239 0.457506 
vt 0.304776 0.349356 
vt 0.282766 0.400562 
vt 0.351091 0.296981 
vt 0.398983 0.269481 
vt 0.451858 0.255487 
vt 0.497177 0.24301 
vt 0.441306 0.582562 
vt 0.497177 0.583668 
vt 0.390697 0.562847 
vt 0.341038 0.513673 
vt 0.298173 0.45573 
vt 0.294961 0.154092 
vt 0.253785 0.223699 
vt 0.336979 0.112881 
vt 0.380398 0.092863 
vt 0.446459 0.082118 
vt 0.497177 0.074759 
vt 0.290313 0.129396 
vt 0.250738 0.199703 
vt 0.335529 0.090954 
vt 0.387522 0.070841 
vt 0.455998 0.061023 
vt 0.497177 0.058412 
vt 0.286092 0.109587 
vt 0.261098 0.15993 
vt 0.33901 0.063701 
vt 0.389292 0.05242 
vt 0.461157 0.04484 
vt 0.497177 0.043968 
vt 0.439 0.603166 
vt 0.497177 0.601582 
vt 0.380602 0.576388 
vt 0.323922 0.517332 
vt 0.278103 0.456002 
vt 0.266223 0.403379 
vt 0.235916 0.236252 
vt 0.232904 0.203056 
vt 0.2789 0.081105 
vt 0.248647 0.131621 
vt 0.338005 0.041633 
vt 0.387258 0.029595 
vt 0.456656 0.020558 
vt 0.497177 0.01617 
vt 0.607367 0.39651 
vt 0.617752 0.421848 
vt 0.58611 0.376014 
vt 0.559666 0.363007 
vt 0.531038 0.357165 
vt 0.539011 0.521858 
vt 0.572795 0.50256 
vt 0.601217 0.475329 
vt 0.615976 0.448295 
vt 0.630877 0.381144 
vt 0.647777 0.413752 
vt 0.60218 0.357253 
vt 0.569287 0.342567 
vt 0.534421 0.336372 
vt 0.548272 0.536094 
vt 0.593808 0.516857 
vt 0.629635 0.484172 
vt 0.646414 0.446992 
vt 0.651245 0.368547 
vt 0.666904 0.402363 
vt 0.616174 0.340872 
vt 0.577343 0.324291 
vt 0.53709 0.317782 
vt 0.556717 0.546989 
vt 0.613789 0.52859 
vt 0.647034 0.484228 
vt 0.663889 0.436378 
vt 0.667014 0.354561 
vt 0.682049 0.390507 
vt 0.629571 0.325741 
vt 0.584788 0.306223 
vt 0.539449 0.299396 
vt 0.566094 0.557012 
vt 0.627569 0.536828 
vt 0.662085 0.481785 
vt 0.680491 0.429438 
vt 0.680233 0.337315 
vt 0.697999 0.375346 
vt 0.642205 0.309386 
vt 0.591729 0.289386 
vt 0.541681 0.280571 
vt 0.576246 0.568178 
vt 0.63767 0.542136 
vt 0.678567 0.479101 
vt 0.698798 0.426011 
vt 0.693324 0.313495 
vt 0.720525 0.352581 
vt 0.65593 0.288839 
vt 0.59918 0.268635 
vt 0.543795 0.257921 
vt 0.586478 0.583393 
vt 0.653804 0.548033 
vt 0.701351 0.476189 
vt 0.723612 0.421083 
vt 0.710954 0.131419 
vt 0.756502 0.168271 
vt 0.666698 0.104297 
vt 0.605257 0.082899 
vt 0.549246 0.072504 
vt 0.703307 0.105791 
vt 0.749894 0.141498 
vt 0.656317 0.07712 
vt 0.598935 0.055246 
vt 0.543363 0.046227 
vt 0.675126 0.066697 
vt 0.71973 0.09864 
vt 0.626104 0.041658 
vt 0.587632 0.025972 
vt 0.536051 0.020377 
vt 0.420077 0.417035 
vt 0.426676 0.390181 
vt 0.444713 0.370537 
vt 0.467751 0.361911 
vt 0.490972 0.35683 
vt 0.470072 0.499409 
vt 0.44877 0.488219 
vt 0.432406 0.469058 
vt 0.422603 0.444292 
vt 0.388465 0.418497 
vt 0.399725 0.383236 
vt 0.423653 0.354596 
vt 0.452654 0.343337 
vt 0.482674 0.337361 
vt 0.465576 0.520123 
vt 0.43565 0.507712 
vt 0.412 0.485306 
vt 0.392683 0.454905 
vt 0.358631 0.423163 
vt 0.374344 0.377201 
vt 0.402966 0.340428 
vt 0.438361 0.324822 
vt 0.475015 0.318219 
vt 0.46197 0.53507 
vt 0.423416 0.521105 
vt 0.384573 0.494069 
vt 0.36079 0.459988 
vt 0.329405 0.421185 
vt 0.351111 0.371324 
vt 0.385038 0.32766 
vt 0.423918 0.306763 
vt 0.467458 0.298983 
vt 0.457551 0.550286 
vt 0.407997 0.53557 
vt 0.36485 0.49948 
vt 0.338049 0.459831 
vt 0.307467 0.413829 
vt 0.326137 0.363344 
vt 0.368072 0.313297 
vt 0.410761 0.288458 
vt 0.45981 0.278402 
vt 0.447752 0.566128 
vt 0.398054 0.549576 
vt 0.353109 0.506101 
vt 0.318239 0.457506 
vt 0.282766 0.400562 
vt 0.304776 0.349356 
vt 0.351091 0.296981 
vt 0.398983 0.269481 
vt 0.451858 0.255487 
vt 0.441306 0.582562 
vt 0.390697 0.562847 
vt 0.341038 0.513673 
vt 0.298173 0.45573 
vt 0.253785 0.223699 
vt 0.294961 0.154092 
vt 0.336979 0.112881 
vt 0.380398 0.092863 
vt 0.446459 0.082118 
vt 0.250738 0.199703 
vt 0.290313 0.129396 
vt 0.335529 0.090954 
vt 0.387522 0.070841 
vt 0.455998 0.061023 
vt 0.261098 0.15993 
vt 0.286092 0.109587 
vt 0.33901 0.063701 
vt 0.389292 0.05242 
vt 0.461157 0.04484 
vt 0.439 0.603166 
vt 0.380602 0.576388 
vt 0.323922 0.517332 
vt 0.278103 0.456002 
vt 0.266223 0.403379 
vt 0.235916 0.236252 
vt 0.232904 0.203056 
vt 0.248647 0.131621 
vt 0.2789 0.081105 
vt 0.338005 0.041633 
vt 0.387258 0.029595 
vt 0.456656 0.020558 
vt 0.294709 0.50272 
vt 0.082598 0.138751 
vt 0.008911 0.556495 
vt 0.017067 0.75389 
vt 0.329901 0.708724 
vt 0.022141 0.989629 
vt 0.32296 0.928897 
vt 0.905831 0.592663 
vt 0.728428 0.578668 
vt 0.831323 0.272733 
vt 0.917137 0.772988 
vt 0.679292 0.786051 
vt 0.892962 0.90186 
vt 0.672972 0.932003 
vt 0.839316 0.159562 
vt 0.960873 0.609161 
vt 0.669165 0.585347 
vt 0.614771 0.791332 
vt 0.982619 0.775316 
vt 0.613032 0.985564 
vt 0.953717 0.933866 
vt 0.294709 0.50272 
vt 0.082598 0.138751 
vt 0.008911 0.556495 
vt 0.017067 0.75389 
vt 0.329901 0.708724 
vt 0.022141 0.989629 
vt 0.32296 0.928897 
vt 0.905831 0.592663 
vt 0.728428 0.578668 
vt 0.831323 0.272733 
vt 0.917137 0.772988 
vt 0.679292 0.786051 
vt 0.892962 0.90186 
vt 0.672972 0.932003 
vt 0.839316 0.159562 
vt 0.960873 0.609161 
vt 0.669165 0.585347 
vt 0.614771 0.791332 
vt 0.982619 0.775316 
vt 0.613032 0.985564 
vt 0.953717 0.933866 
vt 0.294709 0.50272 
vt 0.082598 0.138751 
vt 0.008911 0.556495 
vt 0.017067 0.75389 
vt 0.329901 0.708724 
vt 0.022141 0.989629 
vt 0.32296 0.928897 
vt 0.905831 0.592663 
vt 0.728428 0.578668 
vt 0.831323 0.272733 
vt 0.917137 0.772988 
vt 0.679292 0.786051 
vt 0.892962 0.90186 
vt 0.672972 0.932003 
vt 0.839316 0.159562 
vt 0.960873 0.609161 
vt 0.669165 0.585347 
vt 0.614771 0.791332 
vt 0.982619 0.775316 
vt 0.613032 0.985564 
vt 0.953717 0.933866 
vt 0.294709 0.50272 
vt 0.082598 0.138751 
vt 0.008911 0.556495 
vt 0.017067 0.753889 
vt 0.329901 0.708724 
vt 0.022141 0.989629 
vt 0.32296 0.928897 
vt 0.905831 0.592663 
vt 0.728428 0.578668 
vt 0.831323 0.272734 
vt 0.917138 0.772988 
vt 0.679292 0.786051 
vt 0.892962 0.90186 
vt 0.672972 0.932003 
vt 0.839316 0.159562 
vt 0.960873 0.609161 
vt 0.669165 0.585347 
vt 0.614771 0.791332 
vt 0.982619 0.775316 
vt 0.613032 0.985564 
vt 0.953717 0.933866 
vt 0.294709 0.50272 
vt 0.082598 0.138751 
vt 0.008911 0.556495 
vt 0.017067 0.753889 
vt 0.329901 0.708724 
vt 0.022141 0.989628 
vt 0.32296 0.928897 
vt 0.905831 0.592663 
vt 0.728428 0.578668 
vt 0.831323 0.272733 
vt 0.917137 0.772988 
vt 0.679292 0.786051 
vt 0.892962 0.90186 
vt 0.672972 0.932003 
vt 0.839316 0.159562 
vt 0.960873 0.609161 
vt 0.669165 0.585347 
vt 0.614771 0.791332 
vt 0.982619 0.775316 
vt 0.613032 0.985564 
vt 0.953717 0.933867 
vt 0.294709 0.50272 
vt 0.082598 0.138751 
vt 0.008911 0.556495 
vt 0.017067 0.753889 
vt 0.329901 0.708724 
vt 0.022141 0.989628 
vt 0.32296 0.928897 
vt 0.905831 0.592663 
vt 0.728428 0.578668 
vt 0.831323 0.272734 
vt 0.917138 0.772988 
vt 0.679292 0.786051 
vt 0.892962 0.90186 
vt 0.672972 0.932003 
vt 0.839316 0.159562 
vt 0.960873 0.609161 
vt 0.669165 0.585347 
vt 0.614771 0.791332 
vt 0.982619 0.775316 
vt 0.613032 0.985564 
vt 0.953717 0.933866 
vt 0.294709 0.50272 
vt 0.082598 0.138751 
vt 0.008911 0.556495 
vt 0.017067 0.753889 
vt 0.329901 0.708724 
vt 0.022141 0.989628 
vt 0.32296 0.928897 
vt 0.905831 0.592663 
vt 0.728428 0.578668 
vt 0.831323 0.272733 
vt 0.917137 0.772988 
vt 0.679292 0.786051 
vt 0.892962 0.90186 
vt 0.672972 0.932003 
vt 0.839316 0.159562 
vt 0.960873 0.609161 
vt 0.669165 0.585347 
vt 0.614771 0.791332 
vt 0.982619 0.775316 
vt 0.613032 0.985564 
vt 0.953717 0.933866 
vt 0.294709 0.50272 
vt 0.082598 0.138751 
vt 0.008911 0.556495 
vt 0.017067 0.753889 
vt 0.329901 0.708724 
vt 0.022141 0.989628 
vt 0.32296 0.928897 
vt 0.905831 0.592663 
vt 0.728428 0.578668 
vt 0.831323 0.272734 
vt 0.917138 0.772988 
vt 0.679292 0.786051 
vt 0.892962 0.90186 
vt 0.672972 0.932003 
vt 0.839316 0.159562 
vt 0.960873 0.609161 
vt 0.669165 0.585347 
vt 0.614771 0.791332 
vt 0.982619 0.775316 
vt 0.613032 0.985564 
vt 0.953717 0.933866 
vt 0.294709 0.50272 
vt 0.082598 0.138751 
vt 0.008911 0.556495 
vt 0.017067 0.753889 
vt 0.329901 0.708724 
vt 0.022141 0.989628 
vt 0.32296 0.928897 
vt 0.905831 0.592663 
vt 0.728428 0.578668 
vt 0.831323 0.272733 
vt 0.917137 0.772988 
vt 0.679292 0.786051 
vt 0.892962 0.90186 
vt 0.672972 0.932003 
vt 0.839316 0.159562 
vt 0.960873 0.609161 
vt 0.669165 0.585347 
vt 0.614771 0.791332 
vt 0.982619 0.775316 
vt 0.613032 0.985564 
vt 0.953717 0.933866 
vt 0.008911 0.556495 
vt 0.082598 0.138751 
vt 0.294709 0.50272 
vt 0.329901 0.708724 
vt 0.017068 0.753889 
vt 0.32296 0.928897 
vt 0.022141 0.989629 
vt 0.905831 0.592663 
vt 0.728428 0.578668 
vt 0.831323 0.272733 
vt 0.917138 0.772988 
vt 0.679292 0.786051 
vt 0.892962 0.90186 
vt 0.672972 0.932003 
vt 0.839316 0.159562 
vt 0.960873 0.609161 
vt 0.669165 0.585347 
vt 0.614771 0.791332 
vt 0.982619 0.775316 
vt 0.613032 0.985564 
vt 0.953717 0.933866 
vt 0.008911 0.556495 
vt 0.082598 0.138751 
vt 0.294709 0.50272 
vt 0.329901 0.708724 
vt 0.017068 0.753889 
vt 0.32296 0.928897 
vt 0.022141 0.989629 
vt 0.905831 0.592663 
vt 0.728428 0.578668 
vt 0.831323 0.272733 
vt 0.917138 0.772988 
vt 0.679292 0.786051 
vt 0.892962 0.90186 
vt 0.672972 0.932003 
vt 0.839316 0.159562 
vt 0.960873 0.609161 
vt 0.669165 0.585347 
vt 0.614771 0.791332 
vt 0.982619 0.775316 
vt 0.613032 0.985564 
vt 0.953717 0.933866 
vt 0.008911 0.556495 
vt 0.082598 0.138751 
vt 0.294709 0.50272 
vt 0.329901 0.708724 
vt 0.017068 0.753889 
vt 0.32296 0.928897 
vt 0.022141 0.989629 
vt 0.905831 0.592663 
vt 0.728428 0.578668 
vt 0.831323 0.272734 
vt 0.917138 0.772988 
vt 0.679292 0.786051 
vt 0.892962 0.90186 
vt 0.672972 0.932003 
vt 0.839316 0.159562 
vt 0.960873 0.609161 
vt 0.669165 0.585347 
vt 0.614771 0.791332 
vt 0.982619 0.775316 
vt 0.613032 0.985564 
vt 0.953717 0.933866 
vt 0.008911 0.556495 
vt 0.082598 0.138751 
vt 0.294709 0.50272 
vt 0.329901 0.708724 
vt 0.017068 0.753889 
vt 0.32296 0.928897 
vt 0.022141 0.989629 
vt 0.905831 0.592663 
vt 0.728428 0.578668 
vt 0.831323 0.272733 
vt 0.917138 0.772988 
vt 0.679292 0.786051 
vt 0.892962 0.90186 
vt 0.672972 0.932003 
vt 0.839316 0.159562 
vt 0.960873 0.609161 
vt 0.669165 0.585347 
vt 0.614771 0.791332 
vt 0.982619 0.775316 
vt 0.613032 0.985564 
vt 0.953717 0.933866 
vt 0.008911 0.556495 
vt 0.082598 0.138751 
vt 0.294709 0.50272 
vt 0.329901 0.708724 
vt 0.017068 0.753889 
vt 0.32296 0.928897 
vt 0.022141 0.989629 
vt 0.905831 0.592663 
vt 0.728428 0.578668 
vt 0.831323 0.272733 
vt 0.917138 0.772988 
vt 0.679292 0.786051 
vt 0.892962 0.90186 
vt 0.672972 0.932003 
vt 0.839316 0.159562 
vt 0.960873 0.609161 
vt 0.669165 0.585347 
vt 0.614771 0.791332 
vt 0.982619 0.775316 
vt 0.613032 0.985564 
vt 0.953717 0.933866 
vt 0.008911 0.556495 
vt 0.082598 0.138751 
vt 0.294709 0.50272 
vt 0.329901 0.708724 
vt 0.017068 0.753889 
vt 0.32296 0.928897 
vt 0.022141 0.989629 
vt 0.905831 0.592663 
vt 0.728428 0.578668 
vt 0.831323 0.272733 
vt 0.917138 0.772988 
vt 0.679292 0.786051 
vt 0.892962 0.90186 
vt 0.672972 0.932003 
vt 0.839316 0.159562 
vt 0.960873 0.609161 
vt 0.669165 0.585347 
vt 0.614771 0.791332 
vt 0.982619 0.775316 
vt 0.613032 0.985564 
vt 0.953717 0.933866 
vt 0.008911 0.556495 
vt 0.082598 0.138751 
vt 0.294709 0.50272 
vt 0.329901 0.708724 
vt 0.017068 0.753889 
vt 0.32296 0.928897 
vt 0.022141 0.989629 
vt 0.905831 0.592663 
vt 0.728428 0.578668 
vt 0.831323 0.272733 
vt 0.917138 0.772988 
vt 0.679292 0.786051 
vt 0.892962 0.90186 
vt 0.672972 0.932003 
vt 0.839316 0.159562 
vt 0.960873 0.609161 
vt 0.669165 0.585347 
vt 0.614771 0.791332 
vt 0.982619 0.775316 
vt 0.613032 0.985564 
vt 0.953717 0.933866 
vt 0.728428 0.578668 
vt 0.831323 0.272733 
vt 0.905831 0.592663 
vt 0.917138 0.772988 
vt 0.679292 0.786051 
vt 0.892962 0.90186 
vt 0.672972 0.932003 
vt 0.294709 0.50272 
vt 0.008911 0.556495 
vt 0.082598 0.138751 
vt 0.329901 0.708724 
vt 0.017067 0.753889 
vt 0.32296 0.928897 
vt 0.022141 0.989628 
vt 0.839316 0.159562 
vt 0.669165 0.585347 
vt 0.960873 0.609161 
vt 0.982619 0.775316 
vt 0.614771 0.791332 
vt 0.953717 0.933866 
vt 0.613032 0.985564 
vt 0.728428 0.578668 
vt 0.831323 0.272733 
vt 0.905831 0.592663 
vt 0.917138 0.772988 
vt 0.679292 0.786051 
vt 0.892962 0.90186 
vt 0.672972 0.932003 
vt 0.294709 0.50272 
vt 0.008911 0.556495 
vt 0.082598 0.138751 
vt 0.329901 0.708724 
vt 0.017067 0.753889 
vt 0.32296 0.928897 
vt 0.022141 0.989628 
vt 0.839316 0.159562 
vt 0.669165 0.585347 
vt 0.960873 0.609161 
vt 0.982619 0.775316 
vt 0.614771 0.791332 
vt 0.953717 0.933866 
vt 0.613032 0.985564 
vt 0.728428 0.578668 
vt 0.831323 0.272733 
vt 0.905831 0.592663 
vt 0.917138 0.772988 
vt 0.679292 0.786051 
vt 0.892962 0.90186 
vt 0.672972 0.932003 
vt 0.294709 0.50272 
vt 0.008911 0.556495 
vt 0.082598 0.138751 
vt 0.329901 0.708724 
vt 0.017067 0.753889 
vt 0.32296 0.928897 
vt 0.022141 0.989628 
vt 0.839316 0.159562 
vt 0.669165 0.585347 
vt 0.960873 0.609161 
vt 0.982619 0.775316 
vt 0.614771 0.791332 
vt 0.953717 0.933866 
vt 0.613032 0.985564 
vt 0.294709 0.50272 
vt 0.082598 0.138751 
vt 0.008911 0.556495 
vt 0.017067 0.753889 
vt 0.329901 0.708724 
vt 0.022141 0.989628 
vt 0.32296 0.928897 
vt 0.905831 0.592663 
vt 0.728428 0.578668 
vt 0.831323 0.272733 
vt 0.917138 0.772988 
vt 0.679292 0.786051 
vt 0.892962 0.90186 
vt 0.672972 0.932003 
vt 0.839316 0.159562 
vt 0.960873 0.609161 
vt 0.669165 0.585347 
vt 0.614771 0.791332 
vt 0.982619 0.775316 
vt 0.613032 0.985564 
vt 0.953717 0.933866 
vt 0.728428 0.578668 
vt 0.831323 0.272733 
vt 0.905831 0.592663 
vt 0.917138 0.772988 
vt 0.679292 0.786051 
vt 0.892962 0.90186 
vt 0.672972 0.932003 
vt 0.294709 0.50272 
vt 0.008911 0.556495 
vt 0.082598 0.138751 
vt 0.329901 0.708724 
vt 0.017067 0.753889 
vt 0.32296 0.928897 
vt 0.022141 0.989628 
vt 0.839316 0.159562 
vt 0.669165 0.585347 
vt 0.960873 0.609161 
vt 0.982619 0.775316 
vt 0.614771 0.791332 
vt 0.953717 0.933866 
vt 0.613032 0.985564 
vt 0.728428 0.578668 
vt 0.831323 0.272733 
vt 0.905831 0.592663 
vt 0.917138 0.772988 
vt 0.679292 0.786051 
vt 0.892962 0.90186 
vt 0.672972 0.932003 
vt 0.294709 0.50272 
vt 0.008911 0.556495 
vt 0.082598 0.138751 
vt 0.329901 0.708724 
vt 0.017067 0.753889 
vt 0.32296 0.928897 
vt 0.022141 0.989628 
vt 0.669165 0.585347 
vt 0.839316 0.159562 
vt 0.960873 0.609161 
vt 0.982619 0.775316 
vt 0.614771 0.791332 
vt 0.953717 0.933866 
vt 0.613032 0.985564 
vt 0.294709 0.50272 
vt 0.082598 0.138751 
vt 0.008911 0.556495 
vt 0.017067 0.753889 
vt 0.329901 0.708724 
vt 0.022141 0.989628 
vt 0.32296 0.928897 
vt 0.905831 0.592663 
vt 0.728428 0.578668 
vt 0.831323 0.272733 
vt 0.917138 0.772988 
vt 0.679292 0.786051 
vt 0.892962 0.90186 
vt 0.672972 0.932003 
vt 0.839316 0.159562 
vt 0.960873 0.609161 
vt 0.669165 0.585347 
vt 0.614771 0.791332 
vt 0.982619 0.775316 
vt 0.613032 0.985564 
vt 0.953717 0.933866 
vt 0.008911 0.556495 
vt 0.082598 0.138751 
vt 0.294709 0.50272 
vt 0.329901 0.708724 
vt 0.017068 0.753889 
vt 0.32296 0.928897 
vt 0.022141 0.989629 
vt 0.905831 0.592663 
vt 0.728428 0.578668 
vt 0.831323 0.272733 
vt 0.917138 0.772988 
vt 0.679292 0.786051 
vt 0.892962 0.90186 
vt 0.672972 0.932003 
vt 0.839316 0.159562 
vt 0.960873 0.609161 
vt 0.669165 0.585347 
vt 0.614771 0.791332 
vt 0.982619 0.775316 
vt 0.613032 0.985564 
vt 0.953717 0.933866 
vt 0.008911 0.556494 
vt 0.082598 0.138751 
vt 0.294709 0.50272 
vt 0.329901 0.708724 
vt 0.017067 0.753889 
vt 0.32296 0.928897 
vt 0.022141 0.989628 
vt 0.905831 0.592663 
vt 0.728428 0.578668 
vt 0.831323 0.272733 
vt 0.917138 0.772988 
vt 0.679292 0.786051 
vt 0.892962 0.90186 
vt 0.672972 0.932003 
vt 0.839316 0.159562 
vt 0.960873 0.609161 
vt 0.669165 0.585347 
vt 0.614771 0.791332 
vt 0.982619 0.775316 
vt 0.613032 0.985564 
vt 0.953717 0.933866 
vt 0.008911 0.556495 
vt 0.082598 0.138751 
vt 0.294709 0.50272 
vt 0.329901 0.708724 
vt 0.017068 0.753889 
vt 0.32296 0.928897 
vt 0.022141 0.989629 
vt 0.905831 0.592663 
vt 0.728428 0.578668 
vt 0.831323 0.272733 
vt 0.917138 0.772988 
vt 0.679292 0.786051 
vt 0.892962 0.90186 
vt 0.672972 0.932003 
vt 0.839316 0.159562 
vt 0.960873 0.609161 
vt 0.669165 0.585347 
vt 0.614771 0.791332 
vt 0.982619 0.775316 
vt 0.613032 0.985564 
vt 0.953717 0.933866 
vt 0.008911 0.556494 
vt 0.082598 0.138751 
vt 0.294709 0.50272 
vt 0.329901 0.708724 
vt 0.017067 0.753889 
vt 0.32296 0.928897 
vt 0.022141 0.989629 
vt 0.905831 0.592663 
vt 0.728428 0.578668 
vt 0.831323 0.272733 
vt 0.917138 0.772988 
vt 0.679292 0.786051 
vt 0.892962 0.90186 
vt 0.672972 0.932003 
vt 0.839316 0.159562 
vt 0.960873 0.609161 
vt 0.669165 0.585347 
vt 0.614771 0.791332 
vt 0.982619 0.775316 
vt 0.613032 0.985564 
vt 0.953717 0.933866 
vt 0.008911 0.556495 
vt 0.082598 0.138751 
vt 0.294709 0.50272 
vt 0.329901 0.708724 
vt 0.017068 0.753889 
vt 0.32296 0.928897 
vt 0.022141 0.989629 
vt 0.905831 0.592663 
vt 0.728428 0.578668 
vt 0.831323 0.272733 
vt 0.917138 0.772988 
vt 0.679292 0.786051 
vt 0.892962 0.90186 
vt 0.672972 0.932003 
vt 0.839316 0.159562 
vt 0.960873 0.609161 
vt 0.669165 0.585347 
vt 0.614771 0.791332 
vt 0.982619 0.775316 
vt 0.613032 0.985564 
vt 0.953717 0.933866 
vt 0.008911 0.556495 
vt 0.082598 0.138751 
vt 0.294709 0.50272 
vt 0.329901 0.708724 
vt 0.017068 0.753889 
vt 0.32296 0.928897 
vt 0.022141 0.989629 
vt 0.905831 0.592663 
vt 0.728428 0.578668 
vt 0.831323 0.272733 
vt 0.917138 0.772988 
vt 0.679292 0.786051 
vt 0.892962 0.90186 
vt 0.672972 0.932003 
vt 0.839316 0.159562 
vt 0.960873 0.609161 
vt 0.669165 0.585347 
vt 0.614771 0.791332 
vt 0.982619 0.775316 
vt 0.613032 0.985564 
vt 0.953717 0.933866 
vt 0.008911 0.556495 
vt 0.082598 0.138751 
vt 0.294709 0.50272 
vt 0.329901 0.708724 
vt 0.017067 0.753889 
vt 0.32296 0.928897 
vt 0.022141 0.989628 
vt 0.905831 0.592663 
vt 0.728428 0.578668 
vt 0.831323 0.272733 
vt 0.917138 0.772988 
vt 0.679292 0.786051 
vt 0.892962 0.90186 
vt 0.672972 0.932003 
vt 0.839316 0.159562 
vt 0.960873 0.609161 
vt 0.669165 0.585347 
vt 0.614771 0.791332 
vt 0.982619 0.775316 
vt 0.613032 0.985564 
vt 0.953717 0.933866 
vt 0.008911 0.556495 
vt 0.082598 0.138751 
vt 0.294709 0.50272 
vt 0.329901 0.708724 
vt 0.017068 0.753889 
vt 0.32296 0.928897 
vt 0.022141 0.989629 
vt 0.905831 0.592663 
vt 0.728428 0.578668 
vt 0.831323 0.272733 
vt 0.917138 0.772988 
vt 0.679292 0.786051 
vt 0.892962 0.90186 
vt 0.672972 0.932003 
vt 0.839316 0.159562 
vt 0.960873 0.609161 
vt 0.669165 0.585347 
vt 0.614771 0.791332 
vt 0.982619 0.775316 
vt 0.613032 0.985564 
vt 0.953717 0.933866 
vt 0.008911 0.556494 
vt 0.082598 0.138751 
vt 0.294709 0.50272 
vt 0.329901 0.708724 
vt 0.017068 0.753889 
vt 0.32296 0.928897 
vt 0.022141 0.989628 
vt 0.905831 0.592663 
vt 0.728428 0.578668 
vt 0.831323 0.272733 
vt 0.917138 0.772988 
vt 0.679292 0.786051 
vt 0.892962 0.90186 
vt 0.672972 0.932003 
vt 0.839316 0.159562 
vt 0.960873 0.609161 
vt 0.669165 0.585347 
vt 0.614771 0.791332 
vt 0.982619 0.775316 
vt 0.613032 0.985564 
vt 0.953717 0.933866 
vt 0.008911 0.556494 
vt 0.082598 0.138751 
vt 0.294709 0.50272 
vt 0.329901 0.708724 
vt 0.017067 0.753889 
vt 0.32296 0.928897 
vt 0.022141 0.989628 
vt 0.905831 0.592663 
vt 0.728428 0.578668 
vt 0.831323 0.272733 
vt 0.917138 0.772988 
vt 0.679292 0.786051 
vt 0.892962 0.90186 
vt 0.672972 0.932003 
vt 0.839316 0.159562 
vt 0.960873 0.609161 
vt 0.669165 0.585347 
vt 0.614771 0.791332 
vt 0.982619 0.775316 
vt 0.613032 0.985564 
vt 0.953717 0.933866 
vt 0.008911 0.556495 
vt 0.082598 0.138751 
vt 0.294709 0.50272 
vt 0.329901 0.708724 
vt 0.017068 0.753889 
vt 0.32296 0.928897 
vt 0.022141 0.989629 
vt 0.905831 0.592663 
vt 0.728428 0.578668 
vt 0.831323 0.272733 
vt 0.917138 0.772988 
vt 0.679292 0.786051 
vt 0.892962 0.90186 
vt 0.672972 0.932003 
vt 0.839316 0.159562 
vt 0.960873 0.609161 
vt 0.669165 0.585347 
vt 0.614771 0.791332 
vt 0.982619 0.775316 
vt 0.613032 0.985564 
vt 0.953717 0.933866 
vt 0.008911 0.556494 
vt 0.082598 0.138751 
vt 0.294709 0.50272 
vt 0.329901 0.708724 
vt 0.017068 0.753889 
vt 0.32296 0.928897 
vt 0.022141 0.989628 
vt 0.905831 0.592663 
vt 0.728428 0.578668 
vt 0.831323 0.272733 
vt 0.917138 0.772988 
vt 0.679292 0.786051 
vt 0.892962 0.90186 
vt 0.672972 0.932003 
vt 0.839316 0.159562 
vt 0.960873 0.609161 
vt 0.669165 0.585347 
vt 0.614771 0.791332 
vt 0.982619 0.775316 
vt 0.613032 0.985564 
vt 0.953717 0.933866 
vt 0.808341 0.584413 
vt 0.728428 0.578668 
vt 0.831323 0.272733 
vt 0.905831 0.592663 
vt 0.808341 0.77867 
vt 0.679292 0.786051 
vt 0.807234 0.911801 
vt 0.672972 0.932003 
vt 0.917138 0.772988 
vt 0.892962 0.90186 
vt 0.008911 0.556495 
vt 0.181508 0.525665 
vt 0.294709 0.50272 
vt 0.082598 0.138751 
vt 0.017067 0.753889 
vt 0.176448 0.73494 
vt 0.022141 0.989629 
vt 0.186561 0.959334 
vt 0.329901 0.708724 
vt 0.32296 0.928897 
vt 0.839316 0.159562 
vt 0.669165 0.585347 
vt 0.960873 0.609161 
vt 0.614771 0.791332 
vt 0.613032 0.985564 
vt 0.808341 0.955727 
vt 0.982619 0.775316 
vt 0.953717 0.933866 
vt 0.728428 0.578668 
vt 0.831323 0.272733 
vt 0.905831 0.592663 
vt 0.917138 0.772988 
vt 0.679292 0.786051 
vt 0.892962 0.90186 
vt 0.672972 0.932003 
vt 0.008911 0.556495 
vt 0.294709 0.50272 
vt 0.082598 0.138751 
vt 0.017067 0.753889 
vt 0.329901 0.708724 
vt 0.022141 0.989629 
vt 0.32296 0.928897 
vt 0.839316 0.159562 
vt 0.669165 0.585347 
vt 0.960873 0.609161 
vt 0.982619 0.775316 
vt 0.614771 0.791332 
vt 0.953717 0.933866 
vt 0.613032 0.985564 
vt 0.728428 0.578668 
vt 0.831323 0.272733 
vt 0.905831 0.592663 
vt 0.917138 0.772988 
vt 0.679292 0.786051 
vt 0.892962 0.90186 
vt 0.672972 0.932003 
vt 0.008911 0.556495 
vt 0.294709 0.50272 
vt 0.082598 0.138751 
vt 0.017067 0.753889 
vt 0.329901 0.708724 
vt 0.022141 0.989629 
vt 0.32296 0.928897 
vt 0.839316 0.159562 
vt 0.669165 0.585347 
vt 0.960873 0.609161 
vt 0.982619 0.775316 
vt 0.614771 0.791332 
vt 0.953717 0.933866 
vt 0.613032 0.985564 
vt 0.728428 0.578668 
vt 0.831323 0.272733 
vt 0.905831 0.592663 
vt 0.917138 0.772988 
vt 0.679292 0.786051 
vt 0.892962 0.90186 
vt 0.672972 0.932003 
vt 0.008911 0.556495 
vt 0.294709 0.50272 
vt 0.082598 0.138751 
vt 0.017067 0.753889 
vt 0.329901 0.708724 
vt 0.022141 0.989629 
vt 0.32296 0.928897 
vt 0.839316 0.159562 
vt 0.669165 0.585347 
vt 0.960873 0.609161 
vt 0.982619 0.775316 
vt 0.614771 0.791332 
vt 0.953717 0.933866 
vt 0.613032 0.985564 
vt 0.728428 0.578668 
vt 0.831323 0.272733 
vt 0.905831 0.592663 
vt 0.917138 0.772988 
vt 0.679292 0.786051 
vt 0.892962 0.90186 
vt 0.672972 0.932003 
vt 0.008911 0.556495 
vt 0.294709 0.50272 
vt 0.082598 0.138751 
vt 0.017067 0.753889 
vt 0.329901 0.708724 
vt 0.022141 0.989629 
vt 0.32296 0.928897 
vt 0.839316 0.159562 
vt 0.669165 0.585347 
vt 0.960873 0.609161 
vt 0.982619 0.775316 
vt 0.614771 0.791332 
vt 0.953717 0.933866 
vt 0.613032 0.985564 
vt 0.728428 0.578668 
vt 0.831323 0.272733 
vt 0.905831 0.592663 
vt 0.917138 0.772988 
vt 0.679292 0.786051 
vt 0.892962 0.90186 
vt 0.672972 0.932003 
vt 0.008911 0.556495 
vt 0.294709 0.50272 
vt 0.082598 0.138751 
vt 0.017067 0.753889 
vt 0.329901 0.708724 
vt 0.022141 0.989629 
vt 0.32296 0.928897 
vt 0.839316 0.159562 
vt 0.669165 0.585347 
vt 0.960873 0.609161 
vt 0.982619 0.775316 
vt 0.614771 0.791332 
vt 0.953717 0.933866 
vt 0.613032 0.985564 
vt 0.294709 0.50272 
vt 0.082598 0.138751 
vt 0.008911 0.556495 
vt 0.017067 0.753889 
vt 0.329901 0.708724 
vt 0.022141 0.989629 
vt 0.32296 0.928897 
vt 0.905831 0.592663 
vt 0.728428 0.578668 
vt 0.831323 0.272733 
vt 0.917138 0.772988 
vt 0.679292 0.786051 
vt 0.892962 0.90186 
vt 0.672972 0.932003 
vt 0.839316 0.159562 
vt 0.960873 0.609161 
vt 0.669165 0.585347 
vt 0.614771 0.791332 
vt 0.982619 0.775316 
vt 0.613032 0.985564 
vt 0.953717 0.933866 
vt 0.294709 0.50272 
vt 0.082598 0.138751 
vt 0.008911 0.556495 
vt 0.017067 0.753889 
vt 0.329901 0.708724 
vt 0.022141 0.989629 
vt 0.32296 0.928897 
vt 0.905831 0.592663 
vt 0.728428 0.578668 
vt 0.831323 0.272733 
vt 0.917138 0.772988 
vt 0.679292 0.786051 
vt 0.892962 0.90186 
vt 0.672972 0.932003 
vt 0.839316 0.159562 
vt 0.960873 0.609161 
vt 0.669165 0.585347 
vt 0.614771 0.791332 
vt 0.982619 0.775316 
vt 0.613032 0.985564 
vt 0.953717 0.933866 
vt 0.008911 0.556494 
vt 0.082598 0.138751 
vt 0.294709 0.50272 
vt 0.329901 0.708724 
vt 0.017067 0.753889 
vt 0.32296 0.928897 
vt 0.022141 0.989628 
vt 0.905831 0.592663 
vt 0.728428 0.578668 
vt 0.831323 0.272733 
vt 0.917138 0.772988 
vt 0.679292 0.786051 
vt 0.892962 0.90186 
vt 0.672972 0.932003 
vt 0.839316 0.159562 
vt 0.960873 0.609161 
vt 0.669165 0.585347 
vt 0.614771 0.791332 
vt 0.982619 0.775316 
vt 0.613032 0.985564 
vt 0.953717 0.933866 
vt 0.008911 0.556494 
vt 0.082598 0.138751 
vt 0.294709 0.50272 
vt 0.329901 0.708724 
vt 0.017067 0.753889 
vt 0.32296 0.928897 
vt 0.022141 0.989628 
vt 0.905831 0.592663 
vt 0.728428 0.578668 
vt 0.831323 0.272733 
vt 0.917138 0.772988 
vt 0.679292 0.786051 
vt 0.892962 0.90186 
vt 0.672972 0.932003 
vt 0.839316 0.159562 
vt 0.960873 0.609161 
vt 0.669165 0.585347 
vt 0.614771 0.791332 
vt 0.982619 0.775316 
vt 0.613032 0.985564 
vt 0.953717 0.933866 
vt 0.008911 0.556494 
vt 0.082598 0.138751 
vt 0.294709 0.50272 
vt 0.329901 0.708724 
vt 0.017067 0.753889 
vt 0.32296 0.928897 
vt 0.022141 0.989628 
vt 0.905831 0.592663 
vt 0.728428 0.578668 
vt 0.831323 0.272733 
vt 0.917138 0.772988 
vt 0.679292 0.786051 
vt 0.892962 0.90186 
vt 0.672972 0.932003 
vt 0.839316 0.159562 
vt 0.960873 0.609161 
vt 0.669165 0.585347 
vt 0.614771 0.791332 
vt 0.982619 0.775316 
vt 0.613032 0.985564 
vt 0.953717 0.933866 
vt 0.008911 0.556494 
vt 0.082598 0.138751 
vt 0.294709 0.50272 
vt 0.329901 0.708724 
vt 0.017067 0.753889 
vt 0.32296 0.928897 
vt 0.022141 0.989628 
vt 0.905831 0.592663 
vt 0.728428 0.578668 
vt 0.831323 0.272733 
vt 0.917138 0.772988 
vt 0.679292 0.786051 
vt 0.892962 0.90186 
vt 0.672972 0.932003 
vt 0.839316 0.159562 
vt 0.960873 0.609161 
vt 0.669165 0.585347 
vt 0.614771 0.791332 
vt 0.982619 0.775316 
vt 0.613032 0.985564 
vt 0.953717 0.933866 
vt 0.008911 0.556494 
vt 0.082598 0.138751 
vt 0.294709 0.50272 
vt 0.329901 0.708724 
vt 0.017067 0.753889 
vt 0.32296 0.928897 
vt 0.022141 0.989628 
vt 0.905831 0.592663 
vt 0.728428 0.578668 
vt 0.831323 0.272733 
vt 0.917138 0.772988 
vt 0.679292 0.786051 
vt 0.892962 0.90186 
vt 0.672972 0.932003 
vt 0.839316 0.159562 
vt 0.960873 0.609161 
vt 0.669165 0.585347 
vt 0.614771 0.791332 
vt 0.982619 0.775316 
vt 0.613032 0.985564 
vt 0.953717 0.933866 

usemtl Handle2Mtl

f 1649/1649/1649 1650/1650/1650 1651/1651/1651 
f 1649/1649/1649 1651/1651/1651 1652/1652/1652 
f 1649/1649/1649 1652/1652/1652 1653/1653/1653 
f 1649/1649/1649 1653/1653/1653 1654/1654/1654 
f 1649/1649/1649 1654/1654/1654 1655/1655/1655 
f 1649/1649/1649 1656/1656/1656 1657/1657/1657 
f 1649/1649/1649 1657/1657/1657 1658/1658/1658 
f 1649/1649/1649 1658/1658/1658 1659/1659/1659 
f 1649/1649/1649 1659/1659/1659 1660/1660/1660 
f 1649/1649/1649 1660/1660/1660 1650/1650/1650 
f 1661/1661/1661 1662/1662/1662 1651/1651/1651 
f 1651/1651/1651 1650/1650/1650 1661/1661/1661 
f 1662/1662/1662 1663/1663/1663 1652/1652/1652 
f 1652/1652/1652 1651/1651/1651 1662/1662/1662 
f 1663/1663/1663 1664/1664/1664 1653/1653/1653 
f 1653/1653/1653 1652/1652/1652 1663/1663/1663 
f 1664/1664/1664 1665/1665/1665 1654/1654/1654 
f 1654/1654/1654 1653/1653/1653 1664/1664/1664 
f 1665/1665/1665 1666/1666/1666 1655/1655/1655 
f 1655/1655/1655 1654/1654/1654 1665/1665/1665 
f 1667/1667/1667 1668/1668/1668 1657/1657/1657 
f 1657/1657/1657 1656/1656/1656 1667/1667/1667 
f 1668/1668/1668 1669/1669/1669 1658/1658/1658 
f 1658/1658/1658 1657/1657/1657 1668/1668/1668 
f 1669/1669/1669 1670/1670/1670 1659/1659/1659 
f 1659/1659/1659 1658/1658/1658 1669/1669/1669 
f 1670/1670/1670 1671/1671/1671 1660/1660/1660 
f 1660/1660/1660 1659/1659/1659 1670/1670/1670 
f 1671/1671/1671 1661/1661/1661 1650/1650/1650 
f 1650/1650/1650 1660/1660/1660 1671/1671/1671 
f 1672/1672/1672 1673/1673/1673 1662/1662/1662 
f 1662/1662/1662 1661/1661/1661 1672/1672/1672 
f 1673/1673/1673 1674/1674/1674 1663/1663/1663 
f 1663/1663/1663 1662/1662/1662 1673/1673/1673 
f 1674/1674/1674 1675/1675/1675 1664/1664/1664 
f 1664/1664/1664 1663/1663/1663 1674/1674/1674 
f 1675/1675/1675 1676/1676/1676 1665/1665/1665 
f 1665/1665/1665 1664/1664/1664 1675/1675/1675 
f 1676/1676/1676 1677/1677/1677 1666/1666/1666 
f 1666/1666/1666 1665/1665/1665 1676/1676/1676 
f 1678/1678/1678 1679/1679/1679 1668/1668/1668 
f 1668/1668/1668 1667/1667/1667 1678/1678/1678 
f 1679/1679/1679 1680/1680/1680 1669/1669/1669 
f 1669/1669/1669 1668/1668/1668 1679/1679/1679 
f 1680/1680/1680 1681/1681/1681 1670/1670/1670 
f 1670/1670/1670 1669/1669/1669 1680/1680/1680 
f 1681/1681/1681 1682/1682/1682 1671/1671/1671 
f 1671/1671/1671 1670/1670/1670 1681/1681/1681 
f 1682/1682/1682 1672/1672/1672 1661/1661/1661 
f 1661/1661/1661 1671/1671/1671 1682/1682/1682 
f 1683/1683/1683 1684/1684/1684 1673/1673/1673 
f 1673/1673/1673 1672/1672/1672 1683/1683/1683 
f 1684/1684/1684 1685/1685/1685 1674/1674/1674 
f 1674/1674/1674 1673/1673/1673 1684/1684/1684 
f 1685/1685/1685 1686/1686/1686 1675/1675/1675 
f 1675/1675/1675 1674/1674/1674 1685/1685/1685 
f 1686/1686/1686 1687/1687/1687 1676/1676/1676 
f 1676/1676/1676 1675/1675/1675 1686/1686/1686 
f 1687/1687/1687 1688/1688/1688 1677/1677/1677 
f 1677/1677/1677 1676/1676/1676 1687/1687/1687 
f 1689/1689/1689 1690/1690/1690 1679/1679/1679 
f 1679/1679/1679 1678/1678/1678 1689/1689/1689 
f 1690/1690/1690 1691/1691/1691 1680/1680/1680 
f 1680/1680/1680 1679/1679/1679 1690/1690/1690 
f 1691/1691/1691 1692/1692/1692 1681/1681/1681 
f 1681/1681/1681 1680/1680/1680 1691/1691/1691 
f 1692/1692/1692 1693/1693/1693 1682/1682/1682 
f 1682/1682/1682 1681/1681/1681 1692/1692/1692 
f 1693/1693/1693 1683/1683/1683 1672/1672/1672 
f 1672/1672/1672 1682/1682/1682 1693/1693/1693 
f 1694/1694/1694 1695/1695/1695 1684/1684/1684 
f 1684/1684/1684 1683/1683/1683 1694/1694/1694 
f 1695/1695/1695 1696/1696/1696 1685/1685/1685 
f 1685/1685/1685 1684/1684/1684 1695/1695/1695 
f 1696/1696/1696 1697/1697/1697 1686/1686/1686 
f 1686/1686/1686 1685/1685/1685 1696/1696/1696 
f 1697/1697/1697 1698/1698/1698 1687/1687/1687 
f 1687/1687/1687 1686/1686/1686 1697/1697/1697 
f 1698/1698/1698 1699/1699/1699 1688/1688/1688 
f 1688/1688/1688 1687/1687/1687 1698/1698/1698 
f 1700/1700/1700 1701/1701/1701 1690/1690/1690 
f 1690/1690/1690 1689/1689/1689 1700/1700/1700 
f 1701/1701/1701 1702/1702/1702 1691/1691/1691 
f 1691/1691/1691 1690/1690/1690 1701/1701/1701 
f 1702/1702/1702 1703/1703/1703 1692/1692/1692 
f 1692/1692/1692 1691/1691/1691 1702/1702/1702 
f 1703/1703/1703 1704/1704/1704 1693/1693/1693 
f 1693/1693/1693 1692/1692/1692 1703/1703/1703 
f 1704/1704/1704 1694/1694/1694 1683/1683/1683 
f 1683/1683/1683 1693/1693/1693 1704/1704/1704 
f 1705/1705/1705 1706/1706/1706 1695/1695/1695 
f 1695/1695/1695 1694/1694/1694 1705/1705/1705 
f 1706/1706/1706 1707/1707/1707 1696/1696/1696 
f 1696/1696/1696 1695/1695/1695 1706/1706/1706 
f 1707/1707/1707 1708/1708/1708 1697/1697/1697 
f 1697/1697/1697 1696/1696/1696 1707/1707/1707 
f 1708/1708/1708 1709/1709/1709 1698/1698/1698 
f 1698/1698/1698 1697/1697/1697 1708/1708/1708 
f 1709/1709/1709 1710/1710/1710 1699/1699/1699 
f 1699/1699/1699 1698/1698/1698 1709/1709/1709 
f 1711/1711/1711 1712/1712/1712 1701/1701/1701 
f 1701/1701/1701 1700/1700/1700 1711/1711/1711 
f 1712/1712/1712 1713/1713/1713 1702/1702/1702 
f 1702/1702/1702 1701/1701/1701 1712/1712/1712 
f 1713/1713/1713 1714/1714/1714 1703/1703/1703 
f 1703/1703/1703 1702/1702/1702 1713/1713/1713 
f 1714/1714/1714 1715/1715/1715 1704/1704/1704 
f 1704/1704/1704 1703/1703/1703 1714/1714/1714 
f 1704/1704/1704 1715/1715/1715 1705/1705/1705 
f 1705/1705/1705 1694/1694/1694 1704/1704/1704 
f 1716/1716/1716 1717/1717/1717 1706/1706/1706 
f 1706/1706/1706 1705/1705/1705 1716/1716/1716 
f 1717/1717/1717 1718/1718/1718 1707/1707/1707 
f 1707/1707/1707 1706/1706/1706 1717/1717/1717 
f 1718/1718/1718 1719/1719/1719 1708/1708/1708 
f 1708/1708/1708 1707/1707/1707 1718/1718/1718 
f 1719/1719/1719 1720/1720/1720 1709/1709/1709 
f 1709/1709/1709 1708/1708/1708 1719/1719/1719 
f 1720/1720/1720 1721/1721/1721 1710/1710/1710 
f 1710/1710/1710 1709/1709/1709 1720/1720/1720 
f 1722/1722/1722 1723/1723/1723 1717/1717/1717 
f 1717/1717/1717 1716/1716/1716 1722/1722/1722 
f 1723/1723/1723 1724/1724/1724 1718/1718/1718 
f 1718/1718/1718 1717/1717/1717 1723/1723/1723 
f 1724/1724/1724 1725/1725/1725 1719/1719/1719 
f 1719/1719/1719 1718/1718/1718 1724/1724/1724 
f 1725/1725/1725 1726/1726/1726 1720/1720/1720 
f 1720/1720/1720 1719/1719/1719 1725/1725/1725 
f 1726/1726/1726 1727/1727/1727 1721/1721/1721 
f 1721/1721/1721 1720/1720/1720 1726/1726/1726 
f 1728/1728/1728 1729/1729/1729 1723/1723/1723 
f 1723/1723/1723 1722/1722/1722 1728/1728/1728 
f 1729/1729/1729 1730/1730/1730 1724/1724/1724 
f 1724/1724/1724 1723/1723/1723 1729/1729/1729 
f 1730/1730/1730 1731/1731/1731 1725/1725/1725 
f 1725/1725/1725 1724/1724/1724 1730/1730/1730 
f 1731/1731/1731 1732/1732/1732 1726/1726/1726 
f 1726/1726/1726 1725/1725/1725 1731/1731/1731 
f 1732/1732/1732 1733/1733/1733 1727/1727/1727 
f 1727/1727/1727 1726/1726/1726 1732/1732/1732 
f 1734/1734/1734 1735/1735/1735 1736/1736/1736 
f 1734/1734/1734 1737/1737/1737 1735/1735/1735 
f 1734/1734/1734 1738/1738/1738 1737/1737/1737 
f 1734/1734/1734 1739/1739/1739 1738/1738/1738 
f 1734/1734/1734 1740/1740/1740 1739/1739/1739 
f 1734/1734/1734 1741/1741/1741 1742/1742/1742 
f 1734/1734/1734 1743/1743/1743 1741/1741/1741 
f 1734/1734/1734 1744/1744/1744 1743/1743/1743 
f 1734/1734/1734 1745/1745/1745 1744/1744/1744 
f 1734/1734/1734 1736/1736/1736 1745/1745/1745 
f 1735/1735/1735 1746/1746/1746 1747/1747/1747 
f 1747/1747/1747 1736/1736/1736 1735/1735/1735 
f 1737/1737/1737 1748/1748/1748 1746/1746/1746 
f 1746/1746/1746 1735/1735/1735 1737/1737/1737 
f 1738/1738/1738 1749/1749/1749 1748/1748/1748 
f 1748/1748/1748 1737/1737/1737 1738/1738/1738 
f 1739/1739/1739 1750/1750/1750 1749/1749/1749 
f 1749/1749/1749 1738/1738/1738 1739/1739/1739 
f 1740/1740/1740 1751/1751/1751 1750/1750/1750 
f 1750/1750/1750 1739/1739/1739 1740/1740/1740 
f 1741/1741/1741 1752/1752/1752 1753/1753/1753 
f 1753/1753/1753 1742/1742/1742 1741/1741/1741 
f 1743/1743/1743 1754/1754/1754 1752/1752/1752 
f 1752/1752/1752 1741/1741/1741 1743/1743/1743 
f 1744/1744/1744 1755/1755/1755 1754/1754/1754 
f 1754/1754/1754 1743/1743/1743 1744/1744/1744 
f 1745/1745/1745 1756/1756/1756 1755/1755/1755 
f 1755/1755/1755 1744/1744/1744 1745/1745/1745 
f 1736/1736/1736 1747/1747/1747 1756/1756/1756 
f 1756/1756/1756 1745/1745/1745 1736/1736/1736 
f 1746/1746/1746 1757/1757/1757 1758/1758/1758 
f 1758/1758/1758 1747/1747/1747 1746/1746/1746 
f 1748/1748/1748 1759/1759/1759 1757/1757/1757 
f 1757/1757/1757 1746/1746/1746 1748/1748/1748 
f 1749/1749/1749 1760/1760/1760 1759/1759/1759 
f 1759/1759/1759 1748/1748/1748 1749/1749/1749 
f 1750/1750/1750 1761/1761/1761 1760/1760/1760 
f 1760/1760/1760 1749/1749/1749 1750/1750/1750 
f 1751/1751/1751 1762/1762/1762 1761/1761/1761 
f 1761/1761/1761 1750/1750/1750 1751/1751/1751 
f 1752/1752/1752 1763/1763/1763 1764/1764/1764 
f 1764/1764/1764 1753/1753/1753 1752/1752/1752 
f 1754/1754/1754 1765/1765/1765 1763/1763/1763 
f 1763/1763/1763 1752/1752/1752 1754/1754/1754 
f 1755/1755/1755 1766/1766/1766 1765/1765/1765 
f 1765/1765/1765 1754/1754/1754 1755/1755/1755 
f 1756/1756/1756 1767/1767/1767 1766/1766/1766 
f 1766/1766/1766 1755/1755/1755 1756/1756/1756 
f 1747/1747/1747 1758/1758/1758 1767/1767/1767 
f 1767/1767/1767 1756/1756/1756 1747/1747/1747 
f 1757/1757/1757 1768/1768/1768 1769/1769/1769 
f 1769/1769/1769 1758/1758/1758 1757/1757/1757 
f 1759/1759/1759 1770/1770/1770 1768/1768/1768 
f 1768/1768/1768 1757/1757/1757 1759/1759/1759 
f 1760/1760/1760 1771/1771/1771 1770/1770/1770 
f 1770/1770/1770 1759/1759/1759 1760/1760/1760 
f 1761/1761/1761 1772/1772/1772 1771/1771/1771 
f 1771/1771/1771 1760/1760/1760 1761/1761/1761 
f 1762/1762/1762 1773/1773/1773 1772/1772/1772 
f 1772/1772/1772 1761/1761/1761 1762/1762/1762 
f 1763/1763/1763 1774/1774/1774 1775/1775/1775 
f 1775/1775/1775 1764/1764/1764 1763/1763/1763 
f 1765/1765/1765 1776/1776/1776 1774/1774/1774 
f 1774/1774/1774 1763/1763/1763 1765/1765/1765 
f 1766/1766/1766 1777/1777/1777 1776/1776/1776 
f 1776/1776/1776 1765/1765/1765 1766/1766/1766 
f 1767/1767/1767 1778/1778/1778 1777/1777/1777 
f 1777/1777/1777 1766/1766/1766 1767/1767/1767 
f 1758/1758/1758 1769/1769/1769 1778/1778/1778 
f 1778/1778/1778 1767/1767/1767 1758/1758/1758 
f 1768/1768/1768 1779/1779/1779 1780/1780/1780 
f 1780/1780/1780 1769/1769/1769 1768/1768/1768 
f 1770/1770/1770 1781/1781/1781 1779/1779/1779 
f 1779/1779/1779 1768/1768/1768 1770/1770/1770 
f 1771/1771/1771 1782/1782/1782 1781/1781/1781 
f 1781/1781/1781 1770/1770/1770 1771/1771/1771 
f 1772/1772/1772 1783/1783/1783 1782/1782/1782 
f 1782/1782/1782 1771/1771/1771 1772/1772/1772 
f 1773/1773/1773 1784/1784/1784 1783/1783/1783 
f 1783/1783/1783 1772/1772/1772 1773/1773/1773 
f 1774/1774/1774 1785/1785/1785 1786/1786/1786 
f 1786/1786/1786 1775/1775/1775 1774/1774/1774 
f 1776/1776/1776 1787/1787/1787 1785/1785/1785 
f 1785/1785/1785 1774/1774/1774 1776/1776/1776 
f 1777/1777/1777 1788/1788/1788 1787/1787/1787 
f 1787/1787/1787 1776/1776/1776 1777/1777/1777 
f 1778/1778/1778 1789/1789/1789 1788/1788/1788 
f 1788/1788/1788 1777/1777/1777 1778/1778/1778 
f 1769/1769/1769 1780/1780/1780 1789/1789/1789 
f 1789/1789/1789 1778/1778/1778 1769/1769/1769 
f 1779/1779/1779 1790/1790/1790 1791/1791/1791 
f 1791/1791/1791 1780/1780/1780 1779/1779/1779 
f 1781/1781/1781 1792/1792/1792 1790/1790/1790 
f 1790/1790/1790 1779/1779/1779 1781/1781/1781 
f 1782/1782/1782 1793/1793/1793 1792/1792/1792 
f 1792/1792/1792 1781/1781/1781 1782/1782/1782 
f 1783/1783/1783 1794/1794/1794 1793/1793/1793 
f 1793/1793/1793 1782/1782/1782 1783/1783/1783 
f 1784/1784/1784 1795/1795/1795 1794/1794/1794 
f 1794/1794/1794 1783/1783/1783 1784/1784/1784 
f 1785/1785/1785 1796/1796/1796 1797/1797/1797 
f 1797/1797/1797 1786/1786/1786 1785/1785/1785 
f 1787/1787/1787 1798/1798/1798 1796/1796/1796 
f 1796/1796/1796 1785/1785/1785 1787/1787/1787 
f 1788/1788/1788 1799/1799/1799 1798/1798/1798 
f 1798/1798/1798 1787/1787/1787 1788/1788/1788 
f 1789/1789/1789 1800/1800/1800 1799/1799/1799 
f 1799/1799/1799 1788/1788/1788 1789/1789/1789 
f 1780/1780/1780 1791/1791/1791 1800/1800/1800 
f 1800/1800/1800 1789/1789/1789 1780/1780/1780 
f 1790/1790/1790 1801/1801/1801 1802/1802/1802 
f 1802/1802/1802 1791/1791/1791 1790/1790/1790 
f 1792/1792/1792 1803/1803/1803 1801/1801/1801 
f 1801/1801/1801 1790/1790/1790 1792/1792/1792 
f 1793/1793/1793 1804/1804/1804 1803/1803/1803 
f 1803/1803/1803 1792/1792/1792 1793/1793/1793 
f 1794/1794/1794 1805/1805/1805 1804/1804/1804 
f 1804/1804/1804 1793/1793/1793 1794/1794/1794 
f 1795/1795/1795 1806/1806/1806 1805/1805/1805 
f 1805/1805/1805 1794/1794/1794 1795/1795/1795 
f 1801/1801/1801 1807/1807/1807 1808/1808/1808 
f 1808/1808/1808 1802/1802/1802 1801/1801/1801 
f 1803/1803/1803 1809/1809/1809 1807/1807/1807 
f 1807/1807/1807 1801/1801/1801 1803/1803/1803 
f 1804/1804/1804 1810/1810/1810 1809/1809/1809 
f 1809/1809/1809 1803/1803/1803 1804/1804/1804 
f 1805/1805/1805 1811/1811/1811 1810/1810/1810 
f 1810/1810/1810 1804/1804/1804 1805/1805/1805 
f 1806/1806/1806 1812/1812/1812 1811/1811/1811 
f 1811/1811/1811 1805/1805/1805 1806/1806/1806 
f 1807/1807/1807 1813/1813/1813 1814/1814/1814 
f 1814/1814/1814 1808/1808/1808 1807/1807/1807 
f 1809/1809/1809 1815/1815/1815 1813/1813/1813 
f 1813/1813/1813 1807/1807/1807 1809/1809/1809 
f 1810/1810/1810 1816/1816/1816 1815/1815/1815 
f 1815/1815/1815 1809/1809/1809 1810/1810/1810 
f 1811/1811/1811 1817/1817/1817 1816/1816/1816 
f 1816/1816/1816 1810/1810/1810 1811/1811/1811 
f 1812/1812/1812 1818/1818/1818 1817/1817/1817 
f 1817/1817/1817 1811/1811/1811 1812/1812/1812 
f 1819/1819/1819 1820/1820/1820 1797/1797/1797 
f 1797/1797/1797 1796/1796/1796 1819/1819/1819 
f 1821/1821/1821 1819/1819/1819 1796/1796/1796 
f 1796/1796/1796 1798/1798/1798 1821/1821/1821 
f 1822/1822/1822 1821/1821/1821 1798/1798/1798 
f 1798/1798/1798 1799/1799/1799 1822/1822/1822 
f 1823/1823/1823 1822/1822/1822 1799/1799/1799 
f 1799/1799/1799 1800/1800/1800 1823/1823/1823 
f 1824/1824/1824 1823/1823/1823 1800/1800/1800 
f 1800/1800/1800 1791/1791/1791 1824/1824/1824 
f 1825/1825/1825 1824/1824/1824 1791/1791/1791 
f 1791/1791/1791 1802/1802/1802 1825/1825/1825 
f 1826/1826/1826 1825/1825/1825 1802/1802/1802 
f 1802/1802/1802 1808/1808/1808 1826/1826/1826 
f 1827/1827/1827 1828/1828/1828 1814/1814/1814 
f 1814/1814/1814 1813/1813/1813 1827/1827/1827 
f 1814/1814/1814 1828/1828/1828 1826/1826/1826 
f 1826/1826/1826 1808/1808/1808 1814/1814/1814 
f 1829/1829/1829 1827/1827/1827 1813/1813/1813 
f 1813/1813/1813 1815/1815/1815 1829/1829/1829 
f 1830/1830/1830 1829/1829/1829 1815/1815/1815 
f 1815/1815/1815 1816/1816/1816 1830/1830/1830 
f 1817/1817/1817 1831/1831/1831 1830/1830/1830 
f 1830/1830/1830 1816/1816/1816 1817/1817/1817 
f 1832/1832/1832 1831/1831/1831 1817/1817/1817 
f 1817/1817/1817 1818/1818/1818 1832/1832/1832 
f 1649/1649/1649 1833/1833/1833 1834/1834/1834 
f 1649/1649/1649 1835/1835/1835 1833/1833/1833 
f 1649/1649/1649 1836/1836/1836 1835/1835/1835 
f 1649/1649/1649 1837/1837/1837 1836/1836/1836 
f 1649/1649/1649 1655/1655/1655 1837/1837/1837 
f 1649/1649/1649 1838/1838/1838 1656/1656/1656 
f 1649/1649/1649 1839/1839/1839 1838/1838/1838 
f 1649/1649/1649 1840/1840/1840 1839/1839/1839 
f 1649/1649/1649 1841/1841/1841 1840/1840/1840 
f 1649/1649/1649 1834/1834/1834 1841/1841/1841 
f 1833/1833/1833 1842/1842/1842 1843/1843/1843 
f 1843/1843/1843 1834/1834/1834 1833/1833/1833 
f 1835/1835/1835 1844/1844/1844 1842/1842/1842 
f 1842/1842/1842 1833/1833/1833 1835/1835/1835 
f 1836/1836/1836 1845/1845/1845 1844/1844/1844 
f 1844/1844/1844 1835/1835/1835 1836/1836/1836 
f 1837/1837/1837 1846/1846/1846 1845/1845/1845 
f 1845/1845/1845 1836/1836/1836 1837/1837/1837 
f 1655/1655/1655 1666/1666/1666 1846/1846/1846 
f 1846/1846/1846 1837/1837/1837 1655/1655/1655 
f 1838/1838/1838 1847/1847/1847 1667/1667/1667 
f 1667/1667/1667 1656/1656/1656 1838/1838/1838 
f 1839/1839/1839 1848/1848/1848 1847/1847/1847 
f 1847/1847/1847 1838/1838/1838 1839/1839/1839 
f 1840/1840/1840 1849/1849/1849 1848/1848/1848 
f 1848/1848/1848 1839/1839/1839 1840/1840/1840 
f 1841/1841/1841 1850/1850/1850 1849/1849/1849 
f 1849/1849/1849 1840/1840/1840 1841/1841/1841 
f 1834/1834/1834 1843/1843/1843 1850/1850/1850 
f 1850/1850/1850 1841/1841/1841 1834/1834/1834 
f 1842/1842/1842 1851/1851/1851 1852/1852/1852 
f 1852/1852/1852 1843/1843/1843 1842/1842/1842 
f 1844/1844/1844 1853/1853/1853 1851/1851/1851 
f 1851/1851/1851 1842/1842/1842 1844/1844/1844 
f 1845/1845/1845 1854/1854/1854 1853/1853/1853 
f 1853/1853/1853 1844/1844/1844 1845/1845/1845 
f 1846/1846/1846 1855/1855/1855 1854/1854/1854 
f 1854/1854/1854 1845/1845/1845 1846/1846/1846 
f 1666/1666/1666 1677/1677/1677 1855/1855/1855 
f 1855/1855/1855 1846/1846/1846 1666/1666/1666 
f 1847/1847/1847 1856/1856/1856 1678/1678/1678 
f 1678/1678/1678 1667/1667/1667 1847/1847/1847 
f 1848/1848/1848 1857/1857/1857 1856/1856/1856 
f 1856/1856/1856 1847/1847/1847 1848/1848/1848 
f 1849/1849/1849 1858/1858/1858 1857/1857/1857 
f 1857/1857/1857 1848/1848/1848 1849/1849/1849 
f 1850/1850/1850 1859/1859/1859 1858/1858/1858 
f 1858/1858/1858 1849/1849/1849 1850/1850/1850 
f 1843/1843/1843 1852/1852/1852 1859/1859/1859 
f 1859/1859/1859 1850/1850/1850 1843/1843/1843 
f 1851/1851/1851 1860/1860/1860 1861/1861/1861 
f 1861/1861/1861 1852/1852/1852 1851/1851/1851 
f 1853/1853/1853 1862/1862/1862 1860/1860/1860 
f 1860/1860/1860 1851/1851/1851 1853/1853/1853 
f 1854/1854/1854 1863/1863/1863 1862/1862/1862 
f 1862/1862/1862 1853/1853/1853 1854/1854/1854 
f 1855/1855/1855 1864/1864/1864 1863/1863/1863 
f 1863/1863/1863 1854/1854/1854 1855/1855/1855 
f 1677/1677/1677 1688/1688/1688 1864/1864/1864 
f 1864/1864/1864 1855/1855/1855 1677/1677/1677 
f 1856/1856/1856 1865/1865/1865 1689/1689/1689 
f 1689/1689/1689 1678/1678/1678 1856/1856/1856 
f 1857/1857/1857 1866/1866/1866 1865/1865/1865 
f 1865/1865/1865 1856/1856/1856 1857/1857/1857 
f 1858/1858/1858 1867/1867/1867 1866/1866/1866 
f 1866/1866/1866 1857/1857/1857 1858/1858/1858 
f 1859/1859/1859 1868/1868/1868 1867/1867/1867 
f 1867/1867/1867 1858/1858/1858 1859/1859/1859 
f 1852/1852/1852 1861/1861/1861 1868/1868/1868 
f 1868/1868/1868 1859/1859/1859 1852/1852/1852 
f 1860/1860/1860 1869/1869/1869 1870/1870/1870 
f 1870/1870/1870 1861/1861/1861 1860/1860/1860 
f 1862/1862/1862 1871/1871/1871 1869/1869/1869 
f 1869/1869/1869 1860/1860/1860 1862/1862/1862 
f 1863/1863/1863 1872/1872/1872 1871/1871/1871 
f 1871/1871/1871 1862/1862/1862 1863/1863/1863 
f 1864/1864/1864 1873/1873/1873 1872/1872/1872 
f 1872/1872/1872 1863/1863/1863 1864/1864/1864 
f 1688/1688/1688 1699/1699/1699 1873/1873/1873 
f 1873/1873/1873 1864/1864/1864 1688/1688/1688 
f 1865/1865/1865 1874/1874/1874 1700/1700/1700 
f 1700/1700/1700 1689/1689/1689 1865/1865/1865 
f 1866/1866/1866 1875/1875/1875 1874/1874/1874 
f 1874/1874/1874 1865/1865/1865 1866/1866/1866 
f 1867/1867/1867 1876/1876/1876 1875/1875/1875 
f 1875/1875/1875 1866/1866/1866 1867/1867/1867 
f 1868/1868/1868 1877/1877/1877 1876/1876/1876 
f 1876/1876/1876 1867/1867/1867 1868/1868/1868 
f 1861/1861/1861 1870/1870/1870 1877/1877/1877 
f 1877/1877/1877 1868/1868/1868 1861/1861/1861 
f 1869/1869/1869 1878/1878/1878 1879/1879/1879 
f 1879/1879/1879 1870/1870/1870 1869/1869/1869 
f 1871/1871/1871 1880/1880/1880 1878/1878/1878 
f 1878/1878/1878 1869/1869/1869 1871/1871/1871 
f 1872/1872/1872 1881/1881/1881 1880/1880/1880 
f 1880/1880/1880 1871/1871/1871 1872/1872/1872 
f 1873/1873/1873 1882/1882/1882 1881/1881/1881 
f 1881/1881/1881 1872/1872/1872 1873/1873/1873 
f 1699/1699/1699 1710/1710/1710 1882/1882/1882 
f 1882/1882/1882 1873/1873/1873 1699/1699/1699 
f 1874/1874/1874 1883/1883/1883 1711/1711/1711 
f 1711/1711/1711 1700/1700/1700 1874/1874/1874 
f 1875/1875/1875 1884/1884/1884 1883/1883/1883 
f 1883/1883/1883 1874/1874/1874 1875/1875/1875 
f 1876/1876/1876 1885/1885/1885 1884/1884/1884 
f 1884/1884/1884 1875/1875/1875 1876/1876/1876 
f 1877/1877/1877 1886/1886/1886 1885/1885/1885 
f 1885/1885/1885 1876/1876/1876 1877/1877/1877 
f 1877/1877/1877 1870/1870/1870 1879/1879/1879 
f 1879/1879/1879 1886/1886/1886 1877/1877/1877 
f 1878/1878/1878 1887/1887/1887 1888/1888/1888 
f 1888/1888/1888 1879/1879/1879 1878/1878/1878 
f 1880/1880/1880 1889/1889/1889 1887/1887/1887 
f 1887/1887/1887 1878/1878/1878 1880/1880/1880 
f 1881/1881/1881 1890/1890/1890 1889/1889/1889 
f 1889/1889/1889 1880/1880/1880 1881/1881/1881 
f 1882/1882/1882 1891/1891/1891 1890/1890/1890 
f 1890/1890/1890 1881/1881/1881 1882/1882/1882 
f 1710/1710/1710 1721/1721/1721 1891/1891/1891 
f 1891/1891/1891 1882/1882/1882 1710/1710/1710 
f 1887/1887/1887 1892/1892/1892 1893/1893/1893 
f 1893/1893/1893 1888/1888/1888 1887/1887/1887 
f 1889/1889/1889 1894/1894/1894 1892/1892/1892 
f 1892/1892/1892 1887/1887/1887 1889/1889/1889 
f 1890/1890/1890 1895/1895/1895 1894/1894/1894 
f 1894/1894/1894 1889/1889/1889 1890/1890/1890 
f 1891/1891/1891 1896/1896/1896 1895/1895/1895 
f 1895/1895/1895 1890/1890/1890 1891/1891/1891 
f 1721/1721/1721 1727/1727/1727 1896/1896/1896 
f 1896/1896/1896 1891/1891/1891 1721/1721/1721 
f 1892/1892/1892 1897/1897/1897 1898/1898/1898 
f 1898/1898/1898 1893/1893/1893 1892/1892/1892 
f 1894/1894/1894 1899/1899/1899 1897/1897/1897 
f 1897/1897/1897 1892/1892/1892 1894/1894/1894 
f 1895/1895/1895 1900/1900/1900 1899/1899/1899 
f 1899/1899/1899 1894/1894/1894 1895/1895/1895 
f 1896/1896/1896 1901/1901/1901 1900/1900/1900 
f 1900/1900/1900 1895/1895/1895 1896/1896/1896 
f 1727/1727/1727 1733/1733/1733 1901/1901/1901 
f 1901/1901/1901 1896/1896/1896 1727/1727/1727 
f 1734/1734/1734 1902/1902/1902 1903/1903/1903 
f 1734/1734/1734 1903/1903/1903 1904/1904/1904 
f 1734/1734/1734 1904/1904/1904 1905/1905/1905 
f 1734/1734/1734 1905/1905/1905 1906/1906/1906 
f 1734/1734/1734 1906/1906/1906 1740/1740/1740 
f 1734/1734/1734 1742/1742/1742 1907/1907/1907 
f 1734/1734/1734 1907/1907/1907 1908/1908/1908 
f 1734/1734/1734 1908/1908/1908 1909/1909/1909 
f 1734/1734/1734 1909/1909/1909 1910/1910/1910 
f 1734/1734/1734 1910/1910/1910 1902/1902/1902 
f 1911/1911/1911 1912/1912/1912 1903/1903/1903 
f 1903/1903/1903 1902/1902/1902 1911/1911/1911 
f 1912/1912/1912 1913/1913/1913 1904/1904/1904 
f 1904/1904/1904 1903/1903/1903 1912/1912/1912 
f 1913/1913/1913 1914/1914/1914 1905/1905/1905 
f 1905/1905/1905 1904/1904/1904 1913/1913/1913 
f 1914/1914/1914 1915/1915/1915 1906/1906/1906 
f 1906/1906/1906 1905/1905/1905 1914/1914/1914 
f 1915/1915/1915 1751/1751/1751 1740/1740/1740 
f 1740/1740/1740 1906/1906/1906 1915/1915/1915 
f 1753/1753/1753 1916/1916/1916 1907/1907/1907 
f 1907/1907/1907 1742/1742/1742 1753/1753/1753 
f 1916/1916/1916 1917/1917/1917 1908/1908/1908 
f 1908/1908/1908 1907/1907/1907 1916/1916/1916 
f 1917/1917/1917 1918/1918/1918 1909/1909/1909 
f 1909/1909/1909 1908/1908/1908 1917/1917/1917 
f 1918/1918/1918 1919/1919/1919 1910/1910/1910 
f 1910/1910/1910 1909/1909/1909 1918/1918/1918 
f 1919/1919/1919 1911/1911/1911 1902/1902/1902 
f 1902/1902/1902 1910/1910/1910 1919/1919/1919 
f 1920/1920/1920 1921/1921/1921 1912/1912/1912 
f 1912/1912/1912 1911/1911/1911 1920/1920/1920 
f 1921/1921/1921 1922/1922/1922 1913/1913/1913 
f 1913/1913/1913 1912/1912/1912 1921/1921/1921 
f 1922/1922/1922 1923/1923/1923 1914/1914/1914 
f 1914/1914/1914 1913/1913/1913 1922/1922/1922 
f 1923/1923/1923 1924/1924/1924 1915/1915/1915 
f 1915/1915/1915 1914/1914/1914 1923/1923/1923 
f 1924/1924/1924 1762/1762/1762 1751/1751/1751 
f 1751/1751/1751 1915/1915/1915 1924/1924/1924 
f 1764/1764/1764 1925/1925/1925 1916/1916/1916 
f 1916/1916/1916 1753/1753/1753 1764/1764/1764 
f 1925/1925/1925 1926/1926/1926 1917/1917/1917 
f 1917/1917/1917 1916/1916/1916 1925/1925/1925 
f 1926/1926/1926 1927/1927/1927 1918/1918/1918 
f 1918/1918/1918 1917/1917/1917 1926/1926/1926 
f 1927/1927/1927 1928/1928/1928 1919/1919/1919 
f 1919/1919/1919 1918/1918/1918 1927/1927/1927 
f 1928/1928/1928 1920/1920/1920 1911/1911/1911 
f 1911/1911/1911 1919/1919/1919 1928/1928/1928 
f 1929/1929/1929 1930/1930/1930 1921/1921/1921 
f 1921/1921/1921 1920/1920/1920 1929/1929/1929 
f 1930/1930/1930 1931/1931/1931 1922/1922/1922 
f 1922/1922/1922 1921/1921/1921 1930/1930/1930 
f 1931/1931/1931 1932/1932/1932 1923/1923/1923 
f 1923/1923/1923 1922/1922/1922 1931/1931/1931 
f 1932/1932/1932 1933/1933/1933 1924/1924/1924 
f 1924/1924/1924 1923/1923/1923 1932/1932/1932 
f 1933/1933/1933 1773/1773/1773 1762/1762/1762 
f 1762/1762/1762 1924/1924/1924 1933/1933/1933 
f 1775/1775/1775 1934/1934/1934 1925/1925/1925 
f 1925/1925/1925 1764/1764/1764 1775/1775/1775 
f 1934/1934/1934 1935/1935/1935 1926/1926/1926 
f 1926/1926/1926 1925/1925/1925 1934/1934/1934 
f 1935/1935/1935 1936/1936/1936 1927/1927/1927 
f 1927/1927/1927 1926/1926/1926 1935/1935/1935 
f 1936/1936/1936 1937/1937/1937 1928/1928/1928 
f 1928/1928/1928 1927/1927/1927 1936/1936/1936 
f 1937/1937/1937 1929/1929/1929 1920/1920/1920 
f 1920/1920/1920 1928/1928/1928 1937/1937/1937 
f 1938/1938/1938 1939/1939/1939 1930/1930/1930 
f 1930/1930/1930 1929/1929/1929 1938/1938/1938 
f 1939/1939/1939 1940/1940/1940 1931/1931/1931 
f 1931/1931/1931 1930/1930/1930 1939/1939/1939 
f 1940/1940/1940 1941/1941/1941 1932/1932/1932 
f 1932/1932/1932 1931/1931/1931 1940/1940/1940 
f 1941/1941/1941 1942/1942/1942 1933/1933/1933 
f 1933/1933/1933 1932/1932/1932 1941/1941/1941 
f 1942/1942/1942 1784/1784/1784 1773/1773/1773 
f 1773/1773/1773 1933/1933/1933 1942/1942/1942 
f 1786/1786/1786 1943/1943/1943 1934/1934/1934 
f 1934/1934/1934 1775/1775/1775 1786/1786/1786 
f 1943/1943/1943 1944/1944/1944 1935/1935/1935 
f 1935/1935/1935 1934/1934/1934 1943/1943/1943 
f 1944/1944/1944 1945/1945/1945 1936/1936/1936 
f 1936/1936/1936 1935/1935/1935 1944/1944/1944 
f 1945/1945/1945 1946/1946/1946 1937/1937/1937 
f 1937/1937/1937 1936/1936/1936 1945/1945/1945 
f 1946/1946/1946 1938/1938/1938 1929/1929/1929 
f 1929/1929/1929 1937/1937/1937 1946/1946/1946 
f 1947/1947/1947 1948/1948/1948 1939/1939/1939 
f 1939/1939/1939 1938/1938/1938 1947/1947/1947 
f 1948/1948/1948 1949/1949/1949 1940/1940/1940 
f 1940/1940/1940 1939/1939/1939 1948/1948/1948 
f 1949/1949/1949 1950/1950/1950 1941/1941/1941 
f 1941/1941/1941 1940/1940/1940 1949/1949/1949 
f 1950/1950/1950 1951/1951/1951 1942/1942/1942 
f 1942/1942/1942 1941/1941/1941 1950/1950/1950 
f 1951/1951/1951 1795/1795/1795 1784/1784/1784 
f 1784/1784/1784 1942/1942/1942 1951/1951/1951 
f 1797/1797/1797 1952/1952/1952 1943/1943/1943 
f 1943/1943/1943 1786/1786/1786 1797/1797/1797 
f 1952/1952/1952 1953/1953/1953 1944/1944/1944 
f 1944/1944/1944 1943/1943/1943 1952/1952/1952 
f 1953/1953/1953 1954/1954/1954 1945/1945/1945 
f 1945/1945/1945 1944/1944/1944 1953/1953/1953 
f 1954/1954/1954 1955/1955/1955 1946/1946/1946 
f 1946/1946/1946 1945/1945/1945 1954/1954/1954 
f 1955/1955/1955 1947/1947/1947 1938/1938/1938 
f 1938/1938/1938 1946/1946/1946 1955/1955/1955 
f 1956/1956/1956 1957/1957/1957 1948/1948/1948 
f 1948/1948/1948 1947/1947/1947 1956/1956/1956 
f 1957/1957/1957 1958/1958/1958 1949/1949/1949 
f 1949/1949/1949 1948/1948/1948 1957/1957/1957 
f 1958/1958/1958 1959/1959/1959 1950/1950/1950 
f 1950/1950/1950 1949/1949/1949 1958/1958/1958 
f 1959/1959/1959 1960/1960/1960 1951/1951/1951 
f 1951/1951/1951 1950/1950/1950 1959/1959/1959 
f 1960/1960/1960 1806/1806/1806 1795/1795/1795 
f 1795/1795/1795 1951/1951/1951 1960/1960/1960 
f 1961/1961/1961 1962/1962/1962 1957/1957/1957 
f 1957/1957/1957 1956/1956/1956 1961/1961/1961 
f 1962/1962/1962 1963/1963/1963 1958/1958/1958 
f 1958/1958/1958 1957/1957/1957 1962/1962/1962 
f 1963/1963/1963 1964/1964/1964 1959/1959/1959 
f 1959/1959/1959 1958/1958/1958 1963/1963/1963 
f 1964/1964/1964 1965/1965/1965 1960/1960/1960 
f 1960/1960/1960 1959/1959/1959 1964/1964/1964 
f 1965/1965/1965 1812/1812/1812 1806/1806/1806 
f 1806/1806/1806 1960/1960/1960 1965/1965/1965 
f 1966/1966/1966 1967/1967/1967 1962/1962/1962 
f 1962/1962/1962 1961/1961/1961 1966/1966/1966 
f 1967/1967/1967 1968/1968/1968 1963/1963/1963 
f 1963/1963/1963 1962/1962/1962 1967/1967/1967 
f 1968/1968/1968 1969/1969/1969 1964/1964/1964 
f 1964/1964/1964 1963/1963/1963 1968/1968/1968 
f 1969/1969/1969 1970/1970/1970 1965/1965/1965 
f 1965/1965/1965 1964/1964/1964 1969/1969/1969 
f 1970/1970/1970 1818/1818/1818 1812/1812/1812 
f 1812/1812/1812 1965/1965/1965 1970/1970/1970 
f 1797/1797/1797 1820/1820/1820 1971/1971/1971 
f 1971/1971/1971 1952/1952/1952 1797/1797/1797 
f 1952/1952/1952 1971/1971/1971 1972/1972/1972 
f 1972/1972/1972 1953/1953/1953 1952/1952/1952 
f 1953/1953/1953 1972/1972/1972 1973/1973/1973 
f 1973/1973/1973 1954/1954/1954 1953/1953/1953 
f 1954/1954/1954 1973/1973/1973 1974/1974/1974 
f 1974/1974/1974 1955/1955/1955 1954/1954/1954 
f 1955/1955/1955 1974/1974/1974 1975/1975/1975 
f 1975/1975/1975 1947/1947/1947 1955/1955/1955 
f 1947/1947/1947 1975/1975/1975 1976/1976/1976 
f 1976/1976/1976 1956/1956/1956 1947/1947/1947 
f 1956/1956/1956 1976/1976/1976 1977/1977/1977 
f 1977/1977/1977 1961/1961/1961 1956/1956/1956 
f 1966/1966/1966 1978/1978/1978 1979/1979/1979 
f 1979/1979/1979 1967/1967/1967 1966/1966/1966 
f 1966/1966/1966 1961/1961/1961 1977/1977/1977 
f 1977/1977/1977 1978/1978/1978 1966/1966/1966 
f 1967/1967/1967 1979/1979/1979 1980/1980/1980 
f 1980/1980/1980 1968/1968/1968 1967/1967/1967 
f 1968/1968/1968 1980/1980/1980 1981/1981/1981 
f 1981/1981/1981 1969/1969/1969 1968/1968/1968 
f 1970/1970/1970 1969/1969/1969 1981/1981/1981 
f 1981/1981/1981 1982/1982/1982 1970/1970/1970 
f 1970/1970/1970 1982/1982/1982 1832/1832/1832 
f 1832/1832/1832 1818/1818/1818 1970/1970/1970 
f 1983/1983/1983 1984/1984/1984 1985/1985/1985 
f 1985/1985/1985 1986/1986/1986 1987/1987/1987 
f 1987/1987/1987 1983/1983/1983 1985/1985/1985 
f 1986/1986/1986 1988/1988/1988 1989/1989/1989 
f 1989/1989/1989 1987/1987/1987 1986/1986/1986 
f 1990/1990/1990 1991/1991/1991 1992/1992/1992 
f 1993/1993/1993 1994/1994/1994 1991/1991/1991 
f 1991/1991/1991 1990/1990/1990 1993/1993/1993 
f 1995/1995/1995 1996/1996/1996 1994/1994/1994 
f 1994/1994/1994 1993/1993/1993 1995/1995/1995 
f 1992/1992/1992 1997/1997/1997 1998/1998/1998 
f 1998/1998/1998 1990/1990/1990 1992/1992/1992 
f 1992/1992/1992 1991/1991/1991 1999/1999/1999 
f 1999/1999/1999 1997/1997/1997 1992/1992/1992 
f 1994/1994/1994 2000/2000/2000 1999/1999/1999 
f 1999/1999/1999 1991/1991/1991 1994/1994/1994 
f 1993/1993/1993 1990/1990/1990 1998/1998/1998 
f 1998/1998/1998 2001/2001/2001 1993/1993/1993 
f 1996/1996/1996 2002/2002/2002 2000/2000/2000 
f 2000/2000/2000 1994/1994/1994 1996/1996/1996 
f 1996/1996/1996 1995/1995/1995 2003/2003/2003 
f 2003/2003/2003 2002/2002/2002 1996/1996/1996 
f 1995/1995/1995 1993/1993/1993 2001/2001/2001 
f 2001/2001/2001 2003/2003/2003 1995/1995/1995 
f 2004/2004/2004 2005/2005/2005 2006/2006/2006 
f 2006/2006/2006 2007/2007/2007 2008/2008/2008 
f 2008/2008/2008 2004/2004/2004 2006/2006/2006 
f 2007/2007/2007 2009/2009/2009 2010/2010/2010 
f 2010/2010/2010 2008/2008/2008 2007/2007/2007 
f 2011/2011/2011 2012/2012/2012 2013/2013/2013 
f 2014/2014/2014 2015/2015/2015 2012/2012/2012 
f 2012/2012/2012 2011/2011/2011 2014/2014/2014 
f 2016/2016/2016 2017/2017/2017 2015/2015/2015 
f 2015/2015/2015 2014/2014/2014 2016/2016/2016 
f 2013/2013/2013 2018/2018/2018 2019/2019/2019 
f 2019/2019/2019 2011/2011/2011 2013/2013/2013 
f 2013/2013/2013 2012/2012/2012 2020/2020/2020 
f 2020/2020/2020 2018/2018/2018 2013/2013/2013 
f 2015/2015/2015 2021/2021/2021 2020/2020/2020 
f 2020/2020/2020 2012/2012/2012 2015/2015/2015 
f 2014/2014/2014 2011/2011/2011 2019/2019/2019 
f 2019/2019/2019 2022/2022/2022 2014/2014/2014 
f 2017/2017/2017 2023/2023/2023 2021/2021/2021 
f 2021/2021/2021 2015/2015/2015 2017/2017/2017 
f 2017/2017/2017 2016/2016/2016 2024/2024/2024 
f 2024/2024/2024 2023/2023/2023 2017/2017/2017 
f 2016/2016/2016 2014/2014/2014 2022/2022/2022 
f 2022/2022/2022 2024/2024/2024 2016/2016/2016 
f 2025/2025/2025 2026/2026/2026 2027/2027/2027 
f 2027/2027/2027 2028/2028/2028 2029/2029/2029 
f 2029/2029/2029 2025/2025/2025 2027/2027/2027 
f 2028/2028/2028 2030/2030/2030 2031/2031/2031 
f 2031/2031/2031 2029/2029/2029 2028/2028/2028 
f 2032/2032/2032 2033/2033/2033 2034/2034/2034 
f 2035/2035/2035 2036/2036/2036 2033/2033/2033 
f 2033/2033/2033 2032/2032/2032 2035/2035/2035 
f 2037/2037/2037 2038/2038/2038 2036/2036/2036 
f 2036/2036/2036 2035/2035/2035 2037/2037/2037 
f 2034/2034/2034 2039/2039/2039 2040/2040/2040 
f 2040/2040/2040 2032/2032/2032 2034/2034/2034 
f 2034/2034/2034 2033/2033/2033 2041/2041/2041 
f 2041/2041/2041 2039/2039/2039 2034/2034/2034 
f 2036/2036/2036 2042/2042/2042 2041/2041/2041 
f 2041/2041/2041 2033/2033/2033 2036/2036/2036 
f 2035/2035/2035 2032/2032/2032 2040/2040/2040 
f 2040/2040/2040 2043/2043/2043 2035/2035/2035 
f 2038/2038/2038 2044/2044/2044 2042/2042/2042 
f 2042/2042/2042 2036/2036/2036 2038/2038/2038 
f 2038/2038/2038 2037/2037/2037 2045/2045/2045 
f 2045/2045/2045 2044/2044/2044 2038/2038/2038 
f 2037/2037/2037 2035/2035/2035 2043/2043/2043 
f 2043/2043/2043 2045/2045/2045 2037/2037/2037 
f 2046/2046/2046 2047/2047/2047 2048/2048/2048 
f 2048/2048/2048 2049/2049/2049 2050/2050/2050 
f 2050/2050/2050 2046/2046/2046 2048/2048/2048 
f 2049/2049/2049 2051/2051/2051 2052/2052/2052 
f 2052/2052/2052 2050/2050/2050 2049/2049/2049 
f 2053/2053/2053 2054/2054/2054 2055/2055/2055 
f 2056/2056/2056 2057/2057/2057 2054/2054/2054 
f 2054/2054/2054 2053/2053/2053 2056/2056/2056 
f 2058/2058/2058 2059/2059/2059 2057/2057/2057 
f 2057/2057/2057 2056/2056/2056 2058/2058/2058 
f 2055/2055/2055 2060/2060/2060 2061/2061/2061 
f 2061/2061/2061 2053/2053/2053 2055/2055/2055 
f 2055/2055/2055 2054/2054/2054 2062/2062/2062 
f 2062/2062/2062 2060/2060/2060 2055/2055/2055 
f 2057/2057/2057 2063/2063/2063 2062/2062/2062 
f 2062/2062/2062 2054/2054/2054 2057/2057/2057 
f 2056/2056/2056 2053/2053/2053 2061/2061/2061 
f 2061/2061/2061 2064/2064/2064 2056/2056/2056 
f 2059/2059/2059 2065/2065/2065 2063/2063/2063 
f 2063/2063/2063 2057/2057/2057 2059/2059/2059 
f 2059/2059/2059 2058/2058/2058 2066/2066/2066 
f 2066/2066/2066 2065/2065/2065 2059/2059/2059 
f 2058/2058/2058 2056/2056/2056 2064/2064/2064 
f 2064/2064/2064 2066/2066/2066 2058/2058/2058 
f 2067/2067/2067 2068/2068/2068 2069/2069/2069 
f 2069/2069/2069 2070/2070/2070 2071/2071/2071 
f 2071/2071/2071 2067/2067/2067 2069/2069/2069 
f 2070/2070/2070 2072/2072/2072 2073/2073/2073 
f 2073/2073/2073 2071/2071/2071 2070/2070/2070 
f 2074/2074/2074 2075/2075/2075 2076/2076/2076 
f 2077/2077/2077 2078/2078/2078 2075/2075/2075 
f 2075/2075/2075 2074/2074/2074 2077/2077/2077 
f 2079/2079/2079 2080/2080/2080 2078/2078/2078 
f 2078/2078/2078 2077/2077/2077 2079/2079/2079 
f 2076/2076/2076 2081/2081/2081 2082/2082/2082 
f 2082/2082/2082 2074/2074/2074 2076/2076/2076 
f 2076/2076/2076 2075/2075/2075 2083/2083/2083 
f 2083/2083/2083 2081/2081/2081 2076/2076/2076 
f 2078/2078/2078 2084/2084/2084 2083/2083/2083 
f 2083/2083/2083 2075/2075/2075 2078/2078/2078 
f 2077/2077/2077 2074/2074/2074 2082/2082/2082 
f 2082/2082/2082 2085/2085/2085 2077/2077/2077 
f 2080/2080/2080 2086/2086/2086 2084/2084/2084 
f 2084/2084/2084 2078/2078/2078 2080/2080/2080 
f 2079/2079/2079 2087/2087/2087 2086/2086/2086 
f 2086/2086/2086 2080/2080/2080 2079/2079/2079 
f 2079/2079/2079 2077/2077/2077 2085/2085/2085 
f 2085/2085/2085 2087/2087/2087 2079/2079/2079 
f 2088/2088/2088 2089/2089/2089 2090/2090/2090 
f 2090/2090/2090 2091/2091/2091 2092/2092/2092 
f 2092/2092/2092 2088/2088/2088 2090/2090/2090 
f 2091/2091/2091 2093/2093/2093 2094/2094/2094 
f 2094/2094/2094 2092/2092/2092 2091/2091/2091 
f 2095/2095/2095 2096/2096/2096 2097/2097/2097 
f 2098/2098/2098 2099/2099/2099 2096/2096/2096 
f 2096/2096/2096 2095/2095/2095 2098/2098/2098 
f 2100/2100/2100 2101/2101/2101 2099/2099/2099 
f 2099/2099/2099 2098/2098/2098 2100/2100/2100 
f 2097/2097/2097 2102/2102/2102 2103/2103/2103 
f 2103/2103/2103 2095/2095/2095 2097/2097/2097 
f 2097/2097/2097 2096/2096/2096 2104/2104/2104 
f 2104/2104/2104 2102/2102/2102 2097/2097/2097 
f 2099/2099/2099 2105/2105/2105 2104/2104/2104 
f 2104/2104/2104 2096/2096/2096 2099/2099/2099 
f 2098/2098/2098 2095/2095/2095 2103/2103/2103 
f 2103/2103/2103 2106/2106/2106 2098/2098/2098 
f 2101/2101/2101 2107/2107/2107 2105/2105/2105 
f 2105/2105/2105 2099/2099/2099 2101/2101/2101 
f 2101/2101/2101 2100/2100/2100 2108/2108/2108 
f 2108/2108/2108 2107/2107/2107 2101/2101/2101 
f 2100/2100/2100 2098/2098/2098 2106/2106/2106 
f 2106/2106/2106 2108/2108/2108 2100/2100/2100 
f 2109/2109/2109 2110/2110/2110 2111/2111/2111 
f 2111/2111/2111 2112/2112/2112 2113/2113/2113 
f 2113/2113/2113 2109/2109/2109 2111/2111/2111 
f 2112/2112/2112 2114/2114/2114 2115/2115/2115 
f 2115/2115/2115 2113/2113/2113 2112/2112/2112 
f 2116/2116/2116 2117/2117/2117 2118/2118/2118 
f 2119/2119/2119 2120/2120/2120 2117/2117/2117 
f 2117/2117/2117 2116/2116/2116 2119/2119/2119 
f 2121/2121/2121 2122/2122/2122 2120/2120/2120 
f 2120/2120/2120 2119/2119/2119 2121/2121/2121 
f 2118/2118/2118 2123/2123/2123 2124/2124/2124 
f 2124/2124/2124 2116/2116/2116 2118/2118/2118 
f 2118/2118/2118 2117/2117/2117 2125/2125/2125 
f 2125/2125/2125 2123/2123/2123 2118/2118/2118 
f 2120/2120/2120 2126/2126/2126 2125/2125/2125 
f 2125/2125/2125 2117/2117/2117 2120/2120/2120 
f 2119/2119/2119 2116/2116/2116 2124/2124/2124 
f 2124/2124/2124 2127/2127/2127 2119/2119/2119 
f 2122/2122/2122 2128/2128/2128 2126/2126/2126 
f 2126/2126/2126 2120/2120/2120 2122/2122/2122 
f 2122/2122/2122 2121/2121/2121 2129/2129/2129 
f 2129/2129/2129 2128/2128/2128 2122/2122/2122 
f 2121/2121/2121 2119/2119/2119 2127/2127/2127 
f 2127/2127/2127 2129/2129/2129 2121/2121/2121 
f 2130/2130/2130 2131/2131/2131 2132/2132/2132 
f 2132/2132/2132 2133/2133/2133 2134/2134/2134 
f 2134/2134/2134 2130/2130/2130 2132/2132/2132 
f 2133/2133/2133 2135/2135/2135 2136/2136/2136 
f 2136/2136/2136 2134/2134/2134 2133/2133/2133 
f 2137/2137/2137 2138/2138/2138 2139/2139/2139 
f 2140/2140/2140 2141/2141/2141 2138/2138/2138 
f 2138/2138/2138 2137/2137/2137 2140/2140/2140 
f 2142/2142/2142 2143/2143/2143 2141/2141/2141 
f 2141/2141/2141 2140/2140/2140 2142/2142/2142 
f 2139/2139/2139 2144/2144/2144 2145/2145/2145 
f 2145/2145/2145 2137/2137/2137 2139/2139/2139 
f 2139/2139/2139 2138/2138/2138 2146/2146/2146 
f 2146/2146/2146 2144/2144/2144 2139/2139/2139 
f 2141/2141/2141 2147/2147/2147 2146/2146/2146 
f 2146/2146/2146 2138/2138/2138 2141/2141/2141 
f 2140/2140/2140 2137/2137/2137 2145/2145/2145 
f 2145/2145/2145 2148/2148/2148 2140/2140/2140 
f 2143/2143/2143 2149/2149/2149 2147/2147/2147 
f 2147/2147/2147 2141/2141/2141 2143/2143/2143 
f 2143/2143/2143 2142/2142/2142 2150/2150/2150 
f 2150/2150/2150 2149/2149/2149 2143/2143/2143 
f 2142/2142/2142 2140/2140/2140 2148/2148/2148 
f 2148/2148/2148 2150/2150/2150 2142/2142/2142 
f 2151/2151/2151 2152/2152/2152 2153/2153/2153 
f 2153/2153/2153 2154/2154/2154 2155/2155/2155 
f 2155/2155/2155 2151/2151/2151 2153/2153/2153 
f 2154/2154/2154 2156/2156/2156 2157/2157/2157 
f 2157/2157/2157 2155/2155/2155 2154/2154/2154 
f 2158/2158/2158 2159/2159/2159 2160/2160/2160 
f 2161/2161/2161 2162/2162/2162 2159/2159/2159 
f 2159/2159/2159 2158/2158/2158 2161/2161/2161 
f 2163/2163/2163 2164/2164/2164 2162/2162/2162 
f 2162/2162/2162 2161/2161/2161 2163/2163/2163 
f 2160/2160/2160 2165/2165/2165 2166/2166/2166 
f 2166/2166/2166 2158/2158/2158 2160/2160/2160 
f 2160/2160/2160 2159/2159/2159 2167/2167/2167 
f 2167/2167/2167 2165/2165/2165 2160/2160/2160 
f 2162/2162/2162 2168/2168/2168 2167/2167/2167 
f 2167/2167/2167 2159/2159/2159 2162/2162/2162 
f 2161/2161/2161 2158/2158/2158 2166/2166/2166 
f 2166/2166/2166 2169/2169/2169 2161/2161/2161 
f 2164/2164/2164 2170/2170/2170 2168/2168/2168 
f 2168/2168/2168 2162/2162/2162 2164/2164/2164 
f 2164/2164/2164 2163/2163/2163 2171/2171/2171 
f 2171/2171/2171 2170/2170/2170 2164/2164/2164 
f 2163/2163/2163 2161/2161/2161 2169/2169/2169 
f 2169/2169/2169 2171/2171/2171 2163/2163/2163 
f 2172/2172/2172 2173/2173/2173 2174/2174/2174 
f 2174/2174/2174 2175/2175/2175 2176/2176/2176 
f 2176/2176/2176 2172/2172/2172 2174/2174/2174 
f 2175/2175/2175 2177/2177/2177 2178/2178/2178 
f 2178/2178/2178 2176/2176/2176 2175/2175/2175 
f 2179/2179/2179 2180/2180/2180 2181/2181/2181 
f 2182/2182/2182 2183/2183/2183 2180/2180/2180 
f 2180/2180/2180 2179/2179/2179 2182/2182/2182 
f 2184/2184/2184 2185/2185/2185 2183/2183/2183 
f 2183/2183/2183 2182/2182/2182 2184/2184/2184 
f 2181/2181/2181 2186/2186/2186 2187/2187/2187 
f 2187/2187/2187 2179/2179/2179 2181/2181/2181 
f 2181/2181/2181 2180/2180/2180 2188/2188/2188 
f 2188/2188/2188 2186/2186/2186 2181/2181/2181 
f 2183/2183/2183 2189/2189/2189 2188/2188/2188 
f 2188/2188/2188 2180/2180/2180 2183/2183/2183 
f 2182/2182/2182 2179/2179/2179 2187/2187/2187 
f 2187/2187/2187 2190/2190/2190 2182/2182/2182 
f 2185/2185/2185 2191/2191/2191 2189/2189/2189 
f 2189/2189/2189 2183/2183/2183 2185/2185/2185 
f 2185/2185/2185 2184/2184/2184 2192/2192/2192 
f 2192/2192/2192 2191/2191/2191 2185/2185/2185 
f 2184/2184/2184 2182/2182/2182 2190/2190/2190 
f 2190/2190/2190 2192/2192/2192 2184/2184/2184 
f 2193/2193/2193 2194/2194/2194 2195/2195/2195 
f 2195/2195/2195 2196/2196/2196 2197/2197/2197 
f 2197/2197/2197 2193/2193/2193 2195/2195/2195 
f 2196/2196/2196 2198/2198/2198 2199/2199/2199 
f 2199/2199/2199 2197/2197/2197 2196/2196/2196 
f 2200/2200/2200 2201/2201/2201 2202/2202/2202 
f 2203/2203/2203 2204/2204/2204 2201/2201/2201 
f 2201/2201/2201 2200/2200/2200 2203/2203/2203 
f 2205/2205/2205 2206/2206/2206 2204/2204/2204 
f 2204/2204/2204 2203/2203/2203 2205/2205/2205 
f 2202/2202/2202 2207/2207/2207 2208/2208/2208 
f 2208/2208/2208 2200/2200/2200 2202/2202/2202 
f 2202/2202/2202 2201/2201/2201 2209/2209/2209 
f 2209/2209/2209 2207/2207/2207 2202/2202/2202 
f 2204/2204/2204 2210/2210/2210 2209/2209/2209 
f 2209/2209/2209 2201/2201/2201 2204/2204/2204 
f 2203/2203/2203 2200/2200/2200 2208/2208/2208 
f 2208/2208/2208 2211/2211/2211 2203/2203/2203 
f 2206/2206/2206 2212/2212/2212 2210/2210/2210 
f 2210/2210/2210 2204/2204/2204 2206/2206/2206 
f 2206/2206/2206 2205/2205/2205 2213/2213/2213 
f 2213/2213/2213 2212/2212/2212 2206/2206/2206 
f 2205/2205/2205 2203/2203/2203 2211/2211/2211 
f 2211/2211/2211 2213/2213/2213 2205/2205/2205 
f 2214/2214/2214 2215/2215/2215 2216/2216/2216 
f 2216/2216/2216 2217/2217/2217 2218/2218/2218 
f 2218/2218/2218 2214/2214/2214 2216/2216/2216 
f 2217/2217/2217 2219/2219/2219 2220/2220/2220 
f 2220/2220/2220 2218/2218/2218 2217/2217/2217 
f 2221/2221/2221 2222/2222/2222 2223/2223/2223 
f 2224/2224/2224 2225/2225/2225 2222/2222/2222 
f 2222/2222/2222 2221/2221/2221 2224/2224/2224 
f 2226/2226/2226 2227/2227/2227 2225/2225/2225 
f 2225/2225/2225 2224/2224/2224 2226/2226/2226 
f 2223/2223/2223 2228/2228/2228 2229/2229/2229 
f 2229/2229/2229 2221/2221/2221 2223/2223/2223 
f 2223/2223/2223 2222/2222/2222 2230/2230/2230 
f 2230/2230/2230 2228/2228/2228 2223/2223/2223 
f 2225/2225/2225 2231/2231/2231 2230/2230/2230 
f 2230/2230/2230 2222/2222/2222 2225/2225/2225 
f 2224/2224/2224 2221/2221/2221 2229/2229/2229 
f 2229/2229/2229 2232/2232/2232 2224/2224/2224 
f 2227/2227/2227 2233/2233/2233 2231/2231/2231 
f 2231/2231/2231 2225/2225/2225 2227/2227/2227 
f 2227/2227/2227 2226/2226/2226 2234/2234/2234 
f 2234/2234/2234 2233/2233/2233 2227/2227/2227 
f 2226/2226/2226 2224/2224/2224 2232/2232/2232 
f 2232/2232/2232 2234/2234/2234 2226/2226/2226 
f 2235/2235/2235 2236/2236/2236 2237/2237/2237 
f 2235/2235/2235 2237/2237/2237 2238/2238/2238 
f 2238/2238/2238 2239/2239/2239 2235/2235/2235 
f 2238/2238/2238 2240/2240/2240 2241/2241/2241 
f 2241/2241/2241 2239/2239/2239 2238/2238/2238 
f 2242/2242/2242 2243/2243/2243 2244/2244/2244 
f 2245/2245/2245 2246/2246/2246 2243/2243/2243 
f 2243/2243/2243 2242/2242/2242 2245/2245/2245 
f 2247/2247/2247 2248/2248/2248 2246/2246/2246 
f 2246/2246/2246 2245/2245/2245 2247/2247/2247 
f 2244/2244/2244 2249/2249/2249 2250/2250/2250 
f 2250/2250/2250 2242/2242/2242 2244/2244/2244 
f 2244/2244/2244 2243/2243/2243 2251/2251/2251 
f 2251/2251/2251 2249/2249/2249 2244/2244/2244 
f 2246/2246/2246 2252/2252/2252 2251/2251/2251 
f 2251/2251/2251 2243/2243/2243 2246/2246/2246 
f 2245/2245/2245 2242/2242/2242 2250/2250/2250 
f 2250/2250/2250 2253/2253/2253 2245/2245/2245 
f 2248/2248/2248 2254/2254/2254 2252/2252/2252 
f 2252/2252/2252 2246/2246/2246 2248/2248/2248 
f 2247/2247/2247 2255/2255/2255 2254/2254/2254 
f 2254/2254/2254 2248/2248/2248 2247/2247/2247 
f 2247/2247/2247 2245/2245/2245 2253/2253/2253 
f 2253/2253/2253 2255/2255/2255 2247/2247/2247 
f 2256/2256/2256 2257/2257/2257 2258/2258/2258 
f 2258/2258/2258 2259/2259/2259 2260/2260/2260 
f 2260/2260/2260 2256/2256/2256 2258/2258/2258 
f 2259/2259/2259 2261/2261/2261 2262/2262/2262 
f 2262/2262/2262 2260/2260/2260 2259/2259/2259 
f 2263/2263/2263 2264/2264/2264 2265/2265/2265 
f 2266/2266/2266 2267/2267/2267 2264/2264/2264 
f 2264/2264/2264 2263/2263/2263 2266/2266/2266 
f 2268/2268/2268 2269/2269/2269 2267/2267/2267 
f 2267/2267/2267 2266/2266/2266 2268/2268/2268 
f 2265/2265/2265 2270/2270/2270 2271/2271/2271 
f 2271/2271/2271 2263/2263/2263 2265/2265/2265 
f 2265/2265/2265 2264/2264/2264 2272/2272/2272 
f 2272/2272/2272 2270/2270/2270 2265/2265/2265 
f 2267/2267/2267 2273/2273/2273 2272/2272/2272 
f 2272/2272/2272 2264/2264/2264 2267/2267/2267 
f 2266/2266/2266 2263/2263/2263 2271/2271/2271 
f 2271/2271/2271 2274/2274/2274 2266/2266/2266 
f 2269/2269/2269 2275/2275/2275 2273/2273/2273 
f 2273/2273/2273 2267/2267/2267 2269/2269/2269 
f 2269/2269/2269 2268/2268/2268 2276/2276/2276 
f 2276/2276/2276 2275/2275/2275 2269/2269/2269 
f 2268/2268/2268 2266/2266/2266 2274/2274/2274 
f 2274/2274/2274 2276/2276/2276 2268/2268/2268 
f 2277/2277/2277 2278/2278/2278 2279/2279/2279 
f 2279/2279/2279 2280/2280/2280 2281/2281/2281 
f 2281/2281/2281 2277/2277/2277 2279/2279/2279 
f 2280/2280/2280 2282/2282/2282 2283/2283/2283 
f 2283/2283/2283 2281/2281/2281 2280/2280/2280 
f 2284/2284/2284 2285/2285/2285 2286/2286/2286 
f 2287/2287/2287 2288/2288/2288 2285/2285/2285 
f 2285/2285/2285 2284/2284/2284 2287/2287/2287 
f 2289/2289/2289 2290/2290/2290 2288/2288/2288 
f 2288/2288/2288 2287/2287/2287 2289/2289/2289 
f 2286/2286/2286 2291/2291/2291 2292/2292/2292 
f 2292/2292/2292 2284/2284/2284 2286/2286/2286 
f 2286/2286/2286 2285/2285/2285 2293/2293/2293 
f 2293/2293/2293 2291/2291/2291 2286/2286/2286 
f 2288/2288/2288 2294/2294/2294 2293/2293/2293 
f 2293/2293/2293 2285/2285/2285 2288/2288/2288 
f 2287/2287/2287 2284/2284/2284 2292/2292/2292 
f 2292/2292/2292 2295/2295/2295 2287/2287/2287 
f 2290/2290/2290 2296/2296/2296 2294/2294/2294 
f 2294/2294/2294 2288/2288/2288 2290/2290/2290 
f 2290/2290/2290 2289/2289/2289 2297/2297/2297 
f 2297/2297/2297 2296/2296/2296 2290/2290/2290 
f 2289/2289/2289 2287/2287/2287 2295/2295/2295 
f 2295/2295/2295 2297/2297/2297 2289/2289/2289 
f 2298/2298/2298 2299/2299/2299 2300/2300/2300 
f 2300/2300/2300 2301/2301/2301 2302/2302/2302 
f 2302/2302/2302 2298/2298/2298 2300/2300/2300 
f 2301/2301/2301 2303/2303/2303 2304/2304/2304 
f 2304/2304/2304 2302/2302/2302 2301/2301/2301 
f 2305/2305/2305 2306/2306/2306 2307/2307/2307 
f 2308/2308/2308 2309/2309/2309 2306/2306/2306 
f 2306/2306/2306 2305/2305/2305 2308/2308/2308 
f 2310/2310/2310 2311/2311/2311 2309/2309/2309 
f 2309/2309/2309 2308/2308/2308 2310/2310/2310 
f 2307/2307/2307 2312/2312/2312 2313/2313/2313 
f 2313/2313/2313 2305/2305/2305 2307/2307/2307 
f 2314/2314/2314 2312/2312/2312 2307/2307/2307 
f 2307/2307/2307 2306/2306/2306 2314/2314/2314 
f 2309/2309/2309 2315/2315/2315 2314/2314/2314 
f 2314/2314/2314 2306/2306/2306 2309/2309/2309 
f 2308/2308/2308 2305/2305/2305 2313/2313/2313 
f 2313/2313/2313 2316/2316/2316 2308/2308/2308 
f 2311/2311/2311 2317/2317/2317 2315/2315/2315 
f 2315/2315/2315 2309/2309/2309 2311/2311/2311 
f 2311/2311/2311 2310/2310/2310 2318/2318/2318 
f 2318/2318/2318 2317/2317/2317 2311/2311/2311 
f 2308/2308/2308 2316/2316/2316 2318/2318/2318 
f 2318/2318/2318 2310/2310/2310 2308/2308/2308 
f 2319/2319/2319 2320/2320/2320 2321/2321/2321 
f 2321/2321/2321 2322/2322/2322 2323/2323/2323 
f 2323/2323/2323 2319/2319/2319 2321/2321/2321 
f 2322/2322/2322 2324/2324/2324 2325/2325/2325 
f 2325/2325/2325 2323/2323/2323 2322/2322/2322 
f 2326/2326/2326 2327/2327/2327 2328/2328/2328 
f 2329/2329/2329 2330/2330/2330 2327/2327/2327 
f 2327/2327/2327 2326/2326/2326 2329/2329/2329 
f 2331/2331/2331 2332/2332/2332 2330/2330/2330 
f 2330/2330/2330 2329/2329/2329 2331/2331/2331 
f 2333/2333/2333 2320/2320/2320 2319/2319/2319 
f 2319/2319/2319 2334/2334/2334 2333/2333/2333 
f 2333/2333/2333 2335/2335/2335 2321/2321/2321 
f 2321/2321/2321 2320/2320/2320 2333/2333/2333 
f 2336/2336/2336 2322/2322/2322 2321/2321/2321 
f 2321/2321/2321 2335/2335/2335 2336/2336/2336 
f 2337/2337/2337 2334/2334/2334 2319/2319/2319 
f 2319/2319/2319 2323/2323/2323 2337/2337/2337 
f 2338/2338/2338 2324/2324/2324 2322/2322/2322 
f 2322/2322/2322 2336/2336/2336 2338/2338/2338 
f 2338/2338/2338 2339/2339/2339 2325/2325/2325 
f 2325/2325/2325 2324/2324/2324 2338/2338/2338 
f 2339/2339/2339 2337/2337/2337 2323/2323/2323 
f 2323/2323/2323 2325/2325/2325 2339/2339/2339 
f 2340/2340/2340 2341/2341/2341 2342/2342/2342 
f 2342/2342/2342 2343/2343/2343 2344/2344/2344 
f 2344/2344/2344 2340/2340/2340 2342/2342/2342 
f 2343/2343/2343 2345/2345/2345 2346/2346/2346 
f 2346/2346/2346 2344/2344/2344 2343/2343/2343 
f 2347/2347/2347 2348/2348/2348 2349/2349/2349 
f 2350/2350/2350 2351/2351/2351 2348/2348/2348 
f 2348/2348/2348 2347/2347/2347 2350/2350/2350 
f 2352/2352/2352 2353/2353/2353 2351/2351/2351 
f 2351/2351/2351 2350/2350/2350 2352/2352/2352 
f 2354/2354/2354 2341/2341/2341 2340/2340/2340 
f 2340/2340/2340 2355/2355/2355 2354/2354/2354 
f 2354/2354/2354 2356/2356/2356 2342/2342/2342 
f 2342/2342/2342 2341/2341/2341 2354/2354/2354 
f 2357/2357/2357 2343/2343/2343 2342/2342/2342 
f 2342/2342/2342 2356/2356/2356 2357/2357/2357 
f 2358/2358/2358 2355/2355/2355 2340/2340/2340 
f 2340/2340/2340 2344/2344/2344 2358/2358/2358 
f 2359/2359/2359 2345/2345/2345 2343/2343/2343 
f 2343/2343/2343 2357/2357/2357 2359/2359/2359 
f 2359/2359/2359 2360/2360/2360 2346/2346/2346 
f 2346/2346/2346 2345/2345/2345 2359/2359/2359 
f 2358/2358/2358 2344/2344/2344 2346/2346/2346 
f 2346/2346/2346 2360/2360/2360 2358/2358/2358 
f 2361/2361/2361 2362/2362/2362 2363/2363/2363 
f 2363/2363/2363 2364/2364/2364 2365/2365/2365 
f 2365/2365/2365 2361/2361/2361 2363/2363/2363 
f 2364/2364/2364 2366/2366/2366 2367/2367/2367 
f 2367/2367/2367 2365/2365/2365 2364/2364/2364 
f 2368/2368/2368 2369/2369/2369 2370/2370/2370 
f 2371/2371/2371 2372/2372/2372 2369/2369/2369 
f 2369/2369/2369 2368/2368/2368 2371/2371/2371 
f 2373/2373/2373 2374/2374/2374 2372/2372/2372 
f 2372/2372/2372 2371/2371/2371 2373/2373/2373 
f 2375/2375/2375 2362/2362/2362 2361/2361/2361 
f 2361/2361/2361 2376/2376/2376 2375/2375/2375 
f 2375/2375/2375 2377/2377/2377 2363/2363/2363 
f 2363/2363/2363 2362/2362/2362 2375/2375/2375 
f 2378/2378/2378 2364/2364/2364 2363/2363/2363 
f 2363/2363/2363 2377/2377/2377 2378/2378/2378 
f 2379/2379/2379 2376/2376/2376 2361/2361/2361 
f 2361/2361/2361 2365/2365/2365 2379/2379/2379 
f 2380/2380/2380 2366/2366/2366 2364/2364/2364 
f 2364/2364/2364 2378/2378/2378 2380/2380/2380 
f 2380/2380/2380 2381/2381/2381 2367/2367/2367 
f 2367/2367/2367 2366/2366/2366 2380/2380/2380 
f 2379/2379/2379 2365/2365/2365 2367/2367/2367 
f 2367/2367/2367 2381/2381/2381 2379/2379/2379 
f 2382/2382/2382 2383/2383/2383 2384/2384/2384 
f 2384/2384/2384 2385/2385/2385 2386/2386/2386 
f 2386/2386/2386 2382/2382/2382 2384/2384/2384 
f 2385/2385/2385 2387/2387/2387 2388/2388/2388 
f 2388/2388/2388 2386/2386/2386 2385/2385/2385 
f 2389/2389/2389 2390/2390/2390 2391/2391/2391 
f 2392/2392/2392 2393/2393/2393 2390/2390/2390 
f 2390/2390/2390 2389/2389/2389 2392/2392/2392 
f 2394/2394/2394 2395/2395/2395 2393/2393/2393 
f 2393/2393/2393 2392/2392/2392 2394/2394/2394 
f 2391/2391/2391 2396/2396/2396 2397/2397/2397 
f 2397/2397/2397 2389/2389/2389 2391/2391/2391 
f 2391/2391/2391 2390/2390/2390 2398/2398/2398 
f 2398/2398/2398 2396/2396/2396 2391/2391/2391 
f 2393/2393/2393 2399/2399/2399 2398/2398/2398 
f 2398/2398/2398 2390/2390/2390 2393/2393/2393 
f 2392/2392/2392 2389/2389/2389 2397/2397/2397 
f 2397/2397/2397 2400/2400/2400 2392/2392/2392 
f 2395/2395/2395 2401/2401/2401 2399/2399/2399 
f 2399/2399/2399 2393/2393/2393 2395/2395/2395 
f 2395/2395/2395 2394/2394/2394 2402/2402/2402 
f 2402/2402/2402 2401/2401/2401 2395/2395/2395 
f 2394/2394/2394 2392/2392/2392 2400/2400/2400 
f 2400/2400/2400 2402/2402/2402 2394/2394/2394 
f 2403/2403/2403 2404/2404/2404 2405/2405/2405 
f 2403/2403/2403 2405/2405/2405 2406/2406/2406 
f 2406/2406/2406 2407/2407/2407 2403/2403/2403 
f 2406/2406/2406 2408/2408/2408 2409/2409/2409 
f 2409/2409/2409 2407/2407/2407 2406/2406/2406 
f 2410/2410/2410 2411/2411/2411 2412/2412/2412 
f 2413/2413/2413 2414/2414/2414 2411/2411/2411 
f 2411/2411/2411 2410/2410/2410 2413/2413/2413 
f 2415/2415/2415 2416/2416/2416 2414/2414/2414 
f 2414/2414/2414 2413/2413/2413 2415/2415/2415 
f 2417/2417/2417 2404/2404/2404 2403/2403/2403 
f 2403/2403/2403 2418/2418/2418 2417/2417/2417 
f 2417/2417/2417 2419/2419/2419 2405/2405/2405 
f 2405/2405/2405 2404/2404/2404 2417/2417/2417 
f 2420/2420/2420 2406/2406/2406 2405/2405/2405 
f 2405/2405/2405 2419/2419/2419 2420/2420/2420 
f 2421/2421/2421 2418/2418/2418 2403/2403/2403 
f 2403/2403/2403 2407/2407/2407 2421/2421/2421 
f 2422/2422/2422 2408/2408/2408 2406/2406/2406 
f 2406/2406/2406 2420/2420/2420 2422/2422/2422 
f 2422/2422/2422 2423/2423/2423 2409/2409/2409 
f 2409/2409/2409 2408/2408/2408 2422/2422/2422 
f 2423/2423/2423 2421/2421/2421 2407/2407/2407 
f 2407/2407/2407 2409/2409/2409 2423/2423/2423 
f 2424/2424/2424 2425/2425/2425 2426/2426/2426 
f 2426/2426/2426 2427/2427/2427 2428/2428/2428 
f 2428/2428/2428 2424/2424/2424 2426/2426/2426 
f 2427/2427/2427 2429/2429/2429 2430/2430/2430 
f 2430/2430/2430 2428/2428/2428 2427/2427/2427 
f 2431/2431/2431 2432/2432/2432 2433/2433/2433 
f 2434/2434/2434 2435/2435/2435 2432/2432/2432 
f 2432/2432/2432 2431/2431/2431 2434/2434/2434 
f 2436/2436/2436 2437/2437/2437 2435/2435/2435 
f 2435/2435/2435 2434/2434/2434 2436/2436/2436 
f 2438/2438/2438 2439/2439/2439 2425/2425/2425 
f 2425/2425/2425 2424/2424/2424 2438/2438/2438 
f 2440/2440/2440 2426/2426/2426 2425/2425/2425 
f 2425/2425/2425 2439/2439/2439 2440/2440/2440 
f 2441/2441/2441 2427/2427/2427 2426/2426/2426 
f 2426/2426/2426 2440/2440/2440 2441/2441/2441 
f 2442/2442/2442 2438/2438/2438 2424/2424/2424 
f 2424/2424/2424 2428/2428/2428 2442/2442/2442 
f 2443/2443/2443 2429/2429/2429 2427/2427/2427 
f 2427/2427/2427 2441/2441/2441 2443/2443/2443 
f 2443/2443/2443 2444/2444/2444 2430/2430/2430 
f 2430/2430/2430 2429/2429/2429 2443/2443/2443 
f 2442/2442/2442 2428/2428/2428 2430/2430/2430 
f 2430/2430/2430 2444/2444/2444 2442/2442/2442 
f 2445/2445/2445 2446/2446/2446 2447/2447/2447 
f 2447/2447/2447 2448/2448/2448 2449/2449/2449 
f 2449/2449/2449 2445/2445/2445 2447/2447/2447 
f 2448/2448/2448 2450/2450/2450 2451/2451/2451 
f 2451/2451/2451 2449/2449/2449 2448/2448/2448 
f 2452/2452/2452 2453/2453/2453 2454/2454/2454 
f 2455/2455/2455 2456/2456/2456 2453/2453/2453 
f 2453/2453/2453 2452/2452/2452 2455/2455/2455 
f 2457/2457/2457 2458/2458/2458 2456/2456/2456 
f 2456/2456/2456 2455/2455/2455 2457/2457/2457 
f 2454/2454/2454 2459/2459/2459 2460/2460/2460 
f 2460/2460/2460 2452/2452/2452 2454/2454/2454 
f 2454/2454/2454 2453/2453/2453 2461/2461/2461 
f 2461/2461/2461 2459/2459/2459 2454/2454/2454 
f 2456/2456/2456 2462/2462/2462 2461/2461/2461 
f 2461/2461/2461 2453/2453/2453 2456/2456/2456 
f 2455/2455/2455 2452/2452/2452 2460/2460/2460 
f 2460/2460/2460 2463/2463/2463 2455/2455/2455 
f 2458/2458/2458 2464/2464/2464 2462/2462/2462 
f 2462/2462/2462 2456/2456/2456 2458/2458/2458 
f 2458/2458/2458 2457/2457/2457 2465/2465/2465 
f 2465/2465/2465 2464/2464/2464 2458/2458/2458 
f 2457/2457/2457 2455/2455/2455 2463/2463/2463 
f 2463/2463/2463 2465/2465/2465 2457/2457/2457 
f 2466/2466/2466 2467/2467/2467 2468/2468/2468 
f 2466/2466/2466 2468/2468/2468 2469/2469/2469 
f 2469/2469/2469 2470/2470/2470 2466/2466/2466 
f 2470/2470/2470 2469/2469/2469 2471/2471/2471 
f 2471/2471/2471 2472/2472/2472 2470/2470/2470 
f 2473/2473/2473 2474/2474/2474 2475/2475/2475 
f 2473/2473/2473 2476/2476/2476 2477/2477/2477 
f 2477/2477/2477 2474/2474/2474 2473/2473/2473 
f 2476/2476/2476 2478/2478/2478 2479/2479/2479 
f 2479/2479/2479 2477/2477/2477 2476/2476/2476 
f 2475/2475/2475 2480/2480/2480 2481/2481/2481 
f 2481/2481/2481 2473/2473/2473 2475/2475/2475 
f 2475/2475/2475 2474/2474/2474 2482/2482/2482 
f 2482/2482/2482 2480/2480/2480 2475/2475/2475 
f 2477/2477/2477 2483/2483/2483 2482/2482/2482 
f 2482/2482/2482 2474/2474/2474 2477/2477/2477 
f 2476/2476/2476 2473/2473/2473 2481/2481/2481 
f 2481/2481/2481 2484/2484/2484 2476/2476/2476 
f 2477/2477/2477 2479/2479/2479 2485/2485/2485 
f 2485/2485/2485 2483/2483/2483 2477/2477/2477 
f 2478/2478/2478 2486/2486/2486 2485/2485/2485 
f 2485/2485/2485 2479/2479/2479 2478/2478/2478 
f 2478/2478/2478 2476/2476/2476 2484/2484/2484 
f 2484/2484/2484 2486/2486/2486 2478/2478/2478 
f 2487/2487/2487 2488/2488/2488 2489/2489/2489 
f 2489/2489/2489 2490/2490/2490 2491/2491/2491 
f 2491/2491/2491 2487/2487/2487 2489/2489/2489 
f 2491/2491/2491 2490/2490/2490 2492/2492/2492 
f 2492/2492/2492 2493/2493/2493 2491/2491/2491 
f 2494/2494/2494 2495/2495/2495 2496/2496/2496 
f 2497/2497/2497 2498/2498/2498 2495/2495/2495 
f 2495/2495/2495 2494/2494/2494 2497/2497/2497 
f 2497/2497/2497 2499/2499/2499 2500/2500/2500 
f 2500/2500/2500 2498/2498/2498 2497/2497/2497 
f 2496/2496/2496 2501/2501/2501 2502/2502/2502 
f 2502/2502/2502 2494/2494/2494 2496/2496/2496 
f 2496/2496/2496 2495/2495/2495 2503/2503/2503 
f 2503/2503/2503 2501/2501/2501 2496/2496/2496 
f 2498/2498/2498 2504/2504/2504 2503/2503/2503 
f 2503/2503/2503 2495/2495/2495 2498/2498/2498 
f 2494/2494/2494 2502/2502/2502 2505/2505/2505 
f 2505/2505/2505 2497/2497/2497 2494/2494/2494 
f 2498/2498/2498 2500/2500/2500 2506/2506/2506 
f 2506/2506/2506 2504/2504/2504 2498/2498/2498 
f 2499/2499/2499 2507/2507/2507 2506/2506/2506 
f 2506/2506/2506 2500/2500/2500 2499/2499/2499 
f 2499/2499/2499 2497/2497/2497 2505/2505/2505 
f 2505/2505/2505 2507/2507/2507 2499/2499/2499 
f 2508/2508/2508 2509/2509/2509 2510/2510/2510 
f 2508/2508/2508 2510/2510/2510 2511/2511/2511 
f 2511/2511/2511 2512/2512/2512 2508/2508/2508 
f 2512/2512/2512 2511/2511/2511 2513/2513/2513 
f 2513/2513/2513 2514/2514/2514 2512/2512/2512 
f 2515/2515/2515 2516/2516/2516 2517/2517/2517 
f 2515/2515/2515 2518/2518/2518 2519/2519/2519 
f 2519/2519/2519 2516/2516/2516 2515/2515/2515 
f 2518/2518/2518 2520/2520/2520 2521/2521/2521 
f 2521/2521/2521 2519/2519/2519 2518/2518/2518 
f 2517/2517/2517 2522/2522/2522 2523/2523/2523 
f 2523/2523/2523 2515/2515/2515 2517/2517/2517 
f 2517/2517/2517 2516/2516/2516 2524/2524/2524 
f 2524/2524/2524 2522/2522/2522 2517/2517/2517 
f 2519/2519/2519 2525/2525/2525 2524/2524/2524 
f 2524/2524/2524 2516/2516/2516 2519/2519/2519 
f 2518/2518/2518 2515/2515/2515 2523/2523/2523 
f 2523/2523/2523 2526/2526/2526 2518/2518/2518 
f 2519/2519/2519 2521/2521/2521 2527/2527/2527 
f 2527/2527/2527 2525/2525/2525 2519/2519/2519 
f 2520/2520/2520 2528/2528/2528 2527/2527/2527 
f 2527/2527/2527 2521/2521/2521 2520/2520/2520 
f 2520/2520/2520 2518/2518/2518 2526/2526/2526 
f 2526/2526/2526 2528/2528/2528 2520/2520/2520 
f 2529/2529/2529 2530/2530/2530 2531/2531/2531 
f 2531/2531/2531 2532/2532/2532 2533/2533/2533 
f 2533/2533/2533 2529/2529/2529 2531/2531/2531 
f 2533/2533/2533 2532/2532/2532 2534/2534/2534 
f 2534/2534/2534 2535/2535/2535 2533/2533/2533 
f 2536/2536/2536 2537/2537/2537 2538/2538/2538 
f 2539/2539/2539 2540/2540/2540 2537/2537/2537 
f 2537/2537/2537 2536/2536/2536 2539/2539/2539 
f 2539/2539/2539 2541/2541/2541 2542/2542/2542 
f 2542/2542/2542 2540/2540/2540 2539/2539/2539 
f 2538/2538/2538 2543/2543/2543 2544/2544/2544 
f 2544/2544/2544 2536/2536/2536 2538/2538/2538 
f 2538/2538/2538 2537/2537/2537 2545/2545/2545 
f 2545/2545/2545 2543/2543/2543 2538/2538/2538 
f 2540/2540/2540 2546/2546/2546 2545/2545/2545 
f 2545/2545/2545 2537/2537/2537 2540/2540/2540 
f 2536/2536/2536 2544/2544/2544 2547/2547/2547 
f 2547/2547/2547 2539/2539/2539 2536/2536/2536 
f 2542/2542/2542 2548/2548/2548 2546/2546/2546 
f 2546/2546/2546 2540/2540/2540 2542/2542/2542 
f 2541/2541/2541 2549/2549/2549 2548/2548/2548 
f 2548/2548/2548 2542/2542/2542 2541/2541/2541 
f 2541/2541/2541 2539/2539/2539 2547/2547/2547 
f 2547/2547/2547 2549/2549/2549 2541/2541/2541 
f 2550/2550/2550 2551/2551/2551 2552/2552/2552 
f 2552/2552/2552 2553/2553/2553 2554/2554/2554 
f 2554/2554/2554 2550/2550/2550 2552/2552/2552 
f 2554/2554/2554 2553/2553/2553 2555/2555/2555 
f 2555/2555/2555 2556/2556/2556 2554/2554/2554 
f 2557/2557/2557 2558/2558/2558 2559/2559/2559 
f 2560/2560/2560 2561/2561/2561 2558/2558/2558 
f 2558/2558/2558 2557/2557/2557 2560/2560/2560 
f 2560/2560/2560 2562/2562/2562 2563/2563/2563 
f 2563/2563/2563 2561/2561/2561 2560/2560/2560 
f 2559/2559/2559 2564/2564/2564 2565/2565/2565 
f 2565/2565/2565 2557/2557/2557 2559/2559/2559 
f 2559/2559/2559 2558/2558/2558 2566/2566/2566 
f 2566/2566/2566 2564/2564/2564 2559/2559/2559 
f 2561/2561/2561 2567/2567/2567 2566/2566/2566 
f 2566/2566/2566 2558/2558/2558 2561/2561/2561 
f 2557/2557/2557 2565/2565/2565 2568/2568/2568 
f 2568/2568/2568 2560/2560/2560 2557/2557/2557 
f 2561/2561/2561 2563/2563/2563 2569/2569/2569 
f 2569/2569/2569 2567/2567/2567 2561/2561/2561 
f 2562/2562/2562 2570/2570/2570 2569/2569/2569 
f 2569/2569/2569 2563/2563/2563 2562/2562/2562 
f 2562/2562/2562 2560/2560/2560 2568/2568/2568 
f 2568/2568/2568 2570/2570/2570 2562/2562/2562 
f 2571/2571/2571 2572/2572/2572 2573/2573/2573 
f 2571/2571/2571 2573/2573/2573 2574/2574/2574 
f 2574/2574/2574 2575/2575/2575 2571/2571/2571 
f 2575/2575/2575 2574/2574/2574 2576/2576/2576 
f 2576/2576/2576 2577/2577/2577 2575/2575/2575 
f 2578/2578/2578 2579/2579/2579 2580/2580/2580 
f 2578/2578/2578 2581/2581/2581 2582/2582/2582 
f 2582/2582/2582 2579/2579/2579 2578/2578/2578 
f 2581/2581/2581 2583/2583/2583 2584/2584/2584 
f 2584/2584/2584 2582/2582/2582 2581/2581/2581 
f 2580/2580/2580 2585/2585/2585 2586/2586/2586 
f 2586/2586/2586 2578/2578/2578 2580/2580/2580 
f 2580/2580/2580 2579/2579/2579 2587/2587/2587 
f 2587/2587/2587 2585/2585/2585 2580/2580/2580 
f 2582/2582/2582 2588/2588/2588 2587/2587/2587 
f 2587/2587/2587 2579/2579/2579 2582/2582/2582 
f 2581/2581/2581 2578/2578/2578 2586/2586/2586 
f 2586/2586/2586 2589/2589/2589 2581/2581/2581 
f 2582/2582/2582 2584/2584/2584 2590/2590/2590 
f 2590/2590/2590 2588/2588/2588 2582/2582/2582 
f 2583/2583/2583 2591/2591/2591 2590/2590/2590 
f 2590/2590/2590 2584/2584/2584 2583/2583/2583 
f 2583/2583/2583 2581/2581/2581 2589/2589/2589 
f 2589/2589/2589 2591/2591/2591 2583/2583/2583 
f 2592/2592/2592 2593/2593/2593 2594/2594/2594 
f 2594/2594/2594 2595/2595/2595 2596/2596/2596 
f 2596/2596/2596 2592/2592/2592 2594/2594/2594 
f 2596/2596/2596 2595/2595/2595 2597/2597/2597 
f 2597/2597/2597 2598/2598/2598 2596/2596/2596 
f 2599/2599/2599 2600/2600/2600 2601/2601/2601 
f 2602/2602/2602 2603/2603/2603 2600/2600/2600 
f 2600/2600/2600 2599/2599/2599 2602/2602/2602 
f 2602/2602/2602 2604/2604/2604 2605/2605/2605 
f 2605/2605/2605 2603/2603/2603 2602/2602/2602 
f 2601/2601/2601 2606/2606/2606 2607/2607/2607 
f 2607/2607/2607 2599/2599/2599 2601/2601/2601 
f 2601/2601/2601 2600/2600/2600 2608/2608/2608 
f 2608/2608/2608 2606/2606/2606 2601/2601/2601 
f 2603/2603/2603 2609/2609/2609 2608/2608/2608 
f 2608/2608/2608 2600/2600/2600 2603/2603/2603 
f 2599/2599/2599 2607/2607/2607 2610/2610/2610 
f 2610/2610/2610 2602/2602/2602 2599/2599/2599 
f 2605/2605/2605 2611/2611/2611 2609/2609/2609 
f 2609/2609/2609 2603/2603/2603 2605/2605/2605 
f 2604/2604/2604 2612/2612/2612 2611/2611/2611 
f 2611/2611/2611 2605/2605/2605 2604/2604/2604 
f 2604/2604/2604 2602/2602/2602 2610/2610/2610 
f 2610/2610/2610 2612/2612/2612 2604/2604/2604 
f 2613/2613/2613 2614/2614/2614 2615/2615/2615 
f 2613/2613/2613 2615/2615/2615 2616/2616/2616 
f 2616/2616/2616 2617/2617/2617 2613/2613/2613 
f 2617/2617/2617 2616/2616/2616 2618/2618/2618 
f 2618/2618/2618 2619/2619/2619 2617/2617/2617 
f 2620/2620/2620 2621/2621/2621 2622/2622/2622 
f 2620/2620/2620 2623/2623/2623 2624/2624/2624 
f 2624/2624/2624 2621/2621/2621 2620/2620/2620 
f 2623/2623/2623 2625/2625/2625 2626/2626/2626 
f 2626/2626/2626 2624/2624/2624 2623/2623/2623 
f 2622/2622/2622 2627/2627/2627 2628/2628/2628 
f 2628/2628/2628 2620/2620/2620 2622/2622/2622 
f 2622/2622/2622 2621/2621/2621 2629/2629/2629 
f 2629/2629/2629 2627/2627/2627 2622/2622/2622 
f 2624/2624/2624 2630/2630/2630 2629/2629/2629 
f 2629/2629/2629 2621/2621/2621 2624/2624/2624 
f 2623/2623/2623 2620/2620/2620 2628/2628/2628 
f 2628/2628/2628 2631/2631/2631 2623/2623/2623 
f 2624/2624/2624 2626/2626/2626 2632/2632/2632 
f 2632/2632/2632 2630/2630/2630 2624/2624/2624 
f 2625/2625/2625 2633/2633/2633 2632/2632/2632 
f 2632/2632/2632 2626/2626/2626 2625/2625/2625 
f 2625/2625/2625 2623/2623/2623 2631/2631/2631 
f 2631/2631/2631 2633/2633/2633 2625/2625/2625 
f 2634/2634/2634 2635/2635/2635 2636/2636/2636 
f 2636/2636/2636 2637/2637/2637 2638/2638/2638 
f 2638/2638/2638 2634/2634/2634 2636/2636/2636 
f 2638/2638/2638 2637/2637/2637 2639/2639/2639 
f 2639/2639/2639 2640/2640/2640 2638/2638/2638 
f 2641/2641/2641 2642/2642/2642 2643/2643/2643 
f 2644/2644/2644 2645/2645/2645 2642/2642/2642 
f 2642/2642/2642 2641/2641/2641 2644/2644/2644 
f 2644/2644/2644 2646/2646/2646 2647/2647/2647 
f 2647/2647/2647 2645/2645/2645 2644/2644/2644 
f 2643/2643/2643 2648/2648/2648 2649/2649/2649 
f 2649/2649/2649 2641/2641/2641 2643/2643/2643 
f 2643/2643/2643 2642/2642/2642 2650/2650/2650 
f 2650/2650/2650 2648/2648/2648 2643/2643/2643 
f 2645/2645/2645 2651/2651/2651 2650/2650/2650 
f 2650/2650/2650 2642/2642/2642 2645/2645/2645 
f 2641/2641/2641 2649/2649/2649 2652/2652/2652 
f 2652/2652/2652 2644/2644/2644 2641/2641/2641 
f 2645/2645/2645 2647/2647/2647 2653/2653/2653 
f 2653/2653/2653 2651/2651/2651 2645/2645/2645 
f 2646/2646/2646 2654/2654/2654 2653/2653/2653 
f 2653/2653/2653 2647/2647/2647 2646/2646/2646 
f 2646/2646/2646 2644/2644/2644 2652/2652/2652 
f 2652/2652/2652 2654/2654/2654 2646/2646/2646 
f 2655/2655/2655 2656/2656/2656 2657/2657/2657 
f 2657/2657/2657 2658/2658/2658 2659/2659/2659 
f 2659/2659/2659 2655/2655/2655 2657/2657/2657 
f 2659/2659/2659 2658/2658/2658 2660/2660/2660 
f 2660/2660/2660 2661/2661/2661 2659/2659/2659 
f 2662/2662/2662 2663/2663/2663 2664/2664/2664 
f 2665/2665/2665 2666/2666/2666 2663/2663/2663 
f 2663/2663/2663 2662/2662/2662 2665/2665/2665 
f 2665/2665/2665 2667/2667/2667 2668/2668/2668 
f 2668/2668/2668 2666/2666/2666 2665/2665/2665 
f 2664/2664/2664 2669/2669/2669 2670/2670/2670 
f 2670/2670/2670 2662/2662/2662 2664/2664/2664 
f 2664/2664/2664 2663/2663/2663 2671/2671/2671 
f 2671/2671/2671 2669/2669/2669 2664/2664/2664 
f 2666/2666/2666 2672/2672/2672 2671/2671/2671 
f 2671/2671/2671 2663/2663/2663 2666/2666/2666 
f 2662/2662/2662 2670/2670/2670 2673/2673/2673 
f 2673/2673/2673 2665/2665/2665 2662/2662/2662 
f 2668/2668/2668 2674/2674/2674 2672/2672/2672 
f 2672/2672/2672 2666/2666/2666 2668/2668/2668 
f 2667/2667/2667 2675/2675/2675 2674/2674/2674 
f 2674/2674/2674 2668/2668/2668 2667/2667/2667 
f 2667/2667/2667 2665/2665/2665 2673/2673/2673 
f 2673/2673/2673 2675/2675/2675 2667/2667/2667 
f 2676/2676/2676 2677/2677/2677 2678/2678/2678 
f 2678/2678/2678 2679/2679/2679 2680/2680/2680 
f 2680/2680/2680 2676/2676/2676 2678/2678/2678 
f 2680/2680/2680 2679/2679/2679 2681/2681/2681 
f 2681/2681/2681 2682/2682/2682 2680/2680/2680 
f 2683/2683/2683 2684/2684/2684 2685/2685/2685 
f 2686/2686/2686 2687/2687/2687 2684/2684/2684 
f 2684/2684/2684 2683/2683/2683 2686/2686/2686 
f 2686/2686/2686 2688/2688/2688 2689/2689/2689 
f 2689/2689/2689 2687/2687/2687 2686/2686/2686 
f 2685/2685/2685 2690/2690/2690 2691/2691/2691 
f 2691/2691/2691 2683/2683/2683 2685/2685/2685 
f 2685/2685/2685 2684/2684/2684 2692/2692/2692 
f 2692/2692/2692 2690/2690/2690 2685/2685/2685 
f 2687/2687/2687 2693/2693/2693 2692/2692/2692 
f 2692/2692/2692 2684/2684/2684 2687/2687/2687 
f 2683/2683/2683 2691/2691/2691 2694/2694/2694 
f 2694/2694/2694 2686/2686/2686 2683/2683/2683 
f 2687/2687/2687 2689/2689/2689 2695/2695/2695 
f 2695/2695/2695 2693/2693/2693 2687/2687/2687 
f 2688/2688/2688 2696/2696/2696 2695/2695/2695 
f 2695/2695/2695 2689/2689/2689 2688/2688/2688 
f 2688/2688/2688 2686/2686/2686 2694/2694/2694 
f 2694/2694/2694 2696/2696/2696 2688/2688/2688 
f 2697/2697/2697 2698/2698/2698 2699/2699/2699 
f 2699/2699/2699 2700/2700/2700 2701/2701/2701 
f 2701/2701/2701 2697/2697/2697 2699/2699/2699 
f 2701/2701/2701 2700/2700/2700 2702/2702/2702 
f 2702/2702/2702 2703/2703/2703 2701/2701/2701 
f 2704/2704/2704 2705/2705/2705 2706/2706/2706 
f 2707/2707/2707 2708/2708/2708 2705/2705/2705 
f 2705/2705/2705 2704/2704/2704 2707/2707/2707 
f 2707/2707/2707 2709/2709/2709 2710/2710/2710 
f 2710/2710/2710 2708/2708/2708 2707/2707/2707 
f 2706/2706/2706 2711/2711/2711 2712/2712/2712 
f 2712/2712/2712 2704/2704/2704 2706/2706/2706 
f 2706/2706/2706 2705/2705/2705 2713/2713/2713 
f 2713/2713/2713 2711/2711/2711 2706/2706/2706 
f 2708/2708/2708 2714/2714/2714 2713/2713/2713 
f 2713/2713/2713 2705/2705/2705 2708/2708/2708 
f 2704/2704/2704 2712/2712/2712 2715/2715/2715 
f 2715/2715/2715 2707/2707/2707 2704/2704/2704 
f 2710/2710/2710 2716/2716/2716 2714/2714/2714 
f 2714/2714/2714 2708/2708/2708 2710/2710/2710 
f 2709/2709/2709 2717/2717/2717 2716/2716/2716 
f 2716/2716/2716 2710/2710/2710 2709/2709/2709 
f 2709/2709/2709 2707/2707/2707 2715/2715/2715 
f 2715/2715/2715 2717/2717/2717 2709/2709/2709 
f 2718/2718/2718 2719/2719/2719 2720/2720/2720 
f 2720/2720/2720 2721/2721/2721 2718/2718/2718 
f 2719/2719/2719 2718/2718/2718 2722/2722/2722 
f 2722/2722/2722 2723/2723/2723 2719/2719/2719 
f 2722/2722/2722 2724/2724/2724 2725/2725/2725 
f 2725/2725/2725 2723/2723/2723 2722/2722/2722 
f 2718/2718/2718 2721/2721/2721 2726/2726/2726 
f 2726/2726/2726 2722/2722/2722 2718/2718/2718 
f 2722/2722/2722 2726/2726/2726 2727/2727/2727 
f 2727/2727/2727 2724/2724/2724 2722/2722/2722 
f 2728/2728/2728 2729/2729/2729 2730/2730/2730 
f 2730/2730/2730 2731/2731/2731 2728/2728/2728 
f 2728/2728/2728 2732/2732/2732 2733/2733/2733 
f 2733/2733/2733 2729/2729/2729 2728/2728/2728 
f 2734/2734/2734 2735/2735/2735 2733/2733/2733 
f 2733/2733/2733 2732/2732/2732 2734/2734/2734 
f 2729/2729/2729 2733/2733/2733 2736/2736/2736 
f 2736/2736/2736 2730/2730/2730 2729/2729/2729 
f 2737/2737/2737 2736/2736/2736 2733/2733/2733 
f 2733/2733/2733 2735/2735/2735 2737/2737/2737 
f 2738/2738/2738 2720/2720/2720 2719/2719/2719 
f 2719/2719/2719 2739/2739/2739 2738/2738/2738 
f 2738/2738/2738 2740/2740/2740 2721/2721/2721 
f 2721/2721/2721 2720/2720/2720 2738/2738/2738 
f 2741/2741/2741 2739/2739/2739 2719/2719/2719 
f 2719/2719/2719 2723/2723/2723 2741/2741/2741 
f 2742/2742/2742 2725/2725/2725 2724/2724/2724 
f 2724/2724/2724 2743/2743/2743 2742/2742/2742 
f 2742/2742/2742 2741/2741/2741 2723/2723/2723 
f 2723/2723/2723 2725/2725/2725 2742/2742/2742 
f 2740/2740/2740 2744/2744/2744 2726/2726/2726 
f 2726/2726/2726 2721/2721/2721 2740/2740/2740 
f 2745/2745/2745 2727/2727/2727 2726/2726/2726 
f 2726/2726/2726 2744/2744/2744 2745/2745/2745 
f 2743/2743/2743 2724/2724/2724 2727/2727/2727 
f 2727/2727/2727 2745/2745/2745 2743/2743/2743 
f 2746/2746/2746 2747/2747/2747 2748/2748/2748 
f 2746/2746/2746 2748/2748/2748 2749/2749/2749 
f 2749/2749/2749 2750/2750/2750 2746/2746/2746 
f 2749/2749/2749 2751/2751/2751 2752/2752/2752 
f 2752/2752/2752 2750/2750/2750 2749/2749/2749 
f 2753/2753/2753 2754/2754/2754 2755/2755/2755 
f 2753/2753/2753 2756/2756/2756 2757/2757/2757 
f 2757/2757/2757 2754/2754/2754 2753/2753/2753 
f 2758/2758/2758 2759/2759/2759 2757/2757/2757 
f 2757/2757/2757 2756/2756/2756 2758/2758/2758 
f 2760/2760/2760 2747/2747/2747 2746/2746/2746 
f 2746/2746/2746 2761/2761/2761 2760/2760/2760 
f 2760/2760/2760 2762/2762/2762 2748/2748/2748 
f 2748/2748/2748 2747/2747/2747 2760/2760/2760 
f 2763/2763/2763 2749/2749/2749 2748/2748/2748 
f 2748/2748/2748 2762/2762/2762 2763/2763/2763 
f 2764/2764/2764 2761/2761/2761 2746/2746/2746 
f 2746/2746/2746 2750/2750/2750 2764/2764/2764 
f 2765/2765/2765 2751/2751/2751 2749/2749/2749 
f 2749/2749/2749 2763/2763/2763 2765/2765/2765 
f 2765/2765/2765 2766/2766/2766 2752/2752/2752 
f 2752/2752/2752 2751/2751/2751 2765/2765/2765 
f 2766/2766/2766 2764/2764/2764 2750/2750/2750 
f 2750/2750/2750 2752/2752/2752 2766/2766/2766 
f 2767/2767/2767 2768/2768/2768 2769/2769/2769 
f 2769/2769/2769 2770/2770/2770 2771/2771/2771 
f 2771/2771/2771 2767/2767/2767 2769/2769/2769 
f 2770/2770/2770 2772/2772/2772 2773/2773/2773 
f 2773/2773/2773 2771/2771/2771 2770/2770/2770 
f 2774/2774/2774 2775/2775/2775 2776/2776/2776 
f 2777/2777/2777 2778/2778/2778 2775/2775/2775 
f 2775/2775/2775 2774/2774/2774 2777/2777/2777 
f 2779/2779/2779 2780/2780/2780 2778/2778/2778 
f 2778/2778/2778 2777/2777/2777 2779/2779/2779 
f 2781/2781/2781 2768/2768/2768 2767/2767/2767 
f 2767/2767/2767 2782/2782/2782 2781/2781/2781 
f 2781/2781/2781 2783/2783/2783 2769/2769/2769 
f 2769/2769/2769 2768/2768/2768 2781/2781/2781 
f 2784/2784/2784 2770/2770/2770 2769/2769/2769 
f 2769/2769/2769 2783/2783/2783 2784/2784/2784 
f 2785/2785/2785 2782/2782/2782 2767/2767/2767 
f 2767/2767/2767 2771/2771/2771 2785/2785/2785 
f 2786/2786/2786 2772/2772/2772 2770/2770/2770 
f 2770/2770/2770 2784/2784/2784 2786/2786/2786 
f 2786/2786/2786 2787/2787/2787 2773/2773/2773 
f 2773/2773/2773 2772/2772/2772 2786/2786/2786 
f 2787/2787/2787 2785/2785/2785 2771/2771/2771 
f 2771/2771/2771 2773/2773/2773 2787/2787/2787 
f 2788/2788/2788 2789/2789/2789 2790/2790/2790 
f 2790/2790/2790 2791/2791/2791 2792/2792/2792 
f 2792/2792/2792 2788/2788/2788 2790/2790/2790 
f 2791/2791/2791 2793/2793/2793 2794/2794/2794 
f 2794/2794/2794 2792/2792/2792 2791/2791/2791 
f 2795/2795/2795 2796/2796/2796 2797/2797/2797 
f 2798/2798/2798 2799/2799/2799 2796/2796/2796 
f 2796/2796/2796 2795/2795/2795 2798/2798/2798 
f 2800/2800/2800 2801/2801/2801 2799/2799/2799 
f 2799/2799/2799 2798/2798/2798 2800/2800/2800 
f 2802/2802/2802 2789/2789/2789 2788/2788/2788 
f 2788/2788/2788 2803/2803/2803 2802/2802/2802 
f 2802/2802/2802 2804/2804/2804 2790/2790/2790 
f 2790/2790/2790 2789/2789/2789 2802/2802/2802 
f 2805/2805/2805 2791/2791/2791 2790/2790/2790 
f 2790/2790/2790 2804/2804/2804 2805/2805/2805 
f 2806/2806/2806 2803/2803/2803 2788/2788/2788 
f 2788/2788/2788 2792/2792/2792 2806/2806/2806 
f 2807/2807/2807 2793/2793/2793 2791/2791/2791 
f 2791/2791/2791 2805/2805/2805 2807/2807/2807 
f 2807/2807/2807 2808/2808/2808 2794/2794/2794 
f 2794/2794/2794 2793/2793/2793 2807/2807/2807 
f 2808/2808/2808 2806/2806/2806 2792/2792/2792 
f 2792/2792/2792 2794/2794/2794 2808/2808/2808 
f 2809/2809/2809 2810/2810/2810 2811/2811/2811 
f 2811/2811/2811 2812/2812/2812 2813/2813/2813 
f 2813/2813/2813 2809/2809/2809 2811/2811/2811 
f 2812/2812/2812 2814/2814/2814 2815/2815/2815 
f 2815/2815/2815 2813/2813/2813 2812/2812/2812 
f 2816/2816/2816 2817/2817/2817 2818/2818/2818 
f 2819/2819/2819 2820/2820/2820 2817/2817/2817 
f 2817/2817/2817 2816/2816/2816 2819/2819/2819 
f 2821/2821/2821 2822/2822/2822 2820/2820/2820 
f 2820/2820/2820 2819/2819/2819 2821/2821/2821 
f 2823/2823/2823 2810/2810/2810 2809/2809/2809 
f 2809/2809/2809 2824/2824/2824 2823/2823/2823 
f 2823/2823/2823 2825/2825/2825 2811/2811/2811 
f 2811/2811/2811 2810/2810/2810 2823/2823/2823 
f 2826/2826/2826 2812/2812/2812 2811/2811/2811 
f 2811/2811/2811 2825/2825/2825 2826/2826/2826 
f 2827/2827/2827 2824/2824/2824 2809/2809/2809 
f 2809/2809/2809 2813/2813/2813 2827/2827/2827 
f 2828/2828/2828 2814/2814/2814 2812/2812/2812 
f 2812/2812/2812 2826/2826/2826 2828/2828/2828 
f 2828/2828/2828 2829/2829/2829 2815/2815/2815 
f 2815/2815/2815 2814/2814/2814 2828/2828/2828 
f 2829/2829/2829 2827/2827/2827 2813/2813/2813 
f 2813/2813/2813 2815/2815/2815 2829/2829/2829 
f 2830/2830/2830 2831/2831/2831 2832/2832/2832 
f 2832/2832/2832 2833/2833/2833 2834/2834/2834 
f 2834/2834/2834 2830/2830/2830 2832/2832/2832 
f 2833/2833/2833 2835/2835/2835 2836/2836/2836 
f 2836/2836/2836 2834/2834/2834 2833/2833/2833 
f 2837/2837/2837 2838/2838/2838 2839/2839/2839 
f 2840/2840/2840 2841/2841/2841 2838/2838/2838 
f 2838/2838/2838 2837/2837/2837 2840/2840/2840 
f 2842/2842/2842 2843/2843/2843 2841/2841/2841 
f 2841/2841/2841 2840/2840/2840 2842/2842/2842 
f 2844/2844/2844 2831/2831/2831 2830/2830/2830 
f 2830/2830/2830 2845/2845/2845 2844/2844/2844 
f 2844/2844/2844 2846/2846/2846 2832/2832/2832 
f 2832/2832/2832 2831/2831/2831 2844/2844/2844 
f 2847/2847/2847 2833/2833/2833 2832/2832/2832 
f 2832/2832/2832 2846/2846/2846 2847/2847/2847 
f 2845/2845/2845 2830/2830/2830 2834/2834/2834 
f 2834/2834/2834 2848/2848/2848 2845/2845/2845 
f 2849/2849/2849 2835/2835/2835 2833/2833/2833 
f 2833/2833/2833 2847/2847/2847 2849/2849/2849 
f 2850/2850/2850 2836/2836/2836 2835/2835/2835 
f 2835/2835/2835 2849/2849/2849 2850/2850/2850 
f 2850/2850/2850 2848/2848/2848 2834/2834/2834 
f 2834/2834/2834 2836/2836/2836 2850/2850/2850 
f 2851/2851/2851 2852/2852/2852 2853/2853/2853 
f 2853/2853/2853 2854/2854/2854 2855/2855/2855 
f 2855/2855/2855 2851/2851/2851 2853/2853/2853 
f 2854/2854/2854 2856/2856/2856 2857/2857/2857 
f 2857/2857/2857 2855/2855/2855 2854/2854/2854 
f 2858/2858/2858 2859/2859/2859 2860/2860/2860 
f 2861/2861/2861 2862/2862/2862 2859/2859/2859 
f 2859/2859/2859 2858/2858/2858 2861/2861/2861 
f 2863/2863/2863 2864/2864/2864 2862/2862/2862 
f 2862/2862/2862 2861/2861/2861 2863/2863/2863 
f 2860/2860/2860 2865/2865/2865 2866/2866/2866 
f 2866/2866/2866 2858/2858/2858 2860/2860/2860 
f 2860/2860/2860 2859/2859/2859 2867/2867/2867 
f 2867/2867/2867 2865/2865/2865 2860/2860/2860 
f 2862/2862/2862 2868/2868/2868 2867/2867/2867 
f 2867/2867/2867 2859/2859/2859 2862/2862/2862 
f 2861/2861/2861 2858/2858/2858 2866/2866/2866 
f 2866/2866/2866 2869/2869/2869 2861/2861/2861 
f 2864/2864/2864 2870/2870/2870 2868/2868/2868 
f 2868/2868/2868 2862/2862/2862 2864/2864/2864 
f 2864/2864/2864 2863/2863/2863 2871/2871/2871 
f 2871/2871/2871 2870/2870/2870 2864/2864/2864 
f 2863/2863/2863 2861/2861/2861 2869/2869/2869 
f 2869/2869/2869 2871/2871/2871 2863/2863/2863 
f 2872/2872/2872 2873/2873/2873 2874/2874/2874 
f 2874/2874/2874 2875/2875/2875 2876/2876/2876 
f 2876/2876/2876 2872/2872/2872 2874/2874/2874 
f 2875/2875/2875 2877/2877/2877 2878/2878/2878 
f 2878/2878/2878 2876/2876/2876 2875/2875/2875 
f 2879/2879/2879 2880/2880/2880 2881/2881/2881 
f 2882/2882/2882 2883/2883/2883 2880/2880/2880 
f 2880/2880/2880 2879/2879/2879 2882/2882/2882 
f 2884/2884/2884 2885/2885/2885 2883/2883/2883 
f 2883/2883/2883 2882/2882/2882 2884/2884/2884 
f 2881/2881/2881 2886/2886/2886 2887/2887/2887 
f 2887/2887/2887 2879/2879/2879 2881/2881/2881 
f 2881/2881/2881 2880/2880/2880 2888/2888/2888 
f 2888/2888/2888 2886/2886/2886 2881/2881/2881 
f 2883/2883/2883 2889/2889/2889 2888/2888/2888 
f 2888/2888/2888 2880/2880/2880 2883/2883/2883 
f 2882/2882/2882 2879/2879/2879 2887/2887/2887 
f 2887/2887/2887 2890/2890/2890 2882/2882/2882 
f 2885/2885/2885 2891/2891/2891 2889/2889/2889 
f 2889/2889/2889 2883/2883/2883 2885/2885/2885 
f 2884/2884/2884 2892/2892/2892 2891/2891/2891 
f 2891/2891/2891 2885/2885/2885 2884/2884/2884 
f 2884/2884/2884 2882/2882/2882 2890/2890/2890 
f 2890/2890/2890 2892/2892/2892 2884/2884/2884 
f 2893/2893/2893 2894/2894/2894 2895/2895/2895 
f 2895/2895/2895 2896/2896/2896 2897/2897/2897 
f 2897/2897/2897 2893/2893/2893 2895/2895/2895 
f 2896/2896/2896 2898/2898/2898 2899/2899/2899 
f 2899/2899/2899 2897/2897/2897 2896/2896/2896 
f 2900/2900/2900 2901/2901/2901 2902/2902/2902 
f 2903/2903/2903 2904/2904/2904 2901/2901/2901 
f 2901/2901/2901 2900/2900/2900 2903/2903/2903 
f 2905/2905/2905 2906/2906/2906 2904/2904/2904 
f 2904/2904/2904 2903/2903/2903 2905/2905/2905 
f 2902/2902/2902 2907/2907/2907 2908/2908/2908 
f 2908/2908/2908 2900/2900/2900 2902/2902/2902 
f 2902/2902/2902 2901/2901/2901 2909/2909/2909 
f 2909/2909/2909 2907/2907/2907 2902/2902/2902 
f 2904/2904/2904 2910/2910/2910 2909/2909/2909 
f 2909/2909/2909 2901/2901/2901 2904/2904/2904 
f 2903/2903/2903 2900/2900/2900 2908/2908/2908 
f 2908/2908/2908 2911/2911/2911 2903/2903/2903 
f 2906/2906/2906 2912/2912/2912 2910/2910/2910 
f 2910/2910/2910 2904/2904/2904 2906/2906/2906 
f 2905/2905/2905 2913/2913/2913 2912/2912/2912 
f 2912/2912/2912 2906/2906/2906 2905/2905/2905 
f 2905/2905/2905 2903/2903/2903 2911/2911/2911 
f 2911/2911/2911 2913/2913/2913 2905/2905/2905 
f 2914/2914/2914 2915/2915/2915 2916/2916/2916 
f 2916/2916/2916 2917/2917/2917 2918/2918/2918 
f 2918/2918/2918 2914/2914/2914 2916/2916/2916 
f 2917/2917/2917 2919/2919/2919 2920/2920/2920 
f 2920/2920/2920 2918/2918/2918 2917/2917/2917 
f 2921/2921/2921 2922/2922/2922 2923/2923/2923 
f 2924/2924/2924 2925/2925/2925 2922/2922/2922 
f 2922/2922/2922 2921/2921/2921 2924/2924/2924 
f 2926/2926/2926 2927/2927/2927 2925/2925/2925 
f 2925/2925/2925 2924/2924/2924 2926/2926/2926 
f 2923/2923/2923 2928/2928/2928 2929/2929/2929 
f 2929/2929/2929 2921/2921/2921 2923/2923/2923 
f 2923/2923/2923 2922/2922/2922 2930/2930/2930 
f 2930/2930/2930 2928/2928/2928 2923/2923/2923 
f 2925/2925/2925 2931/2931/2931 2930/2930/2930 
f 2930/2930/2930 2922/2922/2922 2925/2925/2925 
f 2924/2924/2924 2921/2921/2921 2929/2929/2929 
f 2929/2929/2929 2932/2932/2932 2924/2924/2924 
f 2927/2927/2927 2933/2933/2933 2931/2931/2931 
f 2931/2931/2931 2925/2925/2925 2927/2927/2927 
f 2927/2927/2927 2926/2926/2926 2934/2934/2934 
f 2934/2934/2934 2933/2933/2933 2927/2927/2927 
f 2926/2926/2926 2924/2924/2924 2932/2932/2932 
f 2932/2932/2932 2934/2934/2934 2926/2926/2926 
f 2935/2935/2935 2936/2936/2936 2937/2937/2937 
f 2937/2937/2937 2938/2938/2938 2939/2939/2939 
f 2939/2939/2939 2935/2935/2935 2937/2937/2937 
f 2938/2938/2938 2940/2940/2940 2941/2941/2941 
f 2941/2941/2941 2939/2939/2939 2938/2938/2938 
f 2942/2942/2942 2943/2943/2943 2944/2944/2944 
f 2945/2945/2945 2946/2946/2946 2943/2943/2943 
f 2943/2943/2943 2942/2942/2942 2945/2945/2945 
f 2947/2947/2947 2948/2948/2948 2946/2946/2946 
f 2946/2946/2946 2945/2945/2945 2947/2947/2947 
f 2944/2944/2944 2949/2949/2949 2950/2950/2950 
f 2950/2950/2950 2942/2942/2942 2944/2944/2944 
f 2944/2944/2944 2943/2943/2943 2951/2951/2951 
f 2951/2951/2951 2949/2949/2949 2944/2944/2944 
f 2946/2946/2946 2952/2952/2952 2951/2951/2951 
f 2951/2951/2951 2943/2943/2943 2946/2946/2946 
f 2945/2945/2945 2942/2942/2942 2950/2950/2950 
f 2950/2950/2950 2953/2953/2953 2945/2945/2945 
f 2948/2948/2948 2954/2954/2954 2952/2952/2952 
f 2952/2952/2952 2946/2946/2946 2948/2948/2948 
f 2948/2948/2948 2947/2947/2947 2955/2955/2955 
f 2955/2955/2955 2954/2954/2954 2948/2948/2948 
f 2947/2947/2947 2945/2945/2945 2953/2953/2953 
f 2953/2953/2953 2955/2955/2955 2947/2947/2947 
f 2956/2956/2956 2957/2957/2957 2958/2958/2958 
f 2958/2958/2958 2959/2959/2959 2960/2960/2960 
f 2960/2960/2960 2956/2956/2956 2958/2958/2958 
f 2959/2959/2959 2961/2961/2961 2962/2962/2962 
f 2962/2962/2962 2960/2960/2960 2959/2959/2959 
f 2963/2963/2963 2964/2964/2964 2965/2965/2965 
f 2966/2966/2966 2967/2967/2967 2964/2964/2964 
f 2964/2964/2964 2963/2963/2963 2966/2966/2966 
f 2968/2968/2968 2969/2969/2969 2967/2967/2967 
f 2967/2967/2967 2966/2966/2966 2968/2968/2968 
f 2965/2965/2965 2970/2970/2970 2971/2971/2971 
f 2971/2971/2971 2963/2963/2963 2965/2965/2965 
f 2965/2965/2965 2964/2964/2964 2972/2972/2972 
f 2972/2972/2972 2970/2970/2970 2965/2965/2965 
f 2967/2967/2967 2973/2973/2973 2972/2972/2972 
f 2972/2972/2972 2964/2964/2964 2967/2967/2967 
f 2966/2966/2966 2963/2963/2963 2971/2971/2971 
f 2971/2971/2971 2974/2974/2974 2966/2966/2966 
f 2969/2969/2969 2975/2975/2975 2973/2973/2973 
f 2973/2973/2973 2967/2967/2967 2969/2969/2969 
f 2968/2968/2968 2976/2976/2976 2975/2975/2975 
f 2975/2975/2975 2969/2969/2969 2968/2968/2968 
f 2968/2968/2968 2966/2966/2966 2974/2974/2974 
f 2974/2974/2974 2976/2976/2976 2968/2968/2968 
f 2977/2977/2977 2978/2978/2978 2979/2979/2979 
f 2979/2979/2979 2980/2980/2980 2981/2981/2981 
f 2981/2981/2981 2977/2977/2977 2979/2979/2979 
f 2980/2980/2980 2982/2982/2982 2983/2983/2983 
f 2983/2983/2983 2981/2981/2981 2980/2980/2980 
f 2984/2984/2984 2985/2985/2985 2986/2986/2986 
f 2987/2987/2987 2988/2988/2988 2985/2985/2985 
f 2985/2985/2985 2984/2984/2984 2987/2987/2987 
f 2989/2989/2989 2990/2990/2990 2988/2988/2988 
f 2988/2988/2988 2987/2987/2987 2989/2989/2989 
f 2986/2986/2986 2991/2991/2991 2992/2992/2992 
f 2992/2992/2992 2984/2984/2984 2986/2986/2986 
f 2986/2986/2986 2985/2985/2985 2993/2993/2993 
f 2993/2993/2993 2991/2991/2991 2986/2986/2986 
f 2988/2988/2988 2994/2994/2994 2993/2993/2993 
f 2993/2993/2993 2985/2985/2985 2988/2988/2988 
f 2987/2987/2987 2984/2984/2984 2992/2992/2992 
f 2992/2992/2992 2995/2995/2995 2987/2987/2987 
f 2990/2990/2990 2996/2996/2996 2994/2994/2994 
f 2994/2994/2994 2988/2988/2988 2990/2990/2990 
f 2990/2990/2990 2989/2989/2989 2997/2997/2997 
f 2997/2997/2997 2996/2996/2996 2990/2990/2990 
f 2989/2989/2989 2987/2987/2987 2995/2995/2995 
f 2995/2995/2995 2997/2997/2997 2989/2989/2989 

g Player2

v 0.610819 102.218 -0.373067 
v 0.498835 102.458 -0.310732 
v 0.595669 102.457 -0.171063 
v 0.704087 102.244 -0.185404 
v 0.154388 102.186 -0.510896 
v 0.145494 102.458 -0.454991 
v 0.330509 102.458 -0.42905 
v 0.350713 102.194 -0.480296 
v 0.154793 102.281 0.409039 
v 0.351633 102.281 0.409039 
v 0.319957 102.456 0.289765 
v 0.140849 102.456 0.289765 
v 0.168296 102.015 -0.523802 
v 0.382307 101.995 -0.493202 
v 0.382307 102.015 -0.273134 
v 0.168296 102.015 -0.273134 
v 0.483789 102.272 0.342618 
v 0.410501 102.456 0.233769 
v 0.528729 102.015 -0.446239 
v 0.588918 102.015 -0.229794 
v 0.40871 102.458 -0.374081 
v 0.471553 102.205 -0.430479 
v 0.382307 102.015 0.22583 
v 0.168296 102.015 0.22583 
v 0.588918 102.015 0.183506 
v 0.579597 102.456 0.047215 
v 0.705926 102.247 0.110636 
v 0.382307 102.015 0.451814 
v 0.168296 102.001 0.451814 
v 0.558014 102.038 0.381828 
v 0.51485 102.456 0.169234 
v 0.636095 102.262 0.26607 
v 0.168296 102.015 -0.523802 
v 0.382307 101.995 -0.493202 
v 0.528729 102.015 -0.446239 
v 0.697476 101.997 -0.392115 
v 0.827032 102.015 -0.179846 
v 0.827032 101.985 0.134729 
v 0.760513 102.015 0.30117 
v 0.382307 102.015 0.451814 
v 0.558014 102.038 0.381828 
v 0.168296 102.001 0.451814 
v -0.610819 102.218 -0.373067 
v -0.704087 102.244 -0.185404 
v -0.595669 102.457 -0.171063 
v -0.498835 102.458 -0.310732 
v -9.91759e-09 102.18 -0.53496 
v -0.169817 102.187 -0.508491 
v -0.160034 102.458 -0.452953 
v -1.02119e-08 102.458 -0.475391 
v 1.7467e-08 102.281 0.409039 
v 1.26096e-08 102.456 0.289765 
v -0.154925 102.456 0.289765 
v -0.170263 102.281 0.409039 
v -8.81824e-09 101.981 -0.547865 
v -8.83374e-10 102.015 -0.273134 
v -0.185115 102.015 -0.273134 
v -0.185115 101.972 -0.521397 
v -0.488238 102.272 0.340382 
v -0.413549 102.456 0.231883 
v -0.51485 102.456 0.169234 
v -0.636095 102.262 0.26607 
v -0.533658 101.978 -0.444658 
v -0.595874 102.015 -0.228335 
v -0.827032 102.015 -0.179846 
v -0.697476 102.015 -0.392115 
v -0.411343 102.458 -0.372231 
v -0.475622 102.206 -0.428802 
v 1.39869e-08 102.015 0.22583 
v -0.185115 102.015 0.22583 
v -0.595874 102.015 0.182081 
v -0.827032 102.015 0.134729 
v -0.705926 102.247 0.110636 
v -0.579597 102.456 0.047215 
v 2.07218e-08 102.015 0.451814 
v -0.185115 102.015 0.451814 
v -0.56393 102.015 0.379471 
v -0.760513 102.015 0.30117 
v -8.81824e-09 101.981 -0.547865 
v -0.185115 101.972 -0.521397 
v -0.533658 101.978 -0.444658 
v -0.697476 102.015 -0.392115 
v -0.827032 102.015 -0.179846 
v -0.827032 102.015 0.134729 
v -0.760513 102.015 0.30117 
v -0.56393 102.015 0.379471 
v 2.07218e-08 102.015 0.451814 
v -0.185115 102.015 0.451814 
v -0.319957 102.456 0.289765 
v -0.351633 102.281 0.409039 
v -0.382307 101.995 0.451814 
v -0.382307 101.995 0.451814 
v -0.382307 102.015 0.22583 
v -0.382307 102.015 -0.273134 
v -0.382307 102.015 -0.493202 
v -0.382307 102.015 -0.493202 
v -0.350713 102.194 -0.480296 
v -0.330509 102.458 -0.42905 
v 0.498835 102.458 -0.310732 
v 0.610819 102.218 -0.373067 
v 0.697476 101.997 -0.392115 
v 0.697476 101.997 -0.392115 
v 0.827032 102.015 -0.179846 
v 0.827032 101.985 0.134729 
v 0.760513 102.015 0.30117 
v 0.760513 102.015 0.30117 
v 0.595669 102.457 -0.171063 
v 0.498835 102.458 -0.310732 
v 0.472331 102.508 -0.280861 
v 0.559708 102.497 -0.158734 
v 0.330509 102.458 -0.42905 
v 0.145494 102.458 -0.454991 
v 0.137129 102.517 -0.407024 
v 0.310283 102.515 -0.384318 
v 0.140849 102.456 0.289765 
v 0.319957 102.456 0.289765 
v 0.303007 102.513 0.244213 
v 0.132749 102.515 0.244235 
v 0.410501 102.456 0.233769 
v 0.387063 102.511 0.195269 
v 0.40871 102.458 -0.374081 
v 0.385373 102.513 -0.336271 
v 0.579597 102.456 0.047215 
v 0.54853 102.496 0.0321284 
v 0.51485 102.456 0.169234 
v 0.483517 102.507 0.138821 
v -0.498835 102.458 -0.310732 
v -0.595669 102.457 -0.171063 
v -0.559907 102.497 -0.158734 
v -0.472511 102.508 -0.280861 
v -1.02119e-08 102.458 -0.475391 
v -0.160034 102.458 -0.452953 
v -0.15102 102.517 -0.405242 
v -8.86833e-05 102.517 -0.424863 
v -0.154925 102.456 0.289765 
v 1.26096e-08 102.456 0.289765 
v -8.86676e-05 102.515 0.244235 
v -0.146201 102.515 0.244235 
v -0.51485 102.456 0.169234 
v -0.413549 102.456 0.231883 
v -0.389922 102.511 0.193607 
v -0.483691 102.507 0.138821 
v -0.411343 102.458 -0.372231 
v -0.388227 102.513 -0.334641 
v -0.579597 102.456 0.047215 
v -0.548685 102.496 0.0321283 
v -0.319957 102.456 0.289765 
v -0.303148 102.512 0.244214 
v -0.330509 102.458 -0.42905 
v -0.310496 102.514 -0.384318 
v 0.436754 102.576 -0.226865 
v 0.511436 102.55 -0.136446 
v 0.125901 102.597 -0.320337 
v 0.283132 102.591 -0.303455 
v 0.280253 102.59 0.161869 
v 0.121875 102.589 0.171871 
v 0.3556 102.586 0.12569 
v 0.354048 102.587 -0.267941 
v 0.506828 102.549 0.00485708 
v 0.441457 102.576 0.0838454 
v -0.511903 102.55 -0.136447 
v -0.437176 102.576 -0.226864 
v -0.13892 102.597 -0.319017 
v -0.00020771 102.597 -0.333548 
v -0.000207706 102.589 0.171871 
v -0.134491 102.589 0.171871 
v -0.358206 102.586 0.124421 
v -0.441866 102.576 0.0838451 
v -0.357197 102.587 -0.266695 
v -0.507192 102.549 0.00485729 
v -0.280584 102.588 0.161871 
v -0.283633 102.589 -0.303458 
v 0.416348 102.616 -0.072907 
v 0.482758 102.581 -0.0729058 
v 0.11741 102.643 -0.0729089 
v 0.267065 102.636 -0.0729067 
v 0.336419 102.63 -0.072907 
v -0.483313 102.581 -0.0729056 
v -0.416903 102.616 -0.072907 
v -0.129726 102.643 -0.0729086 
v -0.000277491 102.643 -0.0729103 
v -0.339309 102.63 -0.072907 
v -0.26762 102.633 -0.0729067 

vn 0.645669 0.370079 -0.669291 
vn 0.622047 0.417323 -0.661417 
vn 0.850394 0.488189 -0.212598 
vn 0.866142 0.456693 -0.204724 
vn 0.141732 0.149606 -0.976378 
vn 0.141732 0.204724 -0.968504 
vn 0.251969 0.220472 -0.944882 
vn 0.23622 0.173228 -0.96063 
vn 0 0.330709 0.944882 
vn 0.165354 0.346457 0.92126 
vn 0.173228 0.582677 0.795276 
vn 0 0.566929 0.826772 
vn 0.023622 -1 0.0551181 
vn -0.015748 -1 0.0393701 
vn 0 -1 0.015748 
vn 0.00787402 -1 0.015748 
vn 0.409449 0.401575 0.818898 
vn 0.409449 0.582677 0.700787 
vn 0.00787402 -1 0.0472441 
vn -0.023622 -1 0.00787402 
vn 0.433071 0.299213 -0.850394 
vn 0.385827 0.244094 -0.889764 
vn 0.015748 -1 0.00787402 
vn 0 -1 -0.00787402 
vn -0.023622 -1 0.015748 
vn 0.834646 0.527559 0.133858 
vn 0.866142 0.480315 0.133858 
vn 0.0472441 -1 0.00787402 
vn 0 -1 -0.0314961 
vn 0.023622 -1 0.0787402 
vn 0.598425 0.606299 0.519685 
vn 0.637795 0.480315 0.606299 
vn 0.141732 0.0787402 -0.984252 
vn 0.228346 0.110236 -0.968504 
vn 0.330709 0.173228 -0.929134 
vn 0.685039 0.346457 -0.645669 
vn 0.88189 0.433071 -0.165354 
vn 0.88189 0.448819 0.11811 
vn 0.732283 0.417323 0.543307 
vn 0.165354 0.188976 0.968504 
vn 0.401575 0.267717 0.874016 
vn 0 0.15748 0.984252 
vn -0.629921 0.370079 -0.685039 
vn -0.858268 0.464567 -0.204724 
vn -0.850394 0.488189 -0.212598 
vn -0.629921 0.417323 -0.653543 
vn -0.015748 0.149606 -0.992126 
vn -0.141732 0.149606 -0.976378 
vn -0.141732 0.204724 -0.968504 
vn -0.00787402 0.204724 -0.976378 
vn 0 0.330709 0.944882 
vn 0 0.566929 0.826772 
vn 0 0.566929 0.826772 
vn 0 0.330709 0.944882 
vn 0.0629921 -0.992126 0.110236 
vn 0.023622 -1 0.0393701 
vn -0.00787402 -1 0.0393701 
vn -0.023622 -0.992126 0.11811 
vn -0.409449 0.385827 0.826772 
vn -0.409449 0.582677 0.700787 
vn -0.598425 0.606299 0.519685 
vn -0.622047 0.472441 0.629921 
vn 0.0629921 -0.992126 0.0866142 
vn 0 -1 0.023622 
vn -0.015748 -1 0.00787402 
vn -0.0787402 -0.992126 0.0472441 
vn -0.433071 0.299213 -0.850394 
vn -0.377953 0.23622 -0.897638 
vn -0.00787402 -1 -0.00787402 
vn 0.00787402 -1 -0.00787402 
vn -0.00787402 -1 -0.00787402 
vn 0 -1 0 
vn -0.858268 0.496063 0.133858 
vn -0.834646 0.527559 0.133858 
vn -0.015748 -1 -0.015748 
vn 0.023622 -1 -0.023622 
vn -0.023622 -1 -0.0314961 
vn 0 -1 0 
vn -0.0314961 0.0708661 -1 
vn -0.141732 0.0708661 -0.984252 
vn -0.322835 0.165354 -0.929134 
vn -0.653543 0.338583 -0.677165 
vn -0.874016 0.456693 -0.173228 
vn -0.874016 0.472441 0.11811 
vn -0.685039 0.409449 0.606299 
vn -0.393701 0.251969 0.88189 
vn 0 0.15748 0.984252 
vn -0.00787402 0.15748 0.984252 
vn -0.188976 0.582677 0.795276 
vn -0.188976 0.338583 0.92126 
vn -0.204724 0.188976 0.96063 
vn 0.015748 -1 -0.0472441 
vn 0 -1 -0.015748 
vn 0 -1 0.0314961 
vn -0.015748 -0.992126 0.0944882 
vn -0.244094 0.110236 -0.96063 
vn -0.244094 0.165354 -0.952756 
vn -0.259843 0.220472 -0.937008 
vn 0.622047 0.417323 -0.661417 
vn 0.645669 0.370079 -0.669291 
vn 0.685039 0.346457 -0.645669 
vn -0.0629921 -0.992126 0.0708661 
vn -0.0629921 -1 -0.023622 
vn -0.0629921 -1 -0.00787402 
vn -0.0866142 -0.992126 0.11811 
vn 0.732283 0.417323 0.543307 
vn 0.724409 0.661417 -0.181102 
vn 0.559055 0.637795 -0.527559 
vn 0.543307 0.669291 -0.503937 
vn 0.724409 0.669291 -0.173228 
vn 0.220472 0.645669 -0.732283 
vn 0.102362 0.637795 -0.76378 
vn 0.0944882 0.700787 -0.708661 
vn 0.19685 0.700787 -0.685039 
vn 0 0.606299 0.795276 
vn 0.15748 0.637795 0.755906 
vn 0.141732 0.685039 0.716535 
vn 0.00787402 0.669291 0.740157 
vn 0.409449 0.629921 0.661417 
vn 0.377953 0.685039 0.622047 
vn 0.440945 0.629921 -0.637795 
vn 0.409449 0.677165 -0.614173 
vn 0.732283 0.653543 0.19685 
vn 0.724409 0.661417 0.181102 
vn 0.551181 0.653543 0.519685 
vn 0.535433 0.677165 0.503937 
vn -0.566929 0.637795 -0.527559 
vn -0.724409 0.661417 -0.181102 
vn -0.724409 0.669291 -0.173228 
vn -0.551181 0.669291 -0.503937 
vn -0.00787402 0.645669 -0.76378 
vn -0.110236 0.637795 -0.76378 
vn -0.0944882 0.700787 -0.708661 
vn -0.00787402 0.700787 -0.708661 
vn 0 0.614173 0.795276 
vn 0 0.606299 0.795276 
vn 0 0.661417 0.748031 
vn -0.00787402 0.669291 0.740157 
vn -0.551181 0.653543 0.519685 
vn -0.401575 0.637795 0.661417 
vn -0.377953 0.685039 0.622047 
vn -0.535433 0.677165 0.503937 
vn -0.440945 0.629921 -0.637795 
vn -0.401575 0.677165 -0.614173 
vn -0.732283 0.653543 0.19685 
vn -0.732283 0.661417 0.181102 
vn -0.173228 0.637795 0.748031 
vn -0.15748 0.685039 0.708661 
vn -0.228346 0.645669 -0.724409 
vn -0.204724 0.700787 -0.685039 
vn 0.409449 0.84252 -0.346457 
vn 0.653543 0.740157 -0.165354 
vn 0.0551181 0.937008 -0.354331 
vn 0.11811 0.92126 -0.377953 
vn 0.0866142 0.92126 0.385827 
vn 0.015748 0.92126 0.377953 
vn 0.23622 0.897638 0.362205 
vn 0.244094 0.905512 -0.354331 
vn 0.653543 0.732283 0.165354 
vn 0.393701 0.858268 0.338583 
vn -0.653543 0.740157 -0.165354 
vn -0.409449 0.84252 -0.346457 
vn -0.0551181 0.937008 -0.354331 
vn 0 0.929134 -0.370079 
vn 0 0.92126 0.377953 
vn -0.023622 0.92126 0.377953 
vn -0.220472 0.905512 0.362205 
vn -0.401575 0.850394 0.338583 
vn -0.228346 0.905512 -0.354331 
vn -0.661417 0.732283 0.165354 
vn -0.0944882 0.92126 0.385827 
vn -0.125984 0.92126 -0.377953 
vn 0.299213 0.952756 0 
vn 0.535433 0.84252 -0.00787402 
vn 0.023622 1 0.00787402 
vn 0.0629921 1 0.00787402 
vn 0.15748 0.984252 0 
vn -0.535433 0.84252 -0.00787402 
vn -0.307087 0.952756 0 
vn -0.0314961 1 0.015748 
vn 0 1 0.015748 
vn -0.133858 0.992126 0 
vn -0.0629921 1 0.00787402 

vt 0.420953 0.664178 
vt 0.420953 0.700933 
vt 0.39528 0.700933 
vt 0.393682 0.663607 
vt 0.0551889 0.661325 
vt 0.055736 0.700933 
vt 0.0360693 0.700933 
vt 0.0348798 0.662239 
vt 0.294813 0.664593 
vt 0.312538 0.663927 
vt 0.311673 0.700932 
vt 0.294484 0.700932 
vt 0.0581853 0.643349 
vt 0.0403516 0.643349 
vt 0.0403516 0.610913 
vt 0.0581853 0.610913 
vt 0.330048 0.6632 
vt 0.329585 0.700932 
vt 0.0231343 0.643367 
vt 0.0231343 0.610913 
vt 0.0206863 0.700933 
vt 0.0200494 0.663141 
vt 0.0403516 0.561898 
vt 0.0581853 0.561898 
vt 0.0231343 0.561898 
vt 0.378166 0.700933 
vt 0.375865 0.664259 
vt 0.0403505 0.532959 
vt 0.0581842 0.532959 
vt 0.0231332 0.532959 
vt 0.351739 0.700932 
vt 0.351739 0.662363 
vt 0.0551867 0.645241 
vt 0.0349397 0.645241 
vt 0.0200811 0.645241 
vt 0.420953 0.645241 
vt 0.392686 0.645241 
vt 0.373614 0.645241 
vt 0.351739 0.645241 
vt 0.312239 0.645241 
vt 0.329888 0.645241 
vt 0.294653 0.645241 
vt 0.141911 0.656205 
vt 0.16717 0.65823 
vt 0.165642 0.700932 
vt 0.141911 0.700932 
vt 0.0711595 0.660607 
vt 0.0873623 0.661158 
vt 0.0868712 0.700933 
vt 0.0712016 0.700933 
vt 0.280873 0.665118 
vt 0.280967 0.700932 
vt 0.266375 0.700932 
vt 0.265851 0.6646 
vt 0.0722097 0.643349 
vt 0.0722097 0.610913 
vt 0.0876352 0.610913 
vt 0.0876352 0.643349 
vt 0.231099 0.663369 
vt 0.231609 0.700932 
vt 0.211997 0.700933 
vt 0.211997 0.662633 
vt 0.121865 0.643349 
vt 0.121865 0.610913 
vt 0.141129 0.610913 
vt 0.141129 0.643349 
vt 0.121746 0.700933 
vt 0.122296 0.659085 
vt 0.0722097 0.561898 
vt 0.0876352 0.561898 
vt 0.121865 0.561898 
vt 0.141129 0.561898 
vt 0.185227 0.658654 
vt 0.182935 0.700933 
vt 0.0722097 0.532959 
vt 0.0876352 0.532959 
vt 0.121865 0.532959 
vt 0.141129 0.532959 
vt 0.071109 0.645241 
vt 0.0872614 0.645241 
vt 0.122216 0.645241 
vt 0.141911 0.645241 
vt 0.168106 0.645241 
vt 0.187418 0.645241 
vt 0.211997 0.645241 
vt 0.231215 0.645241 
vt 0.280823 0.645241 
vt 0.265933 0.645241 
vt 0.25083 0.700932 
vt 0.249849 0.664047 
vt 0.250073 0.645241 
vt 0.104068 0.532959 
vt 0.104068 0.561898 
vt 0.104068 0.610913 
vt 0.104068 0.643349 
vt 0.104468 0.645241 
vt 0.104622 0.661747 
vt 0.103563 0.700933 
vt 0.00295753 0.700933 
vt 0.00295753 0.664178 
vt 0.00295753 0.645241 
vt 0.00329072 0.643388 
vt 0.00329072 0.610913 
vt 0.00329072 0.561898 
vt 0.00329072 0.532959 
vt 0.351739 0.645241 
vt 0.146733 0.581775 
vt 0.152492 0.581774 
vt 0.154021 0.59548 
vt 0.148981 0.6042 
vt 0.162202 0.581773 
vt 0.172874 0.581773 
vt 0.173356 0.586471 
vt 0.163369 0.588092 
vt 0.173142 0.637015 
vt 0.162811 0.637015 
vt 0.163788 0.632972 
vt 0.173609 0.632974 
vt 0.157588 0.637014 
vt 0.15894 0.629478 
vt 0.157691 0.581773 
vt 0.159037 0.591523 
vt 0.146734 0.637013 
vt 0.149626 0.617829 
vt 0.151569 0.637014 
vt 0.153376 0.625447 
vt 0.21004 0.581774 
vt 0.215799 0.581775 
vt 0.213563 0.6042 
vt 0.208522 0.59548 
vt 0.181266 0.581773 
vt 0.190498 0.581773 
vt 0.189978 0.586598 
vt 0.181272 0.585197 
vt 0.190203 0.637015 
vt 0.181266 0.637015 
vt 0.181272 0.632974 
vt 0.1897 0.632974 
vt 0.210964 0.637014 
vt 0.205121 0.637014 
vt 0.203758 0.629359 
vt 0.209167 0.625447 
vt 0.204994 0.581773 
vt 0.20366 0.59164 
vt 0.215799 0.637013 
vt 0.212916 0.617829 
vt 0.199722 0.637015 
vt 0.198753 0.632972 
vt 0.200331 0.581773 
vt 0.199177 0.588092 
vt 0.156073 0.599335 
vt 0.151766 0.605792 
vt 0.174004 0.592661 
vt 0.164935 0.593866 
vt 0.165101 0.627093 
vt 0.174236 0.627807 
vt 0.160755 0.624509 
vt 0.160844 0.596402 
vt 0.152031 0.615881 
vt 0.155802 0.621521 
vt 0.210794 0.605792 
vt 0.206484 0.599335 
vt 0.18928 0.592755 
vt 0.181278 0.591718 
vt 0.181278 0.627807 
vt 0.189024 0.627807 
vt 0.201929 0.624419 
vt 0.206754 0.621521 
vt 0.20187 0.596491 
vt 0.210522 0.615881 
vt 0.197451 0.627093 
vt 0.197627 0.593866 
vt 0.15725 0.610329 
vt 0.15342 0.610329 
vt 0.174494 0.610328 
vt 0.165861 0.610329 
vt 0.161861 0.610329 
vt 0.209145 0.610329 
vt 0.205314 0.610329 
vt 0.188749 0.610328 
vt 0.181282 0.610328 
vt 0.200839 0.610329 
vt 0.196703 0.610329 

usemtl Player1Mtl

f 2998/2998/2998 2999/2999/2999 3000/3000/3000 
f 2998/2998/2998 3000/3000/3000 3001/3001/3001 
f 3002/3002/3002 3003/3003/3003 3004/3004/3004 
f 3002/3002/3002 3004/3004/3004 3005/3005/3005 
f 3006/3006/3006 3007/3007/3007 3008/3008/3008 
f 3006/3006/3006 3008/3008/3008 3009/3009/3009 
f 3010/3010/3010 3011/3011/3011 3012/3012/3012 
f 3010/3010/3010 3012/3012/3012 3013/3013/3013 
f 3007/3007/3007 3014/3014/3014 3015/3015/3015 
f 3007/3007/3007 3015/3015/3015 3008/3008/3008 
f 3011/3011/3011 3016/3016/3016 3017/3017/3017 
f 3011/3011/3011 3017/3017/3017 3012/3012/3012 
f 3004/3004/3004 3018/3018/3018 3019/3019/3019 
f 3004/3004/3004 3019/3019/3019 3005/3005/3005 
f 3013/3013/3013 3012/3012/3012 3020/3020/3020 
f 3013/3013/3013 3020/3020/3020 3021/3021/3021 
f 3017/3017/3017 3022/3022/3022 3020/3020/3020 
f 3017/3017/3017 3020/3020/3020 3012/3012/3012 
f 3000/3000/3000 3023/3023/3023 3024/3024/3024 
f 3000/3000/3000 3024/3024/3024 3001/3001/3001 
f 3021/3021/3021 3020/3020/3020 3025/3025/3025 
f 3021/3021/3021 3025/3025/3025 3026/3026/3026 
f 3022/3022/3022 3027/3027/3027 3025/3025/3025 
f 3022/3022/3022 3025/3025/3025 3020/3020/3020 
f 3023/3023/3023 3028/3028/3028 3029/3029/3029 
f 3023/3023/3023 3029/3029/3029 3024/3024/3024 
f 3030/3030/3030 3002/3002/3002 3005/3005/3005 
f 3030/3030/3030 3005/3005/3005 3031/3031/3031 
f 3019/3019/3019 3032/3032/3032 3031/3031/3031 
f 3019/3019/3019 3031/3031/3031 3005/3005/3005 
f 3033/3033/3033 2998/2998/2998 3001/3001/3001 
f 3033/3033/3033 3001/3001/3001 3034/3034/3034 
f 3024/3024/3024 3035/3035/3035 3034/3034/3034 
f 3024/3024/3024 3034/3034/3034 3001/3001/3001 
f 3029/3029/3029 3036/3036/3036 3035/3035/3035 
f 3029/3029/3029 3035/3035/3035 3024/3024/3024 
f 3037/3037/3037 3038/3038/3038 3014/3014/3014 
f 3037/3037/3037 3014/3014/3014 3007/3007/3007 
f 3039/3039/3039 3037/3037/3037 3007/3007/3007 
f 3039/3039/3039 3007/3007/3007 3006/3006/3006 
f 3040/3040/3040 3041/3041/3041 3042/3042/3042 
f 3040/3040/3040 3042/3042/3042 3043/3043/3043 
f 3044/3044/3044 3045/3045/3045 3046/3046/3046 
f 3044/3044/3044 3046/3046/3046 3047/3047/3047 
f 3048/3048/3048 3049/3049/3049 3050/3050/3050 
f 3048/3048/3048 3050/3050/3050 3051/3051/3051 
f 3052/3052/3052 3053/3053/3053 3054/3054/3054 
f 3052/3052/3052 3054/3054/3054 3055/3055/3055 
f 3056/3056/3056 3057/3057/3057 3058/3058/3058 
f 3056/3056/3056 3058/3058/3058 3059/3059/3059 
f 3060/3060/3060 3061/3061/3061 3062/3062/3062 
f 3060/3060/3060 3062/3062/3062 3063/3063/3063 
f 3064/3064/3064 3065/3065/3065 3040/3040/3040 
f 3064/3064/3064 3040/3040/3040 3043/3043/3043 
f 3053/3053/3053 3066/3066/3066 3067/3067/3067 
f 3053/3053/3053 3067/3067/3067 3054/3054/3054 
f 3062/3062/3062 3061/3061/3061 3068/3068/3068 
f 3062/3062/3062 3068/3068/3068 3069/3069/3069 
f 3042/3042/3042 3041/3041/3041 3070/3070/3070 
f 3042/3042/3042 3070/3070/3070 3071/3071/3071 
f 3066/3066/3066 3072/3072/3072 3073/3073/3073 
f 3066/3066/3066 3073/3073/3073 3067/3067/3067 
f 3069/3069/3069 3068/3068/3068 3074/3074/3074 
f 3069/3069/3069 3074/3074/3074 3075/3075/3075 
f 3071/3071/3071 3070/3070/3070 3059/3059/3059 
f 3071/3071/3071 3059/3059/3059 3058/3058/3058 
f 3076/3076/3076 3077/3077/3077 3045/3045/3045 
f 3076/3076/3076 3045/3045/3045 3044/3044/3044 
f 3040/3040/3040 3065/3065/3065 3078/3078/3078 
f 3040/3040/3040 3078/3078/3078 3079/3079/3079 
f 3079/3079/3079 3080/3080/3080 3041/3041/3041 
f 3079/3079/3079 3041/3041/3041 3040/3040/3040 
f 3070/3070/3070 3041/3041/3041 3080/3080/3080 
f 3070/3070/3070 3080/3080/3080 3081/3081/3081 
f 3059/3059/3059 3070/3070/3070 3081/3081/3081 
f 3059/3059/3059 3081/3081/3081 3082/3082/3082 
f 3083/3083/3083 3056/3056/3056 3059/3059/3059 
f 3083/3083/3083 3059/3059/3059 3082/3082/3082 
f 3084/3084/3084 3048/3048/3048 3051/3051/3051 
f 3084/3084/3084 3051/3051/3051 3085/3085/3085 
f 3048/3048/3048 3006/3006/3006 3009/3009/3009 
f 3048/3048/3048 3009/3009/3009 3049/3049/3049 
f 3084/3084/3084 3039/3039/3039 3006/3006/3006 
f 3084/3084/3084 3006/3006/3006 3048/3048/3048 
f 3066/3066/3066 3021/3021/3021 3026/3026/3026 
f 3066/3066/3066 3026/3026/3026 3072/3072/3072 
f 3053/3053/3053 3013/3013/3013 3021/3021/3021 
f 3053/3053/3053 3021/3021/3021 3066/3066/3066 
f 3052/3052/3052 3010/3010/3010 3013/3013/3013 
f 3052/3052/3052 3013/3013/3013 3053/3053/3053 
f 3076/3076/3076 3044/3044/3044 3002/3002/3002 
f 3076/3076/3076 3002/3002/3002 3030/3030/3030 
f 3044/3044/3044 3047/3047/3047 3003/3003/3003 
f 3044/3044/3044 3003/3003/3003 3002/3002/3002 
f 3051/3051/3051 3050/3050/3050 3086/3086/3086 
f 3051/3051/3051 3086/3086/3086 3087/3087/3087 
f 3085/3085/3085 3051/3051/3051 3087/3087/3087 
f 3085/3085/3085 3087/3087/3087 3088/3088/3088 
f 3067/3067/3067 3073/3073/3073 3089/3089/3089 
f 3067/3067/3067 3089/3089/3089 3090/3090/3090 
f 3054/3054/3054 3067/3067/3067 3090/3090/3090 
f 3054/3054/3054 3090/3090/3090 3091/3091/3091 
f 3055/3055/3055 3054/3054/3054 3091/3091/3091 
f 3055/3055/3055 3091/3091/3091 3092/3092/3092 
f 3045/3045/3045 3077/3077/3077 3093/3093/3093 
f 3045/3045/3045 3093/3093/3093 3094/3094/3094 
f 3046/3046/3046 3045/3045/3045 3094/3094/3094 
f 3046/3046/3046 3094/3094/3094 3095/3095/3095 
f 3019/3019/3019 3018/3018/3018 3096/3096/3096 
f 3019/3019/3019 3096/3096/3096 3097/3097/3097 
f 3097/3097/3097 3098/3098/3098 3032/3032/3032 
f 3097/3097/3097 3032/3032/3032 3019/3019/3019 
f 3017/3017/3017 3016/3016/3016 3099/3099/3099 
f 3017/3017/3017 3099/3099/3099 3100/3100/3100 
f 3100/3100/3100 3101/3101/3101 3022/3022/3022 
f 3100/3100/3100 3022/3022/3022 3017/3017/3017 
f 3101/3101/3101 3102/3102/3102 3027/3027/3027 
f 3101/3101/3101 3027/3027/3027 3022/3022/3022 
f 3014/3014/3014 3038/3038/3038 3103/3103/3103 
f 3014/3014/3014 3103/3103/3103 3029/3029/3029 
f 3015/3015/3015 3014/3014/3014 3029/3029/3029 
f 3015/3015/3015 3029/3029/3029 3028/3028/3028 
f 3095/3095/3095 3094/3094/3094 3065/3065/3065 
f 3095/3095/3095 3065/3065/3065 3064/3064/3064 
f 3078/3078/3078 3065/3065/3065 3094/3094/3094 
f 3078/3078/3078 3094/3094/3094 3093/3093/3093 
f 3092/3092/3092 3091/3091/3091 3061/3061/3061 
f 3092/3092/3092 3061/3061/3061 3060/3060/3060 
f 3068/3068/3068 3061/3061/3061 3091/3091/3091 
f 3068/3068/3068 3091/3091/3091 3090/3090/3090 
f 3074/3074/3074 3068/3068/3068 3090/3090/3090 
f 3074/3074/3074 3090/3090/3090 3089/3089/3089 
f 3088/3088/3088 3087/3087/3087 3056/3056/3056 
f 3088/3088/3088 3056/3056/3056 3083/3083/3083 
f 3087/3087/3087 3086/3086/3086 3057/3057/3057 
f 3087/3087/3087 3057/3057/3057 3056/3056/3056 
f 3104/3104/3104 3105/3105/3105 3106/3106/3106 
f 3104/3104/3104 3106/3106/3106 3107/3107/3107 
f 3108/3108/3108 3109/3109/3109 3110/3110/3110 
f 3108/3108/3108 3110/3110/3110 3111/3111/3111 
f 3112/3112/3112 3113/3113/3113 3114/3114/3114 
f 3112/3112/3112 3114/3114/3114 3115/3115/3115 
f 3113/3113/3113 3116/3116/3116 3117/3117/3117 
f 3113/3113/3113 3117/3117/3117 3114/3114/3114 
f 3118/3118/3118 3108/3108/3108 3111/3111/3111 
f 3118/3118/3118 3111/3111/3111 3119/3119/3119 
f 3120/3120/3120 3104/3104/3104 3107/3107/3107 
f 3120/3120/3120 3107/3107/3107 3121/3121/3121 
f 3122/3122/3122 3120/3120/3120 3121/3121/3121 
f 3122/3122/3122 3121/3121/3121 3123/3123/3123 
f 3124/3124/3124 3125/3125/3125 3126/3126/3126 
f 3124/3124/3124 3126/3126/3126 3127/3127/3127 
f 3128/3128/3128 3129/3129/3129 3130/3130/3130 
f 3128/3128/3128 3130/3130/3130 3131/3131/3131 
f 3132/3132/3132 3133/3133/3133 3134/3134/3134 
f 3132/3132/3132 3134/3134/3134 3135/3135/3135 
f 3136/3136/3136 3137/3137/3137 3138/3138/3138 
f 3136/3136/3136 3138/3138/3138 3139/3139/3139 
f 3140/3140/3140 3124/3124/3124 3127/3127/3127 
f 3140/3140/3140 3127/3127/3127 3141/3141/3141 
f 3125/3125/3125 3142/3142/3142 3143/3143/3143 
f 3125/3125/3125 3143/3143/3143 3126/3126/3126 
f 3142/3142/3142 3136/3136/3136 3139/3139/3139 
f 3142/3142/3142 3139/3139/3139 3143/3143/3143 
f 3133/3133/3133 3112/3112/3112 3115/3115/3115 
f 3133/3133/3133 3115/3115/3115 3134/3134/3134 
f 3109/3109/3109 3128/3128/3128 3131/3131/3131 
f 3109/3109/3109 3131/3131/3131 3110/3110/3110 
f 3144/3144/3144 3132/3132/3132 3135/3135/3135 
f 3144/3144/3144 3135/3135/3135 3145/3145/3145 
f 3129/3129/3129 3146/3146/3146 3147/3147/3147 
f 3129/3129/3129 3147/3147/3147 3130/3130/3130 
f 3105/3105/3105 3118/3118/3118 3119/3119/3119 
f 3105/3105/3105 3119/3119/3119 3106/3106/3106 
f 3116/3116/3116 3122/3122/3122 3123/3123/3123 
f 3116/3116/3116 3123/3123/3123 3117/3117/3117 
f 3146/3146/3146 3140/3140/3140 3141/3141/3141 
f 3146/3146/3146 3141/3141/3141 3147/3147/3147 
f 3137/3137/3137 3144/3144/3144 3145/3145/3145 
f 3137/3137/3137 3145/3145/3145 3138/3138/3138 
f 3106/3106/3106 3148/3148/3148 3149/3149/3149 
f 3106/3106/3106 3149/3149/3149 3107/3107/3107 
f 3110/3110/3110 3150/3150/3150 3151/3151/3151 
f 3110/3110/3110 3151/3151/3151 3111/3111/3111 
f 3114/3114/3114 3152/3152/3152 3153/3153/3153 
f 3114/3114/3114 3153/3153/3153 3115/3115/3115 
f 3117/3117/3117 3154/3154/3154 3152/3152/3152 
f 3117/3117/3117 3152/3152/3152 3114/3114/3114 
f 3111/3111/3111 3151/3151/3151 3155/3155/3155 
f 3111/3111/3111 3155/3155/3155 3119/3119/3119 
f 3107/3107/3107 3149/3149/3149 3156/3156/3156 
f 3107/3107/3107 3156/3156/3156 3121/3121/3121 
f 3121/3121/3121 3156/3156/3156 3157/3157/3157 
f 3121/3121/3121 3157/3157/3157 3123/3123/3123 
f 3126/3126/3126 3158/3158/3158 3159/3159/3159 
f 3126/3126/3126 3159/3159/3159 3127/3127/3127 
f 3130/3130/3130 3160/3160/3160 3161/3161/3161 
f 3130/3130/3130 3161/3161/3161 3131/3131/3131 
f 3134/3134/3134 3162/3162/3162 3163/3163/3163 
f 3134/3134/3134 3163/3163/3163 3135/3135/3135 
f 3138/3138/3138 3164/3164/3164 3165/3165/3165 
f 3138/3138/3138 3165/3165/3165 3139/3139/3139 
f 3127/3127/3127 3159/3159/3159 3166/3166/3166 
f 3127/3127/3127 3166/3166/3166 3141/3141/3141 
f 3143/3143/3143 3167/3167/3167 3158/3158/3158 
f 3143/3143/3143 3158/3158/3158 3126/3126/3126 
f 3139/3139/3139 3165/3165/3165 3167/3167/3167 
f 3139/3139/3139 3167/3167/3167 3143/3143/3143 
f 3115/3115/3115 3153/3153/3153 3162/3162/3162 
f 3115/3115/3115 3162/3162/3162 3134/3134/3134 
f 3131/3131/3131 3161/3161/3161 3150/3150/3150 
f 3131/3131/3131 3150/3150/3150 3110/3110/3110 
f 3135/3135/3135 3163/3163/3163 3168/3168/3168 
f 3135/3135/3135 3168/3168/3168 3145/3145/3145 
f 3147/3147/3147 3169/3169/3169 3160/3160/3160 
f 3147/3147/3147 3160/3160/3160 3130/3130/3130 
f 3119/3119/3119 3155/3155/3155 3148/3148/3148 
f 3119/3119/3119 3148/3148/3148 3106/3106/3106 
f 3123/3123/3123 3157/3157/3157 3154/3154/3154 
f 3123/3123/3123 3154/3154/3154 3117/3117/3117 
f 3141/3141/3141 3166/3166/3166 3169/3169/3169 
f 3141/3141/3141 3169/3169/3169 3147/3147/3147 
f 3145/3145/3145 3168/3168/3168 3164/3164/3164 
f 3145/3145/3145 3164/3164/3164 3138/3138/3138 
f 3148/3148/3148 3170/3170/3170 3171/3171/3171 
f 3148/3148/3148 3171/3171/3171 3149/3149/3149 
f 3150/3150/3150 3172/3172/3172 3173/3173/3173 
f 3150/3150/3150 3173/3173/3173 3151/3151/3151 
f 3152/3152/3152 3173/3173/3173 3172/3172/3172 
f 3152/3152/3152 3172/3172/3172 3153/3153/3153 
f 3154/3154/3154 3174/3174/3174 3173/3173/3173 
f 3154/3154/3154 3173/3173/3173 3152/3152/3152 
f 3151/3151/3151 3173/3173/3173 3174/3174/3174 
f 3151/3151/3151 3174/3174/3174 3155/3155/3155 
f 3149/3149/3149 3171/3171/3171 3156/3156/3156 
f 3156/3156/3156 3171/3171/3171 3170/3170/3170 
f 3156/3156/3156 3170/3170/3170 3157/3157/3157 
f 3158/3158/3158 3175/3175/3175 3176/3176/3176 
f 3158/3158/3158 3176/3176/3176 3159/3159/3159 
f 3160/3160/3160 3177/3177/3177 3178/3178/3178 
f 3160/3160/3160 3178/3178/3178 3161/3161/3161 
f 3162/3162/3162 3178/3178/3178 3177/3177/3177 
f 3162/3162/3162 3177/3177/3177 3163/3163/3163 
f 3164/3164/3164 3179/3179/3179 3176/3176/3176 
f 3164/3164/3164 3176/3176/3176 3165/3165/3165 
f 3159/3159/3159 3176/3176/3176 3179/3179/3179 
f 3159/3159/3159 3179/3179/3179 3166/3166/3166 
f 3167/3167/3167 3175/3175/3175 3158/3158/3158 
f 3165/3165/3165 3176/3176/3176 3175/3175/3175 
f 3165/3165/3165 3175/3175/3175 3167/3167/3167 
f 3153/3153/3153 3172/3172/3172 3178/3178/3178 
f 3153/3153/3153 3178/3178/3178 3162/3162/3162 
f 3161/3161/3161 3178/3178/3178 3172/3172/3172 
f 3161/3161/3161 3172/3172/3172 3150/3150/3150 
f 3163/3163/3163 3177/3177/3177 3180/3180/3180 
f 3163/3163/3163 3180/3180/3180 3168/3168/3168 
f 3169/3169/3169 3180/3180/3180 3177/3177/3177 
f 3169/3169/3169 3177/3177/3177 3160/3160/3160 
f 3155/3155/3155 3174/3174/3174 3170/3170/3170 
f 3155/3155/3155 3170/3170/3170 3148/3148/3148 
f 3157/3157/3157 3170/3170/3170 3174/3174/3174 
f 3157/3157/3157 3174/3174/3174 3154/3154/3154 
f 3166/3166/3166 3179/3179/3179 3180/3180/3180 
f 3166/3166/3166 3180/3180/3180 3169/3169/3169 
f 3168/3168/3168 3180/3180/3180 3179/3179/3179 
f 3168/3168/3168 3179/3179/3179 3164/3164/3164 

g Player3

v 0.627379 102.212 -0.21643 
v 0.627379 102.212 0.18907 
v 0.769851 102.015 0.212575 
v 0.769851 102.015 -0.226977 
v 0.626779 102.01 -0.37681 
v 0.168359 101.296 0.0912211 
v 0.114006 101.722 0.133415 
v 0.114006 101.722 -0.217912 
v 0.168359 101.296 -0.185552 
v 0.626815 102.018 0.341751 
v 0.703102 101.296 -0.185552 
v 0.757455 101.722 -0.217912 
v 0.757455 101.722 0.133415 
v 0.703102 101.296 0.0912211 
v 0.631038 101.137 -0.376533 
v 0.589093 101.296 -0.323334 
v 0.737661 101.137 -0.206873 
v 0.1338 101.137 0.0962171 
v 0.1338 101.137 -0.206873 
v 0.589093 101.296 0.242247 
v 0.608916 101.137 0.232973 
v 0.737661 101.137 0.0962171 
v 0.703102 101.296 0.0912211 
v 0.737661 101.137 0.0962171 
v 0.277619 101.296 -0.323334 
v 0.235059 101.137 -0.376533 
v 0.168359 101.296 0.0912211 
v 0.1338 101.137 0.0962171 
v 0.257182 101.137 0.232973 
v 0.277619 101.296 0.242247 
v 0.101609 102.015 0.212575 
v 0.238789 102.005 0.340639 
v 0.238147 102.212 0.18907 
v 0.101609 102.015 -0.226977 
v 0.238147 102.212 -0.21643 
v 0.238752 102.013 -0.376874 
v 0.504006 101.137 -0.411714 
v 0.489169 101.296 -0.344174 
v 0.489169 101.296 0.255541 
v 0.496077 101.137 0.250759 
v 0.502511 102.212 0.18907 
v 0.502334 102.014 0.383705 
v 0.502511 102.212 -0.255571 
v 0.502298 102.011 -0.415971 
v 0.114006 101.722 -0.217912 
v 0.245835 101.72 -0.370518 
v 0.619914 101.719 -0.37048 
v 0.499907 101.719 -0.403319 
v 0.619935 101.723 0.279902 
v 0.757455 101.722 0.133415 
v 0.499929 101.721 0.310894 
v 0.114006 101.722 0.133415 
v 0.245857 101.716 0.279244 
v 0.380584 101.137 0.250759 
v 0.386896 101.296 0.255541 
v 0.377098 101.718 0.310678 
v 0.374923 102.009 0.38334 
v 0.374704 102.212 0.18907 
v 0.374704 102.212 -0.255571 
v 0.374887 102.012 -0.415992 
v 0.386896 101.296 -0.344174 
v 0.377076 101.72 -0.403331 
v 0.373984 101.137 -0.411714 
v 0.769851 102.015 -0.226977 
v 0.626779 102.01 -0.37681 
v 0.502298 102.011 -0.415971 
v 0.374887 102.012 -0.415992 
v 0.238752 102.013 -0.376874 
v 0.101609 102.015 -0.226977 
v 0.101609 102.015 0.212575 
v 0.101609 102.015 -0.226977 
v 0.101609 102.015 0.212575 
v 0.238789 102.005 0.340639 
v 0.374923 102.009 0.38334 
v 0.502334 102.014 0.383705 
v 0.626815 102.018 0.341751 
v 0.769851 102.015 0.212575 
v 0.769851 102.015 0.212575 
v 0.737661 101.137 -0.206873 
v 0.708133 101.062 -0.193405 
v 0.611941 101.062 -0.346468 
v 0.631038 101.137 -0.376533 
v 0.1338 101.137 -0.206873 
v 0.163344 101.062 -0.193405 
v 0.163344 101.062 0.0800358 
v 0.1338 101.137 0.0962171 
v 0.608916 101.137 0.232973 
v 0.591983 101.062 0.203414 
v 0.708133 101.062 0.0800358 
v 0.737661 101.137 0.0962171 
v 0.235059 101.137 -0.376533 
v 0.254698 101.062 -0.346468 
v 0.274657 101.062 0.203414 
v 0.257182 101.137 0.232973 
v 0.497335 101.062 -0.378207 
v 0.504006 101.137 -0.411714 
v 0.496077 101.137 0.250759 
v 0.490182 101.062 0.21946 
v 0.385987 101.062 0.21946 
v 0.380584 101.137 0.250759 
v 0.373984 101.137 -0.411714 
v 0.380033 101.062 -0.378207 
v 0.607958 100.985 -0.147713 
v 0.547151 100.985 -0.24447 
v 0.263575 100.985 -0.147713 
v 0.263575 100.985 0.0251398 
v 0.534534 100.985 0.103132 
v 0.607958 100.985 0.0251398 
v 0.321323 100.985 -0.24447 
v 0.33394 100.985 0.103132 
v 0.474704 100.985 -0.264534 
v 0.470182 100.985 0.113275 
v 0.404316 100.985 0.113275 
v 0.400552 100.985 -0.264534 
v 0.436029 100.951 -0.0692931 
v 0.435953 100.951 -0.069414 
v 0.435599 100.951 -0.0692931 
v 0.435599 100.951 -0.0690772 
v 0.435937 100.951 -0.0689798 
v 0.436029 100.951 -0.0690772 
v 0.435671 100.951 -0.069414 
v 0.435687 100.951 -0.0689798 
v 0.435863 100.951 -0.069439 
v 0.435857 100.951 -0.0689672 
v 0.435775 100.951 -0.0689672 
v 0.43577 100.951 -0.069439 

vn 0.551181 0.818898 -0.165354 
vn 0.559055 0.811024 0.181102 
vn 0.952756 0.19685 0.23622 
vn 0.952756 0.228346 -0.19685 
vn 0.535433 0.188976 -0.826772 
vn -0.968504 -0.0551181 0.244094 
vn -0.968504 -0.11811 0.228346 
vn -0.96063 -0.0944882 -0.244094 
vn -0.968504 -0.0314961 -0.244094 
vn 0.480315 0.110236 0.874016 
vn 0.968504 -0.0314961 -0.251969 
vn 0.96063 -0.0944882 -0.259843 
vn 0.96063 -0.11811 0.244094 
vn 0.96063 -0.0551181 0.259843 
vn 0.637795 0.110236 -0.76378 
vn 0.598425 0.00787402 -0.80315 
vn 0.968504 0.0551181 -0.244094 
vn -0.968504 0.00787402 0.259843 
vn -0.968504 0.0551181 -0.23622 
vn 0.574803 -0.0866142 0.811024 
vn 0.574803 -0.0787402 0.811024 
vn 0.96063 0 0.267717 
vn 0.96063 -0.0551181 0.259843 
vn 0.96063 0 0.267717 
vn -0.590551 0.00787402 -0.811024 
vn -0.629921 0.110236 -0.771654 
vn -0.968504 -0.0551181 0.244094 
vn -0.968504 0.00787402 0.259843 
vn -0.574803 -0.0787402 0.818898 
vn -0.566929 -0.0866142 0.818898 
vn -0.952756 0.19685 0.220472 
vn -0.472441 0.102362 0.874016 
vn -0.551181 0.811024 0.188976 
vn -0.96063 0.220472 -0.188976 
vn -0.543307 0.826772 -0.173228 
vn -0.519685 0.19685 -0.834646 
vn 0.125984 0.125984 -0.984252 
vn 0.11811 0.023622 -0.992126 
vn 0.0944882 -0.102362 0.992126 
vn 0.0787402 -0.149606 0.984252 
vn 0.023622 0.952756 0.307087 
vn 0.110236 0.220472 0.968504 
vn 0.0551181 0.937008 -0.354331 
vn 0.141732 0.275591 -0.952756 
vn -0.96063 -0.0944882 -0.244094 
vn -0.574803 -0.0944882 -0.811024 
vn 0.582677 -0.0944882 -0.80315 
vn 0.125984 -0.0944882 -0.984252 
vn 0.566929 -0.165354 0.80315 
vn 0.96063 -0.11811 0.244094 
vn 0.125984 -0.173228 0.976378 
vn -0.968504 -0.11811 0.228346 
vn -0.566929 -0.165354 0.811024 
vn -0.0708661 -0.149606 0.984252 
vn -0.0866142 -0.102362 0.992126 
vn -0.110236 -0.173228 0.976378 
vn -0.110236 0.212598 0.968504 
vn -0.0314961 0.952756 0.314961 
vn -0.0551181 0.937008 -0.346457 
vn -0.133858 0.283465 -0.952756 
vn -0.110236 0.023622 -0.992126 
vn -0.125984 -0.0944882 -0.984252 
vn -0.11811 0.125984 -0.984252 
vn 0.952756 0.228346 -0.19685 
vn 0.535433 0.188976 -0.826772 
vn 0.141732 0.275591 -0.952756 
vn -0.133858 0.283465 -0.952756 
vn -0.519685 0.19685 -0.834646 
vn -0.96063 0.220472 -0.188976 
vn -0.952756 0.19685 0.220472 
vn -0.96063 0.220472 -0.188976 
vn -0.952756 0.19685 0.220472 
vn -0.472441 0.102362 0.874016 
vn -0.110236 0.212598 0.968504 
vn 0.110236 0.220472 0.968504 
vn 0.480315 0.110236 0.874016 
vn 0.952756 0.19685 0.23622 
vn 0.952756 0.19685 0.23622 
vn 0.968504 0.0551181 -0.244094 
vn 0.76378 -0.622047 -0.173228 
vn 0.496063 -0.653543 -0.566929 
vn 0.637795 0.110236 -0.76378 
vn -0.968504 0.0551181 -0.23622 
vn -0.76378 -0.622047 -0.165354 
vn -0.748031 -0.629921 0.212598 
vn -0.968504 0.00787402 0.259843 
vn 0.574803 -0.0787402 0.811024 
vn 0.409449 -0.645669 0.637795 
vn 0.748031 -0.629921 0.220472 
vn 0.96063 0 0.267717 
vn -0.629921 0.110236 -0.771654 
vn -0.488189 -0.653543 -0.574803 
vn -0.401575 -0.645669 0.645669 
vn -0.574803 -0.0787402 0.818898 
vn 0.102362 -0.661417 -0.740157 
vn 0.125984 0.125984 -0.984252 
vn 0.0787402 -0.149606 0.984252 
vn 0.0629921 -0.645669 0.76378 
vn -0.0551181 -0.645669 0.76378 
vn -0.0708661 -0.149606 0.984252 
vn -0.11811 0.125984 -0.984252 
vn -0.0944882 -0.661417 -0.740157 
vn 0.472441 -0.874016 -0.102362 
vn 0.299213 -0.889764 -0.338583 
vn -0.472441 -0.874016 -0.0944882 
vn -0.456693 -0.88189 0.11811 
vn 0.244094 -0.889764 0.385827 
vn 0.456693 -0.88189 0.125984 
vn -0.291339 -0.897638 -0.338583 
vn -0.23622 -0.889764 0.385827 
vn 0.0551181 -0.897638 -0.433071 
vn 0.0314961 -0.889764 0.456693 
vn -0.0314961 -0.889764 0.456693 
vn -0.0551181 -0.897638 -0.433071 
vn 0.181102 -0.984252 -0.0393701 
vn 0.110236 -0.984252 -0.125984 
vn -0.181102 -0.984252 -0.0314961 
vn -0.173228 -0.984252 0.0472441 
vn 0.0944882 -0.984252 0.141732 
vn 0.173228 -0.984252 0.0472441 
vn -0.110236 -0.984252 -0.125984 
vn -0.0866142 -0.984252 0.141732 
vn 0.023622 -0.984252 -0.165354 
vn 0.015748 -0.984252 0.181102 
vn -0.015748 -0.984252 0.181102 
vn -0.023622 -0.984252 -0.165354 

vt 0.76156 0.41234 
vt 0.733366 0.412733 
vt 0.727895 0.384185 
vt 0.765002 0.384185 
vt 0.783314 0.384185 
vt 0.924302 0.294578 
vt 0.924302 0.339273 
vt 0.855052 0.337912 
vt 0.855052 0.294578 
vt 0.714552 0.384185 
vt 0.784944 0.294578 
vt 0.784944 0.338562 
vt 0.714825 0.336518 
vt 0.714825 0.294578 
vt 0.802547 0.271679 
vt 0.803922 0.294578 
vt 0.784944 0.271679 
vt 0.924302 0.271679 
vt 0.855052 0.271679 
vt 0.941969 0.294578 
vt 0.93921 0.271679 
vt 0.92431 0.271679 
vt 0.92431 0.294578 
vt 0.714825 0.271679 
vt 0.833153 0.294578 
vt 0.834808 0.271679 
vt 0.993168 0.294578 
vt 0.993168 0.271679 
vt 0.974943 0.271679 
vt 0.973131 0.294578 
vt 0.728088 0.495928 
vt 0.714552 0.495928 
vt 0.733321 0.469156 
vt 0.766545 0.495928 
vt 0.762061 0.467575 
vt 0.783314 0.495928 
vt 0.813384 0.271679 
vt 0.813272 0.294578 
vt 0.951823 0.294578 
vt 0.950498 0.271679 
vt 0.731884 0.429791 
vt 0.714552 0.431036 
vt 0.766738 0.430065 
vt 0.783314 0.429422 
vt 0.855052 0.337912 
vt 0.835348 0.338625 
vt 0.802787 0.338459 
vt 0.813269 0.338445 
vt 0.939267 0.339163 
vt 0.92431 0.339273 
vt 0.951594 0.338918 
vt 0.993168 0.336518 
vt 0.977059 0.337456 
vt 0.962448 0.271679 
vt 0.962072 0.294578 
vt 0.963752 0.338306 
vt 0.714552 0.44898 
vt 0.731815 0.448323 
vt 0.767078 0.448542 
vt 0.783314 0.44882 
vt 0.823196 0.294578 
vt 0.823668 0.338478 
vt 0.823798 0.271679 
vt 0.784944 0.38327 
vt 0.801978 0.38327 
vt 0.813241 0.38327 
vt 0.824235 0.38327 
vt 0.836455 0.38327 
vt 0.855052 0.38327 
vt 0.924302 0.38327 
vt 0.855052 0.38327 
vt 0.993168 0.38327 
vt 0.979226 0.38327 
vt 0.964646 0.38327 
vt 0.951567 0.38327 
vt 0.938153 0.38327 
vt 0.92431 0.38327 
vt 0.714825 0.38327 
vt 0.788645 0.429462 
vt 0.790232 0.428364 
vt 0.795638 0.440835 
vt 0.788646 0.446623 
vt 0.822666 0.429462 
vt 0.820849 0.428364 
vt 0.820849 0.406087 
vt 0.822666 0.404768 
vt 0.788646 0.391251 
vt 0.79676 0.396035 
vt 0.790232 0.406087 
vt 0.788645 0.404768 
vt 0.822666 0.446623 
vt 0.815715 0.440835 
vt 0.814593 0.396035 
vt 0.822666 0.391251 
vt 0.802079 0.44342 
vt 0.801704 0.446623 
vt 0.80215 0.39125 
vt 0.802481 0.394727 
vt 0.808337 0.394727 
vt 0.80864 0.39125 
vt 0.809011 0.446623 
vt 0.808671 0.44342 
vt 0.795862 0.424642 
vt 0.799279 0.432525 
vt 0.815216 0.424642 
vt 0.815216 0.410559 
vt 0.799988 0.404205 
vt 0.795862 0.410559 
vt 0.811971 0.432525 
vt 0.811262 0.404205 
vt 0.803351 0.434159 
vt 0.803605 0.403378 
vt 0.807307 0.403378 
vt 0.807518 0.434159 
vt 0.805524 0.418253 
vt 0.805529 0.418262 
vt 0.805549 0.418253 
vt 0.805549 0.418235 
vt 0.805529 0.418227 
vt 0.805524 0.418235 
vt 0.805544 0.418262 
vt 0.805544 0.418227 
vt 0.805534 0.418265 
vt 0.805534 0.418226 
vt 0.805539 0.418226 
vt 0.805539 0.418265 

usemtl Player1Mtl

f 3181/3181/3181 3182/3182/3182 3183/3183/3183 
f 3181/3181/3181 3183/3183/3183 3184/3184/3184 
f 3181/3181/3181 3184/3184/3184 3185/3185/3185 
f 3186/3186/3186 3187/3187/3187 3188/3188/3188 
f 3186/3186/3186 3188/3188/3188 3189/3189/3189 
f 3182/3182/3182 3190/3190/3190 3183/3183/3183 
f 3191/3191/3191 3192/3192/3192 3193/3193/3193 
f 3191/3191/3191 3193/3193/3193 3194/3194/3194 
f 3195/3195/3195 3196/3196/3196 3191/3191/3191 
f 3195/3195/3195 3191/3191/3191 3197/3197/3197 
f 3198/3198/3198 3186/3186/3186 3189/3189/3189 
f 3198/3198/3198 3189/3189/3189 3199/3199/3199 
f 3200/3200/3200 3201/3201/3201 3202/3202/3202 
f 3200/3200/3200 3202/3202/3202 3203/3203/3203 
f 3197/3197/3197 3191/3191/3191 3194/3194/3194 
f 3197/3197/3197 3194/3194/3194 3204/3204/3204 
f 3199/3199/3199 3189/3189/3189 3205/3205/3205 
f 3199/3199/3199 3205/3205/3205 3206/3206/3206 
f 3207/3207/3207 3208/3208/3208 3209/3209/3209 
f 3207/3207/3207 3209/3209/3209 3210/3210/3210 
f 3211/3211/3211 3212/3212/3212 3213/3213/3213 
f 3214/3214/3214 3211/3211/3211 3213/3213/3213 
f 3214/3214/3214 3213/3213/3213 3215/3215/3215 
f 3214/3214/3214 3215/3215/3215 3216/3216/3216 
f 3217/3217/3217 3218/3218/3218 3196/3196/3196 
f 3217/3217/3217 3196/3196/3196 3195/3195/3195 
f 3219/3219/3219 3220/3220/3220 3201/3201/3201 
f 3219/3219/3219 3201/3201/3201 3200/3200/3200 
f 3221/3221/3221 3222/3222/3222 3190/3190/3190 
f 3221/3221/3221 3190/3190/3190 3182/3182/3182 
f 3223/3223/3223 3221/3221/3221 3182/3182/3182 
f 3223/3223/3223 3182/3182/3182 3181/3181/3181 
f 3223/3223/3223 3181/3181/3181 3185/3185/3185 
f 3223/3223/3223 3185/3185/3185 3224/3224/3224 
f 3189/3189/3189 3225/3225/3225 3226/3226/3226 
f 3189/3189/3189 3226/3226/3226 3205/3205/3205 
f 3227/3227/3227 3196/3196/3196 3218/3218/3218 
f 3227/3227/3227 3218/3218/3218 3228/3228/3228 
f 3192/3192/3192 3191/3191/3191 3196/3196/3196 
f 3192/3192/3192 3196/3196/3196 3227/3227/3227 
f 3229/3229/3229 3200/3200/3200 3203/3203/3203 
f 3229/3229/3229 3203/3203/3203 3230/3230/3230 
f 3231/3231/3231 3219/3219/3219 3200/3200/3200 
f 3231/3231/3231 3200/3200/3200 3229/3229/3229 
f 3232/3232/3232 3207/3207/3207 3210/3210/3210 
f 3232/3232/3232 3210/3210/3210 3233/3233/3233 
f 3210/3210/3210 3209/3209/3209 3234/3234/3234 
f 3210/3210/3210 3234/3234/3234 3235/3235/3235 
f 3233/3233/3233 3210/3210/3210 3235/3235/3235 
f 3233/3233/3233 3235/3235/3235 3236/3236/3236 
f 3213/3213/3213 3212/3212/3212 3237/3237/3237 
f 3213/3213/3213 3237/3237/3237 3238/3238/3238 
f 3215/3215/3215 3213/3213/3213 3238/3238/3238 
f 3215/3215/3215 3238/3238/3238 3239/3239/3239 
f 3215/3215/3215 3239/3239/3239 3240/3240/3240 
f 3215/3215/3215 3240/3240/3240 3216/3216/3216 
f 3241/3241/3241 3205/3205/3205 3226/3226/3226 
f 3241/3241/3241 3226/3226/3226 3242/3242/3242 
f 3206/3206/3206 3205/3205/3205 3241/3241/3241 
f 3206/3206/3206 3241/3241/3241 3243/3243/3243 
f 3235/3235/3235 3234/3234/3234 3220/3220/3220 
f 3235/3235/3235 3220/3220/3220 3219/3219/3219 
f 3236/3236/3236 3235/3235/3235 3219/3219/3219 
f 3236/3236/3236 3219/3219/3219 3231/3231/3231 
f 3238/3238/3238 3237/3237/3237 3222/3222/3222 
f 3238/3238/3238 3222/3222/3222 3221/3221/3221 
f 3239/3239/3239 3238/3238/3238 3221/3221/3221 
f 3239/3239/3239 3221/3221/3221 3223/3223/3223 
f 3239/3239/3239 3223/3223/3223 3224/3224/3224 
f 3239/3239/3239 3224/3224/3224 3240/3240/3240 
f 3218/3218/3218 3241/3241/3241 3242/3242/3242 
f 3218/3218/3218 3242/3242/3242 3228/3228/3228 
f 3243/3243/3243 3241/3241/3241 3218/3218/3218 
f 3243/3243/3243 3218/3218/3218 3217/3217/3217 
f 3244/3244/3244 3192/3192/3192 3227/3227/3227 
f 3244/3244/3244 3227/3227/3227 3245/3245/3245 
f 3245/3245/3245 3227/3227/3227 3228/3228/3228 
f 3245/3245/3245 3228/3228/3228 3246/3246/3246 
f 3242/3242/3242 3247/3247/3247 3246/3246/3246 
f 3242/3242/3242 3246/3246/3246 3228/3228/3228 
f 3226/3226/3226 3248/3248/3248 3247/3247/3247 
f 3226/3226/3226 3247/3247/3247 3242/3242/3242 
f 3225/3225/3225 3249/3249/3249 3248/3248/3248 
f 3225/3225/3225 3248/3248/3248 3226/3226/3226 
f 3187/3187/3187 3250/3250/3250 3251/3251/3251 
f 3187/3187/3187 3251/3251/3251 3188/3188/3188 
f 3252/3252/3252 3232/3232/3232 3233/3233/3233 
f 3252/3252/3252 3233/3233/3233 3253/3253/3253 
f 3253/3253/3253 3233/3233/3233 3236/3236/3236 
f 3253/3253/3253 3236/3236/3236 3254/3254/3254 
f 3254/3254/3254 3236/3236/3236 3231/3231/3231 
f 3254/3254/3254 3231/3231/3231 3255/3255/3255 
f 3255/3255/3255 3231/3231/3231 3229/3229/3229 
f 3255/3255/3255 3229/3229/3229 3256/3256/3256 
f 3256/3256/3256 3229/3229/3229 3230/3230/3230 
f 3256/3256/3256 3230/3230/3230 3257/3257/3257 
f 3192/3192/3192 3244/3244/3244 3258/3258/3258 
f 3192/3192/3192 3258/3258/3258 3193/3193/3193 
f 3259/3259/3259 3260/3260/3260 3261/3261/3261 
f 3259/3259/3259 3261/3261/3261 3262/3262/3262 
f 3263/3263/3263 3264/3264/3264 3265/3265/3265 
f 3263/3263/3263 3265/3265/3265 3266/3266/3266 
f 3267/3267/3267 3268/3268/3268 3269/3269/3269 
f 3267/3267/3267 3269/3269/3269 3270/3270/3270 
f 3270/3270/3270 3269/3269/3269 3260/3260/3260 
f 3270/3270/3270 3260/3260/3260 3259/3259/3259 
f 3271/3271/3271 3272/3272/3272 3264/3264/3264 
f 3271/3271/3271 3264/3264/3264 3263/3263/3263 
f 3266/3266/3266 3265/3265/3265 3273/3273/3273 
f 3266/3266/3266 3273/3273/3273 3274/3274/3274 
f 3262/3262/3262 3261/3261/3261 3275/3275/3275 
f 3262/3262/3262 3275/3275/3275 3276/3276/3276 
f 3277/3277/3277 3278/3278/3278 3268/3268/3268 
f 3277/3277/3277 3268/3268/3268 3267/3267/3267 
f 3274/3274/3274 3273/3273/3273 3279/3279/3279 
f 3274/3274/3274 3279/3279/3279 3280/3280/3280 
f 3281/3281/3281 3282/3282/3282 3272/3272/3272 
f 3281/3281/3281 3272/3272/3272 3271/3271/3271 
f 3280/3280/3280 3279/3279/3279 3278/3278/3278 
f 3280/3280/3280 3278/3278/3278 3277/3277/3277 
f 3276/3276/3276 3275/3275/3275 3282/3282/3282 
f 3276/3276/3276 3282/3282/3282 3281/3281/3281 
f 3261/3261/3261 3260/3260/3260 3283/3283/3283 
f 3261/3261/3261 3283/3283/3283 3284/3284/3284 
f 3265/3265/3265 3264/3264/3264 3285/3285/3285 
f 3265/3265/3265 3285/3285/3285 3286/3286/3286 
f 3269/3269/3269 3268/3268/3268 3287/3287/3287 
f 3269/3269/3269 3287/3287/3287 3288/3288/3288 
f 3260/3260/3260 3269/3269/3269 3288/3288/3288 
f 3260/3260/3260 3288/3288/3288 3283/3283/3283 
f 3264/3264/3264 3272/3272/3272 3289/3289/3289 
f 3264/3264/3264 3289/3289/3289 3285/3285/3285 
f 3273/3273/3273 3265/3265/3265 3286/3286/3286 
f 3273/3273/3273 3286/3286/3286 3290/3290/3290 
f 3275/3275/3275 3261/3261/3261 3284/3284/3284 
f 3275/3275/3275 3284/3284/3284 3291/3291/3291 
f 3268/3268/3268 3278/3278/3278 3292/3292/3292 
f 3268/3268/3268 3292/3292/3292 3287/3287/3287 
f 3279/3279/3279 3273/3273/3273 3290/3290/3290 
f 3279/3279/3279 3290/3290/3290 3293/3293/3293 
f 3272/3272/3272 3282/3282/3282 3294/3294/3294 
f 3272/3272/3272 3294/3294/3294 3289/3289/3289 
f 3278/3278/3278 3279/3279/3279 3293/3293/3293 
f 3278/3278/3278 3293/3293/3293 3292/3292/3292 
f 3282/3282/3282 3275/3275/3275 3291/3291/3291 
f 3282/3282/3282 3291/3291/3291 3294/3294/3294 
f 3284/3284/3284 3283/3283/3283 3295/3295/3295 
f 3284/3284/3284 3295/3295/3295 3296/3296/3296 
f 3286/3286/3286 3285/3285/3285 3297/3297/3297 
f 3286/3286/3286 3297/3297/3297 3298/3298/3298 
f 3288/3288/3288 3287/3287/3287 3299/3299/3299 
f 3288/3288/3288 3299/3299/3299 3300/3300/3300 
f 3283/3283/3283 3288/3288/3288 3300/3300/3300 
f 3283/3283/3283 3300/3300/3300 3295/3295/3295 
f 3285/3285/3285 3289/3289/3289 3301/3301/3301 
f 3285/3285/3285 3301/3301/3301 3297/3297/3297 
f 3290/3290/3290 3286/3286/3286 3298/3298/3298 
f 3290/3290/3290 3298/3298/3298 3302/3302/3302 
f 3291/3291/3291 3284/3284/3284 3296/3296/3296 
f 3291/3291/3291 3296/3296/3296 3303/3303/3303 
f 3287/3287/3287 3292/3292/3292 3304/3304/3304 
f 3287/3287/3287 3304/3304/3304 3299/3299/3299 
f 3293/3293/3293 3290/3290/3290 3302/3302/3302 
f 3293/3293/3293 3302/3302/3302 3305/3305/3305 
f 3289/3289/3289 3294/3294/3294 3306/3306/3306 
f 3289/3289/3289 3306/3306/3306 3301/3301/3301 
f 3292/3292/3292 3293/3293/3293 3305/3305/3305 
f 3292/3292/3292 3305/3305/3305 3304/3304/3304 
f 3294/3294/3294 3291/3291/3291 3303/3303/3303 
f 3294/3294/3294 3303/3303/3303 3306/3306/3306 

g Player4

v 0.675769 100.941 -0.465685 
v 0.603605 100.941 -0.337928 
v 0.728403 100.941 -0.193635 
v 0.854213 100.941 -0.261585 
v 0.017247 100.941 0.162372 
v 0.143057 100.941 0.150006 
v 0.143057 100.941 -0.193635 
v 0.017247 100.941 -0.261585 
v 0.603605 100.941 0.308168 
v 0.675769 100.941 0.386091 
v 0.854213 100.941 0.162372 
v 0.728403 100.941 0.150006 
v 0.262657 100.941 -0.337928 
v 0.188259 100.941 -0.465685 
v 0.188259 100.941 0.386091 
v 0.262657 100.941 0.308168 
v 0.494227 100.941 -0.359752 
v 0.519372 100.941 -0.497528 
v 0.494227 100.941 0.340831 
v 0.519372 100.941 0.434841 
v 0.603605 100.941 -0.337928 
v 0.631038 101.137 -0.376533 
v 0.737661 101.137 -0.206873 
v 0.728403 100.941 -0.193635 
v 0.737661 101.137 0.0962171 
v 0.728403 100.941 0.150006 
v 0.608916 101.137 0.232973 
v 0.603605 100.941 0.308168 
v 0.728403 100.941 0.150006 
v 0.737661 101.137 0.0962171 
v 0.496077 101.137 0.250759 
v 0.494227 100.941 0.340831 
v 0.1338 101.137 0.0962171 
v 0.143057 100.941 0.150006 
v 0.262657 100.941 0.308168 
v 0.257182 101.137 0.232973 
v 0.143057 100.941 0.150006 
v 0.1338 101.137 0.0962171 
v 0.1338 101.137 -0.206873 
v 0.143057 100.941 -0.193635 
v 0.143057 100.941 -0.193635 
v 0.235059 101.137 -0.376533 
v 0.262657 100.941 -0.337928 
v 0.494227 100.941 -0.359752 
v 0.504006 101.137 -0.411714 
v 0.359296 100.941 0.434841 
v 0.382275 100.941 0.340831 
v 0.382275 100.941 0.340831 
v 0.380584 101.137 0.250759 
v 0.373984 101.137 -0.411714 
v 0.382275 100.941 -0.359752 
v 0.382275 100.941 -0.359752 
v 0.359296 100.941 -0.497528 
v 0.616871 100.678 -0.354603 
v 0.675769 100.941 -0.465685 
v 0.854213 100.941 -0.261585 
v 0.751531 100.609 -0.210818 
v 0.751531 100.609 -0.210818 
v 0.854213 100.941 -0.261585 
v 0.854213 100.941 0.162372 
v 0.751531 100.609 0.152982 
v 0.675769 100.941 0.386091 
v 0.616871 100.607 0.297834 
v 0.519372 100.941 0.434841 
v 0.498849 100.607 0.34407 
v 0.616871 100.607 0.297834 
v 0.675769 100.941 0.386091 
v 0.359296 100.941 0.434841 
v 0.37805 100.607 0.34407 
v 0.188259 100.941 0.386091 
v 0.24898 100.607 0.297834 
v 0.017247 100.941 0.162372 
v 0.119929 100.609 0.152982 
v 0.24898 100.607 0.297834 
v 0.188259 100.941 0.386091 
v 0.017247 100.941 -0.261585 
v 0.119929 100.609 -0.210818 
v 0.119929 100.609 -0.210818 
v 0.017247 100.941 -0.261585 
v 0.188259 100.941 -0.465685 
v 0.24898 100.678 -0.354603 
v 0.359296 100.941 -0.497528 
v 0.37805 100.693 -0.381569 
v 0.519372 100.941 -0.497528 
v 0.498849 100.693 -0.381569 
v 0.618443 100.434 -0.330215 
v 0.738492 100.37 -0.197293 
v 0.738492 100.37 -0.197293 
v 0.738492 100.354 0.130993 
v 0.618443 100.349 0.289595 
v 0.499397 100.349 0.345224 
v 0.618443 100.349 0.289595 
v 0.37755 100.349 0.345224 
v 0.247359 100.349 0.289595 
v 0.132968 100.354 0.130993 
v 0.247359 100.349 0.289595 
v 0.132968 100.37 -0.197293 
v 0.132968 100.37 -0.197293 
v 0.247359 100.434 -0.330215 
v 0.37755 100.462 -0.36067 
v 0.499397 100.462 -0.36067 
v 0.645722 100.248 -0.406169 
v 0.508902 100.282 -0.44112 
v 0.773187 100.153 -0.252349 
v 0.773187 100.153 -0.252349 
v 0.773187 100.188 0.147721 
v 0.645722 100.188 0.320427 
v 0.508902 100.188 0.385904 
v 0.645722 100.188 0.320427 
v 0.368863 100.188 0.385904 
v 0.219236 100.188 0.320427 
v 0.0982731 100.188 0.147721 
v 0.219236 100.188 0.320427 
v 0.0982731 100.153 -0.252349 
v 0.0982731 100.153 -0.252349 
v 0.219236 100.248 -0.406169 
v 0.368863 100.282 -0.44112 
v 0.631038 101.137 -0.376533 
v 0.604809 101.199 -0.33524 
v 0.697106 101.199 -0.188375 
v 0.737661 101.137 -0.206873 
v 0.1338 101.137 0.0962171 
v 0.174377 101.199 0.073993 
v 0.174377 101.199 -0.188375 
v 0.1338 101.137 -0.206873 
v 0.737661 101.137 0.0962171 
v 0.697106 101.199 0.073993 
v 0.585659 101.199 0.192375 
v 0.608916 101.137 0.232973 
v 0.262032 101.199 -0.33524 
v 0.235059 101.137 -0.376533 
v 0.257182 101.137 0.232973 
v 0.281182 101.199 0.192375 
v 0.504006 101.137 -0.411714 
v 0.494844 101.199 -0.365694 
v 0.487981 101.199 0.207771 
v 0.496077 101.137 0.250759 
v 0.380584 101.137 0.250759 
v 0.388005 101.199 0.207771 
v 0.382291 101.199 -0.365694 
v 0.373984 101.137 -0.411714 
v 0.548803 101.268 -0.247072 
v 0.610513 101.268 -0.148878 
v 0.261018 101.268 0.0265401 
v 0.261018 101.268 -0.148878 
v 0.610513 101.268 0.0265401 
v 0.536 101.268 0.10569 
v 0.319624 101.268 -0.247072 
v 0.332428 101.268 0.10569 
v 0.475282 101.268 -0.267434 
v 0.470692 101.268 0.115984 
v 0.403849 101.268 0.115984 
v 0.400029 101.268 -0.267434 
v 0.435823 101.297 -0.069195 
v 0.645722 100.188 0.320427 
v 0.541455 100.129 0.205319 
v 0.60564 100.13 0.0704942 
v 0.773187 100.188 0.147721 
v 0.60564 100.112 -0.241826 
v 0.773187 100.153 -0.252349 
v 0.0982731 100.153 -0.252349 
v 0.265788 100.112 -0.241826 
v 0.265788 100.13 0.0704943 
v 0.0982731 100.188 0.147721 
v 0.541455 100.16 -0.361908 
v 0.645722 100.248 -0.406169 
v 0.219236 100.248 -0.406169 
v 0.326699 100.16 -0.361908 
v 0.326699 100.129 0.205319 
v 0.219236 100.188 0.320427 
v 0.47256 100.177 -0.389193 
v 0.508902 100.282 -0.44112 
v 0.508902 100.188 0.385904 
v 0.47256 100.129 0.256435 
v 0.368863 100.282 -0.44112 
v 0.402043 100.177 -0.389193 
v 0.402043 100.129 0.256435 
v 0.368863 100.188 0.385904 
v 0.435697 100.071 -0.167762 

vn 0 1 0 
vn 0 1 0 
vn 0.00787402 1 0 
vn 0.00787402 1 0 
vn -0.00787402 1 0 
vn -0.00787402 1 0 
vn -0.00787402 1 0 
vn -0.00787402 1 0 
vn 0 1 0.00787402 
vn 0 1 0.00787402 
vn 0.00787402 1 0 
vn 0.00787402 1 0 
vn 0 1 0 
vn 0 1 0 
vn 0 1 0.00787402 
vn 0 1 0.00787402 
vn 0 1 0 
vn 0 1 0 
vn 0 1 0.00787402 
vn 0 1 0.00787402 
vn 0.606299 -0.19685 -0.771654 
vn 0.606299 -0.19685 -0.771654 
vn 0.968504 -0.0944882 -0.244094 
vn 0.968504 -0.0866142 -0.228346 
vn 0.976378 0.023622 0.212598 
vn 0.944882 0.0629921 0.314961 
vn 0.590551 0.259843 0.76378 
vn 0.527559 0.283465 0.80315 
vn 0.944882 0.0629921 0.314961 
vn 0.976378 0.023622 0.212598 
vn 0.102362 0.401575 0.913386 
vn 0.0944882 0.401575 0.913386 
vn -0.976378 0.023622 0.204724 
vn -0.952756 0.0551181 0.307087 
vn -0.511811 0.291339 0.80315 
vn -0.582677 0.259843 0.76378 
vn -0.952756 0.0551181 0.307087 
vn -0.976378 0.023622 0.204724 
vn -0.968504 -0.0944882 -0.23622 
vn -0.976378 -0.0866142 -0.212598 
vn -0.976378 -0.0866142 -0.212598 
vn -0.598425 -0.19685 -0.771654 
vn -0.598425 -0.204724 -0.779528 
vn 0.110236 -0.251969 -0.96063 
vn 0.11811 -0.251969 -0.96063 
vn 0 1 0.00787402 
vn 0 1 0.00787402 
vn -0.0944882 0.401575 0.913386 
vn -0.102362 0.401575 0.913386 
vn -0.110236 -0.251969 -0.96063 
vn -0.110236 -0.251969 -0.96063 
vn 0 1 0 
vn 0 1 0 
vn 0.527559 -0.291339 -0.795276 
vn 0.503937 -0.393701 -0.771654 
vn 0.905512 -0.338583 -0.259843 
vn 0.944882 -0.228346 -0.244094 
vn 0.944882 -0.228346 -0.244094 
vn 0.905512 -0.338583 -0.259843 
vn 0.92126 -0.299213 0.23622 
vn 0.937008 -0.212598 0.267717 
vn 0.590551 -0.283465 0.755906 
vn 0.614173 -0.188976 0.76378 
vn 0.165354 -0.275591 0.944882 
vn 0.181102 -0.173228 0.968504 
vn 0.614173 -0.188976 0.76378 
vn 0.590551 -0.283465 0.755906 
vn -0.15748 -0.275591 0.944882 
vn -0.173228 -0.173228 0.968504 
vn -0.582677 -0.283465 0.755906 
vn -0.606299 -0.19685 0.771654 
vn -0.929134 -0.299213 0.228346 
vn -0.944882 -0.212598 0.251969 
vn -0.606299 -0.19685 0.771654 
vn -0.582677 -0.283465 0.755906 
vn -0.905512 -0.338583 -0.244094 
vn -0.944882 -0.228346 -0.23622 
vn -0.944882 -0.228346 -0.23622 
vn -0.905512 -0.338583 -0.244094 
vn -0.496063 -0.401575 -0.771654 
vn -0.519685 -0.299213 -0.80315 
vn -0.0866142 -0.425197 -0.905512 
vn -0.0944882 -0.299213 -0.952756 
vn 0.0866142 -0.425197 -0.897638 
vn 0.0944882 -0.299213 -0.952756 
vn 0.614173 0.125984 -0.779528 
vn 0.976378 0.0866142 -0.212598 
vn 0.976378 0.0866142 -0.212598 
vn 0.976378 0.0629921 0.220472 
vn 0.645669 0.0787402 0.755906 
vn 0.212598 0.102362 0.968504 
vn 0.645669 0.0787402 0.755906 
vn -0.204724 0.102362 0.976378 
vn -0.637795 0.0866142 0.76378 
vn -0.976378 0.0629921 0.212598 
vn -0.637795 0.0866142 0.76378 
vn -0.976378 0.0866142 -0.204724 
vn -0.976378 0.0866142 -0.204724 
vn -0.606299 0.125984 -0.779528 
vn -0.133858 0.133858 -0.984252 
vn 0.141732 0.133858 -0.984252 
vn 0.669291 0.338583 -0.653543 
vn 0.173228 0.409449 -0.897638 
vn 0.952756 0.228346 -0.204724 
vn 0.952756 0.228346 -0.204724 
vn 0.96063 0.204724 0.19685 
vn 0.645669 0.244094 0.724409 
vn 0.220472 0.251969 0.944882 
vn 0.645669 0.244094 0.724409 
vn -0.212598 0.251969 0.944882 
vn -0.637795 0.244094 0.724409 
vn -0.96063 0.204724 0.188976 
vn -0.637795 0.244094 0.724409 
vn -0.952756 0.228346 -0.19685 
vn -0.952756 0.228346 -0.19685 
vn -0.669291 0.346457 -0.661417 
vn -0.165354 0.409449 -0.897638 
vn 0.511811 0.614173 -0.598425 
vn 0.456693 0.724409 -0.519685 
vn 0.708661 0.692913 -0.15748 
vn 0.795276 0.574803 -0.19685 
vn -0.771654 0.590551 0.23622 
vn -0.692913 0.700787 0.19685 
vn -0.708661 0.692913 -0.149606 
vn -0.795276 0.574803 -0.188976 
vn 0.771654 0.590551 0.244094 
vn 0.685039 0.700787 0.204724 
vn 0.377953 0.716535 0.590551 
vn 0.433071 0.598425 0.669291 
vn -0.448819 0.724409 -0.527559 
vn -0.503937 0.614173 -0.606299 
vn -0.425197 0.606299 0.677165 
vn -0.370079 0.716535 0.590551 
vn 0.110236 0.598425 -0.795276 
vn 0.0944882 0.724409 -0.685039 
vn 0.0551181 0.700787 0.708661 
vn 0.0629921 0.574803 0.818898 
vn -0.0629921 0.574803 0.818898 
vn -0.0551181 0.700787 0.708661 
vn -0.0866142 0.724409 -0.685039 
vn -0.102362 0.598425 -0.795276 
vn 0.291339 0.897638 -0.330709 
vn 0.456693 0.88189 -0.0944882 
vn -0.448819 0.88189 0.11811 
vn -0.456693 0.88189 -0.0944882 
vn 0.448819 0.88189 0.125984 
vn 0.23622 0.897638 0.377953 
vn -0.283465 0.897638 -0.330709 
vn -0.23622 0.897638 0.377953 
vn 0.0551181 0.905512 -0.417323 
vn 0.0314961 0.897638 0.440945 
vn -0.0314961 0.897638 0.440945 
vn -0.0551181 0.905512 -0.417323 
vn 0 1 0 
vn 0.251969 -0.937008 0.228346 
vn 0.212598 -0.96063 0.188976 
vn 0.259843 -0.96063 0.0944882 
vn 0.275591 -0.952756 0.110236 
vn 0.251969 -0.952756 -0.149606 
vn 0.275591 -0.952756 -0.0944882 
vn -0.275591 -0.952756 -0.0944882 
vn -0.251969 -0.952756 -0.149606 
vn -0.259843 -0.96063 0.0944882 
vn -0.275591 -0.952756 0.110236 
vn 0.15748 -0.76378 -0.629921 
vn 0.220472 -0.716535 -0.661417 
vn -0.220472 -0.716535 -0.661417 
vn -0.149606 -0.755906 -0.637795 
vn -0.204724 -0.96063 0.19685 
vn -0.244094 -0.944882 0.228346 
vn 0.0314961 -0.653543 -0.755906 
vn 0.0708661 -0.488189 -0.874016 
vn 0.110236 -0.92126 0.370079 
vn 0.0787402 -0.952756 0.283465 
vn -0.0708661 -0.480315 -0.874016 
vn -0.0314961 -0.653543 -0.755906 
vn -0.0787402 -0.952756 0.283465 
vn -0.102362 -0.92126 0.370079 
vn 0 -1 -0.0393701 

vt 0.995279 0.125617 
vt 0.994029 0.133307 
vt 0.99619 0.141991 
vt 0.998369 0.137901 
vt 0.983874 0.163417 
vt 0.986052 0.162672 
vt 0.986052 0.141991 
vt 0.983874 0.1379 
vt 0.994029 0.172192 
vt 0.995279 0.176882 
vt 0.998369 0.163419 
vt 0.99619 0.162674 
vt 0.988124 0.133305 
vt 0.986835 0.125616 
vt 0.986835 0.176882 
vt 0.988124 0.172192 
vt 0.992134 0.131993 
vt 0.99257 0.1237 
vt 0.992134 0.174158 
vt 0.99257 0.179816 
vt 0.804237 0.241624 
vt 0.802547 0.271679 
vt 0.784944 0.271679 
vt 0.784944 0.241624 
vt 0.714825 0.271679 
vt 0.714825 0.241624 
vt 0.93921 0.271679 
vt 0.939377 0.241624 
vt 0.92431 0.241624 
vt 0.92431 0.271679 
vt 0.950498 0.271679 
vt 0.950842 0.241624 
vt 0.993168 0.271679 
vt 0.993168 0.241624 
vt 0.974448 0.241624 
vt 0.974943 0.271679 
vt 0.924302 0.241624 
vt 0.924302 0.271679 
vt 0.855052 0.271679 
vt 0.855052 0.241624 
vt 0.855052 0.241624 
vt 0.834808 0.271679 
vt 0.833511 0.241624 
vt 0.813844 0.241624 
vt 0.813384 0.271679 
vt 0.989798 0.179816 
vt 0.990195 0.174158 
vt 0.962164 0.241624 
vt 0.962448 0.271679 
vt 0.823798 0.271679 
vt 0.823274 0.241624 
vt 0.990195 0.131993 
vt 0.989798 0.1237 
vt 0.834084 0.15841 
vt 0.837559 0.173852 
vt 0.853991 0.171786 
vt 0.84688 0.155282 
vt 0.896517 0.155494 
vt 0.890999 0.172455 
vt 0.918801 0.173548 
vt 0.920298 0.156279 
vt 0.937344 0.172905 
vt 0.933261 0.155896 
vt 0.865958 0.172343 
vt 0.867284 0.154774 
vt 0.859057 0.154833 
vt 0.855255 0.17195 
vt 0.876301 0.17234 
vt 0.87517 0.154994 
vt 0.887949 0.17201 
vt 0.884032 0.154802 
vt 0.95724 0.173558 
vt 0.956591 0.156155 
vt 0.9437 0.155762 
vt 0.939057 0.17262 
vt 0.985029 0.173039 
vt 0.980252 0.155891 
vt 0.798064 0.155802 
vt 0.790575 0.172324 
vt 0.807108 0.174035 
vt 0.810714 0.158544 
vt 0.818107 0.173669 
vt 0.818849 0.159206 
vt 0.827779 0.173709 
vt 0.826544 0.159233 
vt 0.834978 0.146729 
vt 0.84811 0.145314 
vt 0.897968 0.143838 
vt 0.919471 0.143272 
vt 0.932547 0.143272 
vt 0.867215 0.142006 
vt 0.858612 0.14222 
vt 0.875272 0.142132 
vt 0.884641 0.14224 
vt 0.957676 0.143281 
vt 0.944861 0.143142 
vt 0.979186 0.144245 
vt 0.797018 0.145477 
vt 0.809734 0.147149 
vt 0.818557 0.148039 
vt 0.82656 0.147876 
vt 0.83711 0.138132 
vt 0.827249 0.139267 
vt 0.8533 0.135131 
vt 0.89395 0.133058 
vt 0.920094 0.134765 
vt 0.934115 0.135299 
vt 0.866747 0.133864 
vt 0.856825 0.134192 
vt 0.875819 0.133863 
vt 0.886543 0.134228 
vt 0.957306 0.134786 
vt 0.943557 0.135069 
vt 0.983489 0.133521 
vt 0.791012 0.134918 
vt 0.807155 0.1379 
vt 0.81789 0.139607 
vt 0.720599 0.123833 
vt 0.72208 0.12988 
vt 0.716871 0.142194 
vt 0.714582 0.123834 
vt 0.74866 0.179044 
vt 0.74637 0.164193 
vt 0.74637 0.142194 
vt 0.74866 0.123834 
vt 0.714582 0.179044 
vt 0.716871 0.164193 
vt 0.72316 0.174119 
vt 0.721848 0.179045 
vt 0.741424 0.12988 
vt 0.742946 0.123833 
vt 0.741697 0.179045 
vt 0.740343 0.174119 
vt 0.727768 0.123832 
vt 0.728285 0.127327 
vt 0.728673 0.175409 
vt 0.728216 0.179045 
vt 0.734733 0.179045 
vt 0.734315 0.175409 
vt 0.734637 0.127327 
vt 0.735106 0.123832 
vt 0.72524 0.137273 
vt 0.721758 0.145506 
vt 0.741481 0.160214 
vt 0.741481 0.145506 
vt 0.721758 0.160214 
vt 0.725963 0.16685 
vt 0.738174 0.137273 
vt 0.737451 0.16685 
vt 0.729389 0.135566 
vt 0.729648 0.167713 
vt 0.73342 0.167713 
vt 0.733636 0.135566 
vt 0.731616 0.152187 
vt 0.993699 0.159935 
vt 0.992375 0.15766 
vt 0.99319 0.154995 
vt 0.995316 0.156521 
vt 0.99319 0.148823 
vt 0.995316 0.148615 
vt 0.986751 0.148615 
vt 0.988877 0.148823 
vt 0.988877 0.154995 
vt 0.986751 0.156521 
vt 0.992375 0.146449 
vt 0.993699 0.145575 
vt 0.988286 0.145575 
vt 0.98965 0.146449 
vt 0.98965 0.15766 
vt 0.988286 0.159935 
vt 0.991501 0.14591 
vt 0.991962 0.144884 
vt 0.991962 0.161229 
vt 0.991501 0.15867 
vt 0.990185 0.144884 
vt 0.990606 0.14591 
vt 0.990606 0.15867 
vt 0.990185 0.161229 
vt 0.991033 0.150286 

usemtl Player1Mtl

f 3307/3307/3307 3308/3308/3308 3309/3309/3309 
f 3307/3307/3307 3309/3309/3309 3310/3310/3310 
f 3311/3311/3311 3312/3312/3312 3313/3313/3313 
f 3311/3311/3311 3313/3313/3313 3314/3314/3314 
f 3315/3315/3315 3316/3316/3316 3317/3317/3317 
f 3315/3315/3315 3317/3317/3317 3318/3318/3318 
f 3310/3310/3310 3309/3309/3309 3318/3318/3318 
f 3310/3310/3310 3318/3318/3318 3317/3317/3317 
f 3314/3314/3314 3313/3313/3313 3319/3319/3319 
f 3314/3314/3314 3319/3319/3319 3320/3320/3320 
f 3312/3312/3312 3311/3311/3311 3321/3321/3321 
f 3312/3312/3312 3321/3321/3321 3322/3322/3322 
f 3323/3323/3323 3308/3308/3308 3307/3307/3307 
f 3323/3323/3323 3307/3307/3307 3324/3324/3324 
f 3325/3325/3325 3326/3326/3326 3316/3316/3316 
f 3325/3325/3325 3316/3316/3316 3315/3315/3315 
f 3327/3327/3327 3328/3328/3328 3329/3329/3329 
f 3327/3327/3327 3329/3329/3329 3330/3330/3330 
f 3330/3330/3330 3329/3329/3329 3331/3331/3331 
f 3330/3330/3330 3331/3331/3331 3332/3332/3332 
f 3333/3333/3333 3334/3334/3334 3335/3335/3335 
f 3333/3333/3333 3335/3335/3335 3336/3336/3336 
f 3337/3337/3337 3338/3338/3338 3334/3334/3334 
f 3337/3337/3337 3334/3334/3334 3333/3333/3333 
f 3339/3339/3339 3340/3340/3340 3341/3341/3341 
f 3339/3339/3339 3341/3341/3341 3342/3342/3342 
f 3343/3343/3343 3344/3344/3344 3345/3345/3345 
f 3343/3343/3343 3345/3345/3345 3346/3346/3346 
f 3347/3347/3347 3345/3345/3345 3348/3348/3348 
f 3347/3347/3347 3348/3348/3348 3349/3349/3349 
f 3350/3350/3350 3351/3351/3351 3328/3328/3328 
f 3350/3350/3350 3328/3328/3328 3327/3327/3327 
f 3322/3322/3322 3321/3321/3321 3352/3352/3352 
f 3322/3322/3322 3352/3352/3352 3353/3353/3353 
f 3342/3342/3342 3341/3341/3341 3354/3354/3354 
f 3342/3342/3342 3354/3354/3354 3355/3355/3355 
f 3349/3349/3349 3348/3348/3348 3356/3356/3356 
f 3349/3349/3349 3356/3356/3356 3357/3357/3357 
f 3320/3320/3320 3319/3319/3319 3358/3358/3358 
f 3320/3320/3320 3358/3358/3358 3359/3359/3359 
f 3353/3353/3353 3352/3352/3352 3326/3326/3326 
f 3353/3353/3353 3326/3326/3326 3325/3325/3325 
f 3355/3355/3355 3354/3354/3354 3338/3338/3338 
f 3355/3355/3355 3338/3338/3338 3337/3337/3337 
f 3357/3357/3357 3356/3356/3356 3351/3351/3351 
f 3357/3357/3357 3351/3351/3351 3350/3350/3350 
f 3358/3358/3358 3323/3323/3323 3324/3324/3324 
f 3358/3358/3358 3324/3324/3324 3359/3359/3359 
f 3360/3360/3360 3361/3361/3361 3362/3362/3362 
f 3360/3360/3360 3362/3362/3362 3363/3363/3363 
f 3364/3364/3364 3365/3365/3365 3366/3366/3366 
f 3364/3364/3364 3366/3366/3366 3367/3367/3367 
f 3368/3368/3368 3369/3369/3369 3367/3367/3367 
f 3368/3368/3368 3367/3367/3367 3366/3366/3366 
f 3370/3370/3370 3371/3371/3371 3372/3372/3372 
f 3370/3370/3370 3372/3372/3372 3373/3373/3373 
f 3374/3374/3374 3375/3375/3375 3371/3371/3371 
f 3374/3374/3374 3371/3371/3371 3370/3370/3370 
f 3376/3376/3376 3377/3377/3377 3375/3375/3375 
f 3376/3376/3376 3375/3375/3375 3374/3374/3374 
f 3378/3378/3378 3379/3379/3379 3380/3380/3380 
f 3378/3378/3378 3380/3380/3380 3381/3381/3381 
f 3379/3379/3379 3378/3378/3378 3382/3382/3382 
f 3379/3379/3379 3382/3382/3382 3383/3383/3383 
f 3384/3384/3384 3385/3385/3385 3386/3386/3386 
f 3384/3384/3384 3386/3386/3386 3387/3387/3387 
f 3387/3387/3387 3386/3386/3386 3388/3388/3388 
f 3387/3387/3387 3388/3388/3388 3389/3389/3389 
f 3390/3390/3390 3391/3391/3391 3389/3389/3389 
f 3390/3390/3390 3389/3389/3389 3388/3388/3388 
f 3361/3361/3361 3360/3360/3360 3391/3391/3391 
f 3361/3361/3361 3391/3391/3391 3390/3390/3390 
f 3392/3392/3392 3360/3360/3360 3363/3363/3363 
f 3392/3392/3392 3363/3363/3363 3393/3393/3393 
f 3394/3394/3394 3364/3364/3364 3367/3367/3367 
f 3394/3394/3394 3367/3367/3367 3395/3395/3395 
f 3369/3369/3369 3396/3396/3396 3395/3395/3395 
f 3369/3369/3369 3395/3395/3395 3367/3367/3367 
f 3371/3371/3371 3397/3397/3397 3398/3398/3398 
f 3371/3371/3371 3398/3398/3398 3372/3372/3372 
f 3375/3375/3375 3399/3399/3399 3397/3397/3397 
f 3375/3375/3375 3397/3397/3397 3371/3371/3371 
f 3377/3377/3377 3400/3400/3400 3399/3399/3399 
f 3377/3377/3377 3399/3399/3399 3375/3375/3375 
f 3379/3379/3379 3401/3401/3401 3402/3402/3402 
f 3379/3379/3379 3402/3402/3402 3380/3380/3380 
f 3401/3401/3401 3379/3379/3379 3383/3383/3383 
f 3401/3401/3401 3383/3383/3383 3403/3403/3403 
f 3404/3404/3404 3384/3384/3384 3387/3387/3387 
f 3404/3404/3404 3387/3387/3387 3405/3405/3405 
f 3405/3405/3405 3387/3387/3387 3389/3389/3389 
f 3405/3405/3405 3389/3389/3389 3406/3406/3406 
f 3391/3391/3391 3407/3407/3407 3406/3406/3406 
f 3391/3391/3391 3406/3406/3406 3389/3389/3389 
f 3360/3360/3360 3392/3392/3392 3407/3407/3407 
f 3360/3360/3360 3407/3407/3407 3391/3391/3391 
f 3392/3392/3392 3408/3408/3408 3409/3409/3409 
f 3392/3392/3392 3409/3409/3409 3407/3407/3407 
f 3408/3408/3408 3392/3392/3392 3393/3393/3393 
f 3408/3408/3408 3393/3393/3393 3410/3410/3410 
f 3411/3411/3411 3394/3394/3394 3395/3395/3395 
f 3411/3411/3411 3395/3395/3395 3412/3412/3412 
f 3396/3396/3396 3413/3413/3413 3412/3412/3412 
f 3396/3396/3396 3412/3412/3412 3395/3395/3395 
f 3397/3397/3397 3414/3414/3414 3415/3415/3415 
f 3397/3397/3397 3415/3415/3415 3398/3398/3398 
f 3399/3399/3399 3416/3416/3416 3414/3414/3414 
f 3399/3399/3399 3414/3414/3414 3397/3397/3397 
f 3400/3400/3400 3417/3417/3417 3416/3416/3416 
f 3400/3400/3400 3416/3416/3416 3399/3399/3399 
f 3401/3401/3401 3418/3418/3418 3419/3419/3419 
f 3401/3401/3401 3419/3419/3419 3402/3402/3402 
f 3418/3418/3418 3401/3401/3401 3403/3403/3403 
f 3418/3418/3418 3403/3403/3403 3420/3420/3420 
f 3421/3421/3421 3404/3404/3404 3405/3405/3405 
f 3421/3421/3421 3405/3405/3405 3422/3422/3422 
f 3422/3422/3422 3405/3405/3405 3406/3406/3406 
f 3422/3422/3422 3406/3406/3406 3423/3423/3423 
f 3407/3407/3407 3409/3409/3409 3423/3423/3423 
f 3407/3407/3407 3423/3423/3423 3406/3406/3406 
f 3424/3424/3424 3425/3425/3425 3426/3426/3426 
f 3424/3424/3424 3426/3426/3426 3427/3427/3427 
f 3428/3428/3428 3429/3429/3429 3430/3430/3430 
f 3428/3428/3428 3430/3430/3430 3431/3431/3431 
f 3432/3432/3432 3433/3433/3433 3434/3434/3434 
f 3432/3432/3432 3434/3434/3434 3435/3435/3435 
f 3427/3427/3427 3426/3426/3426 3433/3433/3433 
f 3427/3427/3427 3433/3433/3433 3432/3432/3432 
f 3431/3431/3431 3430/3430/3430 3436/3436/3436 
f 3431/3431/3431 3436/3436/3436 3437/3437/3437 
f 3438/3438/3438 3439/3439/3439 3429/3429/3429 
f 3438/3438/3438 3429/3429/3429 3428/3428/3428 
f 3440/3440/3440 3441/3441/3441 3425/3425/3425 
f 3440/3440/3440 3425/3425/3425 3424/3424/3424 
f 3435/3435/3435 3434/3434/3434 3442/3442/3442 
f 3435/3435/3435 3442/3442/3442 3443/3443/3443 
f 3444/3444/3444 3445/3445/3445 3439/3439/3439 
f 3444/3444/3444 3439/3439/3439 3438/3438/3438 
f 3437/3437/3437 3436/3436/3436 3446/3446/3446 
f 3437/3437/3437 3446/3446/3446 3447/3447/3447 
f 3443/3443/3443 3442/3442/3442 3445/3445/3445 
f 3443/3443/3443 3445/3445/3445 3444/3444/3444 
f 3447/3447/3447 3446/3446/3446 3441/3441/3441 
f 3447/3447/3447 3441/3441/3441 3440/3440/3440 
f 3426/3426/3426 3425/3425/3425 3448/3448/3448 
f 3426/3426/3426 3448/3448/3448 3449/3449/3449 
f 3430/3430/3430 3429/3429/3429 3450/3450/3450 
f 3430/3430/3430 3450/3450/3450 3451/3451/3451 
f 3434/3434/3434 3433/3433/3433 3452/3452/3452 
f 3434/3434/3434 3452/3452/3452 3453/3453/3453 
f 3433/3433/3433 3426/3426/3426 3449/3449/3449 
f 3433/3433/3433 3449/3449/3449 3452/3452/3452 
f 3436/3436/3436 3430/3430/3430 3451/3451/3451 
f 3436/3436/3436 3451/3451/3451 3454/3454/3454 
f 3429/3429/3429 3439/3439/3439 3455/3455/3455 
f 3429/3429/3429 3455/3455/3455 3450/3450/3450 
f 3425/3425/3425 3441/3441/3441 3456/3456/3456 
f 3425/3425/3425 3456/3456/3456 3448/3448/3448 
f 3442/3442/3442 3434/3434/3434 3453/3453/3453 
f 3442/3442/3442 3453/3453/3453 3457/3457/3457 
f 3439/3439/3439 3445/3445/3445 3458/3458/3458 
f 3439/3439/3439 3458/3458/3458 3455/3455/3455 
f 3446/3446/3446 3436/3436/3436 3454/3454/3454 
f 3446/3446/3446 3454/3454/3454 3459/3459/3459 
f 3445/3445/3445 3442/3442/3442 3457/3457/3457 
f 3445/3445/3445 3457/3457/3457 3458/3458/3458 
f 3441/3441/3441 3446/3446/3446 3459/3459/3459 
f 3441/3441/3441 3459/3459/3459 3456/3456/3456 
f 3449/3449/3449 3448/3448/3448 3460/3460/3460 
f 3451/3451/3451 3450/3450/3450 3460/3460/3460 
f 3453/3453/3453 3452/3452/3452 3460/3460/3460 
f 3452/3452/3452 3449/3449/3449 3460/3460/3460 
f 3454/3454/3454 3451/3451/3451 3460/3460/3460 
f 3450/3450/3450 3455/3455/3455 3460/3460/3460 
f 3448/3448/3448 3456/3456/3456 3460/3460/3460 
f 3457/3457/3457 3453/3453/3453 3460/3460/3460 
f 3455/3455/3455 3458/3458/3458 3460/3460/3460 
f 3459/3459/3459 3454/3454/3454 3460/3460/3460 
f 3458/3458/3458 3457/3457/3457 3460/3460/3460 
f 3456/3456/3456 3459/3459/3459 3460/3460/3460 
f 3461/3461/3461 3462/3462/3462 3463/3463/3463 
f 3461/3461/3461 3463/3463/3463 3464/3464/3464 
f 3464/3464/3464 3463/3463/3463 3465/3465/3465 
f 3464/3464/3464 3465/3465/3465 3466/3466/3466 
f 3467/3467/3467 3468/3468/3468 3469/3469/3469 
f 3467/3467/3467 3469/3469/3469 3470/3470/3470 
f 3466/3466/3466 3465/3465/3465 3471/3471/3471 
f 3466/3466/3466 3471/3471/3471 3472/3472/3472 
f 3473/3473/3473 3474/3474/3474 3468/3468/3468 
f 3473/3473/3473 3468/3468/3468 3467/3467/3467 
f 3470/3470/3470 3469/3469/3469 3475/3475/3475 
f 3470/3470/3470 3475/3475/3475 3476/3476/3476 
f 3472/3472/3472 3471/3471/3471 3477/3477/3477 
f 3472/3472/3472 3477/3477/3477 3478/3478/3478 
f 3479/3479/3479 3480/3480/3480 3462/3462/3462 
f 3479/3479/3479 3462/3462/3462 3461/3461/3461 
f 3481/3481/3481 3482/3482/3482 3474/3474/3474 
f 3481/3481/3481 3474/3474/3474 3473/3473/3473 
f 3476/3476/3476 3475/3475/3475 3483/3483/3483 
f 3476/3476/3476 3483/3483/3483 3484/3484/3484 
f 3478/3478/3478 3477/3477/3477 3482/3482/3482 
f 3478/3478/3478 3482/3482/3482 3481/3481/3481 
f 3484/3484/3484 3483/3483/3483 3480/3480/3480 
f 3484/3484/3484 3480/3480/3480 3479/3479/3479 
f 3463/3463/3463 3462/3462/3462 3485/3485/3485 
f 3465/3465/3465 3463/3463/3463 3485/3485/3485 
f 3469/3469/3469 3468/3468/3468 3485/3485/3485 
f 3471/3471/3471 3465/3465/3465 3485/3485/3485 
f 3468/3468/3468 3474/3474/3474 3485/3485/3485 
f 3475/3475/3475 3469/3469/3469 3485/3485/3485 
f 3477/3477/3477 3471/3471/3471 3485/3485/3485 
f 3462/3462/3462 3480/3480/3480 3485/3485/3485 
f 3474/3474/3474 3482/3482/3482 3485/3485/3485 
f 3483/3483/3483 3475/3475/3475 3485/3485/3485 
f 3482/3482/3482 3477/3477/3477 3485/3485/3485 
f 3480/3480/3480 3483/3483/3483 3485/3485/3485 

g Player5

v 0.665115 100.01 -0.648893 
v 0.655496 100.139 -0.648893 
v 0.747343 100.098 -0.478515 
v 0.760982 100.01 -0.478515 
v 0.645722 100.188 0.320427 
v 0.665115 100.01 0.358296 
v 0.794556 100.01 0.189692 
v 0.773187 100.188 0.147721 
v 0.665115 100.01 0.358296 
v 0.665115 100.01 -0.260663 
v 0.794556 100.01 -0.260663 
v 0.794556 100.01 0.189692 
v 0.794556 100.01 -0.260663 
v 0.773187 100.153 -0.252349 
v 0.076904 100.01 0.189692 
v 0.0982731 100.188 0.147721 
v 0.0982731 100.153 -0.252349 
v 0.076904 100.01 -0.260663 
v 0.665115 100.01 -0.648893 
v 0.760982 100.01 -0.478515 
v 0.760982 100.01 -0.478515 
v 0.747343 100.098 -0.478515 
v 0.773187 100.153 -0.252349 
v 0.645722 100.248 -0.406169 
v 0.124118 100.098 -0.478515 
v 0.110478 100.01 -0.478515 
v 0.209159 100.139 -0.648893 
v 0.124118 100.098 -0.478515 
v 0.0982731 100.153 -0.252349 
v 0.219236 100.248 -0.406169 
v 0.110478 100.01 -0.478515 
v 0.199242 100.01 -0.648893 
v 0.076904 100.01 -0.260663 
v 0.110478 100.01 -0.478515 
v 0.199242 100.01 -0.648893 
v 0.199242 100.01 -0.260663 
v 0.076904 100.01 0.189692 
v 0.199242 100.01 0.358296 
v 0.199242 100.01 0.358296 
v 0.219236 100.188 0.320427 
v 0.512308 100.17 -0.730904 
v 0.508902 100.282 -0.44112 
v 0.51566 100.01 -0.730904 
v 0.51566 100.01 -0.260663 
v 0.51566 100.01 -0.730904 
v 0.51566 100.01 0.423773 
v 0.508902 100.188 0.385904 
v 0.51566 100.01 0.423773 
v 0.665115 100.01 0.358296 
v 0.645722 100.188 0.320427 
v 0.365751 100.17 -0.730904 
v 0.368863 100.282 -0.44112 
v 0.362688 100.01 -0.730904 
v 0.362688 100.01 -0.730904 
v 0.362688 100.01 -0.260663 
v 0.362688 100.01 0.423773 
v 0.219236 100.188 0.320427 
v 0.199242 100.01 0.358296 
v 0.362688 100.01 0.423773 
v 0.368863 100.188 0.385904 
v 0.773187 100.188 0.147721 
v 0.686372 100.274 0.118558 
v 0.591696 100.274 0.246837 
v 0.645722 100.188 0.320427 
v 0.773187 100.153 -0.252349 
v 0.686372 100.247 -0.178599 
v 0.0982731 100.188 0.147721 
v 0.185071 100.274 0.118558 
v 0.185071 100.247 -0.1786 
v 0.0982731 100.153 -0.252349 
v 0.645722 100.248 -0.406169 
v 0.591696 100.318 -0.292851 
v 0.274918 100.318 -0.292851 
v 0.219236 100.248 -0.406169 
v 0.219236 100.188 0.320427 
v 0.274918 100.274 0.246837 
v 0.508902 100.282 -0.44112 
v 0.490071 100.344 -0.318812 
v 0.490071 100.274 0.295471 
v 0.508902 100.188 0.385904 
v 0.386055 100.344 -0.318812 
v 0.368863 100.282 -0.44112 
v 0.368863 100.188 0.385904 
v 0.386055 100.274 0.295471 
v 0.435697 100.349 -0.0209113 

vn 0.708661 0.0629921 -0.708661 
vn 0.606299 0.582677 -0.543307 
vn 0.866142 0.409449 -0.275591 
vn 0.944882 0.133858 -0.291339 
vn 0.645669 0.228346 0.732283 
vn 0.637795 0.228346 0.740157 
vn 0.952756 0.181102 0.251969 
vn 0.968504 0.165354 0.19685 
vn 0 -1 0 
vn 0 -1 0 
vn 0 -1 0 
vn 0 -1 0 
vn 0.992126 0.141732 -0.0472441 
vn 0.968504 0.23622 -0.0787402 
vn -0.952756 0.173228 0.244094 
vn -0.968504 0.165354 0.181102 
vn -0.968504 0.228346 -0.0708661 
vn -0.992126 0.141732 -0.0472441 
vn 0 -1 0 
vn 0 -1 0 
vn 0.944882 0.133858 -0.291339 
vn 0.866142 0.409449 -0.275591 
vn 0.968504 0.23622 -0.0787402 
vn 0.582677 0.755906 -0.299213 
vn -0.88189 0.393701 -0.267717 
vn -0.952756 0.133858 -0.275591 
vn -0.582677 0.598425 -0.551181 
vn -0.88189 0.393701 -0.267717 
vn -0.968504 0.228346 -0.0708661 
vn -0.574803 0.755906 -0.307087 
vn -0.952756 0.133858 -0.275591 
vn -0.692913 0.0551181 -0.716535 
vn 0 -1 0 
vn 0 -1 0 
vn 0 -1 0 
vn 0 -1 0 
vn 0 -1 0 
vn 0 -1 0 
vn -0.622047 0.228346 0.748031 
vn -0.637795 0.228346 0.740157 
vn 0.212598 0.692913 -0.692913 
vn 0.181102 0.913386 -0.362205 
vn 0.259843 0.00787402 -0.968504 
vn 0 -1 0 
vn 0 -1 0 
vn 0 -1 0 
vn 0.212598 0.220472 0.952756 
vn 0.212598 0.220472 0.952756 
vn 0.637795 0.228346 0.740157 
vn 0.645669 0.228346 0.732283 
vn -0.204724 0.692913 -0.692913 
vn -0.173228 0.913386 -0.362205 
vn -0.244094 0.00787402 -0.968504 
vn 0 -1 0 
vn 0 -1 0 
vn 0 -1 0 
vn -0.637795 0.228346 0.740157 
vn -0.622047 0.228346 0.748031 
vn -0.204724 0.220472 0.952756 
vn -0.204724 0.220472 0.952756 
vn 0.685039 0.724409 0.102362 
vn 0.527559 0.84252 0.0787402 
vn 0.338583 0.866142 0.377953 
vn 0.456693 0.724409 0.511811 
vn 0.700787 0.708661 -0.0866142 
vn 0.606299 0.795276 -0.0472441 
vn -0.685039 0.724409 0.0944882 
vn -0.535433 0.84252 0.0708661 
vn -0.614173 0.787402 -0.0393701 
vn -0.700787 0.708661 -0.0787402 
vn 0.566929 0.795276 -0.220472 
vn 0.488189 0.866142 -0.0944882 
vn -0.480315 0.874016 -0.102362 
vn -0.559055 0.795276 -0.220472 
vn -0.448819 0.732283 0.511811 
vn -0.330709 0.866142 0.377953 
vn 0.173228 0.889764 -0.425197 
vn 0.149606 0.96063 -0.23622 
vn 0.110236 0.874016 0.472441 
vn 0.15748 0.732283 0.661417 
vn -0.141732 0.96063 -0.23622 
vn -0.165354 0.889764 -0.425197 
vn -0.149606 0.732283 0.669291 
vn -0.110236 0.874016 0.472441 
vn 0 1 0.0314961 

vt 0.901908 0.0311562 
vt 0.897566 0.0408253 
vt 0.911589 0.0436442 
vt 0.917406 0.0381063 
vt 0.902555 0.0214329 
vt 0.905723 0.0091579 
vt 0.886391 0.00814688 
vt 0.883105 0.0206913 
vt 0.714477 0.0181336 
vt 0.778734 0.0180587 
vt 0.778712 0.00331724 
vt 0.714477 0.00331724 
vt 0.845609 0.0085097 
vt 0.84684 0.0183233 
vt 0.935453 0.0081166 
vt 0.938479 0.0207215 
vt 0.974797 0.0189663 
vt 0.976229 0.00917244 
vt 0.82295 0.0180101 
vt 0.82295 0.00331724 
vt 0.825181 0.00899488 
vt 0.825379 0.0151048 
vt 0.922207 0.0554945 
vt 0.899749 0.0596571 
vt 0.996274 0.0160475 
vt 0.99658 0.00994682 
vt 0.858905 0.0406715 
vt 0.845739 0.0436547 
vt 0.835804 0.0551999 
vt 0.858197 0.0593363 
vt 0.840237 0.03798 
vt 0.85428 0.0324001 
vt 0.778833 0.0850961 
vt 0.82295 0.0850961 
vt 0.82295 0.071062 
vt 0.778812 0.0711093 
vt 0.714477 0.0850961 
vt 0.714477 0.0711856 
vt 0.916409 0.00880551 
vt 0.919405 0.0211133 
vt 0.885289 0.0395079 
vt 0.88607 0.0612322 
vt 0.886719 0.0270397 
vt 0.778759 0.0350775 
vt 0.82295 0.0350195 
vt 0.714477 0.0351615 
vt 0.936728 0.0404586 
vt 0.936104 0.0277576 
vt 0.921165 0.0283874 
vt 0.922964 0.0409133 
vt 0.873382 0.0395815 
vt 0.873087 0.0617043 
vt 0.872181 0.0266479 
vt 0.82295 0.0524393 
vt 0.778785 0.0524971 
vt 0.714477 0.0525813 
vt 0.964188 0.0409647 
vt 0.966138 0.0285241 
vt 0.950083 0.0278562 
vt 0.949312 0.0404572 
vt 0.965889 0.0961188 
vt 0.960518 0.0941733 
vt 0.95466 0.102731 
vt 0.958003 0.10764 
vt 0.965889 0.0694297 
vt 0.960518 0.0743496 
vt 0.924132 0.0961188 
vt 0.929502 0.0941733 
vt 0.929502 0.0743496 
vt 0.924132 0.0694297 
vt 0.958003 0.0591682 
vt 0.95466 0.0667278 
vt 0.935061 0.0667278 
vt 0.931616 0.0591682 
vt 0.931616 0.10764 
vt 0.935061 0.102731 
vt 0.949538 0.0568366 
vt 0.948373 0.0649959 
vt 0.948373 0.105975 
vt 0.949538 0.112008 
vt 0.941937 0.0649959 
vt 0.940874 0.0568366 
vt 0.940874 0.112008 
vt 0.941937 0.105975 
vt 0.945009 0.0848691 

usemtl Player1Mtl

f 3486/3486/3486 3487/3487/3487 3488/3488/3488 
f 3486/3486/3486 3488/3488/3488 3489/3489/3489 
f 3490/3490/3490 3491/3491/3491 3492/3492/3492 
f 3490/3490/3490 3492/3492/3492 3493/3493/3493 
f 3494/3494/3494 3495/3495/3495 3496/3496/3496 
f 3494/3494/3494 3496/3496/3496 3497/3497/3497 
f 3498/3498/3498 3499/3499/3499 3493/3493/3493 
f 3498/3498/3498 3493/3493/3493 3492/3492/3492 
f 3500/3500/3500 3501/3501/3501 3502/3502/3502 
f 3500/3500/3500 3502/3502/3502 3503/3503/3503 
f 3495/3495/3495 3504/3504/3504 3505/3505/3505 
f 3495/3495/3495 3505/3505/3505 3496/3496/3496 
f 3498/3498/3498 3506/3506/3506 3507/3507/3507 
f 3498/3498/3498 3507/3507/3507 3499/3499/3499 
f 3508/3508/3508 3488/3488/3488 3487/3487/3487 
f 3508/3508/3508 3487/3487/3487 3509/3509/3509 
f 3502/3502/3502 3510/3510/3510 3511/3511/3511 
f 3502/3502/3502 3511/3511/3511 3503/3503/3503 
f 3512/3512/3512 3513/3513/3513 3514/3514/3514 
f 3512/3512/3512 3514/3514/3514 3515/3515/3515 
f 3516/3516/3516 3513/3513/3513 3512/3512/3512 
f 3516/3516/3516 3512/3512/3512 3517/3517/3517 
f 3518/3518/3518 3519/3519/3519 3520/3520/3520 
f 3518/3518/3518 3520/3520/3520 3521/3521/3521 
f 3522/3522/3522 3518/3518/3518 3521/3521/3521 
f 3522/3522/3522 3521/3521/3521 3523/3523/3523 
f 3501/3501/3501 3500/3500/3500 3524/3524/3524 
f 3501/3501/3501 3524/3524/3524 3525/3525/3525 
f 3487/3487/3487 3526/3526/3526 3527/3527/3527 
f 3487/3487/3487 3527/3527/3527 3509/3509/3509 
f 3528/3528/3528 3526/3526/3526 3487/3487/3487 
f 3528/3528/3528 3487/3487/3487 3486/3486/3486 
f 3529/3529/3529 3530/3530/3530 3504/3504/3504 
f 3529/3529/3529 3504/3504/3504 3495/3495/3495 
f 3531/3531/3531 3529/3529/3529 3495/3495/3495 
f 3531/3531/3531 3495/3495/3495 3494/3494/3494 
f 3532/3532/3532 3533/3533/3533 3534/3534/3534 
f 3532/3532/3532 3534/3534/3534 3535/3535/3535 
f 3536/3536/3536 3512/3512/3512 3515/3515/3515 
f 3536/3536/3536 3515/3515/3515 3537/3537/3537 
f 3517/3517/3517 3512/3512/3512 3536/3536/3536 
f 3517/3517/3517 3536/3536/3536 3538/3538/3538 
f 3521/3521/3521 3520/3520/3520 3539/3539/3539 
f 3521/3521/3521 3539/3539/3539 3540/3540/3540 
f 3523/3523/3523 3521/3521/3521 3540/3540/3540 
f 3523/3523/3523 3540/3540/3540 3541/3541/3541 
f 3542/3542/3542 3543/3543/3543 3544/3544/3544 
f 3542/3542/3542 3544/3544/3544 3545/3545/3545 
f 3526/3526/3526 3536/3536/3536 3537/3537/3537 
f 3526/3526/3526 3537/3537/3537 3527/3527/3527 
f 3538/3538/3538 3536/3536/3536 3526/3526/3526 
f 3538/3538/3538 3526/3526/3526 3528/3528/3528 
f 3540/3540/3540 3539/3539/3539 3530/3530/3530 
f 3540/3540/3540 3530/3530/3530 3529/3529/3529 
f 3541/3541/3541 3540/3540/3540 3529/3529/3529 
f 3541/3541/3541 3529/3529/3529 3531/3531/3531 
f 3545/3545/3545 3544/3544/3544 3533/3533/3533 
f 3545/3545/3545 3533/3533/3533 3532/3532/3532 
f 3546/3546/3546 3547/3547/3547 3548/3548/3548 
f 3546/3546/3546 3548/3548/3548 3549/3549/3549 
f 3550/3550/3550 3551/3551/3551 3547/3547/3547 
f 3550/3550/3550 3547/3547/3547 3546/3546/3546 
f 3552/3552/3552 3553/3553/3553 3554/3554/3554 
f 3552/3552/3552 3554/3554/3554 3555/3555/3555 
f 3556/3556/3556 3557/3557/3557 3551/3551/3551 
f 3556/3556/3556 3551/3551/3551 3550/3550/3550 
f 3555/3555/3555 3554/3554/3554 3558/3558/3558 
f 3555/3555/3555 3558/3558/3558 3559/3559/3559 
f 3560/3560/3560 3561/3561/3561 3553/3553/3553 
f 3560/3560/3560 3553/3553/3553 3552/3552/3552 
f 3562/3562/3562 3563/3563/3563 3557/3557/3557 
f 3562/3562/3562 3557/3557/3557 3556/3556/3556 
f 3549/3549/3549 3548/3548/3548 3564/3564/3564 
f 3549/3549/3549 3564/3564/3564 3565/3565/3565 
f 3559/3559/3559 3558/3558/3558 3566/3566/3566 
f 3559/3559/3559 3566/3566/3566 3567/3567/3567 
f 3568/3568/3568 3569/3569/3569 3561/3561/3561 
f 3568/3568/3568 3561/3561/3561 3560/3560/3560 
f 3567/3567/3567 3566/3566/3566 3563/3563/3563 
f 3567/3567/3567 3563/3563/3563 3562/3562/3562 
f 3565/3565/3565 3564/3564/3564 3569/3569/3569 
f 3565/3565/3565 3569/3569/3569 3568/3568/3568 
f 3548/3548/3548 3547/3547/3547 3570/3570/3570 
f 3547/3547/3547 3551/3551/3551 3570/3570/3570 
f 3554/3554/3554 3553/3553/3553 3570/3570/3570 
f 3551/3551/3551 3557/3557/3557 3570/3570/3570 
f 3558/3558/3558 3554/3554/3554 3570/3570/3570 
f 3553/3553/3553 3561/3561/3561 3570/3570/3570 
f 3557/3557/3557 3563/3563/3563 3570/3570/3570 
f 3564/3564/3564 3548/3548/3548 3570/3570/3570 
f 3566/3566/3566 3558/3558/3558 3570/3570/3570 
f 3561/3561/3561 3569/3569/3569 3570/3570/3570 
f 3563/3563/3563 3566/3566/3566 3570/3570/3570 
f 3569/3569/3569 3564/3564/3564 3570/3570/3570 

g Player6

v -0.627379 102.212 -0.21643 
v -0.769851 102.015 -0.226977 
v -0.769851 102.015 0.212575 
v -0.627379 102.212 0.18907 
v -0.626779 102.01 -0.37681 
v -0.168359 101.296 0.091221 
v -0.168359 101.296 -0.185552 
v -0.114006 101.722 -0.217912 
v -0.114006 101.722 0.133415 
v -0.626815 102.018 0.341751 
v -0.703102 101.296 -0.185552 
v -0.703102 101.296 0.091221 
v -0.757455 101.722 0.133415 
v -0.757455 101.722 -0.217912 
v -0.631038 101.137 -0.376533 
v -0.737661 101.137 -0.206873 
v -0.589093 101.296 -0.323334 
v -0.1338 101.137 0.0962171 
v -0.1338 101.137 -0.206873 
v -0.589093 101.296 0.242247 
v -0.703102 101.296 0.091221 
v -0.737661 101.137 0.096217 
v -0.608916 101.137 0.232973 
v -0.737661 101.137 0.096217 
v -0.1338 101.137 -0.206873 
v -0.235059 101.137 -0.376533 
v -0.277619 101.296 -0.323334 
v -0.168359 101.296 -0.185552 
v -0.168359 101.296 0.091221 
v -0.277619 101.296 0.242247 
v -0.257182 101.137 0.232973 
v -0.1338 101.137 0.0962171 
v -0.101609 102.015 0.212575 
v -0.238147 102.212 0.18907 
v -0.238789 102.005 0.340639 
v -0.101609 102.015 -0.226977 
v -0.238147 102.212 -0.21643 
v -0.238752 102.013 -0.376874 
v -0.504006 101.137 -0.411714 
v -0.489169 101.296 -0.344174 
v -0.489169 101.296 0.255541 
v -0.496077 101.137 0.250759 
v -0.502511 102.212 0.18907 
v -0.502334 102.014 0.383705 
v -0.502511 102.212 -0.255571 
v -0.502298 102.011 -0.415971 
v -0.245835 101.72 -0.370518 
v -0.114006 101.722 -0.217912 
v -0.619914 101.719 -0.37048 
v -0.499907 101.719 -0.403319 
v -0.619935 101.723 0.279902 
v -0.757455 101.722 0.133415 
v -0.499929 101.721 0.310894 
v -0.114006 101.722 0.133415 
v -0.245857 101.716 0.279244 
v -0.386896 101.296 0.255541 
v -0.380584 101.137 0.250759 
v -0.377098 101.718 0.310678 
v -0.374704 102.212 0.18907 
v -0.374923 102.009 0.38334 
v -0.374704 102.212 -0.255571 
v -0.374887 102.012 -0.415992 
v -0.386896 101.296 -0.344174 
v -0.377076 101.72 -0.403331 
v -0.373984 101.137 -0.411714 
v -0.769851 102.015 -0.226977 
v -0.626779 102.01 -0.37681 
v -0.502298 102.011 -0.415971 
v -0.374887 102.012 -0.415992 
v -0.238752 102.013 -0.376874 
v -0.101609 102.015 -0.226977 
v -0.101609 102.015 -0.226977 
v -0.101609 102.015 0.212575 
v -0.101609 102.015 0.212575 
v -0.238789 102.005 0.340639 
v -0.374923 102.009 0.38334 
v -0.502334 102.014 0.383705 
v -0.626815 102.018 0.341751 
v -0.769851 102.015 0.212575 
v -0.769851 102.015 0.212575 
v -0.737661 101.137 -0.206873 
v -0.631038 101.137 -0.376533 
v -0.611941 101.062 -0.346468 
v -0.708133 101.062 -0.193405 
v -0.1338 101.137 -0.206873 
v -0.1338 101.137 0.0962171 
v -0.163344 101.062 0.0800357 
v -0.163344 101.062 -0.193405 
v -0.608916 101.137 0.232973 
v -0.737661 101.137 0.096217 
v -0.708133 101.062 0.0800357 
v -0.591983 101.062 0.203414 
v -0.235059 101.137 -0.376533 
v -0.254698 101.062 -0.346468 
v -0.257182 101.137 0.232973 
v -0.274657 101.062 0.203414 
v -0.504006 101.137 -0.411714 
v -0.497335 101.062 -0.378207 
v -0.496077 101.137 0.250759 
v -0.490182 101.062 0.21946 
v -0.380584 101.137 0.250759 
v -0.385987 101.062 0.21946 
v -0.373984 101.137 -0.411714 
v -0.380033 101.062 -0.378207 
v -0.547151 100.985 -0.24447 
v -0.607958 100.985 -0.147713 
v -0.263575 100.985 0.0251397 
v -0.263575 100.985 -0.147713 
v -0.607958 100.985 0.0251397 
v -0.534534 100.985 0.103132 
v -0.321323 100.985 -0.24447 
v -0.33394 100.985 0.103132 
v -0.474704 100.985 -0.264534 
v -0.470182 100.985 0.113275 
v -0.404316 100.985 0.113275 
v -0.400552 100.985 -0.264534 
v -0.435953 100.951 -0.0694141 
v -0.436029 100.951 -0.0692933 
v -0.435599 100.951 -0.0690774 
v -0.435599 100.951 -0.0692933 
v -0.436029 100.951 -0.0690774 
v -0.435937 100.951 -0.06898 
v -0.435671 100.951 -0.0694141 
v -0.435687 100.951 -0.06898 
v -0.435863 100.951 -0.0694392 
v -0.435857 100.951 -0.0689673 
v -0.435775 100.951 -0.0689673 
v -0.43577 100.951 -0.0694392 

vn -0.551181 0.818898 -0.165354 
vn -0.952756 0.228346 -0.19685 
vn -0.952756 0.19685 0.23622 
vn -0.559055 0.811024 0.181102 
vn -0.535433 0.188976 -0.826772 
vn 0.968504 -0.0551181 0.244094 
vn 0.968504 -0.0314961 -0.244094 
vn 0.96063 -0.0944882 -0.244094 
vn 0.968504 -0.11811 0.228346 
vn -0.480315 0.110236 0.874016 
vn -0.968504 -0.0314961 -0.251969 
vn -0.96063 -0.0551181 0.259843 
vn -0.96063 -0.11811 0.244094 
vn -0.96063 -0.0944882 -0.259843 
vn -0.637795 0.110236 -0.76378 
vn -0.968504 0.0551181 -0.244094 
vn -0.598425 0.00787402 -0.80315 
vn 0.968504 0.00787402 0.259843 
vn 0.968504 0.0551181 -0.23622 
vn -0.574803 -0.0866142 0.811024 
vn -0.96063 -0.0551181 0.259843 
vn -0.96063 0 0.267717 
vn -0.574803 -0.0787402 0.811024 
vn -0.96063 0 0.267717 
vn 0.968504 0.0551181 -0.23622 
vn 0.629921 0.110236 -0.771654 
vn 0.590551 0.00787402 -0.811024 
vn 0.968504 -0.0314961 -0.244094 
vn 0.968504 -0.0551181 0.244094 
vn 0.566929 -0.0866142 0.818898 
vn 0.574803 -0.0787402 0.818898 
vn 0.968504 0.00787402 0.259843 
vn 0.952756 0.19685 0.220472 
vn 0.551181 0.811024 0.188976 
vn 0.472441 0.102362 0.874016 
vn 0.96063 0.220472 -0.188976 
vn 0.543307 0.826772 -0.173228 
vn 0.519685 0.19685 -0.834646 
vn -0.125984 0.125984 -0.984252 
vn -0.11811 0.023622 -0.992126 
vn -0.0944882 -0.102362 0.992126 
vn -0.0787402 -0.149606 0.984252 
vn -0.023622 0.952756 0.307087 
vn -0.110236 0.220472 0.968504 
vn -0.0551181 0.937008 -0.354331 
vn -0.141732 0.275591 -0.952756 
vn 0.574803 -0.0944882 -0.811024 
vn 0.96063 -0.0944882 -0.244094 
vn -0.582677 -0.0944882 -0.80315 
vn -0.125984 -0.0944882 -0.984252 
vn -0.566929 -0.165354 0.80315 
vn -0.96063 -0.11811 0.244094 
vn -0.125984 -0.173228 0.976378 
vn 0.968504 -0.11811 0.228346 
vn 0.566929 -0.165354 0.811024 
vn 0.0866142 -0.102362 0.992126 
vn 0.0708661 -0.149606 0.984252 
vn 0.110236 -0.173228 0.976378 
vn 0.0314961 0.952756 0.314961 
vn 0.110236 0.212598 0.968504 
vn 0.0551181 0.937008 -0.346457 
vn 0.133858 0.283465 -0.952756 
vn 0.110236 0.023622 -0.992126 
vn 0.125984 -0.0944882 -0.984252 
vn 0.11811 0.125984 -0.984252 
vn -0.952756 0.228346 -0.19685 
vn -0.535433 0.188976 -0.826772 
vn -0.141732 0.275591 -0.952756 
vn 0.133858 0.283465 -0.952756 
vn 0.519685 0.19685 -0.834646 
vn 0.96063 0.220472 -0.188976 
vn 0.96063 0.220472 -0.188976 
vn 0.952756 0.19685 0.220472 
vn 0.952756 0.19685 0.220472 
vn 0.472441 0.102362 0.874016 
vn 0.110236 0.212598 0.968504 
vn -0.110236 0.220472 0.968504 
vn -0.480315 0.110236 0.874016 
vn -0.952756 0.19685 0.23622 
vn -0.952756 0.19685 0.23622 
vn -0.968504 0.0551181 -0.244094 
vn -0.637795 0.110236 -0.76378 
vn -0.496063 -0.653543 -0.566929 
vn -0.76378 -0.622047 -0.173228 
vn 0.968504 0.0551181 -0.23622 
vn 0.968504 0.00787402 0.259843 
vn 0.748031 -0.629921 0.212598 
vn 0.76378 -0.622047 -0.165354 
vn -0.574803 -0.0787402 0.811024 
vn -0.96063 0 0.267717 
vn -0.748031 -0.629921 0.220472 
vn -0.409449 -0.645669 0.637795 
vn 0.629921 0.110236 -0.771654 
vn 0.488189 -0.653543 -0.574803 
vn 0.574803 -0.0787402 0.818898 
vn 0.401575 -0.645669 0.645669 
vn -0.125984 0.125984 -0.984252 
vn -0.102362 -0.661417 -0.740157 
vn -0.0787402 -0.149606 0.984252 
vn -0.0629921 -0.645669 0.76378 
vn 0.0708661 -0.149606 0.984252 
vn 0.0551181 -0.645669 0.76378 
vn 0.11811 0.125984 -0.984252 
vn 0.0944882 -0.661417 -0.740157 
vn -0.299213 -0.889764 -0.338583 
vn -0.472441 -0.874016 -0.102362 
vn 0.456693 -0.88189 0.11811 
vn 0.472441 -0.874016 -0.0944882 
vn -0.456693 -0.88189 0.125984 
vn -0.244094 -0.889764 0.385827 
vn 0.291339 -0.897638 -0.338583 
vn 0.23622 -0.889764 0.385827 
vn -0.0551181 -0.897638 -0.433071 
vn -0.0314961 -0.889764 0.456693 
vn 0.0314961 -0.889764 0.456693 
vn 0.0551181 -0.897638 -0.433071 
vn -0.110236 -0.984252 -0.125984 
vn -0.181102 -0.984252 -0.0393701 
vn 0.173228 -0.984252 0.0472441 
vn 0.181102 -0.984252 -0.0314961 
vn -0.173228 -0.984252 0.0472441 
vn -0.0944882 -0.984252 0.141732 
vn 0.110236 -0.984252 -0.125984 
vn 0.0866142 -0.984252 0.141732 
vn -0.023622 -0.984252 -0.165354 
vn -0.015748 -0.984252 0.181102 
vn 0.015748 -0.984252 0.181102 
vn 0.023622 -0.984252 -0.165354 

vt 0.47335 0.467774 
vt 0.476793 0.495928 
vt 0.439685 0.495928 
vt 0.445157 0.467381 
vt 0.495104 0.495928 
vt 0.426299 0.294578 
vt 0.495548 0.294578 
vt 0.495548 0.337912 
vt 0.426299 0.339273 
vt 0.426343 0.495928 
vt 0.565657 0.294578 
vt 0.635776 0.294578 
vt 0.635776 0.336518 
vt 0.565657 0.338562 
vt 0.548054 0.271679 
vt 0.565657 0.271679 
vt 0.546679 0.294578 
vt 0.426299 0.271679 
vt 0.495548 0.271679 
vt 0.686975 0.294578 
vt 0.704634 0.294578 
vt 0.704634 0.271679 
vt 0.689734 0.271679 
vt 0.635776 0.271679 
vt 0.495548 0.271679 
vt 0.515792 0.271679 
vt 0.517447 0.294578 
vt 0.495548 0.294578 
vt 0.635776 0.294578 
vt 0.655813 0.294578 
vt 0.654001 0.271679 
vt 0.635776 0.271679 
vt 0.439878 0.384185 
vt 0.445111 0.410958 
vt 0.426343 0.384185 
vt 0.478336 0.384185 
vt 0.473852 0.412539 
vt 0.495104 0.384185 
vt 0.537216 0.271679 
vt 0.537329 0.294578 
vt 0.677121 0.294578 
vt 0.678446 0.271679 
vt 0.443674 0.450322 
vt 0.426343 0.449077 
vt 0.478528 0.450049 
vt 0.495104 0.450691 
vt 0.515252 0.338625 
vt 0.495548 0.337912 
vt 0.547813 0.338459 
vt 0.537332 0.338445 
vt 0.689677 0.339163 
vt 0.704634 0.339273 
vt 0.67735 0.338918 
vt 0.635776 0.336518 
vt 0.651886 0.337456 
vt 0.666872 0.294578 
vt 0.666496 0.271679 
vt 0.665192 0.338306 
vt 0.443605 0.43179 
vt 0.426343 0.431134 
vt 0.478868 0.431571 
vt 0.495104 0.431293 
vt 0.527404 0.294578 
vt 0.526932 0.338478 
vt 0.526803 0.271679 
vt 0.565657 0.38327 
vt 0.548622 0.38327 
vt 0.53736 0.38327 
vt 0.526366 0.38327 
vt 0.514146 0.38327 
vt 0.495548 0.38327 
vt 0.495548 0.38327 
vt 0.426299 0.38327 
vt 0.635776 0.38327 
vt 0.649718 0.38327 
vt 0.664298 0.38327 
vt 0.677377 0.38327 
vt 0.690791 0.38327 
vt 0.704634 0.38327 
vt 0.635776 0.38327 
vt 0.534457 0.429462 
vt 0.534456 0.446623 
vt 0.527464 0.440835 
vt 0.53287 0.428364 
vt 0.500436 0.429462 
vt 0.500436 0.404768 
vt 0.502253 0.406087 
vt 0.502253 0.428364 
vt 0.534456 0.391251 
vt 0.534457 0.404768 
vt 0.53287 0.406087 
vt 0.526342 0.396035 
vt 0.500436 0.446623 
vt 0.507387 0.440835 
vt 0.500436 0.391251 
vt 0.508509 0.396035 
vt 0.521398 0.446623 
vt 0.521023 0.44342 
vt 0.520952 0.39125 
vt 0.520621 0.394727 
vt 0.514462 0.39125 
vt 0.514765 0.394727 
vt 0.514091 0.446623 
vt 0.514431 0.44342 
vt 0.523823 0.432525 
vt 0.52724 0.424642 
vt 0.507886 0.410559 
vt 0.507886 0.424642 
vt 0.52724 0.410559 
vt 0.523114 0.404205 
vt 0.511131 0.432525 
vt 0.51184 0.404205 
vt 0.519751 0.434159 
vt 0.519497 0.403378 
vt 0.515796 0.403378 
vt 0.515584 0.434159 
vt 0.517573 0.418262 
vt 0.517578 0.418253 
vt 0.517554 0.418235 
vt 0.517554 0.418253 
vt 0.517578 0.418235 
vt 0.517573 0.418227 
vt 0.517558 0.418262 
vt 0.517559 0.418227 
vt 0.517568 0.418265 
vt 0.517568 0.418226 
vt 0.517563 0.418226 
vt 0.517563 0.418265 

usemtl Player1Mtl

f 3571/3571/3571 3572/3572/3572 3573/3573/3573 
f 3571/3571/3571 3573/3573/3573 3574/3574/3574 
f 3571/3571/3571 3575/3575/3575 3572/3572/3572 
f 3576/3576/3576 3577/3577/3577 3578/3578/3578 
f 3576/3576/3576 3578/3578/3578 3579/3579/3579 
f 3574/3574/3574 3573/3573/3573 3580/3580/3580 
f 3581/3581/3581 3582/3582/3582 3583/3583/3583 
f 3581/3581/3581 3583/3583/3583 3584/3584/3584 
f 3585/3585/3585 3586/3586/3586 3581/3581/3581 
f 3585/3585/3585 3581/3581/3581 3587/3587/3587 
f 3588/3588/3588 3589/3589/3589 3577/3577/3577 
f 3588/3588/3588 3577/3577/3577 3576/3576/3576 
f 3590/3590/3590 3591/3591/3591 3592/3592/3592 
f 3590/3590/3590 3592/3592/3592 3593/3593/3593 
f 3586/3586/3586 3594/3594/3594 3582/3582/3582 
f 3586/3586/3586 3582/3582/3582 3581/3581/3581 
f 3595/3595/3595 3596/3596/3596 3597/3597/3597 
f 3595/3595/3595 3597/3597/3597 3598/3598/3598 
f 3599/3599/3599 3600/3600/3600 3601/3601/3601 
f 3599/3599/3599 3601/3601/3601 3602/3602/3602 
f 3603/3603/3603 3604/3604/3604 3605/3605/3605 
f 3606/3606/3606 3607/3607/3607 3604/3604/3604 
f 3606/3606/3606 3604/3604/3604 3603/3603/3603 
f 3606/3606/3606 3608/3608/3608 3607/3607/3607 
f 3609/3609/3609 3585/3585/3585 3587/3587/3587 
f 3609/3609/3609 3587/3587/3587 3610/3610/3610 
f 3611/3611/3611 3590/3590/3590 3593/3593/3593 
f 3611/3611/3611 3593/3593/3593 3612/3612/3612 
f 3613/3613/3613 3574/3574/3574 3580/3580/3580 
f 3613/3613/3613 3580/3580/3580 3614/3614/3614 
f 3615/3615/3615 3571/3571/3571 3574/3574/3574 
f 3615/3615/3615 3574/3574/3574 3613/3613/3613 
f 3615/3615/3615 3616/3616/3616 3575/3575/3575 
f 3615/3615/3615 3575/3575/3575 3571/3571/3571 
f 3598/3598/3598 3597/3597/3597 3617/3617/3617 
f 3598/3598/3598 3617/3617/3617 3618/3618/3618 
f 3619/3619/3619 3620/3620/3620 3610/3610/3610 
f 3619/3619/3619 3610/3610/3610 3587/3587/3587 
f 3584/3584/3584 3619/3619/3619 3587/3587/3587 
f 3584/3584/3584 3587/3587/3587 3581/3581/3581 
f 3621/3621/3621 3622/3622/3622 3591/3591/3591 
f 3621/3621/3621 3591/3591/3591 3590/3590/3590 
f 3623/3623/3623 3621/3621/3621 3590/3590/3590 
f 3623/3623/3623 3590/3590/3590 3611/3611/3611 
f 3624/3624/3624 3625/3625/3625 3600/3600/3600 
f 3624/3624/3624 3600/3600/3600 3599/3599/3599 
f 3600/3600/3600 3626/3626/3626 3627/3627/3627 
f 3600/3600/3600 3627/3627/3627 3601/3601/3601 
f 3625/3625/3625 3628/3628/3628 3626/3626/3626 
f 3625/3625/3625 3626/3626/3626 3600/3600/3600 
f 3604/3604/3604 3629/3629/3629 3630/3630/3630 
f 3604/3604/3604 3630/3630/3630 3605/3605/3605 
f 3607/3607/3607 3631/3631/3631 3629/3629/3629 
f 3607/3607/3607 3629/3629/3629 3604/3604/3604 
f 3607/3607/3607 3608/3608/3608 3632/3632/3632 
f 3607/3607/3607 3632/3632/3632 3631/3631/3631 
f 3633/3633/3633 3634/3634/3634 3617/3617/3617 
f 3633/3633/3633 3617/3617/3617 3597/3597/3597 
f 3596/3596/3596 3635/3635/3635 3633/3633/3633 
f 3596/3596/3596 3633/3633/3633 3597/3597/3597 
f 3626/3626/3626 3611/3611/3611 3612/3612/3612 
f 3626/3626/3626 3612/3612/3612 3627/3627/3627 
f 3628/3628/3628 3623/3623/3623 3611/3611/3611 
f 3628/3628/3628 3611/3611/3611 3626/3626/3626 
f 3629/3629/3629 3613/3613/3613 3614/3614/3614 
f 3629/3629/3629 3614/3614/3614 3630/3630/3630 
f 3631/3631/3631 3615/3615/3615 3613/3613/3613 
f 3631/3631/3631 3613/3613/3613 3629/3629/3629 
f 3631/3631/3631 3632/3632/3632 3616/3616/3616 
f 3631/3631/3631 3616/3616/3616 3615/3615/3615 
f 3610/3610/3610 3620/3620/3620 3634/3634/3634 
f 3610/3610/3610 3634/3634/3634 3633/3633/3633 
f 3635/3635/3635 3609/3609/3609 3610/3610/3610 
f 3635/3635/3635 3610/3610/3610 3633/3633/3633 
f 3636/3636/3636 3637/3637/3637 3619/3619/3619 
f 3636/3636/3636 3619/3619/3619 3584/3584/3584 
f 3637/3637/3637 3638/3638/3638 3620/3620/3620 
f 3637/3637/3637 3620/3620/3620 3619/3619/3619 
f 3634/3634/3634 3620/3620/3620 3638/3638/3638 
f 3634/3634/3634 3638/3638/3638 3639/3639/3639 
f 3617/3617/3617 3634/3634/3634 3639/3639/3639 
f 3617/3617/3617 3639/3639/3639 3640/3640/3640 
f 3618/3618/3618 3617/3617/3617 3640/3640/3640 
f 3618/3618/3618 3640/3640/3640 3641/3641/3641 
f 3579/3579/3579 3578/3578/3578 3642/3642/3642 
f 3579/3579/3579 3642/3642/3642 3643/3643/3643 
f 3644/3644/3644 3645/3645/3645 3625/3625/3625 
f 3644/3644/3644 3625/3625/3625 3624/3624/3624 
f 3645/3645/3645 3646/3646/3646 3628/3628/3628 
f 3645/3645/3645 3628/3628/3628 3625/3625/3625 
f 3646/3646/3646 3647/3647/3647 3623/3623/3623 
f 3646/3646/3646 3623/3623/3623 3628/3628/3628 
f 3647/3647/3647 3648/3648/3648 3621/3621/3621 
f 3647/3647/3647 3621/3621/3621 3623/3623/3623 
f 3648/3648/3648 3649/3649/3649 3622/3622/3622 
f 3648/3648/3648 3622/3622/3622 3621/3621/3621 
f 3584/3584/3584 3583/3583/3583 3650/3650/3650 
f 3584/3584/3584 3650/3650/3650 3636/3636/3636 
f 3651/3651/3651 3652/3652/3652 3653/3653/3653 
f 3651/3651/3651 3653/3653/3653 3654/3654/3654 
f 3655/3655/3655 3656/3656/3656 3657/3657/3657 
f 3655/3655/3655 3657/3657/3657 3658/3658/3658 
f 3659/3659/3659 3660/3660/3660 3661/3661/3661 
f 3659/3659/3659 3661/3661/3661 3662/3662/3662 
f 3660/3660/3660 3651/3651/3651 3654/3654/3654 
f 3660/3660/3660 3654/3654/3654 3661/3661/3661 
f 3663/3663/3663 3655/3655/3655 3658/3658/3658 
f 3663/3663/3663 3658/3658/3658 3664/3664/3664 
f 3656/3656/3656 3665/3665/3665 3666/3666/3666 
f 3656/3656/3656 3666/3666/3666 3657/3657/3657 
f 3652/3652/3652 3667/3667/3667 3668/3668/3668 
f 3652/3652/3652 3668/3668/3668 3653/3653/3653 
f 3669/3669/3669 3659/3659/3659 3662/3662/3662 
f 3669/3669/3669 3662/3662/3662 3670/3670/3670 
f 3665/3665/3665 3671/3671/3671 3672/3672/3672 
f 3665/3665/3665 3672/3672/3672 3666/3666/3666 
f 3673/3673/3673 3663/3663/3663 3664/3664/3664 
f 3673/3673/3673 3664/3664/3664 3674/3674/3674 
f 3671/3671/3671 3669/3669/3669 3670/3670/3670 
f 3671/3671/3671 3670/3670/3670 3672/3672/3672 
f 3667/3667/3667 3673/3673/3673 3674/3674/3674 
f 3667/3667/3667 3674/3674/3674 3668/3668/3668 
f 3653/3653/3653 3675/3675/3675 3676/3676/3676 
f 3653/3653/3653 3676/3676/3676 3654/3654/3654 
f 3657/3657/3657 3677/3677/3677 3678/3678/3678 
f 3657/3657/3657 3678/3678/3678 3658/3658/3658 
f 3661/3661/3661 3679/3679/3679 3680/3680/3680 
f 3661/3661/3661 3680/3680/3680 3662/3662/3662 
f 3654/3654/3654 3676/3676/3676 3679/3679/3679 
f 3654/3654/3654 3679/3679/3679 3661/3661/3661 
f 3658/3658/3658 3678/3678/3678 3681/3681/3681 
f 3658/3658/3658 3681/3681/3681 3664/3664/3664 
f 3666/3666/3666 3682/3682/3682 3677/3677/3677 
f 3666/3666/3666 3677/3677/3677 3657/3657/3657 
f 3668/3668/3668 3683/3683/3683 3675/3675/3675 
f 3668/3668/3668 3675/3675/3675 3653/3653/3653 
f 3662/3662/3662 3680/3680/3680 3684/3684/3684 
f 3662/3662/3662 3684/3684/3684 3670/3670/3670 
f 3672/3672/3672 3685/3685/3685 3682/3682/3682 
f 3672/3672/3672 3682/3682/3682 3666/3666/3666 
f 3664/3664/3664 3681/3681/3681 3686/3686/3686 
f 3664/3664/3664 3686/3686/3686 3674/3674/3674 
f 3670/3670/3670 3684/3684/3684 3685/3685/3685 
f 3670/3670/3670 3685/3685/3685 3672/3672/3672 
f 3674/3674/3674 3686/3686/3686 3683/3683/3683 
f 3674/3674/3674 3683/3683/3683 3668/3668/3668 
f 3675/3675/3675 3687/3687/3687 3688/3688/3688 
f 3675/3675/3675 3688/3688/3688 3676/3676/3676 
f 3677/3677/3677 3689/3689/3689 3690/3690/3690 
f 3677/3677/3677 3690/3690/3690 3678/3678/3678 
f 3679/3679/3679 3691/3691/3691 3692/3692/3692 
f 3679/3679/3679 3692/3692/3692 3680/3680/3680 
f 3676/3676/3676 3688/3688/3688 3691/3691/3691 
f 3676/3676/3676 3691/3691/3691 3679/3679/3679 
f 3678/3678/3678 3690/3690/3690 3693/3693/3693 
f 3678/3678/3678 3693/3693/3693 3681/3681/3681 
f 3682/3682/3682 3694/3694/3694 3689/3689/3689 
f 3682/3682/3682 3689/3689/3689 3677/3677/3677 
f 3683/3683/3683 3695/3695/3695 3687/3687/3687 
f 3683/3683/3683 3687/3687/3687 3675/3675/3675 
f 3680/3680/3680 3692/3692/3692 3696/3696/3696 
f 3680/3680/3680 3696/3696/3696 3684/3684/3684 
f 3685/3685/3685 3697/3697/3697 3694/3694/3694 
f 3685/3685/3685 3694/3694/3694 3682/3682/3682 
f 3681/3681/3681 3693/3693/3693 3698/3698/3698 
f 3681/3681/3681 3698/3698/3698 3686/3686/3686 
f 3684/3684/3684 3696/3696/3696 3697/3697/3697 
f 3684/3684/3684 3697/3697/3697 3685/3685/3685 
f 3686/3686/3686 3698/3698/3698 3695/3695/3695 
f 3686/3686/3686 3695/3695/3695 3683/3683/3683 

g Player7

v -0.675769 100.941 -0.465685 
v -0.854213 100.941 -0.261585 
v -0.728403 100.941 -0.193635 
v -0.603605 100.941 -0.337928 
v -0.017247 100.941 0.162372 
v -0.017247 100.941 -0.261585 
v -0.143057 100.941 -0.193635 
v -0.143057 100.941 0.150006 
v -0.603605 100.941 0.308168 
v -0.728403 100.941 0.150006 
v -0.854213 100.941 0.162372 
v -0.675769 100.941 0.386091 
v -0.188259 100.941 -0.465685 
v -0.262657 100.941 -0.337928 
v -0.262657 100.941 0.308168 
v -0.188259 100.941 0.386091 
v -0.494227 100.941 -0.359752 
v -0.519372 100.941 -0.497528 
v -0.494227 100.941 0.340831 
v -0.519372 100.941 0.434841 
v -0.603605 100.941 -0.337928 
v -0.728403 100.941 -0.193635 
v -0.737661 101.137 -0.206873 
v -0.631038 101.137 -0.376533 
v -0.728403 100.941 0.150006 
v -0.737661 101.137 0.096217 
v -0.608916 101.137 0.232973 
v -0.737661 101.137 0.096217 
v -0.728403 100.941 0.150006 
v -0.603605 100.941 0.308168 
v -0.496077 101.137 0.250759 
v -0.494227 100.941 0.340831 
v -0.1338 101.137 0.096217 
v -0.257182 101.137 0.232973 
v -0.262657 100.941 0.308168 
v -0.143057 100.941 0.150006 
v -0.143057 100.941 0.150006 
v -0.143057 100.941 -0.193635 
v -0.1338 101.137 -0.206873 
v -0.1338 101.137 0.096217 
v -0.143057 100.941 -0.193635 
v -0.262657 100.941 -0.337928 
v -0.235059 101.137 -0.376533 
v -0.1338 101.137 -0.206873 
v -0.494227 100.941 -0.359752 
v -0.504006 101.137 -0.411714 
v -0.382275 100.941 0.340831 
v -0.359296 100.941 0.434841 
v -0.380584 101.137 0.250759 
v -0.382275 100.941 0.340831 
v -0.382275 100.941 -0.359752 
v -0.373984 101.137 -0.411714 
v -0.359296 100.941 -0.497528 
v -0.382275 100.941 -0.359752 
v -0.616871 100.678 -0.354603 
v -0.751531 100.609 -0.210818 
v -0.854213 100.941 -0.261585 
v -0.675769 100.941 -0.465685 
v -0.751531 100.609 -0.210818 
v -0.751531 100.609 0.152982 
v -0.854213 100.941 0.162372 
v -0.854213 100.941 -0.261585 
v -0.675769 100.941 0.386091 
v -0.616871 100.607 0.297834 
v -0.519372 100.941 0.434841 
v -0.675769 100.941 0.386091 
v -0.616871 100.607 0.297834 
v -0.498849 100.607 0.34407 
v -0.359296 100.941 0.434841 
v -0.37805 100.607 0.34407 
v -0.188259 100.941 0.386091 
v -0.24898 100.607 0.297834 
v -0.017247 100.941 0.162372 
v -0.188259 100.941 0.386091 
v -0.24898 100.607 0.297834 
v -0.119929 100.609 0.152982 
v -0.119929 100.609 -0.210818 
v -0.017247 100.941 -0.261585 
v -0.119929 100.609 -0.210818 
v -0.24898 100.678 -0.354603 
v -0.188259 100.941 -0.465685 
v -0.017247 100.941 -0.261585 
v -0.37805 100.693 -0.381569 
v -0.359296 100.941 -0.497528 
v -0.519372 100.941 -0.497528 
v -0.498849 100.693 -0.381569 
v -0.618443 100.434 -0.330215 
v -0.738492 100.37 -0.197293 
v -0.738492 100.37 -0.197293 
v -0.738492 100.354 0.130993 
v -0.618443 100.349 0.289595 
v -0.618443 100.349 0.289595 
v -0.499397 100.349 0.345224 
v -0.37755 100.349 0.345224 
v -0.247359 100.349 0.289595 
v -0.247359 100.349 0.289595 
v -0.132968 100.354 0.130993 
v -0.132968 100.37 -0.197293 
v -0.132968 100.37 -0.197293 
v -0.247359 100.434 -0.330215 
v -0.37755 100.462 -0.36067 
v -0.499397 100.462 -0.36067 
v -0.508902 100.282 -0.44112 
v -0.645722 100.248 -0.406169 
v -0.773187 100.153 -0.252349 
v -0.773187 100.153 -0.252349 
v -0.773187 100.188 0.147721 
v -0.645722 100.188 0.320427 
v -0.645722 100.188 0.320427 
v -0.508902 100.188 0.385904 
v -0.368863 100.188 0.385904 
v -0.219236 100.188 0.320427 
v -0.219236 100.188 0.320427 
v -0.0982731 100.188 0.147721 
v -0.0982731 100.153 -0.252349 
v -0.0982731 100.153 -0.252349 
v -0.219236 100.248 -0.406169 
v -0.368863 100.282 -0.44112 
v -0.631038 101.137 -0.376533 
v -0.737661 101.137 -0.206873 
v -0.697106 101.199 -0.188375 
v -0.604809 101.199 -0.33524 
v -0.1338 101.137 0.096217 
v -0.1338 101.137 -0.206873 
v -0.174377 101.199 -0.188375 
v -0.174377 101.199 0.0739929 
v -0.737661 101.137 0.096217 
v -0.608916 101.137 0.232973 
v -0.585659 101.199 0.192375 
v -0.697106 101.199 0.0739928 
v -0.235059 101.137 -0.376533 
v -0.262032 101.199 -0.33524 
v -0.257182 101.137 0.232973 
v -0.281182 101.199 0.192375 
v -0.504006 101.137 -0.411714 
v -0.494844 101.199 -0.365695 
v -0.496077 101.137 0.250759 
v -0.487981 101.199 0.207771 
v -0.380584 101.137 0.250759 
v -0.388005 101.199 0.207771 
v -0.373984 101.137 -0.411714 
v -0.382291 101.199 -0.365695 
v -0.610513 101.268 -0.148879 
v -0.548804 101.268 -0.247072 
v -0.261018 101.268 -0.148879 
v -0.261018 101.268 0.0265399 
v -0.536 101.268 0.10569 
v -0.610513 101.268 0.0265399 
v -0.319624 101.268 -0.247072 
v -0.332428 101.268 0.10569 
v -0.475282 101.268 -0.267434 
v -0.470692 101.268 0.115984 
v -0.403849 101.268 0.115984 
v -0.400029 101.268 -0.267434 
v -0.435823 101.297 -0.0691952 
v -0.645722 100.188 0.320427 
v -0.773187 100.188 0.147721 
v -0.60564 100.13 0.0704942 
v -0.541455 100.129 0.205319 
v -0.773187 100.153 -0.252349 
v -0.60564 100.112 -0.241826 
v -0.0982731 100.153 -0.252349 
v -0.0982731 100.188 0.147721 
v -0.265788 100.13 0.0704943 
v -0.265788 100.112 -0.241826 
v -0.645722 100.248 -0.406169 
v -0.541455 100.16 -0.361908 
v -0.219236 100.248 -0.406169 
v -0.326699 100.16 -0.361908 
v -0.219236 100.188 0.320427 
v -0.326699 100.129 0.205319 
v -0.508902 100.282 -0.44112 
v -0.47256 100.177 -0.389193 
v -0.508902 100.188 0.385904 
v -0.47256 100.129 0.256435 
v -0.368863 100.282 -0.44112 
v -0.402043 100.177 -0.389193 
v -0.368863 100.188 0.385904 
v -0.402043 100.129 0.256435 
v -0.435697 100.071 -0.167762 

vn 0 1 0 
vn -0.00787402 1 0 
vn -0.00787402 1 0 
vn 0 1 0 
vn 0.00787402 1 0 
vn 0.00787402 1 0 
vn 0.00787402 1 0 
vn 0.00787402 1 0 
vn 0 1 0.00787402 
vn -0.00787402 1 0 
vn -0.00787402 1 0 
vn 0 1 0.00787402 
vn 0 1 0 
vn 0 1 0 
vn 0 1 0.00787402 
vn 0 1 0.00787402 
vn 0 1 0 
vn 0 1 0 
vn 0 1 0.00787402 
vn 0 1 0.00787402 
vn -0.606299 -0.19685 -0.771654 
vn -0.968504 -0.0866142 -0.228346 
vn -0.968504 -0.0944882 -0.244094 
vn -0.606299 -0.19685 -0.771654 
vn -0.944882 0.0629921 0.314961 
vn -0.976378 0.023622 0.212598 
vn -0.590551 0.259843 0.76378 
vn -0.976378 0.023622 0.212598 
vn -0.944882 0.0629921 0.314961 
vn -0.527559 0.283465 0.80315 
vn -0.102362 0.401575 0.913386 
vn -0.0944882 0.401575 0.913386 
vn 0.976378 0.023622 0.204724 
vn 0.582677 0.259843 0.76378 
vn 0.511811 0.291339 0.80315 
vn 0.952756 0.0551181 0.307087 
vn 0.952756 0.0551181 0.307087 
vn 0.976378 -0.0866142 -0.212598 
vn 0.968504 -0.0944882 -0.23622 
vn 0.976378 0.023622 0.204724 
vn 0.976378 -0.0866142 -0.212598 
vn 0.598425 -0.204724 -0.779528 
vn 0.598425 -0.19685 -0.771654 
vn 0.968504 -0.0944882 -0.23622 
vn -0.110236 -0.251969 -0.96063 
vn -0.11811 -0.251969 -0.96063 
vn 0 1 0.00787402 
vn 0 1 0.00787402 
vn 0.102362 0.401575 0.913386 
vn 0.0944882 0.401575 0.913386 
vn 0.110236 -0.251969 -0.96063 
vn 0.110236 -0.251969 -0.96063 
vn 0 1 0 
vn 0 1 0 
vn -0.527559 -0.291339 -0.795276 
vn -0.944882 -0.228346 -0.244094 
vn -0.905512 -0.338583 -0.259843 
vn -0.503937 -0.393701 -0.771654 
vn -0.944882 -0.228346 -0.244094 
vn -0.937008 -0.212598 0.267717 
vn -0.92126 -0.299213 0.23622 
vn -0.905512 -0.338583 -0.259843 
vn -0.590551 -0.283465 0.755906 
vn -0.614173 -0.188976 0.76378 
vn -0.165354 -0.275591 0.944882 
vn -0.590551 -0.283465 0.755906 
vn -0.614173 -0.188976 0.76378 
vn -0.181102 -0.173228 0.968504 
vn 0.15748 -0.275591 0.944882 
vn 0.173228 -0.173228 0.968504 
vn 0.582677 -0.283465 0.755906 
vn 0.606299 -0.19685 0.771654 
vn 0.929134 -0.299213 0.228346 
vn 0.582677 -0.283465 0.755906 
vn 0.606299 -0.19685 0.771654 
vn 0.944882 -0.212598 0.251969 
vn 0.944882 -0.228346 -0.23622 
vn 0.905512 -0.338583 -0.244094 
vn 0.944882 -0.228346 -0.23622 
vn 0.519685 -0.299213 -0.80315 
vn 0.496063 -0.401575 -0.771654 
vn 0.905512 -0.338583 -0.244094 
vn 0.0944882 -0.299213 -0.952756 
vn 0.0866142 -0.425197 -0.905512 
vn -0.0866142 -0.425197 -0.897638 
vn -0.0944882 -0.299213 -0.952756 
vn -0.614173 0.125984 -0.779528 
vn -0.976378 0.0866142 -0.212598 
vn -0.976378 0.0866142 -0.212598 
vn -0.976378 0.0629921 0.220472 
vn -0.645669 0.0787402 0.755906 
vn -0.645669 0.0787402 0.755906 
vn -0.212598 0.102362 0.968504 
vn 0.204724 0.102362 0.976378 
vn 0.637795 0.0866142 0.76378 
vn 0.637795 0.0866142 0.76378 
vn 0.976378 0.0629921 0.212598 
vn 0.976378 0.0866142 -0.204724 
vn 0.976378 0.0866142 -0.204724 
vn 0.606299 0.125984 -0.779528 
vn 0.133858 0.133858 -0.984252 
vn -0.141732 0.133858 -0.984252 
vn -0.173228 0.409449 -0.897638 
vn -0.669291 0.338583 -0.653543 
vn -0.952756 0.228346 -0.204724 
vn -0.952756 0.228346 -0.204724 
vn -0.96063 0.204724 0.19685 
vn -0.645669 0.244094 0.724409 
vn -0.645669 0.244094 0.724409 
vn -0.220472 0.251969 0.944882 
vn 0.212598 0.251969 0.944882 
vn 0.637795 0.244094 0.724409 
vn 0.637795 0.244094 0.724409 
vn 0.96063 0.204724 0.188976 
vn 0.952756 0.228346 -0.19685 
vn 0.952756 0.228346 -0.19685 
vn 0.669291 0.346457 -0.661417 
vn 0.165354 0.409449 -0.897638 
vn -0.511811 0.614173 -0.598425 
vn -0.795276 0.574803 -0.19685 
vn -0.708661 0.692913 -0.15748 
vn -0.456693 0.724409 -0.519685 
vn 0.771654 0.590551 0.23622 
vn 0.795276 0.574803 -0.188976 
vn 0.708661 0.692913 -0.149606 
vn 0.692913 0.700787 0.19685 
vn -0.771654 0.590551 0.244094 
vn -0.433071 0.598425 0.669291 
vn -0.377953 0.716535 0.590551 
vn -0.685039 0.700787 0.204724 
vn 0.503937 0.614173 -0.606299 
vn 0.448819 0.724409 -0.527559 
vn 0.425197 0.606299 0.677165 
vn 0.370079 0.716535 0.590551 
vn -0.110236 0.598425 -0.795276 
vn -0.0944882 0.724409 -0.685039 
vn -0.0629921 0.574803 0.818898 
vn -0.0551181 0.700787 0.708661 
vn 0.0629921 0.574803 0.818898 
vn 0.0551181 0.700787 0.708661 
vn 0.102362 0.598425 -0.795276 
vn 0.0866142 0.724409 -0.685039 
vn -0.456693 0.88189 -0.0944882 
vn -0.291339 0.897638 -0.330709 
vn 0.456693 0.88189 -0.0944882 
vn 0.448819 0.88189 0.11811 
vn -0.23622 0.897638 0.377953 
vn -0.448819 0.88189 0.125984 
vn 0.283465 0.897638 -0.330709 
vn 0.23622 0.897638 0.377953 
vn -0.0551181 0.905512 -0.417323 
vn -0.0314961 0.897638 0.440945 
vn 0.0314961 0.897638 0.440945 
vn 0.0551181 0.905512 -0.417323 
vn 0 1 0 
vn -0.251969 -0.937008 0.228346 
vn -0.275591 -0.952756 0.110236 
vn -0.259843 -0.96063 0.0944882 
vn -0.212598 -0.96063 0.188976 
vn -0.275591 -0.952756 -0.0944882 
vn -0.251969 -0.952756 -0.149606 
vn 0.275591 -0.952756 -0.0944882 
vn 0.275591 -0.952756 0.110236 
vn 0.259843 -0.96063 0.0944882 
vn 0.251969 -0.952756 -0.149606 
vn -0.220472 -0.716535 -0.661417 
vn -0.15748 -0.76378 -0.629921 
vn 0.220472 -0.716535 -0.661417 
vn 0.149606 -0.755906 -0.637795 
vn 0.244094 -0.944882 0.228346 
vn 0.204724 -0.96063 0.19685 
vn -0.0708661 -0.488189 -0.874016 
vn -0.0314961 -0.653543 -0.755906 
vn -0.110236 -0.92126 0.370079 
vn -0.0787402 -0.952756 0.283465 
vn 0.0708661 -0.480315 -0.874016 
vn 0.0314961 -0.653543 -0.755906 
vn 0.102362 -0.92126 0.370079 
vn 0.0787402 -0.952756 0.283465 
vn 0 -1 -0.0393701 

vt 0.707069 0.125617 
vt 0.71016 0.137901 
vt 0.707981 0.141991 
vt 0.705819 0.133307 
vt 0.695664 0.163417 
vt 0.695664 0.1379 
vt 0.697843 0.141991 
vt 0.697843 0.162672 
vt 0.705819 0.172192 
vt 0.70798 0.162674 
vt 0.71016 0.163419 
vt 0.707069 0.176882 
vt 0.698626 0.125616 
vt 0.699915 0.133305 
vt 0.699915 0.172192 
vt 0.698626 0.176882 
vt 0.703925 0.131993 
vt 0.70436 0.1237 
vt 0.703925 0.174158 
vt 0.70436 0.179816 
vt 0.546364 0.241624 
vt 0.565657 0.241624 
vt 0.565657 0.271679 
vt 0.548054 0.271679 
vt 0.635776 0.241624 
vt 0.635776 0.271679 
vt 0.689734 0.271679 
vt 0.704634 0.271679 
vt 0.704634 0.241624 
vt 0.689566 0.241624 
vt 0.678446 0.271679 
vt 0.678102 0.241624 
vt 0.635776 0.271679 
vt 0.654001 0.271679 
vt 0.654496 0.241624 
vt 0.635776 0.241624 
vt 0.426299 0.241624 
vt 0.495548 0.241624 
vt 0.495548 0.271679 
vt 0.426299 0.271679 
vt 0.495548 0.241624 
vt 0.51709 0.241624 
vt 0.515792 0.271679 
vt 0.495548 0.271679 
vt 0.536757 0.241624 
vt 0.537216 0.271679 
vt 0.701986 0.174158 
vt 0.701588 0.179816 
vt 0.666496 0.271679 
vt 0.666781 0.241624 
vt 0.527327 0.241624 
vt 0.526803 0.271679 
vt 0.701588 0.1237 
vt 0.701986 0.131993 
vt 0.545875 0.15841 
vt 0.558671 0.155282 
vt 0.565782 0.171786 
vt 0.549349 0.173852 
vt 0.608308 0.155494 
vt 0.632088 0.156279 
vt 0.630592 0.173548 
vt 0.60279 0.172455 
vt 0.649134 0.172905 
vt 0.645051 0.155896 
vt 0.577748 0.172343 
vt 0.567046 0.17195 
vt 0.570847 0.154833 
vt 0.579074 0.154774 
vt 0.588091 0.17234 
vt 0.58696 0.154994 
vt 0.59974 0.17201 
vt 0.595822 0.154802 
vt 0.66903 0.173558 
vt 0.650847 0.17262 
vt 0.65549 0.155762 
vt 0.668382 0.156155 
vt 0.692042 0.155891 
vt 0.69682 0.173039 
vt 0.509854 0.155802 
vt 0.522504 0.158544 
vt 0.518898 0.174035 
vt 0.502365 0.172324 
vt 0.53064 0.159206 
vt 0.529897 0.173669 
vt 0.539569 0.173709 
vt 0.538334 0.159233 
vt 0.546769 0.146729 
vt 0.5599 0.145314 
vt 0.609759 0.143838 
vt 0.631261 0.143272 
vt 0.644337 0.143272 
vt 0.570403 0.14222 
vt 0.579006 0.142006 
vt 0.587062 0.142132 
vt 0.596431 0.14224 
vt 0.656651 0.143142 
vt 0.669467 0.143281 
vt 0.690976 0.144245 
vt 0.508808 0.145477 
vt 0.521524 0.147149 
vt 0.530347 0.148039 
vt 0.53835 0.147876 
vt 0.539039 0.139267 
vt 0.5489 0.138132 
vt 0.56509 0.135131 
vt 0.605741 0.133058 
vt 0.631884 0.134765 
vt 0.645905 0.135299 
vt 0.568615 0.134192 
vt 0.578538 0.133864 
vt 0.58761 0.133863 
vt 0.598334 0.134228 
vt 0.655347 0.135069 
vt 0.669097 0.134786 
vt 0.695279 0.133521 
vt 0.502802 0.134918 
vt 0.518945 0.1379 
vt 0.52968 0.139607 
vt 0.454434 0.123833 
vt 0.460451 0.123834 
vt 0.458162 0.142194 
vt 0.452953 0.12988 
vt 0.426373 0.179044 
vt 0.426373 0.123834 
vt 0.428663 0.142194 
vt 0.428663 0.164193 
vt 0.460451 0.179044 
vt 0.453185 0.179045 
vt 0.451873 0.174119 
vt 0.458162 0.164193 
vt 0.432087 0.123833 
vt 0.433609 0.12988 
vt 0.433335 0.179045 
vt 0.43469 0.174119 
vt 0.447265 0.123832 
vt 0.446748 0.127327 
vt 0.446817 0.179045 
vt 0.44636 0.175409 
vt 0.4403 0.179045 
vt 0.440718 0.175409 
vt 0.439927 0.123832 
vt 0.440396 0.127327 
vt 0.453275 0.145506 
vt 0.449793 0.137273 
vt 0.433552 0.145506 
vt 0.433552 0.160214 
vt 0.44907 0.16685 
vt 0.453275 0.160214 
vt 0.436859 0.137273 
vt 0.437582 0.16685 
vt 0.445644 0.135566 
vt 0.445385 0.167713 
vt 0.441612 0.167713 
vt 0.441397 0.135566 
vt 0.443417 0.152187 
vt 0.705489 0.159935 
vt 0.707107 0.156521 
vt 0.70498 0.154995 
vt 0.704166 0.15766 
vt 0.707107 0.148615 
vt 0.70498 0.148823 
vt 0.698542 0.148615 
vt 0.698542 0.156521 
vt 0.700668 0.154995 
vt 0.700668 0.148823 
vt 0.705489 0.145575 
vt 0.704166 0.146449 
vt 0.700077 0.145575 
vt 0.701441 0.146449 
vt 0.700077 0.159935 
vt 0.701441 0.15766 
vt 0.703753 0.144884 
vt 0.703292 0.14591 
vt 0.703753 0.161229 
vt 0.703292 0.15867 
vt 0.701976 0.144884 
vt 0.702397 0.14591 
vt 0.701976 0.161229 
vt 0.702397 0.15867 
vt 0.702824 0.150286 

usemtl Player1Mtl

f 3699/3699/3699 3700/3700/3700 3701/3701/3701 
f 3699/3699/3699 3701/3701/3701 3702/3702/3702 
f 3703/3703/3703 3704/3704/3704 3705/3705/3705 
f 3703/3703/3703 3705/3705/3705 3706/3706/3706 
f 3707/3707/3707 3708/3708/3708 3709/3709/3709 
f 3707/3707/3707 3709/3709/3709 3710/3710/3710 
f 3700/3700/3700 3709/3709/3709 3708/3708/3708 
f 3700/3700/3700 3708/3708/3708 3701/3701/3701 
f 3704/3704/3704 3711/3711/3711 3712/3712/3712 
f 3704/3704/3704 3712/3712/3712 3705/3705/3705 
f 3706/3706/3706 3713/3713/3713 3714/3714/3714 
f 3706/3706/3706 3714/3714/3714 3703/3703/3703 
f 3715/3715/3715 3716/3716/3716 3699/3699/3699 
f 3715/3715/3715 3699/3699/3699 3702/3702/3702 
f 3717/3717/3717 3707/3707/3707 3710/3710/3710 
f 3717/3717/3717 3710/3710/3710 3718/3718/3718 
f 3719/3719/3719 3720/3720/3720 3721/3721/3721 
f 3719/3719/3719 3721/3721/3721 3722/3722/3722 
f 3720/3720/3720 3723/3723/3723 3724/3724/3724 
f 3720/3720/3720 3724/3724/3724 3721/3721/3721 
f 3725/3725/3725 3726/3726/3726 3727/3727/3727 
f 3725/3725/3725 3727/3727/3727 3728/3728/3728 
f 3729/3729/3729 3725/3725/3725 3728/3728/3728 
f 3729/3729/3729 3728/3728/3728 3730/3730/3730 
f 3731/3731/3731 3732/3732/3732 3733/3733/3733 
f 3731/3731/3731 3733/3733/3733 3734/3734/3734 
f 3735/3735/3735 3736/3736/3736 3737/3737/3737 
f 3735/3735/3735 3737/3737/3737 3738/3738/3738 
f 3739/3739/3739 3740/3740/3740 3741/3741/3741 
f 3739/3739/3739 3741/3741/3741 3742/3742/3742 
f 3743/3743/3743 3719/3719/3719 3722/3722/3722 
f 3743/3743/3743 3722/3722/3722 3744/3744/3744 
f 3713/3713/3713 3745/3745/3745 3746/3746/3746 
f 3713/3713/3713 3746/3746/3746 3714/3714/3714 
f 3732/3732/3732 3747/3747/3747 3748/3748/3748 
f 3732/3732/3732 3748/3748/3748 3733/3733/3733 
f 3740/3740/3740 3749/3749/3749 3750/3750/3750 
f 3740/3740/3740 3750/3750/3750 3741/3741/3741 
f 3711/3711/3711 3751/3751/3751 3752/3752/3752 
f 3711/3711/3711 3752/3752/3752 3712/3712/3712 
f 3745/3745/3745 3717/3717/3717 3718/3718/3718 
f 3745/3745/3745 3718/3718/3718 3746/3746/3746 
f 3747/3747/3747 3729/3729/3729 3730/3730/3730 
f 3747/3747/3747 3730/3730/3730 3748/3748/3748 
f 3749/3749/3749 3743/3743/3743 3744/3744/3744 
f 3749/3749/3749 3744/3744/3744 3750/3750/3750 
f 3752/3752/3752 3751/3751/3751 3716/3716/3716 
f 3752/3752/3752 3716/3716/3716 3715/3715/3715 
f 3753/3753/3753 3754/3754/3754 3755/3755/3755 
f 3753/3753/3753 3755/3755/3755 3756/3756/3756 
f 3757/3757/3757 3758/3758/3758 3759/3759/3759 
f 3757/3757/3757 3759/3759/3759 3760/3760/3760 
f 3761/3761/3761 3759/3759/3759 3758/3758/3758 
f 3761/3761/3761 3758/3758/3758 3762/3762/3762 
f 3763/3763/3763 3764/3764/3764 3765/3765/3765 
f 3763/3763/3763 3765/3765/3765 3766/3766/3766 
f 3767/3767/3767 3763/3763/3763 3766/3766/3766 
f 3767/3767/3767 3766/3766/3766 3768/3768/3768 
f 3769/3769/3769 3767/3767/3767 3768/3768/3768 
f 3769/3769/3769 3768/3768/3768 3770/3770/3770 
f 3771/3771/3771 3772/3772/3772 3773/3773/3773 
f 3771/3771/3771 3773/3773/3773 3774/3774/3774 
f 3774/3774/3774 3775/3775/3775 3776/3776/3776 
f 3774/3774/3774 3776/3776/3776 3771/3771/3771 
f 3777/3777/3777 3778/3778/3778 3779/3779/3779 
f 3777/3777/3777 3779/3779/3779 3780/3780/3780 
f 3778/3778/3778 3781/3781/3781 3782/3782/3782 
f 3778/3778/3778 3782/3782/3782 3779/3779/3779 
f 3783/3783/3783 3782/3782/3782 3781/3781/3781 
f 3783/3783/3783 3781/3781/3781 3784/3784/3784 
f 3756/3756/3756 3783/3783/3783 3784/3784/3784 
f 3756/3756/3756 3784/3784/3784 3753/3753/3753 
f 3785/3785/3785 3786/3786/3786 3754/3754/3754 
f 3785/3785/3785 3754/3754/3754 3753/3753/3753 
f 3787/3787/3787 3788/3788/3788 3758/3758/3758 
f 3787/3787/3787 3758/3758/3758 3757/3757/3757 
f 3762/3762/3762 3758/3758/3758 3788/3788/3788 
f 3762/3762/3762 3788/3788/3788 3789/3789/3789 
f 3766/3766/3766 3765/3765/3765 3790/3790/3790 
f 3766/3766/3766 3790/3790/3790 3791/3791/3791 
f 3768/3768/3768 3766/3766/3766 3791/3791/3791 
f 3768/3768/3768 3791/3791/3791 3792/3792/3792 
f 3770/3770/3770 3768/3768/3768 3792/3792/3792 
f 3770/3770/3770 3792/3792/3792 3793/3793/3793 
f 3774/3774/3774 3773/3773/3773 3794/3794/3794 
f 3774/3774/3774 3794/3794/3794 3795/3795/3795 
f 3795/3795/3795 3796/3796/3796 3775/3775/3775 
f 3795/3795/3795 3775/3775/3775 3774/3774/3774 
f 3797/3797/3797 3798/3798/3798 3778/3778/3778 
f 3797/3797/3797 3778/3778/3778 3777/3777/3777 
f 3798/3798/3798 3799/3799/3799 3781/3781/3781 
f 3798/3798/3798 3781/3781/3781 3778/3778/3778 
f 3784/3784/3784 3781/3781/3781 3799/3799/3799 
f 3784/3784/3784 3799/3799/3799 3800/3800/3800 
f 3753/3753/3753 3784/3784/3784 3800/3800/3800 
f 3753/3753/3753 3800/3800/3800 3785/3785/3785 
f 3785/3785/3785 3800/3800/3800 3801/3801/3801 
f 3785/3785/3785 3801/3801/3801 3802/3802/3802 
f 3802/3802/3802 3803/3803/3803 3786/3786/3786 
f 3802/3802/3802 3786/3786/3786 3785/3785/3785 
f 3804/3804/3804 3805/3805/3805 3788/3788/3788 
f 3804/3804/3804 3788/3788/3788 3787/3787/3787 
f 3789/3789/3789 3788/3788/3788 3805/3805/3805 
f 3789/3789/3789 3805/3805/3805 3806/3806/3806 
f 3791/3791/3791 3790/3790/3790 3807/3807/3807 
f 3791/3791/3791 3807/3807/3807 3808/3808/3808 
f 3792/3792/3792 3791/3791/3791 3808/3808/3808 
f 3792/3792/3792 3808/3808/3808 3809/3809/3809 
f 3793/3793/3793 3792/3792/3792 3809/3809/3809 
f 3793/3793/3793 3809/3809/3809 3810/3810/3810 
f 3795/3795/3795 3794/3794/3794 3811/3811/3811 
f 3795/3795/3795 3811/3811/3811 3812/3812/3812 
f 3812/3812/3812 3813/3813/3813 3796/3796/3796 
f 3812/3812/3812 3796/3796/3796 3795/3795/3795 
f 3814/3814/3814 3815/3815/3815 3798/3798/3798 
f 3814/3814/3814 3798/3798/3798 3797/3797/3797 
f 3815/3815/3815 3816/3816/3816 3799/3799/3799 
f 3815/3815/3815 3799/3799/3799 3798/3798/3798 
f 3800/3800/3800 3799/3799/3799 3816/3816/3816 
f 3800/3800/3800 3816/3816/3816 3801/3801/3801 
f 3817/3817/3817 3818/3818/3818 3819/3819/3819 
f 3817/3817/3817 3819/3819/3819 3820/3820/3820 
f 3821/3821/3821 3822/3822/3822 3823/3823/3823 
f 3821/3821/3821 3823/3823/3823 3824/3824/3824 
f 3825/3825/3825 3826/3826/3826 3827/3827/3827 
f 3825/3825/3825 3827/3827/3827 3828/3828/3828 
f 3818/3818/3818 3825/3825/3825 3828/3828/3828 
f 3818/3818/3818 3828/3828/3828 3819/3819/3819 
f 3822/3822/3822 3829/3829/3829 3830/3830/3830 
f 3822/3822/3822 3830/3830/3830 3823/3823/3823 
f 3831/3831/3831 3821/3821/3821 3824/3824/3824 
f 3831/3831/3831 3824/3824/3824 3832/3832/3832 
f 3833/3833/3833 3817/3817/3817 3820/3820/3820 
f 3833/3833/3833 3820/3820/3820 3834/3834/3834 
f 3826/3826/3826 3835/3835/3835 3836/3836/3836 
f 3826/3826/3826 3836/3836/3836 3827/3827/3827 
f 3837/3837/3837 3831/3831/3831 3832/3832/3832 
f 3837/3837/3837 3832/3832/3832 3838/3838/3838 
f 3829/3829/3829 3839/3839/3839 3840/3840/3840 
f 3829/3829/3829 3840/3840/3840 3830/3830/3830 
f 3835/3835/3835 3837/3837/3837 3838/3838/3838 
f 3835/3835/3835 3838/3838/3838 3836/3836/3836 
f 3839/3839/3839 3833/3833/3833 3834/3834/3834 
f 3839/3839/3839 3834/3834/3834 3840/3840/3840 
f 3819/3819/3819 3841/3841/3841 3842/3842/3842 
f 3819/3819/3819 3842/3842/3842 3820/3820/3820 
f 3823/3823/3823 3843/3843/3843 3844/3844/3844 
f 3823/3823/3823 3844/3844/3844 3824/3824/3824 
f 3827/3827/3827 3845/3845/3845 3846/3846/3846 
f 3827/3827/3827 3846/3846/3846 3828/3828/3828 
f 3828/3828/3828 3846/3846/3846 3841/3841/3841 
f 3828/3828/3828 3841/3841/3841 3819/3819/3819 
f 3830/3830/3830 3847/3847/3847 3843/3843/3843 
f 3830/3830/3830 3843/3843/3843 3823/3823/3823 
f 3824/3824/3824 3844/3844/3844 3848/3848/3848 
f 3824/3824/3824 3848/3848/3848 3832/3832/3832 
f 3820/3820/3820 3842/3842/3842 3849/3849/3849 
f 3820/3820/3820 3849/3849/3849 3834/3834/3834 
f 3836/3836/3836 3850/3850/3850 3845/3845/3845 
f 3836/3836/3836 3845/3845/3845 3827/3827/3827 
f 3832/3832/3832 3848/3848/3848 3851/3851/3851 
f 3832/3832/3832 3851/3851/3851 3838/3838/3838 
f 3840/3840/3840 3852/3852/3852 3847/3847/3847 
f 3840/3840/3840 3847/3847/3847 3830/3830/3830 
f 3838/3838/3838 3851/3851/3851 3850/3850/3850 
f 3838/3838/3838 3850/3850/3850 3836/3836/3836 
f 3834/3834/3834 3849/3849/3849 3852/3852/3852 
f 3834/3834/3834 3852/3852/3852 3840/3840/3840 
f 3841/3841/3841 3853/3853/3853 3842/3842/3842 
f 3843/3843/3843 3853/3853/3853 3844/3844/3844 
f 3845/3845/3845 3853/3853/3853 3846/3846/3846 
f 3846/3846/3846 3853/3853/3853 3841/3841/3841 
f 3847/3847/3847 3853/3853/3853 3843/3843/3843 
f 3844/3844/3844 3853/3853/3853 3848/3848/3848 
f 3842/3842/3842 3853/3853/3853 3849/3849/3849 
f 3850/3850/3850 3853/3853/3853 3845/3845/3845 
f 3848/3848/3848 3853/3853/3853 3851/3851/3851 
f 3852/3852/3852 3853/3853/3853 3847/3847/3847 
f 3851/3851/3851 3853/3853/3853 3850/3850/3850 
f 3849/3849/3849 3853/3853/3853 3852/3852/3852 
f 3854/3854/3854 3855/3855/3855 3856/3856/3856 
f 3854/3854/3854 3856/3856/3856 3857/3857/3857 
f 3855/3855/3855 3858/3858/3858 3859/3859/3859 
f 3855/3855/3855 3859/3859/3859 3856/3856/3856 
f 3860/3860/3860 3861/3861/3861 3862/3862/3862 
f 3860/3860/3860 3862/3862/3862 3863/3863/3863 
f 3858/3858/3858 3864/3864/3864 3865/3865/3865 
f 3858/3858/3858 3865/3865/3865 3859/3859/3859 
f 3866/3866/3866 3860/3860/3860 3863/3863/3863 
f 3866/3866/3866 3863/3863/3863 3867/3867/3867 
f 3861/3861/3861 3868/3868/3868 3869/3869/3869 
f 3861/3861/3861 3869/3869/3869 3862/3862/3862 
f 3864/3864/3864 3870/3870/3870 3871/3871/3871 
f 3864/3864/3864 3871/3871/3871 3865/3865/3865 
f 3872/3872/3872 3854/3854/3854 3857/3857/3857 
f 3872/3872/3872 3857/3857/3857 3873/3873/3873 
f 3874/3874/3874 3866/3866/3866 3867/3867/3867 
f 3874/3874/3874 3867/3867/3867 3875/3875/3875 
f 3868/3868/3868 3876/3876/3876 3877/3877/3877 
f 3868/3868/3868 3877/3877/3877 3869/3869/3869 
f 3870/3870/3870 3874/3874/3874 3875/3875/3875 
f 3870/3870/3870 3875/3875/3875 3871/3871/3871 
f 3876/3876/3876 3872/3872/3872 3873/3873/3873 
f 3876/3876/3876 3873/3873/3873 3877/3877/3877 
f 3856/3856/3856 3878/3878/3878 3857/3857/3857 
f 3859/3859/3859 3878/3878/3878 3856/3856/3856 
f 3862/3862/3862 3878/3878/3878 3863/3863/3863 
f 3865/3865/3865 3878/3878/3878 3859/3859/3859 
f 3863/3863/3863 3878/3878/3878 3867/3867/3867 
f 3869/3869/3869 3878/3878/3878 3862/3862/3862 
f 3871/3871/3871 3878/3878/3878 3865/3865/3865 
f 3857/3857/3857 3878/3878/3878 3873/3873/3873 
f 3867/3867/3867 3878/3878/3878 3875/3875/3875 
f 3877/3877/3877 3878/3878/3878 3869/3869/3869 
f 3875/3875/3875 3878/3878/3878 3871/3871/3871 
f 3873/3873/3873 3878/3878/3878 3877/3877/3877 

g Player8

v -0.665115 100.01 -0.648893 
v -0.760982 100.01 -0.478515 
v -0.747343 100.098 -0.478515 
v -0.655496 100.139 -0.648893 
v -0.645722 100.188 0.320427 
v -0.773187 100.188 0.147721 
v -0.794556 100.01 0.189692 
v -0.665115 100.01 0.358296 
v -0.665115 100.01 0.358296 
v -0.794556 100.01 0.189692 
v -0.794556 100.01 -0.260663 
v -0.665115 100.01 -0.260663 
v -0.794556 100.01 -0.260663 
v -0.773187 100.153 -0.252349 
v -0.076904 100.01 0.189692 
v -0.076904 100.01 -0.260663 
v -0.0982731 100.153 -0.252349 
v -0.0982731 100.188 0.147721 
v -0.760982 100.01 -0.478515 
v -0.665115 100.01 -0.648893 
v -0.747343 100.098 -0.478515 
v -0.760982 100.01 -0.478515 
v -0.773187 100.153 -0.252349 
v -0.645722 100.248 -0.406169 
v -0.110478 100.01 -0.478515 
v -0.124118 100.098 -0.478515 
v -0.209159 100.139 -0.648893 
v -0.219236 100.248 -0.406169 
v -0.0982731 100.153 -0.252349 
v -0.124118 100.098 -0.478515 
v -0.110478 100.01 -0.478515 
v -0.199242 100.01 -0.648893 
v -0.076904 100.01 -0.260663 
v -0.199242 100.01 -0.260663 
v -0.199242 100.01 -0.648893 
v -0.110478 100.01 -0.478515 
v -0.076904 100.01 0.189692 
v -0.199242 100.01 0.358296 
v -0.219236 100.188 0.320427 
v -0.199242 100.01 0.358296 
v -0.508902 100.282 -0.44112 
v -0.512308 100.17 -0.730904 
v -0.51566 100.01 -0.730904 
v -0.51566 100.01 -0.260663 
v -0.51566 100.01 -0.730904 
v -0.51566 100.01 0.423773 
v -0.508902 100.188 0.385904 
v -0.645722 100.188 0.320427 
v -0.665115 100.01 0.358296 
v -0.51566 100.01 0.423773 
v -0.365751 100.17 -0.730904 
v -0.368863 100.282 -0.44112 
v -0.362688 100.01 -0.730904 
v -0.362688 100.01 -0.260663 
v -0.362688 100.01 -0.730904 
v -0.362688 100.01 0.423773 
v -0.219236 100.188 0.320427 
v -0.368863 100.188 0.385904 
v -0.362688 100.01 0.423773 
v -0.199242 100.01 0.358296 
v -0.773187 100.188 0.147721 
v -0.645722 100.188 0.320427 
v -0.591696 100.274 0.246837 
v -0.686372 100.274 0.118558 
v -0.773187 100.153 -0.252349 
v -0.686372 100.247 -0.178599 
v -0.0982731 100.188 0.147721 
v -0.0982731 100.153 -0.252349 
v -0.185071 100.247 -0.1786 
v -0.185071 100.274 0.118558 
v -0.645722 100.248 -0.406169 
v -0.591696 100.318 -0.292851 
v -0.219236 100.248 -0.406169 
v -0.274918 100.318 -0.292851 
v -0.219236 100.188 0.320427 
v -0.274918 100.274 0.246837 
v -0.508902 100.282 -0.44112 
v -0.490071 100.344 -0.318812 
v -0.508902 100.188 0.385904 
v -0.490071 100.274 0.295471 
v -0.368863 100.282 -0.44112 
v -0.386055 100.344 -0.318812 
v -0.368863 100.188 0.385904 
v -0.386055 100.274 0.295471 
v -0.435697 100.349 -0.0209114 

vn -0.708661 0.0629921 -0.708661 
vn -0.944882 0.133858 -0.291339 
vn -0.866142 0.409449 -0.275591 
vn -0.606299 0.582677 -0.543307 
vn -0.645669 0.228346 0.732283 
vn -0.968504 0.165354 0.19685 
vn -0.952756 0.181102 0.251969 
vn -0.637795 0.228346 0.740157 
vn 0 -1 0 
vn 0 -1 0 
vn 0 -1 0 
vn 0 -1 0 
vn -0.992126 0.141732 -0.0472441 
vn -0.968504 0.23622 -0.0787402 
vn 0.952756 0.173228 0.244094 
vn 0.992126 0.141732 -0.0472441 
vn 0.968504 0.228346 -0.0708661 
vn 0.968504 0.165354 0.181102 
vn 0 -1 0 
vn 0 -1 0 
vn -0.866142 0.409449 -0.275591 
vn -0.944882 0.133858 -0.291339 
vn -0.968504 0.23622 -0.0787402 
vn -0.582677 0.755906 -0.299213 
vn 0.952756 0.133858 -0.275591 
vn 0.88189 0.393701 -0.267717 
vn 0.582677 0.598425 -0.551181 
vn 0.574803 0.755906 -0.307087 
vn 0.968504 0.228346 -0.0708661 
vn 0.88189 0.393701 -0.267717 
vn 0.952756 0.133858 -0.275591 
vn 0.692913 0.0551181 -0.716535 
vn 0 -1 0 
vn 0 -1 0 
vn 0 -1 0 
vn 0 -1 0 
vn 0 -1 0 
vn 0 -1 0 
vn 0.637795 0.228346 0.740157 
vn 0.622047 0.228346 0.748031 
vn -0.181102 0.913386 -0.362205 
vn -0.212598 0.692913 -0.692913 
vn -0.259843 0.00787402 -0.968504 
vn 0 -1 0 
vn 0 -1 0 
vn 0 -1 0 
vn -0.212598 0.220472 0.952756 
vn -0.645669 0.228346 0.732283 
vn -0.637795 0.228346 0.740157 
vn -0.212598 0.220472 0.952756 
vn 0.204724 0.692913 -0.692913 
vn 0.173228 0.913386 -0.362205 
vn 0.244094 0.00787402 -0.968504 
vn 0 -1 0 
vn 0 -1 0 
vn 0 -1 0 
vn 0.637795 0.228346 0.740157 
vn 0.204724 0.220472 0.952756 
vn 0.204724 0.220472 0.952756 
vn 0.622047 0.228346 0.748031 
vn -0.685039 0.724409 0.102362 
vn -0.456693 0.724409 0.511811 
vn -0.338583 0.866142 0.377953 
vn -0.527559 0.84252 0.0787402 
vn -0.700787 0.708661 -0.0866142 
vn -0.606299 0.795276 -0.0472441 
vn 0.685039 0.724409 0.0944882 
vn 0.700787 0.708661 -0.0787402 
vn 0.614173 0.787402 -0.0393701 
vn 0.535433 0.84252 0.0708661 
vn -0.566929 0.795276 -0.220472 
vn -0.488189 0.866142 -0.0944882 
vn 0.559055 0.795276 -0.220472 
vn 0.480315 0.874016 -0.102362 
vn 0.448819 0.732283 0.511811 
vn 0.330709 0.866142 0.377953 
vn -0.173228 0.889764 -0.425197 
vn -0.149606 0.96063 -0.23622 
vn -0.15748 0.732283 0.661417 
vn -0.110236 0.874016 0.472441 
vn 0.165354 0.889764 -0.425197 
vn 0.141732 0.96063 -0.23622 
vn 0.149606 0.732283 0.669291 
vn 0.110236 0.874016 0.472441 
vn 0 1 0.0314961 

vt 0.613699 0.0311562 
vt 0.629196 0.0381063 
vt 0.62338 0.0436442 
vt 0.609356 0.0408253 
vt 0.614345 0.0214329 
vt 0.594896 0.0206913 
vt 0.598181 0.00814688 
vt 0.617514 0.0091579 
vt 0.426268 0.0181336 
vt 0.426268 0.00331724 
vt 0.490503 0.00331724 
vt 0.490525 0.0180587 
vt 0.5574 0.0085097 
vt 0.55863 0.0183233 
vt 0.647243 0.0081166 
vt 0.688019 0.00917244 
vt 0.686588 0.0189663 
vt 0.650269 0.0207215 
vt 0.53474 0.00331724 
vt 0.53474 0.0180101 
vt 0.53717 0.0151048 
vt 0.536972 0.00899488 
vt 0.633997 0.0554945 
vt 0.611539 0.0596571 
vt 0.70837 0.00994682 
vt 0.708064 0.0160475 
vt 0.570695 0.0406715 
vt 0.569987 0.0593363 
vt 0.547594 0.0551999 
vt 0.55753 0.0436547 
vt 0.552027 0.03798 
vt 0.56607 0.0324001 
vt 0.490623 0.0850961 
vt 0.490603 0.0711093 
vt 0.53474 0.071062 
vt 0.53474 0.0850961 
vt 0.426268 0.0850961 
vt 0.426268 0.0711856 
vt 0.631196 0.0211133 
vt 0.6282 0.00880551 
vt 0.597861 0.0612322 
vt 0.597079 0.0395079 
vt 0.598509 0.0270397 
vt 0.490549 0.0350775 
vt 0.53474 0.0350195 
vt 0.426268 0.0351615 
vt 0.648518 0.0404586 
vt 0.634754 0.0409133 
vt 0.632955 0.0283874 
vt 0.647895 0.0277576 
vt 0.585173 0.0395815 
vt 0.584878 0.0617043 
vt 0.583972 0.0266479 
vt 0.490576 0.0524971 
vt 0.53474 0.0524393 
vt 0.426268 0.0525813 
vt 0.675978 0.0409647 
vt 0.661102 0.0404572 
vt 0.661873 0.0278562 
vt 0.677928 0.0285241 
vt 0.67768 0.0961188 
vt 0.669793 0.10764 
vt 0.666451 0.102731 
vt 0.672309 0.0941733 
vt 0.67768 0.0694297 
vt 0.672309 0.0743496 
vt 0.635923 0.0961188 
vt 0.635923 0.0694297 
vt 0.641293 0.0743496 
vt 0.641293 0.0941733 
vt 0.669793 0.0591682 
vt 0.666451 0.0667278 
vt 0.643407 0.0591682 
vt 0.646852 0.0667278 
vt 0.643407 0.10764 
vt 0.646852 0.102731 
vt 0.661328 0.0568366 
vt 0.660163 0.0649959 
vt 0.661328 0.112008 
vt 0.660163 0.105975 
vt 0.652664 0.0568366 
vt 0.653728 0.0649959 
vt 0.652664 0.112008 
vt 0.653728 0.105975 
vt 0.656799 0.0848691 

usemtl Player1Mtl

f 3879/3879/3879 3880/3880/3880 3881/3881/3881 
f 3879/3879/3879 3881/3881/3881 3882/3882/3882 
f 3883/3883/3883 3884/3884/3884 3885/3885/3885 
f 3883/3883/3883 3885/3885/3885 3886/3886/3886 
f 3887/3887/3887 3888/3888/3888 3889/3889/3889 
f 3887/3887/3887 3889/3889/3889 3890/3890/3890 
f 3891/3891/3891 3885/3885/3885 3884/3884/3884 
f 3891/3891/3891 3884/3884/3884 3892/3892/3892 
f 3893/3893/3893 3894/3894/3894 3895/3895/3895 
f 3893/3893/3893 3895/3895/3895 3896/3896/3896 
f 3890/3890/3890 3889/3889/3889 3897/3897/3897 
f 3890/3890/3890 3897/3897/3897 3898/3898/3898 
f 3891/3891/3891 3892/3892/3892 3899/3899/3899 
f 3891/3891/3891 3899/3899/3899 3900/3900/3900 
f 3901/3901/3901 3902/3902/3902 3882/3882/3882 
f 3901/3901/3901 3882/3882/3882 3881/3881/3881 
f 3895/3895/3895 3894/3894/3894 3903/3903/3903 
f 3895/3895/3895 3903/3903/3903 3904/3904/3904 
f 3905/3905/3905 3906/3906/3906 3907/3907/3907 
f 3905/3905/3905 3907/3907/3907 3908/3908/3908 
f 3909/3909/3909 3910/3910/3910 3905/3905/3905 
f 3909/3909/3909 3905/3905/3905 3908/3908/3908 
f 3911/3911/3911 3912/3912/3912 3913/3913/3913 
f 3911/3911/3911 3913/3913/3913 3914/3914/3914 
f 3915/3915/3915 3916/3916/3916 3912/3912/3912 
f 3915/3915/3915 3912/3912/3912 3911/3911/3911 
f 3896/3896/3896 3917/3917/3917 3918/3918/3918 
f 3896/3896/3896 3918/3918/3918 3893/3893/3893 
f 3882/3882/3882 3902/3902/3902 3919/3919/3919 
f 3882/3882/3882 3919/3919/3919 3920/3920/3920 
f 3921/3921/3921 3879/3879/3879 3882/3882/3882 
f 3921/3921/3921 3882/3882/3882 3920/3920/3920 
f 3922/3922/3922 3890/3890/3890 3898/3898/3898 
f 3922/3922/3922 3898/3898/3898 3923/3923/3923 
f 3924/3924/3924 3887/3887/3887 3890/3890/3890 
f 3924/3924/3924 3890/3890/3890 3922/3922/3922 
f 3925/3925/3925 3926/3926/3926 3927/3927/3927 
f 3925/3925/3925 3927/3927/3927 3928/3928/3928 
f 3929/3929/3929 3930/3930/3930 3906/3906/3906 
f 3929/3929/3929 3906/3906/3906 3905/3905/3905 
f 3910/3910/3910 3931/3931/3931 3929/3929/3929 
f 3910/3910/3910 3929/3929/3929 3905/3905/3905 
f 3912/3912/3912 3932/3932/3932 3933/3933/3933 
f 3912/3912/3912 3933/3933/3933 3913/3913/3913 
f 3916/3916/3916 3934/3934/3934 3932/3932/3932 
f 3916/3916/3916 3932/3932/3932 3912/3912/3912 
f 3935/3935/3935 3936/3936/3936 3937/3937/3937 
f 3935/3935/3935 3937/3937/3937 3938/3938/3938 
f 3920/3920/3920 3919/3919/3919 3930/3930/3930 
f 3920/3920/3920 3930/3930/3930 3929/3929/3929 
f 3931/3931/3931 3921/3921/3921 3920/3920/3920 
f 3931/3931/3931 3920/3920/3920 3929/3929/3929 
f 3932/3932/3932 3922/3922/3922 3923/3923/3923 
f 3932/3932/3932 3923/3923/3923 3933/3933/3933 
f 3934/3934/3934 3924/3924/3924 3922/3922/3922 
f 3934/3934/3934 3922/3922/3922 3932/3932/3932 
f 3936/3936/3936 3925/3925/3925 3928/3928/3928 
f 3936/3936/3936 3928/3928/3928 3937/3937/3937 
f 3939/3939/3939 3940/3940/3940 3941/3941/3941 
f 3939/3939/3939 3941/3941/3941 3942/3942/3942 
f 3943/3943/3943 3939/3939/3939 3942/3942/3942 
f 3943/3943/3943 3942/3942/3942 3944/3944/3944 
f 3945/3945/3945 3946/3946/3946 3947/3947/3947 
f 3945/3945/3945 3947/3947/3947 3948/3948/3948 
f 3949/3949/3949 3943/3943/3943 3944/3944/3944 
f 3949/3949/3949 3944/3944/3944 3950/3950/3950 
f 3946/3946/3946 3951/3951/3951 3952/3952/3952 
f 3946/3946/3946 3952/3952/3952 3947/3947/3947 
f 3953/3953/3953 3945/3945/3945 3948/3948/3948 
f 3953/3953/3953 3948/3948/3948 3954/3954/3954 
f 3955/3955/3955 3949/3949/3949 3950/3950/3950 
f 3955/3955/3955 3950/3950/3950 3956/3956/3956 
f 3940/3940/3940 3957/3957/3957 3958/3958/3958 
f 3940/3940/3940 3958/3958/3958 3941/3941/3941 
f 3951/3951/3951 3959/3959/3959 3960/3960/3960 
f 3951/3951/3951 3960/3960/3960 3952/3952/3952 
f 3961/3961/3961 3953/3953/3953 3954/3954/3954 
f 3961/3961/3961 3954/3954/3954 3962/3962/3962 
f 3959/3959/3959 3955/3955/3955 3956/3956/3956 
f 3959/3959/3959 3956/3956/3956 3960/3960/3960 
f 3957/3957/3957 3961/3961/3961 3962/3962/3962 
f 3957/3957/3957 3962/3962/3962 3958/3958/3958 
f 3941/3941/3941 3963/3963/3963 3942/3942/3942 
f 3942/3942/3942 3963/3963/3963 3944/3944/3944 
f 3947/3947/3947 3963/3963/3963 3948/3948/3948 
f 3944/3944/3944 3963/3963/3963 3950/3950/3950 
f 3952/3952/3952 3963/3963/3963 3947/3947/3947 
f 3948/3948/3948 3963/3963/3963 3954/3954/3954 
f 3950/3950/3950 3963/3963/3963 3956/3956/3956 
f 3958/3958/3958 3963/3963/3963 3941/3941/3941 
f 3960/3960/3960 3963/3963/3963 3952/3952/3952 
f 3954/3954/3954 3963/3963/3963 3962/3962/3962 
f 3956/3956/3956 3963/3963/3963 3960/3960/3960 
f 3962/3962/3962 3963/3963/3963 3958/3958/3958 

g Player9

v -1.57587 102.603 0.203394 
v -1.49569 102.571 0.296143 
v -1.37047 102.611 0.0369514 
v -1.62551 102.608 0.0290299 
v -1.42609 102.549 0.329233 
v -1.32043 102.517 0.300526 
v -1.24117 102.493 0.241305 
v -1.16457 102.469 0.0290308 
v -1.16504 102.486 -0.095098 
v -1.34407 102.522 -0.213423 
v -1.42609 102.549 -0.271172 
v -1.51856 102.578 -0.260131 
v -1.57222 102.602 -0.145333 
v -1.1931 102.41 0.252815 
v -1.16457 102.469 0.0290308 
v -1.24117 102.493 0.241305 
v -1.16922 102.335 0.230958 
v -1.10315 102.381 0.00435331 
v -1.16504 102.486 -0.095098 
v -1.1109 102.395 -0.118322 
v -1.1109 102.395 -0.118322 
v -1.29712 102.338 -0.328372 
v -1.34407 102.522 -0.213423 
v -1.16504 102.486 -0.095098 
v -1.1166 102.188 -0.258501 
v -1.17143 102.139 -0.316773 
v -1.64025 101.681 -0.277624 
v -1.58735 101.686 -0.287547 
v -1.57932 101.672 -0.0622179 
v -1.61944 101.672 -0.0635271 
v -1.53934 101.723 -0.251711 
v -1.5564 101.686 0.217064 
v -1.5503 101.709 -0.0603113 
v -1.5227 101.726 0.200141 
v -1.6016 101.677 0.228605 
v -1.6209 102.276 0.37898 
v -1.49569 102.571 0.296143 
v -1.57587 102.603 0.203394 
v -1.80534 102.258 0.290205 
v -1.67442 102.05 0.353694 
v -1.39455 102.329 0.378968 
v -1.38162 102.216 0.380018 
v -1.42609 102.549 0.329233 
v -1.27212 102.367 0.331645 
v -1.32043 102.517 0.300526 
v -1.24959 102.277 0.324531 
v -1.55217 102.036 0.262983 
v -1.41256 102.116 0.256864 
v -1.32585 102.172 0.225393 
v -1.85076 101.972 0.278665 
v -1.64478 101.796 0.286392 
v -1.55066 101.828 0.226203 
v -1.78028 101.772 0.253284 
v -1.6016 101.677 0.228605 
v -1.5564 101.686 0.217064 
v -1.5227 101.726 0.200141 
v -1.38551 102.269 -0.357761 
v -1.66854 102.241 -0.367532 
v -1.51856 102.578 -0.260131 
v -1.42609 102.549 -0.271172 
v -1.40518 102.133 -0.354063 
v -1.26496 102.111 -0.345672 
v -1.29712 102.338 -0.328372 
v -1.70929 102.068 -0.361763 
v -1.81534 102.259 -0.276501 
v -1.57222 102.602 -0.145333 
v -1.42685 102.097 -0.270941 
v -1.57406 102.045 -0.302923 
v -1.86593 102.019 -0.288712 
v -1.66448 101.815 -0.330202 
v -1.56917 101.843 -0.280372 
v -1.79931 101.808 -0.275125 
v -1.64025 101.681 -0.277624 
v -1.58735 101.686 -0.287547 
v -1.53934 101.723 -0.251711 
v -1.34407 102.522 -0.213423 
v -1.17143 102.139 -0.316773 
v -1.82671 102.246 0.00722075 
v -1.62551 102.608 0.0290299 
v -1.57222 102.602 -0.145333 
v -1.81534 102.259 -0.276501 
v -1.80534 102.258 0.290205 
v -1.86593 102.019 -0.288712 
v -1.86477 101.983 -0.00254373 
v -1.85076 101.972 0.278665 
v -1.57587 102.603 0.203394 
v -1.78028 101.772 0.253284 
v -1.79931 101.808 -0.275125 
v -1.79888 101.787 -0.0334924 
v -1.6016 101.677 0.228605 
v -1.61944 101.672 -0.0635271 
v -1.64025 101.681 -0.277624 
v -1.27212 102.367 0.331645 
v -1.1931 102.41 0.252815 
v -1.24117 102.493 0.241305 
v -1.32043 102.517 0.300526 
v -1.16922 102.335 0.230958 
v -1.24959 102.277 0.324531 
v -1.22869 102.239 0.106211 
v -1.10315 102.381 0.00435331 
v -1.32585 102.172 0.225393 
v -1.19881 102.237 -0.0215117 
v -1.1109 102.395 -0.118322 
v -1.17061 102.196 -0.121748 
v -1.1166 102.188 -0.258501 
v -1.16049 102.16 -0.161838 
v -1.1166 102.188 -0.258501 
v -1.20685 102.116 -0.1962 
v -1.17143 102.139 -0.316773 
v -1.29741 102.097 -0.234827 
v -1.26496 102.111 -0.345672 
v -1.42685 102.097 -0.270941 
v -1.40518 102.133 -0.354063 
v -1.17061 102.196 -0.121748 
v -1.19881 102.237 -0.0215117 
v -1.31035 102.153 -0.0595722 
v -1.30681 102.156 -0.164383 
v -1.20685 102.116 -0.1962 
v -1.16049 102.16 -0.161838 
v -1.22869 102.239 0.106211 
v -1.32585 102.172 0.225393 
v -1.4277 102.11 -0.0552716 
v -1.42685 102.097 -0.270941 
v -1.29741 102.097 -0.234827 
v -1.41256 102.116 0.256864 
v -1.55217 102.036 0.262983 
v -1.57894 102.047 -0.0469833 
v -1.57406 102.045 -0.302923 
v -1.55066 101.828 0.226203 
v -1.5849 101.831 -0.0526001 
v -1.56917 101.843 -0.280372 
v -1.5227 101.726 0.200141 
v -1.5503 101.709 -0.0603113 
v -1.53934 101.723 -0.251711 

vn -0.692913 0.708661 0.133858 
vn 0.15748 0.96063 0.228346 
vn 0.299213 0.952756 -0.00787402 
vn -0.76378 0.645669 0.00787402 
vn 0.275591 0.929134 0.244094 
vn 0.385827 0.889764 0.244094 
vn 0.598425 0.779528 0.188976 
vn 0.748031 0.645669 0.15748 
vn 0.598425 0.685039 -0.409449 
vn 0.496063 0.724409 -0.480315 
vn 0.330709 0.913386 -0.244094 
vn 0.19685 0.96063 -0.204724 
vn -0.669291 0.732283 -0.11811 
vn 0.866142 0.425197 0.267717 
vn 0.748031 0.645669 0.15748 
vn 0.598425 0.779528 0.188976 
vn 0.88189 0.385827 0.275591 
vn 0.874016 0.448819 0.173228 
vn 0.598425 0.685039 -0.409449 
vn 0.645669 0.511811 -0.574803 
vn 0.645669 0.511811 -0.574803 
vn 0.574803 0.456693 -0.677165 
vn 0.496063 0.724409 -0.480315 
vn 0.598425 0.685039 -0.409449 
vn 0.598425 0.393701 -0.692913 
vn 0.598425 0.393701 -0.692913 
vn -0.19685 -0.692913 -0.692913 
vn 0.307087 -0.637795 -0.708661 
vn 0.448819 -0.897638 -0.023622 
vn 0.0708661 -1 -0.015748 
vn 0.724409 -0.440945 -0.527559 
vn 0.464567 -0.748031 0.472441 
vn 0.748031 -0.669291 -0.0393701 
vn 0.787402 -0.433071 0.440945 
vn 0.015748 -0.732283 0.677165 
vn -0.307087 0.204724 0.929134 
vn -0.362205 0.401575 0.84252 
vn -0.480315 0.464567 0.740157 
vn -0.456693 0.212598 0.866142 
vn -0.102362 -0.173228 0.976378 
vn 0.0472441 0.125984 0.992126 
vn 0.251969 -0.362205 0.897638 
vn -0.023622 0.275591 0.96063 
vn 0.456693 0.19685 0.866142 
vn 0.377953 0.299213 0.88189 
vn 0.677165 -0.472441 0.559055 
vn 0.496063 -0.511811 0.700787 
vn 0.440945 -0.732283 0.519685 
vn 0.629921 -0.716535 0.307087 
vn -0.322835 -0.133858 0.937008 
vn 0.11811 -0.251969 0.96063 
vn 0.566929 -0.125984 0.811024 
vn -0.220472 -0.267717 0.937008 
vn 0.015748 -0.732283 0.677165 
vn 0.464567 -0.748031 0.472441 
vn 0.787402 -0.433071 0.440945 
vn 0.0866142 0.188976 -0.976378 
vn -0.275591 0.275591 -0.92126 
vn -0.299213 0.448819 -0.84252 
vn 0.0708661 0.330709 -0.944882 
vn 0.0708661 -0.362205 -0.929134 
vn 0.23622 -0.488189 -0.84252 
vn 0.299213 0.299213 -0.905512 
vn -0.173228 -0.0629921 -0.984252 
vn -0.535433 0.377953 -0.755906 
vn -0.543307 0.543307 -0.645669 
vn 0.141732 -0.889764 -0.433071 
vn 0.377953 -0.464567 -0.80315 
vn -0.417323 -0.0629921 -0.905512 
vn -0.015748 -0.181102 -0.984252 
vn 0.456693 -0.0472441 -0.889764 
vn -0.354331 -0.212598 -0.913386 
vn -0.19685 -0.692913 -0.692913 
vn 0.307087 -0.637795 -0.708661 
vn 0.724409 -0.440945 -0.527559 
vn 0.330709 0.425197 -0.84252 
vn 0.472441 -0.559055 -0.685039 
vn -0.929134 0.370079 0.015748 
vn -0.76378 0.645669 0.00787402 
vn -0.669291 0.732283 -0.11811 
vn -0.92126 0.377953 -0.0629921 
vn -0.929134 0.362205 0.0944882 
vn -1 -0.015748 -0.015748 
vn -1 -0.0551181 0.023622 
vn -1 -0.0551181 0.0551181 
vn -0.692913 0.708661 0.133858 
vn -0.779528 -0.629921 0.0314961 
vn -0.834646 -0.551181 -0.0314961 
vn -0.795276 -0.606299 0 
vn -0.503937 -0.866142 0.015748 
vn -0.543307 -0.84252 0 
vn -0.582677 -0.811024 -0.023622 
vn 0.456693 0.19685 0.866142 
vn 0.645669 0.244094 0.724409 
vn 0.582677 0.377953 0.716535 
vn 0.377953 0.299213 0.88189 
vn 0.787402 -0.543307 0.291339 
vn 0.677165 -0.472441 0.559055 
vn 0.76378 -0.629921 0.15748 
vn 0.84252 -0.519685 0.133858 
vn 0.629921 -0.716535 0.307087 
vn 0.84252 -0.519685 0.133858 
vn 0.905512 -0.377953 0.19685 
vn 0.905512 -0.322835 0.275591 
vn 0.834646 -0.496063 0.251969 
vn 0.858268 -0.417323 0.291339 
vn 0.834646 -0.496063 0.251969 
vn 0.464567 -0.889764 -0.015748 
vn 0.472441 -0.559055 -0.685039 
vn 0.110236 -0.976378 -0.173228 
vn 0.23622 -0.488189 -0.84252 
vn 0.141732 -0.889764 -0.433071 
vn 0.0708661 -0.362205 -0.929134 
vn 0.283465 -0.874016 0.393701 
vn 0.543307 -0.826772 0.141732 
vn 0.456693 -0.88189 0.0866142 
vn 0.251969 -0.929134 0.275591 
vn -0.0551181 -0.716535 0.692913 
vn 0.00787402 -0.685039 0.732283 
vn 0.614173 -0.787402 0.110236 
vn 0.480315 -0.874016 0.0551181 
vn 0.409449 -0.913386 0.00787402 
vn 0.338583 -0.937008 0.0708661 
vn -0.149606 -0.76378 0.622047 
vn 0.440945 -0.897638 -0.00787402 
vn 0.866142 -0.496063 -0.0866142 
vn 0.88189 -0.472441 -0.0314961 
vn 0.88189 -0.464567 0.0472441 
vn 0.992126 0.0787402 -0.110236 
vn 0.992126 0.0944882 -0.0393701 
vn 0.992126 0.0708661 0.0551181 
vn 0.952756 0.283465 -0.11811 
vn 0.96063 0.275591 -0.023622 
vn 0.96063 0.259843 0.0787402 

vt 0.552174 0.52058 
vt 0.550385 0.522447 
vt 0.547589 0.51723 
vt 0.553282 0.51707 
vt 0.548831 0.523113 
vt 0.546472 0.522535 
vt 0.544703 0.521343 
vt 0.542993 0.51707 
vt 0.543004 0.514572 
vt 0.547 0.51219 
vt 0.548831 0.511027 
vt 0.550895 0.51125 
vt 0.552093 0.51356 
vt 0.574076 0.538052 
vt 0.577209 0.532454 
vt 0.576043 0.539331 
vt 0.572196 0.536794 
vt 0.575065 0.531226 
vt 0.57869 0.528775 
vt 0.576144 0.528175 
vt 0.578813 0.57839 
vt 0.572559 0.573011 
vt 0.578011 0.570549 
vt 0.580811 0.576932 
vt 0.571224 0.579483 
vt 0.56864 0.578327 
vt 0.543115 0.53828 
vt 0.544811 0.538426 
vt 0.544392 0.532202 
vt 0.543147 0.532319 
vt 0.546652 0.537348 
vt 0.54457 0.524477 
vt 0.545861 0.532077 
vt 0.546257 0.524843 
vt 0.543115 0.524246 
vt 0.568457 0.514695 
vt 0.578102 0.515483 
vt 0.578121 0.519461 
vt 0.565532 0.519464 
vt 0.562021 0.512908 
vt 0.572679 0.509859 
vt 0.569761 0.508464 
vt 0.578479 0.513019 
vt 0.575202 0.507016 
vt 0.578922 0.509461 
vt 0.572902 0.505553 
vt 0.562357 0.508676 
vt 0.565697 0.506502 
vt 0.568071 0.504392 
vt 0.557385 0.516881 
vt 0.555035 0.509963 
vt 0.556566 0.507098 
vt 0.552727 0.513203 
vt 0.551618 0.507723 
vt 0.552173 0.506513 
vt 0.553601 0.505661 
vt 0.569474 0.57154 
vt 0.565413 0.564951 
vt 0.57661 0.564379 
vt 0.576944 0.567423 
vt 0.565463 0.572525 
vt 0.566605 0.576241 
vt 0.572559 0.573011 
vt 0.560637 0.566118 
vt 0.564169 0.560441 
vt 0.577135 0.560379 
vt 0.562781 0.573365 
vt 0.560971 0.570164 
vt 0.557373 0.562206 
vt 0.554022 0.569095 
vt 0.555479 0.571733 
vt 0.552271 0.565564 
vt 0.550053 0.570632 
vt 0.550706 0.571969 
vt 0.552123 0.573376 
vt 0.578011 0.570549 
vt 0.56864 0.578327 
vt 0.557254 0.551612 
vt 0.544884 0.552065 
vt 0.54437 0.546404 
vt 0.55706 0.54399 
vt 0.556588 0.559203 
vt 0.564133 0.543852 
vt 0.564914 0.551544 
vt 0.56504 0.559087 
vt 0.544187 0.557669 
vt 0.571164 0.558601 
vt 0.570489 0.544406 
vt 0.570825 0.550903 
vt 0.577374 0.55813 
vt 0.577287 0.550225 
vt 0.576712 0.544433 
vt 0.571972 0.54062 
vt 0.574076 0.538052 
vt 0.576043 0.539331 
vt 0.576035 0.542489 
vt 0.572196 0.536794 
vt 0.569471 0.539345 
vt 0.569074 0.533339 
vt 0.575065 0.531226 
vt 0.565583 0.536619 
vt 0.569951 0.529726 
vt 0.576144 0.528175 
vt 0.569903 0.526474 
vt 0.571833 0.522728 
vt 0.569533 0.524924 
vt 0.570854 0.522154 
vt 0.567633 0.524044 
vt 0.568242 0.52077 
vt 0.564856 0.523534 
vt 0.565158 0.520473 
vt 0.560829 0.523462 
vt 0.560822 0.520939 
vt 0.569903 0.526474 
vt 0.569951 0.529726 
vt 0.565436 0.528778 
vt 0.565235 0.525996 
vt 0.567633 0.524044 
vt 0.569533 0.524924 
vt 0.569074 0.533339 
vt 0.565583 0.536619 
vt 0.561621 0.529231 
vt 0.560829 0.523462 
vt 0.564856 0.523534 
vt 0.562512 0.537602 
vt 0.558465 0.537932 
vt 0.557515 0.529713 
vt 0.556763 0.52295 
vt 0.55241 0.537635 
vt 0.551519 0.530167 
vt 0.551069 0.524063 
vt 0.549106 0.537345 
vt 0.547714 0.530369 
vt 0.547398 0.525179 

usemtl Player1Mtl

f 3964/3964/3964 3965/3965/3965 3966/3966/3966 
f 3967/3967/3967 3964/3964/3964 3966/3966/3966 
f 3965/3965/3965 3968/3968/3968 3966/3966/3966 
f 3968/3968/3968 3969/3969/3969 3966/3966/3966 
f 3969/3969/3969 3970/3970/3970 3966/3966/3966 
f 3970/3970/3970 3971/3971/3971 3966/3966/3966 
f 3971/3971/3971 3972/3972/3972 3966/3966/3966 
f 3972/3972/3972 3973/3973/3973 3966/3966/3966 
f 3974/3974/3974 3975/3975/3975 3966/3966/3966 
f 3976/3976/3976 3967/3967/3967 3966/3966/3966 
f 3973/3973/3973 3974/3974/3974 3966/3966/3966 
f 3975/3975/3975 3976/3976/3976 3966/3966/3966 
f 3977/3977/3977 3978/3978/3978 3979/3979/3979 
f 3980/3980/3980 3978/3978/3978 3977/3977/3977 
f 3981/3981/3981 3982/3982/3982 3978/3978/3978 
f 3980/3980/3980 3981/3981/3981 3978/3978/3978 
f 3981/3981/3981 3983/3983/3983 3982/3982/3982 
f 3984/3984/3984 3985/3985/3985 3986/3986/3986 
f 3984/3984/3984 3986/3986/3986 3987/3987/3987 
f 3985/3985/3985 3984/3984/3984 3988/3988/3988 
f 3985/3985/3985 3988/3988/3988 3989/3989/3989 
f 3990/3990/3990 3991/3991/3991 3992/3992/3992 
f 3990/3990/3990 3992/3992/3992 3993/3993/3993 
f 3992/3992/3992 3991/3991/3991 3994/3994/3994 
f 3993/3993/3993 3992/3992/3992 3995/3995/3995 
f 3992/3992/3992 3994/3994/3994 3996/3996/3996 
f 3992/3992/3992 3996/3996/3996 3997/3997/3997 
f 3992/3992/3992 3997/3997/3997 3995/3995/3995 
f 3993/3993/3993 3995/3995/3995 3998/3998/3998 
f 3999/3999/3999 4000/4000/4000 4001/4001/4001 
f 3999/3999/3999 4001/4001/4001 4002/4002/4002 
f 4002/4002/4002 4003/4003/4003 3999/3999/3999 
f 4004/4004/4004 4000/4000/4000 3999/3999/3999 
f 4005/4005/4005 4004/4004/4004 3999/3999/3999 
f 4005/4005/4005 3999/3999/3999 4003/4003/4003 
f 4004/4004/4004 4006/4006/4006 4000/4000/4000 
f 4004/4004/4004 4007/4007/4007 4008/4008/4008 
f 4004/4004/4004 4008/4008/4008 4006/4006/4006 
f 4009/4009/4009 4007/4007/4007 4004/4004/4004 
f 4009/4009/4009 4004/4004/4004 4005/4005/4005 
f 4010/4010/4010 4011/4011/4011 4005/4005/4005 
f 4010/4010/4010 4005/4005/4005 4003/4003/4003 
f 4012/4012/4012 4009/4009/4009 4005/4005/4005 
f 4012/4012/4012 4005/4005/4005 4011/4011/4011 
f 4002/4002/4002 4013/4013/4013 4003/4003/4003 
f 4014/4014/4014 4010/4010/4010 4003/4003/4003 
f 4013/4013/4013 4014/4014/4014 4003/4003/4003 
f 4014/4014/4014 4015/4015/4015 4010/4010/4010 
f 4014/4014/4014 4016/4016/4016 4017/4017/4017 
f 4014/4014/4014 4017/4017/4017 4018/4018/4018 
f 4013/4013/4013 4016/4016/4016 4014/4014/4014 
f 4018/4018/4018 4015/4015/4015 4014/4014/4014 
f 4018/4018/4018 4019/4019/4019 4015/4015/4015 
f 4020/4020/4020 4021/4021/4021 4022/4022/4022 
f 4020/4020/4020 4022/4022/4022 4023/4023/4023 
f 4021/4021/4021 4020/4020/4020 4024/4024/4024 
f 4025/4025/4025 4024/4024/4024 4020/4020/4020 
f 4026/4026/4026 4025/4025/4025 4020/4020/4020 
f 4026/4026/4026 4020/4020/4020 4023/4023/4023 
f 4021/4021/4021 4024/4024/4024 4027/4027/4027 
f 4027/4027/4027 4028/4028/4028 4021/4021/4021 
f 4021/4021/4021 4028/4028/4028 4029/4029/4029 
f 4021/4021/4021 4029/4029/4029 4022/4022/4022 
f 4024/4024/4024 4030/4030/4030 4031/4031/4031 
f 4024/4024/4024 4031/4031/4031 4027/4027/4027 
f 4032/4032/4032 4027/4027/4027 4033/4033/4033 
f 4033/4033/4033 4027/4027/4027 4031/4031/4031 
f 4027/4027/4027 4032/4032/4032 4028/4028/4028 
f 4033/4033/4033 4031/4031/4031 4034/4034/4034 
f 4032/4032/4032 4033/4033/4033 4035/4035/4035 
f 4036/4036/4036 4035/4035/4035 4033/4033/4033 
f 4036/4036/4036 4033/4033/4033 4037/4037/4037 
f 4037/4037/4037 4033/4033/4033 4034/4034/4034 
f 4037/4037/4037 4034/4034/4034 4038/4038/4038 
f 4026/4026/4026 4023/4023/4023 4039/4039/4039 
f 4026/4026/4026 4040/4040/4040 4025/4025/4025 
f 4041/4041/4041 4042/4042/4042 4043/4043/4043 
f 4041/4041/4041 4043/4043/4043 4044/4044/4044 
f 4045/4045/4045 4042/4042/4042 4041/4041/4041 
f 4041/4041/4041 4044/4044/4044 4046/4046/4046 
f 4041/4041/4041 4046/4046/4046 4047/4047/4047 
f 4041/4041/4041 4047/4047/4047 4048/4048/4048 
f 4041/4041/4041 4048/4048/4048 4045/4045/4045 
f 4045/4045/4045 4049/4049/4049 4042/4042/4042 
f 4047/4047/4047 4050/4050/4050 4048/4048/4048 
f 4047/4047/4047 4046/4046/4046 4051/4051/4051 
f 4047/4047/4047 4051/4051/4051 4052/4052/4052 
f 4047/4047/4047 4052/4052/4052 4050/4050/4050 
f 4052/4052/4052 4053/4053/4053 4050/4050/4050 
f 4052/4052/4052 4054/4054/4054 4053/4053/4053 
f 4055/4055/4055 4054/4054/4054 4052/4052/4052 
f 4055/4055/4055 4052/4052/4052 4051/4051/4051 
f 4056/4056/4056 4057/4057/4057 4058/4058/4058 
f 4056/4056/4056 4058/4058/4058 4059/4059/4059 
f 4060/4060/4060 4057/4057/4057 4056/4056/4056 
f 4060/4060/4060 4056/4056/4056 4061/4061/4061 
f 4062/4062/4062 4060/4060/4060 4061/4061/4061 
f 4063/4063/4063 4060/4060/4060 4062/4062/4062 
f 4062/4062/4062 4061/4061/4061 4064/4064/4064 
f 4063/4063/4063 4062/4062/4062 4065/4065/4065 
f 4065/4065/4065 4066/4066/4066 4063/4063/4063 
f 4065/4065/4065 4067/4067/4067 4066/4066/4066 
f 4067/4067/4067 4068/4068/4068 4066/4066/4066 
f 4067/4067/4067 4069/4069/4069 4068/4068/4068 
f 4070/4070/4070 4069/4069/4069 4071/4071/4071 
f 4070/4070/4070 4071/4071/4071 4072/4072/4072 
f 4072/4072/4072 4071/4071/4071 4073/4073/4073 
f 4072/4072/4072 4073/4073/4073 4074/4074/4074 
f 4073/4073/4073 4075/4075/4075 4076/4076/4076 
f 4073/4073/4073 4076/4076/4076 4074/4074/4074 
f 4077/4077/4077 4078/4078/4078 4079/4079/4079 
f 4077/4077/4077 4079/4079/4079 4080/4080/4080 
f 4077/4077/4077 4080/4080/4080 4081/4081/4081 
f 4077/4077/4077 4081/4081/4081 4082/4082/4082 
f 4079/4079/4079 4078/4078/4078 4083/4083/4083 
f 4079/4079/4079 4083/4083/4083 4084/4084/4084 
f 4085/4085/4085 4079/4079/4079 4084/4084/4084 
f 4080/4080/4080 4079/4079/4079 4085/4085/4085 
f 4080/4080/4080 4085/4085/4085 4086/4086/4086 
f 4080/4080/4080 4086/4086/4086 4087/4087/4087 
f 4080/4080/4080 4087/4087/4087 4081/4081/4081 
f 4085/4085/4085 4088/4088/4088 4089/4089/4089 
f 4085/4085/4085 4089/4089/4089 4090/4090/4090 
f 4090/4090/4090 4086/4086/4086 4085/4085/4085 
f 4085/4085/4085 4084/4084/4084 4088/4088/4088 
f 4090/4090/4090 4091/4091/4091 4086/4086/4086 
f 4090/4090/4090 4089/4089/4089 4092/4092/4092 
f 4090/4090/4090 4092/4092/4092 4093/4093/4093 
f 4090/4090/4090 4093/4093/4093 4094/4094/4094 
f 4090/4090/4090 4094/4094/4094 4091/4091/4091 
f 4093/4093/4093 4092/4092/4092 4095/4095/4095 
f 4093/4093/4093 4095/4095/4095 4096/4096/4096 
f 4093/4093/4093 4096/4096/4096 4097/4097/4097 
f 4093/4093/4093 4097/4097/4097 4094/4094/4094 

g Player10

v -1.30954 102.217 -0.209548 
v -1.34453 102.222 -0.430859 
v -1.18363 102.2 -0.353961 
v -1.07512 102.185 -0.209548 
v -1.30954 102.217 0.212086 
v -1.6308 102.262 -0.209548 
v -1.56505 102.253 -0.430859 
v -1.07512 102.185 0.212085 
v -1.18363 102.2 0.354358 
v -1.34453 102.222 0.431257 
v -1.56505 102.253 0.431257 
v -1.6308 102.262 0.212086 
v -1.84566 102.292 -0.209548 
v -1.71252 102.273 -0.353961 
v -1.71252 102.273 0.354358 
v -1.84566 102.292 0.212086 
v -1.22589 102.952 0.430729 
v -1.10997 102.952 0.344071 
v -1.13284 103.037 0.264165 
v -1.22464 103.046 0.294958 
v -1.40303 102.952 0.425239 
v -1.03187 102.952 0.201999 
v -1.05986 103.026 0.148326 
v -1.1696 103.086 0.0646265 
v -1.2405 103.094 0.0636417 
v -1.37855 103.046 0.293924 
v -1.35863 103.094 0.0636407 
v -1.50711 102.952 0.339989 
v -1.47593 103.037 0.263399 
v -1.43635 103.086 0.064629 
v -1.37963 103.046 -0.146078 
v -1.47955 103.037 -0.124716 
v -1.22618 103.046 -0.146962 
v -1.13035 103.037 -0.126747 
v -1.12966 103.075 0.0656157 
v -1.23423 102.952 -0.27186 
v -1.10997 102.952 -0.217838 
v -1.39848 102.952 -0.268054 
v -1.50711 102.952 -0.209107 
v -1.56968 103.026 -0.0385609 
v -1.4794 103.075 0.0656211 
v -1.56327 103.026 0.148482 
v -1.56327 103.026 0.148482 
v -1.62217 102.953 -0.0903721 
v -1.62217 102.953 0.202808 
v -1.03187 102.952 -0.100032 
v -1.05645 103.026 -0.0408106 
v -1.05645 103.026 -0.0408106 
v -1.18363 102.2 -0.353961 
v -1.34453 102.222 -0.430859 
v -1.2628 102.796 -0.255109 
v -1.1359 102.778 -0.199276 
v -1.07512 102.185 -0.209548 
v -1.43322 102.82 -0.252252 
v -1.56505 102.253 -0.430859 
v -1.39848 102.952 -0.268054 
v -1.23423 102.952 -0.27186 
v -1.10997 102.952 -0.217838 
v -1.05466 102.767 -0.0737513 
v -1.03187 102.952 -0.100032 
v -1.07512 102.185 0.212085 
v -1.05466 102.767 0.202554 
v -1.03187 102.952 0.201999 
v -1.18363 102.2 0.354358 
v -1.1359 102.778 0.352612 
v -1.10997 102.952 0.344071 
v -1.50711 102.952 -0.209107 
v -1.54439 102.836 -0.194802 
v -1.71252 102.273 -0.353961 
v -1.62217 102.953 -0.0903721 
v -1.84566 102.292 -0.209548 
v -1.65586 102.851 -0.0735695 
v -1.65586 102.851 0.202359 
v -1.62217 102.953 0.202808 
v -1.84566 102.292 0.212086 
v -1.54439 102.836 0.348137 
v -1.71252 102.273 0.354358 
v -1.50711 102.952 0.339989 
v -1.56505 102.253 0.431257 
v -1.4147 102.816 0.405587 
v -1.40303 102.952 0.425239 
v -1.34453 102.222 0.431257 
v -1.28133 102.8 0.408445 
v -1.22589 102.952 0.430729 
v -1.10997 102.952 0.344071 
v -1.1359 102.778 0.352612 
v -1.18363 102.2 0.354358 

vn -0.133858 -0.992126 0 
vn -0.133858 -0.992126 0 
vn -0.133858 -0.992126 0 
vn -0.133858 -0.992126 0 
vn -0.133858 -0.992126 0 
vn -0.133858 -0.992126 0 
vn -0.133858 -0.992126 0 
vn -0.133858 -0.992126 0 
vn -0.133858 -0.992126 0 
vn -0.133858 -0.992126 0 
vn -0.133858 -0.992126 0 
vn -0.133858 -0.992126 0 
vn -0.133858 -0.992126 0 
vn -0.133858 -0.992126 0 
vn -0.133858 -0.992126 0 
vn -0.133858 -0.992126 0 
vn 0.0944882 0.811024 0.582677 
vn 0.496063 0.692913 0.527559 
vn 0.425197 0.818898 0.377953 
vn 0.0944882 0.913386 0.401575 
vn -0.125984 0.811024 0.574803 
vn 0.834646 0.488189 0.251969 
vn 0.779528 0.606299 0.141732 
vn 0.204724 0.976378 0 
vn 0.0472441 1 0 
vn -0.0944882 0.913386 0.393701 
vn -0.0472441 1 0 
vn -0.456693 0.732283 0.503937 
vn -0.362205 0.850394 0.377953 
vn -0.188976 0.984252 0 
vn -0.0787402 0.905512 -0.417323 
vn -0.314961 0.858268 -0.409449 
vn 0.0708661 0.905512 -0.417323 
vn 0.346457 0.84252 -0.417323 
vn 0.385827 0.92126 0.00787402 
vn 0.0708661 0.787402 -0.606299 
vn 0.385827 0.724409 -0.574803 
vn -0.102362 0.787402 -0.606299 
vn -0.377953 0.740157 -0.559055 
vn -0.629921 0.755906 -0.173228 
vn -0.338583 0.944882 0.00787402 
vn -0.314961 0.929134 0.181102 
vn -0.795276 0.606299 0.00787402 
vn -0.685039 0.677165 -0.259843 
vn -0.700787 0.669291 0.251969 
vn 0.811024 0.519685 -0.275591 
vn 0.314961 0.929134 -0.181102 
vn 0.944882 0.330709 0.00787402 
vn 0.629921 0.15748 -0.755906 
vn 0.204724 0.259843 -0.944882 
vn 0.220472 0.188976 -0.96063 
vn 0.669291 0.0866142 -0.740157 
vn 0.976378 0.015748 -0.220472 
vn -0.165354 0.267717 -0.944882 
vn -0.15748 0.330709 -0.929134 
vn -0.165354 -0.0629921 -0.984252 
vn 0.19685 -0.141732 -0.968504 
vn 0.653543 -0.181102 -0.740157 
vn 0.984252 -0.0314961 -0.165354 
vn 0.968504 -0.149606 -0.204724 
vn 0.984252 -0.0393701 0.188976 
vn 0.984252 -0.0551181 0.188976 
vn 0.976378 -0.11811 0.173228 
vn 0.653543 -0.0314961 0.755906 
vn 0.661417 -0.0393701 0.748031 
vn 0.787402 -0.125984 0.598425 
vn -0.582677 0.0787402 -0.811024 
vn -0.559055 0.338583 -0.755906 
vn -0.543307 0.377953 -0.755906 
vn -0.905512 0.251969 -0.330709 
vn -0.889764 0.370079 -0.267717 
vn -0.913386 0.346457 -0.220472 
vn -0.92126 0.307087 0.244094 
vn -0.905512 0.307087 0.283465 
vn -0.92126 0.307087 0.228346 
vn -0.598425 0.204724 0.771654 
vn -0.614173 0.204724 0.76378 
vn -0.677165 0.19685 0.708661 
vn -0.212598 0.0944882 0.968504 
vn -0.181102 0.0629921 0.984252 
vn -0.19685 -0.11811 0.976378 
vn 0.19685 0.015748 0.976378 
vn 0.181102 -0.00787402 0.984252 
vn 0.23622 -0.228346 0.944882 
vn 0.787402 -0.125984 0.598425 
vn 0.661417 -0.0393701 0.748031 
vn 0.653543 -0.0314961 0.755906 

vt 0.476011 0.664598 
vt 0.477536 0.678509 
vt 0.465729 0.678509 
vt 0.465729 0.664581 
vt 0.476033 0.638135 
vt 0.490104 0.664623 
vt 0.487208 0.678509 
vt 0.465729 0.638117 
vt 0.465729 0.624381 
vt 0.47758 0.624381 
vt 0.487253 0.624381 
vt 0.490126 0.638159 
vt 0.49955 0.664639 
vt 0.49955 0.678509 
vt 0.49955 0.624381 
vt 0.49955 0.638175 
vt 0.437668 0.678716 
vt 0.431019 0.678715 
vt 0.433584 0.668567 
vt 0.43818 0.669341 
vt 0.447829 0.678716 
vt 0.426539 0.678714 
vt 0.42993 0.665655 
vt 0.434117 0.650334 
vt 0.438344 0.650226 
vt 0.445885 0.669315 
vt 0.445387 0.650226 
vt 0.453798 0.678715 
vt 0.450761 0.668548 
vt 0.450021 0.650334 
vt 0.445939 0.63106 
vt 0.450942 0.631889 
vt 0.438257 0.631026 
vt 0.433459 0.63181 
vt 0.43062 0.650442 
vt 0.438146 0.624176 
vt 0.431019 0.624176 
vt 0.447568 0.624176 
vt 0.453798 0.624176 
vt 0.455454 0.635232 
vt 0.453704 0.650443 
vt 0.455133 0.665659 
vt 0.455133 0.665659 
vt 0.460398 0.624176 
vt 0.460398 0.678714 
vt 0.426539 0.624176 
vt 0.42976 0.635145 
vt 0.42976 0.635145 
vt 0.496187 0.687113 
vt 0.516198 0.687113 
vt 0.519155 0.753553 
vt 0.496187 0.754624 
vt 0.481736 0.687113 
vt 0.545343 0.752211 
vt 0.546833 0.687113 
vt 0.544196 0.770635 
vt 0.519771 0.770635 
vt 0.496187 0.770635 
vt 0.470582 0.753503 
vt 0.471837 0.770635 
vt 0.440148 0.687113 
vt 0.440142 0.754062 
vt 0.439094 0.770635 
vt 0.426402 0.687113 
vt 0.426402 0.753971 
vt 0.426402 0.770635 
vt 0.566097 0.770635 
vt 0.566097 0.7515 
vt 0.566097 0.687113 
vt 0.593964 0.770634 
vt 0.584655 0.687113 
vt 0.59539 0.749763 
vt 0.624987 0.751019 
vt 0.626141 0.770634 
vt 0.62603 0.687113 
vt 0.636352 0.75238 
vt 0.636352 0.687113 
vt 0.636352 0.770635 
vt 0.664231 0.687113 
vt 0.667583 0.753553 
vt 0.666875 0.770635 
vt 0.685685 0.687113 
vt 0.683534 0.753561 
vt 0.685423 0.770635 
vt 0.705593 0.770635 
vt 0.705593 0.753971 
vt 0.705593 0.687113 

usemtl Player1Mtl

f 4098/4098/4098 4099/4099/4099 4100/4100/4100 
f 4098/4098/4098 4100/4100/4100 4101/4101/4101 
f 4102/4102/4102 4098/4098/4098 4101/4101/4101 
f 4102/4102/4102 4103/4103/4103 4098/4098/4098 
f 4098/4098/4098 4103/4103/4103 4104/4104/4104 
f 4098/4098/4098 4104/4104/4104 4099/4099/4099 
f 4102/4102/4102 4101/4101/4101 4105/4105/4105 
f 4106/4106/4106 4107/4107/4107 4102/4102/4102 
f 4106/4106/4106 4102/4102/4102 4105/4105/4105 
f 4102/4102/4102 4107/4107/4107 4108/4108/4108 
f 4102/4102/4102 4108/4108/4108 4109/4109/4109 
f 4102/4102/4102 4109/4109/4109 4103/4103/4103 
f 4109/4109/4109 4110/4110/4110 4103/4103/4103 
f 4103/4103/4103 4110/4110/4110 4111/4111/4111 
f 4103/4103/4103 4111/4111/4111 4104/4104/4104 
f 4109/4109/4109 4108/4108/4108 4112/4112/4112 
f 4109/4109/4109 4112/4112/4112 4113/4113/4113 
f 4109/4109/4109 4113/4113/4113 4110/4110/4110 
f 4114/4114/4114 4115/4115/4115 4116/4116/4116 
f 4114/4114/4114 4116/4116/4116 4117/4117/4117 
f 4118/4118/4118 4114/4114/4114 4117/4117/4117 
f 4115/4115/4115 4119/4119/4119 4120/4120/4120 
f 4115/4115/4115 4120/4120/4120 4116/4116/4116 
f 4116/4116/4116 4121/4121/4121 4122/4122/4122 
f 4116/4116/4116 4122/4122/4122 4117/4117/4117 
f 4120/4120/4120 4121/4121/4121 4116/4116/4116 
f 4118/4118/4118 4117/4117/4117 4123/4123/4123 
f 4117/4117/4117 4122/4122/4122 4124/4124/4124 
f 4117/4117/4117 4124/4124/4124 4123/4123/4123 
f 4125/4125/4125 4118/4118/4118 4123/4123/4123 
f 4125/4125/4125 4123/4123/4123 4126/4126/4126 
f 4123/4123/4123 4124/4124/4124 4127/4127/4127 
f 4123/4123/4123 4127/4127/4127 4126/4126/4126 
f 4128/4128/4128 4124/4124/4124 4122/4122/4122 
f 4129/4129/4129 4127/4127/4127 4124/4124/4124 
f 4129/4129/4129 4124/4124/4124 4128/4128/4128 
f 4128/4128/4128 4122/4122/4122 4130/4130/4130 
f 4130/4130/4130 4122/4122/4122 4121/4121/4121 
f 4130/4130/4130 4121/4121/4121 4131/4131/4131 
f 4131/4131/4131 4121/4121/4121 4132/4132/4132 
f 4120/4120/4120 4132/4132/4132 4121/4121/4121 
f 4133/4133/4133 4128/4128/4128 4130/4130/4130 
f 4134/4134/4134 4133/4133/4133 4130/4130/4130 
f 4134/4134/4134 4130/4130/4130 4131/4131/4131 
f 4133/4133/4133 4135/4135/4135 4128/4128/4128 
f 4135/4135/4135 4129/4129/4129 4128/4128/4128 
f 4135/4135/4135 4136/4136/4136 4129/4129/4129 
f 4136/4136/4136 4137/4137/4137 4129/4129/4129 
f 4137/4137/4137 4127/4127/4127 4129/4129/4129 
f 4137/4137/4137 4138/4138/4138 4127/4127/4127 
f 4126/4126/4126 4127/4127/4127 4138/4138/4138 
f 4139/4139/4139 4138/4138/4138 4137/4137/4137 
f 4139/4139/4139 4137/4137/4137 4140/4140/4140 
f 4136/4136/4136 4141/4141/4141 4137/4137/4137 
f 4137/4137/4137 4141/4141/4141 4142/4142/4142 
f 4137/4137/4137 4142/4142/4142 4140/4140/4140 
f 4126/4126/4126 4138/4138/4138 4139/4139/4139 
f 4142/4142/4142 4126/4126/4126 4139/4139/4139 
f 4142/4142/4142 4139/4139/4139 4140/4140/4140 
f 4142/4142/4142 4125/4125/4125 4126/4126/4126 
f 4143/4143/4143 4134/4134/4134 4131/4131/4131 
f 4143/4143/4143 4131/4131/4131 4144/4144/4144 
f 4131/4131/4131 4132/4132/4132 4144/4144/4144 
f 4143/4143/4143 4144/4144/4144 4145/4145/4145 
f 4120/4120/4120 4119/4119/4119 4143/4143/4143 
f 4120/4120/4120 4143/4143/4143 4145/4145/4145 
f 4144/4144/4144 4132/4132/4132 4120/4120/4120 
f 4144/4144/4144 4120/4120/4120 4145/4145/4145 
f 4146/4146/4146 4147/4147/4147 4148/4148/4148 
f 4146/4146/4146 4148/4148/4148 4149/4149/4149 
f 4150/4150/4150 4146/4146/4146 4149/4149/4149 
f 4151/4151/4151 4148/4148/4148 4147/4147/4147 
f 4151/4151/4151 4147/4147/4147 4152/4152/4152 
f 4153/4153/4153 4154/4154/4154 4148/4148/4148 
f 4153/4153/4153 4148/4148/4148 4151/4151/4151 
f 4148/4148/4148 4154/4154/4154 4155/4155/4155 
f 4148/4148/4148 4155/4155/4155 4149/4149/4149 
f 4150/4150/4150 4149/4149/4149 4156/4156/4156 
f 4149/4149/4149 4155/4155/4155 4157/4157/4157 
f 4149/4149/4149 4157/4157/4157 4156/4156/4156 
f 4158/4158/4158 4150/4150/4150 4156/4156/4156 
f 4158/4158/4158 4156/4156/4156 4159/4159/4159 
f 4156/4156/4156 4157/4157/4157 4160/4160/4160 
f 4156/4156/4156 4160/4160/4160 4159/4159/4159 
f 4161/4161/4161 4158/4158/4158 4159/4159/4159 
f 4161/4161/4161 4159/4159/4159 4162/4162/4162 
f 4162/4162/4162 4159/4159/4159 4160/4160/4160 
f 4162/4162/4162 4160/4160/4160 4163/4163/4163 
f 4164/4164/4164 4153/4153/4153 4151/4151/4151 
f 4164/4164/4164 4151/4151/4151 4165/4165/4165 
f 4151/4151/4151 4152/4152/4152 4166/4166/4166 
f 4151/4151/4151 4166/4166/4166 4165/4165/4165 
f 4165/4165/4165 4167/4167/4167 4164/4164/4164 
f 4168/4168/4168 4169/4169/4169 4165/4165/4165 
f 4168/4168/4168 4165/4165/4165 4166/4166/4166 
f 4165/4165/4165 4169/4169/4169 4167/4167/4167 
f 4167/4167/4167 4169/4169/4169 4170/4170/4170 
f 4167/4167/4167 4170/4170/4170 4171/4171/4171 
f 4169/4169/4169 4168/4168/4168 4172/4172/4172 
f 4169/4169/4169 4172/4172/4172 4170/4170/4170 
f 4171/4171/4171 4170/4170/4170 4173/4173/4173 
f 4170/4170/4170 4172/4172/4172 4174/4174/4174 
f 4170/4170/4170 4174/4174/4174 4173/4173/4173 
f 4171/4171/4171 4173/4173/4173 4175/4175/4175 
f 4176/4176/4176 4177/4177/4177 4173/4173/4173 
f 4176/4176/4176 4173/4173/4173 4174/4174/4174 
f 4173/4173/4173 4177/4177/4177 4175/4175/4175 
f 4175/4175/4175 4177/4177/4177 4178/4178/4178 
f 4179/4179/4179 4180/4180/4180 4177/4177/4177 
f 4179/4179/4179 4177/4177/4177 4176/4176/4176 
f 4180/4180/4180 4178/4178/4178 4177/4177/4177 
f 4180/4180/4180 4181/4181/4181 4178/4178/4178 
f 4182/4182/4182 4181/4181/4181 4180/4180/4180 
f 4183/4183/4183 4180/4180/4180 4179/4179/4179 
f 4182/4182/4182 4180/4180/4180 4183/4183/4183 
f 4183/4183/4183 4179/4179/4179 4184/4184/4184 

g Player11

v -0.998727 103.812 -0.313367 
v -1.14358 103.776 -0.362401 
v -1.17827 103.861 -0.166736 
v -0.998727 103.902 -0.166736 
v -1.32486 103.693 -0.362401 
v -1.17827 103.861 0.168629 
v -0.998727 103.902 0.168629 
v -1.41284 103.764 -0.166736 
v -1.41284 103.764 0.168629 
v -1.43352 103.613 -0.313367 
v -1.54267 103.609 -0.166736 
v -1.54267 103.609 0.168629 
v -1.32486 103.693 0.362401 
v -1.43352 103.613 0.313367 
v -1.14358 103.776 0.362401 
v -0.998727 103.812 0.313367 
v -1.10997 102.943 0.343873 
v -1.22589 102.943 0.430531 
v -1.24567 102.88 0.333941 
v -1.14233 102.888 0.286279 
v -1.03187 102.943 0.2018 
v -1.40303 102.944 0.425041 
v -1.39834 102.88 0.330923 
v -1.27216 102.834 0.0650204 
v -1.20077 102.841 0.0647903 
v -1.07385 102.901 0.191704 
v -1.15434 102.855 0.0646195 
v -1.03187 102.943 -0.100231 
v -1.07014 102.901 -0.0681139 
v -1.13963 102.888 -0.150767 
v -1.2486 102.88 -0.18275 
v -1.37363 102.834 0.0650085 
v -1.49052 102.888 0.284058 
v -1.50711 102.944 0.339791 
v -1.59141 102.901 0.19219 
v -1.43685 102.841 0.0648231 
v -1.39722 102.88 -0.180495 
v -1.39848 102.944 -0.268253 
v -1.23423 102.943 -0.272058 
v -1.10997 102.943 -0.218036 
v -1.50711 102.944 -0.209306 
v -1.493 102.888 -0.145561 
v -1.50525 102.855 0.0646933 
v -1.62217 102.944 0.202609 
v -1.59538 102.901 -0.0623335 
v -1.62217 102.944 -0.0905706 
v -1.10997 102.943 0.343873 
v -0.998727 103.343 0.313367 
v -1.14527 103.294 0.362401 
v -1.22589 102.943 0.430531 
v -1.13687 103.577 0.38236 
v -0.998727 103.639 0.330626 
v -1.31815 103.502 0.38236 
v -1.32655 103.227 0.362401 
v -1.40303 102.944 0.425041 
v -1.46564 103.422 0.330626 
v -1.44779 103.182 0.313367 
v -1.32486 103.693 0.362401 
v -1.43352 103.613 0.313367 
v -0.998727 103.343 -0.313367 
v -0.998727 103.639 -0.341907 
v -0.998727 103.626 -0.175918 
v -0.998727 103.277 -0.166736 
v -0.958039 103.201 -0.166736 
v -0.998727 103.812 -0.313367 
v -0.998727 103.279 0.168629 
v -0.998727 103.628 0.177916 
v -0.998727 103.902 -0.166736 
v -0.998727 103.902 0.168629 
v -0.958039 103.201 0.168629 
v -0.998727 103.343 0.313367 
v -0.998727 103.639 0.330626 
v -0.998727 103.812 0.313367 
v -1.14358 103.776 0.362401 
v -0.998727 103.812 0.313367 
v -1.54267 103.609 0.168629 
v -1.46564 103.422 0.330626 
v -1.58474 103.419 0.177916 
v -1.58474 103.419 -0.175918 
v -1.54267 103.609 -0.166736 
v -1.44779 103.182 0.313367 
v -1.57559 103.182 -0.166736 
v -1.57559 103.182 0.168629 
v -1.44779 103.182 -0.288794 
v -1.46564 103.422 -0.316786 
v -1.43352 103.613 -0.313367 
v -1.31815 103.502 -0.38236 
v -1.46564 103.422 -0.316786 
v -1.32486 103.693 -0.362401 
v -1.14527 103.294 -0.362401 
v -1.32655 103.227 -0.362401 
v -1.13687 103.577 -0.38236 
v -1.44779 103.182 -0.288794 
v -1.23423 102.943 -0.272058 
v -1.39848 102.944 -0.268253 
v -0.998727 103.343 -0.313367 
v -1.10997 102.943 -0.218036 
v -0.998727 103.639 -0.341907 
v -1.14358 103.776 -0.362401 
v -0.998727 103.812 -0.313367 
v -0.998727 103.343 -0.313367 
v -0.958039 103.201 -0.166736 
v -1.03187 102.943 -0.100231 
v -0.958039 103.201 0.168629 
v -1.03187 102.943 0.2018 
v -1.10997 102.943 0.343873 
v -0.998727 103.343 0.313367 
v -1.50711 102.944 -0.209306 
v -1.62217 102.944 -0.0905706 
v -1.62217 102.944 0.202609 
v -1.50711 102.944 0.339791 

vn 0.00787402 0.685039 -0.724409 
vn -0.125984 0.614173 -0.779528 
vn -0.307087 0.937008 -0.165354 
vn -0.19685 0.968504 -0.15748 
vn -0.362205 0.519685 -0.771654 
vn -0.307087 0.937008 0.165354 
vn -0.19685 0.968504 0.15748 
vn -0.559055 0.811024 -0.15748 
vn -0.559055 0.811024 0.15748 
vn -0.653543 0.314961 -0.685039 
vn -0.889764 0.425197 -0.188976 
vn -0.889764 0.425197 0.188976 
vn -0.354331 0.519685 0.771654 
vn -0.653543 0.330709 0.685039 
vn -0.110236 0.606299 0.787402 
vn 0.0314961 0.677165 0.740157 
vn 0.440945 -0.779528 0.448819 
vn 0.11811 -0.834646 0.543307 
vn 0.0787402 -0.944882 0.330709 
vn 0.307087 -0.905512 0.283465 
vn 0.637795 -0.76378 0.0944882 
vn -0.125984 -0.818898 0.559055 
vn -0.0944882 -0.937008 0.330709 
vn 0.0472441 -1 0 
vn 0.181102 -0.984252 0 
vn 0.566929 -0.818898 0.0944882 
vn 0.472441 -0.88189 0 
vn 0.614173 -0.779528 -0.11811 
vn 0.559055 -0.826772 -0.0708661 
vn 0.267717 -0.913386 -0.307087 
vn 0.0629921 -0.937008 -0.338583 
vn -0.0472441 -1 0 
vn -0.307087 -0.897638 0.314961 
vn -0.464567 -0.708661 0.535433 
vn -0.559055 -0.811024 0.141732 
vn -0.181102 -0.984252 0 
vn -0.0787402 -0.937008 -0.346457 
vn -0.102362 -0.80315 -0.582677 
vn 0.0866142 -0.818898 -0.574803 
vn 0.346457 -0.80315 -0.488189 
vn -0.377953 -0.740157 -0.551181 
vn -0.275591 -0.905512 -0.330709 
vn -0.409449 -0.913386 0 
vn -0.669291 -0.724409 0.149606 
vn -0.559055 -0.818898 -0.11811 
vn -0.637795 -0.740157 -0.188976 
vn 0.677165 -0.0944882 0.732283 
vn 0.559055 -0.0944882 0.826772 
vn 0.228346 0 0.976378 
vn 0.15748 0.133858 0.976378 
vn 0.165354 0 0.984252 
vn 0.330709 0.023622 0.944882 
vn -0.149606 0 0.992126 
vn -0.173228 0.0944882 0.984252 
vn -0.267717 0.251969 0.929134 
vn -0.614173 0.015748 0.787402 
vn -0.637795 0.110236 0.76378 
vn -0.354331 0.519685 0.771654 
vn -0.653543 0.330709 0.685039 
vn 1 0.00787402 0.00787402 
vn 1 0 0 
vn 1 0 0 
vn 0.992126 0.0944882 0.00787402 
vn 0.88189 0.464567 0.015748 
vn 1 0 0 
vn 0.992126 0.0944882 -0.00787402 
vn 1 0 0 
vn 1 0 0 
vn 1 0 0 
vn 0.88189 0.464567 -0.023622 
vn 1 0.015748 -0.00787402 
vn 1 0 0 
vn 1 0 0 
vn -0.110236 0.606299 0.787402 
vn 0.0314961 0.677165 0.740157 
vn -0.889764 0.425197 0.188976 
vn -0.614173 0.015748 0.787402 
vn -0.968504 0.0629921 0.23622 
vn -0.968504 0.0629921 -0.244094 
vn -0.889764 0.425197 -0.188976 
vn -0.637795 0.110236 0.76378 
vn -0.952756 0 -0.291339 
vn -0.968504 0.0866142 0.244094 
vn -0.590551 -0.11811 -0.80315 
vn -0.622047 -0.00787402 -0.779528 
vn -0.653543 0.314961 -0.685039 
vn -0.173228 -0.00787402 -0.984252 
vn -0.622047 -0.00787402 -0.779528 
vn -0.362205 0.519685 -0.771654 
vn 0.212598 -0.204724 -0.952756 
vn -0.141732 -0.181102 -0.968504 
vn 0.149606 0 -0.992126 
vn -0.590551 -0.11811 -0.80315 
vn 0.204724 -0.307087 -0.929134 
vn -0.19685 -0.244094 -0.952756 
vn 0.448819 -0.220472 -0.866142 
vn 0.582677 -0.338583 -0.740157 
vn 0.291339 0.0314961 -0.952756 
vn -0.125984 0.614173 -0.779528 
vn 0.00787402 0.685039 -0.724409 
vn 0.448819 -0.220472 -0.866142 
vn 0.897638 -0.322835 -0.283465 
vn 0.937008 -0.307087 -0.181102 
vn 0.944882 -0.244094 0.212598 
vn 0.944882 -0.244094 0.212598 
vn 0.677165 -0.0944882 0.732283 
vn 0.559055 -0.0944882 0.826772 
vn -0.629921 -0.110236 -0.771654 
vn -0.968504 0.133858 -0.19685 
vn -0.937008 0.228346 0.267717 
vn -0.661417 0.259843 0.708661 

vt 0.495134 0.884417 
vt 0.495134 0.914966 
vt 0.475624 0.913301 
vt 0.475897 0.884417 
vt 0.495134 0.958469 
vt 0.445352 0.913515 
vt 0.444887 0.884417 
vt 0.475693 0.966696 
vt 0.446544 0.965972 
vt 0.495134 0.995958 
vt 0.476455 0.995958 
vt 0.445875 0.995958 
vt 0.426381 0.959627 
vt 0.426381 0.995958 
vt 0.426381 0.91583 
vt 0.426381 0.884417 
vt 0.505225 0.891465 
vt 0.511872 0.891465 
vt 0.512955 0.89768 
vt 0.507479 0.901693 
vt 0.500746 0.891466 
vt 0.522031 0.891465 
vt 0.521045 0.897934 
vt 0.513231 0.920323 
vt 0.50797 0.920342 
vt 0.50385 0.909656 
vt 0.504548 0.920357 
vt 0.500746 0.946322 
vt 0.503653 0.931533 
vt 0.507336 0.938492 
vt 0.51311 0.941185 
vt 0.52071 0.920324 
vt 0.525929 0.90188 
vt 0.527999 0.891465 
vt 0.531275 0.909615 
vt 0.52537 0.920339 
vt 0.520985 0.940995 
vt 0.52177 0.946323 
vt 0.512351 0.946323 
vt 0.505225 0.946323 
vt 0.527999 0.946323 
vt 0.52606 0.938054 
vt 0.530411 0.92035 
vt 0.534597 0.891466 
vt 0.531485 0.931046 
vt 0.534597 0.946322 
vt 0.705593 0.770635 
vt 0.705593 0.812253 
vt 0.687054 0.808259 
vt 0.685423 0.770635 
vt 0.68197 0.85405 
vt 0.705593 0.856398 
vt 0.663897 0.851222 
vt 0.667914 0.803192 
vt 0.666875 0.770635 
vt 0.636352 0.848486 
vt 0.636352 0.799362 
vt 0.659331 0.883097 
vt 0.636352 0.883096 
vt 0.496187 0.812371 
vt 0.496187 0.856739 
vt 0.481475 0.856685 
vt 0.479933 0.809154 
vt 0.47981 0.804373 
vt 0.496187 0.8831 
vt 0.443466 0.809268 
vt 0.442208 0.856617 
vt 0.480286 0.883101 
vt 0.442977 0.883101 
vt 0.443571 0.804092 
vt 0.426402 0.812424 
vt 0.426402 0.856602 
vt 0.426402 0.883099 
vt 0.677482 0.883099 
vt 0.705593 0.883099 
vt 0.620409 0.883096 
vt 0.636352 0.848448 
vt 0.621542 0.847738 
vt 0.584554 0.847735 
vt 0.584406 0.883096 
vt 0.636352 0.798977 
vt 0.585156 0.797822 
vt 0.622883 0.79759 
vt 0.566097 0.798492 
vt 0.566097 0.848223 
vt 0.566097 0.883096 
vt 0.54737 0.851578 
vt 0.566097 0.848578 
vt 0.554075 0.883098 
vt 0.515818 0.808402 
vt 0.540749 0.80319 
vt 0.522329 0.854306 
vt 0.566097 0.799503 
vt 0.519771 0.770635 
vt 0.544196 0.770635 
vt 0.496187 0.812453 
vt 0.496187 0.770635 
vt 0.496187 0.856605 
vt 0.528595 0.883099 
vt 0.496187 0.8831 
vt 0.496187 0.812371 
vt 0.47981 0.804373 
vt 0.471837 0.770635 
vt 0.443571 0.804092 
vt 0.439094 0.770635 
vt 0.426402 0.770635 
vt 0.426402 0.812424 
vt 0.566097 0.770635 
vt 0.593964 0.770634 
vt 0.626141 0.770634 
vt 0.636352 0.770635 

usemtl Player1Mtl

f 4185/4185/4185 4186/4186/4186 4187/4187/4187 
f 4185/4185/4185 4187/4187/4187 4188/4188/4188 
f 4189/4189/4189 4187/4187/4187 4186/4186/4186 
f 4187/4187/4187 4190/4190/4190 4191/4191/4191 
f 4187/4187/4187 4191/4191/4191 4188/4188/4188 
f 4189/4189/4189 4192/4192/4192 4187/4187/4187 
f 4187/4187/4187 4192/4192/4192 4193/4193/4193 
f 4187/4187/4187 4193/4193/4193 4190/4190/4190 
f 4194/4194/4194 4192/4192/4192 4189/4189/4189 
f 4194/4194/4194 4195/4195/4195 4192/4192/4192 
f 4192/4192/4192 4195/4195/4195 4196/4196/4196 
f 4192/4192/4192 4196/4196/4196 4193/4193/4193 
f 4190/4190/4190 4193/4193/4193 4197/4197/4197 
f 4193/4193/4193 4196/4196/4196 4198/4198/4198 
f 4193/4193/4193 4198/4198/4198 4197/4197/4197 
f 4190/4190/4190 4199/4199/4199 4200/4200/4200 
f 4190/4190/4190 4200/4200/4200 4191/4191/4191 
f 4190/4190/4190 4197/4197/4197 4199/4199/4199 
f 4201/4201/4201 4202/4202/4202 4203/4203/4203 
f 4201/4201/4201 4203/4203/4203 4204/4204/4204 
f 4205/4205/4205 4201/4201/4201 4204/4204/4204 
f 4202/4202/4202 4206/4206/4206 4207/4207/4207 
f 4202/4202/4202 4207/4207/4207 4203/4203/4203 
f 4203/4203/4203 4208/4208/4208 4209/4209/4209 
f 4203/4203/4203 4209/4209/4209 4204/4204/4204 
f 4207/4207/4207 4208/4208/4208 4203/4203/4203 
f 4205/4205/4205 4204/4204/4204 4210/4210/4210 
f 4204/4204/4204 4209/4209/4209 4211/4211/4211 
f 4204/4204/4204 4211/4211/4211 4210/4210/4210 
f 4212/4212/4212 4205/4205/4205 4210/4210/4210 
f 4212/4212/4212 4210/4210/4210 4211/4211/4211 
f 4212/4212/4212 4211/4211/4211 4213/4213/4213 
f 4213/4213/4213 4211/4211/4211 4209/4209/4209 
f 4214/4214/4214 4209/4209/4209 4208/4208/4208 
f 4213/4213/4213 4209/4209/4209 4214/4214/4214 
f 4215/4215/4215 4208/4208/4208 4216/4216/4216 
f 4214/4214/4214 4208/4208/4208 4215/4215/4215 
f 4207/4207/4207 4216/4216/4216 4208/4208/4208 
f 4206/4206/4206 4217/4217/4217 4207/4207/4207 
f 4217/4217/4217 4216/4216/4216 4207/4207/4207 
f 4206/4206/4206 4218/4218/4218 4217/4217/4217 
f 4218/4218/4218 4219/4219/4219 4217/4217/4217 
f 4219/4219/4219 4220/4220/4220 4217/4217/4217 
f 4217/4217/4217 4220/4220/4220 4216/4216/4216 
f 4215/4215/4215 4216/4216/4216 4221/4221/4221 
f 4221/4221/4221 4216/4216/4216 4220/4220/4220 
f 4222/4222/4222 4223/4223/4223 4215/4215/4215 
f 4222/4222/4222 4215/4215/4215 4221/4221/4221 
f 4223/4223/4223 4214/4214/4214 4215/4215/4215 
f 4223/4223/4223 4224/4224/4224 4214/4214/4214 
f 4224/4224/4224 4213/4213/4213 4214/4214/4214 
f 4224/4224/4224 4212/4212/4212 4213/4213/4213 
f 4225/4225/4225 4222/4222/4222 4221/4221/4221 
f 4225/4225/4225 4221/4221/4221 4226/4226/4226 
f 4221/4221/4221 4220/4220/4220 4226/4226/4226 
f 4226/4226/4226 4220/4220/4220 4227/4227/4227 
f 4219/4219/4219 4227/4227/4227 4220/4220/4220 
f 4228/4228/4228 4227/4227/4227 4219/4219/4219 
f 4218/4218/4218 4228/4228/4228 4219/4219/4219 
f 4228/4228/4228 4229/4229/4229 4227/4227/4227 
f 4226/4226/4226 4227/4227/4227 4229/4229/4229 
f 4230/4230/4230 4225/4225/4225 4226/4226/4226 
f 4230/4230/4230 4226/4226/4226 4229/4229/4229 
f 4228/4228/4228 4230/4230/4230 4229/4229/4229 
f 4231/4231/4231 4232/4232/4232 4233/4233/4233 
f 4231/4231/4231 4233/4233/4233 4234/4234/4234 
f 4235/4235/4235 4233/4233/4233 4232/4232/4232 
f 4235/4235/4235 4232/4232/4232 4236/4236/4236 
f 4233/4233/4233 4235/4235/4235 4237/4237/4237 
f 4233/4233/4233 4237/4237/4237 4238/4238/4238 
f 4234/4234/4234 4233/4233/4233 4238/4238/4238 
f 4234/4234/4234 4238/4238/4238 4239/4239/4239 
f 4238/4238/4238 4237/4237/4237 4240/4240/4240 
f 4238/4238/4238 4240/4240/4240 4241/4241/4241 
f 4239/4239/4239 4238/4238/4238 4241/4241/4241 
f 4235/4235/4235 4242/4242/4242 4237/4237/4237 
f 4237/4237/4237 4242/4242/4242 4243/4243/4243 
f 4237/4237/4237 4243/4243/4243 4240/4240/4240 
f 4244/4244/4244 4245/4245/4245 4246/4246/4246 
f 4244/4244/4244 4246/4246/4246 4247/4247/4247 
f 4248/4248/4248 4244/4244/4244 4247/4247/4247 
f 4246/4246/4246 4245/4245/4245 4249/4249/4249 
f 4250/4250/4250 4247/4247/4247 4246/4246/4246 
f 4250/4250/4250 4246/4246/4246 4251/4251/4251 
f 4246/4246/4246 4249/4249/4249 4252/4252/4252 
f 4246/4246/4246 4252/4252/4252 4253/4253/4253 
f 4246/4246/4246 4253/4253/4253 4251/4251/4251 
f 4248/4248/4248 4247/4247/4247 4250/4250/4250 
f 4248/4248/4248 4250/4250/4250 4254/4254/4254 
f 4255/4255/4255 4250/4250/4250 4251/4251/4251 
f 4255/4255/4255 4254/4254/4254 4250/4250/4250 
f 4255/4255/4255 4251/4251/4251 4256/4256/4256 
f 4251/4251/4251 4253/4253/4253 4257/4257/4257 
f 4251/4251/4251 4257/4257/4257 4256/4256/4256 
f 4258/4258/4258 4235/4235/4235 4236/4236/4236 
f 4235/4235/4235 4258/4258/4258 4242/4242/4242 
f 4258/4258/4258 4236/4236/4236 4259/4259/4259 
f 4260/4260/4260 4261/4261/4261 4243/4243/4243 
f 4260/4260/4260 4262/4262/4262 4261/4261/4261 
f 4263/4263/4263 4262/4262/4262 4260/4260/4260 
f 4263/4263/4263 4260/4260/4260 4264/4264/4264 
f 4262/4262/4262 4265/4265/4265 4261/4261/4261 
f 4266/4266/4266 4267/4267/4267 4262/4262/4262 
f 4266/4266/4266 4262/4262/4262 4263/4263/4263 
f 4262/4262/4262 4267/4267/4267 4265/4265/4265 
f 4268/4268/4268 4266/4266/4266 4263/4263/4263 
f 4268/4268/4268 4263/4263/4263 4269/4269/4269 
f 4269/4269/4269 4263/4263/4263 4264/4264/4264 
f 4269/4269/4269 4264/4264/4264 4270/4270/4270 
f 4271/4271/4271 4272/4272/4272 4270/4270/4270 
f 4271/4271/4271 4270/4270/4270 4273/4273/4273 
f 4274/4274/4274 4275/4275/4275 4271/4271/4271 
f 4274/4274/4274 4271/4271/4271 4276/4276/4276 
f 4275/4275/4275 4272/4272/4272 4271/4271/4271 
f 4276/4276/4276 4271/4271/4271 4273/4273/4273 
f 4275/4275/4275 4277/4277/4277 4272/4272/4272 
f 4278/4278/4278 4279/4279/4279 4275/4275/4275 
f 4278/4278/4278 4275/4275/4275 4274/4274/4274 
f 4279/4279/4279 4277/4277/4277 4275/4275/4275 
f 4280/4280/4280 4274/4274/4274 4276/4276/4276 
f 4281/4281/4281 4278/4278/4278 4274/4274/4274 
f 4281/4281/4281 4274/4274/4274 4280/4280/4280 
f 4280/4280/4280 4276/4276/4276 4282/4282/4282 
f 4276/4276/4276 4273/4273/4273 4283/4283/4283 
f 4282/4282/4282 4276/4276/4276 4283/4283/4283 
f 4282/4282/4282 4283/4283/4283 4284/4284/4284 
f 4281/4281/4281 4285/4285/4285 4286/4286/4286 
f 4281/4281/4281 4286/4286/4286 4287/4287/4287 
f 4287/4287/4287 4286/4286/4286 4288/4288/4288 
f 4287/4287/4287 4288/4288/4288 4289/4289/4289 
f 4290/4290/4290 4289/4289/4289 4288/4288/4288 
f 4290/4290/4290 4288/4288/4288 4291/4291/4291 
f 4279/4279/4279 4292/4292/4292 4277/4277/4277 
f 4292/4292/4292 4293/4293/4293 4266/4266/4266 
f 4292/4292/4292 4266/4266/4266 4268/4268/4268 
f 4293/4293/4293 4294/4294/4294 4267/4267/4267 
f 4293/4293/4293 4267/4267/4267 4266/4266/4266 
f 4294/4294/4294 4295/4295/4295 4265/4265/4265 
f 4294/4294/4294 4265/4265/4265 4267/4267/4267 
f 4239/4239/4239 4241/4241/4241 4295/4295/4295 

g Player12

v 1.57587 102.603 0.203394 
v 1.37047 102.611 0.0369517 
v 1.49569 102.571 0.296143 
v 1.62551 102.608 0.0290302 
v 1.42609 102.549 0.329233 
v 1.32043 102.517 0.300526 
v 1.24117 102.493 0.241306 
v 1.16457 102.469 0.0290311 
v 1.16504 102.486 -0.0950977 
v 1.34407 102.522 -0.213423 
v 1.42609 102.549 -0.271171 
v 1.51856 102.578 -0.26013 
v 1.57222 102.602 -0.145333 
v 1.1931 102.41 0.252815 
v 1.24117 102.493 0.241306 
v 1.16457 102.469 0.0290311 
v 1.16922 102.335 0.230958 
v 1.10315 102.381 0.00435361 
v 1.16504 102.486 -0.0950977 
v 1.1109 102.395 -0.118322 
v 1.1109 102.395 -0.118322 
v 1.16504 102.486 -0.0950977 
v 1.34407 102.522 -0.213423 
v 1.29712 102.338 -0.328372 
v 1.1166 102.188 -0.258501 
v 1.17143 102.139 -0.316772 
v 1.64025 101.681 -0.277623 
v 1.61944 101.672 -0.0635269 
v 1.57932 101.672 -0.0622176 
v 1.58735 101.686 -0.287547 
v 1.6016 101.677 0.228605 
v 1.5564 101.686 0.217065 
v 1.5503 101.709 -0.060311 
v 1.53934 101.723 -0.25171 
v 1.5227 101.726 0.200141 
v 1.6209 102.276 0.37898 
v 1.80534 102.258 0.290206 
v 1.57587 102.603 0.203394 
v 1.49569 102.571 0.296143 
v 1.67442 102.05 0.353694 
v 1.39455 102.329 0.378969 
v 1.38162 102.216 0.380018 
v 1.85076 101.972 0.278665 
v 1.55217 102.036 0.262983 
v 1.64478 101.796 0.286392 
v 1.41256 102.116 0.256864 
v 1.32585 102.172 0.225393 
v 1.24959 102.277 0.324532 
v 1.42609 102.549 0.329233 
v 1.32043 102.517 0.300526 
v 1.27212 102.367 0.331646 
v 1.55066 101.828 0.226203 
v 1.5564 101.686 0.217065 
v 1.6016 101.677 0.228605 
v 1.78028 101.772 0.253285 
v 1.5227 101.726 0.200141 
v 1.38551 102.269 -0.357761 
v 1.42609 102.549 -0.271171 
v 1.51856 102.578 -0.26013 
v 1.66854 102.241 -0.367532 
v 1.40518 102.133 -0.354063 
v 1.26496 102.111 -0.345672 
v 1.29712 102.338 -0.328372 
v 1.34407 102.522 -0.213423 
v 1.17143 102.139 -0.316772 
v 1.70929 102.068 -0.361763 
v 1.57406 102.045 -0.302923 
v 1.42685 102.097 -0.270941 
v 1.81534 102.259 -0.276501 
v 1.57222 102.602 -0.145333 
v 1.86593 102.019 -0.288712 
v 1.66448 101.815 -0.330202 
v 1.56917 101.843 -0.280372 
v 1.79931 101.808 -0.275124 
v 1.64025 101.681 -0.277623 
v 1.58735 101.686 -0.287547 
v 1.53934 101.723 -0.25171 
v 1.82671 102.246 0.00722109 
v 1.81534 102.259 -0.276501 
v 1.57222 102.602 -0.145333 
v 1.62551 102.608 0.0290302 
v 1.80534 102.258 0.290206 
v 1.86477 101.983 -0.00254351 
v 1.86593 102.019 -0.288712 
v 1.85076 101.972 0.278665 
v 1.57587 102.603 0.203394 
v 1.79888 101.787 -0.0334922 
v 1.79931 101.808 -0.275124 
v 1.78028 101.772 0.253285 
v 1.6016 101.677 0.228605 
v 1.61944 101.672 -0.0635269 
v 1.64025 101.681 -0.277623 
v 1.27212 102.367 0.331646 
v 1.32043 102.517 0.300526 
v 1.24117 102.493 0.241306 
v 1.1931 102.41 0.252815 
v 1.16922 102.335 0.230958 
v 1.24959 102.277 0.324532 
v 1.22869 102.239 0.106211 
v 1.10315 102.381 0.00435361 
v 1.32585 102.172 0.225393 
v 1.19881 102.237 -0.0215114 
v 1.1109 102.395 -0.118322 
v 1.17061 102.196 -0.121748 
v 1.1166 102.188 -0.258501 
v 1.16049 102.16 -0.161838 
v 1.1166 102.188 -0.258501 
v 1.20685 102.116 -0.1962 
v 1.17143 102.139 -0.316772 
v 1.29741 102.097 -0.234827 
v 1.26496 102.111 -0.345672 
v 1.40518 102.133 -0.354063 
v 1.42685 102.097 -0.270941 
v 1.17061 102.196 -0.121748 
v 1.30681 102.156 -0.164382 
v 1.31035 102.153 -0.0595719 
v 1.19881 102.237 -0.0215114 
v 1.16049 102.16 -0.161838 
v 1.20685 102.116 -0.1962 
v 1.42685 102.097 -0.270941 
v 1.4277 102.11 -0.0552715 
v 1.29741 102.097 -0.234827 
v 1.32585 102.172 0.225393 
v 1.22869 102.239 0.106211 
v 1.57894 102.047 -0.046983 
v 1.55217 102.036 0.262983 
v 1.41256 102.116 0.256864 
v 1.57406 102.045 -0.302923 
v 1.5849 101.831 -0.0525999 
v 1.55066 101.828 0.226203 
v 1.56917 101.843 -0.280372 
v 1.5503 101.709 -0.060311 
v 1.5227 101.726 0.200141 
v 1.53934 101.723 -0.25171 

vn 0.692913 0.708661 0.133858 
vn -0.299213 0.952756 -0.00787402 
vn -0.15748 0.96063 0.228346 
vn 0.76378 0.645669 0.00787402 
vn -0.275591 0.929134 0.244094 
vn -0.385827 0.889764 0.244094 
vn -0.598425 0.779528 0.188976 
vn -0.748031 0.645669 0.15748 
vn -0.598425 0.685039 -0.409449 
vn -0.496063 0.724409 -0.480315 
vn -0.330709 0.913386 -0.244094 
vn -0.19685 0.96063 -0.204724 
vn 0.669291 0.732283 -0.11811 
vn -0.866142 0.425197 0.267717 
vn -0.598425 0.779528 0.188976 
vn -0.748031 0.645669 0.15748 
vn -0.88189 0.385827 0.275591 
vn -0.874016 0.448819 0.173228 
vn -0.598425 0.685039 -0.409449 
vn -0.645669 0.511811 -0.574803 
vn -0.645669 0.511811 -0.574803 
vn -0.598425 0.685039 -0.409449 
vn -0.496063 0.724409 -0.480315 
vn -0.574803 0.456693 -0.677165 
vn -0.598425 0.393701 -0.692913 
vn -0.598425 0.393701 -0.692913 
vn 0.19685 -0.692913 -0.692913 
vn -0.0708661 -1 -0.015748 
vn -0.448819 -0.897638 -0.023622 
vn -0.307087 -0.637795 -0.708661 
vn -0.015748 -0.732283 0.677165 
vn -0.464567 -0.748031 0.472441 
vn -0.748031 -0.669291 -0.0393701 
vn -0.724409 -0.440945 -0.527559 
vn -0.787402 -0.433071 0.440945 
vn 0.307087 0.204724 0.929134 
vn 0.456693 0.212598 0.866142 
vn 0.480315 0.464567 0.740157 
vn 0.362205 0.401575 0.84252 
vn 0.102362 -0.173228 0.976378 
vn -0.0472441 0.125984 0.992126 
vn -0.251969 -0.362205 0.897638 
vn 0.322835 -0.133858 0.937008 
vn -0.496063 -0.511811 0.700787 
vn -0.11811 -0.251969 0.96063 
vn -0.440945 -0.732283 0.519685 
vn -0.629921 -0.716535 0.307087 
vn -0.677165 -0.472441 0.559055 
vn 0.023622 0.275591 0.96063 
vn -0.377953 0.299213 0.88189 
vn -0.456693 0.19685 0.866142 
vn -0.566929 -0.125984 0.811024 
vn -0.464567 -0.748031 0.472441 
vn -0.015748 -0.732283 0.677165 
vn 0.220472 -0.267717 0.937008 
vn -0.787402 -0.433071 0.440945 
vn -0.0866142 0.188976 -0.976378 
vn -0.0708661 0.330709 -0.944882 
vn 0.299213 0.448819 -0.84252 
vn 0.275591 0.275591 -0.92126 
vn -0.0708661 -0.362205 -0.929134 
vn -0.23622 -0.488189 -0.84252 
vn -0.299213 0.299213 -0.905512 
vn -0.330709 0.425197 -0.84252 
vn -0.472441 -0.559055 -0.685039 
vn 0.173228 -0.0629921 -0.984252 
vn -0.377953 -0.464567 -0.80315 
vn -0.141732 -0.889764 -0.433071 
vn 0.535433 0.377953 -0.755906 
vn 0.543307 0.543307 -0.645669 
vn 0.417323 -0.0629921 -0.905512 
vn 0.015748 -0.181102 -0.984252 
vn -0.456693 -0.0472441 -0.889764 
vn 0.354331 -0.212598 -0.913386 
vn 0.19685 -0.692913 -0.692913 
vn -0.307087 -0.637795 -0.708661 
vn -0.724409 -0.440945 -0.527559 
vn 0.929134 0.370079 0.015748 
vn 0.92126 0.377953 -0.0629921 
vn 0.669291 0.732283 -0.11811 
vn 0.76378 0.645669 0.00787402 
vn 0.929134 0.362205 0.0944882 
vn 1 -0.0551181 0.023622 
vn 1 -0.015748 -0.015748 
vn 1 -0.0551181 0.0551181 
vn 0.692913 0.708661 0.133858 
vn 0.795276 -0.606299 0 
vn 0.834646 -0.551181 -0.0314961 
vn 0.779528 -0.629921 0.0314961 
vn 0.503937 -0.866142 0.015748 
vn 0.543307 -0.84252 0 
vn 0.582677 -0.811024 -0.023622 
vn -0.456693 0.19685 0.866142 
vn -0.377953 0.299213 0.88189 
vn -0.582677 0.377953 0.716535 
vn -0.645669 0.244094 0.724409 
vn -0.787402 -0.543307 0.291339 
vn -0.677165 -0.472441 0.559055 
vn -0.76378 -0.629921 0.15748 
vn -0.84252 -0.519685 0.133858 
vn -0.629921 -0.716535 0.307087 
vn -0.84252 -0.519685 0.133858 
vn -0.905512 -0.377953 0.19685 
vn -0.905512 -0.322835 0.275591 
vn -0.834646 -0.496063 0.251969 
vn -0.858268 -0.417323 0.291339 
vn -0.834646 -0.496063 0.251969 
vn -0.464567 -0.889764 -0.015748 
vn -0.472441 -0.559055 -0.685039 
vn -0.110236 -0.976378 -0.173228 
vn -0.23622 -0.488189 -0.84252 
vn -0.0708661 -0.362205 -0.929134 
vn -0.141732 -0.889764 -0.433071 
vn -0.283465 -0.874016 0.393701 
vn -0.251969 -0.929134 0.275591 
vn -0.456693 -0.88189 0.0866142 
vn -0.543307 -0.826772 0.141732 
vn -0.00787402 -0.685039 0.732283 
vn 0.0551181 -0.716535 0.692913 
vn -0.338583 -0.937008 0.0708661 
vn -0.409449 -0.913386 0.00787402 
vn 0.149606 -0.76378 0.622047 
vn -0.480315 -0.874016 0.0551181 
vn -0.614173 -0.787402 0.110236 
vn -0.88189 -0.472441 -0.0314961 
vn -0.866142 -0.496063 -0.0866142 
vn -0.440945 -0.897638 -0.00787402 
vn -0.88189 -0.464567 0.0472441 
vn -0.992126 0.0944882 -0.0393701 
vn -0.992126 0.0787402 -0.110236 
vn -0.992126 0.0708661 0.0551181 
vn -0.96063 0.275591 -0.023622 
vn -0.952756 0.283465 -0.11811 
vn -0.96063 0.259843 0.0787402 

vt 0.840384 0.52058 
vt 0.835799 0.51723 
vt 0.838594 0.522447 
vt 0.841492 0.51707 
vt 0.83704 0.523113 
vt 0.834682 0.522535 
vt 0.832913 0.521343 
vt 0.831203 0.51707 
vt 0.831213 0.514572 
vt 0.83521 0.51219 
vt 0.83704 0.511027 
vt 0.839105 0.51125 
vt 0.840302 0.51356 
vt 0.862285 0.538052 
vt 0.864252 0.539331 
vt 0.865419 0.532454 
vt 0.860406 0.536794 
vt 0.863275 0.531226 
vt 0.8669 0.528775 
vt 0.864353 0.528175 
vt 0.867022 0.57839 
vt 0.86902 0.576932 
vt 0.86622 0.570549 
vt 0.860768 0.573011 
vt 0.859434 0.579483 
vt 0.85685 0.578327 
vt 0.831325 0.53828 
vt 0.831357 0.532319 
vt 0.832602 0.532202 
vt 0.833021 0.538426 
vt 0.831325 0.524246 
vt 0.83278 0.524477 
vt 0.834071 0.532077 
vt 0.834862 0.537348 
vt 0.834467 0.524843 
vt 0.856667 0.514695 
vt 0.853742 0.519464 
vt 0.866331 0.519461 
vt 0.866312 0.515483 
vt 0.850231 0.512908 
vt 0.860888 0.509859 
vt 0.85797 0.508464 
vt 0.845595 0.516881 
vt 0.850566 0.508676 
vt 0.843244 0.509963 
vt 0.853907 0.506502 
vt 0.85628 0.504392 
vt 0.861112 0.505553 
vt 0.866689 0.513019 
vt 0.867131 0.509461 
vt 0.863412 0.507016 
vt 0.844776 0.507098 
vt 0.840383 0.506513 
vt 0.839827 0.507723 
vt 0.840937 0.513203 
vt 0.841811 0.505661 
vt 0.857684 0.57154 
vt 0.865153 0.567423 
vt 0.86482 0.564379 
vt 0.853622 0.564951 
vt 0.853672 0.572525 
vt 0.854814 0.576241 
vt 0.860768 0.573011 
vt 0.86622 0.570549 
vt 0.85685 0.578327 
vt 0.848846 0.566118 
vt 0.84918 0.570164 
vt 0.850991 0.573365 
vt 0.852379 0.560441 
vt 0.865345 0.560379 
vt 0.845582 0.562206 
vt 0.842231 0.569095 
vt 0.843689 0.571733 
vt 0.840481 0.565564 
vt 0.838262 0.570632 
vt 0.838915 0.571969 
vt 0.840332 0.573376 
vt 0.845464 0.551612 
vt 0.845269 0.54399 
vt 0.832579 0.546404 
vt 0.833094 0.552065 
vt 0.844798 0.559203 
vt 0.853123 0.551544 
vt 0.852343 0.543852 
vt 0.85325 0.559087 
vt 0.832397 0.557669 
vt 0.859034 0.550903 
vt 0.858699 0.544406 
vt 0.859374 0.558601 
vt 0.865583 0.55813 
vt 0.865497 0.550225 
vt 0.864921 0.544433 
vt 0.860182 0.54062 
vt 0.864244 0.542489 
vt 0.864252 0.539331 
vt 0.862285 0.538052 
vt 0.860406 0.536794 
vt 0.857681 0.539345 
vt 0.857284 0.533339 
vt 0.863275 0.531226 
vt 0.853793 0.536619 
vt 0.858161 0.529726 
vt 0.864353 0.528175 
vt 0.858112 0.526474 
vt 0.860043 0.522728 
vt 0.857743 0.524924 
vt 0.859063 0.522154 
vt 0.855843 0.524044 
vt 0.856452 0.52077 
vt 0.853065 0.523534 
vt 0.853368 0.520473 
vt 0.849031 0.520939 
vt 0.849039 0.523462 
vt 0.858112 0.526474 
vt 0.853445 0.525996 
vt 0.853645 0.528778 
vt 0.858161 0.529726 
vt 0.857743 0.524924 
vt 0.855843 0.524044 
vt 0.849039 0.523462 
vt 0.84983 0.529231 
vt 0.853065 0.523534 
vt 0.853793 0.536619 
vt 0.857284 0.533339 
vt 0.845724 0.529713 
vt 0.846675 0.537932 
vt 0.850721 0.537602 
vt 0.844973 0.52295 
vt 0.839728 0.530167 
vt 0.840619 0.537635 
vt 0.839279 0.524063 
vt 0.835924 0.530369 
vt 0.837316 0.537345 
vt 0.835608 0.525179 

usemtl Player1Mtl

f 4296/4296/4296 4297/4297/4297 4298/4298/4298 
f 4299/4299/4299 4297/4297/4297 4296/4296/4296 
f 4298/4298/4298 4297/4297/4297 4300/4300/4300 
f 4300/4300/4300 4297/4297/4297 4301/4301/4301 
f 4301/4301/4301 4297/4297/4297 4302/4302/4302 
f 4302/4302/4302 4297/4297/4297 4303/4303/4303 
f 4303/4303/4303 4297/4297/4297 4304/4304/4304 
f 4304/4304/4304 4297/4297/4297 4305/4305/4305 
f 4305/4305/4305 4297/4297/4297 4306/4306/4306 
f 4306/4306/4306 4297/4297/4297 4307/4307/4307 
f 4308/4308/4308 4297/4297/4297 4299/4299/4299 
f 4307/4307/4307 4297/4297/4297 4308/4308/4308 
f 4309/4309/4309 4310/4310/4310 4311/4311/4311 
f 4312/4312/4312 4309/4309/4309 4311/4311/4311 
f 4313/4313/4313 4311/4311/4311 4314/4314/4314 
f 4312/4312/4312 4311/4311/4311 4313/4313/4313 
f 4313/4313/4313 4314/4314/4314 4315/4315/4315 
f 4316/4316/4316 4317/4317/4317 4318/4318/4318 
f 4316/4316/4316 4318/4318/4318 4319/4319/4319 
f 4319/4319/4319 4320/4320/4320 4316/4316/4316 
f 4319/4319/4319 4321/4321/4321 4320/4320/4320 
f 4322/4322/4322 4323/4323/4323 4324/4324/4324 
f 4322/4322/4322 4324/4324/4324 4325/4325/4325 
f 4323/4323/4323 4326/4326/4326 4327/4327/4327 
f 4323/4323/4323 4327/4327/4327 4324/4324/4324 
f 4324/4324/4324 4328/4328/4328 4329/4329/4329 
f 4324/4324/4324 4329/4329/4329 4325/4325/4325 
f 4324/4324/4324 4327/4327/4327 4330/4330/4330 
f 4324/4324/4324 4330/4330/4330 4328/4328/4328 
f 4331/4331/4331 4332/4332/4332 4333/4333/4333 
f 4331/4331/4331 4333/4333/4333 4334/4334/4334 
f 4332/4332/4332 4331/4331/4331 4335/4335/4335 
f 4336/4336/4336 4331/4331/4331 4334/4334/4334 
f 4337/4337/4337 4335/4335/4335 4331/4331/4331 
f 4337/4337/4337 4331/4331/4331 4336/4336/4336 
f 4332/4332/4332 4335/4335/4335 4338/4338/4338 
f 4339/4339/4339 4335/4335/4335 4337/4337/4337 
f 4340/4340/4340 4335/4335/4335 4339/4339/4339 
f 4338/4338/4338 4335/4335/4335 4340/4340/4340 
f 4339/4339/4339 4337/4337/4337 4341/4341/4341 
f 4342/4342/4342 4341/4341/4341 4337/4337/4337 
f 4342/4342/4342 4337/4337/4337 4343/4343/4343 
f 4343/4343/4343 4337/4337/4337 4336/4336/4336 
f 4336/4336/4336 4344/4344/4344 4345/4345/4345 
f 4336/4336/4336 4345/4345/4345 4346/4346/4346 
f 4336/4336/4336 4334/4334/4334 4344/4344/4344 
f 4343/4343/4343 4336/4336/4336 4346/4346/4346 
f 4340/4340/4340 4339/4339/4339 4347/4347/4347 
f 4340/4340/4340 4348/4348/4348 4349/4349/4349 
f 4340/4340/4340 4349/4349/4349 4350/4350/4350 
f 4338/4338/4338 4340/4340/4340 4350/4350/4350 
f 4348/4348/4348 4340/4340/4340 4347/4347/4347 
f 4348/4348/4348 4347/4347/4347 4351/4351/4351 
f 4352/4352/4352 4353/4353/4353 4354/4354/4354 
f 4352/4352/4352 4354/4354/4354 4355/4355/4355 
f 4355/4355/4355 4356/4356/4356 4352/4352/4352 
f 4357/4357/4357 4352/4352/4352 4356/4356/4356 
f 4358/4358/4358 4352/4352/4352 4357/4357/4357 
f 4358/4358/4358 4353/4353/4353 4352/4352/4352 
f 4358/4358/4358 4359/4359/4359 4353/4353/4353 
f 4358/4358/4358 4357/4357/4357 4360/4360/4360 
f 4355/4355/4355 4361/4361/4361 4356/4356/4356 
f 4356/4356/4356 4361/4361/4361 4362/4362/4362 
f 4356/4356/4356 4362/4362/4362 4363/4363/4363 
f 4361/4361/4361 4355/4355/4355 4364/4364/4364 
f 4355/4355/4355 4354/4354/4354 4365/4365/4365 
f 4355/4355/4355 4365/4365/4365 4364/4364/4364 
f 4366/4366/4366 4367/4367/4367 4361/4361/4361 
f 4367/4367/4367 4362/4362/4362 4361/4361/4361 
f 4361/4361/4361 4364/4364/4364 4366/4366/4366 
f 4367/4367/4367 4368/4368/4368 4362/4362/4362 
f 4366/4366/4366 4369/4369/4369 4367/4367/4367 
f 4370/4370/4370 4371/4371/4371 4367/4367/4367 
f 4370/4370/4370 4367/4367/4367 4369/4369/4369 
f 4371/4371/4371 4368/4368/4368 4367/4367/4367 
f 4371/4371/4371 4372/4372/4372 4368/4368/4368 
f 4373/4373/4373 4374/4374/4374 4375/4375/4375 
f 4373/4373/4373 4375/4375/4375 4376/4376/4376 
f 4377/4377/4377 4373/4373/4373 4376/4376/4376 
f 4373/4373/4373 4378/4378/4378 4379/4379/4379 
f 4373/4373/4373 4379/4379/4379 4374/4374/4374 
f 4373/4373/4373 4377/4377/4377 4380/4380/4380 
f 4373/4373/4373 4380/4380/4380 4378/4378/4378 
f 4377/4377/4377 4376/4376/4376 4381/4381/4381 
f 4378/4378/4378 4382/4382/4382 4383/4383/4383 
f 4378/4378/4378 4383/4383/4383 4379/4379/4379 
f 4378/4378/4378 4380/4380/4380 4384/4384/4384 
f 4378/4378/4378 4384/4384/4384 4382/4382/4382 
f 4382/4382/4382 4384/4384/4384 4385/4385/4385 
f 4382/4382/4382 4385/4385/4385 4386/4386/4386 
f 4387/4387/4387 4383/4383/4383 4382/4382/4382 
f 4387/4387/4387 4382/4382/4382 4386/4386/4386 
f 4388/4388/4388 4389/4389/4389 4390/4390/4390 
f 4388/4388/4388 4390/4390/4390 4391/4391/4391 
f 4392/4392/4392 4393/4393/4393 4388/4388/4388 
f 4392/4392/4392 4388/4388/4388 4391/4391/4391 
f 4394/4394/4394 4393/4393/4393 4392/4392/4392 
f 4395/4395/4395 4394/4394/4394 4392/4392/4392 
f 4394/4394/4394 4396/4396/4396 4393/4393/4393 
f 4395/4395/4395 4397/4397/4397 4394/4394/4394 
f 4397/4397/4397 4395/4395/4395 4398/4398/4398 
f 4397/4397/4397 4398/4398/4398 4399/4399/4399 
f 4399/4399/4399 4398/4398/4398 4400/4400/4400 
f 4399/4399/4399 4400/4400/4400 4401/4401/4401 
f 4402/4402/4402 4403/4403/4403 4401/4401/4401 
f 4402/4402/4402 4404/4404/4404 4403/4403/4403 
f 4404/4404/4404 4405/4405/4405 4403/4403/4403 
f 4404/4404/4404 4406/4406/4406 4405/4405/4405 
f 4405/4405/4405 4406/4406/4406 4407/4407/4407 
f 4405/4405/4405 4407/4407/4407 4408/4408/4408 
f 4409/4409/4409 4410/4410/4410 4411/4411/4411 
f 4409/4409/4409 4411/4411/4411 4412/4412/4412 
f 4409/4409/4409 4413/4413/4413 4414/4414/4414 
f 4409/4409/4409 4414/4414/4414 4410/4410/4410 
f 4410/4410/4410 4415/4415/4415 4416/4416/4416 
f 4410/4410/4410 4416/4416/4416 4411/4411/4411 
f 4410/4410/4410 4414/4414/4414 4417/4417/4417 
f 4410/4410/4410 4417/4417/4417 4415/4415/4415 
f 4411/4411/4411 4418/4418/4418 4419/4419/4419 
f 4411/4411/4411 4419/4419/4419 4412/4412/4412 
f 4416/4416/4416 4418/4418/4418 4411/4411/4411 
f 4416/4416/4416 4420/4420/4420 4421/4421/4421 
f 4416/4416/4416 4421/4421/4421 4422/4422/4422 
f 4420/4420/4420 4416/4416/4416 4415/4415/4415 
f 4416/4416/4416 4422/4422/4422 4418/4418/4418 
f 4420/4420/4420 4415/4415/4415 4423/4423/4423 
f 4420/4420/4420 4424/4424/4424 4425/4425/4425 
f 4420/4420/4420 4425/4425/4425 4421/4421/4421 
f 4420/4420/4420 4423/4423/4423 4426/4426/4426 
f 4420/4420/4420 4426/4426/4426 4424/4424/4424 
f 4424/4424/4424 4427/4427/4427 4428/4428/4428 
f 4424/4424/4424 4428/4428/4428 4425/4425/4425 
f 4424/4424/4424 4426/4426/4426 4429/4429/4429 
f 4424/4424/4424 4429/4429/4429 4427/4427/4427 

g Player13

v 1.30954 102.217 -0.209548 
v 1.07512 102.185 -0.209548 
v 1.18363 102.2 -0.353961 
v 1.34453 102.222 -0.430859 
v 1.30954 102.217 0.212086 
v 1.6308 102.262 -0.209548 
v 1.56505 102.253 -0.430859 
v 1.07512 102.185 0.212086 
v 1.18363 102.2 0.354359 
v 1.34453 102.222 0.431257 
v 1.6308 102.262 0.212086 
v 1.56505 102.253 0.431257 
v 1.84566 102.292 -0.209548 
v 1.71252 102.273 -0.353961 
v 1.84566 102.292 0.212086 
v 1.71252 102.273 0.354359 
v 1.34453 102.222 0.431257 
v 1.56505 102.253 0.431257 
v 1.4147 102.816 0.405588 
v 1.28133 102.8 0.408445 
v 1.1359 102.778 0.352612 
v 1.18363 102.2 0.354359 
v 1.71252 102.273 0.354359 
v 1.54439 102.836 0.348138 
v 1.40303 102.952 0.42524 
v 1.50711 102.952 0.33999 
v 1.10997 102.952 0.344072 
v 1.22589 102.952 0.43073 
v 1.05466 102.767 -0.073751 
v 1.03187 102.952 0.201999 
v 1.03187 102.952 -0.100032 
v 1.07512 102.185 0.212086 
v 1.05466 102.767 0.202554 
v 1.07512 102.185 -0.209548 
v 1.1359 102.778 0.352612 
v 1.10997 102.952 0.344072 
v 1.18363 102.2 0.354359 
v 1.22589 102.952 0.43073 
v 1.22464 103.046 0.294958 
v 1.13284 103.037 0.264165 
v 1.10997 102.952 0.344072 
v 1.40303 102.952 0.42524 
v 1.37855 103.046 0.293924 
v 1.2405 103.094 0.063642 
v 1.35863 103.094 0.063641 
v 1.05986 103.026 0.148326 
v 1.1696 103.086 0.0646268 
v 1.03187 102.952 0.201999 
v 1.05645 103.026 -0.0408103 
v 1.05645 103.026 -0.0408103 
v 1.12966 103.075 0.065616 
v 1.03187 102.952 -0.100032 
v 1.22618 103.046 -0.146961 
v 1.13035 103.037 -0.126747 
v 1.37963 103.046 -0.146077 
v 1.23423 102.952 -0.27186 
v 1.10997 102.952 -0.217837 
v 1.39848 102.952 -0.268054 
v 1.47955 103.037 -0.124715 
v 1.50711 102.952 -0.209107 
v 1.56968 103.026 -0.0385606 
v 1.43635 103.086 0.0646294 
v 1.62217 102.953 -0.0903718 
v 1.56327 103.026 0.148483 
v 1.56327 103.026 0.148483 
v 1.4794 103.075 0.0656217 
v 1.62217 102.953 0.202808 
v 1.47593 103.037 0.263399 
v 1.50711 102.952 0.33999 
v 1.18363 102.2 -0.353961 
v 1.1359 102.778 -0.199276 
v 1.2628 102.796 -0.255109 
v 1.34453 102.222 -0.430859 
v 1.10997 102.952 -0.217837 
v 1.39848 102.952 -0.268054 
v 1.43322 102.82 -0.252252 
v 1.23423 102.952 -0.27186 
v 1.56505 102.253 -0.430859 
v 1.50711 102.952 -0.209107 
v 1.54439 102.836 -0.194802 
v 1.71252 102.273 -0.353961 
v 1.62217 102.953 -0.0903718 
v 1.84566 102.292 -0.209548 
v 1.65586 102.851 -0.0735691 
v 1.62217 102.953 0.202808 
v 1.65586 102.851 0.202359 
v 1.84566 102.292 0.212086 
v 1.54439 102.836 0.348138 
v 1.71252 102.273 0.354359 
v 1.50711 102.952 0.33999 

vn 0.133858 -0.992126 0 
vn 0.133858 -0.992126 0 
vn 0.133858 -0.992126 0 
vn 0.133858 -0.992126 0 
vn 0.133858 -0.992126 0 
vn 0.133858 -0.992126 0 
vn 0.133858 -0.992126 0 
vn 0.133858 -0.992126 0 
vn 0.133858 -0.992126 0 
vn 0.133858 -0.992126 0 
vn 0.133858 -0.992126 0 
vn 0.133858 -0.992126 0 
vn 0.133858 -0.992126 0 
vn 0.133858 -0.992126 0 
vn 0.133858 -0.992126 0 
vn 0.133858 -0.992126 0 
vn -0.19685 0.015748 0.976378 
vn 0.212598 0.0944882 0.968504 
vn 0.181102 0.0629921 0.984252 
vn -0.181102 -0.00787402 0.984252 
vn -0.661417 -0.0393701 0.748031 
vn -0.653543 -0.0314961 0.755906 
vn 0.614173 0.204724 0.76378 
vn 0.598425 0.204724 0.771654 
vn 0.19685 -0.11811 0.976378 
vn 0.677165 0.19685 0.708661 
vn -0.787402 -0.125984 0.598425 
vn -0.23622 -0.228346 0.944882 
vn -0.984252 -0.0314961 -0.165354 
vn -0.976378 -0.11811 0.173228 
vn -0.968504 -0.149606 -0.204724 
vn -0.984252 -0.0393701 0.188976 
vn -0.984252 -0.0551181 0.188976 
vn -0.976378 0.015748 -0.220472 
vn -0.661417 -0.0393701 0.748031 
vn -0.787402 -0.125984 0.598425 
vn -0.653543 -0.0314961 0.755906 
vn -0.0944882 0.811024 0.582677 
vn -0.0944882 0.913386 0.401575 
vn -0.425197 0.818898 0.377953 
vn -0.496063 0.692913 0.527559 
vn 0.125984 0.811024 0.574803 
vn 0.0944882 0.913386 0.393701 
vn -0.0472441 1 0 
vn 0.0472441 1 0 
vn -0.779528 0.606299 0.141732 
vn -0.204724 0.976378 0 
vn -0.834646 0.488189 0.251969 
vn -0.314961 0.929134 -0.181102 
vn -0.944882 0.330709 0.00787402 
vn -0.385827 0.92126 0.00787402 
vn -0.811024 0.519685 -0.275591 
vn -0.0708661 0.905512 -0.417323 
vn -0.346457 0.84252 -0.417323 
vn 0.0787402 0.905512 -0.417323 
vn -0.0708661 0.787402 -0.606299 
vn -0.385827 0.724409 -0.574803 
vn 0.102362 0.787402 -0.606299 
vn 0.314961 0.858268 -0.409449 
vn 0.377953 0.740157 -0.559055 
vn 0.629921 0.755906 -0.173228 
vn 0.188976 0.984252 0 
vn 0.685039 0.677165 -0.259843 
vn 0.314961 0.929134 0.181102 
vn 0.795276 0.606299 0.00787402 
vn 0.338583 0.944882 0.00787402 
vn 0.700787 0.669291 0.251969 
vn 0.362205 0.850394 0.377953 
vn 0.456693 0.732283 0.503937 
vn -0.629921 0.15748 -0.755906 
vn -0.669291 0.0866142 -0.740157 
vn -0.220472 0.188976 -0.96063 
vn -0.204724 0.259843 -0.944882 
vn -0.653543 -0.181102 -0.740157 
vn 0.165354 -0.0629921 -0.984252 
vn 0.165354 0.267717 -0.944882 
vn -0.19685 -0.141732 -0.968504 
vn 0.15748 0.330709 -0.929134 
vn 0.582677 0.0787402 -0.811024 
vn 0.559055 0.338583 -0.755906 
vn 0.543307 0.377953 -0.755906 
vn 0.905512 0.251969 -0.330709 
vn 0.889764 0.370079 -0.267717 
vn 0.913386 0.346457 -0.220472 
vn 0.905512 0.307087 0.283465 
vn 0.92126 0.307087 0.244094 
vn 0.92126 0.307087 0.228346 
vn 0.598425 0.204724 0.771654 
vn 0.614173 0.204724 0.76378 
vn 0.677165 0.19685 0.708661 

vt 0.777477 0.664598 
vt 0.787759 0.664581 
vt 0.787759 0.678509 
vt 0.775953 0.678509 
vt 0.777455 0.638135 
vt 0.763384 0.664623 
vt 0.76628 0.678509 
vt 0.787759 0.638117 
vt 0.787759 0.624381 
vt 0.775908 0.624381 
vt 0.763363 0.638159 
vt 0.766236 0.624381 
vt 0.753939 0.664639 
vt 0.753939 0.678509 
vt 0.753939 0.638175 
vt 0.753939 0.624381 
vt 0.943849 0.687113 
vt 0.965302 0.687113 
vt 0.961951 0.753553 
vt 0.945999 0.753561 
vt 0.923941 0.753971 
vt 0.923941 0.687113 
vt 0.993181 0.687113 
vt 0.993181 0.75238 
vt 0.962659 0.770635 
vt 0.993181 0.770635 
vt 0.923941 0.770635 
vt 0.94411 0.770635 
vt 0.879743 0.753503 
vt 0.911232 0.770635 
vt 0.878488 0.770635 
vt 0.910177 0.687113 
vt 0.910184 0.754062 
vt 0.86859 0.687113 
vt 0.923923 0.753971 
vt 0.923923 0.770635 
vt 0.923923 0.687113 
vt 0.737479 0.678716 
vt 0.736967 0.669341 
vt 0.741562 0.668567 
vt 0.744128 0.678715 
vt 0.727318 0.678716 
vt 0.729261 0.669315 
vt 0.736803 0.650226 
vt 0.72976 0.650226 
vt 0.745216 0.665655 
vt 0.74103 0.650334 
vt 0.748608 0.678714 
vt 0.745387 0.635145 
vt 0.745387 0.635145 
vt 0.744527 0.650442 
vt 0.748608 0.624176 
vt 0.73689 0.631026 
vt 0.741687 0.63181 
vt 0.729207 0.63106 
vt 0.737001 0.624176 
vt 0.744128 0.624176 
vt 0.727579 0.624176 
vt 0.724205 0.631889 
vt 0.721348 0.624176 
vt 0.719692 0.635232 
vt 0.725125 0.650334 
vt 0.714749 0.624176 
vt 0.720013 0.665659 
vt 0.720013 0.665659 
vt 0.721443 0.650443 
vt 0.714749 0.678714 
vt 0.724386 0.668548 
vt 0.721348 0.678715 
vt 0.854138 0.687113 
vt 0.854138 0.754624 
vt 0.83117 0.753553 
vt 0.834127 0.687113 
vt 0.854138 0.770635 
vt 0.80613 0.770635 
vt 0.804982 0.752211 
vt 0.830554 0.770635 
vt 0.803493 0.687113 
vt 0.784228 0.770635 
vt 0.784228 0.7515 
vt 0.784228 0.687113 
vt 0.756362 0.770634 
vt 0.76567 0.687113 
vt 0.754935 0.749763 
vt 0.724184 0.770634 
vt 0.725338 0.751019 
vt 0.724296 0.687113 
vt 0.714295 0.75238 
vt 0.714295 0.687113 
vt 0.714295 0.770635 

usemtl Player1Mtl

f 4430/4430/4430 4431/4431/4431 4432/4432/4432 
f 4430/4430/4430 4432/4432/4432 4433/4433/4433 
f 4434/4434/4434 4431/4431/4431 4430/4430/4430 
f 4434/4434/4434 4430/4430/4430 4435/4435/4435 
f 4430/4430/4430 4433/4433/4433 4436/4436/4436 
f 4430/4430/4430 4436/4436/4436 4435/4435/4435 
f 4434/4434/4434 4437/4437/4437 4431/4431/4431 
f 4438/4438/4438 4437/4437/4437 4434/4434/4434 
f 4438/4438/4438 4434/4434/4434 4439/4439/4439 
f 4434/4434/4434 4440/4440/4440 4441/4441/4441 
f 4434/4434/4434 4441/4441/4441 4439/4439/4439 
f 4434/4434/4434 4435/4435/4435 4440/4440/4440 
f 4440/4440/4440 4435/4435/4435 4442/4442/4442 
f 4435/4435/4435 4436/4436/4436 4443/4443/4443 
f 4435/4435/4435 4443/4443/4443 4442/4442/4442 
f 4440/4440/4440 4444/4444/4444 4445/4445/4445 
f 4440/4440/4440 4445/4445/4445 4441/4441/4441 
f 4440/4440/4440 4442/4442/4442 4444/4444/4444 
f 4446/4446/4446 4447/4447/4447 4448/4448/4448 
f 4446/4446/4446 4448/4448/4448 4449/4449/4449 
f 4450/4450/4450 4451/4451/4451 4446/4446/4446 
f 4450/4450/4450 4446/4446/4446 4449/4449/4449 
f 4447/4447/4447 4452/4452/4452 4453/4453/4453 
f 4447/4447/4447 4453/4453/4453 4448/4448/4448 
f 4449/4449/4449 4448/4448/4448 4454/4454/4454 
f 4455/4455/4455 4454/4454/4454 4448/4448/4448 
f 4453/4453/4453 4455/4455/4455 4448/4448/4448 
f 4456/4456/4456 4449/4449/4449 4457/4457/4457 
f 4449/4449/4449 4454/4454/4454 4457/4457/4457 
f 4456/4456/4456 4450/4450/4450 4449/4449/4449 
f 4458/4458/4458 4459/4459/4459 4460/4460/4460 
f 4461/4461/4461 4462/4462/4462 4458/4458/4458 
f 4461/4461/4461 4458/4458/4458 4463/4463/4463 
f 4458/4458/4458 4462/4462/4462 4459/4459/4459 
f 4464/4464/4464 4465/4465/4465 4459/4459/4459 
f 4464/4464/4464 4459/4459/4459 4462/4462/4462 
f 4466/4466/4466 4464/4464/4464 4462/4462/4462 
f 4466/4466/4466 4462/4462/4462 4461/4461/4461 
f 4467/4467/4467 4468/4468/4468 4469/4469/4469 
f 4467/4467/4467 4469/4469/4469 4470/4470/4470 
f 4471/4471/4471 4468/4468/4468 4467/4467/4467 
f 4471/4471/4471 4472/4472/4472 4468/4468/4468 
f 4469/4469/4469 4468/4468/4468 4473/4473/4473 
f 4468/4468/4468 4472/4472/4472 4474/4474/4474 
f 4468/4468/4468 4474/4474/4474 4473/4473/4473 
f 4470/4470/4470 4469/4469/4469 4475/4475/4475 
f 4469/4469/4469 4473/4473/4473 4476/4476/4476 
f 4475/4475/4475 4469/4469/4469 4476/4476/4476 
f 4470/4470/4470 4475/4475/4475 4477/4477/4477 
f 4478/4478/4478 4479/4479/4479 4475/4475/4475 
f 4478/4478/4478 4475/4475/4475 4480/4480/4480 
f 4475/4475/4475 4476/4476/4476 4480/4480/4480 
f 4475/4475/4475 4479/4479/4479 4481/4481/4481 
f 4475/4475/4475 4481/4481/4481 4477/4477/4477 
f 4482/4482/4482 4483/4483/4483 4476/4476/4476 
f 4482/4482/4482 4476/4476/4476 4473/4473/4473 
f 4483/4483/4483 4480/4480/4480 4476/4476/4476 
f 4484/4484/4484 4482/4482/4482 4473/4473/4473 
f 4484/4484/4484 4473/4473/4473 4474/4474/4474 
f 4485/4485/4485 4482/4482/4482 4484/4484/4484 
f 4486/4486/4486 4483/4483/4483 4482/4482/4482 
f 4486/4486/4486 4482/4482/4482 4485/4485/4485 
f 4481/4481/4481 4478/4478/4478 4483/4483/4483 
f 4481/4481/4481 4483/4483/4483 4486/4486/4486 
f 4483/4483/4483 4478/4478/4478 4480/4480/4480 
f 4481/4481/4481 4479/4479/4479 4478/4478/4478 
f 4485/4485/4485 4484/4484/4484 4487/4487/4487 
f 4487/4487/4487 4484/4484/4484 4488/4488/4488 
f 4488/4488/4488 4484/4484/4484 4474/4474/4474 
f 4487/4487/4487 4488/4488/4488 4489/4489/4489 
f 4489/4489/4489 4488/4488/4488 4490/4490/4490 
f 4488/4488/4488 4474/4474/4474 4491/4491/4491 
f 4490/4490/4490 4488/4488/4488 4491/4491/4491 
f 4489/4489/4489 4490/4490/4490 4492/4492/4492 
f 4493/4493/4493 4494/4494/4494 4490/4490/4490 
f 4493/4493/4493 4490/4490/4490 4495/4495/4495 
f 4490/4490/4490 4491/4491/4491 4495/4495/4495 
f 4490/4490/4490 4494/4494/4494 4496/4496/4496 
f 4490/4490/4490 4496/4496/4496 4492/4492/4492 
f 4497/4497/4497 4495/4495/4495 4491/4491/4491 
f 4472/4472/4472 4497/4497/4497 4491/4491/4491 
f 4472/4472/4472 4491/4491/4491 4474/4474/4474 
f 4497/4497/4497 4493/4493/4493 4495/4495/4495 
f 4496/4496/4496 4494/4494/4494 4493/4493/4493 
f 4496/4496/4496 4493/4493/4493 4497/4497/4497 
f 4496/4496/4496 4497/4497/4497 4498/4498/4498 
f 4498/4498/4498 4497/4497/4497 4472/4472/4472 
f 4498/4498/4498 4472/4472/4472 4471/4471/4471 
f 4499/4499/4499 4500/4500/4500 4501/4501/4501 
f 4499/4499/4499 4501/4501/4501 4502/4502/4502 
f 4463/4463/4463 4500/4500/4500 4499/4499/4499 
f 4463/4463/4463 4458/4458/4458 4500/4500/4500 
f 4501/4501/4501 4500/4500/4500 4503/4503/4503 
f 4500/4500/4500 4458/4458/4458 4460/4460/4460 
f 4500/4500/4500 4460/4460/4460 4503/4503/4503 
f 4504/4504/4504 4505/4505/4505 4501/4501/4501 
f 4504/4504/4504 4501/4501/4501 4506/4506/4506 
f 4501/4501/4501 4503/4503/4503 4506/4506/4506 
f 4505/4505/4505 4502/4502/4502 4501/4501/4501 
f 4505/4505/4505 4507/4507/4507 4502/4502/4502 
f 4508/4508/4508 4509/4509/4509 4505/4505/4505 
f 4508/4508/4508 4505/4505/4505 4504/4504/4504 
f 4505/4505/4505 4509/4509/4509 4510/4510/4510 
f 4505/4505/4505 4510/4510/4510 4507/4507/4507 
f 4509/4509/4509 4508/4508/4508 4511/4511/4511 
f 4512/4512/4512 4510/4510/4510 4509/4509/4509 
f 4512/4512/4512 4509/4509/4509 4513/4513/4513 
f 4509/4509/4509 4511/4511/4511 4513/4513/4513 
f 4511/4511/4511 4514/4514/4514 4515/4515/4515 
f 4511/4511/4511 4515/4515/4515 4513/4513/4513 
f 4513/4513/4513 4515/4515/4515 4516/4516/4516 
f 4513/4513/4513 4516/4516/4516 4512/4512/4512 
f 4514/4514/4514 4517/4517/4517 4515/4515/4515 
f 4515/4515/4515 4517/4517/4517 4518/4518/4518 
f 4515/4515/4515 4518/4518/4518 4516/4516/4516 
f 4514/4514/4514 4519/4519/4519 4517/4517/4517 

g Player14

v 0.998727 103.812 -0.313367 
v 0.998727 103.902 -0.166735 
v 1.17827 103.861 -0.166735 
v 1.14358 103.776 -0.362401 
v 0.998727 103.902 0.168629 
v 1.17827 103.861 0.16863 
v 1.32486 103.693 -0.362401 
v 1.41284 103.764 -0.166735 
v 1.41284 103.764 0.168629 
v 0.998727 103.812 0.313367 
v 1.14358 103.776 0.362402 
v 1.32486 103.693 0.362402 
v 1.54267 103.609 0.16863 
v 1.43352 103.613 0.313368 
v 1.43352 103.613 -0.313367 
v 1.54267 103.609 -0.166735 
v 1.10997 102.943 0.343873 
v 1.14233 102.888 0.286279 
v 1.24567 102.88 0.333941 
v 1.22589 102.943 0.430531 
v 1.03187 102.943 0.201801 
v 1.07385 102.901 0.191705 
v 1.20077 102.841 0.0647906 
v 1.15434 102.855 0.0646197 
v 1.39834 102.88 0.330923 
v 1.27216 102.834 0.0650207 
v 1.40303 102.944 0.425041 
v 1.49052 102.888 0.284058 
v 1.37363 102.834 0.0650088 
v 1.2486 102.88 -0.18275 
v 1.13963 102.888 -0.150767 
v 1.07014 102.901 -0.0681136 
v 1.03187 102.943 -0.10023 
v 1.10997 102.943 -0.218036 
v 1.23423 102.943 -0.272058 
v 1.39848 102.944 -0.268252 
v 1.39722 102.88 -0.180494 
v 1.43685 102.841 0.0648234 
v 1.50711 102.944 -0.209305 
v 1.493 102.888 -0.145561 
v 1.50525 102.855 0.0646936 
v 1.59141 102.901 0.19219 
v 1.62217 102.944 -0.0905703 
v 1.59538 102.901 -0.0623332 
v 1.62217 102.944 0.20261 
v 1.50711 102.944 0.339791 
v 1.10997 102.943 0.343873 
v 1.22589 102.943 0.430531 
v 1.14527 103.294 0.362402 
v 0.998727 103.343 0.313367 
v 1.40303 102.944 0.425041 
v 1.32655 103.227 0.362402 
v 1.13687 103.577 0.38236 
v 1.31815 103.502 0.38236 
v 0.998727 103.639 0.330626 
v 1.14358 103.776 0.362402 
v 1.32486 103.693 0.362402 
v 1.46564 103.422 0.330626 
v 1.43352 103.613 0.313368 
v 1.44779 103.182 0.313367 
v 1.50711 102.944 0.339791 
v 0.998727 103.812 0.313367 
v 1.62217 102.944 -0.0905703 
v 1.57559 103.182 0.16863 
v 1.62217 102.944 0.20261 
v 1.44779 103.182 0.313367 
v 1.58474 103.419 0.177917 
v 1.50711 102.944 0.339791 
v 1.46564 103.422 0.330626 
v 1.54267 103.609 0.16863 
v 1.43352 103.613 0.313368 
v 0.998727 103.343 -0.313367 
v 0.998727 103.277 -0.166735 
v 0.998727 103.626 -0.175918 
v 0.998727 103.639 -0.341906 
v 0.958039 103.201 -0.166735 
v 0.998727 103.279 0.168629 
v 0.998727 103.628 0.177917 
v 0.998727 103.902 -0.166735 
v 0.998727 103.812 -0.313367 
v 0.998727 103.902 0.168629 
v 0.998727 103.343 0.313367 
v 0.958039 103.201 0.168629 
v 0.998727 103.639 0.330626 
v 0.998727 103.812 0.313367 
v 1.44779 103.182 -0.288794 
v 1.46564 103.422 -0.316786 
v 1.58474 103.419 -0.175917 
v 1.57559 103.182 -0.166735 
v 1.50711 102.944 -0.209305 
v 1.43352 103.613 -0.313367 
v 1.54267 103.609 -0.166735 
v 1.39848 102.944 -0.268252 
v 1.44779 103.182 -0.288794 
v 1.23423 102.943 -0.272058 
v 1.32655 103.227 -0.362401 
v 1.46564 103.422 -0.316786 
v 1.14527 103.294 -0.362401 
v 1.31815 103.502 -0.38236 
v 1.10997 102.943 -0.218036 
v 0.998727 103.343 -0.313367 
v 1.13687 103.577 -0.38236 
v 1.32486 103.693 -0.362401 
v 0.998727 103.639 -0.341906 
v 1.14358 103.776 -0.362401 
v 0.998727 103.812 -0.313367 
v 1.03187 102.943 -0.10023 
v 0.958039 103.201 -0.166735 
v 0.998727 103.343 -0.313367 
v 1.03187 102.943 0.201801 
v 0.958039 103.201 0.168629 
v 1.10997 102.943 0.343873 
v 0.998727 103.343 0.313367 

vn -0.00787402 0.685039 -0.724409 
vn 0.19685 0.968504 -0.15748 
vn 0.307087 0.937008 -0.165354 
vn 0.125984 0.614173 -0.779528 
vn 0.19685 0.968504 0.15748 
vn 0.307087 0.937008 0.165354 
vn 0.362205 0.519685 -0.771654 
vn 0.559055 0.811024 -0.15748 
vn 0.559055 0.811024 0.15748 
vn -0.0314961 0.677165 0.740157 
vn 0.110236 0.606299 0.787402 
vn 0.354331 0.519685 0.771654 
vn 0.889764 0.425197 0.188976 
vn 0.653543 0.330709 0.685039 
vn 0.653543 0.314961 -0.685039 
vn 0.889764 0.425197 -0.188976 
vn -0.440945 -0.779528 0.448819 
vn -0.307087 -0.905512 0.283465 
vn -0.0787402 -0.944882 0.330709 
vn -0.11811 -0.834646 0.543307 
vn -0.637795 -0.76378 0.0944882 
vn -0.566929 -0.818898 0.0944882 
vn -0.181102 -0.984252 0 
vn -0.472441 -0.88189 0 
vn 0.0944882 -0.937008 0.330709 
vn -0.0472441 -1 0 
vn 0.125984 -0.818898 0.559055 
vn 0.307087 -0.897638 0.314961 
vn 0.0472441 -1 0 
vn -0.0629921 -0.937008 -0.338583 
vn -0.267717 -0.913386 -0.307087 
vn -0.559055 -0.826772 -0.0708661 
vn -0.614173 -0.779528 -0.11811 
vn -0.346457 -0.80315 -0.488189 
vn -0.0866142 -0.818898 -0.574803 
vn 0.102362 -0.80315 -0.582677 
vn 0.0787402 -0.937008 -0.346457 
vn 0.181102 -0.984252 0 
vn 0.377953 -0.740157 -0.551181 
vn 0.275591 -0.905512 -0.330709 
vn 0.409449 -0.913386 0 
vn 0.559055 -0.811024 0.141732 
vn 0.637795 -0.740157 -0.188976 
vn 0.559055 -0.818898 -0.11811 
vn 0.669291 -0.724409 0.149606 
vn 0.464567 -0.708661 0.535433 
vn -0.677165 -0.0944882 0.732283 
vn -0.15748 0.133858 0.976378 
vn -0.228346 0 0.976378 
vn -0.559055 -0.0944882 0.826772 
vn 0.267717 0.251969 0.929134 
vn 0.173228 0.0944882 0.984252 
vn -0.165354 0 0.984252 
vn 0.149606 0 0.992126 
vn -0.330709 0.023622 0.944882 
vn 0.110236 0.606299 0.787402 
vn 0.354331 0.519685 0.771654 
vn 0.614173 0.015748 0.787402 
vn 0.653543 0.330709 0.685039 
vn 0.637795 0.110236 0.76378 
vn 0.661417 0.259843 0.708661 
vn -0.0314961 0.677165 0.740157 
vn 0.968504 0.133858 -0.19685 
vn 0.968504 0.0866142 0.244094 
vn 0.937008 0.228346 0.267717 
vn 0.637795 0.110236 0.76378 
vn 0.968504 0.0629921 0.23622 
vn 0.661417 0.259843 0.708661 
vn 0.614173 0.015748 0.787402 
vn 0.889764 0.425197 0.188976 
vn 0.653543 0.330709 0.685039 
vn -1 0.00787402 0.00787402 
vn -0.992126 0.0944882 0.00787402 
vn -1 0 0 
vn -1 0 0 
vn -0.88189 0.464567 0.015748 
vn -0.992126 0.0944882 -0.00787402 
vn -1 0 0 
vn -1 0 0 
vn -1 0 0 
vn -1 0 0 
vn -1 0.015748 -0.00787402 
vn -0.88189 0.464567 -0.023622 
vn -1 0 0 
vn -1 0 0 
vn 0.590551 -0.11811 -0.80315 
vn 0.622047 -0.00787402 -0.779528 
vn 0.968504 0.0629921 -0.244094 
vn 0.952756 0 -0.291339 
vn 0.629921 -0.110236 -0.771654 
vn 0.653543 0.314961 -0.685039 
vn 0.889764 0.425197 -0.188976 
vn 0.19685 -0.244094 -0.952756 
vn 0.590551 -0.11811 -0.80315 
vn -0.204724 -0.307087 -0.929134 
vn 0.141732 -0.181102 -0.968504 
vn 0.622047 -0.00787402 -0.779528 
vn -0.212598 -0.204724 -0.952756 
vn 0.173228 -0.00787402 -0.984252 
vn -0.582677 -0.338583 -0.740157 
vn -0.448819 -0.220472 -0.866142 
vn -0.149606 0 -0.992126 
vn 0.362205 0.519685 -0.771654 
vn -0.291339 0.0314961 -0.952756 
vn 0.125984 0.614173 -0.779528 
vn -0.00787402 0.685039 -0.724409 
vn -0.937008 -0.307087 -0.181102 
vn -0.897638 -0.322835 -0.283465 
vn -0.448819 -0.220472 -0.866142 
vn -0.944882 -0.244094 0.212598 
vn -0.944882 -0.244094 0.212598 
vn -0.677165 -0.0944882 0.732283 
vn -0.559055 -0.0944882 0.826772 

vt 0.783344 0.995958 
vt 0.764107 0.995958 
vt 0.763834 0.967073 
vt 0.783344 0.965408 
vt 0.733096 0.995958 
vt 0.733562 0.966859 
vt 0.783344 0.921906 
vt 0.763903 0.913678 
vt 0.734753 0.914403 
vt 0.71459 0.995958 
vt 0.71459 0.964544 
vt 0.71459 0.920748 
vt 0.734084 0.884417 
vt 0.71459 0.884417 
vt 0.783344 0.884417 
vt 0.764665 0.884417 
vt 0.818328 0.891465 
vt 0.816074 0.901693 
vt 0.810598 0.89768 
vt 0.81168 0.891465 
vt 0.822806 0.891466 
vt 0.819703 0.909656 
vt 0.815583 0.920342 
vt 0.819005 0.920357 
vt 0.802508 0.897934 
vt 0.810321 0.920323 
vt 0.801522 0.891465 
vt 0.797624 0.90188 
vt 0.802842 0.920324 
vt 0.810443 0.941185 
vt 0.816217 0.938492 
vt 0.819899 0.931533 
vt 0.822806 0.946322 
vt 0.818328 0.946323 
vt 0.811202 0.946323 
vt 0.801783 0.946323 
vt 0.802568 0.940995 
vt 0.798183 0.920339 
vt 0.795554 0.946323 
vt 0.797492 0.938054 
vt 0.793142 0.92035 
vt 0.792278 0.909615 
vt 0.788956 0.946322 
vt 0.792067 0.931046 
vt 0.788956 0.891466 
vt 0.795554 0.891465 
vt 0.923941 0.770635 
vt 0.94411 0.770635 
vt 0.94248 0.808259 
vt 0.923941 0.812253 
vt 0.962659 0.770635 
vt 0.961619 0.803192 
vt 0.947564 0.85405 
vt 0.965637 0.851222 
vt 0.923941 0.856398 
vt 0.952052 0.883099 
vt 0.970202 0.883097 
vt 0.993181 0.848486 
vt 0.993181 0.883096 
vt 0.993181 0.799362 
vt 0.993181 0.770635 
vt 0.923941 0.883099 
vt 0.756362 0.770634 
vt 0.727443 0.79759 
vt 0.724184 0.770634 
vt 0.714295 0.798977 
vt 0.728784 0.847738 
vt 0.714295 0.770635 
vt 0.714295 0.848448 
vt 0.729916 0.883096 
vt 0.714295 0.883096 
vt 0.854138 0.812371 
vt 0.870392 0.809154 
vt 0.86885 0.856685 
vt 0.854138 0.856739 
vt 0.870515 0.804373 
vt 0.90686 0.809268 
vt 0.908117 0.856617 
vt 0.87004 0.883101 
vt 0.854138 0.8831 
vt 0.907348 0.883101 
vt 0.923923 0.812424 
vt 0.906755 0.804092 
vt 0.923923 0.856602 
vt 0.923923 0.883099 
vt 0.784228 0.798492 
vt 0.784228 0.848223 
vt 0.765772 0.847735 
vt 0.765169 0.797822 
vt 0.784228 0.770635 
vt 0.784228 0.883096 
vt 0.76592 0.883096 
vt 0.80613 0.770635 
vt 0.784228 0.799503 
vt 0.830554 0.770635 
vt 0.809576 0.80319 
vt 0.784228 0.848578 
vt 0.834507 0.808402 
vt 0.802956 0.851578 
vt 0.854138 0.770635 
vt 0.854138 0.812453 
vt 0.827997 0.854306 
vt 0.796251 0.883098 
vt 0.854138 0.856605 
vt 0.821731 0.883099 
vt 0.854138 0.8831 
vt 0.878488 0.770635 
vt 0.870515 0.804373 
vt 0.854138 0.812371 
vt 0.911232 0.770635 
vt 0.906755 0.804092 
vt 0.923923 0.770635 
vt 0.923923 0.812424 

usemtl Player1Mtl

f 4520/4520/4520 4521/4521/4521 4522/4522/4522 
f 4520/4520/4520 4522/4522/4522 4523/4523/4523 
f 4522/4522/4522 4521/4521/4521 4524/4524/4524 
f 4522/4522/4522 4524/4524/4524 4525/4525/4525 
f 4526/4526/4526 4523/4523/4523 4522/4522/4522 
f 4526/4526/4526 4522/4522/4522 4527/4527/4527 
f 4522/4522/4522 4525/4525/4525 4528/4528/4528 
f 4522/4522/4522 4528/4528/4528 4527/4527/4527 
f 4525/4525/4525 4524/4524/4524 4529/4529/4529 
f 4525/4525/4525 4529/4529/4529 4530/4530/4530 
f 4525/4525/4525 4530/4530/4530 4531/4531/4531 
f 4525/4525/4525 4531/4531/4531 4528/4528/4528 
f 4527/4527/4527 4528/4528/4528 4532/4532/4532 
f 4528/4528/4528 4531/4531/4531 4533/4533/4533 
f 4528/4528/4528 4533/4533/4533 4532/4532/4532 
f 4534/4534/4534 4526/4526/4526 4527/4527/4527 
f 4534/4534/4534 4527/4527/4527 4535/4535/4535 
f 4527/4527/4527 4532/4532/4532 4535/4535/4535 
f 4536/4536/4536 4537/4537/4537 4538/4538/4538 
f 4536/4536/4536 4538/4538/4538 4539/4539/4539 
f 4540/4540/4540 4537/4537/4537 4536/4536/4536 
f 4540/4540/4540 4541/4541/4541 4537/4537/4537 
f 4538/4538/4538 4537/4537/4537 4542/4542/4542 
f 4537/4537/4537 4541/4541/4541 4543/4543/4543 
f 4537/4537/4537 4543/4543/4543 4542/4542/4542 
f 4539/4539/4539 4538/4538/4538 4544/4544/4544 
f 4538/4538/4538 4542/4542/4542 4545/4545/4545 
f 4544/4544/4544 4538/4538/4538 4545/4545/4545 
f 4539/4539/4539 4544/4544/4544 4546/4546/4546 
f 4546/4546/4546 4544/4544/4544 4547/4547/4547 
f 4544/4544/4544 4545/4545/4545 4548/4548/4548 
f 4547/4547/4547 4544/4544/4544 4548/4548/4548 
f 4549/4549/4549 4548/4548/4548 4545/4545/4545 
f 4550/4550/4550 4549/4549/4549 4545/4545/4545 
f 4550/4550/4550 4545/4545/4545 4542/4542/4542 
f 4551/4551/4551 4550/4550/4550 4542/4542/4542 
f 4551/4551/4551 4542/4542/4542 4543/4543/4543 
f 4552/4552/4552 4551/4551/4551 4543/4543/4543 
f 4552/4552/4552 4543/4543/4543 4541/4541/4541 
f 4552/4552/4552 4541/4541/4541 4540/4540/4540 
f 4553/4553/4553 4551/4551/4551 4552/4552/4552 
f 4553/4553/4553 4550/4550/4550 4551/4551/4551 
f 4554/4554/4554 4549/4549/4549 4550/4550/4550 
f 4554/4554/4554 4550/4550/4550 4553/4553/4553 
f 4555/4555/4555 4556/4556/4556 4549/4549/4549 
f 4555/4555/4555 4549/4549/4549 4554/4554/4554 
f 4549/4549/4549 4556/4556/4556 4548/4548/4548 
f 4556/4556/4556 4557/4557/4557 4548/4548/4548 
f 4547/4547/4547 4548/4548/4548 4557/4557/4557 
f 4558/4558/4558 4559/4559/4559 4556/4556/4556 
f 4558/4558/4558 4556/4556/4556 4555/4555/4555 
f 4556/4556/4556 4559/4559/4559 4557/4557/4557 
f 4559/4559/4559 4560/4560/4560 4557/4557/4557 
f 4561/4561/4561 4547/4547/4547 4557/4557/4557 
f 4561/4561/4561 4557/4557/4557 4560/4560/4560 
f 4562/4562/4562 4563/4563/4563 4559/4559/4559 
f 4562/4562/4562 4559/4559/4559 4558/4558/4558 
f 4559/4559/4559 4563/4563/4563 4560/4560/4560 
f 4564/4564/4564 4561/4561/4561 4560/4560/4560 
f 4564/4564/4564 4560/4560/4560 4563/4563/4563 
f 4565/4565/4565 4547/4547/4547 4561/4561/4561 
f 4565/4565/4565 4561/4561/4561 4564/4564/4564 
f 4564/4564/4564 4563/4563/4563 4562/4562/4562 
f 4546/4546/4546 4547/4547/4547 4565/4565/4565 
f 4566/4566/4566 4567/4567/4567 4568/4568/4568 
f 4566/4566/4566 4568/4568/4568 4569/4569/4569 
f 4567/4567/4567 4570/4570/4570 4571/4571/4571 
f 4567/4567/4567 4571/4571/4571 4568/4568/4568 
f 4572/4572/4572 4569/4569/4569 4568/4568/4568 
f 4568/4568/4568 4571/4571/4571 4573/4573/4573 
f 4568/4568/4568 4573/4573/4573 4572/4572/4572 
f 4572/4572/4572 4574/4574/4574 4569/4569/4569 
f 4575/4575/4575 4574/4574/4574 4572/4572/4572 
f 4572/4572/4572 4573/4573/4573 4576/4576/4576 
f 4572/4572/4572 4576/4576/4576 4575/4575/4575 
f 4571/4571/4571 4577/4577/4577 4573/4573/4573 
f 4573/4573/4573 4577/4577/4577 4578/4578/4578 
f 4573/4573/4573 4578/4578/4578 4576/4576/4576 
f 4571/4571/4571 4579/4579/4579 4577/4577/4577 
f 4570/4570/4570 4579/4579/4579 4571/4571/4571 
f 4570/4570/4570 4580/4580/4580 4579/4579/4579 
f 4575/4575/4575 4581/4581/4581 4574/4574/4574 
f 4582/4582/4582 4583/4583/4583 4584/4584/4584 
f 4584/4584/4584 4583/4583/4583 4585/4585/4585 
f 4586/4586/4586 4585/4585/4585 4583/4583/4583 
f 4584/4584/4584 4585/4585/4585 4587/4587/4587 
f 4586/4586/4586 4588/4588/4588 4585/4585/4585 
f 4589/4589/4589 4588/4588/4588 4586/4586/4586 
f 4589/4589/4589 4590/4590/4590 4588/4588/4588 
f 4591/4591/4591 4592/4592/4592 4593/4593/4593 
f 4591/4591/4591 4593/4593/4593 4594/4594/4594 
f 4595/4595/4595 4592/4592/4592 4591/4591/4591 
f 4596/4596/4596 4593/4593/4593 4592/4592/4592 
f 4595/4595/4595 4596/4596/4596 4592/4592/4592 
f 4596/4596/4596 4597/4597/4597 4593/4593/4593 
f 4593/4593/4593 4598/4598/4598 4599/4599/4599 
f 4593/4593/4593 4599/4599/4599 4594/4594/4594 
f 4593/4593/4593 4597/4597/4597 4600/4600/4600 
f 4593/4593/4593 4600/4600/4600 4598/4598/4598 
f 4601/4601/4601 4597/4597/4597 4596/4596/4596 
f 4601/4601/4601 4596/4596/4596 4602/4602/4602 
f 4595/4595/4595 4602/4602/4602 4596/4596/4596 
f 4601/4601/4601 4603/4603/4603 4597/4597/4597 
f 4597/4597/4597 4603/4603/4603 4604/4604/4604 
f 4597/4597/4597 4604/4604/4604 4600/4600/4600 
f 4605/4605/4605 4606/4606/4606 4607/4607/4607 
f 4605/4605/4605 4607/4607/4607 4608/4608/4608 
f 4609/4609/4609 4605/4605/4605 4608/4608/4608 
f 4606/4606/4606 4610/4610/4610 4611/4611/4611 
f 4606/4606/4606 4611/4611/4611 4607/4607/4607 
f 4608/4608/4608 4607/4607/4607 4586/4586/4586 
f 4607/4607/4607 4611/4611/4611 4589/4589/4589 
f 4607/4607/4607 4589/4589/4589 4586/4586/4586 
f 4582/4582/4582 4608/4608/4608 4583/4583/4583 
f 4608/4608/4608 4586/4586/4586 4583/4583/4583 
f 4609/4609/4609 4608/4608/4608 4582/4582/4582 
f 4612/4612/4612 4613/4613/4613 4609/4609/4609 
f 4614/4614/4614 4615/4615/4615 4612/4612/4612 
f 4612/4612/4612 4615/4615/4615 4613/4613/4613 
f 4615/4615/4615 4616/4616/4616 4613/4613/4613 
f 4614/4614/4614 4617/4617/4617 4615/4615/4615 
f 4617/4617/4617 4618/4618/4618 4615/4615/4615 
f 4615/4615/4615 4618/4618/4618 4616/4616/4616 
f 4619/4619/4619 4617/4617/4617 4614/4614/4614 
f 4620/4620/4620 4621/4621/4621 4617/4617/4617 
f 4617/4617/4617 4621/4621/4621 4618/4618/4618 
f 4619/4619/4619 4620/4620/4620 4617/4617/4617 
f 4618/4618/4618 4622/4622/4622 4610/4610/4610 
f 4618/4618/4618 4610/4610/4610 4616/4616/4616 
f 4621/4621/4621 4622/4622/4622 4618/4618/4618 
f 4620/4620/4620 4623/4623/4623 4621/4621/4621 
f 4621/4621/4621 4624/4624/4624 4622/4622/4622 
f 4623/4623/4623 4624/4624/4624 4621/4621/4621 
f 4623/4623/4623 4625/4625/4625 4624/4624/4624 
f 4619/4619/4619 4626/4626/4626 4627/4627/4627 
f 4619/4619/4619 4627/4627/4627 4628/4628/4628 
f 4626/4626/4626 4629/4629/4629 4630/4630/4630 
f 4626/4626/4626 4630/4630/4630 4627/4627/4627 
f 4631/4631/4631 4630/4630/4630 4629/4629/4629 
f 4631/4631/4631 4632/4632/4632 4630/4630/4630 

g Handle3

v -4.04803e-08 104.899 -0.664698 
v -0.109348 104.896 -0.664453 
v -0.112253 105.073 -0.653033 
v -1.24838e-07 105.078 -0.653408 
v -1.50879e-07 105.185 -0.298466 
v -0.335248 105.171 -0.292032 
v -0.249201 105.144 -0.391226 
v -1.40113e-07 105.144 -0.406421 
v -0.394046 104.858 -0.535858 
v -0.496853 104.816 -0.386163 
v -0.57365 105.078 -0.386163 
v -0.394046 105.073 -0.535858 
v -1.3251e-07 105.184 0.302808 
v -0.348623 105.184 0.332187 
v -0.407266 105.188 0.207315 
v -1.37643e-07 105.187 0.174188 
v -0.6198 105.078 0.220686 
v -0.6198 104.899 0.220686 
v -0.51568 104.899 0.414657 
v -0.51568 105.078 0.414657 
v -1.43157e-07 105.19 0.0128055 
v -0.430833 105.191 0.0416645 
v -0.402927 105.194 -0.171368 
v -1.5101e-07 105.195 -0.184164 
v -0.62297 105.078 -0.184826 
v -0.62297 104.899 -0.184826 
v -0.666735 104.899 -0.00619854 
v -0.666735 105.078 -0.00619854 
v -9.99767e-08 105.104 0.484059 
v -0.15159 105.104 0.501107 
v -0.285444 105.165 0.430058 
v -1.23748e-07 105.166 0.389933 
v -0.373099 105.068 0.533287 
v -0.373099 104.893 0.539252 
v -0.110221 104.886 0.656977 
v -0.110221 105.057 0.649137 
v -0.125764 105.374 0.497217 
v -0.275146 105.298 0.517082 
v -0.373099 105.068 0.533287 
v -0.110221 105.057 0.649137 
v -0.156991 105.49 0.157699 
v -0.425048 105.342 0.19239 
v -0.360825 105.325 0.384917 
v -0.141687 105.438 0.348456 
v -0.166309 105.49 -0.184826 
v -0.430979 105.342 -0.184826 
v -0.453148 105.342 -0.00619854 
v -0.162005 105.49 -0.00619858 
v -0.324172 105.269 -0.493549 
v -0.399505 105.33 -0.348164 
v -0.156713 105.453 -0.30158 
v -0.141021 105.4 -0.408433 
v -0.259664 105.236 -0.577118 
v -0.279377 105.073 -0.610953 
v -0.268641 104.858 -0.622303 
v -0.104673 105.096 -0.483804 
v -1.26172e-07 105.096 -0.492322 
v -0.51568 105.078 0.414657 
v -0.109187 105.299 -0.571138 
v -0.000496698 105.299 -0.575738 
v -0.407844 104.045 -0.375111 
v -0.288158 104.045 -0.488557 
v -0.249201 105.144 -0.391226 
v -0.335248 105.171 -0.292032 
v -0.370577 104.045 0.420515 
v -0.438028 104.045 0.225344 
v -0.407266 105.188 0.207315 
v -0.348623 105.184 0.332187 
v -0.47143 104.045 0.0012645 
v -0.445874 104.045 -0.183873 
v -0.402927 105.194 -0.171368 
v -0.430833 105.191 0.0416645 
v 2.63066e-07 104.045 0.540467 
v -0.135308 104.045 0.532002 
v -0.15159 105.104 0.501107 
v -9.99767e-08 105.104 0.484059 
v -0.274615 104.045 0.537157 
v -0.285444 105.165 0.430058 
v -0.0851061 104.045 -0.604048 
v -0.104673 105.096 -0.483804 
v 2.28732e-07 104.045 -0.611558 
v -1.26172e-07 105.096 -0.492322 
v 0.112253 105.073 -0.653033 
v 0.109348 104.896 -0.664453 
v 0.249201 105.144 -0.391226 
v 0.335248 105.171 -0.292032 
v 0.394046 104.858 -0.535858 
v 0.394046 105.073 -0.535858 
v 0.57365 105.078 -0.386163 
v 0.496853 104.816 -0.386163 
v 0.407266 105.188 0.207315 
v 0.348623 105.184 0.332187 
v 0.6198 105.078 0.220686 
v 0.51568 105.078 0.414657 
v 0.51568 104.899 0.414657 
v 0.6198 104.899 0.220686 
v 0.402927 105.194 -0.171368 
v 0.430833 105.191 0.0416645 
v 0.62297 105.078 -0.184826 
v 0.666735 105.078 -0.0061985 
v 0.666735 104.899 -0.0061985 
v 0.62297 104.899 -0.184826 
v 0.285444 105.165 0.430058 
v 0.15159 105.215 0.501107 
v 0.373099 105.068 0.533287 
v 0.110221 105.057 0.649137 
v 0.110221 104.886 0.656977 
v 0.373099 104.893 0.539252 
v 0.125764 105.374 0.497217 
v 0.110221 105.057 0.649137 
v 0.373099 105.068 0.533287 
v 0.275146 105.298 0.517082 
v 0.156991 105.49 0.157699 
v 0.141687 105.438 0.348456 
v 0.360825 105.325 0.384917 
v 0.425048 105.342 0.19239 
v 0.166309 105.49 -0.184826 
v 0.162005 105.49 -0.00619857 
v 0.453148 105.342 -0.00619851 
v 0.430979 105.342 -0.184826 
v 0.324172 105.269 -0.493549 
v 0.141021 105.4 -0.408433 
v 0.156713 105.453 -0.30158 
v 0.399505 105.33 -0.348164 
v 0.279377 105.073 -0.610953 
v 0.259664 105.236 -0.577118 
v 0.268641 104.858 -0.622303 
v 0.104673 105.096 -0.483804 
v 0.51568 105.078 0.414657 
v 0.109187 105.299 -0.571138 
v 0.407845 104.045 -0.375111 
v 0.335248 105.171 -0.292032 
v 0.249201 105.144 -0.391226 
v 0.288159 104.045 -0.488557 
v 0.370578 104.045 0.420515 
v 0.348623 105.184 0.332187 
v 0.407266 105.188 0.207315 
v 0.438029 104.045 0.225344 
v 0.471431 104.045 0.00126453 
v 0.430833 105.191 0.0416645 
v 0.402927 105.194 -0.171368 
v 0.445875 104.045 -0.183873 
v 2.63066e-07 104.045 0.540467 
v -9.99767e-08 105.104 0.484059 
v 0.15159 105.215 0.501107 
v 0.135308 104.044 0.532002 
v 0.285444 105.165 0.430058 
v 0.274616 104.045 0.537157 
v 0.104673 105.096 -0.483804 
v 0.085107 104.045 -0.604048 
v -0.00262673 105.4 -0.408433 
v -0.00343224 105.453 -0.30158 
v -0.00392275 105.49 -0.184826 
v -0.00370225 105.49 -0.00619858 
v -0.00344574 105.49 0.157699 
v -0.00266022 105.438 0.348456 
v -0.00184419 105.374 0.497217 
v -0.00104658 105.057 0.649137 
v -0.00104652 104.886 0.656977 
v -0.00104658 105.057 0.649137 
v -0.00104658 105.057 0.649137 
v -0.00104652 104.886 0.656977 
v -0.00104658 105.057 0.649137 
v 0.315193 104.734 -0.527038 
v 0.481585 104.737 -0.386163 
v 0.210664 104.734 -0.573658 
v 0.0692065 104.734 -0.671478 
v -4.01469e-08 104.739 -0.736118 
v -0.0692066 104.734 -0.671478 
v -0.210664 104.734 -0.573658 
v -0.315193 104.734 -0.527038 
v -0.481585 104.737 -0.386163 
v -0.62297 104.732 -0.184826 
v -0.666735 104.736 -0.00619854 
v -0.6198 104.736 0.220686 
v -0.51568 104.736 0.414657 
v -0.373099 104.731 0.542187 
v -0.110221 104.726 0.660832 
v -0.00104646 104.726 0.660832 
v -0.00104646 104.726 0.660832 
v 0.110221 104.726 0.660832 
v 0.373099 104.731 0.542187 
v 0.51568 104.736 0.414657 
v 0.6198 104.736 0.220686 
v 0.666735 104.736 -0.0061985 
v 0.62297 104.732 -0.184826 
v 0.351723 104.045 -0.535858 
v 0.394046 104.402 -0.535858 
v 0.499575 104.403 -0.452171 
v 0.445915 104.045 -0.452171 
v 0.261851 104.045 -0.643018 
v 0.262313 104.402 -0.622458 
v 0.106175 104.071 -0.804123 
v 0.0869275 104.474 -0.652453 
v 0.208509 104.104 -0.738148 
v 2.13427e-07 104.071 -0.822468 
v 9.07027e-08 104.446 -0.655643 
v -0.106175 104.071 -0.804123 
v -0.0869276 104.474 -0.652453 
v -0.208509 104.104 -0.738148 
v -0.262313 104.402 -0.622458 
v -0.26185 104.045 -0.643018 
v -0.351722 104.045 -0.535858 
v -0.394046 104.402 -0.535858 
v -0.445914 104.045 -0.452171 
v -0.499575 104.403 -0.452171 
v -0.62297 104.403 -0.184825 
v -0.55606 104.045 -0.184825 
v -0.666735 104.403 -0.00619854 
v -0.59512 104.045 -0.00619848 
v -0.6198 104.403 0.220686 
v -0.553225 104.045 0.220686 
v -0.51568 104.403 0.414658 
v -0.460288 104.045 0.414658 
v -0.373099 104.4 0.545122 
v -0.333024 104.045 0.550142 
v -0.110221 104.397 0.664692 
v -0.098382 104.045 0.584042 
v -0.00104635 104.397 0.664692 
v -0.000934236 104.045 0.584042 
v 0.110221 104.397 0.664692 
v -0.00104635 104.397 0.664692 
v -0.000934236 104.045 0.584042 
v 0.0983826 104.045 0.584042 
v 0.373099 104.4 0.545122 
v 0.333025 104.045 0.550142 
v 0.51568 104.403 0.414658 
v 0.460289 104.045 0.414658 
v 0.6198 104.403 0.220686 
v 0.553225 104.045 0.220686 
v 0.666735 104.403 -0.0061985 
v 0.59512 104.045 -0.00619845 
v 0.62297 104.403 -0.184825 
v 0.55606 104.045 -0.184825 
v 7.73747e-08 104.471 -0.816053 
v 2.95578e-08 104.615 -0.774083 
v 0.068748 104.625 -0.713133 
v 0.0802755 104.499 -0.768003 
v -0.0802756 104.499 -0.768003 
v -0.0687481 104.625 -0.713133 
v -0.260727 104.568 -0.596108 
v -0.433114 104.568 -0.501298 
v -0.57365 104.609 -0.386163 
v -0.62297 104.608 -0.184825 
v -0.666735 104.612 -0.00619854 
v -0.6198 104.612 0.220686 
v -0.51568 104.612 0.414657 
v -0.373099 104.608 0.543652 
v -0.110221 104.603 0.662762 
v -0.00104643 104.603 0.662762 
v 0.110221 104.603 0.662762 
v -0.00104643 104.603 0.662762 
v 0.373099 104.608 0.543652 
v 0.51568 104.612 0.414657 
v 0.6198 104.612 0.220686 
v 0.666735 104.612 -0.0061985 
v 0.62297 104.608 -0.184825 
v 0.57365 104.609 -0.386163 
v 0.433114 104.568 -0.501298 
v 0.260727 104.568 -0.596108 
v 0.261851 104.045 -0.643018 
v 0.092871 104.012 -0.707183 
v 0.106175 104.071 -0.804123 
v 0.208509 104.104 -0.738148 
v 2.371e-07 104.012 -0.707183 
v 2.13427e-07 104.071 -0.822468 
v -0.0928701 104.012 -0.707183 
v -0.106175 104.071 -0.804123 
v -0.26185 104.045 -0.643018 
v -0.208509 104.104 -0.738148 
v 2.28732e-07 104.045 -0.611558 
v -0.0851061 104.045 -0.604048 
v 0.085107 104.045 -0.604048 
v 0.288159 104.045 -0.488557 
v -0.288158 104.045 -0.488557 
v -0.407844 104.045 -0.375111 
v -0.445914 104.045 -0.452171 
v -0.351722 104.045 -0.535858 
v -0.445874 104.045 -0.183873 
v -0.55606 104.045 -0.184825 
v -0.47143 104.045 0.0012645 
v -0.59512 104.045 -0.00619848 
v -0.438028 104.045 0.225344 
v -0.553225 104.045 0.220686 
v -0.370577 104.045 0.420515 
v -0.460288 104.045 0.414658 
v -0.274615 104.045 0.537157 
v -0.333024 104.045 0.550142 
v -0.135308 104.045 0.532002 
v -0.098382 104.045 0.584042 
v 2.63066e-07 104.045 0.540467 
v -0.000934236 104.045 0.584042 
v 0.135308 104.044 0.532002 
v 0.0983826 104.045 0.584042 
v 0.274616 104.045 0.537157 
v 0.333025 104.045 0.550142 
v 0.370578 104.045 0.420515 
v 0.460289 104.045 0.414658 
v 0.438029 104.045 0.225344 
v 0.553225 104.045 0.220686 
v 0.471431 104.045 0.00126453 
v 0.59512 104.045 -0.00619845 
v 0.445875 104.045 -0.183873 
v 0.55606 104.045 -0.184825 
v 0.407845 104.045 -0.375111 
v 0.445915 104.045 -0.452171 
v 0.351723 104.045 -0.535858 
v 0.111929 104.851 -0.526108 
v 0.179069 104.901 -0.499773 
v 0.208455 104.885 -0.565338 
v 0.150311 104.842 -0.588143 
v 0.261599 104.899 -0.470182 
v 0.279928 104.884 -0.539708 
v 0.327996 104.846 -0.448637 
v 0.33743 104.838 -0.521053 
v 0.352898 104.762 -0.443369 
v 0.358995 104.765 -0.516488 
v 0.326793 104.679 -0.45639 
v 0.336388 104.693 -0.527768 
v 0.259654 104.629 -0.482726 
v 0.278244 104.65 -0.550573 
v 0.177124 104.631 -0.512318 
v 0.206771 104.652 -0.576203 
v 0.110727 104.684 -0.533863 
v 0.149269 104.698 -0.594858 
v 0.085825 104.768 -0.539133 
v 0.127704 104.771 -0.599423 
v 0.240764 104.838 -0.611048 
v 0.207194 104.813 -0.624218 
v 0.282029 104.837 -0.596253 
v 0.315227 104.81 -0.585483 
v 0.327678 104.768 -0.582848 
v 0.314626 104.727 -0.589358 
v 0.281056 104.702 -0.602528 
v 0.239791 104.703 -0.617323 
v 0.206593 104.73 -0.628093 
v 0.194142 104.772 -0.630728 
v 0.267338 104.771 -0.624663 
v -0.111929 104.851 -0.526108 
v -0.150311 104.842 -0.588143 
v -0.208455 104.885 -0.565338 
v -0.179069 104.901 -0.499773 
v -0.279928 104.884 -0.539708 
v -0.261599 104.899 -0.470182 
v -0.33743 104.838 -0.521053 
v -0.327996 104.846 -0.448637 
v -0.358995 104.765 -0.516488 
v -0.352898 104.762 -0.443369 
v -0.336388 104.693 -0.527768 
v -0.326793 104.679 -0.45639 
v -0.278244 104.65 -0.550573 
v -0.259654 104.629 -0.482726 
v -0.206771 104.652 -0.576203 
v -0.177124 104.631 -0.512318 
v -0.149269 104.698 -0.594858 
v -0.110727 104.684 -0.533863 
v -0.127704 104.771 -0.599423 
v -0.0858251 104.768 -0.539133 
v -0.207194 104.813 -0.624218 
v -0.240764 104.838 -0.611048 
v -0.282029 104.837 -0.596253 
v -0.315227 104.81 -0.585483 
v -0.327678 104.768 -0.582848 
v -0.314626 104.727 -0.589358 
v -0.281056 104.702 -0.602528 
v -0.239791 104.703 -0.617323 
v -0.206593 104.73 -0.628093 
v -0.194142 104.772 -0.630728 
v -0.267338 104.771 -0.624663 

vn 0 0.23622 -0.968504 
vn -0.188976 0.0787402 -0.976378 
vn -0.110236 0.181102 -0.976378 
vn 0 0.204724 -0.976378 
vn 0 -0.976378 0.220472 
vn 0.559055 -0.653543 0.503937 
vn 0.425197 -0.606299 0.669291 
vn 0 -0.905512 0.425197 
vn -0.637795 -0.244094 -0.732283 
vn -0.795276 -0.220472 -0.566929 
vn -0.834646 0.212598 -0.503937 
vn -0.598425 0.212598 -0.771654 
vn 0 -0.992126 -0.110236 
vn 0.590551 -0.708661 -0.385827 
vn 0.692913 -0.685039 -0.220472 
vn 0 -1 -0.023622 
vn -0.905512 0.291339 0.314961 
vn -0.937008 0 0.338583 
vn -0.779528 0 0.622047 
vn -0.771654 0.244094 0.590551 
vn 0 -1 -0.015748 
vn 0.724409 -0.692913 -0.015748 
vn 0.669291 -0.692913 0.259843 
vn 0 -1 0.0393701 
vn -0.92126 0.314961 -0.220472 
vn -0.937008 -0.0472441 -0.338583 
vn -1 0 -0.015748 
vn -0.952756 0.314961 -0.023622 
vn 0.0472441 -0.503937 -0.858268 
vn 0.11811 -0.401575 -0.905512 
vn 0.440945 -0.622047 -0.645669 
vn 0 -0.929134 -0.362205 
vn -0.503937 0.173228 0.84252 
vn -0.535433 0.015748 0.84252 
vn -0.204724 0.0314961 0.976378 
vn -0.188976 0.228346 0.952756 
vn -0.15748 0.708661 0.685039 
vn -0.283465 0.464567 0.834646 
vn -0.503937 0.173228 0.84252 
vn -0.188976 0.228346 0.952756 
vn -0.23622 0.96063 0.133858 
vn -0.629921 0.755906 0.181102 
vn -0.582677 0.708661 0.393701 
vn -0.19685 0.92126 0.330709 
vn -0.244094 0.96063 -0.15748 
vn -0.645669 0.748031 -0.141732 
vn -0.653543 0.755906 0 
vn -0.23622 0.968504 0.00787402 
vn -0.543307 0.590551 -0.598425 
vn -0.582677 0.716535 -0.377953 
vn -0.212598 0.905512 -0.370079 
vn -0.173228 0.850394 -0.496063 
vn -0.425197 0.472441 -0.771654 
vn -0.417323 0.15748 -0.897638 
vn -0.448819 -0.204724 -0.874016 
vn 0.228346 -0.488189 0.84252 
vn 0 -0.543307 0.84252 
vn -0.771654 0.244094 0.590551 
vn -0.125984 0.645669 -0.755906 
vn 0 0.629921 -0.779528 
vn 0.511811 -0.811024 0.283465 
vn 0.385827 -0.76378 0.519685 
vn 0.425197 -0.606299 0.669291 
vn 0.559055 -0.653543 0.503937 
vn 0.559055 -0.76378 -0.322835 
vn 0.653543 -0.740157 -0.15748 
vn 0.692913 -0.685039 -0.220472 
vn 0.590551 -0.708661 -0.385827 
vn 0.661417 -0.755906 0 
vn 0.669291 -0.732283 0.11811 
vn 0.669291 -0.692913 0.259843 
vn 0.724409 -0.692913 -0.015748 
vn 0 -0.732283 -0.685039 
vn 0.023622 -0.716535 -0.692913 
vn 0.11811 -0.401575 -0.905512 
vn 0.0472441 -0.503937 -0.858268 
vn 0.212598 -0.84252 -0.488189 
vn 0.440945 -0.622047 -0.645669 
vn 0.15748 -0.700787 0.700787 
vn 0.228346 -0.488189 0.84252 
vn -0.00787402 -0.645669 0.76378 
vn 0 -0.543307 0.84252 
vn 0.110236 0.181102 -0.976378 
vn 0.228346 0.023622 -0.976378 
vn -0.425197 -0.606299 0.669291 
vn -0.559055 -0.653543 0.503937 
vn 0.637795 -0.244094 -0.732283 
vn 0.598425 0.212598 -0.771654 
vn 0.834646 0.212598 -0.503937 
vn 0.779528 -0.204724 -0.590551 
vn -0.692913 -0.685039 -0.220472 
vn -0.590551 -0.708661 -0.385827 
vn 0.905512 0.291339 0.314961 
vn 0.771654 0.244094 0.590551 
vn 0.779528 0 0.622047 
vn 0.937008 0 0.338583 
vn -0.669291 -0.692913 0.259843 
vn -0.724409 -0.692913 -0.015748 
vn 0.92126 0.314961 -0.220472 
vn 0.952756 0.314961 -0.023622 
vn 1 0 -0.015748 
vn 0.944882 -0.0472441 -0.330709 
vn -0.480315 -0.622047 -0.614173 
vn 0.0393701 -0.952756 -0.314961 
vn 0.503937 0.173228 0.84252 
vn 0.188976 0.228346 0.952756 
vn 0.204724 0.0314961 0.976378 
vn 0.535433 0.015748 0.84252 
vn 0.15748 0.708661 0.685039 
vn 0.188976 0.228346 0.952756 
vn 0.503937 0.173228 0.84252 
vn 0.283465 0.464567 0.834646 
vn 0.23622 0.96063 0.133858 
vn 0.19685 0.92126 0.330709 
vn 0.582677 0.708661 0.393701 
vn 0.629921 0.755906 0.181102 
vn 0.244094 0.96063 -0.15748 
vn 0.23622 0.968504 0.00787402 
vn 0.653543 0.755906 0 
vn 0.645669 0.748031 -0.141732 
vn 0.543307 0.590551 -0.598425 
vn 0.181102 0.850394 -0.496063 
vn 0.212598 0.905512 -0.370079 
vn 0.582677 0.716535 -0.377953 
vn 0.417323 0.15748 -0.897638 
vn 0.425197 0.472441 -0.771654 
vn 0.385827 -0.244094 -0.889764 
vn -0.228346 -0.488189 0.84252 
vn 0.771654 0.244094 0.590551 
vn 0.125984 0.637795 -0.755906 
vn -0.511811 -0.811024 0.283465 
vn -0.559055 -0.653543 0.503937 
vn -0.425197 -0.606299 0.669291 
vn -0.370079 -0.76378 0.535433 
vn -0.559055 -0.76378 -0.322835 
vn -0.590551 -0.708661 -0.385827 
vn -0.692913 -0.685039 -0.220472 
vn -0.653543 -0.740157 -0.15748 
vn -0.661417 -0.755906 0 
vn -0.724409 -0.692913 -0.015748 
vn -0.669291 -0.692913 0.259843 
vn -0.669291 -0.732283 0.11811 
vn 0 -0.732283 -0.685039 
vn 0.0472441 -0.503937 -0.858268 
vn 0.0393701 -0.952756 -0.314961 
vn -0.023622 -0.724409 -0.685039 
vn -0.480315 -0.622047 -0.614173 
vn -0.204724 -0.834646 -0.519685 
vn -0.228346 -0.488189 0.84252 
vn -0.220472 -0.661417 0.716535 
vn 0 0.874016 -0.480315 
vn 0 0.929134 -0.377953 
vn 0 0.992126 -0.149606 
vn 0 1 0 
vn 0 0.992126 0.133858 
vn 0 0.944882 0.330709 
vn 0 0.724409 0.692913 
vn 0 0.244094 0.968504 
vn 0 0.0314961 1 
vn 0 0.244094 0.968504 
vn 0 0.244094 0.968504 
vn 0 0.0314961 1 
vn 0 0.244094 0.968504 
vn 0.503937 -0.0708661 -0.858268 
vn 0.732283 0.11811 -0.669291 
vn 0.472441 -0.0472441 -0.88189 
vn 0.629921 0.0787402 -0.771654 
vn -0.00787402 0.204724 -0.976378 
vn -0.590551 0.0472441 -0.811024 
vn -0.519685 -0.110236 -0.850394 
vn -0.519685 -0.0393701 -0.850394 
vn -0.716535 0.15748 -0.685039 
vn -0.937008 0.0551181 -0.354331 
vn -1 0 -0.015748 
vn -0.937008 0 0.338583 
vn -0.787402 0 0.622047 
vn -0.543307 0.015748 0.834646 
vn -0.212598 0.015748 0.976378 
vn 0 0.023622 1 
vn 0 0.023622 1 
vn 0.212598 0.015748 0.976378 
vn 0.543307 0.00787402 0.84252 
vn 0.787402 0 0.614173 
vn 0.937008 0 0.338583 
vn 1 0 -0.015748 
vn 0.913386 -0.00787402 -0.401575 
vn 0.472441 -0.755906 -0.456693 
vn 0.598425 0 -0.80315 
vn 0.771654 -0.0866142 -0.629921 
vn 0.574803 -0.700787 -0.417323 
vn 0.598425 -0.669291 -0.448819 
vn 0.448819 0.15748 -0.88189 
vn 0.314961 -0.330709 -0.889764 
vn 0.488189 -0.11811 -0.866142 
vn 0.677165 -0.102362 -0.732283 
vn -0.00787402 -0.322835 -0.944882 
vn -0.015748 -0.330709 -0.944882 
vn -0.338583 -0.354331 -0.874016 
vn -0.472441 -0.11811 -0.874016 
vn -0.653543 -0.204724 -0.732283 
vn -0.448819 0.15748 -0.88189 
vn -0.535433 -0.724409 -0.440945 
vn -0.472441 -0.755906 -0.456693 
vn -0.598425 0 -0.80315 
vn -0.566929 -0.708661 -0.425197 
vn -0.779528 -0.0708661 -0.622047 
vn -0.944882 -0.0787402 -0.322835 
vn -0.629921 -0.748031 -0.204724 
vn -0.992126 -0.0944882 -0.015748 
vn -0.677165 -0.732283 -0.00787402 
vn -0.937008 -0.0866142 0.338583 
vn -0.637795 -0.740157 0.220472 
vn -0.795276 -0.0629921 0.606299 
vn -0.566929 -0.716535 0.409449 
vn -0.559055 -0.0314961 0.826772 
vn -0.362205 -0.685039 0.637795 
vn -0.188976 -0.0787402 0.976378 
vn -0.0472441 -0.771654 0.637795 
vn 0 -0.110236 0.992126 
vn 0 -0.779528 0.622047 
vn 0.212598 -0.110236 0.968504 
vn 0 -0.110236 0.992126 
vn 0 -0.779528 0.622047 
vn 0.0866142 -0.740157 0.661417 
vn 0.535433 -0.0472441 0.84252 
vn 0.322835 -0.661417 0.677165 
vn 0.795276 -0.0551181 0.606299 
vn 0.566929 -0.724409 0.401575 
vn 0.937008 -0.0787402 0.330709 
vn 0.637795 -0.740157 0.212598 
vn 0.992126 -0.0944882 -0.015748 
vn 0.677165 -0.732283 -0.015748 
vn 0.944882 -0.110236 -0.299213 
vn 0.629921 -0.748031 -0.204724 
vn -0.00787402 -0.496063 -0.866142 
vn -0.00787402 0.291339 -0.952756 
vn 0.653543 0.173228 -0.732283 
vn 0.787402 -0.228346 -0.566929 
vn -0.787402 -0.259843 -0.566929 
vn -0.645669 0.188976 -0.740157 
vn -0.448819 0.141732 -0.88189 
vn -0.574803 0.165354 -0.80315 
vn -0.834646 0.11811 -0.535433 
vn -0.96063 -0.023622 -0.267717 
vn -1 0 -0.015748 
vn -0.937008 0 0.338583 
vn -0.787402 0 0.614173 
vn -0.551181 0.00787402 0.834646 
vn -0.212598 0.015748 0.976378 
vn 0 0.015748 1 
vn 0.212598 0.015748 0.976378 
vn 0 0.015748 1 
vn 0.551181 0.00787402 0.834646 
vn 0.787402 0 0.614173 
vn 0.937008 0 0.338583 
vn 1 0 -0.015748 
vn 0.952756 0.0551181 -0.299213 
vn 0.826772 0.23622 -0.503937 
vn 0.566929 0.165354 -0.80315 
vn 0.448819 0.149606 -0.88189 
vn 0.598425 -0.669291 -0.448819 
vn 0.102362 -0.984252 -0.15748 
vn 0.314961 -0.330709 -0.889764 
vn 0.677165 -0.102362 -0.732283 
vn -0.015748 -1 -0.0866142 
vn -0.00787402 -0.322835 -0.944882 
vn -0.149606 -0.976378 -0.15748 
vn -0.338583 -0.354331 -0.874016 
vn -0.535433 -0.724409 -0.440945 
vn -0.653543 -0.204724 -0.732283 
vn -0.00787402 -0.645669 0.76378 
vn 0.15748 -0.700787 0.700787 
vn -0.220472 -0.661417 0.716535 
vn -0.370079 -0.76378 0.535433 
vn 0.385827 -0.76378 0.519685 
vn 0.511811 -0.811024 0.283465 
vn -0.566929 -0.708661 -0.425197 
vn -0.472441 -0.755906 -0.456693 
vn 0.669291 -0.732283 0.11811 
vn -0.629921 -0.748031 -0.204724 
vn 0.661417 -0.755906 0 
vn -0.677165 -0.732283 -0.00787402 
vn 0.653543 -0.740157 -0.15748 
vn -0.637795 -0.740157 0.220472 
vn 0.559055 -0.76378 -0.322835 
vn -0.566929 -0.716535 0.409449 
vn 0.212598 -0.84252 -0.488189 
vn -0.362205 -0.685039 0.637795 
vn 0.023622 -0.716535 -0.692913 
vn -0.0472441 -0.771654 0.637795 
vn 0 -0.732283 -0.685039 
vn 0 -0.779528 0.622047 
vn -0.023622 -0.724409 -0.685039 
vn 0.0866142 -0.740157 0.661417 
vn -0.204724 -0.834646 -0.519685 
vn 0.322835 -0.661417 0.677165 
vn -0.559055 -0.76378 -0.322835 
vn 0.566929 -0.724409 0.401575 
vn -0.653543 -0.740157 -0.15748 
vn 0.637795 -0.740157 0.212598 
vn -0.661417 -0.755906 0 
vn 0.677165 -0.732283 -0.015748 
vn -0.669291 -0.732283 0.11811 
vn 0.629921 -0.748031 -0.204724 
vn -0.511811 -0.811024 0.283465 
vn 0.574803 -0.700787 -0.417323 
vn 0.472441 -0.755906 -0.456693 
vn -0.645669 0.598425 -0.480315 
vn -0.188976 0.937008 -0.299213 
vn -0.0866142 0.858268 -0.503937 
vn -0.503937 0.551181 -0.669291 
vn 0.377953 0.92126 -0.102362 
vn 0.425197 0.850394 -0.322835 
vn 0.826772 0.559055 0.0472441 
vn 0.834646 0.519685 -0.188976 
vn 1 -0.00787402 0.0787402 
vn 0.984252 0 -0.15748 
vn 0.818898 -0.574803 -0.00787402 
vn 0.826772 -0.511811 -0.23622 
vn 0.362205 -0.913386 -0.188976 
vn 0.409449 -0.818898 -0.401575 
vn -0.19685 -0.897638 -0.385827 
vn -0.102362 -0.811024 -0.582677 
vn -0.653543 -0.535433 -0.535433 
vn -0.511811 -0.480315 -0.716535 
vn -0.818898 0.0314961 -0.566929 
vn -0.661417 0.0393701 -0.748031 
vn 0.133858 0.551181 -0.826772 
vn -0.11811 0.362205 -0.92126 
vn 0.448819 0.543307 -0.716535 
vn 0.692913 0.338583 -0.629921 
vn 0.787402 0.023622 -0.614173 
vn 0.692913 -0.291339 -0.661417 
vn 0.440945 -0.480315 -0.76378 
vn 0.125984 -0.472441 -0.874016 
vn -0.125984 -0.267717 -0.952756 
vn -0.220472 0.0472441 -0.976378 
vn 0.338583 0.0393701 -0.937008 
vn 0.645669 0.598425 -0.480315 
vn 0.503937 0.551181 -0.669291 
vn 0.0866142 0.858268 -0.503937 
vn 0.188976 0.937008 -0.299213 
vn -0.425197 0.850394 -0.322835 
vn -0.377953 0.92126 -0.102362 
vn -0.834646 0.519685 -0.188976 
vn -0.826772 0.559055 0.0472441 
vn -0.984252 0 -0.15748 
vn -1 -0.00787402 0.0787402 
vn -0.826772 -0.511811 -0.23622 
vn -0.818898 -0.574803 -0.00787402 
vn -0.409449 -0.818898 -0.401575 
vn -0.362205 -0.913386 -0.188976 
vn 0.102362 -0.811024 -0.582677 
vn 0.19685 -0.897638 -0.385827 
vn 0.511811 -0.480315 -0.716535 
vn 0.653543 -0.535433 -0.535433 
vn 0.661417 0.0393701 -0.748031 
vn 0.818898 0.0314961 -0.566929 
vn 0.11811 0.362205 -0.92126 
vn -0.133858 0.551181 -0.826772 
vn -0.448819 0.543307 -0.716535 
vn -0.692913 0.338583 -0.629921 
vn -0.787402 0.023622 -0.614173 
vn -0.692913 -0.291339 -0.661417 
vn -0.440945 -0.480315 -0.76378 
vn -0.125984 -0.472441 -0.874016 
vn 0.125984 -0.267717 -0.952756 
vn 0.220472 0.0472441 -0.976378 
vn -0.338583 0.0393701 -0.937008 

vt 0.498983 0.231162 
vt 0.522557 0.232675 
vt 0.518041 0.269646 
vt 0.498382 0.2691 
vt 0.12584 0.932833 
vt 0.204463 0.934231 
vt 0.183641 0.957936 
vt 0.125119 0.959842 
vt 0.586897 0.252096 
vt 0.630213 0.278114 
vt 0.615971 0.307607 
vt 0.574843 0.285512 
vt 0.12951 0.791127 
vt 0.211454 0.787344 
vt 0.224438 0.816929 
vt 0.128748 0.821657 
vt 0.690849 0.422358 
vt 0.726059 0.377458 
vt 0.769514 0.401624 
vt 0.749069 0.439155 
vt 0.127767 0.859711 
vt 0.22896 0.855915 
vt 0.221089 0.905761 
vt 0.126555 0.905994 
vt 0.644299 0.338414 
vt 0.664657 0.306872 
vt 0.692123 0.338303 
vt 0.66747 0.370207 
vt 0.131312 0.746064 
vt 0.166371 0.741714 
vt 0.197545 0.763743 
vt 0.129809 0.769726 
vt 0.790699 0.455441 
vt 0.810309 0.42013 
vt 0.869824 0.450032 
vt 0.850501 0.483987 
vt 0.535027 0.529193 
vt 0.579917 0.524236 
vt 0.631599 0.545569 
vt 0.575643 0.595455 
vt 0.532864 0.459455 
vt 0.606663 0.447678 
vt 0.596449 0.490982 
vt 0.533359 0.497438 
vt 0.52821 0.400667 
vt 0.58781 0.378884 
vt 0.602292 0.408867 
vt 0.53158 0.431275 
vt 0.555977 0.324396 
vt 0.573308 0.352186 
vt 0.525994 0.381632 
vt 0.522692 0.360565 
vt 0.542294 0.310205 
vt 0.550863 0.276918 
vt 0.556893 0.241544 
vt 0.149178 0.98173 
vt 0.124506 0.982936 
vt 0.66484 0.49736 
vt 0.513573 0.321167 
vt 0.49767 0.319629 
vt 0.543173 0.975497 
vt 0.521247 0.977358 
vt 0.513376 0.828738 
vt 0.530986 0.823477 
vt 0.651118 0.960863 
vt 0.623706 0.964705 
vt 0.600836 0.812278 
vt 0.619483 0.810158 
vt 0.593602 0.968846 
vt 0.568792 0.972057 
vt 0.549138 0.818288 
vt 0.578191 0.814933 
vt 0.710129 0.949895 
vt 0.692432 0.953906 
vt 0.657233 0.814602 
vt 0.677179 0.80963 
vt 0.671099 0.957731 
vt 0.635514 0.810215 
vt 0.490053 0.979458 
vt 0.4904 0.836872 
vt 0.478771 0.979764 
vt 0.475872 0.837247 
vt 0.478722 0.269048 
vt 0.475374 0.23195 
vt 0.066779 0.954856 
vt 0.047252 0.930112 
vt 0.410469 0.249376 
vt 0.421474 0.283154 
vt 0.379683 0.303961 
vt 0.366368 0.274038 
vt 0.033411 0.81219 
vt 0.04784 0.783453 
vt 0.301263 0.416335 
vt 0.242447 0.431261 
vt 0.223217 0.393088 
vt 0.267446 0.370334 
vt 0.03216 0.900863 
vt 0.0269 0.850763 
vt 0.350411 0.333871 
vt 0.326258 0.364929 
vt 0.302607 0.332271 
vt 0.331045 0.301712 
vt 0.063272 0.760809 
vt 0.091222 0.742092 
vt 0.200267 0.446185 
vt 0.139539 0.472749 
vt 0.121337 0.438181 
vt 0.181818 0.410252 
vt 0.453819 0.527708 
vt 0.411527 0.592875 
vt 0.356889 0.541381 
vt 0.409137 0.521498 
vt 0.458117 0.458163 
vt 0.456445 0.496072 
vt 0.393583 0.487771 
vt 0.384678 0.444194 
vt 0.464545 0.39966 
vt 0.460265 0.430089 
vt 0.390234 0.405559 
vt 0.405633 0.376058 
vt 0.439118 0.322622 
vt 0.4713 0.359828 
vt 0.46735 0.380757 
vt 0.420951 0.349845 
vt 0.4457 0.275304 
vt 0.453211 0.308854 
vt 0.440782 0.239757 
vt 0.099931 0.980431 
vt 0.32504 0.492151 
vt 0.481535 0.320701 
vt 0.414284 0.978059 
vt 0.42021 0.825666 
vt 0.438041 0.830227 
vt 0.436247 0.979045 
vt 0.306045 0.96791 
vt 0.331017 0.815958 
vt 0.349819 0.817306 
vt 0.333516 0.970574 
vt 0.363703 0.973458 
vt 0.372617 0.819032 
vt 0.40183 0.821204 
vt 0.388578 0.975655 
vt 0.246924 0.959767 
vt 0.272275 0.817944 
vt 0.295331 0.807258 
vt 0.264624 0.963008 
vt 0.314909 0.81669 
vt 0.286042 0.965666 
vt 0.461339 0.837442 
vt 0.467489 0.979895 
vt 0.497616 0.359523 
vt 0.497477 0.38027 
vt 0.497264 0.401015 
vt 0.496731 0.433724 
vt 0.496213 0.463239 
vt 0.495401 0.50311 
vt 0.494624 0.540418 
vt 0.550654 0.609373 
vt 0.891597 0.462522 
vt 0.872288 0.496354 
vt 0.116935 0.484621 
vt 0.098742 0.450178 
vt 0.436612 0.607739 
vt 0.412438 0.211551 
vt 0.365002 0.235918 
vt 0.438297 0.203285 
vt 0.477247 0.197683 
vt 0.499541 0.195563 
vt 0.521758 0.198367 
vt 0.560519 0.205168 
vt 0.586111 0.21423 
vt 0.63277 0.240057 
vt 0.680466 0.274492 
vt 0.711699 0.304647 
vt 0.750423 0.33988 
vt 0.791588 0.366813 
vt 0.830133 0.387367 
vt 0.888603 0.418419 
vt 0.91021 0.43113 
vt 0.081164 0.418202 
vt 0.103596 0.405974 
vt 0.163061 0.376862 
vt 0.20226 0.357579 
vt 0.244274 0.331992 
vt 0.284096 0.298009 
vt 0.31626 0.26885 
vt 0.3468 0.07134 
vt 0.376255 0.146974 
vt 0.343515 0.164936 
vt 0.310259 0.09044 
vt 0.393101 0.051403 
vt 0.417469 0.129888 
vt 0.459914 0.032548 
vt 0.469034 0.134187 
vt 0.427622 0.040981 
vt 0.502137 0.028204 
vt 0.500615 0.126473 
vt 0.544208 0.03385 
vt 0.531943 0.135157 
vt 0.576231 0.043277 
vt 0.583624 0.132455 
vt 0.610422 0.054764 
vt 0.656097 0.076133 
vt 0.624298 0.15081 
vt 0.692047 0.096369 
vt 0.656476 0.169785 
vt 0.715385 0.210607 
vt 0.7563 0.138477 
vt 0.750191 0.237946 
vt 0.795964 0.168336 
vt 0.792943 0.270024 
vt 0.84233 0.202367 
vt 0.83401 0.29831 
vt 0.884217 0.231783 
vt 0.871308 0.320913 
vt 0.920439 0.255131 
vt 0.928234 0.353909 
vt 0.972249 0.286342 
vt 0.949606 0.36683 
vt 0.991318 0.297897 
vt 0.066079 0.340211 
vt 0.043884 0.352661 
vt 0.004477 0.282385 
vt 0.024285 0.271249 
vt 0.124049 0.309104 
vt 0.077079 0.241757 
vt 0.162053 0.287734 
vt 0.114019 0.219619 
vt 0.203997 0.260799 
vt 0.156803 0.191592 
vt 0.247735 0.230111 
vt 0.204196 0.159079 
vt 0.283371 0.20389 
vt 0.244748 0.130505 
vt 0.500247 0.150205 
vt 0.499899 0.17259 
vt 0.476807 0.173927 
vt 0.48716 0.145373 
vt 0.513477 0.145778 
vt 0.52294 0.174636 
vt 0.576429 0.170421 
vt 0.621165 0.189038 
vt 0.654847 0.21981 
vt 0.692534 0.25064 
vt 0.725663 0.278959 
vt 0.766949 0.312281 
vt 0.808082 0.340291 
vt 0.845842 0.362216 
vt 0.903409 0.394389 
vt 0.924824 0.407241 
vt 0.089575 0.381477 
vt 0.067335 0.393855 
vt 0.148168 0.351213 
vt 0.18662 0.330533 
vt 0.22863 0.303871 
vt 0.270951 0.271886 
vt 0.304948 0.244628 
vt 0.343572 0.21499 
vt 0.37819 0.185281 
vt 0.423478 0.168061 
vt 0.191542 0.711809 
vt 0.215173 0.721666 
vt 0.211081 0.739649 
vt 0.198534 0.730302 
vt 0.232599 0.723253 
vt 0.230551 0.744876 
vt 0.250016 0.725003 
vt 0.250673 0.743418 
vt 0.275108 0.719696 
vt 0.264762 0.736577 
vt 0.23391 0.70942 
vt 0.250127 0.709635 
vt 0.217912 0.706528 
vt 0.181262 0.681913 
vt 0.290521 0.692166 
vt 0.314753 0.673111 
vt 0.320812 0.688112 
vt 0.301546 0.702229 
vt 0.323853 0.637731 
vt 0.344558 0.639002 
vt 0.330276 0.603248 
vt 0.353474 0.605701 
vt 0.32579 0.560853 
vt 0.347417 0.562698 
vt 0.314808 0.523505 
vt 0.331617 0.525479 
vt 0.298019 0.500459 
vt 0.309151 0.498742 
vt 0.272966 0.483069 
vt 0.266849 0.47273 
vt 0.24767 0.479173 
vt 0.248661 0.471029 
vt 0.222142 0.477993 
vt 0.230113 0.469003 
vt 0.194425 0.490416 
vt 0.183708 0.486952 
vt 0.174714 0.510721 
vt 0.15779 0.51062 
vt 0.15973 0.546471 
vt 0.138029 0.546057 
vt 0.151108 0.588157 
vt 0.12778 0.588327 
vt 0.15417 0.623137 
vt 0.133442 0.622327 
vt 0.159732 0.659393 
vt 0.151879 0.673541 
vt 0.168736 0.690084 
vt 0.957088 0.92584 
vt 0.888897 0.977934 
vt 0.88325 0.959662 
vt 0.942306 0.914548 
vt 0.804607 0.977934 
vt 0.810253 0.959662 
vt 0.736415 0.92584 
vt 0.751198 0.914548 
vt 0.710368 0.841551 
vt 0.72864 0.841551 
vt 0.736415 0.757261 
vt 0.751198 0.768553 
vt 0.804607 0.705167 
vt 0.810253 0.723439 
vt 0.888897 0.705167 
vt 0.88325 0.723439 
vt 0.957088 0.757261 
vt 0.942306 0.768553 
vt 0.983135 0.841551 
vt 0.964864 0.841551 
vt 0.867824 0.909742 
vt 0.90192 0.883695 
vt 0.825679 0.909742 
vt 0.791583 0.883695 
vt 0.77856 0.841551 
vt 0.791583 0.799406 
vt 0.825679 0.773359 
vt 0.867824 0.773359 
vt 0.90192 0.799406 
vt 0.914944 0.841551 
vt 0.846752 0.841551 
vt 0.957088 0.92584 
vt 0.942306 0.914548 
vt 0.88325 0.959662 
vt 0.888897 0.977934 
vt 0.810253 0.959662 
vt 0.804607 0.977934 
vt 0.751198 0.914548 
vt 0.736415 0.92584 
vt 0.72864 0.841551 
vt 0.710368 0.841551 
vt 0.751198 0.768553 
vt 0.736415 0.757261 
vt 0.810253 0.723439 
vt 0.804607 0.705167 
vt 0.88325 0.723439 
vt 0.888897 0.705167 
vt 0.942306 0.768553 
vt 0.957088 0.757261 
vt 0.964864 0.841551 
vt 0.983135 0.841551 
vt 0.90192 0.883695 
vt 0.867824 0.909742 
vt 0.825679 0.909742 
vt 0.791583 0.883695 
vt 0.77856 0.841551 
vt 0.791583 0.799406 
vt 0.825679 0.773359 
vt 0.867824 0.773359 
vt 0.90192 0.799406 
vt 0.914944 0.841551 
vt 0.846752 0.841551 

usemtl Handle3Mtl

f 4633/4633/4633 4634/4634/4634 4635/4635/4635 
f 4633/4633/4633 4635/4635/4635 4636/4636/4636 
f 4637/4637/4637 4638/4638/4638 4639/4639/4639 
f 4637/4637/4637 4639/4639/4639 4640/4640/4640 
f 4641/4641/4641 4642/4642/4642 4643/4643/4643 
f 4641/4641/4641 4643/4643/4643 4644/4644/4644 
f 4645/4645/4645 4646/4646/4646 4647/4647/4647 
f 4645/4645/4645 4647/4647/4647 4648/4648/4648 
f 4649/4649/4649 4650/4650/4650 4651/4651/4651 
f 4649/4649/4649 4651/4651/4651 4652/4652/4652 
f 4653/4653/4653 4654/4654/4654 4655/4655/4655 
f 4653/4653/4653 4655/4655/4655 4656/4656/4656 
f 4657/4657/4657 4658/4658/4658 4659/4659/4659 
f 4657/4657/4657 4659/4659/4659 4660/4660/4660 
f 4661/4661/4661 4662/4662/4662 4663/4663/4663 
f 4661/4661/4661 4663/4663/4663 4664/4664/4664 
f 4665/4665/4665 4666/4666/4666 4667/4667/4667 
f 4665/4665/4665 4667/4667/4667 4668/4668/4668 
f 4669/4669/4669 4670/4670/4670 4671/4671/4671 
f 4669/4669/4669 4671/4671/4671 4672/4672/4672 
f 4673/4673/4673 4674/4674/4674 4675/4675/4675 
f 4673/4673/4673 4675/4675/4675 4676/4676/4676 
f 4677/4677/4677 4678/4678/4678 4679/4679/4679 
f 4677/4677/4677 4679/4679/4679 4680/4680/4680 
f 4681/4681/4681 4682/4682/4682 4683/4683/4683 
f 4681/4681/4681 4683/4683/4683 4684/4684/4684 
f 4676/4676/4676 4675/4675/4675 4670/4670/4670 
f 4676/4676/4676 4670/4670/4670 4669/4669/4669 
f 4652/4652/4652 4651/4651/4651 4666/4666/4666 
f 4652/4652/4652 4666/4666/4666 4665/4665/4665 
f 4664/4664/4664 4663/4663/4663 4646/4646/4646 
f 4664/4664/4664 4646/4646/4646 4645/4645/4645 
f 4681/4681/4681 4685/4685/4685 4686/4686/4686 
f 4681/4681/4681 4686/4686/4686 4644/4644/4644 
f 4687/4687/4687 4641/4641/4641 4644/4644/4644 
f 4687/4687/4687 4644/4644/4644 4686/4686/4686 
f 4640/4640/4640 4639/4639/4639 4688/4688/4688 
f 4640/4640/4640 4688/4688/4688 4689/4689/4689 
f 4683/4683/4683 4682/4682/4682 4678/4678/4678 
f 4683/4683/4683 4678/4678/4678 4677/4677/4677 
f 4643/4643/4643 4642/4642/4642 4658/4658/4658 
f 4643/4643/4643 4658/4658/4658 4657/4657/4657 
f 4656/4656/4656 4655/4655/4655 4638/4638/4638 
f 4656/4656/4656 4638/4638/4638 4637/4637/4637 
f 4680/4680/4680 4679/4679/4679 4674/4674/4674 
f 4680/4680/4680 4674/4674/4674 4673/4673/4673 
f 4660/4660/4660 4659/4659/4659 4650/4650/4650 
f 4660/4660/4660 4650/4650/4650 4649/4649/4649 
f 4648/4648/4648 4647/4647/4647 4654/4654/4654 
f 4648/4648/4648 4654/4654/4654 4653/4653/4653 
f 4644/4644/4644 4643/4643/4643 4682/4682/4682 
f 4644/4644/4644 4682/4682/4682 4681/4681/4681 
f 4678/4678/4678 4682/4682/4682 4643/4643/4643 
f 4678/4678/4678 4643/4643/4643 4657/4657/4657 
f 4679/4679/4679 4678/4678/4678 4657/4657/4657 
f 4679/4679/4679 4657/4657/4657 4660/4660/4660 
f 4674/4674/4674 4679/4679/4679 4660/4660/4660 
f 4674/4674/4674 4660/4660/4660 4649/4649/4649 
f 4675/4675/4675 4674/4674/4674 4649/4649/4649 
f 4675/4675/4675 4649/4649/4649 4690/4690/4690 
f 4670/4670/4670 4675/4675/4675 4690/4690/4690 
f 4670/4670/4670 4690/4690/4690 4671/4671/4671 
f 4681/4681/4681 4684/4684/4684 4691/4691/4691 
f 4681/4681/4681 4691/4691/4691 4685/4685/4685 
f 4634/4634/4634 4687/4687/4687 4686/4686/4686 
f 4634/4634/4634 4686/4686/4686 4635/4635/4635 
f 4635/4635/4635 4691/4691/4691 4692/4692/4692 
f 4635/4635/4635 4692/4692/4692 4636/4636/4636 
f 4685/4685/4685 4691/4691/4691 4635/4635/4635 
f 4685/4685/4685 4635/4635/4635 4686/4686/4686 
f 4693/4693/4693 4694/4694/4694 4695/4695/4695 
f 4693/4693/4693 4695/4695/4695 4696/4696/4696 
f 4697/4697/4697 4698/4698/4698 4699/4699/4699 
f 4697/4697/4697 4699/4699/4699 4700/4700/4700 
f 4701/4701/4701 4702/4702/4702 4703/4703/4703 
f 4701/4701/4701 4703/4703/4703 4704/4704/4704 
f 4705/4705/4705 4706/4706/4706 4707/4707/4707 
f 4705/4705/4705 4707/4707/4707 4708/4708/4708 
f 4706/4706/4706 4709/4709/4709 4710/4710/4710 
f 4706/4706/4706 4710/4710/4710 4707/4707/4707 
f 4709/4709/4709 4697/4697/4697 4700/4700/4700 
f 4709/4709/4709 4700/4700/4700 4710/4710/4710 
f 4694/4694/4694 4711/4711/4711 4712/4712/4712 
f 4694/4694/4694 4712/4712/4712 4695/4695/4695 
f 4711/4711/4711 4713/4713/4713 4714/4714/4714 
f 4711/4711/4711 4714/4714/4714 4712/4712/4712 
f 4702/4702/4702 4693/4693/4693 4696/4696/4696 
f 4702/4702/4702 4696/4696/4696 4703/4703/4703 
f 4698/4698/4698 4701/4701/4701 4704/4704/4704 
f 4698/4698/4698 4704/4704/4704 4699/4699/4699 
f 4633/4633/4633 4636/4636/4636 4715/4715/4715 
f 4633/4633/4633 4715/4715/4715 4716/4716/4716 
f 4637/4637/4637 4640/4640/4640 4717/4717/4717 
f 4637/4637/4637 4717/4717/4717 4718/4718/4718 
f 4719/4719/4719 4720/4720/4720 4721/4721/4721 
f 4719/4719/4719 4721/4721/4721 4722/4722/4722 
f 4645/4645/4645 4648/4648/4648 4723/4723/4723 
f 4645/4645/4645 4723/4723/4723 4724/4724/4724 
f 4725/4725/4725 4726/4726/4726 4727/4727/4727 
f 4725/4725/4725 4727/4727/4727 4728/4728/4728 
f 4653/4653/4653 4656/4656/4656 4729/4729/4729 
f 4653/4653/4653 4729/4729/4729 4730/4730/4730 
f 4731/4731/4731 4732/4732/4732 4733/4733/4733 
f 4731/4731/4731 4733/4733/4733 4734/4734/4734 
f 4661/4661/4661 4664/4664/4664 4735/4735/4735 
f 4661/4661/4661 4735/4735/4735 4736/4736/4736 
f 4737/4737/4737 4738/4738/4738 4739/4739/4739 
f 4737/4737/4737 4739/4739/4739 4740/4740/4740 
f 4741/4741/4741 4742/4742/4742 4743/4743/4743 
f 4741/4741/4741 4743/4743/4743 4744/4744/4744 
f 4745/4745/4745 4746/4746/4746 4747/4747/4747 
f 4745/4745/4745 4747/4747/4747 4748/4748/4748 
f 4749/4749/4749 4750/4750/4750 4751/4751/4751 
f 4749/4749/4749 4751/4751/4751 4752/4752/4752 
f 4753/4753/4753 4754/4754/4754 4755/4755/4755 
f 4753/4753/4753 4755/4755/4755 4756/4756/4756 
f 4746/4746/4746 4741/4741/4741 4744/4744/4744 
f 4746/4746/4746 4744/4744/4744 4747/4747/4747 
f 4726/4726/4726 4737/4737/4737 4740/4740/4740 
f 4726/4726/4726 4740/4740/4740 4727/4727/4727 
f 4664/4664/4664 4645/4645/4645 4724/4724/4724 
f 4664/4664/4664 4724/4724/4724 4735/4735/4735 
f 4753/4753/4753 4720/4720/4720 4757/4757/4757 
f 4753/4753/4753 4757/4757/4757 4758/4758/4758 
f 4759/4759/4759 4757/4757/4757 4720/4720/4720 
f 4759/4759/4759 4720/4720/4720 4719/4719/4719 
f 4640/4640/4640 4689/4689/4689 4760/4760/4760 
f 4640/4640/4640 4760/4760/4760 4717/4717/4717 
f 4755/4755/4755 4749/4749/4749 4752/4752/4752 
f 4755/4755/4755 4752/4752/4752 4756/4756/4756 
f 4721/4721/4721 4731/4731/4731 4734/4734/4734 
f 4721/4721/4721 4734/4734/4734 4722/4722/4722 
f 4656/4656/4656 4637/4637/4637 4718/4718/4718 
f 4656/4656/4656 4718/4718/4718 4729/4729/4729 
f 4750/4750/4750 4745/4745/4745 4748/4748/4748 
f 4750/4750/4750 4748/4748/4748 4751/4751/4751 
f 4732/4732/4732 4725/4725/4725 4728/4728/4728 
f 4732/4732/4732 4728/4728/4728 4733/4733/4733 
f 4648/4648/4648 4653/4653/4653 4730/4730/4730 
f 4648/4648/4648 4730/4730/4730 4723/4723/4723 
f 4720/4720/4720 4753/4753/4753 4756/4756/4756 
f 4720/4720/4720 4756/4756/4756 4721/4721/4721 
f 4752/4752/4752 4731/4731/4731 4721/4721/4721 
f 4752/4752/4752 4721/4721/4721 4756/4756/4756 
f 4751/4751/4751 4732/4732/4732 4731/4731/4731 
f 4751/4751/4751 4731/4731/4731 4752/4752/4752 
f 4748/4748/4748 4725/4725/4725 4732/4732/4732 
f 4748/4748/4748 4732/4732/4732 4751/4751/4751 
f 4747/4747/4747 4761/4761/4761 4725/4725/4725 
f 4747/4747/4747 4725/4725/4725 4748/4748/4748 
f 4744/4744/4744 4743/4743/4743 4761/4761/4761 
f 4744/4744/4744 4761/4761/4761 4747/4747/4747 
f 4753/4753/4753 4758/4758/4758 4762/4762/4762 
f 4753/4753/4753 4762/4762/4762 4754/4754/4754 
f 4716/4716/4716 4715/4715/4715 4757/4757/4757 
f 4716/4716/4716 4757/4757/4757 4759/4759/4759 
f 4715/4715/4715 4636/4636/4636 4692/4692/4692 
f 4715/4715/4715 4692/4692/4692 4762/4762/4762 
f 4758/4758/4758 4757/4757/4757 4715/4715/4715 
f 4758/4758/4758 4715/4715/4715 4762/4762/4762 
f 4763/4763/4763 4764/4764/4764 4765/4765/4765 
f 4763/4763/4763 4765/4765/4765 4766/4766/4766 
f 4767/4767/4767 4768/4768/4768 4769/4769/4769 
f 4767/4767/4767 4769/4769/4769 4770/4770/4770 
f 4771/4771/4771 4772/4772/4772 4773/4773/4773 
f 4771/4771/4771 4773/4773/4773 4774/4774/4774 
f 4775/4775/4775 4776/4776/4776 4777/4777/4777 
f 4775/4775/4775 4777/4777/4777 4778/4778/4778 
f 4778/4778/4778 4777/4777/4777 4779/4779/4779 
f 4778/4778/4778 4779/4779/4779 4780/4780/4780 
f 4780/4780/4780 4779/4779/4779 4768/4768/4768 
f 4780/4780/4780 4768/4768/4768 4767/4767/4767 
f 4766/4766/4766 4765/4765/4765 4781/4781/4781 
f 4766/4766/4766 4781/4781/4781 4782/4782/4782 
f 4782/4782/4782 4781/4781/4781 4714/4714/4714 
f 4782/4782/4782 4714/4714/4714 4713/4713/4713 
f 4774/4774/4774 4773/4773/4773 4764/4764/4764 
f 4774/4774/4774 4764/4764/4764 4763/4763/4763 
f 4770/4770/4770 4769/4769/4769 4772/4772/4772 
f 4770/4770/4770 4772/4772/4772 4771/4771/4771 
f 4691/4691/4691 4684/4684/4684 4783/4783/4783 
f 4691/4691/4691 4783/4783/4783 4692/4692/4692 
f 4684/4684/4684 4683/4683/4683 4784/4784/4784 
f 4684/4684/4684 4784/4784/4784 4783/4783/4783 
f 4785/4785/4785 4784/4784/4784 4683/4683/4683 
f 4785/4785/4785 4683/4683/4683 4677/4677/4677 
f 4677/4677/4677 4680/4680/4680 4786/4786/4786 
f 4677/4677/4677 4786/4786/4786 4785/4785/4785 
f 4680/4680/4680 4673/4673/4673 4787/4787/4787 
f 4680/4680/4680 4787/4787/4787 4786/4786/4786 
f 4673/4673/4673 4676/4676/4676 4788/4788/4788 
f 4673/4673/4673 4788/4788/4788 4787/4787/4787 
f 4676/4676/4676 4669/4669/4669 4789/4789/4789 
f 4676/4676/4676 4789/4789/4789 4788/4788/4788 
f 4669/4669/4669 4672/4672/4672 4790/4790/4790 
f 4669/4669/4669 4790/4790/4790 4789/4789/4789 
f 4668/4668/4668 4667/4667/4667 4791/4791/4791 
f 4668/4668/4668 4791/4791/4791 4792/4792/4792 
f 4793/4793/4793 4794/4794/4794 4739/4739/4739 
f 4793/4793/4793 4739/4739/4739 4738/4738/4738 
f 4789/4789/4789 4795/4795/4795 4742/4742/4742 
f 4789/4789/4789 4742/4742/4742 4741/4741/4741 
f 4788/4788/4788 4789/4789/4789 4741/4741/4741 
f 4788/4788/4788 4741/4741/4741 4746/4746/4746 
f 4787/4787/4787 4788/4788/4788 4746/4746/4746 
f 4787/4787/4787 4746/4746/4746 4745/4745/4745 
f 4786/4786/4786 4787/4787/4787 4745/4745/4745 
f 4786/4786/4786 4745/4745/4745 4750/4750/4750 
f 4785/4785/4785 4786/4786/4786 4750/4750/4750 
f 4785/4785/4785 4750/4750/4750 4749/4749/4749 
f 4749/4749/4749 4755/4755/4755 4784/4784/4784 
f 4749/4749/4749 4784/4784/4784 4785/4785/4785 
f 4783/4783/4783 4784/4784/4784 4755/4755/4755 
f 4783/4783/4783 4755/4755/4755 4754/4754/4754 
f 4692/4692/4692 4783/4783/4783 4754/4754/4754 
f 4692/4692/4692 4754/4754/4754 4762/4762/4762 
f 4796/4796/4796 4719/4719/4719 4722/4722/4722 
f 4796/4796/4796 4722/4722/4722 4797/4797/4797 
f 4798/4798/4798 4759/4759/4759 4719/4719/4719 
f 4798/4798/4798 4719/4719/4719 4796/4796/4796 
f 4798/4798/4798 4799/4799/4799 4716/4716/4716 
f 4798/4798/4798 4716/4716/4716 4759/4759/4759 
f 4800/4800/4800 4633/4633/4633 4716/4716/4716 
f 4800/4800/4800 4716/4716/4716 4799/4799/4799 
f 4800/4800/4800 4801/4801/4801 4634/4634/4634 
f 4800/4800/4800 4634/4634/4634 4633/4633/4633 
f 4801/4801/4801 4802/4802/4802 4687/4687/4687 
f 4801/4801/4801 4687/4687/4687 4634/4634/4634 
f 4802/4802/4802 4803/4803/4803 4641/4641/4641 
f 4802/4802/4802 4641/4641/4641 4687/4687/4687 
f 4803/4803/4803 4804/4804/4804 4642/4642/4642 
f 4803/4803/4803 4642/4642/4642 4641/4641/4641 
f 4658/4658/4658 4642/4642/4642 4804/4804/4804 
f 4658/4658/4658 4804/4804/4804 4805/4805/4805 
f 4659/4659/4659 4658/4658/4658 4805/4805/4805 
f 4659/4659/4659 4805/4805/4805 4806/4806/4806 
f 4650/4650/4650 4659/4659/4659 4806/4806/4806 
f 4650/4650/4650 4806/4806/4806 4807/4807/4807 
f 4651/4651/4651 4650/4650/4650 4807/4807/4807 
f 4651/4651/4651 4807/4807/4807 4808/4808/4808 
f 4666/4666/4666 4651/4651/4651 4808/4808/4808 
f 4666/4666/4666 4808/4808/4808 4809/4809/4809 
f 4667/4667/4667 4666/4666/4666 4809/4809/4809 
f 4667/4667/4667 4809/4809/4809 4810/4810/4810 
f 4791/4791/4791 4667/4667/4667 4810/4810/4810 
f 4791/4791/4791 4810/4810/4810 4811/4811/4811 
f 4739/4739/4739 4794/4794/4794 4812/4812/4812 
f 4739/4739/4739 4812/4812/4812 4813/4813/4813 
f 4740/4740/4740 4739/4739/4739 4813/4813/4813 
f 4740/4740/4740 4813/4813/4813 4814/4814/4814 
f 4727/4727/4727 4740/4740/4740 4814/4814/4814 
f 4727/4727/4727 4814/4814/4814 4815/4815/4815 
f 4728/4728/4728 4727/4727/4727 4815/4815/4815 
f 4728/4728/4728 4815/4815/4815 4816/4816/4816 
f 4733/4733/4733 4728/4728/4728 4816/4816/4816 
f 4733/4733/4733 4816/4816/4816 4817/4817/4817 
f 4734/4734/4734 4733/4733/4733 4817/4817/4817 
f 4734/4734/4734 4817/4817/4817 4818/4818/4818 
f 4722/4722/4722 4734/4734/4734 4818/4818/4818 
f 4722/4722/4722 4818/4818/4818 4797/4797/4797 
f 4819/4819/4819 4820/4820/4820 4821/4821/4821 
f 4819/4819/4819 4821/4821/4821 4822/4822/4822 
f 4823/4823/4823 4824/4824/4824 4820/4820/4820 
f 4823/4823/4823 4820/4820/4820 4819/4819/4819 
f 4825/4825/4825 4826/4826/4826 4824/4824/4824 
f 4825/4825/4825 4824/4824/4824 4827/4827/4827 
f 4828/4828/4828 4829/4829/4829 4826/4826/4826 
f 4828/4828/4828 4826/4826/4826 4825/4825/4825 
f 4828/4828/4828 4830/4830/4830 4831/4831/4831 
f 4828/4828/4828 4831/4831/4831 4829/4829/4829 
f 4830/4830/4830 4832/4832/4832 4833/4833/4833 
f 4830/4830/4830 4833/4833/4833 4831/4831/4831 
f 4834/4834/4834 4835/4835/4835 4836/4836/4836 
f 4834/4834/4834 4836/4836/4836 4833/4833/4833 
f 4835/4835/4835 4837/4837/4837 4838/4838/4838 
f 4835/4835/4835 4838/4838/4838 4836/4836/4836 
f 4839/4839/4839 4838/4838/4838 4837/4837/4837 
f 4839/4839/4839 4837/4837/4837 4840/4840/4840 
f 4841/4841/4841 4839/4839/4839 4840/4840/4840 
f 4841/4841/4841 4840/4840/4840 4842/4842/4842 
f 4843/4843/4843 4841/4841/4841 4842/4842/4842 
f 4843/4843/4843 4842/4842/4842 4844/4844/4844 
f 4845/4845/4845 4843/4843/4843 4844/4844/4844 
f 4845/4845/4845 4844/4844/4844 4846/4846/4846 
f 4847/4847/4847 4845/4845/4845 4846/4846/4846 
f 4847/4847/4847 4846/4846/4846 4848/4848/4848 
f 4849/4849/4849 4847/4847/4847 4848/4848/4848 
f 4849/4849/4849 4848/4848/4848 4850/4850/4850 
f 4851/4851/4851 4849/4849/4849 4850/4850/4850 
f 4851/4851/4851 4850/4850/4850 4852/4852/4852 
f 4853/4853/4853 4854/4854/4854 4855/4855/4855 
f 4853/4853/4853 4855/4855/4855 4856/4856/4856 
f 4857/4857/4857 4853/4853/4853 4856/4856/4856 
f 4857/4857/4857 4856/4856/4856 4858/4858/4858 
f 4859/4859/4859 4857/4857/4857 4858/4858/4858 
f 4859/4859/4859 4858/4858/4858 4860/4860/4860 
f 4861/4861/4861 4859/4859/4859 4860/4860/4860 
f 4861/4861/4861 4860/4860/4860 4862/4862/4862 
f 4863/4863/4863 4861/4861/4861 4862/4862/4862 
f 4863/4863/4863 4862/4862/4862 4864/4864/4864 
f 4865/4865/4865 4863/4863/4863 4864/4864/4864 
f 4865/4865/4865 4864/4864/4864 4866/4866/4866 
f 4821/4821/4821 4865/4865/4865 4866/4866/4866 
f 4821/4821/4821 4866/4866/4866 4822/4822/4822 
f 4867/4867/4867 4868/4868/4868 4869/4869/4869 
f 4867/4867/4867 4869/4869/4869 4870/4870/4870 
f 4867/4867/4867 4871/4871/4871 4872/4872/4872 
f 4867/4867/4867 4872/4872/4872 4868/4868/4868 
f 4831/4831/4831 4833/4833/4833 4873/4873/4873 
f 4831/4831/4831 4873/4873/4873 4872/4872/4872 
f 4833/4833/4833 4836/4836/4836 4874/4874/4874 
f 4833/4833/4833 4874/4874/4874 4873/4873/4873 
f 4836/4836/4836 4838/4838/4838 4875/4875/4875 
f 4836/4836/4836 4875/4875/4875 4874/4874/4874 
f 4876/4876/4876 4875/4875/4875 4838/4838/4838 
f 4876/4876/4876 4838/4838/4838 4839/4839/4839 
f 4877/4877/4877 4876/4876/4876 4839/4839/4839 
f 4877/4877/4877 4839/4839/4839 4841/4841/4841 
f 4878/4878/4878 4877/4877/4877 4841/4841/4841 
f 4878/4878/4878 4841/4841/4841 4843/4843/4843 
f 4879/4879/4879 4878/4878/4878 4843/4843/4843 
f 4879/4879/4879 4843/4843/4843 4845/4845/4845 
f 4880/4880/4880 4879/4879/4879 4845/4845/4845 
f 4880/4880/4880 4845/4845/4845 4847/4847/4847 
f 4881/4881/4881 4880/4880/4880 4847/4847/4847 
f 4881/4881/4881 4847/4847/4847 4849/4849/4849 
f 4882/4882/4882 4881/4881/4881 4849/4849/4849 
f 4882/4882/4882 4849/4849/4849 4851/4851/4851 
f 4883/4883/4883 4884/4884/4884 4854/4854/4854 
f 4883/4883/4883 4854/4854/4854 4853/4853/4853 
f 4885/4885/4885 4883/4883/4883 4853/4853/4853 
f 4885/4885/4885 4853/4853/4853 4857/4857/4857 
f 4886/4886/4886 4885/4885/4885 4857/4857/4857 
f 4886/4886/4886 4857/4857/4857 4859/4859/4859 
f 4887/4887/4887 4886/4886/4886 4859/4859/4859 
f 4887/4887/4887 4859/4859/4859 4861/4861/4861 
f 4888/4888/4888 4887/4887/4887 4861/4861/4861 
f 4888/4888/4888 4861/4861/4861 4863/4863/4863 
f 4889/4889/4889 4888/4888/4888 4863/4863/4863 
f 4889/4889/4889 4863/4863/4863 4865/4865/4865 
f 4890/4890/4890 4889/4889/4889 4865/4865/4865 
f 4890/4890/4890 4865/4865/4865 4821/4821/4821 
f 4820/4820/4820 4891/4891/4891 4890/4890/4890 
f 4820/4820/4820 4890/4890/4890 4821/4821/4821 
f 4824/4824/4824 4892/4892/4892 4891/4891/4891 
f 4824/4824/4824 4891/4891/4891 4820/4820/4820 
f 4826/4826/4826 4869/4869/4869 4892/4892/4892 
f 4826/4826/4826 4892/4892/4892 4824/4824/4824 
f 4891/4891/4891 4796/4796/4796 4797/4797/4797 
f 4891/4891/4891 4797/4797/4797 4890/4890/4890 
f 4797/4797/4797 4818/4818/4818 4889/4889/4889 
f 4797/4797/4797 4889/4889/4889 4890/4890/4890 
f 4818/4818/4818 4817/4817/4817 4888/4888/4888 
f 4818/4818/4818 4888/4888/4888 4889/4889/4889 
f 4817/4817/4817 4816/4816/4816 4887/4887/4887 
f 4817/4817/4817 4887/4887/4887 4888/4888/4888 
f 4816/4816/4816 4815/4815/4815 4886/4886/4886 
f 4816/4816/4816 4886/4886/4886 4887/4887/4887 
f 4815/4815/4815 4814/4814/4814 4885/4885/4885 
f 4815/4815/4815 4885/4885/4885 4886/4886/4886 
f 4814/4814/4814 4813/4813/4813 4883/4883/4883 
f 4814/4814/4814 4883/4883/4883 4885/4885/4885 
f 4813/4813/4813 4812/4812/4812 4884/4884/4884 
f 4813/4813/4813 4884/4884/4884 4883/4883/4883 
f 4811/4811/4811 4810/4810/4810 4881/4881/4881 
f 4811/4811/4811 4881/4881/4881 4882/4882/4882 
f 4810/4810/4810 4809/4809/4809 4880/4880/4880 
f 4810/4810/4810 4880/4880/4880 4881/4881/4881 
f 4809/4809/4809 4808/4808/4808 4879/4879/4879 
f 4809/4809/4809 4879/4879/4879 4880/4880/4880 
f 4808/4808/4808 4807/4807/4807 4878/4878/4878 
f 4808/4808/4808 4878/4878/4878 4879/4879/4879 
f 4807/4807/4807 4806/4806/4806 4877/4877/4877 
f 4807/4807/4807 4877/4877/4877 4878/4878/4878 
f 4806/4806/4806 4805/4805/4805 4876/4876/4876 
f 4806/4806/4806 4876/4876/4876 4877/4877/4877 
f 4805/4805/4805 4804/4804/4804 4875/4875/4875 
f 4805/4805/4805 4875/4875/4875 4876/4876/4876 
f 4874/4874/4874 4875/4875/4875 4804/4804/4804 
f 4874/4874/4874 4804/4804/4804 4803/4803/4803 
f 4873/4873/4873 4874/4874/4874 4803/4803/4803 
f 4873/4873/4873 4803/4803/4803 4802/4802/4802 
f 4872/4872/4872 4873/4873/4873 4802/4802/4802 
f 4872/4872/4872 4802/4802/4802 4801/4801/4801 
f 4868/4868/4868 4872/4872/4872 4801/4801/4801 
f 4868/4868/4868 4801/4801/4801 4800/4800/4800 
f 4869/4869/4869 4868/4868/4868 4800/4800/4800 
f 4869/4869/4869 4800/4800/4800 4799/4799/4799 
f 4892/4892/4892 4869/4869/4869 4799/4799/4799 
f 4892/4892/4892 4799/4799/4799 4798/4798/4798 
f 4891/4891/4891 4892/4892/4892 4798/4798/4798 
f 4891/4891/4891 4798/4798/4798 4796/4796/4796 
f 4869/4869/4869 4826/4826/4826 4870/4870/4870 
f 4826/4826/4826 4829/4829/4829 4867/4867/4867 
f 4826/4826/4826 4867/4867/4867 4870/4870/4870 
f 4829/4829/4829 4831/4831/4831 4871/4871/4871 
f 4829/4829/4829 4871/4871/4871 4867/4867/4867 
f 4831/4831/4831 4872/4872/4872 4871/4871/4871 
f 4824/4824/4824 4823/4823/4823 4827/4827/4827 
f 4893/4893/4893 4894/4894/4894 4895/4895/4895 
f 4893/4893/4893 4895/4895/4895 4896/4896/4896 
f 4894/4894/4894 4897/4897/4897 4898/4898/4898 
f 4894/4894/4894 4898/4898/4898 4895/4895/4895 
f 4897/4897/4897 4899/4899/4899 4900/4900/4900 
f 4897/4897/4897 4900/4900/4900 4898/4898/4898 
f 4899/4899/4899 4901/4901/4901 4902/4902/4902 
f 4899/4899/4899 4902/4902/4902 4900/4900/4900 
f 4834/4834/4834 4833/4833/4833 4832/4832/4832 
f 4903/4903/4903 4904/4904/4904 4899/4899/4899 
f 4903/4903/4903 4899/4899/4899 4897/4897/4897 
f 4905/4905/4905 4903/4903/4903 4897/4897/4897 
f 4905/4905/4905 4897/4897/4897 4894/4894/4894 
f 4906/4906/4906 4905/4905/4905 4894/4894/4894 
f 4906/4906/4906 4894/4894/4894 4893/4893/4893 
f 4904/4904/4904 4907/4907/4907 4901/4901/4901 
f 4904/4904/4904 4901/4901/4901 4899/4899/4899 
f 4907/4907/4907 4908/4908/4908 4909/4909/4909 
f 4907/4907/4907 4909/4909/4909 4910/4910/4910 
f 4908/4908/4908 4911/4911/4911 4912/4912/4912 
f 4908/4908/4908 4912/4912/4912 4909/4909/4909 
f 4911/4911/4911 4913/4913/4913 4914/4914/4914 
f 4911/4911/4911 4914/4914/4914 4912/4912/4912 
f 4913/4913/4913 4915/4915/4915 4916/4916/4916 
f 4913/4913/4913 4916/4916/4916 4914/4914/4914 
f 4915/4915/4915 4917/4917/4917 4918/4918/4918 
f 4915/4915/4915 4918/4918/4918 4916/4916/4916 
f 4917/4917/4917 4919/4919/4919 4920/4920/4920 
f 4917/4917/4917 4920/4920/4920 4918/4918/4918 
f 4919/4919/4919 4921/4921/4921 4922/4922/4922 
f 4919/4919/4919 4922/4922/4922 4920/4920/4920 
f 4921/4921/4921 4923/4923/4923 4924/4924/4924 
f 4921/4921/4921 4924/4924/4924 4922/4922/4922 
f 4923/4923/4923 4925/4925/4925 4926/4926/4926 
f 4923/4923/4923 4926/4926/4926 4924/4924/4924 
f 4925/4925/4925 4927/4927/4927 4928/4928/4928 
f 4925/4925/4925 4928/4928/4928 4926/4926/4926 
f 4927/4927/4927 4929/4929/4929 4930/4930/4930 
f 4927/4927/4927 4930/4930/4930 4928/4928/4928 
f 4929/4929/4929 4931/4931/4931 4932/4932/4932 
f 4929/4929/4929 4932/4932/4932 4930/4930/4930 
f 4931/4931/4931 4933/4933/4933 4934/4934/4934 
f 4931/4931/4931 4934/4934/4934 4932/4932/4932 
f 4933/4933/4933 4935/4935/4935 4936/4936/4936 
f 4933/4933/4933 4936/4936/4936 4934/4934/4934 
f 4935/4935/4935 4937/4937/4937 4938/4938/4938 
f 4935/4935/4935 4938/4938/4938 4936/4936/4936 
f 4937/4937/4937 4906/4906/4906 4939/4939/4939 
f 4937/4937/4937 4939/4939/4939 4938/4938/4938 
f 4906/4906/4906 4893/4893/4893 4939/4939/4939 
f 4901/4901/4901 4907/4907/4907 4910/4910/4910 
f 4940/4940/4940 4941/4941/4941 4942/4942/4942 
f 4940/4940/4940 4942/4942/4942 4943/4943/4943 
f 4941/4941/4941 4944/4944/4944 4945/4945/4945 
f 4941/4941/4941 4945/4945/4945 4942/4942/4942 
f 4944/4944/4944 4946/4946/4946 4947/4947/4947 
f 4944/4944/4944 4947/4947/4947 4945/4945/4945 
f 4946/4946/4946 4948/4948/4948 4949/4949/4949 
f 4946/4946/4946 4949/4949/4949 4947/4947/4947 
f 4948/4948/4948 4950/4950/4950 4951/4951/4951 
f 4948/4948/4948 4951/4951/4951 4949/4949/4949 
f 4950/4950/4950 4952/4952/4952 4953/4953/4953 
f 4950/4950/4950 4953/4953/4953 4951/4951/4951 
f 4952/4952/4952 4954/4954/4954 4955/4955/4955 
f 4952/4952/4952 4955/4955/4955 4953/4953/4953 
f 4954/4954/4954 4956/4956/4956 4957/4957/4957 
f 4954/4954/4954 4957/4957/4957 4955/4955/4955 
f 4956/4956/4956 4958/4958/4958 4959/4959/4959 
f 4956/4956/4956 4959/4959/4959 4957/4957/4957 
f 4958/4958/4958 4940/4940/4940 4943/4943/4943 
f 4958/4958/4958 4943/4943/4943 4959/4959/4959 
f 4943/4943/4943 4942/4942/4942 4960/4960/4960 
f 4943/4943/4943 4960/4960/4960 4961/4961/4961 
f 4942/4942/4942 4945/4945/4945 4962/4962/4962 
f 4942/4942/4942 4962/4962/4962 4960/4960/4960 
f 4945/4945/4945 4947/4947/4947 4963/4963/4963 
f 4945/4945/4945 4963/4963/4963 4962/4962/4962 
f 4947/4947/4947 4949/4949/4949 4964/4964/4964 
f 4947/4947/4947 4964/4964/4964 4963/4963/4963 
f 4949/4949/4949 4951/4951/4951 4965/4965/4965 
f 4949/4949/4949 4965/4965/4965 4964/4964/4964 
f 4951/4951/4951 4953/4953/4953 4966/4966/4966 
f 4951/4951/4951 4966/4966/4966 4965/4965/4965 
f 4953/4953/4953 4955/4955/4955 4967/4967/4967 
f 4953/4953/4953 4967/4967/4967 4966/4966/4966 
f 4955/4955/4955 4957/4957/4957 4968/4968/4968 
f 4955/4955/4955 4968/4968/4968 4967/4967/4967 
f 4957/4957/4957 4959/4959/4959 4969/4969/4969 
f 4957/4957/4957 4969/4969/4969 4968/4968/4968 
f 4959/4959/4959 4943/4943/4943 4961/4961/4961 
f 4959/4959/4959 4961/4961/4961 4969/4969/4969 
f 4961/4961/4961 4960/4960/4960 4970/4970/4970 
f 4960/4960/4960 4962/4962/4962 4970/4970/4970 
f 4962/4962/4962 4963/4963/4963 4970/4970/4970 
f 4963/4963/4963 4964/4964/4964 4970/4970/4970 
f 4964/4964/4964 4965/4965/4965 4970/4970/4970 
f 4965/4965/4965 4966/4966/4966 4970/4970/4970 
f 4966/4966/4966 4967/4967/4967 4970/4970/4970 
f 4967/4967/4967 4968/4968/4968 4970/4970/4970 
f 4968/4968/4968 4969/4969/4969 4970/4970/4970 
f 4969/4969/4969 4961/4961/4961 4970/4970/4970 
f 4971/4971/4971 4972/4972/4972 4973/4973/4973 
f 4971/4971/4971 4973/4973/4973 4974/4974/4974 
f 4974/4974/4974 4973/4973/4973 4975/4975/4975 
f 4974/4974/4974 4975/4975/4975 4976/4976/4976 
f 4976/4976/4976 4975/4975/4975 4977/4977/4977 
f 4976/4976/4976 4977/4977/4977 4978/4978/4978 
f 4978/4978/4978 4977/4977/4977 4979/4979/4979 
f 4978/4978/4978 4979/4979/4979 4980/4980/4980 
f 4980/4980/4980 4979/4979/4979 4981/4981/4981 
f 4980/4980/4980 4981/4981/4981 4982/4982/4982 
f 4982/4982/4982 4981/4981/4981 4983/4983/4983 
f 4982/4982/4982 4983/4983/4983 4984/4984/4984 
f 4984/4984/4984 4983/4983/4983 4985/4985/4985 
f 4984/4984/4984 4985/4985/4985 4986/4986/4986 
f 4986/4986/4986 4985/4985/4985 4987/4987/4987 
f 4986/4986/4986 4987/4987/4987 4988/4988/4988 
f 4988/4988/4988 4987/4987/4987 4989/4989/4989 
f 4988/4988/4988 4989/4989/4989 4990/4990/4990 
f 4990/4990/4990 4989/4989/4989 4972/4972/4972 
f 4990/4990/4990 4972/4972/4972 4971/4971/4971 
f 4972/4972/4972 4991/4991/4991 4992/4992/4992 
f 4972/4972/4972 4992/4992/4992 4973/4973/4973 
f 4973/4973/4973 4992/4992/4992 4993/4993/4993 
f 4973/4973/4973 4993/4993/4993 4975/4975/4975 
f 4975/4975/4975 4993/4993/4993 4994/4994/4994 
f 4975/4975/4975 4994/4994/4994 4977/4977/4977 
f 4977/4977/4977 4994/4994/4994 4995/4995/4995 
f 4977/4977/4977 4995/4995/4995 4979/4979/4979 
f 4979/4979/4979 4995/4995/4995 4996/4996/4996 
f 4979/4979/4979 4996/4996/4996 4981/4981/4981 
f 4981/4981/4981 4996/4996/4996 4997/4997/4997 
f 4981/4981/4981 4997/4997/4997 4983/4983/4983 
f 4983/4983/4983 4997/4997/4997 4998/4998/4998 
f 4983/4983/4983 4998/4998/4998 4985/4985/4985 
f 4985/4985/4985 4998/4998/4998 4999/4999/4999 
f 4985/4985/4985 4999/4999/4999 4987/4987/4987 
f 4987/4987/4987 4999/4999/4999 5000/5000/5000 
f 4987/4987/4987 5000/5000/5000 4989/4989/4989 
f 4989/4989/4989 5000/5000/5000 4991/4991/4991 
f 4989/4989/4989 4991/4991/4991 4972/4972/4972 
f 4991/4991/4991 5001/5001/5001 4992/4992/4992 
f 4992/4992/4992 5001/5001/5001 4993/4993/4993 
f 4993/4993/4993 5001/5001/5001 4994/4994/4994 
f 4994/4994/4994 5001/5001/5001 4995/4995/4995 
f 4995/4995/4995 5001/5001/5001 4996/4996/4996 
f 4996/4996/4996 5001/5001/5001 4997/4997/4997 
f 4997/4997/4997 5001/5001/5001 4998/4998/4998 
f 4998/4998/4998 5001/5001/5001 4999/4999/4999 
f 4999/4999/4999 5001/5001/5001 5000/5000/5000 
f 5000/5000/5000 5001/5001/5001 4991/4991/4991 

g Player15

v 0.172453 104.02 -0.377847 
v 0.391751 104.02 -0.324964 
v 0.503991 103.913 -0.5 
v 0.221863 103.913 -0.5306 
v 0.232234 103.568 0.496266 
v 0.52755 103.568 0.496266 
v 0.514394 103.761 0.492874 
v 0.226442 103.761 0.492874 
v 1 103.36 -0.315228 
v 1 103.672 -0.342342 
v 1 103.636 -0.167766 
v 1 103.245 -0.166948 
v 0.232234 103.362 -0.591773 
v 0.226442 103.67 -0.575775 
v 0.514394 103.67 -0.545175 
v 0.52755 103.362 -0.561173 
v 0.193285 103.282 0.413273 
v 0.439072 103.282 0.413273 
v 0.779193 103.188 -0.309028 
v 0.824348 103.109 -0.16889 
v 0.193285 103.205 -0.529866 
v 0.439072 103.205 -0.501204 
v 0.674332 103.985 -0.252233 
v 0.734427 103.886 -0.414158 
v 0.747041 103.471 0.412159 
v 0.739997 103.719 0.418895 
v 0.605375 103.214 0.341108 
v 0.747041 103.361 -0.446912 
v 0.597086 103.197 -0.411923 
v 0.739997 103.671 -0.450943 
v 1 103.245 0.168844 
v 0.824348 103.082 0.118752 
v 1 103.636 0.166399 
v 0.391751 104.02 0.318703 
v 0.674332 103.985 0.247047 
v 0.674332 103.985 -0.252233 
v 0.391751 104.02 -0.324964 
v 0.172453 104.02 0.340986 
v 0.172453 104.02 -0.377847 
v 1 103.36 0.315228 
v 0.797036 103.136 0.257939 
v 1 103.672 0.333636 
v 0.503991 103.913 0.465184 
v 0.734427 103.886 0.395517 
v 0.674332 103.985 0.247047 
v 0.391751 104.02 0.318703 
v 0.221863 103.913 0.465184 
v 0.172453 104.02 0.340986 
v 0.152426 102.675 0.293411 
v 0.346255 102.675 0.293411 
v 0.370686 102.879 0.296797 
v 0.16318 102.879 0.296797 
v 0.445794 102.662 0.23772 
v 0.478581 102.853 0.241392 
v 0.680201 102.853 0.048451 
v 0.602926 102.823 0.177538 
v 0.56051 102.646 0.173539 
v 0.631752 102.662 0.0478561 
v 0.680201 102.918 -0.171615 
v 0.639491 102.696 -0.171349 
v 0.526628 102.711 -0.305338 
v 0.552446 102.947 -0.300327 
v 0.370686 102.984 -0.41704 
v 0.455128 102.967 -0.362818 
v 0.432774 102.722 -0.368242 
v 0.351337 102.731 -0.422824 
v 0.154663 102.731 -0.448765 
v 0.16318 102.984 -0.442981 
v 1 103.945 0.164465 
v 1 103.854 0.315228 
v 1 103.945 -0.168412 
v 1 103.854 -0.315228 
v -2.01814e-08 104.02 -0.419434 
v -2.34175e-08 103.913 -0.554664 
v -0.244035 103.913 -0.528195 
v -0.189688 104.02 -0.373691 
v 1.04741e-08 103.568 0.496266 
v 8.93713e-09 103.761 0.492874 
v -0.249072 103.761 0.492874 
v -0.255442 103.568 0.496266 
v -1 103.36 -0.315228 
v -1 103.245 -0.166948 
v -1 103.636 -0.167766 
v -1 103.672 -0.342342 
v -2.11354e-08 103.362 -0.615837 
v -0.255442 103.362 -0.589368 
v -0.249072 103.67 -0.57337 
v -2.29509e-08 103.67 -0.599839 
v 1.01357e-08 103.282 0.413273 
v -0.212601 103.282 0.413273 
v -0.779193 103.188 -0.309028 
v -0.824348 103.109 -0.16889 
v -1.80715e-08 103.205 -0.552405 
v -0.212601 103.205 -0.527613 
v -0.683846 103.984 -0.249784 
v -0.742186 103.885 -0.411268 
v -1 103.854 -0.315228 
v -1 103.945 -0.168412 
v -0.754431 103.468 0.409327 
v -0.747593 103.718 0.416404 
v -1 103.672 0.333636 
v -1 103.36 0.315228 
v -0.797036 103.136 0.257939 
v -0.610974 103.212 0.338678 
v -0.754431 103.361 -0.443065 
v -0.602406 103.197 -0.408917 
v -0.747593 103.671 -0.44777 
v -0.824348 103.082 0.118752 
v -1 103.245 0.168844 
v -1 103.636 0.166399 
v -0.683846 103.984 0.244634 
v -0.683846 103.984 -0.249784 
v -1 103.945 -0.168412 
v -1 103.945 0.164465 
v 3.00316e-09 104.02 0.35851 
v -2.01814e-08 104.02 -0.419434 
v -0.189688 104.02 -0.373691 
v -0.189688 104.02 0.339235 
v -0.742186 103.885 0.393172 
v -0.683846 103.984 0.244634 
v -1 103.945 0.164465 
v -1 103.854 0.315228 
v 6.97631e-09 103.913 0.465184 
v 3.00316e-09 104.02 0.35851 
v -0.189688 104.02 0.339235 
v -0.244035 103.913 0.465184 
v 1.10808e-08 102.675 0.293411 
v 9.66066e-09 102.879 0.296797 
v -0.179488 102.879 0.296797 
v -0.167659 102.675 0.293411 
v -0.56051 102.646 0.173539 
v -0.449145 102.661 0.235846 
v -0.482213 102.852 0.239526 
v -0.602926 102.823 0.177538 
v -0.641729 102.873 0.0216729 
v -0.620111 102.784 0.0193701 
v -0.577531 102.847 0.125918 
v -0.644063 102.929 -0.151905 
v -0.622963 102.811 -0.153334 
v -0.516915 102.74 -0.257136 
v -0.540923 102.951 -0.252607 
v -0.386255 102.981 -0.352304 
v -1.20573e-08 102.731 -0.469165 
v -0.170119 102.731 -0.446727 
v -0.179488 102.984 -0.440943 
v -1.37716e-08 102.984 -0.463381 
v -1 103.945 0.164465 
v -1 103.945 -0.168412 
v -0.52053 103.033 -0.363393 
v -0.682717 103.086 -0.305326 
v -0.752275 102.967 0.083601 
v -0.435516 102.721 -0.366404 
v -0.411343 102.458 -0.372231 
v -0.498835 102.458 -0.310732 
v -0.526628 102.711 -0.305338 
v -0.595669 102.457 -0.171063 
v -0.639491 102.696 -0.171349 
v -0.631752 102.662 0.0478561 
v -0.579597 102.456 0.047215 
v -0.51485 102.456 0.169234 
v -0.413549 102.456 0.231883 
v 1.26096e-08 102.456 0.289765 
v -0.154925 102.456 0.289765 
v 0.140849 102.456 0.289765 
v 0.319957 102.456 0.289765 
v 0.410501 102.456 0.233769 
v 0.51485 102.456 0.169234 
v 0.579597 102.456 0.047215 
v 0.595669 102.457 -0.171063 
v 0.498835 102.458 -0.310732 
v 0.40871 102.458 -0.374081 
v 0.330509 102.458 -0.42905 
v 0.145494 102.458 -0.454991 
v -1.02119e-08 102.458 -0.475391 
v -0.160034 102.458 -0.452953 
v -0.370686 102.984 -0.41704 
v -0.351337 102.731 -0.422824 
v -0.656805 102.791 -0.171462 
v -0.655976 102.757 0.0481529 
v -0.655666 103.077 -0.258913 
v -0.515632 103.027 -0.307456 
v -0.77242 103.099 -0.150976 
v -0.707596 102.977 0.0534699 
v -0.655976 102.757 0.0481529 
v -0.602926 102.823 0.177538 
v -0.577531 102.847 0.125918 
v -0.620111 102.784 0.0193701 
v -0.656805 102.791 -0.171462 
v -0.622963 102.811 -0.153334 
v -0.526628 102.711 -0.305338 
v -0.516915 102.74 -0.257136 
v -0.370686 102.984 -0.41704 
v -0.386255 102.981 -0.352304 
v -0.682717 103.086 -0.305326 
v -0.52053 103.033 -0.363393 
v -0.515632 103.027 -0.307456 
v -0.655666 103.077 -0.258913 
v -0.824348 103.109 -0.16889 
v -0.77242 103.099 -0.150976 
v -0.752275 102.967 0.083601 
v -0.707596 102.977 0.0534699 
v -0.52755 103.362 -0.561173 
v -0.514394 103.67 -0.545175 
v -0.503991 103.913 -0.5 
v -0.391751 104.02 -0.324964 
v -0.391751 104.02 -0.324964 
v -0.391751 104.02 0.318703 
v -0.391751 104.02 0.318703 
v -0.503991 103.913 0.465184 
v -0.514394 103.761 0.492874 
v -0.52755 103.568 0.496266 
v -0.439072 103.282 0.413273 
v -0.370686 102.879 0.296797 
v -0.346255 102.675 0.293411 
v -0.319957 102.456 0.289765 
v -0.330509 102.458 -0.42905 
v -0.439072 103.205 -0.501204 
v 1 103.854 0.315228 
v 1 103.945 0.164465 
v 1 103.945 0.164465 
v 1 103.945 -0.168412 
v 1 103.945 -0.168412 
v 1 103.854 -0.315228 
v 1 103.672 -0.342342 
v 1 103.36 -0.315228 
v 0.779193 103.188 -0.309028 
v 0.552446 102.947 -0.300327 
v 0.526628 102.711 -0.305338 
v 0.498835 102.458 -0.310732 
v 0.602926 102.823 0.177538 
v 0.498835 102.458 -0.310732 
v 0.595669 102.457 -0.171063 
v 0.572517 102.424 -0.165427 
v 0.482454 102.398 -0.297152 
v 0.145494 102.458 -0.454991 
v 0.330509 102.458 -0.42905 
v 0.315638 102.377 -0.408727 
v 0.138932 102.37 -0.433335 
v 0.319957 102.456 0.289765 
v 0.140849 102.456 0.289765 
v 0.136127 102.369 0.26914 
v 0.309385 102.376 0.269096 
v 0.410501 102.456 0.233769 
v 0.394216 102.381 0.216621 
v 0.40871 102.458 -0.374081 
v 0.39299 102.383 -0.357225 
v 0.579597 102.456 0.047215 
v 0.56313 102.423 0.0404132 
v 0.51485 102.456 0.169234 
v 0.491663 102.397 0.155424 
v -0.595669 102.457 -0.171063 
v -0.498835 102.458 -0.310732 
v -0.482542 102.398 -0.29717 
v -0.572447 102.424 -0.165418 
v -0.160034 102.458 -0.452953 
v -1.02119e-08 102.458 -0.475391 
v -7.4105e-05 102.366 -0.45402 
v -0.15294 102.37 -0.43136 
v 1.26096e-08 102.456 0.289765 
v -0.154925 102.456 0.289765 
v -0.14992 102.369 0.269095 
v -7.40838e-05 102.365 0.270508 
v -0.413549 102.456 0.231883 
v -0.51485 102.456 0.169234 
v -0.491872 102.397 0.155443 
v -0.397177 102.381 0.214674 
v -0.411343 102.458 -0.372231 
v -0.395785 102.383 -0.355312 
v -0.579597 102.456 0.047215 
v -0.563201 102.423 0.0404033 
v -0.319957 102.456 0.289765 
v -0.309621 102.376 0.269085 
v -0.330509 102.458 -0.42905 
v -0.315699 102.377 -0.408717 
v 0.553539 102.396 -0.135213 
v 0.469026 102.349 -0.224052 
v 0.303448 102.311 -0.299282 
v 0.133554 102.301 -0.316136 
v 0.132257 102.3 0.157792 
v 0.300719 102.309 0.153296 
v 0.380867 102.32 0.122896 
v 0.380104 102.324 -0.271008 
v 0.549633 102.396 0.0035763 
v 0.472657 102.349 0.0810237 
v -0.469187 102.349 -0.224098 
v -0.553411 102.396 -0.135189 
v -0.000134833 102.297 -0.332687 
v -0.147124 102.301 -0.314708 
v -0.145817 102.3 0.15768 
v -0.000134828 102.296 0.161176 
v -0.473036 102.349 0.0810695 
v -0.383757 102.321 0.12128 
v -0.383033 102.324 -0.269415 
v -0.549761 102.396 0.00355243 
v -0.301148 102.309 0.153269 
v -0.303559 102.311 -0.299255 
v 0.543758 102.383 -0.0728474 
v 0.463024 102.326 -0.0728955 
v 0.297056 102.279 -0.0728896 
v 0.130676 102.267 -0.0729604 
v 0.374162 102.291 -0.0728924 
v -0.463352 102.326 -0.0728955 
v -0.543758 102.383 -0.0728474 
v -0.00016411 102.264 -0.0730162 
v -0.14408 102.267 -0.0729549 
v -0.377086 102.291 -0.0728924 
v -0.297385 102.279 -0.0728896 

vn 0.023622 0.992126 -0.133858 
vn 0.0787402 0.992126 -0.125984 
vn 0.220472 0.551181 -0.80315 
vn 0.110236 0.496063 -0.866142 
vn 0 -0.15748 0.984252 
vn 0.149606 -0.15748 0.976378 
vn 0.15748 0.0866142 0.984252 
vn 0 0.0866142 0.992126 
vn 0.771654 -0.204724 -0.606299 
vn 0.732283 0.023622 -0.677165 
vn 1 0 0 
vn 0.929134 -0.354331 -0.11811 
vn 0.102362 -0.102362 -0.992126 
vn 0.102362 0.110236 -0.992126 
vn 0.244094 0.102362 -0.968504 
vn 0.275591 -0.133858 -0.952756 
vn 0 -0.275591 0.96063 
vn 0.102362 -0.307087 0.944882 
vn 0.480315 -0.551181 -0.677165 
vn 0.692913 -0.661417 -0.283465 
vn 0.102362 -0.377953 -0.92126 
vn 0.23622 -0.433071 -0.874016 
vn 0.15748 0.976378 -0.125984 
vn 0.338583 0.566929 -0.748031 
vn 0.267717 -0.204724 0.937008 
vn 0.322835 0.0472441 0.944882 
vn 0.251969 -0.362205 0.897638 
vn 0.425197 -0.204724 -0.88189 
vn 0.409449 -0.480315 -0.779528 
vn 0.401575 0.0629921 -0.913386 
vn 0.937008 -0.346457 0.0944882 
vn 0.732283 -0.669291 0.125984 
vn 1 0 0 
vn 0.0708661 0.984252 0.141732 
vn 0.15748 0.976378 0.125984 
vn 0.15748 0.976378 -0.125984 
vn 0.0787402 0.992126 -0.125984 
vn 0.00787402 0.992126 0.141732 
vn 0.023622 0.992126 -0.133858 
vn 0.692913 -0.244094 0.685039 
vn 0.401575 -0.496063 0.771654 
vn 0.724409 0.00787402 0.692913 
vn 0.173228 0.582677 0.795276 
vn 0.299213 0.582677 0.755906 
vn 0.15748 0.976378 0.125984 
vn 0.0708661 0.984252 0.141732 
vn 0.015748 0.503937 0.866142 
vn 0.00787402 0.992126 0.141732 
vn 0 -0.015748 1 
vn 0.181102 -0.0393701 0.984252 
vn 0.133858 -0.23622 0.96063 
vn 0 -0.19685 0.976378 
vn 0.480315 -0.102362 0.874016 
vn 0.338583 -0.283465 0.897638 
vn 0.889764 -0.440945 0.110236 
vn 0.559055 -0.377953 0.740157 
vn 0.708661 -0.173228 0.685039 
vn 0.96063 -0.220472 0.181102 
vn 0.834646 -0.425197 -0.362205 
vn 0.929134 -0.173228 -0.322835 
vn 0.685039 -0.0787402 -0.724409 
vn 0.574803 -0.314961 -0.755906 
vn 0.251969 -0.244094 -0.937008 
vn 0.480315 -0.275591 -0.826772 
vn 0.551181 -0.0314961 -0.834646 
vn 0.275591 0 -0.96063 
vn 0.133858 0.015748 -0.992126 
vn 0.11811 -0.188976 -0.976378 
vn 0.622047 0.779528 0.0944882 
vn 0.661417 0.448819 0.606299 
vn 0.622047 0.779528 -0.0944882 
vn 0.661417 0.448819 -0.598425 
vn 0 0.984252 -0.165354 
vn -0.00787402 0.448819 -0.889764 
vn -0.110236 0.496063 -0.866142 
vn -0.023622 0.992126 -0.133858 
vn 0 -0.15748 0.984252 
vn 0 0.0866142 0.992126 
vn 0 0.0866142 0.992126 
vn 0 -0.15748 0.984252 
vn -0.771654 -0.204724 -0.598425 
vn -0.929134 -0.354331 -0.11811 
vn -1 0 0 
vn -0.740157 0.023622 -0.677165 
vn -0.00787402 -0.0944882 -0.992126 
vn -0.102362 -0.102362 -0.992126 
vn -0.102362 0.110236 -0.992126 
vn -0.00787402 0.110236 -0.992126 
vn 0 -0.275591 0.96063 
vn 0 -0.275591 0.96063 
vn -0.456693 -0.574803 -0.677165 
vn -0.637795 -0.740157 -0.220472 
vn -0.00787402 -0.377953 -0.929134 
vn -0.102362 -0.377953 -0.92126 
vn -0.15748 0.976378 -0.125984 
vn -0.338583 0.566929 -0.748031 
vn -0.669291 0.448819 -0.590551 
vn -0.629921 0.771654 -0.0944882 
vn -0.267717 -0.212598 0.937008 
vn -0.322835 0.0472441 0.944882 
vn -0.732283 0.00787402 0.685039 
vn -0.692913 -0.244094 0.677165 
vn -0.393701 -0.496063 0.779528 
vn -0.251969 -0.362205 0.897638 
vn -0.425197 -0.204724 -0.88189 
vn -0.409449 -0.488189 -0.771654 
vn -0.401575 0.0629921 -0.913386 
vn -0.708661 -0.692913 0.165354 
vn -0.937008 -0.346457 0.0944882 
vn -1 0 0 
vn -0.15748 0.976378 0.125984 
vn -0.15748 0.976378 -0.125984 
vn -0.629921 0.771654 -0.0944882 
vn -0.637795 0.76378 0.0944882 
vn 0 0.992126 0.149606 
vn 0 0.984252 -0.165354 
vn -0.023622 0.992126 -0.133858 
vn -0.00787402 0.992126 0.141732 
vn -0.299213 0.582677 0.755906 
vn -0.15748 0.976378 0.125984 
vn -0.637795 0.76378 0.0944882 
vn -0.661417 0.440945 0.598425 
vn 0 0.472441 0.88189 
vn 0 0.992126 0.149606 
vn -0.00787402 0.992126 0.141732 
vn -0.015748 0.503937 0.866142 
vn 0 -0.015748 1 
vn 0 -0.204724 0.976378 
vn 0 -0.19685 0.976378 
vn 0 -0.015748 1 
vn -0.692913 -0.173228 0.692913 
vn -0.480315 -0.102362 0.874016 
vn -0.338583 -0.283465 0.897638 
vn -0.464567 -0.346457 0.811024 
vn -0.897638 -0.440945 0 
vn -0.944882 0.322835 0.0629921 
vn -0.874016 -0.307087 -0.377953 
vn -0.811024 -0.417323 -0.409449 
vn -0.866142 0.149606 -0.480315 
vn -0.724409 0.354331 -0.590551 
vn -0.590551 -0.259843 -0.76378 
vn -0.88189 -0.0866142 -0.464567 
vn -0.00787402 0.023622 -1 
vn -0.133858 0.015748 -0.992126 
vn -0.11811 -0.188976 -0.976378 
vn -0.00787402 -0.188976 -0.984252 
vn -0.637795 0.76378 0.0944882 
vn -0.629921 0.771654 -0.0944882 
vn -0.425197 -0.433071 -0.795276 
vn -0.456693 -0.456693 -0.76378 
vn -0.787402 -0.559055 0.267717 
vn -0.559055 -0.0314961 -0.826772 
vn -0.566929 -0.0314961 -0.826772 
vn -0.700787 -0.0787402 -0.708661 
vn -0.685039 -0.0708661 -0.724409 
vn -0.944882 -0.173228 -0.291339 
vn -0.944882 -0.181102 -0.267717 
vn -0.952756 -0.220472 0.19685 
vn -0.952756 -0.220472 0.204724 
vn -0.700787 -0.173228 0.692913 
vn -0.496063 -0.102362 0.858268 
vn 0 -0.015748 1 
vn 0 -0.015748 1 
vn 0 -0.015748 1 
vn 0.173228 -0.0393701 0.984252 
vn 0.496063 -0.102362 0.858268 
vn 0.700787 -0.173228 0.692913 
vn 0.952756 -0.220472 0.204724 
vn 0.944882 -0.173228 -0.291339 
vn 0.700787 -0.0787402 -0.708661 
vn 0.566929 -0.0314961 -0.826772 
vn 0.275591 0 -0.96063 
vn 0.133858 0.015748 -0.992126 
vn -0.00787402 0.023622 -1 
vn -0.133858 0.015748 -0.992126 
vn -0.220472 -0.244094 -0.944882 
vn -0.291339 0 -0.952756 
vn -0.968504 -0.204724 -0.165354 
vn -0.944882 -0.220472 0.23622 
vn -0.511811 -0.708661 -0.480315 
vn -0.440945 -0.692913 -0.574803 
vn -0.503937 -0.787402 -0.362205 
vn -0.622047 -0.724409 -0.291339 
vn -0.653543 0.755906 -0.00787402 
vn -0.740157 -0.267717 -0.614173 
vn -0.874016 -0.307087 -0.377953 
vn -0.944882 0.322835 0.0629921 
vn -0.307087 0.913386 -0.275591 
vn -0.866142 0.149606 -0.480315 
vn -0.771654 0.574803 -0.267717 
vn -0.724409 0.354331 -0.590551 
vn -0.984252 0 -0.181102 
vn -0.88189 -0.0866142 -0.464567 
vn -0.267717 -0.96063 -0.0314961 
vn -0.338583 -0.937008 -0.0708661 
vn -0.440945 -0.692913 -0.574803 
vn -0.511811 -0.708661 -0.480315 
vn -0.133858 -0.944882 -0.291339 
vn -0.503937 -0.787402 -0.362205 
vn -0.212598 -0.80315 -0.551181 
vn -0.622047 -0.724409 -0.291339 
vn -0.283465 -0.133858 -0.952756 
vn -0.251969 0.102362 -0.96063 
vn -0.228346 0.551181 -0.80315 
vn -0.0866142 0.992126 -0.125984 
vn -0.0866142 0.992126 -0.125984 
vn -0.0787402 0.984252 0.133858 
vn -0.0787402 0.984252 0.133858 
vn -0.181102 0.582677 0.787402 
vn -0.165354 0.0866142 0.984252 
vn -0.15748 -0.15748 0.976378 
vn -0.110236 -0.307087 0.944882 
vn -0.149606 -0.244094 0.96063 
vn -0.19685 -0.0472441 0.976378 
vn -0.188976 -0.0472441 0.984252 
vn -0.283465 0 -0.96063 
vn -0.23622 -0.433071 -0.866142 
vn 0.661417 0.448819 0.606299 
vn 0.622047 0.779528 0.0944882 
vn 0.622047 0.779528 0.0944882 
vn 0.622047 0.779528 -0.0944882 
vn 0.622047 0.779528 -0.0944882 
vn 0.661417 0.448819 -0.598425 
vn 0.732283 0.023622 -0.677165 
vn 0.771654 -0.204724 -0.606299 
vn 0.480315 -0.551181 -0.677165 
vn 0.574803 -0.314961 -0.755906 
vn 0.685039 -0.0787402 -0.724409 
vn 0.700787 -0.0787402 -0.708661 
vn 0.559055 -0.377953 0.740157 
vn 0.677165 -0.377953 -0.629921 
vn 0.84252 -0.488189 -0.228346 
vn 0.795276 -0.559055 -0.23622 
vn 0.606299 -0.582677 -0.535433 
vn 0.141732 -0.244094 -0.96063 
vn 0.283465 -0.275591 -0.92126 
vn 0.220472 -0.637795 -0.740157 
vn 0.125984 -0.661417 -0.740157 
vn 0.19685 -0.267717 0.944882 
vn 0.00787402 -0.228346 0.976378 
vn 0.0314961 -0.653543 0.755906 
vn 0.15748 -0.637795 0.755906 
vn 0.511811 -0.314961 0.795276 
vn 0.448819 -0.629921 0.629921 
vn 0.551181 -0.299213 -0.779528 
vn 0.480315 -0.614173 -0.629921 
vn 0.84252 -0.480315 0.228346 
vn 0.795276 -0.559055 0.228346 
vn 0.677165 -0.393701 0.622047 
vn 0.590551 -0.606299 0.527559 
vn -0.84252 -0.488189 -0.228346 
vn -0.677165 -0.377953 -0.629921 
vn -0.614173 -0.582677 -0.535433 
vn -0.795276 -0.559055 -0.23622 
vn -0.141732 -0.244094 -0.96063 
vn -0.00787402 -0.23622 -0.968504 
vn -0.00787402 -0.645669 -0.76378 
vn -0.125984 -0.661417 -0.740157 
vn 0 -0.220472 0.976378 
vn -0.00787402 -0.228346 0.976378 
vn -0.0314961 -0.653543 0.755906 
vn 0 -0.637795 0.771654 
vn -0.511811 -0.314961 0.795276 
vn -0.677165 -0.393701 0.622047 
vn -0.590551 -0.606299 0.527559 
vn -0.448819 -0.629921 0.629921 
vn -0.551181 -0.299213 -0.779528 
vn -0.480315 -0.614173 -0.629921 
vn -0.84252 -0.480315 0.228346 
vn -0.795276 -0.559055 0.220472 
vn -0.212598 -0.267717 0.937008 
vn -0.173228 -0.629921 0.755906 
vn -0.299213 -0.275591 -0.913386 
vn -0.23622 -0.629921 -0.740157 
vn 0.685039 -0.716535 -0.125984 
vn 0.480315 -0.84252 -0.23622 
vn 0.133858 -0.952756 -0.283465 
vn 0.0708661 -0.96063 -0.267717 
vn 0.0472441 -0.96063 0.283465 
vn 0.110236 -0.952756 0.291339 
vn 0.299213 -0.913386 0.259843 
vn 0.314961 -0.913386 -0.267717 
vn 0.692913 -0.716535 0.11811 
vn 0.480315 -0.850394 0.220472 
vn -0.488189 -0.84252 -0.23622 
vn -0.685039 -0.716535 -0.125984 
vn 0 -0.96063 -0.283465 
vn -0.0708661 -0.96063 -0.267717 
vn -0.0472441 -0.96063 0.283465 
vn 0 -0.96063 0.283465 
vn -0.480315 -0.850394 0.220472 
vn -0.299213 -0.92126 0.259843 
vn -0.307087 -0.913386 -0.267717 
vn -0.692913 -0.716535 0.11811 
vn -0.11811 -0.952756 0.291339 
vn -0.141732 -0.952756 -0.283465 
vn 0.598425 -0.80315 0 
vn 0.440945 -0.897638 -0.00787402 
vn 0.102362 -0.992126 -0.00787402 
vn 0.0551181 -1 0 
vn 0.267717 -0.96063 -0.00787402 
vn -0.448819 -0.897638 -0.00787402 
vn -0.598425 -0.80315 -0.00787402 
vn 0 -1 0 
vn -0.0551181 -1 0 
vn -0.259843 -0.968504 -0.00787402 
vn -0.102362 -0.992126 -0.00787402 

vt 0.0555569 0.868647 
vt 0.0348432 0.868647 
vt 0.0296167 0.852399 
vt 0.0531773 0.852188 
vt 0.298584 0.812804 
vt 0.320985 0.813042 
vt 0.319881 0.832015 
vt 0.298074 0.832176 
vt 0.420953 0.800641 
vt 0.420953 0.832674 
vt 0.39524 0.835693 
vt 0.394898 0.796066 
vt 0.0520743 0.79629 
vt 0.0527206 0.827301 
vt 0.028737 0.828034 
vt 0.027486 0.797349 
vt 0.297126 0.782933 
vt 0.317675 0.783134 
vt 0.420953 0.780975 
vt 0.396099 0.777469 
vt 0.0533409 0.78001 
vt 0.0304016 0.780621 
vt 0.0200301 0.868647 
vt 0.0172314 0.85182 
vt 0.33457 0.804479 
vt 0.33398 0.82945 
vt 0.332798 0.776976 
vt 0.0160906 0.798879 
vt 0.0176515 0.780785 
vt 0.0167608 0.83019 
vt 0.374612 0.796653 
vt 0.376888 0.775414 
vt 0.373689 0.835865 
vt 0.0451916 0.981336 
vt 0.0255797 0.981336 
vt 0.0255178 0.870694 
vt 0.045112 0.870694 
vt 0.060294 0.981336 
vt 0.0602044 0.870694 
vt 0.351739 0.79461 
vt 0.351739 0.769876 
vt 0.351739 0.826495 
vt 0.319027 0.846719 
vt 0.333522 0.841825 
vt 0.330404 0.868647 
vt 0.313203 0.868647 
vt 0.297713 0.847378 
vt 0.295182 0.868647 
vt 0.294793 0.720482 
vt 0.312376 0.720461 
vt 0.313029 0.741161 
vt 0.29508 0.741007 
vt 0.329961 0.719259 
vt 0.330311 0.738376 
vt 0.380083 0.745609 
vt 0.351739 0.735167 
vt 0.351739 0.717873 
vt 0.37916 0.725771 
vt 0.397785 0.751372 
vt 0.396579 0.727946 
vt 0.420953 0.729806 
vt 0.420953 0.753372 
vt 0.034494 0.757144 
vt 0.0198427 0.755391 
vt 0.020249 0.730857 
vt 0.0352529 0.731769 
vt 0.0554162 0.731736 
vt 0.0551191 0.757164 
vt 0.373332 0.868647 
vt 0.351739 0.849594 
vt 0.395246 0.868647 
vt 0.420953 0.851153 
vt 0.0718462 0.868647 
vt 0.0717055 0.852022 
vt 0.090712 0.852033 
vt 0.0883894 0.868647 
vt 0.280968 0.812616 
vt 0.280924 0.832305 
vt 0.262327 0.83219 
vt 0.26188 0.812948 
vt 0.141911 0.802612 
vt 0.166148 0.791042 
vt 0.165819 0.830249 
vt 0.141911 0.834428 
vt 0.07141 0.795456 
vt 0.0914021 0.796174 
vt 0.0909969 0.827041 
vt 0.0715808 0.826725 
vt 0.280967 0.782772 
vt 0.263472 0.783087 
vt 0.141911 0.778117 
vt 0.164935 0.772561 
vt 0.0713801 0.779531 
vt 0.0899099 0.779852 
vt 0.123018 0.868647 
vt 0.12559 0.852469 
vt 0.141911 0.852931 
vt 0.141911 0.868647 
vt 0.226784 0.804651 
vt 0.227287 0.829433 
vt 0.211997 0.826581 
vt 0.211997 0.795285 
vt 0.211997 0.770508 
vt 0.228493 0.777221 
vt 0.126494 0.799663 
vt 0.124909 0.779197 
vt 0.125964 0.830763 
vt 0.184011 0.770333 
vt 0.186221 0.791322 
vt 0.187255 0.830463 
vt 0.119392 0.981336 
vt 0.119331 0.870694 
vt 0.141272 0.870694 
vt 0.141313 0.981336 
vt 0.07217 0.981336 
vt 0.0720738 0.870694 
vt 0.0851398 0.870694 
vt 0.0852283 0.981336 
vt 0.227675 0.841742 
vt 0.230837 0.868647 
vt 0.211997 0.868647 
vt 0.211997 0.836185 
vt 0.280952 0.847897 
vt 0.281011 0.868647 
vt 0.265678 0.868647 
vt 0.262702 0.847402 
vt 0.280966 0.720497 
vt 0.280965 0.740888 
vt 0.265706 0.741179 
vt 0.266028 0.720569 
vt 0.211997 0.718338 
vt 0.231237 0.719537 
vt 0.230891 0.738725 
vt 0.211997 0.735735 
vt 0.291007 0.93675 
vt 0.290774 0.926627 
vt 0.301501 0.933741 
vt 0.273532 0.943125 
vt 0.273388 0.929698 
vt 0.262938 0.921587 
vt 0.263394 0.945575 
vt 0.253358 0.949042 
vt 0.0712725 0.731711 
vt 0.0873612 0.731517 
vt 0.0878163 0.756945 
vt 0.0713385 0.757181 
vt 0.18765 0.868647 
vt 0.165849 0.868647 
vt 0.122684 0.759958 
vt 0.141911 0.76349 
vt 0.18246 0.755604 
vt 0.122232 0.726221 
vt 0.121746 0.700933 
vt 0.141911 0.700932 
vt 0.141911 0.720713 
vt 0.165642 0.700932 
vt 0.164393 0.723206 
vt 0.181885 0.720959 
vt 0.182935 0.700933 
vt 0.211997 0.700933 
vt 0.231609 0.700932 
vt 0.280967 0.700932 
vt 0.266375 0.700932 
vt 0.294484 0.700932 
vt 0.311673 0.700932 
vt 0.329585 0.700932 
vt 0.351739 0.700932 
vt 0.378166 0.700933 
vt 0.39528 0.700933 
vt 0.420953 0.700933 
vt 0.0206863 0.700933 
vt 0.0360693 0.700933 
vt 0.055736 0.700933 
vt 0.0712016 0.700933 
vt 0.0868712 0.700933 
vt 0.105368 0.756695 
vt 0.104499 0.73131 
vt 0.163899 0.733165 
vt 0.181397 0.730917 
vt 0.26276 0.959908 
vt 0.257873 0.95426 
vt 0.273626 0.962472 
vt 0.294208 0.948584 
vt 0.181397 0.730917 
vt 0.211997 0.735735 
vt 0.211997 0.735735 
vt 0.181397 0.730917 
vt 0.163899 0.733165 
vt 0.163899 0.733165 
vt 0.141911 0.720713 
vt 0.141911 0.720713 
vt 0.105368 0.756695 
vt 0.105368 0.756695 
vt 0.141911 0.76349 
vt 0.122684 0.759958 
vt 0.122684 0.759958 
vt 0.141911 0.76349 
vt 0.164935 0.772561 
vt 0.164935 0.772561 
vt 0.18246 0.755604 
vt 0.18246 0.755604 
vt 0.112698 0.796937 
vt 0.111679 0.827378 
vt 0.110959 0.852043 
vt 0.106012 0.868647 
vt 0.0990587 0.870694 
vt 0.0991384 0.981336 
vt 0.249345 0.868647 
vt 0.243261 0.846875 
vt 0.242516 0.832069 
vt 0.241547 0.813304 
vt 0.244836 0.783424 
vt 0.249451 0.741488 
vt 0.250115 0.720645 
vt 0.25083 0.700932 
vt 0.103563 0.700933 
vt 0.109649 0.780195 
vt 0.351739 0.836185 
vt 0.351739 0.868647 
vt 0.00297809 0.981336 
vt 0.00293717 0.870694 
vt 0.00295753 0.868647 
vt 0.00295753 0.851153 
vt 0.00295753 0.832674 
vt 0.00295753 0.800641 
vt 0.00295753 0.780975 
vt 0.00295753 0.753372 
vt 0.00295753 0.729806 
vt 0.00295753 0.700933 
vt 0.351739 0.735167 
vt 0.153281 0.932643 
vt 0.146685 0.932642 
vt 0.148544 0.909369 
vt 0.15369 0.918324 
vt 0.173337 0.932644 
vt 0.162835 0.932644 
vt 0.16322 0.925909 
vt 0.173316 0.927582 
vt 0.163434 0.877193 
vt 0.1736 0.877193 
vt 0.173476 0.879825 
vt 0.163578 0.879828 
vt 0.158295 0.877193 
vt 0.158731 0.883395 
vt 0.158397 0.932643 
vt 0.158801 0.922408 
vt 0.146685 0.877195 
vt 0.149081 0.895375 
vt 0.152372 0.877194 
vt 0.153164 0.887556 
vt 0.215689 0.932642 
vt 0.209908 0.932643 
vt 0.208823 0.918325 
vt 0.213959 0.909368 
vt 0.190678 0.932644 
vt 0.181595 0.932644 
vt 0.181258 0.928988 
vt 0.189992 0.927448 
vt 0.181595 0.877193 
vt 0.190388 0.877193 
vt 0.189819 0.879828 
vt 0.181258 0.879732 
vt 0.205067 0.877193 
vt 0.210817 0.877194 
vt 0.209356 0.887555 
vt 0.203946 0.883528 
vt 0.204942 0.932643 
vt 0.203866 0.922278 
vt 0.215689 0.877195 
vt 0.213431 0.895375 
vt 0.199755 0.877193 
vt 0.198943 0.879829 
vt 0.200354 0.932644 
vt 0.199291 0.925909 
vt 0.149628 0.907315 
vt 0.154457 0.913354 
vt 0.163917 0.918469 
vt 0.173623 0.919614 
vt 0.173698 0.887395 
vt 0.164073 0.887701 
vt 0.159494 0.889767 
vt 0.159537 0.916547 
vt 0.149852 0.897879 
vt 0.154249 0.892614 
vt 0.20806 0.913357 
vt 0.212872 0.907313 
vt 0.181261 0.92074 
vt 0.189659 0.919517 
vt 0.189585 0.887403 
vt 0.181261 0.887165 
vt 0.20828 0.892611 
vt 0.203179 0.889877 
vt 0.203137 0.916438 
vt 0.212663 0.897881 
vt 0.198459 0.887702 
vt 0.198597 0.918467 
vt 0.150187 0.903075 
vt 0.1548 0.903078 
vt 0.164282 0.903078 
vt 0.173788 0.903082 
vt 0.159877 0.903078 
vt 0.207726 0.903078 
vt 0.21232 0.903075 
vt 0.181263 0.903086 
vt 0.189485 0.903082 
vt 0.202798 0.903078 
vt 0.198244 0.903078 

usemtl Player1Mtl

f 5002/5002/5002 5003/5003/5003 5004/5004/5004 
f 5002/5002/5002 5004/5004/5004 5005/5005/5005 
f 5006/5006/5006 5007/5007/5007 5008/5008/5008 
f 5006/5006/5006 5008/5008/5008 5009/5009/5009 
f 5010/5010/5010 5011/5011/5011 5012/5012/5012 
f 5010/5010/5010 5012/5012/5012 5013/5013/5013 
f 5014/5014/5014 5015/5015/5015 5016/5016/5016 
f 5014/5014/5014 5016/5016/5016 5017/5017/5017 
f 5018/5018/5018 5019/5019/5019 5007/5007/5007 
f 5018/5018/5018 5007/5007/5007 5006/5006/5006 
f 5020/5020/5020 5010/5010/5010 5013/5013/5013 
f 5020/5020/5020 5013/5013/5013 5021/5021/5021 
f 5022/5022/5022 5014/5014/5014 5017/5017/5017 
f 5022/5022/5022 5017/5017/5017 5023/5023/5023 
f 5003/5003/5003 5024/5024/5024 5025/5025/5025 
f 5003/5003/5003 5025/5025/5025 5004/5004/5004 
f 5007/5007/5007 5026/5026/5026 5027/5027/5027 
f 5007/5007/5007 5027/5027/5027 5008/5008/5008 
f 5019/5019/5019 5028/5028/5028 5026/5026/5026 
f 5019/5019/5019 5026/5026/5026 5007/5007/5007 
f 5017/5017/5017 5029/5029/5029 5030/5030/5030 
f 5017/5017/5017 5030/5030/5030 5023/5023/5023 
f 5031/5031/5031 5029/5029/5029 5017/5017/5017 
f 5031/5031/5031 5017/5017/5017 5016/5016/5016 
f 5013/5013/5013 5032/5032/5032 5033/5033/5033 
f 5013/5013/5013 5033/5033/5033 5021/5021/5021 
f 5012/5012/5012 5034/5034/5034 5032/5032/5032 
f 5012/5012/5012 5032/5032/5032 5013/5013/5013 
f 5035/5035/5035 5036/5036/5036 5037/5037/5037 
f 5035/5035/5035 5037/5037/5037 5038/5038/5038 
f 5039/5039/5039 5035/5035/5035 5038/5038/5038 
f 5039/5039/5039 5038/5038/5038 5040/5040/5040 
f 5032/5032/5032 5041/5041/5041 5042/5042/5042 
f 5032/5032/5032 5042/5042/5042 5033/5033/5033 
f 5034/5034/5034 5043/5043/5043 5041/5041/5041 
f 5034/5034/5034 5041/5041/5041 5032/5032/5032 
f 5044/5044/5044 5045/5045/5045 5046/5046/5046 
f 5044/5044/5044 5046/5046/5046 5047/5047/5047 
f 5048/5048/5048 5044/5044/5044 5047/5047/5047 
f 5048/5048/5048 5047/5047/5047 5049/5049/5049 
f 5050/5050/5050 5051/5051/5051 5052/5052/5052 
f 5050/5050/5050 5052/5052/5052 5053/5053/5053 
f 5054/5054/5054 5055/5055/5055 5052/5052/5052 
f 5054/5054/5054 5052/5052/5052 5051/5051/5051 
f 5056/5056/5056 5057/5057/5057 5058/5058/5058 
f 5056/5056/5056 5058/5058/5058 5059/5059/5059 
f 5060/5060/5060 5056/5056/5056 5059/5059/5059 
f 5060/5060/5060 5059/5059/5059 5061/5061/5061 
f 5062/5062/5062 5063/5063/5063 5060/5060/5060 
f 5062/5062/5062 5060/5060/5060 5061/5061/5061 
f 5064/5064/5064 5065/5065/5065 5066/5066/5066 
f 5064/5064/5064 5066/5066/5066 5067/5067/5067 
f 5068/5068/5068 5069/5069/5069 5064/5064/5064 
f 5068/5068/5068 5064/5064/5064 5067/5067/5067 
f 5015/5015/5015 5005/5005/5005 5004/5004/5004 
f 5015/5015/5015 5004/5004/5004 5016/5016/5016 
f 5008/5008/5008 5044/5044/5044 5048/5048/5048 
f 5008/5008/5008 5048/5048/5048 5009/5009/5009 
f 5027/5027/5027 5045/5045/5045 5044/5044/5044 
f 5027/5027/5027 5044/5044/5044 5008/5008/5008 
f 5070/5070/5070 5071/5071/5071 5043/5043/5043 
f 5070/5070/5070 5043/5043/5043 5034/5034/5034 
f 5072/5072/5072 5070/5070/5070 5034/5034/5034 
f 5072/5072/5072 5034/5034/5034 5012/5012/5012 
f 5011/5011/5011 5073/5073/5073 5072/5072/5072 
f 5011/5011/5011 5072/5072/5072 5012/5012/5012 
f 5004/5004/5004 5025/5025/5025 5031/5031/5031 
f 5004/5004/5004 5031/5031/5031 5016/5016/5016 
f 5074/5074/5074 5075/5075/5075 5076/5076/5076 
f 5074/5074/5074 5076/5076/5076 5077/5077/5077 
f 5078/5078/5078 5079/5079/5079 5080/5080/5080 
f 5078/5078/5078 5080/5080/5080 5081/5081/5081 
f 5082/5082/5082 5083/5083/5083 5084/5084/5084 
f 5082/5082/5082 5084/5084/5084 5085/5085/5085 
f 5086/5086/5086 5087/5087/5087 5088/5088/5088 
f 5086/5086/5086 5088/5088/5088 5089/5089/5089 
f 5090/5090/5090 5078/5078/5078 5081/5081/5081 
f 5090/5090/5090 5081/5081/5081 5091/5091/5091 
f 5092/5092/5092 5093/5093/5093 5083/5083/5083 
f 5092/5092/5092 5083/5083/5083 5082/5082/5082 
f 5094/5094/5094 5095/5095/5095 5087/5087/5087 
f 5094/5094/5094 5087/5087/5087 5086/5086/5086 
f 5096/5096/5096 5097/5097/5097 5098/5098/5098 
f 5096/5096/5096 5098/5098/5098 5099/5099/5099 
f 5100/5100/5100 5101/5101/5101 5102/5102/5102 
f 5100/5100/5100 5102/5102/5102 5103/5103/5103 
f 5104/5104/5104 5105/5105/5105 5100/5100/5100 
f 5104/5104/5104 5100/5100/5100 5103/5103/5103 
f 5106/5106/5106 5107/5107/5107 5092/5092/5092 
f 5106/5106/5106 5092/5092/5092 5082/5082/5082 
f 5085/5085/5085 5108/5108/5108 5106/5106/5106 
f 5085/5085/5085 5106/5106/5106 5082/5082/5082 
f 5083/5083/5083 5093/5093/5093 5109/5109/5109 
f 5083/5083/5083 5109/5109/5109 5110/5110/5110 
f 5084/5084/5084 5083/5083/5083 5110/5110/5110 
f 5084/5084/5084 5110/5110/5110 5111/5111/5111 
f 5112/5112/5112 5113/5113/5113 5114/5114/5114 
f 5112/5112/5112 5114/5114/5114 5115/5115/5115 
f 5116/5116/5116 5117/5117/5117 5118/5118/5118 
f 5116/5116/5116 5118/5118/5118 5119/5119/5119 
f 5110/5110/5110 5109/5109/5109 5104/5104/5104 
f 5110/5110/5110 5104/5104/5104 5103/5103/5103 
f 5111/5111/5111 5110/5110/5110 5103/5103/5103 
f 5111/5111/5111 5103/5103/5103 5102/5102/5102 
f 5120/5120/5120 5121/5121/5121 5122/5122/5122 
f 5120/5120/5120 5122/5122/5122 5123/5123/5123 
f 5124/5124/5124 5125/5125/5125 5126/5126/5126 
f 5124/5124/5124 5126/5126/5126 5127/5127/5127 
f 5128/5128/5128 5129/5129/5129 5130/5130/5130 
f 5128/5128/5128 5130/5130/5130 5131/5131/5131 
f 5132/5132/5132 5133/5133/5133 5134/5134/5134 
f 5132/5132/5132 5134/5134/5134 5135/5135/5135 
f 5136/5136/5136 5137/5137/5137 5138/5138/5138 
f 5139/5139/5139 5140/5140/5140 5137/5137/5137 
f 5139/5139/5139 5137/5137/5137 5136/5136/5136 
f 5141/5141/5141 5140/5140/5140 5139/5139/5139 
f 5141/5141/5141 5139/5139/5139 5142/5142/5142 
f 5143/5143/5143 5141/5141/5141 5142/5142/5142 
f 5144/5144/5144 5145/5145/5145 5146/5146/5146 
f 5144/5144/5144 5146/5146/5146 5147/5147/5147 
f 5089/5089/5089 5088/5088/5088 5076/5076/5076 
f 5089/5089/5089 5076/5076/5076 5075/5075/5075 
f 5080/5080/5080 5079/5079/5079 5124/5124/5124 
f 5080/5080/5080 5124/5124/5124 5127/5127/5127 
f 5102/5102/5102 5101/5101/5101 5120/5120/5120 
f 5102/5102/5102 5120/5120/5120 5123/5123/5123 
f 5148/5148/5148 5111/5111/5111 5102/5102/5102 
f 5148/5148/5148 5102/5102/5102 5123/5123/5123 
f 5149/5149/5149 5084/5084/5084 5111/5111/5111 
f 5149/5149/5149 5111/5111/5111 5148/5148/5148 
f 5085/5085/5085 5084/5084/5084 5149/5149/5149 
f 5085/5085/5085 5149/5149/5149 5098/5098/5098 
f 5097/5097/5097 5108/5108/5108 5085/5085/5085 
f 5097/5097/5097 5085/5085/5085 5098/5098/5098 
f 5129/5129/5129 5090/5090/5090 5091/5091/5091 
f 5129/5129/5129 5091/5091/5091 5130/5130/5130 
f 5053/5053/5053 5052/5052/5052 5019/5019/5019 
f 5053/5053/5053 5019/5019/5019 5018/5018/5018 
f 5052/5052/5052 5055/5055/5055 5028/5028/5028 
f 5052/5052/5052 5028/5028/5028 5019/5019/5019 
f 5033/5033/5033 5042/5042/5042 5057/5057/5057 
f 5033/5033/5033 5057/5057/5057 5056/5056/5056 
f 5021/5021/5021 5033/5033/5033 5056/5056/5056 
f 5021/5021/5021 5056/5056/5056 5060/5060/5060 
f 5063/5063/5063 5020/5020/5020 5021/5021/5021 
f 5063/5063/5063 5021/5021/5021 5060/5060/5060 
f 5023/5023/5023 5030/5030/5030 5065/5065/5065 
f 5023/5023/5023 5065/5065/5065 5064/5064/5064 
f 5069/5069/5069 5022/5022/5022 5023/5023/5023 
f 5069/5069/5069 5023/5023/5023 5064/5064/5064 
f 5147/5147/5147 5146/5146/5146 5095/5095/5095 
f 5147/5147/5147 5095/5095/5095 5094/5094/5094 
f 5092/5092/5092 5107/5107/5107 5150/5150/5150 
f 5092/5092/5092 5150/5150/5150 5151/5151/5151 
f 5151/5151/5151 5093/5093/5093 5092/5092/5092 
f 5109/5109/5109 5093/5093/5093 5152/5152/5152 
f 5104/5104/5104 5109/5109/5109 5152/5152/5152 
f 5104/5104/5104 5152/5152/5152 5135/5135/5135 
f 5134/5134/5134 5105/5105/5105 5104/5104/5104 
f 5134/5134/5134 5104/5104/5104 5135/5135/5135 
f 5153/5153/5153 5154/5154/5154 5155/5155/5155 
f 5153/5153/5153 5155/5155/5155 5156/5156/5156 
f 5155/5155/5155 5157/5157/5157 5158/5158/5158 
f 5155/5155/5155 5158/5158/5158 5156/5156/5156 
f 5159/5159/5159 5158/5158/5158 5157/5157/5157 
f 5159/5159/5159 5157/5157/5157 5160/5160/5160 
f 5132/5132/5132 5159/5159/5159 5160/5160/5160 
f 5132/5132/5132 5160/5160/5160 5161/5161/5161 
f 5161/5161/5161 5162/5162/5162 5133/5133/5133 
f 5161/5161/5161 5133/5133/5133 5132/5132/5132 
f 5163/5163/5163 5128/5128/5128 5131/5131/5131 
f 5163/5163/5163 5131/5131/5131 5164/5164/5164 
f 5165/5165/5165 5166/5166/5166 5051/5051/5051 
f 5165/5165/5165 5051/5051/5051 5050/5050/5050 
f 5167/5167/5167 5054/5054/5054 5051/5051/5051 
f 5167/5167/5167 5051/5051/5051 5166/5166/5166 
f 5059/5059/5059 5058/5058/5058 5168/5168/5168 
f 5059/5059/5059 5168/5168/5168 5169/5169/5169 
f 5061/5061/5061 5059/5059/5059 5169/5169/5169 
f 5061/5061/5061 5169/5169/5169 5170/5170/5170 
f 5171/5171/5171 5062/5062/5062 5061/5061/5061 
f 5171/5171/5171 5061/5061/5061 5170/5170/5170 
f 5067/5067/5067 5066/5066/5066 5172/5172/5172 
f 5067/5067/5067 5172/5172/5172 5173/5173/5173 
f 5174/5174/5174 5068/5068/5068 5067/5067/5067 
f 5174/5174/5174 5067/5067/5067 5173/5173/5173 
f 5175/5175/5175 5176/5176/5176 5145/5145/5145 
f 5175/5175/5175 5145/5145/5145 5144/5144/5144 
f 5177/5177/5177 5178/5178/5178 5153/5153/5153 
f 5177/5177/5177 5153/5153/5153 5156/5156/5156 
f 5156/5156/5156 5158/5158/5158 5179/5179/5179 
f 5180/5180/5180 5179/5179/5179 5158/5158/5158 
f 5180/5180/5180 5158/5158/5158 5159/5159/5159 
f 5135/5135/5135 5180/5180/5180 5159/5159/5159 
f 5135/5135/5135 5159/5159/5159 5132/5132/5132 
f 5181/5181/5181 5182/5182/5182 5143/5143/5143 
f 5181/5181/5181 5143/5143/5143 5142/5142/5142 
f 5142/5142/5142 5139/5139/5139 5183/5183/5183 
f 5142/5142/5142 5183/5183/5183 5181/5181/5181 
f 5184/5184/5184 5183/5183/5183 5139/5139/5139 
f 5184/5184/5184 5139/5139/5139 5136/5136/5136 
f 5138/5138/5138 5184/5184/5184 5136/5136/5136 
f 5185/5185/5185 5186/5186/5186 5187/5187/5187 
f 5185/5185/5185 5187/5187/5187 5188/5188/5188 
f 5189/5189/5189 5185/5185/5185 5188/5188/5188 
f 5189/5189/5189 5188/5188/5188 5190/5190/5190 
f 5191/5191/5191 5189/5189/5189 5190/5190/5190 
f 5191/5191/5191 5190/5190/5190 5192/5192/5192 
f 5193/5193/5193 5191/5191/5191 5192/5192/5192 
f 5193/5193/5193 5192/5192/5192 5194/5194/5194 
f 5195/5195/5195 5196/5196/5196 5197/5197/5197 
f 5195/5195/5195 5197/5197/5197 5198/5198/5198 
f 5199/5199/5199 5195/5195/5195 5198/5198/5198 
f 5199/5199/5199 5198/5198/5198 5200/5200/5200 
f 5201/5201/5201 5199/5199/5199 5200/5200/5200 
f 5201/5201/5201 5200/5200/5200 5202/5202/5202 
f 5186/5186/5186 5201/5201/5201 5202/5202/5202 
f 5186/5186/5186 5202/5202/5202 5187/5187/5187 
f 5086/5086/5086 5089/5089/5089 5015/5015/5015 
f 5086/5086/5086 5015/5015/5015 5014/5014/5014 
f 5089/5089/5089 5075/5075/5075 5005/5005/5005 
f 5089/5089/5089 5005/5005/5005 5015/5015/5015 
f 5074/5074/5074 5002/5002/5002 5005/5005/5005 
f 5074/5074/5074 5005/5005/5005 5075/5075/5075 
f 5116/5116/5116 5039/5039/5039 5040/5040/5040 
f 5116/5116/5116 5040/5040/5040 5117/5117/5117 
f 5124/5124/5124 5048/5048/5048 5049/5049/5049 
f 5124/5124/5124 5049/5049/5049 5125/5125/5125 
f 5009/5009/5009 5048/5048/5048 5124/5124/5124 
f 5009/5009/5009 5124/5124/5124 5079/5079/5079 
f 5078/5078/5078 5006/5006/5006 5009/5009/5009 
f 5078/5078/5078 5009/5009/5009 5079/5079/5079 
f 5090/5090/5090 5018/5018/5018 5006/5006/5006 
f 5090/5090/5090 5006/5006/5006 5078/5078/5078 
f 5129/5129/5129 5053/5053/5053 5018/5018/5018 
f 5129/5129/5129 5018/5018/5018 5090/5090/5090 
f 5128/5128/5128 5050/5050/5050 5053/5053/5053 
f 5128/5128/5128 5053/5053/5053 5129/5129/5129 
f 5163/5163/5163 5165/5165/5165 5050/5050/5050 
f 5163/5163/5163 5050/5050/5050 5128/5128/5128 
f 5175/5175/5175 5144/5144/5144 5068/5068/5068 
f 5175/5175/5175 5068/5068/5068 5174/5174/5174 
f 5144/5144/5144 5147/5147/5147 5069/5069/5069 
f 5144/5144/5144 5069/5069/5069 5068/5068/5068 
f 5147/5147/5147 5094/5094/5094 5022/5022/5022 
f 5147/5147/5147 5022/5022/5022 5069/5069/5069 
f 5094/5094/5094 5086/5086/5086 5014/5014/5014 
f 5094/5094/5094 5014/5014/5014 5022/5022/5022 
f 5087/5087/5087 5203/5203/5203 5204/5204/5204 
f 5087/5087/5087 5204/5204/5204 5088/5088/5088 
f 5076/5076/5076 5088/5088/5088 5204/5204/5204 
f 5076/5076/5076 5204/5204/5204 5205/5205/5205 
f 5077/5077/5077 5076/5076/5076 5205/5205/5205 
f 5077/5077/5077 5205/5205/5205 5206/5206/5206 
f 5119/5119/5119 5118/5118/5118 5207/5207/5207 
f 5119/5119/5119 5207/5207/5207 5208/5208/5208 
f 5127/5127/5127 5126/5126/5126 5209/5209/5209 
f 5127/5127/5127 5209/5209/5209 5210/5210/5210 
f 5211/5211/5211 5080/5080/5080 5127/5127/5127 
f 5211/5211/5211 5127/5127/5127 5210/5210/5210 
f 5081/5081/5081 5080/5080/5080 5211/5211/5211 
f 5081/5081/5081 5211/5211/5211 5212/5212/5212 
f 5091/5091/5091 5081/5081/5081 5212/5212/5212 
f 5091/5091/5091 5212/5212/5212 5213/5213/5213 
f 5130/5130/5130 5091/5091/5091 5213/5213/5213 
f 5130/5130/5130 5213/5213/5213 5214/5214/5214 
f 5131/5131/5131 5130/5130/5130 5214/5214/5214 
f 5131/5131/5131 5214/5214/5214 5215/5215/5215 
f 5164/5164/5164 5131/5131/5131 5215/5215/5215 
f 5164/5164/5164 5215/5215/5215 5216/5216/5216 
f 5145/5145/5145 5176/5176/5176 5217/5217/5217 
f 5145/5145/5145 5217/5217/5217 5178/5178/5178 
f 5146/5146/5146 5145/5145/5145 5178/5178/5178 
f 5146/5146/5146 5178/5178/5178 5177/5177/5177 
f 5095/5095/5095 5146/5146/5146 5177/5177/5177 
f 5095/5095/5095 5177/5177/5177 5218/5218/5218 
f 5087/5087/5087 5095/5095/5095 5218/5218/5218 
f 5087/5087/5087 5218/5218/5218 5203/5203/5203 
f 5026/5026/5026 5041/5041/5041 5043/5043/5043 
f 5026/5026/5026 5043/5043/5043 5027/5027/5027 
f 5043/5043/5043 5219/5219/5219 5045/5045/5045 
f 5043/5043/5043 5045/5045/5045 5027/5027/5027 
f 5046/5046/5046 5045/5045/5045 5219/5219/5219 
f 5046/5046/5046 5219/5219/5219 5220/5220/5220 
f 5037/5037/5037 5036/5036/5036 5221/5221/5221 
f 5037/5037/5037 5221/5221/5221 5222/5222/5222 
f 5025/5025/5025 5024/5024/5024 5223/5223/5223 
f 5025/5025/5025 5223/5223/5223 5224/5224/5224 
f 5031/5031/5031 5025/5025/5025 5224/5224/5224 
f 5031/5031/5031 5224/5224/5224 5225/5225/5225 
f 5225/5225/5225 5226/5226/5226 5029/5029/5029 
f 5225/5225/5225 5029/5029/5029 5031/5031/5031 
f 5030/5030/5030 5029/5029/5029 5226/5226/5226 
f 5030/5030/5030 5226/5226/5226 5227/5227/5227 
f 5065/5065/5065 5030/5030/5030 5227/5227/5227 
f 5065/5065/5065 5227/5227/5227 5228/5228/5228 
f 5066/5066/5066 5065/5065/5065 5228/5228/5228 
f 5066/5066/5066 5228/5228/5228 5229/5229/5229 
f 5172/5172/5172 5066/5066/5066 5229/5229/5229 
f 5172/5172/5172 5229/5229/5229 5230/5230/5230 
f 5168/5168/5168 5058/5058/5058 5054/5054/5054 
f 5168/5168/5168 5054/5054/5054 5167/5167/5167 
f 5058/5058/5058 5231/5231/5231 5055/5055/5055 
f 5058/5058/5058 5055/5055/5055 5054/5054/5054 
f 5028/5028/5028 5055/5055/5055 5231/5231/5231 
f 5028/5028/5028 5231/5231/5231 5042/5042/5042 
f 5026/5026/5026 5028/5028/5028 5042/5042/5042 
f 5026/5026/5026 5042/5042/5042 5041/5041/5041 
f 5178/5178/5178 5217/5217/5217 5154/5154/5154 
f 5178/5178/5178 5154/5154/5154 5153/5153/5153 
f 5133/5133/5133 5162/5162/5162 5216/5216/5216 
f 5133/5133/5133 5216/5216/5216 5215/5215/5215 
f 5134/5134/5134 5133/5133/5133 5215/5215/5215 
f 5134/5134/5134 5215/5215/5215 5214/5214/5214 
f 5214/5214/5214 5213/5213/5213 5105/5105/5105 
f 5214/5214/5214 5105/5105/5105 5134/5134/5134 
f 5100/5100/5100 5105/5105/5105 5213/5213/5213 
f 5100/5100/5100 5213/5213/5213 5212/5212/5212 
f 5212/5212/5212 5211/5211/5211 5101/5101/5101 
f 5212/5212/5212 5101/5101/5101 5100/5100/5100 
f 5120/5120/5120 5101/5101/5101 5211/5211/5211 
f 5120/5120/5120 5211/5211/5211 5210/5210/5210 
f 5210/5210/5210 5209/5209/5209 5121/5121/5121 
f 5210/5210/5210 5121/5121/5121 5120/5120/5120 
f 5208/5208/5208 5207/5207/5207 5113/5113/5113 
f 5208/5208/5208 5113/5113/5113 5112/5112/5112 
f 5206/5206/5206 5205/5205/5205 5097/5097/5097 
f 5206/5206/5206 5097/5097/5097 5096/5096/5096 
f 5205/5205/5205 5204/5204/5204 5108/5108/5108 
f 5205/5205/5205 5108/5108/5108 5097/5097/5097 
f 5106/5106/5106 5108/5108/5108 5204/5204/5204 
f 5106/5106/5106 5204/5204/5204 5203/5203/5203 
f 5203/5203/5203 5218/5218/5218 5107/5107/5107 
f 5203/5203/5203 5107/5107/5107 5106/5106/5106 
f 5150/5150/5150 5107/5107/5107 5218/5218/5218 
f 5150/5150/5150 5218/5218/5218 5177/5177/5177 
f 5197/5197/5197 5196/5196/5196 5193/5193/5193 
f 5197/5197/5197 5193/5193/5193 5194/5194/5194 
f 5232/5232/5232 5233/5233/5233 5234/5234/5234 
f 5232/5232/5232 5234/5234/5234 5235/5235/5235 
f 5236/5236/5236 5237/5237/5237 5238/5238/5238 
f 5236/5236/5236 5238/5238/5238 5239/5239/5239 
f 5240/5240/5240 5241/5241/5241 5242/5242/5242 
f 5240/5240/5240 5242/5242/5242 5243/5243/5243 
f 5244/5244/5244 5240/5240/5240 5243/5243/5243 
f 5244/5244/5244 5243/5243/5243 5245/5245/5245 
f 5237/5237/5237 5246/5246/5246 5247/5247/5247 
f 5237/5237/5237 5247/5247/5247 5238/5238/5238 
f 5233/5233/5233 5248/5248/5248 5249/5249/5249 
f 5233/5233/5233 5249/5249/5249 5234/5234/5234 
f 5248/5248/5248 5250/5250/5250 5251/5251/5251 
f 5248/5248/5248 5251/5251/5251 5249/5249/5249 
f 5252/5252/5252 5253/5253/5253 5254/5254/5254 
f 5252/5252/5252 5254/5254/5254 5255/5255/5255 
f 5256/5256/5256 5257/5257/5257 5258/5258/5258 
f 5256/5256/5256 5258/5258/5258 5259/5259/5259 
f 5260/5260/5260 5261/5261/5261 5262/5262/5262 
f 5260/5260/5260 5262/5262/5262 5263/5263/5263 
f 5264/5264/5264 5265/5265/5265 5266/5266/5266 
f 5264/5264/5264 5266/5266/5266 5267/5267/5267 
f 5253/5253/5253 5268/5268/5268 5269/5269/5269 
f 5253/5253/5253 5269/5269/5269 5254/5254/5254 
f 5270/5270/5270 5252/5252/5252 5255/5255/5255 
f 5270/5270/5270 5255/5255/5255 5271/5271/5271 
f 5265/5265/5265 5270/5270/5270 5271/5271/5271 
f 5265/5265/5265 5271/5271/5271 5266/5266/5266 
f 5241/5241/5241 5260/5260/5260 5263/5263/5263 
f 5241/5241/5241 5263/5263/5263 5242/5242/5242 
f 5257/5257/5257 5236/5236/5236 5239/5239/5239 
f 5257/5257/5257 5239/5239/5239 5258/5258/5258 
f 5261/5261/5261 5272/5272/5272 5273/5273/5273 
f 5261/5261/5261 5273/5273/5273 5262/5262/5262 
f 5274/5274/5274 5256/5256/5256 5259/5259/5259 
f 5274/5274/5274 5259/5259/5259 5275/5275/5275 
f 5246/5246/5246 5232/5232/5232 5235/5235/5235 
f 5246/5246/5246 5235/5235/5235 5247/5247/5247 
f 5250/5250/5250 5244/5244/5244 5245/5245/5245 
f 5250/5250/5250 5245/5245/5245 5251/5251/5251 
f 5268/5268/5268 5274/5274/5274 5275/5275/5275 
f 5268/5268/5268 5275/5275/5275 5269/5269/5269 
f 5272/5272/5272 5264/5264/5264 5267/5267/5267 
f 5272/5272/5272 5267/5267/5267 5273/5273/5273 
f 5234/5234/5234 5276/5276/5276 5277/5277/5277 
f 5234/5234/5234 5277/5277/5277 5235/5235/5235 
f 5238/5238/5238 5278/5278/5278 5279/5279/5279 
f 5238/5238/5238 5279/5279/5279 5239/5239/5239 
f 5242/5242/5242 5280/5280/5280 5281/5281/5281 
f 5242/5242/5242 5281/5281/5281 5243/5243/5243 
f 5243/5243/5243 5281/5281/5281 5282/5282/5282 
f 5243/5243/5243 5282/5282/5282 5245/5245/5245 
f 5247/5247/5247 5283/5283/5283 5278/5278/5278 
f 5247/5247/5247 5278/5278/5278 5238/5238/5238 
f 5249/5249/5249 5284/5284/5284 5276/5276/5276 
f 5249/5249/5249 5276/5276/5276 5234/5234/5234 
f 5251/5251/5251 5285/5285/5285 5284/5284/5284 
f 5251/5251/5251 5284/5284/5284 5249/5249/5249 
f 5254/5254/5254 5286/5286/5286 5287/5287/5287 
f 5254/5254/5254 5287/5287/5287 5255/5255/5255 
f 5258/5258/5258 5288/5288/5288 5289/5289/5289 
f 5258/5258/5258 5289/5289/5289 5259/5259/5259 
f 5262/5262/5262 5290/5290/5290 5291/5291/5291 
f 5262/5262/5262 5291/5291/5291 5263/5263/5263 
f 5266/5266/5266 5292/5292/5292 5293/5293/5293 
f 5266/5266/5266 5293/5293/5293 5267/5267/5267 
f 5269/5269/5269 5294/5294/5294 5286/5286/5286 
f 5269/5269/5269 5286/5286/5286 5254/5254/5254 
f 5255/5255/5255 5287/5287/5287 5295/5295/5295 
f 5255/5255/5255 5295/5295/5295 5271/5271/5271 
f 5271/5271/5271 5295/5295/5295 5292/5292/5292 
f 5271/5271/5271 5292/5292/5292 5266/5266/5266 
f 5263/5263/5263 5291/5291/5291 5280/5280/5280 
f 5263/5263/5263 5280/5280/5280 5242/5242/5242 
f 5239/5239/5239 5279/5279/5279 5288/5288/5288 
f 5239/5239/5239 5288/5288/5288 5258/5258/5258 
f 5273/5273/5273 5296/5296/5296 5290/5290/5290 
f 5273/5273/5273 5290/5290/5290 5262/5262/5262 
f 5259/5259/5259 5289/5289/5289 5297/5297/5297 
f 5259/5259/5259 5297/5297/5297 5275/5275/5275 
f 5235/5235/5235 5277/5277/5277 5283/5283/5283 
f 5235/5235/5235 5283/5283/5283 5247/5247/5247 
f 5245/5245/5245 5282/5282/5282 5285/5285/5285 
f 5245/5245/5245 5285/5285/5285 5251/5251/5251 
f 5275/5275/5275 5297/5297/5297 5294/5294/5294 
f 5275/5275/5275 5294/5294/5294 5269/5269/5269 
f 5267/5267/5267 5293/5293/5293 5296/5296/5296 
f 5267/5267/5267 5296/5296/5296 5273/5273/5273 
f 5276/5276/5276 5298/5298/5298 5299/5299/5299 
f 5276/5276/5276 5299/5299/5299 5277/5277/5277 
f 5278/5278/5278 5300/5300/5300 5301/5301/5301 
f 5278/5278/5278 5301/5301/5301 5279/5279/5279 
f 5280/5280/5280 5301/5301/5301 5300/5300/5300 
f 5280/5280/5280 5300/5300/5300 5281/5281/5281 
f 5281/5281/5281 5300/5300/5300 5302/5302/5302 
f 5281/5281/5281 5302/5302/5302 5282/5282/5282 
f 5283/5283/5283 5302/5302/5302 5300/5300/5300 
f 5283/5283/5283 5300/5300/5300 5278/5278/5278 
f 5284/5284/5284 5298/5298/5298 5276/5276/5276 
f 5285/5285/5285 5299/5299/5299 5298/5298/5298 
f 5285/5285/5285 5298/5298/5298 5284/5284/5284 
f 5286/5286/5286 5303/5303/5303 5304/5304/5304 
f 5286/5286/5286 5304/5304/5304 5287/5287/5287 
f 5288/5288/5288 5305/5305/5305 5306/5306/5306 
f 5288/5288/5288 5306/5306/5306 5289/5289/5289 
f 5290/5290/5290 5306/5306/5306 5305/5305/5305 
f 5290/5290/5290 5305/5305/5305 5291/5291/5291 
f 5292/5292/5292 5303/5303/5303 5307/5307/5307 
f 5292/5292/5292 5307/5307/5307 5293/5293/5293 
f 5294/5294/5294 5307/5307/5307 5303/5303/5303 
f 5294/5294/5294 5303/5303/5303 5286/5286/5286 
f 5287/5287/5287 5304/5304/5304 5295/5295/5295 
f 5295/5295/5295 5304/5304/5304 5303/5303/5303 
f 5295/5295/5295 5303/5303/5303 5292/5292/5292 
f 5291/5291/5291 5305/5305/5305 5301/5301/5301 
f 5291/5291/5291 5301/5301/5301 5280/5280/5280 
f 5279/5279/5279 5301/5301/5301 5305/5305/5305 
f 5279/5279/5279 5305/5305/5305 5288/5288/5288 
f 5296/5296/5296 5308/5308/5308 5306/5306/5306 
f 5296/5296/5296 5306/5306/5306 5290/5290/5290 
f 5289/5289/5289 5306/5306/5306 5308/5308/5308 
f 5289/5289/5289 5308/5308/5308 5297/5297/5297 
f 5277/5277/5277 5299/5299/5299 5302/5302/5302 
f 5277/5277/5277 5302/5302/5302 5283/5283/5283 
f 5282/5282/5282 5302/5302/5302 5299/5299/5299 
f 5282/5282/5282 5299/5299/5299 5285/5285/5285 
f 5297/5297/5297 5308/5308/5308 5307/5307/5307 
f 5297/5297/5297 5307/5307/5307 5294/5294/5294 
f 5293/5293/5293 5307/5307/5307 5308/5308/5308 
f 5293/5293/5293 5308/5308/5308 5296/5296/5296 

