g Handle1

v 0.00679398 104.017 0.553615 
v 0.148396 104.02 0.529813 
v 0.173996 104.065 0.614913 
v 0.173996 104.065 0.614913 
v 0.00659561 104.065 0.641014 
v 0.00679398 104.017 0.553615 
v -0.160904 104.065 0.614114 
v -0.134903 104.02 0.529113 
v 0.00679398 104.017 0.553615 
v 0.00679398 104.017 0.553615 
v 0.00659561 104.065 0.641014 
v -0.160904 104.065 0.614114 
v 0.173996 104.065 0.614913 
v 0.148396 104.02 0.529813 
v 0.273796 104.032 0.461414 
v -0.259903 104.032 0.460214 
v -0.134903 104.02 0.529113 
v -0.160904 104.065 0.614114 
v 0.445396 104.065 0.476114 
v 0.325195 104.065 0.595813 
v 0.273796 104.032 0.461414 
v -0.259903 104.032 0.460214 
v -0.311905 104.065 0.594314 
v -0.431503 104.065 0.474115 
v 0.273796 104.032 0.461414 
v 0.325195 104.065 0.595813 
v 0.173996 104.065 0.614913 
v -0.160904 104.065 0.614114 
v -0.311905 104.065 0.594314 
v -0.259903 104.032 0.460214 
v 0.522694 104.065 0.325315 
v 0.445396 104.065 0.476114 
v 0.371296 104.053 0.422313 
v -0.357105 104.053 0.420715 
v -0.431503 104.065 0.474115 
v -0.508106 104.065 0.322914 
v 0.273796 104.032 0.461414 
v 0.371296 104.053 0.422313 
v 0.445396 104.065 0.476114 
v -0.431503 104.065 0.474115 
v -0.357105 104.053 0.420715 
v -0.259903 104.032 0.460214 
v 0.607296 104.141 0.296415 
v 0.556194 104.061 0.290914 
v 0.649593 104.282 0.0806136 
v 0.649593 104.282 0.0806136 
v 0.654495 104.272 0.154314 
v 0.607296 104.141 0.296415 
v 0.551895 105.153 -0.569285 
v 0.593494 104.576 -0.851586 
v 0.202595 105.046 -0.664586 
v -0.517204 105.153 -0.571785 
v -0.167503 105.046 -0.665486 
v -0.557606 104.576 -0.854186 
v 0.447197 104.077 0.497114 
v 0.396896 103.946 0.485614 
v 0.648193 104.269 0.295213 
v -0.00810623 104.193 0.687614 
v -0.0809059 104.179 0.698215 
v -0.290905 103.966 0.616714 
v 0.642197 105.036 -0.310885 
v 0.708794 104.392 -0.322485 
v 0.425095 104.901 -0.589587 
v -0.290905 103.966 0.616714 
v -0.290104 103.844 0.547714 
v -0.00810623 104.193 0.687614 
v 0.628494 104.883 -0.331187 
v 0.663494 104.239 -0.290986 
v 0.432396 104.739 -0.621186 
v -0.325806 105.048 -0.564986 
v -0.321404 105.145 -0.536585 
v -0.0513039 105.08 -0.629185 
v -0.624706 105.036 -0.313786 
v -0.406406 104.901 -0.591486 
v -0.691303 104.392 -0.325686 
v -0.0513039 105.08 -0.629185 
v -0.113205 104.94 -0.659087 
v -0.325806 105.048 -0.564986 
v -0.611004 104.883 -0.333987 
v -0.413506 104.739 -0.623187 
v -0.646107 104.239 -0.293986 
v 0.344296 105.048 -0.563487 
v 0.039196 104.94 -0.658686 
v -0.0241051 105.076 -0.630385 
v -0.0241051 105.076 -0.630385 
v 0.339893 105.145 -0.535086 
v 0.344296 105.048 -0.563487 
v -0.728104 105.187 -0.373887 
v -0.759506 105.138 -0.407687 
v -0.647804 105.322 -0.130085 
v -0.765503 104.831 -0.203187 
v -0.757004 104.49 -0.128087 
v -0.770905 104.749 0.160215 
v 0.549595 104.065 0.157814 
v 0.593594 104.154 0.0649142 
v 0.564495 104.154 0.245914 
v 0.564495 104.154 0.245914 
v 0.522694 104.065 0.325315 
v 0.549595 104.065 0.157814 
v 0.513195 105.038 -0.418686 
v 0.628494 104.883 -0.331187 
v 0.432396 104.739 -0.621186 
v 0.674397 104.436 0.0482135 
v 0.696297 104.516 0.0123134 
v 0.689396 104.499 0.0974135 
v -0.230705 104.273 0.653614 
v -0.304005 104.269 0.637313 
v -0.452904 104.082 0.510213 
v -0.534306 104.065 0.155414 
v -0.508106 104.065 0.322914 
v -0.549606 104.154 0.243314 
v -0.413506 104.739 -0.623187 
v -0.611004 104.883 -0.333987 
v -0.495304 105.038 -0.420987 
v -0.549606 104.154 0.243314 
v -0.577904 104.154 0.0623145 
v -0.534306 104.065 0.155414 
v 0.686794 104.451 0.125614 
v 0.654495 104.272 0.154314 
v 0.649593 104.282 0.0806136 
v 0.649593 104.282 0.0806136 
v 0.674397 104.436 0.0482135 
v 0.686794 104.451 0.125614 
v -0.392105 104.482 0.910215 
v -0.533806 104.791 0.715114 
v -0.581104 104.766 0.670114 
v 0.432396 104.739 -0.621186 
v 0.271694 104.919 -0.632485 
v 0.513195 105.038 -0.418686 
v -0.325806 105.048 -0.564986 
v -0.113205 104.94 -0.659087 
v -0.366306 104.477 -0.853785 
v -0.452904 104.082 0.510213 
v -0.444103 103.954 0.454713 
v -0.230705 104.273 0.653614 
v -0.582706 104.967 0.624214 
v -0.581104 104.766 0.670114 
v -0.533806 104.791 0.715114 
v -0.495304 105.038 -0.420987 
v -0.252804 104.919 -0.633687 
v -0.413506 104.739 -0.623187 
v 0.425095 104.901 -0.589587 
v 0.298595 105.092 -0.596486 
v 0.548294 105.192 -0.266985 
v 0.344296 105.048 -0.563487 
v 0.386196 104.477 -0.852086 
v 0.039196 104.94 -0.658686 
v 0.550396 104.759 -0.342085 
v 0.606796 104.74 -0.296986 
v 0.622795 104.286 -0.167286 
v 0.0093956 105.008 -0.595986 
v 0.0093956 105.061 -0.580885 
v 0.190296 105.021 -0.551785 
v 0.689396 104.499 0.0974135 
v 0.686794 104.451 0.125614 
v 0.674397 104.436 0.0482135 
v -0.759903 104.549 0.488115 
v -0.733505 104.753 0.442615 
v -0.761604 104.764 0.379613 
v -0.421906 104.081 0.294713 
v -0.508106 104.065 0.322914 
v -0.534306 104.065 0.155414 
v -0.171806 105.021 -0.552586 
v 0.0093956 105.061 -0.580885 
v 0.0093956 105.008 -0.595986 
v 0.549595 104.065 0.157814 
v 0.522694 104.065 0.325315 
v 0.436596 104.081 0.296714 
v -0.533806 104.791 0.715114 
v -0.525307 104.975 0.673013 
v -0.582706 104.967 0.624214 
v 0.606796 104.74 -0.296986 
v 0.710796 104.735 -0.0669866 
v 0.622795 104.286 -0.167286 
v 0.586796 104.922 -0.289885 
v 0.706097 104.951 -0.0373864 
v 0.582497 105.006 0.676115 
v 0.539097 105.04 0.693513 
v 0.515095 104.733 0.949113 
v 0.316093 105.194 -0.438986 
v 0.513195 105.038 -0.418686 
v 0.271694 104.919 -0.632485 
v 0.593296 104.431 0.376714 
v 0.557796 104.321 0.382614 
v 0.654495 104.272 0.154314 
v 0.691494 104.947 -0.0705857 
v 0.681293 105.095 -0.0592866 
v 0.702595 105.074 0.0105147 
v -0.252804 104.919 -0.633687 
v -0.495304 105.038 -0.420987 
v -0.298004 105.194 -0.440386 
v -0.717304 104.748 -0.109187 
v -0.713203 104.954 -0.0295854 
v -0.533405 104.997 -0.405587 
v 0.548294 105.192 -0.266985 
v 0.642197 105.036 -0.310885 
v 0.425095 104.901 -0.589587 
v 0.515095 104.733 0.949113 
v 0.571495 104.601 0.999315 
v 0.582497 105.006 0.676115 
v 0.702595 105.074 0.0105147 
v 0.704697 104.917 -0.00918627 
v 0.691494 104.947 -0.0705857 
v -0.704105 104.163 0.109113 
v -0.487404 103.95 0.355714 
v -0.561504 104.236 0.450414 
v -0.561504 104.236 0.450414 
v -0.592304 104.449 0.335014 
v -0.508106 104.065 0.322914 
v -0.421906 104.081 0.294713 
v -0.357105 104.053 0.420715 
v -0.406406 104.901 -0.591486 
v -0.624706 105.036 -0.313786 
v -0.531006 105.192 -0.269486 
v 0.586796 104.922 -0.289885 
v 0.606796 104.74 -0.296986 
v 0.550396 104.759 -0.342085 
v 0.370495 103.901 0.653915 
v 0.343197 103.766 0.620615 
v 0.526794 104.363 0.527515 
v 0.371296 104.053 0.422313 
v 0.436596 104.081 0.296714 
v 0.522694 104.065 0.325315 
v 0.526794 104.363 0.527515 
v 0.491894 104.352 0.586214 
v 0.370495 103.901 0.653915 
v 0.420795 103.866 0.600914 
v 0.165195 104.22 0.700115 
v 0.103394 104.255 0.696414 
v 0.353394 104.955 -0.468186 
v 0.362194 104.856 -0.480385 
v 0.194897 104.971 -0.566185 
v 0.103394 104.255 0.696414 
v 0.414894 103.778 0.550914 
v 0.420795 103.866 0.600914 
v 0.644096 104.619 0.352214 
v 0.593296 104.431 0.376714 
v 0.686794 104.451 0.125614 
v 0.710796 104.735 -0.0669866 
v 0.606796 104.74 -0.296986 
v 0.586796 104.922 -0.289885 
v 0.271694 104.919 -0.632485 
v 0.217995 105.101 -0.580086 
v 0.316093 105.194 -0.438986 
v 0.654797 104.444 0.325714 
v 0.621696 104.268 0.365715 
v 0.648193 104.269 0.295213 
v 0.550396 104.759 -0.342085 
v 0.527195 104.91 -0.338887 
v 0.586796 104.922 -0.289885 
v -0.176403 104.971 -0.566987 
v -0.344105 104.856 -0.482087 
v -0.335304 104.955 -0.469786 
v -0.533405 104.997 -0.405587 
v -0.560505 104.833 -0.441586 
v -0.717304 104.748 -0.109187 
v 0.176594 105.11 -0.510186 
v 0.190296 105.021 -0.551785 
v 0.0093956 105.061 -0.580885 
v 0.675396 104.973 -0.0771852 
v 0.702396 104.791 -0.0747857 
v 0.666496 104.807 -0.139086 
v 0.0093956 105.061 -0.580885 
v -0.171806 105.021 -0.552586 
v -0.158306 105.11 -0.510886 
v 0.707596 104.759 0.239213 
v 0.696995 104.74 0.310514 
v 0.701996 104.286 0.340614 
v 0.666496 104.807 -0.139086 
v 0.640095 104.958 -0.144986 
v 0.675396 104.973 -0.0771852 
v 0.706097 104.951 -0.0373864 
v 0.705296 104.953 0.0380149 
v 0.705597 104.751 0.00101423 
v 0.194897 104.971 -0.566185 
v 0.190296 105.021 -0.551785 
v 0.353394 104.955 -0.468186 
v 0.705296 104.953 0.0380149 
v 0.706097 104.951 -0.0373864 
v 0.670197 105.134 -0.00548601 
v 0.670197 105.134 -0.00548601 
v 0.660694 105.177 0.0801139 
v 0.705296 104.953 0.0380149 
v -0.537907 104.581 0.621114 
v -0.583504 104.685 0.604515 
v -0.759903 104.549 0.488115 
v 0.648193 104.269 0.295213 
v 0.621696 104.268 0.365715 
v 0.447197 104.077 0.497114 
v 0.621696 104.268 0.365715 
v 0.447296 104.341 0.529514 
v -0.335304 104.955 -0.469786 
v -0.171806 105.021 -0.552586 
v -0.176403 104.971 -0.566987 
v 0.703297 104.527 0.0540137 
v 0.715397 104.309 0.0882144 
v 0.690594 104.312 0.0209136 
v 0.622795 104.286 -0.167286 
v 0.710796 104.735 -0.0669866 
v 0.705597 104.751 0.00101423 
v -0.298004 105.194 -0.440386 
v -0.199306 105.101 -0.580986 
v -0.252804 104.919 -0.633687 
v -0.298004 105.194 -0.440386 
v -0.291306 105.124 -0.435486 
v 0.694294 104.962 0.251714 
v 0.696495 104.944 0.318714 
v 0.773697 104.478 0.297313 
v 0.680897 104.922 0.296813 
v 0.696995 104.74 0.310514 
v 0.707596 104.759 0.239213 
v 0.482594 104.955 -0.338385 
v 0.494896 104.856 -0.347186 
v 0.362194 104.856 -0.480385 
v 0.362194 104.856 -0.480385 
v 0.353394 104.955 -0.468186 
v 0.482594 104.955 -0.338385 
v 0.772396 105.238 -0.048985 
v 0.860897 105.185 -0.0684857 
v 0.503593 105.366 -0.261487 
v 0.707596 104.759 0.239213 
v 0.693096 104.91 0.220714 
v 0.680897 104.922 0.296813 
v 0.622795 104.286 -0.167286 
v 0.576694 104.155 -0.146685 
v 0.550396 104.759 -0.342085 
v 0.705597 104.751 0.00101423 
v 0.710796 104.735 -0.0669866 
v 0.706097 104.951 -0.0373864 
v 0.696495 104.944 0.318714 
v 0.632896 104.902 0.448015 
v 0.773697 104.478 0.297313 
v 0.704697 104.917 -0.00918627 
v 0.768696 104.541 -0.512286 
v 0.755196 104.663 -0.440985 
v 0.531994 105.065 -0.248187 
v 0.670197 105.134 -0.00548601 
v 0.706097 104.951 -0.0373864 
v 0.681293 105.095 -0.0592866 
v 0.691494 104.947 -0.0705857 
v 0.537895 105.037 -0.250185 
v 0.755196 104.663 -0.440985 
v 0.691494 104.947 -0.0705857 
v 0.704697 104.917 -0.00918627 
v -0.344105 104.856 -0.482087 
v -0.477306 104.856 -0.349387 
v -0.465103 104.955 -0.340485 
v -0.465103 104.955 -0.340485 
v -0.335304 104.955 -0.469786 
v -0.344105 104.856 -0.482087 
v -0.543507 104.215 0.380115 
v -0.579006 104.431 0.374013 
v -0.592304 104.449 0.335014 
v -0.713203 104.954 -0.0295854 
v -0.665005 105.173 0.0589137 
v -0.457207 105.153 -0.315485 
v 0.654495 104.272 0.154314 
v 0.686794 104.451 0.125614 
v 0.593296 104.431 0.376714 
v -0.647804 105.322 -0.130085 
v -0.574604 105.36 -0.121586 
v -0.728104 105.187 -0.373887 
v -0.647804 105.322 -0.130085 
v -0.625206 105.294 -0.0217862 
v 0.202595 105.046 -0.664586 
v 0.106094 105.191 -0.519085 
v 0.514294 105.26 -0.423586 
v 0.883396 104.533 0.0644145 
v 0.910694 104.438 0.0693145 
v 0.666496 104.807 -0.139086 
v 0.688293 105.159 0.173414 
v 0.632095 105.233 0.184413 
v 0.628197 105.268 0.276014 
v -0.480503 105.26 -0.425887 
v -0.0719032 105.191 -0.519486 
v -0.167503 105.046 -0.665486 
v -0.531006 105.192 -0.269486 
v -0.279903 105.092 -0.597886 
v -0.406406 104.901 -0.591486 
v -0.531006 105.192 -0.269486 
v -0.367207 105.297 -0.180087 
v 0.370495 103.901 0.653915 
v 0.284294 104.36 0.729614 
v 0.217094 104.376 0.741514 
v -0.761604 104.764 0.379613 
v -0.838703 104.38 0.465515 
v -0.759903 104.549 0.488115 
v 0.675396 104.973 -0.0771852 
v 0.685596 105.009 0.197214 
v 0.704895 104.793 0.174514 
v 0.675396 104.973 -0.0771852 
v 0.607094 105.113 -0.054585 
v -0.158306 105.11 -0.510886 
v 0.00929642 105.119 -0.536986 
v 0.0093956 105.061 -0.580885 
v -0.629604 104.736 0.342313 
v -0.661003 104.73 0.274213 
v -0.631504 104.306 0.0719142 
v 0.503593 105.366 -0.261487 
v 0.500294 105.374 -0.179286 
v 0.772396 105.238 -0.048985 
v 0.607094 105.113 -0.054585 
v 0.636597 105.191 0.214513 
v 0.685596 105.009 0.197214 
v 0.706097 104.951 -0.0373864 
v 0.586796 104.922 -0.289885 
v 0.531994 105.065 -0.248187 
v 0.190296 105.021 -0.551785 
v 0.176594 105.11 -0.510186 
v 0.327496 105.044 -0.432786 
v 0.353394 104.955 -0.468186 
v 0.190296 105.021 -0.551785 
v -0.525307 104.975 0.673013 
v -0.533806 104.791 0.715114 
v -0.300205 104.86 0.782014 
v -0.649906 105.033 0.304513 
v -0.666103 105.023 0.231214 
v -0.761604 104.764 0.379613 
v -0.758404 104.367 0.0355144 
v -0.684704 103.986 0.243215 
v -0.665806 104.37 0.290615 
v -0.657604 104.591 0.277315 
v -0.300205 104.86 0.782014 
v -0.260204 104.947 0.772813 
v -0.525307 104.975 0.673013 
v -0.309605 105.044 -0.434287 
v -0.158306 105.11 -0.510886 
v -0.171806 105.021 -0.552586 
v 0.217094 104.376 0.741514 
v 0.343197 103.766 0.620615 
v 0.370495 103.901 0.653915 
v 0.426594 104.348 0.579515 
v 0.388496 104.169 0.593414 
v 0.436695 104.178 0.537214 
v 0.686794 104.451 0.125614 
v 0.689396 104.499 0.0974135 
v 0.644096 104.619 0.352214 
v -0.171806 105.021 -0.552586 
v -0.335304 104.955 -0.469786 
v -0.309605 105.044 -0.434287 
v 0.565395 104.955 -0.174885 
v 0.579895 104.856 -0.179486 
v 0.494896 104.856 -0.347186 
v -0.574604 105.36 -0.121586 
v -0.364006 105.348 -0.255085 
v -0.728104 105.187 -0.373887 
v 0.690594 104.312 0.0209136 
v 0.715397 104.309 0.0882144 
v 0.774494 104.093 0.206314 
v 0.607094 105.113 -0.054585 
v 0.675396 104.973 -0.0771852 
v 0.640095 104.958 -0.144986 
v -0.583504 104.685 0.604515 
v -0.733505 104.753 0.442615 
v -0.759903 104.549 0.488115 
v 0.436695 104.178 0.537214 
v 0.470695 104.325 0.519014 
v 0.426594 104.348 0.579515 
v 0.655094 105.012 0.264614 
v 0.685596 105.009 0.197214 
v 0.636597 105.191 0.214513 
v 0.636597 105.191 0.214513 
v 0.593395 105.235 0.288913 
v 0.655094 105.012 0.264614 
v 0.702595 105.074 0.0105147 
v 0.681293 105.095 -0.0592866 
v 0.573296 105.227 0.0295138 
v -0.686604 104.264 0.349014 
v -0.401905 103.861 0.570613 
v -0.427406 104.372 0.594715 
v -0.640804 104.909 0.304815 
v -0.661003 104.73 0.274213 
v -0.629604 104.736 0.342313 
v 0.280594 104.89 0.874115 
v 0.571495 104.601 0.999315 
v 0.515095 104.733 0.949113 
v 0.531994 105.065 -0.248187 
v 0.586796 104.922 -0.289885 
v 0.527195 104.91 -0.338887 
v 0.515095 104.733 0.949113 
v 0.346394 104.914 0.868015 
v 0.280594 104.89 0.874115 
v -0.444504 105.204 -0.354386 
v -0.535206 105.066 -0.440686 
v -0.748905 104.937 -0.156886 
v -0.477306 104.856 -0.349387 
v -0.563004 104.856 -0.182086 
v -0.548706 104.955 -0.177386 
v -0.646606 104.519 0.530815 
v -0.632206 104.796 0.402814 
v -0.637806 104.817 0.335414 
v 0.447197 105.044 -0.312685 
v 0.482594 104.955 -0.338385 
v 0.353394 104.955 -0.468186 
v 0.353394 104.955 -0.468186 
v 0.327496 105.044 -0.432786 
v 0.447197 105.044 -0.312685 
v -0.672306 104.956 0.232614 
v -0.608105 105.178 0.301614 
v -0.562004 105.155 -0.114586 
v -0.535206 105.066 -0.440686 
v -0.808006 104.717 -0.548586 
v -0.748905 104.937 -0.156886 
v 0.525394 104.739 0.617214 
v 0.329994 104.666 0.729614 
v 0.570194 104.282 0.628913 
v -0.629604 104.736 0.342313 
v -0.609005 104.885 0.371715 
v -0.640804 104.909 0.304815 
v 0.0687943 104.996 -0.483286 
v 0.163994 105.04 -0.453585 
v 0.169796 104.998 -0.465685 
v 0.256695 105.044 -0.420186 
v 0.169796 104.998 -0.465685 
v 0.163994 105.04 -0.453585 
v 0.169796 104.998 -0.465685 
v 0.256695 105.044 -0.420186 
v 0.266094 105.002 -0.431086 
v 0.573296 105.227 0.0295138 
v 0.567997 105.23 0.121614 
v 0.702595 105.074 0.0105147 
v -0.0337067 104.996 -0.483286 
v 0.0668945 105.038 -0.470486 
v 0.0687943 104.996 -0.483286 
v 0.163994 105.04 -0.453585 
v 0.0687943 104.996 -0.483286 
v 0.342094 105.049 -0.371285 
v 0.266094 105.002 -0.431086 
v 0.256695 105.044 -0.420186 
v 0.537895 105.037 -0.250185 
v 0.520096 105.127 -0.304585 
v 0.681293 105.095 -0.0592866 
v 0.643196 104.565 0.329515 
v 0.662495 104.274 0.332513 
v 0.715397 104.309 0.0882144 
v 0.685596 105.009 0.197214 
v 0.655094 105.012 0.264614 
v 0.670197 104.809 0.232913 
v -0.290905 103.966 0.616714 
v -0.321404 104.214 0.629514 
v -0.367104 104.244 0.585014 
v 0.0668945 105.038 -0.470486 
v -0.0337067 104.996 -0.483286 
v -0.0317039 105.038 -0.470486 
v 0.266094 105.002 -0.431086 
v 0.342094 105.049 -0.371285 
v 0.354897 105.008 -0.380385 
v -0.457207 105.153 -0.315485 
v -0.533405 104.997 -0.405587 
v -0.713203 104.954 -0.0295854 
v 0.705597 104.751 0.00101423 
v 0.576694 104.155 -0.146685 
v 0.622795 104.286 -0.167286 
v -0.627007 104.425 0.278715 
v -0.650406 104.587 0.280115 
v -0.640503 104.604 0.234113 
v -0.150604 104.791 0.773714 
v -0.174404 104.61 0.756914 
v -0.101505 104.623 0.766014 
v -0.128906 105.04 -0.453585 
v -0.0337067 104.996 -0.483286 
v -0.134705 104.998 -0.465685 
v -0.0317039 105.038 -0.470486 
v 0.417595 105.055 -0.308386 
v 0.354897 105.008 -0.380385 
v 0.342094 105.049 -0.371285 
v -0.335304 104.955 -0.469786 
v -0.465103 104.955 -0.340485 
v -0.429707 105.044 -0.314686 
v -0.631504 104.306 0.0719142 
v -0.585804 104.175 0.0502143 
v -0.629604 104.736 0.342313 
v -0.429707 105.044 -0.314686 
v -0.309605 105.044 -0.434287 
v -0.335304 104.955 -0.469786 
v 0.298595 105.092 -0.596486 
v 0.129795 105.261 -0.521685 
v 0.384094 105.297 -0.178385 
v -0.306904 104.704 0.673814 
v -0.373203 104.699 0.638515 
v -0.472706 104.285 0.440214 
v -0.101505 104.623 0.766014 
v -0.0749054 104.773 0.778314 
v -0.150604 104.791 0.773714 
v 0.539097 105.04 0.693513 
v 0.346394 104.914 0.868015 
v 0.515095 104.733 0.949113 
v 0.354897 105.008 -0.380385 
v 0.417595 105.055 -0.308386 
v 0.433395 105.015 -0.314986 
v 0.499294 105.017 -0.235686 
v 0.666496 104.807 -0.139086 
v 0.702396 104.791 -0.0747857 
v 0.883396 104.533 0.0644145 
v 0.482594 104.955 -0.338385 
v 0.447197 105.044 -0.312685 
v 0.523796 105.044 -0.161385 
v 0.494896 104.856 -0.347186 
v 0.565395 104.955 -0.174885 
v -0.221504 105.044 -0.420186 
v -0.134705 104.998 -0.465685 
v -0.231007 105.002 -0.431086 
v -0.134705 104.998 -0.465685 
v -0.128906 105.04 -0.453585 
v 0.617195 105.065 0.270515 
v 0.680897 104.922 0.296813 
v 0.693096 104.91 0.220714 
v 0.00909424 105.158 -0.468787 
v 0.155396 105.181 -0.445185 
v 0.176594 105.11 -0.510186 
v -0.158306 105.11 -0.510886 
v -0.137306 105.181 -0.445885 
v 0.00909424 105.158 -0.468787 
v -0.761604 104.764 0.379613 
v -0.733505 104.753 0.442615 
v -0.649906 105.033 0.304513 
v 0.499294 105.017 -0.235686 
v 0.417595 105.055 -0.308386 
v 0.480995 105.058 -0.232386 
v -0.648205 104.77 0.0283141 
v -0.661003 104.73 0.274213 
v -0.640804 104.909 0.304815 
v -0.635204 104.989 0.0387149 
v -0.648205 104.77 0.0283141 
v -0.640804 104.909 0.304815 
v -0.576206 105.054 0.307415 
v -0.661003 104.73 0.274213 
v -0.631504 104.306 0.0719142 
v -0.770905 104.749 0.160215 
v -0.672306 104.956 0.232614 
v -0.655304 104.995 -0.178486 
v -0.510906 104.349 0.420114 
v -0.444103 103.954 0.454713 
v -0.452904 104.082 0.510213 
v -0.427406 104.372 0.594715 
v -0.452404 104.616 0.583414 
v -0.650406 104.587 0.280115 
v 0.329994 104.666 0.729614 
v 0.525394 104.739 0.617214 
v 0.476597 104.919 0.621814 
v -0.759903 104.549 0.488115 
v -0.838703 104.38 0.465515 
v -0.537907 104.581 0.621114 
v -0.534306 104.065 0.155414 
v -0.446003 104.096 0.141614 
v -0.421906 104.081 0.294713 
v -0.452904 104.082 0.510213 
v -0.491806 104.319 0.480814 
v -0.510906 104.349 0.420114 
v -0.367207 105.297 -0.180087 
v -0.111504 105.261 -0.522187 
v -0.279903 105.092 -0.597886 
v -0.591904 105.172 0.0515151 
v -0.545704 105.228 -0.0126863 
v -0.600803 105.003 -0.0252862 
v -0.600803 105.003 -0.0252862 
v -0.635204 104.989 0.0387149 
v -0.591904 105.172 0.0515151 
v -0.367104 104.244 0.585014 
v -0.290104 103.844 0.547714 
v -0.290905 103.966 0.616714 
v -0.733505 104.753 0.442615 
v -0.583504 104.685 0.604515 
v -0.500706 105.011 0.545715 
v -0.592304 104.449 0.335014 
v -0.758404 104.367 0.0355144 
v -0.704105 104.163 0.109113 
v 0.436596 104.081 0.296714 
v 0.461296 104.096 0.143714 
v 0.549595 104.065 0.157814 
v -0.306904 105.049 -0.371285 
v -0.231007 105.002 -0.431086 
v -0.319805 105.008 -0.380385 
v -0.306904 105.049 -0.371285 
v -0.221504 105.044 -0.420186 
v 0.773697 104.478 0.297313 
v 0.632896 104.902 0.448015 
v 0.578896 104.9 0.492315 
v -0.300205 104.86 0.782014 
v -0.533806 104.791 0.715114 
v -0.392105 104.482 0.910215 
v -0.548706 104.955 -0.177386 
v -0.465103 104.955 -0.340485 
v -0.477306 104.856 -0.349387 
v -0.507004 105.044 -0.163786 
v -0.429707 105.044 -0.314686 
v -0.635204 104.989 0.0387149 
v -0.600803 105.003 -0.0252862 
v -0.610504 104.797 -0.0245862 
v 0.444996 104.902 -0.284285 
v 0.433395 105.015 -0.314986 
v 0.499294 105.017 -0.235686 
v 0.550594 105.018 -0.145586 
v 0.480995 105.058 -0.232386 
v 0.530296 105.06 -0.145787 
v 0.529297 105.095 0.445314 
v 0.632896 104.902 0.448015 
v 0.696495 104.944 0.318714 
v 0.605595 105.105 0.230314 
v 0.694294 104.962 0.251714 
v 0.480995 105.058 -0.232386 
v 0.550594 105.018 -0.145586 
v 0.499294 105.017 -0.235686 
v 0.444996 104.902 -0.284285 
v 0.499294 105.017 -0.235686 
v 0.512695 104.846 -0.190485 
v 0.512695 104.846 -0.190485 
v 0.499294 105.017 -0.235686 
v 0.550594 105.018 -0.145586 
v 0.774494 104.093 0.206314 
v 0.662495 104.274 0.332513 
v 0.611694 104.259 0.385414 
v -0.382504 105.055 -0.308386 
v -0.319805 105.008 -0.380385 
v -0.398304 105.015 -0.314986 
v 0.433395 105.015 -0.314986 
v 0.444996 104.902 -0.284285 
v 0.364296 104.93 -0.357586 
v 0.433395 105.015 -0.314986 
v 0.364296 104.93 -0.357586 
v 0.354897 105.008 -0.380385 
v -0.232506 104.868 0.769815 
v -0.187206 104.926 0.773214 
v -0.260204 104.947 0.772813 
v 0.694294 104.962 0.251714 
v 0.613995 105.089 0.156515 
v 0.605595 105.105 0.230314 
v 0.690594 104.312 0.0209136 
v 0.689297 104.512 -0.0197854 
v 0.703297 104.527 0.0540137 
v 0.628296 104.649 0.0201144 
v 0.689297 104.512 -0.0197854 
v 0.640095 104.958 -0.144986 
v 0.549294 105.118 -0.112586 
v 0.607094 105.113 -0.054585 
v -0.657604 104.591 0.277315 
v -0.745705 104.534 -0.0113854 
v -0.758404 104.367 0.0355144 
v -0.150604 104.791 0.773714 
v -0.387203 104.863 0.639514 
v -0.387806 104.645 0.626314 
v -0.576206 105.054 0.307415 
v -0.591904 105.172 0.0515151 
v -0.635204 104.989 0.0387149 
v -0.472706 104.285 0.440214 
v -0.449406 104.156 0.389114 
v -0.306904 104.704 0.673814 
v 0.693096 104.91 0.220714 
v 0.607395 105.073 0.186615 
v 0.617195 105.065 0.270515 
v 0.670197 104.809 0.232913 
v 0.704895 104.793 0.174514 
v 0.685596 105.009 0.197214 
v 0.632793 105.076 0.00701475 
v 0.502697 105.136 -0.357586 
v 0.455494 105.221 -0.254086 
v 0.272995 104.934 -0.410086 
v 0.354897 105.008 -0.380385 
v 0.364296 104.93 -0.357586 
v 0.601494 104.721 0.0271144 
v 0.585594 105.018 -0.0478864 
v 0.603497 105.021 0.0541148 
v 0.0686951 104.399 0.756315 
v -0.297405 104.248 0.709514 
v -0.0128059 103.87 0.722515 
v 0.601494 104.721 0.0271144 
v 0.603497 105.021 0.0541148 
v 0.619797 104.685 0.148115 
v 0.585594 105.018 -0.0478864 
v 0.530296 105.06 -0.145787 
v 0.563995 105.061 -0.0518861 
v 0.476597 104.919 0.621814 
v 0.238895 104.864 0.735614 
v 0.329994 104.666 0.729614 
v 0.530296 105.06 -0.145787 
v 0.585594 105.018 -0.0478864 
v 0.550594 105.018 -0.145586 
v -0.562004 105.155 -0.114586 
v -0.655304 104.995 -0.178486 
v -0.672306 104.956 0.232614 
v -0.500706 105.011 0.545715 
v -0.649906 105.033 0.304513 
v -0.733505 104.753 0.442615 
v -0.382504 105.055 -0.308386 
v -0.464207 105.017 -0.235686 
v -0.445904 105.058 -0.232386 
v 0.648193 104.269 0.295213 
v 0.675694 104.414 0.256515 
v 0.654797 104.444 0.325714 
v 0.477097 104.556 0.508014 
v 0.447296 104.341 0.529514 
v 0.579895 104.856 -0.179486 
v 0.565395 104.955 -0.174885 
v 0.593697 104.955 0.00621367 
v 0.523796 105.044 -0.161385 
v 0.565395 104.955 -0.174885 
v 0.482594 104.955 -0.338385 
v 0.354897 105.008 -0.380385 
v 0.272995 104.934 -0.410086 
v 0.266094 105.002 -0.431086 
v -0.382504 105.055 -0.308386 
v -0.398304 105.015 -0.314986 
v -0.464207 105.017 -0.235686 
v 0.527195 104.91 -0.338887 
v 0.454594 105.073 -0.281987 
v 0.531994 105.065 -0.248187 
v 0.524197 104.958 0.492115 
v 0.476795 105.073 0.498914 
v 0.430996 105.026 0.575115 
v -0.443405 104.99 0.591114 
v -0.500706 105.011 0.545715 
v -0.583504 104.685 0.604515 
v 0.619797 104.702 0.154415 
v 0.603497 105.021 0.0541148 
v 0.603497 105.013 0.145114 
v -0.387806 104.645 0.626314 
v -0.174404 104.61 0.756914 
v -0.150604 104.791 0.773714 
v 0.537895 105.037 -0.250185 
v 0.691494 104.947 -0.0705857 
v 0.755196 104.663 -0.440985 
v 0.702396 104.791 -0.0747857 
v 0.704895 104.793 0.174514 
v 0.883396 104.533 0.0644145 
v 0.675396 104.973 -0.0771852 
v 0.176594 105.11 -0.510186 
v 0.00929642 105.119 -0.536986 
v 0.00909424 105.158 -0.468787 
v 0.0093956 105.061 -0.580885 
v 0.00929642 105.119 -0.536986 
v -0.631504 104.306 0.0719142 
v -0.648205 104.77 0.0283141 
v -0.610504 104.797 -0.0245862 
v 0.617195 105.065 0.270515 
v 0.477295 105.134 0.462715 
v 0.522896 104.951 0.477714 
v 0.696995 104.74 0.310514 
v 0.550896 104.735 0.466814 
v 0.701996 104.286 0.340614 
v 0.680897 104.922 0.296813 
v 0.522896 104.951 0.477714 
v -0.338505 104.878 0.658914 
v -0.373203 104.699 0.638515 
v -0.306904 104.704 0.673814 
v 0.662495 104.274 0.332513 
v 0.643196 104.565 0.329515 
v 0.599495 104.569 0.391315 
v -0.666103 105.023 0.231214 
v -0.649906 105.033 0.304513 
v -0.541306 105.18 0.243314 
v -0.610504 104.797 -0.0245862 
v -0.648205 104.77 0.0283141 
v -0.635204 104.989 0.0387149 
v -0.0809059 104.179 0.698215 
v -0.321404 104.214 0.629514 
v -0.290905 103.966 0.616714 
v -0.581104 104.766 0.670114 
v -0.372807 104.36 0.981115 
v -0.392105 104.482 0.910215 
v 0.505394 104.355 0.421314 
v 0.556194 104.061 0.290914 
v 0.607296 104.141 0.296415 
v -0.306904 104.704 0.673814 
v -0.272705 104.852 0.691715 
v -0.338505 104.878 0.658914 
v 0.603497 105.021 0.0541148 
v 0.563995 105.061 -0.0518861 
v 0.581196 105.064 0.0460143 
v -0.465103 104.955 -0.340485 
v -0.548706 104.955 -0.177386 
v -0.507004 105.044 -0.163786 
v -0.398304 105.015 -0.314986 
v -0.329205 104.93 -0.357586 
v -0.409904 104.902 -0.284285 
v -0.541306 105.18 0.243314 
v -0.530506 105.198 0.153314 
v -0.666103 105.023 0.231214 
v -0.577805 104.955 0.00351477 
v -0.548706 104.955 -0.177386 
v -0.563004 104.856 -0.182086 
v -0.317307 104.432 0.642015 
v -0.372906 104.449 0.593713 
v -0.367104 104.244 0.585014 
v -0.409904 104.902 -0.284285 
v -0.464207 105.017 -0.235686 
v -0.398304 105.015 -0.314986 
v -0.329205 104.93 -0.357586 
v -0.398304 105.015 -0.314986 
v -0.319805 105.008 -0.380385 
v 0.540195 104.775 0.485315 
v 0.524197 104.958 0.492115 
v 0.476597 104.919 0.621814 
v 0.430996 105.026 0.575115 
v 0.524197 104.958 0.492115 
v -0.748905 104.937 -0.156886 
v -0.691303 105.111 -0.0208859 
v -0.444504 105.204 -0.354386 
v -0.296806 105.278 -0.219786 
v -0.444504 105.204 -0.354386 
v -0.0798035 104.236 0.980314 
v -0.125904 104.106 1.00971 
v 0.228794 104.545 0.725914 
v -0.445904 105.058 -0.232386 
v -0.515503 105.018 -0.145586 
v -0.495205 105.06 -0.145787 
v -0.319805 105.008 -0.380385 
v -0.237904 104.934 -0.410086 
v -0.329205 104.93 -0.357586 
v 0.603497 105.021 0.0541148 
v 0.619797 104.702 0.154415 
v 0.619797 104.685 0.148115 
v 0.603497 105.013 0.145114 
v 0.585594 105.01 0.246015 
v 0.529297 105.095 0.445314 
v 0.479794 105.074 0.498815 
v 0.578896 104.9 0.492315 
v 0.420395 104.809 0.600315 
v 0.554195 104.854 0.394714 
v 0.541897 104.973 0.431114 
v -0.445904 105.058 -0.232386 
v -0.464207 105.017 -0.235686 
v -0.515503 105.018 -0.145586 
v -0.464207 105.017 -0.235686 
v -0.409904 104.902 -0.284285 
v -0.477604 104.846 -0.190485 
v 0.582497 104.958 0.366514 
v 0.541897 104.973 0.431114 
v 0.554195 104.854 0.394714 
v 0.619797 104.702 0.154415 
v 0.585594 105.01 0.246015 
v 0.601494 104.703 0.256814 
v -0.101505 104.623 0.766014 
v -0.174404 104.61 0.756914 
v -0.286705 104.141 0.776714 
v -0.167503 105.046 -0.665486 
v -0.517204 105.153 -0.571785 
v -0.480503 105.26 -0.425887 
v 0.384094 105.297 -0.178385 
v 0.548294 105.192 -0.266985 
v 0.298595 105.092 -0.596486 
v 0.696495 104.944 0.318714 
v 0.605595 105.105 0.230314 
v 0.529297 105.095 0.445314 
v 0.147495 105.109 -0.407286 
v 0.0668945 105.038 -0.470486 
v 0.0612946 105.108 -0.422387 
v 0.0668945 105.038 -0.470486 
v 0.147495 105.109 -0.407286 
v 0.163994 105.04 -0.453585 
v -0.237904 104.934 -0.410086 
v -0.319805 105.008 -0.380385 
v -0.231007 105.002 -0.431086 
v -0.129005 105.517 0.654415 
v -0.206703 105.536 0.723014 
v 0.156895 105.322 0.684215 
v 0.0612946 105.108 -0.422387 
v -0.0317039 105.038 -0.470486 
v -0.0262032 105.108 -0.422387 
v -0.0317039 105.038 -0.470486 
v 0.0612946 105.108 -0.422387 
v 0.0668945 105.038 -0.470486 
v 0.229694 105.112 -0.377486 
v 0.163994 105.04 -0.453585 
v 0.147495 105.109 -0.407286 
v -0.477604 104.846 -0.190485 
v -0.515503 105.018 -0.145586 
v -0.464207 105.017 -0.235686 
v 0.426594 104.348 0.579515 
v 0.189995 104.438 0.702915 
v 0.165195 104.22 0.700115 
v 0.103394 104.255 0.696414 
v 0.189995 104.438 0.702915 
v 0.514294 105.26 -0.423586 
v 0.551895 105.153 -0.569285 
v 0.202595 105.046 -0.664586 
v 0.163994 105.04 -0.453585 
v 0.229694 105.112 -0.377486 
v 0.256695 105.044 -0.420186 
v -0.387203 104.863 0.639514 
v -0.428005 104.88 0.578115 
v -0.420006 104.675 0.571214 
v 0.593296 104.431 0.376714 
v 0.534897 104.459 0.422914 
v 0.505394 104.355 0.421314 
v 0.715397 104.309 0.0882144 
v 0.703297 104.527 0.0540137 
v 0.643196 104.565 0.329515 
v 0.599495 104.569 0.391315 
v 0.581394 104.729 0.292814 
v -0.319805 105.008 -0.380385 
v -0.382504 105.055 -0.308386 
v -0.306904 105.049 -0.371285 
v -0.337406 105.122 -0.278286 
v -0.0317039 105.038 -0.470486 
v -0.112404 105.109 -0.407286 
v -0.0262032 105.108 -0.422387 
v 0.305496 105.116 -0.334086 
v 0.256695 105.044 -0.420186 
v 0.229694 105.112 -0.377486 
v -0.112404 105.109 -0.407286 
v -0.0317039 105.038 -0.470486 
v -0.128906 105.04 -0.453585 
v 0.256695 105.044 -0.420186 
v 0.305496 105.116 -0.334086 
v 0.342094 105.049 -0.371285 
v 0.599495 104.569 0.391315 
v 0.611694 104.259 0.385414 
v 0.662495 104.274 0.332513 
v 0.578896 104.9 0.492315 
v 0.632896 104.902 0.448015 
v 0.529297 105.095 0.445314 
v 0.463493 105.209 -0.252985 
v 0.398396 105.35 -0.214186 
v 0.500294 105.374 -0.179286 
v -0.428005 104.88 0.578115 
v -0.387203 104.863 0.639514 
v -0.363903 105.051 0.627414 
v 0.372494 105.122 -0.278286 
v 0.342094 105.049 -0.371285 
v 0.305496 105.116 -0.334086 
v 0.601494 104.703 0.256814 
v 0.585594 105.01 0.246015 
v 0.550594 105.01 0.342414 
v 0.475494 105.05 -0.277087 
v 0.537895 105.037 -0.250185 
v 0.755196 104.663 -0.440985 
v -0.576206 105.054 0.307415 
v -0.640804 104.909 0.304815 
v -0.609005 104.885 0.371715 
v -0.363903 105.051 0.627414 
v -0.400406 105.11 0.560415 
v -0.428005 104.88 0.578115 
v -0.194603 105.112 -0.377486 
v -0.128906 105.04 -0.453585 
v -0.221504 105.044 -0.420186 
v -0.128906 105.04 -0.453585 
v -0.194603 105.112 -0.377486 
v -0.112404 105.109 -0.407286 
v 0.601494 104.703 0.256814 
v 0.550594 105.01 0.342414 
v 0.565395 104.69 0.356414 
v 0.603497 105.013 0.145114 
v 0.581196 105.064 0.0460143 
v 0.581196 105.057 0.143114 
v 0.455494 105.221 -0.254086 
v 0.566093 105.147 0.0231147 
v 0.632793 105.076 0.00701475 
v 0.608795 104.856 0.00621367 
v 0.593697 104.955 0.00621367 
v 0.564594 104.955 0.187114 
v 0.593697 104.955 0.00621367 
v 0.579895 104.856 -0.179486 
v -0.119503 104.942 0.735713 
v -0.363903 105.051 0.627414 
v -0.387203 104.863 0.639514 
v 0.607296 104.141 0.296415 
v 0.557796 104.321 0.382614 
v 0.505394 104.355 0.421314 
v 0.557796 104.321 0.382614 
v 0.593296 104.431 0.376714 
v 0.406796 105.193 -0.202286 
v 0.573296 105.227 0.0295138 
v 0.681293 105.095 -0.0592866 
v -0.367104 104.244 0.585014 
v -0.321404 104.214 0.629514 
v -0.317307 104.432 0.642015 
v -0.566303 104.721 0.0271144 
v -0.568306 105.021 0.0541148 
v -0.550507 105.018 -0.0478864 
v -0.568306 105.021 0.0541148 
v -0.566303 104.721 0.0271144 
v -0.584606 104.685 0.148115 
v -0.373203 104.699 0.638515 
v -0.512405 104.75 0.437515 
v -0.472706 104.285 0.440214 
v -0.338505 104.878 0.658914 
v -0.495705 104.968 0.448215 
v 0.342094 105.049 -0.371285 
v 0.372494 105.122 -0.278286 
v 0.417595 105.055 -0.308386 
v 0.480995 105.058 -0.232386 
v -0.568306 105.021 0.0541148 
v -0.584606 104.685 0.148115 
v -0.584606 104.702 0.154415 
v 0.480995 105.058 -0.232386 
v 0.372494 105.122 -0.278286 
v 0.428795 105.126 -0.211087 
v 0.581196 105.064 0.0460143 
v 0.603497 105.013 0.145114 
v 0.603497 105.021 0.0541148 
v -0.420006 104.675 0.571214 
v -0.387806 104.645 0.626314 
v -0.387203 104.863 0.639514 
v -0.286705 104.141 0.776714 
v -0.387806 104.645 0.626314 
v -0.420006 104.675 0.571214 
v -0.270405 105.116 -0.334086 
v -0.221504 105.044 -0.420186 
v -0.306904 105.049 -0.371285 
v -0.194603 105.112 -0.377486 
v 0.578995 104.856 0.191915 
v 0.564495 104.154 0.245914 
v 0.593594 104.154 0.0649142 
v 0.593594 104.154 0.0649142 
v 0.608795 104.856 0.00621367 
v 0.578995 104.856 0.191915 
v -0.0535049 104.361 0.708114 
v -0.0809059 104.179 0.698215 
v -0.00810623 104.193 0.687614 
v -0.568306 105.021 0.0541148 
v -0.584606 104.702 0.154415 
v -0.568306 105.013 0.145114 
v 0.563995 105.061 -0.0518861 
v 0.472496 105.129 -0.134686 
v 0.502495 105.131 -0.0516858 
v 0.603497 105.021 0.0541148 
v 0.585594 105.018 -0.0478864 
v 0.570194 104.282 0.628913 
v 0.596794 104.157 0.570014 
v 0.540195 104.775 0.485315 
v -0.0535049 104.361 0.708114 
v -0.317307 104.432 0.642015 
v -0.321404 104.214 0.629514 
v 0.565395 104.69 0.356414 
v 0.550594 105.01 0.342414 
v 0.499294 105.01 0.431114 
v 0.550896 104.735 0.466814 
v 0.696995 104.74 0.310514 
v 0.680897 104.922 0.296813 
v 0.522896 104.951 0.477714 
v 0.617195 105.065 0.270515 
v -0.392105 104.482 0.910215 
v -0.372807 104.36 0.981115 
v -0.232506 104.868 0.769815 
v -0.528904 105.061 -0.0518861 
v -0.550507 105.018 -0.0478864 
v -0.568306 105.021 0.0541148 
v 0.565395 104.69 0.356414 
v 0.499294 105.01 0.431114 
v 0.512695 104.68 0.444913 
v 0.581196 105.057 0.143114 
v 0.563995 105.053 0.240215 
v 0.603497 105.013 0.145114 
v 0.603497 105.013 0.145114 
v 0.563995 105.053 0.240215 
v 0.585594 105.01 0.246015 
v -0.528904 105.061 -0.0518861 
v -0.568306 105.021 0.0541148 
v -0.546005 105.064 0.0460143 
v 0.173996 105.005 -0.445986 
v 0.266094 105.002 -0.431086 
v 0.272995 104.934 -0.410086 
v -0.563004 104.856 -0.182086 
v -0.592903 104.856 0.00351477 
v -0.577805 104.955 0.00351477 
v -0.549503 104.955 0.184614 
v -0.577805 104.955 0.00351477 
v 0.487896 105.113 0.383514 
v 0.541897 104.973 0.431114 
v 0.582497 104.958 0.366514 
v 0.530296 105.06 -0.145787 
v 0.428795 105.126 -0.211087 
v 0.472496 105.129 -0.134686 
v 0.514496 105.193 0.136114 
v 0.605595 105.105 0.230314 
v 0.613995 105.089 0.156515 
v -0.304005 104.269 0.637313 
v -0.491806 104.319 0.480814 
v -0.452904 104.082 0.510213 
v 0.644096 104.619 0.352214 
v 0.601894 104.695 0.392414 
v 0.534897 104.459 0.422914 
v -0.306904 105.049 -0.371285 
v -0.337406 105.122 -0.278286 
v -0.270405 105.116 -0.334086 
v 0.176594 105.11 -0.510186 
v 0.155396 105.181 -0.445185 
v 0.287193 105.114 -0.377686 
v 0.549896 105.044 0.00611448 
v 0.593697 104.955 0.00621367 
v 0.565395 104.955 -0.174885 
v -0.119503 104.942 0.735713 
v -0.150604 104.791 0.773714 
v -0.0749054 104.773 0.778314 
v 0.565395 104.955 -0.174885 
v 0.523796 105.044 -0.161385 
v 0.549896 105.044 0.00611448 
v -0.231007 105.002 -0.431086 
v -0.138905 105.005 -0.445986 
v -0.237904 104.934 -0.410086 
v 0.428795 105.126 -0.211087 
v 0.530296 105.06 -0.145787 
v 0.480995 105.058 -0.232386 
v 0.515194 104.801 -0.0649858 
v 0.550594 105.018 -0.145586 
v 0.585594 105.018 -0.0478864 
v -0.00810623 104.193 0.687614 
v 0.0206947 104.342 0.692415 
v -0.0535049 104.361 0.708114 
v 0.503296 104.175 0.0504146 
v 0.593594 104.154 0.0649142 
v 0.549595 104.065 0.157814 
v 0.582497 104.958 0.366514 
v 0.508896 105.118 0.304414 
v 0.487896 105.113 0.383514 
v -0.512405 104.75 0.437515 
v -0.373203 104.699 0.638515 
v -0.338505 104.878 0.658914 
v -0.563904 104.856 0.189214 
v -0.592903 104.856 0.00351477 
v -0.577904 104.154 0.0623145 
v -0.577904 104.154 0.0623145 
v -0.549606 104.154 0.243314 
v -0.563904 104.856 0.189214 
v 0.491894 104.352 0.586214 
v 0.284294 104.36 0.729614 
v 0.370495 103.901 0.653915 
v 0.472794 104.527 0.515714 
v 0.246593 104.572 0.682615 
v -0.584606 104.702 0.154415 
v -0.550507 105.01 0.246015 
v -0.568306 105.013 0.145114 
v -0.550507 105.01 0.246015 
v -0.584606 104.702 0.154415 
v -0.566303 104.703 0.256814 
v -0.495205 105.06 -0.145787 
v -0.515503 105.018 -0.145586 
v -0.550507 105.018 -0.0478864 
v -0.550507 105.018 -0.0478864 
v -0.528904 105.061 -0.0518861 
v -0.437405 105.129 -0.134686 
v -0.467304 105.131 -0.0516858 
v 0.540195 104.775 0.485315 
v 0.525394 104.739 0.617214 
v 0.570194 104.282 0.628913 
v 0.391796 105.114 -0.272585 
v 0.447197 105.044 -0.312685 
v 0.327496 105.044 -0.432786 
v 0.327496 105.044 -0.432786 
v 0.287193 105.114 -0.377686 
v 0.391796 105.114 -0.272585 
v 0.563995 105.053 0.240215 
v 0.530296 105.053 0.332914 
v 0.585594 105.01 0.246015 
v 0.550594 105.01 0.342414 
v -0.269505 105.114 -0.378985 
v -0.137306 105.181 -0.445885 
v -0.158306 105.11 -0.510886 
v 0.512695 104.68 0.444913 
v 0.499294 105.01 0.431114 
v 0.433395 105.01 0.509714 
v -0.337406 105.122 -0.278286 
v -0.445904 105.058 -0.232386 
v -0.393604 105.126 -0.211087 
v -0.691303 105.111 -0.0208859 
v -0.546703 105.249 0.127214 
v -0.296806 105.278 -0.219786 
v -0.260204 104.947 0.772813 
v -0.300205 104.86 0.782014 
v -0.232506 104.868 0.769815 
v 0.0477943 104.749 0.776514 
v -0.0197067 104.767 0.771814 
v 0.269596 104.312 0.888114 
v -0.387203 104.863 0.639514 
v -0.150604 104.791 0.773714 
v -0.119503 104.942 0.735713 
v 0.566093 105.147 0.0231147 
v 0.632095 105.233 0.184413 
v 0.688293 105.159 0.173414 
v 0.632195 104.592 0.274913 
v 0.654797 104.444 0.325714 
v 0.675694 104.414 0.256515 
v -0.610504 104.797 -0.0245862 
v -0.585804 104.175 0.0502143 
v -0.631504 104.306 0.0719142 
v 0.189995 104.438 0.702915 
v 0.117496 104.459 0.703115 
v 0.103394 104.255 0.696414 
v 0.472496 105.129 -0.134686 
v 0.563995 105.061 -0.0518861 
v 0.530296 105.06 -0.145787 
v -0.655304 104.995 -0.178486 
v -0.765503 104.831 -0.203187 
v -0.770905 104.749 0.160215 
v -0.548706 104.955 -0.177386 
v -0.577805 104.955 0.00351477 
v -0.534004 105.044 0.00361395 
v -0.473003 104.537 0.486715 
v -0.503006 104.555 0.421314 
v -0.510906 104.349 0.420114 
v -0.534004 105.044 0.00361395 
v -0.507004 105.044 -0.163786 
v -0.548706 104.955 -0.177386 
v 0.534897 104.459 0.422914 
v 0.593296 104.431 0.376714 
v 0.644096 104.619 0.352214 
v -0.337406 105.122 -0.278286 
v -0.382504 105.055 -0.308386 
v -0.445904 105.058 -0.232386 
v 0.215397 105.049 0.758813 
v 0.152596 105.01 0.779514 
v 0.280594 104.89 0.874115 
v 0.228794 104.545 0.725914 
v 0.169796 104.569 0.764413 
v -0.0798035 104.236 0.980314 
v -0.457706 104.608 0.592815 
v -0.511505 104.657 0.575214 
v -0.646606 104.519 0.530815 
v 0.117996 105.186 -0.320385 
v 0.398396 105.35 -0.214186 
v 0.463493 105.209 -0.252985 
v 0.287193 105.114 -0.377686 
v 0.327496 105.044 -0.432786 
v 0.176594 105.11 -0.510186 
v -0.288605 105.305 -0.268586 
v -0.759506 105.138 -0.407687 
v -0.728104 105.187 -0.373887 
v -0.566303 104.703 0.256814 
v -0.515503 105.01 0.342414 
v -0.550507 105.01 0.246015 
v -0.515503 105.01 0.342414 
v -0.566303 104.703 0.256814 
v -0.530304 104.69 0.356414 
v -0.546005 105.064 0.0460143 
v -0.568306 105.013 0.145114 
v -0.546005 105.057 0.143114 
v 0.654495 104.272 0.154314 
v 0.557796 104.321 0.382614 
v 0.607296 104.141 0.296415 
v 0.00659561 104.154 0.649414 
v 0.00659561 104.065 0.641014 
v 0.173996 104.065 0.614913 
v 0.173996 104.065 0.614913 
v 0.187595 104.154 0.621114 
v 0.00659561 104.154 0.649414 
v 0.156895 105.322 0.684215 
v 0.132095 105.36 0.614814 
v -0.129005 105.517 0.654415 
v -0.484005 104.931 0.434715 
v -0.592304 104.449 0.335014 
v -0.579006 104.431 0.374013 
v -0.174404 104.61 0.756914 
v -0.387806 104.645 0.626314 
v -0.286705 104.141 0.776714 
v -0.629505 104.619 0.235315 
v -0.702206 104.507 0.0439143 
v -0.691906 104.499 0.0942149 
v 0.164097 105.025 0.698614 
v 0.173996 104.562 0.657114 
v 0.272995 104.569 0.622314 
v -0.160904 104.065 0.614114 
v 0.00659561 104.065 0.641014 
v 0.00659561 104.154 0.649414 
v 0.00659561 104.154 0.649414 
v -0.174503 104.154 0.620315 
v -0.160904 104.065 0.614114 
v 0.581196 105.064 0.0460143 
v 0.502495 105.131 -0.0516858 
v 0.517593 105.135 0.0350146 
v -0.568306 105.021 0.0541148 
v -0.568306 105.013 0.145114 
v -0.546005 105.064 0.0460143 
v 0.554195 104.854 0.394714 
v 0.557095 104.86 0.319715 
v 0.582497 104.958 0.366514 
v -0.452404 104.616 0.583414 
v -0.505703 104.886 0.404714 
v -0.629303 104.746 0.249214 
v -0.285606 105.024 0.628614 
v -0.338505 104.878 0.658914 
v -0.272705 104.852 0.691715 
v -0.393604 105.126 -0.211087 
v -0.495205 105.06 -0.145787 
v -0.437405 105.129 -0.134686 
v 0.433395 105.01 0.509714 
v 0.444996 104.594 0.506214 
v 0.512695 104.68 0.444913 
v 0.502495 105.131 -0.0516858 
v 0.581196 105.064 0.0460143 
v 0.563995 105.061 -0.0518861 
v 0.480896 104.154 0.409013 
v 0.445396 104.065 0.476114 
v 0.522694 104.065 0.325315 
v 0.522694 104.065 0.325315 
v 0.564495 104.154 0.245914 
v 0.480896 104.154 0.409013 
v -0.158306 105.11 -0.510886 
v -0.309605 105.044 -0.434287 
v -0.269505 105.114 -0.378985 
v -0.507305 104.986 0.377214 
v -0.495705 104.968 0.448215 
v -0.453606 105.152 0.440614 
v -0.453606 105.152 0.440614 
v -0.455906 105.212 0.364414 
v -0.507305 104.986 0.377214 
v 0.280594 104.89 0.874115 
v 0.346394 104.914 0.868015 
v 0.215397 105.049 0.758813 
v 0.444996 104.594 0.506214 
v 0.433395 105.01 0.509714 
v 0.354897 105.01 0.575614 
v -0.609005 104.885 0.371715 
v -0.522305 105.051 0.369314 
v -0.576206 105.054 0.307415 
v 0.187595 104.154 0.621114 
v 0.173996 104.065 0.614913 
v 0.325195 104.065 0.595813 
v 0.632195 104.592 0.274913 
v 0.482094 104.74 0.464214 
v 0.477097 104.556 0.508014 
v 0.354897 105.01 0.575614 
v 0.364296 104.58 0.571514 
v 0.444996 104.594 0.506214 
v 0.215397 105.049 0.758813 
v 0.346394 104.914 0.868015 
v 0.539097 105.04 0.693513 
v -0.311905 104.065 0.594314 
v -0.160904 104.065 0.614114 
v -0.174503 104.154 0.620315 
v -0.393604 105.126 -0.211087 
v -0.445904 105.058 -0.232386 
v -0.495205 105.06 -0.145787 
v -0.530304 104.69 0.356414 
v -0.464207 105.01 0.431114 
v -0.515503 105.01 0.342414 
v -0.464207 105.01 0.431114 
v -0.530304 104.69 0.356414 
v -0.477604 104.68 0.444913 
v 0.578896 104.9 0.492315 
v 0.765495 104.339 0.268814 
v 0.773697 104.478 0.297313 
v 0.675694 104.414 0.256515 
v 0.637196 104.587 0.193214 
v 0.632195 104.592 0.274913 
v -0.528904 105.053 0.240215 
v -0.568306 105.013 0.145114 
v -0.550507 105.01 0.246015 
v -0.568306 105.013 0.145114 
v -0.528904 105.053 0.240215 
v -0.546005 105.057 0.143114 
v 0.688293 105.159 0.173414 
v 0.632793 105.076 0.00701475 
v 0.566093 105.147 0.0231147 
v 0.883396 104.533 0.0644145 
v 0.704895 104.793 0.174514 
v 0.670197 104.809 0.232913 
v -0.0749054 104.773 0.778314 
v -0.0359039 104.948 0.722015 
v -0.119503 104.942 0.735713 
v 0.499294 105.01 0.431114 
v 0.417595 105.053 0.493814 
v 0.433395 105.01 0.509714 
v -0.495705 104.968 0.448215 
v -0.507305 104.986 0.377214 
v -0.514503 104.78 0.374013 
v 0.512695 104.846 -0.190485 
v 0.550594 105.018 -0.145586 
v 0.515194 104.801 -0.0649858 
v -0.265106 104.447 0.647714 
v -0.304005 104.269 0.637313 
v -0.230705 104.273 0.653614 
v 0.570194 104.282 0.628913 
v 0.329994 104.666 0.729614 
v 0.261894 104.663 0.713014 
v -0.495705 104.968 0.448215 
v -0.338505 104.878 0.658914 
v -0.285606 105.024 0.628614 
v 0.670197 104.809 0.232913 
v 0.910694 104.438 0.0693145 
v 0.883396 104.533 0.0644145 
v -0.508106 104.065 0.322914 
v -0.431503 104.065 0.474115 
v -0.466805 104.154 0.406814 
v -0.466805 104.154 0.406814 
v -0.549606 104.154 0.243314 
v -0.508106 104.065 0.322914 
v 0.755196 104.663 -0.440985 
v 0.768696 104.541 -0.512286 
v 0.475494 105.05 -0.277087 
v 0.364296 104.58 0.571514 
v 0.354897 105.01 0.575614 
v 0.266094 105.01 0.626813 
v -0.232506 104.868 0.769815 
v -0.300205 104.86 0.782014 
v -0.392105 104.482 0.910215 
v -0.477604 104.68 0.444913 
v -0.398304 105.01 0.509714 
v -0.464207 105.01 0.431114 
v 0.266094 105.01 0.626813 
v 0.272995 104.569 0.622314 
v 0.364296 104.58 0.571514 
v -0.265106 104.447 0.647714 
v -0.473003 104.537 0.486715 
v -0.491806 104.319 0.480814 
v 0.463493 105.209 -0.252985 
v 0.0799942 105.121 -0.396487 
v 0.117996 105.186 -0.320385 
v 0.476597 104.919 0.621814 
v 0.525394 104.739 0.617214 
v 0.540195 104.775 0.485315 
v 0.628197 105.268 0.276014 
v 0.378593 105.339 0.329713 
v 0.309994 105.317 0.390113 
v 0.564594 104.955 0.187114 
v 0.578995 104.856 0.191915 
v 0.608795 104.856 0.00621367 
v 0.564594 104.955 0.187114 
v 0.480995 104.955 0.350315 
v -0.629303 104.746 0.249214 
v -0.650406 104.587 0.280115 
v -0.452404 104.616 0.583414 
v -0.437405 105.129 -0.134686 
v -0.495205 105.06 -0.145787 
v -0.528904 105.061 -0.0518861 
v -0.515503 105.018 -0.145586 
v -0.477604 104.846 -0.190485 
v -0.506504 104.662 0.153915 
v 0.272995 104.569 0.622314 
v 0.266094 105.01 0.626813 
v 0.164097 105.025 0.698614 
v -0.495205 105.053 0.332914 
v -0.550507 105.01 0.246015 
v -0.515503 105.01 0.342414 
v -0.550507 105.01 0.246015 
v -0.495205 105.053 0.332914 
v -0.528904 105.053 0.240215 
v 0.522896 104.951 0.477714 
v 0.457394 104.953 0.515014 
v 0.489494 104.751 0.496715 
v 0.447197 105.044 -0.312685 
v 0.391796 105.114 -0.272585 
v 0.458794 105.114 -0.140486 
v 0.613995 105.089 0.156515 
v 0.489594 105.163 0.0497146 
v 0.514496 105.193 0.136114 
v 0.457394 104.953 0.515014 
v 0.522896 104.951 0.477714 
v 0.477295 105.134 0.462715 
v -0.560505 104.833 -0.441586 
v -0.938705 104.34 -0.381186 
v -0.717304 104.748 -0.109187 
v 0.477295 105.134 0.462715 
v 0.398495 105.177 0.497613 
v 0.457394 104.953 0.515014 
v 0.581196 105.057 0.143114 
v 0.517593 105.135 0.0350146 
v 0.517593 105.13 0.137615 
v 0.417595 105.053 0.493814 
v 0.354897 105.01 0.575614 
v 0.433395 105.01 0.509714 
v -0.223705 104.298 0.690814 
v 0.0416946 103.745 0.683315 
v -0.0128059 103.87 0.722515 
v -0.230705 104.273 0.653614 
v -0.193005 104.421 0.661714 
v -0.265106 104.447 0.647714 
v -0.506504 104.662 0.153915 
v -0.550507 105.018 -0.0478864 
v -0.515503 105.018 -0.145586 
v -0.487606 104.175 0.0482135 
v -0.446003 104.096 0.141614 
v -0.534306 104.065 0.155414 
v -0.398304 105.01 0.509714 
v -0.477604 104.68 0.444913 
v -0.409904 104.594 0.506214 
v 0.530296 105.053 0.332914 
v 0.475296 104.982 0.455015 
v 0.550594 105.01 0.342414 
v -0.510906 104.349 0.420114 
v -0.491806 104.319 0.480814 
v -0.473003 104.537 0.486715 
v -0.467304 105.131 -0.0516858 
v -0.546005 105.064 0.0460143 
v -0.482506 105.135 0.0350146 
v 0.539097 105.04 0.693513 
v 0.582497 105.006 0.676115 
v 0.511993 105.09 0.565013 
v 0.493294 104.856 0.359113 
v 0.480896 104.154 0.409013 
v 0.564495 104.154 0.245914 
v 0.564495 104.154 0.245914 
v 0.578995 104.856 0.191915 
v 0.493294 104.856 0.359113 
v 0.549595 104.065 0.157814 
v 0.461296 104.096 0.143714 
v 0.503296 104.175 0.0504146 
v -0.409904 104.594 0.506214 
v -0.319805 105.01 0.575614 
v -0.398304 105.01 0.509714 
v 0.517593 105.135 0.0350146 
v 0.581196 105.057 0.143114 
v 0.581196 105.064 0.0460143 
v -0.445904 105.053 0.418314 
v -0.515503 105.01 0.342414 
v -0.464207 105.01 0.431114 
v -0.515503 105.01 0.342414 
v -0.445904 105.053 0.418314 
v -0.495205 105.053 0.332914 
v -0.728104 105.187 -0.373887 
v -0.364006 105.348 -0.255085 
v -0.288605 105.305 -0.268586 
v -0.319805 105.01 0.575614 
v -0.409904 104.594 0.506214 
v -0.329205 104.58 0.571514 
v -0.467304 105.131 -0.0516858 
v -0.528904 105.061 -0.0518861 
v -0.546005 105.064 0.0460143 
v 0.238895 104.864 0.735614 
v 0.476597 104.919 0.621814 
v 0.430996 105.026 0.575115 
v -0.272705 104.852 0.691715 
v -0.205303 105.021 0.644914 
v -0.285606 105.024 0.628614 
v 0.342094 105.053 0.557214 
v 0.266094 105.01 0.626813 
v 0.354897 105.01 0.575614 
v 0.342094 105.053 0.557214 
v 0.256695 105.053 0.606514 
v -0.592903 104.856 0.00351477 
v -0.563904 104.856 0.189214 
v -0.549503 104.955 0.184614 
v -0.466705 104.955 0.348114 
v -0.549503 104.955 0.184614 
v 0.00909424 105.158 -0.468787 
v 0.00929642 105.119 -0.536986 
v -0.158306 105.11 -0.510886 
v 0.593697 104.955 0.00621367 
v 0.549896 105.044 0.00611448 
v 0.522995 105.044 0.173515 
v 0.522995 105.044 0.173515 
v 0.564594 104.955 0.187114 
v 0.593697 104.955 0.00621367 
v 0.701996 104.286 0.340614 
v 0.550896 104.735 0.466814 
v 0.489494 104.751 0.496715 
v 0.0687943 105.01 0.679714 
v 0.0701942 104.558 0.674715 
v 0.173996 104.562 0.657114 
v 0.517593 105.13 0.137615 
v 0.502495 105.127 0.223714 
v 0.581196 105.057 0.143114 
v 0.581196 105.057 0.143114 
v 0.502495 105.127 0.223714 
v 0.563995 105.053 0.240215 
v -0.472706 104.285 0.440214 
v -0.512405 104.75 0.437515 
v -0.514503 104.78 0.374013 
v 0.715897 104.45 0.577915 
v 0.420395 104.809 0.600315 
v 0.357296 104.794 0.626514 
v 0.357296 104.794 0.626514 
v 0.758194 104.316 0.580915 
v 0.715897 104.45 0.577915 
v -0.329205 104.58 0.571514 
v -0.231007 105.01 0.626813 
v -0.319805 105.01 0.575614 
v -0.231007 105.01 0.626813 
v -0.329205 104.58 0.571514 
v -0.237904 104.569 0.622314 
v -0.464207 105.01 0.431114 
v -0.382504 105.053 0.493814 
v -0.445904 105.053 0.418314 
v -0.388504 105.115 0.478115 
v -0.541306 105.18 0.243314 
v -0.649906 105.033 0.304513 
v -0.0351067 104.558 0.674715 
v 0.0687943 105.01 0.679714 
v -0.0337067 105.01 0.679714 
v 0.0687943 105.01 0.679714 
v -0.0351067 104.558 0.674715 
v 0.0701942 104.558 0.674715 
v -0.285606 105.024 0.628614 
v -0.453606 105.152 0.440614 
v -0.495705 104.968 0.448215 
v -0.285606 105.024 0.628614 
v -0.205303 105.021 0.644914 
v -0.455906 105.212 0.364414 
v -0.237904 104.569 0.622314 
v -0.134705 105.01 0.661914 
v -0.231007 105.01 0.626813 
v -0.134705 105.01 0.661914 
v -0.237904 104.569 0.622314 
v -0.138905 104.562 0.657114 
v -0.514503 104.78 0.374013 
v -0.512405 104.75 0.437515 
v -0.495705 104.968 0.448215 
v -0.138905 104.562 0.657114 
v -0.0337067 105.01 0.679714 
v -0.134705 105.01 0.661914 
v -0.0337067 105.01 0.679714 
v -0.138905 104.562 0.657114 
v -0.0351067 104.558 0.674715 
v 0.487896 105.113 0.383514 
v 0.270294 105.191 0.544513 
v 0.309895 105.009 0.578115 
v 0.487896 105.113 0.383514 
v 0.508896 105.118 0.304414 
v 0.184296 105.235 0.544713 
v -0.594105 105.331 0.468614 
v -0.427605 105.339 0.225414 
v -0.451504 105.317 0.137214 
v -0.478905 104.856 0.356914 
v -0.563904 104.856 0.189214 
v -0.549606 104.154 0.243314 
v -0.549606 104.154 0.243314 
v -0.466805 104.154 0.406814 
v -0.478905 104.856 0.356914 
v 0.475296 104.982 0.455015 
v 0.428795 105.127 0.381713 
v 0.372494 105.127 0.448814 
v 0.458794 105.114 -0.140486 
v 0.523796 105.044 -0.161385 
v 0.447197 105.044 -0.312685 
v 0.481495 105.114 0.00591421 
v 0.489494 104.751 0.496715 
v 0.550896 104.735 0.466814 
v 0.522896 104.951 0.477714 
v -0.0351067 104.558 0.674715 
v 0.0701942 104.578 0.674715 
v -0.0351067 104.578 0.674715 
v 0.0701942 104.558 0.674715 
v -0.398304 105.01 0.509714 
v -0.319805 105.01 0.575614 
v -0.382504 105.053 0.493814 
v -0.464207 105.01 0.431114 
v -0.511505 104.657 0.575214 
v -0.632206 104.796 0.402814 
v -0.646606 104.519 0.530815 
v 0.515194 104.801 -0.0649858 
v 0.585594 105.018 -0.0478864 
v 0.601494 104.721 0.0271144 
v 0.502495 105.127 0.223714 
v 0.472496 105.127 0.306015 
v 0.563995 105.053 0.240215 
v 0.563995 105.053 0.240215 
v 0.472496 105.127 0.306015 
v 0.530296 105.053 0.332914 
v -0.319805 105.01 0.575614 
v -0.306904 105.053 0.557214 
v -0.382504 105.053 0.493814 
v 0.480995 104.955 0.350315 
v 0.493294 104.856 0.359113 
v 0.578995 104.856 0.191915 
v 0.0291939 104.951 0.693815 
v -0.0463066 104.953 0.699813 
v -0.0197067 104.767 0.771814 
v 0.0168953 104.393 0.0929141 
v 0.0181961 104.393 0.0942149 
v 0.0168953 104.393 0.0942149 
v 0.0181961 104.393 0.0929141 
v -0.507805 105.044 0.171215 
v -0.534004 105.044 0.00361395 
v -0.577805 104.955 0.00351477 
v 0.530296 105.053 0.332914 
v 0.428795 105.127 0.381713 
v 0.475296 104.982 0.455015 
v -0.0197067 104.767 0.771814 
v 0.0477943 104.749 0.776514 
v 0.0291939 104.951 0.693815 
v 0.541897 104.973 0.431114 
v 0.309895 105.009 0.578115 
v 0.420395 104.809 0.600315 
v 0.236397 105.012 0.585815 
v 0.270294 105.191 0.544513 
v -0.231007 105.01 0.626813 
v -0.221504 105.053 0.606514 
v -0.306904 105.053 0.557214 
v -0.319805 105.01 0.575614 
v -0.231007 105.01 0.626813 
v -0.306904 105.053 0.557214 
v -0.105804 104.844 0.702215 
v -0.0358047 104.822 0.720113 
v -0.00820541 105.002 0.668813 
v 0.309895 105.009 0.578115 
v 0.541897 104.973 0.431114 
v 0.487896 105.113 0.383514 
v -0.00820541 105.002 0.668813 
v -0.0748062 105.065 0.638013 
v -0.105804 104.844 0.702215 
v 0.421097 104.498 0.530014 
v 0.204197 104.624 0.673414 
v 0.189995 104.438 0.702915 
v -0.134705 105.01 0.661914 
v -0.128906 105.053 0.640314 
v -0.221504 105.053 0.606514 
v -0.231007 105.01 0.626813 
v -0.134705 105.01 0.661914 
v -0.221504 105.053 0.606514 
v -0.657604 104.591 0.277315 
v -0.573704 104.801 0.349313 
v -0.641804 104.682 -0.0577855 
v -0.429707 105.044 -0.314686 
v -0.507004 105.044 -0.163786 
v -0.442104 105.114 -0.142485 
v -0.465607 105.114 0.00381422 
v -0.507004 105.044 -0.163786 
v 0.388496 104.169 0.593414 
v 0.165195 104.22 0.700115 
v 0.420795 103.866 0.600914 
v -0.0337067 105.01 0.679714 
v -0.0317039 105.053 0.657415 
v -0.128906 105.053 0.640314 
v 0.261894 104.663 0.713014 
v 0.329994 104.666 0.729614 
v 0.238895 104.864 0.735614 
v -0.482506 105.135 0.0350146 
v -0.546005 105.057 0.143114 
v -0.482506 105.13 0.137615 
v -0.482506 105.135 0.0350146 
v -0.546005 105.064 0.0460143 
v 0.530296 105.053 0.332914 
v 0.472496 105.127 0.306015 
v 0.428795 105.127 0.381713 
v 0.357296 104.794 0.626514 
v 0.420395 104.809 0.600315 
v 0.309895 105.009 0.578115 
v -0.372906 104.449 0.593713 
v -0.317307 104.432 0.642015 
v -0.298004 104.62 0.624115 
v -0.563904 104.856 0.189214 
v -0.478905 104.856 0.356914 
v -0.466705 104.955 0.348114 
v -0.297005 105.154 0.562614 
v -0.343006 105.176 0.485414 
v -0.582706 104.967 0.624214 
v 0.436695 104.178 0.537214 
v 0.388496 104.169 0.593414 
v 0.420795 103.866 0.600914 
v -0.298004 104.62 0.624115 
v -0.351204 104.679 0.569314 
v -0.372906 104.449 0.593713 
v -0.702206 104.507 0.0439143 
v -0.629505 104.619 0.235315 
v -0.484005 104.931 0.434715 
v 0.481495 105.114 0.00591421 
v 0.549896 105.044 0.00611448 
v 0.523796 105.044 -0.161385 
v -0.212204 105.058 0.656015 
v -0.297005 105.154 0.562614 
v -0.525307 104.975 0.673013 
v 0.773697 104.478 0.297313 
v 0.765495 104.339 0.268814 
v 0.694294 104.962 0.251714 
v 0.372494 105.127 0.448814 
v 0.342094 105.053 0.557214 
v 0.417595 105.053 0.493814 
v 0.354897 105.01 0.575614 
v 0.372494 105.127 0.448814 
v 0.305496 105.127 0.505014 
v -0.467304 105.127 0.223714 
v -0.546005 105.057 0.143114 
v -0.528904 105.053 0.240215 
v 0.557095 104.86 0.319715 
v 0.554195 104.854 0.394714 
v 0.715897 104.45 0.577915 
v -0.546005 105.057 0.143114 
v -0.467304 105.127 0.223714 
v -0.482506 105.13 0.137615 
v 0.217297 104.712 0.662914 
v -0.0358047 104.822 0.720113 
v -0.068306 104.655 0.769615 
v -0.105804 104.844 0.702215 
v -0.126503 104.672 0.733613 
v 0.447296 104.341 0.529514 
v 0.621696 104.268 0.365715 
v 0.654797 104.444 0.325714 
v 0.477097 104.556 0.508014 
v 0.632195 104.592 0.274913 
v -0.514206 105.384 0.942914 
v -0.592506 105.387 1.01321 
v -0.309204 105.197 1.03811 
v -0.507004 105.044 -0.163786 
v -0.534004 105.044 0.00361395 
v -0.465607 105.114 0.00381422 
v 0.715897 104.45 0.577915 
v 0.758194 104.316 0.580915 
v 0.557095 104.86 0.319715 
v 0.644096 104.619 0.352214 
v 0.689396 104.499 0.0974135 
v 0.696297 104.516 0.0123134 
v 0.696297 104.516 0.0123134 
v 0.601894 104.695 0.392414 
v -0.437405 105.127 0.306015 
v -0.528904 105.053 0.240215 
v -0.495205 105.053 0.332914 
v -0.528904 105.053 0.240215 
v -0.437405 105.127 0.306015 
v -0.467304 105.127 0.223714 
v 0.401497 105.362 0.774814 
v 0.414795 105.365 0.878715 
v 0.624294 105.3 0.509414 
v -0.583504 104.685 0.604515 
v -0.537907 104.581 0.621114 
v -0.443405 104.99 0.591114 
v -0.577805 104.955 0.00351477 
v -0.549503 104.955 0.184614 
v -0.507805 105.044 0.171215 
v -0.431206 105.044 0.322414 
v -0.549503 104.955 0.184614 
v -0.582706 104.967 0.624214 
v -0.525307 104.975 0.673013 
v -0.297005 105.154 0.562614 
v -0.286705 104.141 0.776714 
v -0.267605 104.068 0.745914 
v -0.101505 104.623 0.766014 
v 0.173996 104.562 0.657114 
v 0.164097 105.025 0.698614 
v 0.0687943 105.01 0.679714 
v 0.243996 105.294 0.616214 
v 0.227894 105.31 0.538715 
v 0.132095 105.36 0.614814 
v -0.393604 105.127 0.381713 
v -0.495205 105.053 0.332914 
v -0.445904 105.053 0.418314 
v -0.495205 105.053 0.332914 
v -0.393604 105.127 0.381713 
v -0.437405 105.127 0.306015 
v 0.359997 104.856 0.491815 
v 0.351093 104.154 0.538314 
v 0.480896 104.154 0.409013 
v 0.480896 104.154 0.409013 
v 0.493294 104.856 0.359113 
v 0.359997 104.856 0.491815 
v 0.147495 105.127 0.578714 
v 0.0668945 105.053 0.657415 
v 0.163994 105.053 0.640314 
v -0.0317039 105.053 0.657415 
v 0.0687943 105.01 0.679714 
v 0.305496 105.127 0.505014 
v 0.256695 105.053 0.606514 
v 0.342094 105.053 0.557214 
v 0.256695 105.053 0.606514 
v 0.305496 105.127 0.505014 
v 0.229694 105.127 0.548814 
v -0.0317039 105.053 0.657415 
v 0.0668945 105.053 0.657415 
v -0.0262032 105.127 0.593914 
v -0.0337067 105.01 0.679714 
v 0.0687943 105.01 0.679714 
v -0.128906 105.053 0.640314 
v -0.0317039 105.053 0.657415 
v -0.112404 105.127 0.578714 
v -0.134705 105.01 0.661914 
v -0.0337067 105.01 0.679714 
v -0.360306 105.16 -0.115685 
v -0.305004 105.16 -0.223687 
v -0.380203 104.799 -0.215886 
v 0.165195 104.22 0.700115 
v 0.388496 104.169 0.593414 
v 0.426594 104.348 0.579515 
v 0.189995 104.438 0.702915 
v 0.421097 104.498 0.530014 
v 0.445694 105.044 0.324415 
v 0.480995 104.955 0.350315 
v 0.564594 104.955 0.187114 
v 0.564594 104.955 0.187114 
v 0.522995 105.044 0.173515 
v 0.445694 105.044 0.324415 
v -0.445904 105.053 0.418314 
v -0.337406 105.127 0.448814 
v -0.393604 105.127 0.381713 
v -0.514503 104.78 0.374013 
v -0.449406 104.156 0.389114 
v -0.472706 104.285 0.440214 
v 0.163994 105.053 0.640314 
v 0.229694 105.127 0.548814 
v 0.147495 105.127 0.578714 
v 0.0427933 105.193 -0.380385 
v 0.207794 105.232 -0.278786 
v 0.140495 105.188 -0.388285 
v -0.0513039 105.08 -0.629185 
v -0.346306 104.856 0.490114 
v -0.478905 104.856 0.356914 
v -0.466805 104.154 0.406814 
v -0.650406 104.587 0.280115 
v -0.686604 104.264 0.349014 
v -0.427406 104.372 0.594715 
v -0.649906 105.033 0.304513 
v -0.500706 105.011 0.545715 
v -0.388504 105.115 0.478115 
v -0.337406 105.127 0.448814 
v -0.382504 105.053 0.493814 
v -0.306904 105.053 0.557214 
v -0.445904 105.053 0.418314 
v 0.447197 104.077 0.497114 
v 0.447296 104.341 0.529514 
v 0.387894 104.377 0.539613 
v 0.387894 104.377 0.539613 
v 0.396896 103.946 0.485614 
v 0.447197 104.077 0.497114 
v 0.261894 104.663 0.713014 
v 0.596794 104.157 0.570014 
v 0.570194 104.282 0.628913 
v -0.306904 105.053 0.557214 
v -0.270405 105.127 0.505014 
v -0.337406 105.127 0.448814 
v -0.239506 105.21 -0.306786 
v -0.154106 105.234 -0.261786 
v 0.194595 105.206 -0.341385 
v 0.351196 104.955 0.479515 
v 0.359997 104.856 0.491815 
v 0.493294 104.856 0.359113 
v 0.493294 104.856 0.359113 
v 0.480995 104.955 0.350315 
v 0.351196 104.955 0.479515 
v 0.0668945 105.053 0.657415 
v 0.147495 105.127 0.578714 
v 0.0612946 105.127 0.593914 
v -0.503006 104.555 0.421314 
v -0.473003 104.537 0.486715 
v -0.434303 104.722 0.468114 
v 0.117496 104.459 0.703115 
v 0.189995 104.438 0.702915 
v 0.204197 104.624 0.673414 
v 0.229694 105.127 0.548814 
v 0.163994 105.053 0.640314 
v 0.256695 105.053 0.606514 
v 0.164097 105.025 0.698614 
v 0.256695 105.053 0.606514 
v 0.164097 105.025 0.698614 
v 0.266094 105.01 0.626813 
v 0.681293 105.095 -0.0592866 
v 0.520096 105.127 -0.304585 
v 0.406796 105.193 -0.202286 
v 0.511993 105.09 0.565013 
v 0.456295 105.102 0.615015 
v 0.539097 105.04 0.693513 
v -0.549503 104.955 0.184614 
v -0.466705 104.955 0.348114 
v -0.431206 105.044 0.322414 
v -0.434303 104.722 0.468114 
v -0.457005 104.782 0.395214 
v -0.503006 104.555 0.421314 
v -0.221504 105.053 0.606514 
v -0.194603 105.127 0.548814 
v -0.270405 105.127 0.505014 
v -0.270405 105.127 0.505014 
v -0.306904 105.053 0.557214 
v -0.221504 105.053 0.606514 
v 0.204197 104.624 0.673414 
v 0.131897 104.688 0.666315 
v 0.117496 104.459 0.703115 
v 0.0668945 105.053 0.657415 
v 0.0612946 105.127 0.593914 
v -0.0262032 105.127 0.593914 
v -0.0513039 105.08 -0.629185 
v -0.228905 105.253 -0.207886 
v 0.0427933 105.193 -0.380385 
v 0.238895 104.864 0.735614 
v 0.122795 104.815 0.688814 
v 0.261894 104.663 0.713014 
v -0.0317039 105.053 0.657415 
v -0.0262032 105.127 0.593914 
v -0.112404 105.127 0.578714 
v -0.128906 105.053 0.640314 
v -0.112404 105.127 0.578714 
v -0.194603 105.127 0.548814 
v -0.221504 105.053 0.606514 
v -0.128906 105.053 0.640314 
v -0.194603 105.127 0.548814 
v 0.636597 105.191 0.214513 
v 0.607094 105.113 -0.054585 
v 0.549294 105.118 -0.112586 
v 0.593395 105.235 0.288913 
v 0.228294 104.853 0.593114 
v -0.00820541 105.002 0.668813 
v -0.0358047 104.822 0.720113 
v 0.477097 104.556 0.508014 
v 0.410294 104.582 0.528715 
v 0.387894 104.377 0.539613 
v -0.468204 104.74 0.462015 
v -0.452404 104.616 0.583414 
v -0.431503 104.792 0.491514 
v 0.554195 104.854 0.394714 
v 0.420395 104.809 0.600315 
v 0.715897 104.45 0.577915 
v -0.478905 104.856 0.356914 
v -0.346306 104.856 0.490114 
v -0.337505 104.955 0.478014 
v -0.337505 104.955 0.478014 
v -0.466705 104.955 0.348114 
v -0.478905 104.856 0.356914 
v 0.549896 105.044 0.00611448 
v 0.481495 105.114 0.00591421 
v 0.458096 105.114 0.152315 
v -0.525307 104.975 0.673013 
v -0.260204 104.947 0.772813 
v -0.212204 105.058 0.656015 
v 0.420795 103.866 0.600914 
v 0.414894 103.778 0.550914 
v 0.436695 104.178 0.537214 
v 0.0501938 105.182 0.562614 
v -0.235405 105.147 0.529014 
v -0.250404 105.076 0.596014 
v 0.217094 104.376 0.741514 
v 0.284294 104.36 0.729614 
v 0.246593 104.572 0.682615 
v 0.269596 104.312 0.888114 
v 0.326595 104.718 0.631614 
v 0.279896 104.716 0.682615 
v 0.282795 104.878 0.586214 
v 0.326595 104.718 0.631614 
v 0.417595 105.053 0.493814 
v 0.475296 104.982 0.455015 
v 0.372494 105.127 0.448814 
v -0.335403 105.246 0.976015 
v -0.309204 105.197 1.03811 
v -0.221207 105.186 0.966814 
v 0.309895 105.009 0.578115 
v 0.236397 105.012 0.585815 
v 0.357296 104.794 0.626514 
v 0.539097 105.04 0.693513 
v 0.456295 105.102 0.615015 
v 0.215397 105.049 0.758813 
v 0.282795 104.878 0.586214 
v 0.0291939 104.951 0.693815 
v 0.0477943 104.749 0.776514 
v -0.126503 104.672 0.733613 
v -0.068306 104.655 0.769615 
v -0.0358047 104.822 0.720113 
v 0.270294 105.191 0.544513 
v 0.184296 105.235 0.544713 
v 0.236397 105.012 0.585815 
v -0.0336037 104.511 0.663213 
v -0.298004 104.62 0.624115 
v -0.317307 104.432 0.642015 
v 0.0266953 104.535 0.662115 
v -0.242405 104.506 0.679014 
v -0.297405 104.248 0.709514 
v 0.189396 105.16 -0.300786 
v 0.229694 105.112 -0.377486 
v 0.147495 105.109 -0.407286 
v -0.442806 105.114 0.150215 
v -0.465607 105.114 0.00381422 
v -0.534004 105.044 0.00361395 
v -0.420006 104.675 0.571214 
v -0.267605 104.068 0.745914 
v -0.286705 104.141 0.776714 
v -0.0241051 105.076 -0.630385 
v -0.175304 105.231 -0.285786 
v 0.245796 105.239 -0.206786 
v 0.457497 105.089 -0.335686 
v 0.319595 105.18 -0.224286 
v 0.406796 105.193 -0.202286 
v -0.388504 105.115 0.478115 
v -0.500706 105.011 0.545715 
v -0.443405 104.99 0.591114 
v 0.421097 104.498 0.530014 
v 0.426594 104.348 0.579515 
v 0.470695 104.325 0.519014 
v -0.646606 104.519 0.530815 
v -0.746605 104.421 0.519115 
v -0.457706 104.608 0.592815 
v -0.837105 105.362 0.049314 
v -0.936203 105.365 0.0155139 
v -0.697304 105.3 0.366514 
v 0.372494 105.122 -0.278286 
v 0.250793 105.163 -0.265687 
v 0.305096 105.168 -0.220486 
v -0.154305 105.16 -0.300786 
v -0.112404 105.109 -0.407286 
v -0.194603 105.112 -0.377486 
v 0.192295 104.856 0.576715 
v 0.187595 104.154 0.621114 
v 0.351093 104.154 0.538314 
v 0.250793 105.163 -0.265687 
v 0.305496 105.116 -0.334086 
v 0.229694 105.112 -0.377486 
v 0.372494 105.122 -0.278286 
v 0.350594 105.172 -0.166186 
v 0.305096 105.168 -0.220486 
v 0.322094 105.16 -0.222186 
v 0.391796 105.114 -0.272585 
v 0.287193 105.114 -0.377686 
v 0.287193 105.114 -0.377686 
v 0.236595 105.16 -0.308186 
v 0.322094 105.16 -0.222186 
v -0.187206 104.926 0.773214 
v 0.0510941 105.072 0.620414 
v -0.212204 105.058 0.656015 
v -0.250404 105.076 0.596014 
v 0.134296 105.136 0.640314 
v 0.0501938 105.182 0.562614 
v 0.207794 105.232 -0.278786 
v 0.0427933 105.193 -0.380385 
v -0.228905 105.253 -0.207886 
v 0.475494 105.05 -0.277087 
v 0.457497 105.089 -0.335686 
v 0.520096 105.127 -0.304585 
v -0.266506 105.302 0.145515 
v -0.180405 105.337 0.130214 
v -0.193905 105.258 -0.0719857 
v -0.305004 105.16 -0.223687 
v -0.219105 105.16 -0.309186 
v -0.269505 105.114 -0.378985 
v 0.279896 104.716 0.682615 
v 0.0477943 104.749 0.776514 
v 0.294994 104.282 0.907415 
v 0.372494 105.122 -0.278286 
v 0.350594 105.172 -0.166186 
v 0.428795 105.126 -0.211087 
v 0.472496 105.129 -0.134686 
v 0.472496 105.129 -0.134686 
v 0.386097 105.175 -0.104586 
v -0.466805 104.154 0.406814 
v -0.337605 104.154 0.536714 
v -0.346306 104.856 0.490114 
v -0.174503 104.154 0.620315 
v -0.311905 104.065 0.594314 
v -0.194603 105.112 -0.377486 
v -0.215706 105.163 -0.265687 
v -0.154305 105.16 -0.300786 
v -0.112404 105.109 -0.407286 
v -0.0877037 105.158 -0.324986 
v -0.0262032 105.108 -0.422387 
v -0.0179062 105.157 -0.337185 
v -0.0877037 105.158 -0.324986 
v -0.0262032 105.108 -0.422387 
v 0.0529938 105.157 -0.337185 
v 0.0612946 105.108 -0.422387 
v 0.0529938 105.157 -0.337185 
v 0.147495 105.109 -0.407286 
v 0.122795 105.158 -0.324986 
v 0.0612946 105.108 -0.422387 
v 0.122795 105.158 -0.324986 
v 0.189396 105.16 -0.300786 
v 0.250793 105.163 -0.265687 
v 0.229694 105.112 -0.377486 
v -0.321404 104.214 0.629514 
v -0.0809059 104.179 0.698215 
v -0.0535049 104.361 0.708114 
v -0.317307 104.432 0.642015 
v -0.0336037 104.511 0.663213 
v -0.193905 105.258 -0.0719857 
v -0.290203 105.177 -0.065186 
v -0.266506 105.302 0.145515 
v 0.472794 104.527 0.515714 
v 0.491894 104.352 0.586214 
v 0.526794 104.363 0.527515 
v -0.337406 105.122 -0.278286 
v -0.315506 105.172 -0.166186 
v -0.269905 105.168 -0.220486 
v -0.215706 105.163 -0.265687 
v -0.337406 105.122 -0.278286 
v -0.270405 105.116 -0.334086 
v -0.194603 105.112 -0.377486 
v -0.270405 105.116 -0.334086 
v 0.502495 105.131 -0.0516858 
v 0.386097 105.175 -0.104586 
v 0.410294 105.179 -0.0376859 
v 0.422596 105.182 0.0323138 
v 0.243996 105.294 0.616214 
v 0.472095 105.047 0.294315 
v 0.400494 105.128 0.306215 
v 0.187794 104.955 0.562315 
v 0.192295 104.856 0.576715 
v 0.359997 104.856 0.491815 
v 0.359997 104.856 0.491815 
v 0.351196 104.955 0.479515 
v 0.187794 104.955 0.562315 
v 0.386097 105.175 -0.104586 
v 0.502495 105.131 -0.0516858 
v 0.472496 105.129 -0.134686 
v -0.0128059 103.87 0.722515 
v 0.0416946 103.745 0.683315 
v -0.00850296 104.375 0.717914 
v 0.351093 104.154 0.538314 
v 0.359997 104.856 0.491815 
v 0.192295 104.856 0.576715 
v 0.00669479 104.955 0.590614 
v 0.00669479 104.856 0.605714 
v 0.670197 105.134 -0.00548601 
v 0.531994 105.065 -0.248187 
v 0.454594 105.073 -0.281987 
v 0.660694 105.177 0.0801139 
v 0.774494 104.093 0.206314 
v 0.774696 104.091 0.183713 
v 0.690594 104.312 0.0209136 
v -0.346306 104.856 0.490114 
v -0.179005 104.856 0.575914 
v -0.174305 104.955 0.561513 
v -0.174305 104.955 0.561513 
v -0.337505 104.955 0.478014 
v -0.346306 104.856 0.490114 
v -0.315506 105.172 -0.166186 
v -0.437405 105.129 -0.134686 
v -0.350906 105.175 -0.104586 
v -0.269505 105.114 -0.378985 
v -0.380203 104.799 -0.215886 
v -0.305004 105.16 -0.223687 
v 0.480995 104.955 0.350315 
v 0.445694 105.044 0.324415 
v 0.319897 104.982 0.482414 
v -0.297005 105.154 0.562614 
v -0.212204 105.058 0.656015 
v 0.0510941 105.072 0.620414 
v -0.179005 104.856 0.575914 
v -0.346306 104.856 0.490114 
v -0.337605 104.154 0.536714 
v 0.00669479 104.856 0.605714 
v 0.00669479 104.955 0.590614 
v -0.424206 105.159 0.572315 
v -0.409206 105.233 0.517015 
v -0.594105 105.331 0.468614 
v -0.466705 104.955 0.348114 
v -0.337505 104.955 0.478014 
v -0.311604 105.044 0.442615 
v -0.311604 105.044 0.442615 
v -0.431206 105.044 0.322414 
v -0.466705 104.955 0.348114 
v -0.315506 105.172 -0.166186 
v -0.337406 105.122 -0.278286 
v -0.393604 105.126 -0.211087 
v -0.437405 105.129 -0.134686 
v -0.393604 105.126 -0.211087 
v 0.400494 105.128 0.306215 
v 0.227894 105.31 0.538715 
v 0.243996 105.294 0.616214 
v 0.00669479 104.856 0.605714 
v 0.00659561 104.154 0.649414 
v 0.187595 104.154 0.621114 
v 0.187595 104.154 0.621114 
v 0.192295 104.856 0.576715 
v 0.00669479 104.856 0.605714 
v 0.477295 105.134 0.462715 
v 0.617195 105.065 0.270515 
v 0.607395 105.073 0.186615 
v 0.398495 105.177 0.497613 
v -0.625206 105.294 -0.0217862 
v -0.548706 105.31 -0.00208521 
v -0.574604 105.36 -0.121586 
v 0.376797 105.16 -0.113986 
v 0.458794 105.114 -0.140486 
v 0.391796 105.114 -0.272585 
v 0.628296 104.649 0.0201144 
v 0.581394 104.729 0.292814 
v 0.643196 104.565 0.329515 
v 0.643196 104.565 0.329515 
v 0.703297 104.527 0.0540137 
v 0.217297 104.712 0.662914 
v 0.169796 104.569 0.764413 
v 0.228794 104.545 0.725914 
v 0.00669479 104.856 0.605714 
v -0.179005 104.856 0.575914 
v -0.174503 104.154 0.620315 
v -0.174503 104.154 0.620315 
v 0.00659561 104.154 0.649414 
v 0.00669479 104.856 0.605714 
v 0.0477943 104.749 0.776514 
v 0.279896 104.716 0.682615 
v 0.282795 104.878 0.586214 
v -0.269306 104.57 0.660413 
v -0.337704 104.563 0.628814 
v -0.223705 104.298 0.690814 
v -0.337704 104.563 0.628814 
v -0.250805 104.723 0.543714 
v 0.502495 105.131 -0.0516858 
v 0.422596 105.182 0.0323138 
v 0.517593 105.135 0.0350146 
v 0.517593 105.13 0.137615 
v 0.390495 105.114 0.284114 
v 0.445694 105.044 0.324415 
v 0.522995 105.044 0.173515 
v 0.522995 105.044 0.173515 
v 0.458096 105.114 0.152315 
v 0.390495 105.114 0.284114 
v -0.350906 105.175 -0.104586 
v -0.467304 105.131 -0.0516858 
v -0.375206 105.179 -0.0376859 
v -0.387505 105.182 0.0323138 
v 0.326595 104.718 0.631614 
v 0.332195 104.844 0.539215 
v 0.282795 104.878 0.586214 
v 0.526794 104.363 0.527515 
v 0.511494 104.502 0.455215 
v 0.472794 104.527 0.515714 
v -0.467304 105.131 -0.0516858 
v -0.350906 105.175 -0.104586 
v -0.437405 105.129 -0.134686 
v 0.458096 105.114 0.152315 
v 0.522995 105.044 0.173515 
v 0.549896 105.044 0.00611448 
v 0.376297 105.16 0.125515 
v 0.481495 105.114 0.00591421 
v -0.424404 105.29 -0.222685 
v 0.0891953 105.221 -0.350186 
v -0.0719032 105.191 -0.519486 
v 0.192295 104.856 0.576715 
v 0.187794 104.955 0.562315 
v 0.00669479 104.955 0.590614 
v -0.0358047 104.822 0.720113 
v 0.217297 104.712 0.662914 
v 0.228294 104.853 0.593114 
v 0.520096 105.127 -0.304585 
v 0.537895 105.037 -0.250185 
v 0.475494 105.05 -0.277087 
v -0.637806 104.817 0.335414 
v -0.746605 104.421 0.519115 
v -0.646606 104.519 0.530815 
v 0.0323944 105.281 0.461515 
v -0.180405 105.337 0.130214 
v -0.266506 105.302 0.145515 
v 0.689297 104.512 -0.0197854 
v 0.588997 104.645 -0.060885 
v 0.628296 104.649 0.0201144 
v 0.517593 105.13 0.137615 
v 0.422596 105.182 0.0323138 
v 0.422596 105.178 0.129215 
v 0.422596 105.178 0.129215 
v 0.502495 105.127 0.223714 
v 0.470695 104.325 0.519014 
v 0.455597 104.5 0.452415 
v 0.421097 104.498 0.530014 
v -0.507805 105.044 0.171215 
v -0.431206 105.044 0.322414 
v -0.375805 105.114 0.282415 
v -0.375805 105.114 0.282415 
v -0.442806 105.114 0.150215 
v -0.507805 105.044 0.171215 
v -0.534004 105.044 0.00361395 
v -0.507805 105.044 0.171215 
v -0.442806 105.114 0.150215 
v -0.465607 105.114 0.00381422 
v -0.360806 105.16 0.123815 
v -0.0661049 105.23 1.13541 
v -0.0527039 105.215 1.23821 
v 0.158497 105.225 0.864614 
v -0.354004 105.2 0.340715 
v -0.280106 105.166 0.576213 
v -0.199505 105.207 0.523214 
v -0.591904 105.172 0.0515151 
v -0.576206 105.054 0.307415 
v -0.522305 105.051 0.369314 
v -0.545704 105.228 -0.0126863 
v 0.351196 104.955 0.479515 
v 0.319897 104.982 0.482414 
v 0.174194 105.044 0.520614 
v 0.163994 105.053 0.640314 
v 0.0687943 105.01 0.679714 
v 0.164097 105.025 0.698614 
v 0.0668945 105.053 0.657415 
v 0.605595 105.105 0.230314 
v 0.514496 105.193 0.136114 
v 0.336594 105.146 0.396514 
v 0.502495 105.127 0.223714 
v 0.422596 105.178 0.129215 
v 0.410294 105.176 0.199014 
v 0.410294 105.176 0.199014 
v 0.386097 105.176 0.265615 
v -0.0798035 104.236 0.980314 
v -0.068306 104.655 0.769615 
v -0.126503 104.672 0.733613 
v 0.122795 104.815 0.688814 
v 0.238895 104.864 0.735614 
v 0.0565948 104.961 0.642314 
v -0.0513039 105.08 -0.629185 
v -0.321404 105.145 -0.536585 
v -0.228905 105.253 -0.207886 
v -0.387505 105.182 0.0323138 
v -0.467304 105.131 -0.0516858 
v -0.482506 105.135 0.0350146 
v -0.482506 105.13 0.137615 
v 0.472496 105.127 0.306015 
v 0.502495 105.127 0.223714 
v 0.386097 105.176 0.265615 
v -0.491806 104.319 0.480814 
v -0.304005 104.269 0.637313 
v -0.265106 104.447 0.647714 
v -0.473003 104.537 0.486715 
v -0.222206 104.593 0.604414 
v -0.126503 104.672 0.733613 
v -0.125904 104.106 1.00971 
v -0.0798035 104.236 0.980314 
v 0.410294 104.582 0.528715 
v 0.477097 104.556 0.508014 
v 0.482094 104.74 0.464214 
v -0.212204 105.058 0.656015 
v -0.260204 104.947 0.772813 
v -0.187206 104.926 0.773214 
v 0.624294 105.3 0.509414 
v 0.544495 105.309 0.502214 
v 0.401497 105.362 0.774814 
v 0.395496 105.16 0.00571394 
v 0.481495 105.114 0.00591421 
v 0.458794 105.114 -0.140486 
v 0.458794 105.114 -0.140486 
v 0.376797 105.16 -0.113986 
v 0.395496 105.16 0.00571394 
v 0.387894 104.377 0.539613 
v 0.447296 104.341 0.529514 
v 0.477097 104.556 0.508014 
v -0.0463066 104.953 0.699813 
v 0.0291939 104.951 0.693815 
v 0.00409698 105.089 0.562015 
v 0.169796 104.569 0.764413 
v -0.068306 104.655 0.769615 
v -0.0798035 104.236 0.980314 
v 0.482094 104.74 0.464214 
v 0.412994 104.808 0.475814 
v 0.410294 104.582 0.528715 
v 0.472496 105.127 0.306015 
v 0.386097 105.176 0.265615 
v 0.350594 105.176 0.327014 
v 0.00409698 105.089 0.562015 
v -0.0803032 105.117 0.535814 
v -0.0463066 104.953 0.699813 
v 0.236595 105.16 -0.308186 
v 0.287193 105.114 -0.377686 
v 0.155396 105.181 -0.445185 
v 0.581394 104.729 0.292814 
v 0.518894 104.764 0.346014 
v 0.599495 104.569 0.391315 
v -0.387505 105.182 0.0323138 
v -0.482506 105.13 0.137615 
v -0.387505 105.178 0.129215 
v -0.482506 105.13 0.137615 
v -0.467304 105.127 0.223714 
v 0.350594 105.176 0.327014 
v 0.372494 105.127 0.448814 
v 0.428795 105.127 0.381713 
v 0.428795 105.127 0.381713 
v 0.472496 105.127 0.306015 
v 0.228794 104.545 0.725914 
v 0.271896 104.65 0.625015 
v 0.217297 104.712 0.662914 
v -0.442104 105.114 -0.142485 
v -0.465607 105.114 0.00381422 
v -0.379604 105.16 0.00401449 
v -0.379604 105.16 0.00401449 
v -0.360306 105.16 -0.115685 
v -0.442104 105.114 -0.142485 
v -0.443405 104.99 0.591114 
v -0.302303 105.101 0.503715 
v -0.388504 105.115 0.478115 
v 0.277996 104.843 0.525014 
v 0.228294 104.853 0.593114 
v 0.217297 104.712 0.662914 
v 0.285496 105.114 0.388713 
v 0.319897 104.982 0.482414 
v 0.445694 105.044 0.324415 
v 0.632095 105.233 0.184413 
v 0.378593 105.339 0.329713 
v 0.628197 105.268 0.276014 
v 0.319897 104.982 0.482414 
v 0.351196 104.955 0.479515 
v 0.480995 104.955 0.350315 
v -0.467304 105.127 0.223714 
v -0.375206 105.176 0.199014 
v -0.387505 105.178 0.129215 
v -0.350906 105.176 0.265615 
v 0.217297 104.712 0.662914 
v 0.271896 104.65 0.625015 
v 0.277996 104.843 0.525014 
v -0.350906 105.176 0.265615 
v -0.467304 105.127 0.223714 
v -0.437405 105.127 0.306015 
v 0.445694 105.044 0.324415 
v 0.390495 105.114 0.284114 
v 0.285496 105.114 0.388713 
v 0.187794 104.955 0.562315 
v 0.174194 105.044 0.520614 
v 0.00679398 105.044 0.546813 
v -0.337605 104.154 0.536714 
v -0.174503 104.154 0.620315 
v -0.179005 104.856 0.575914 
v 0.00669479 104.955 0.590614 
v -0.174305 104.955 0.561513 
v -0.174305 104.955 0.561513 
v 0.00679398 105.044 0.546813 
v -0.337505 104.955 0.478014 
v -0.160706 105.044 0.519914 
v 0.174194 105.044 0.520614 
v 0.187794 104.955 0.562315 
v 0.351196 104.955 0.479515 
v 0.00679398 105.044 0.546813 
v 0.00669479 104.955 0.590614 
v 0.250793 105.176 0.426914 
v 0.305496 105.127 0.505014 
v 0.372494 105.127 0.448814 
v 0.229694 105.127 0.548814 
v 0.305496 105.127 0.505014 
v 0.372494 105.127 0.448814 
v 0.305096 105.176 0.381315 
v 0.350594 105.176 0.327014 
v 0.229694 105.127 0.548814 
v 0.250793 105.176 0.426914 
v 0.189396 105.176 0.462314 
v -0.239506 105.21 -0.306786 
v -0.290203 105.177 -0.065186 
v -0.193905 105.258 -0.0719857 
v -0.437405 105.127 0.306015 
v -0.315506 105.176 0.327014 
v -0.350906 105.176 0.265615 
v -0.437405 105.127 0.306015 
v -0.393604 105.127 0.381713 
v -0.337406 105.127 0.448814 
v 0.269596 104.312 0.888114 
v 0.294994 104.282 0.907415 
v 0.0477943 104.749 0.776514 
v -0.309204 105.197 1.03811 
v -0.335403 105.246 0.976015 
v -0.514206 105.384 0.942914 
v -0.431206 105.044 0.322414 
v -0.311604 105.044 0.442615 
v -0.271206 105.114 0.387414 
v -0.271206 105.114 0.387414 
v -0.375805 105.114 0.282415 
v -0.431206 105.044 0.322414 
v 0.489494 104.751 0.496715 
v 0.552094 104.155 0.310915 
v 0.701996 104.286 0.340614 
v 0.245796 105.239 -0.206786 
v 0.339893 105.145 -0.535086 
v -0.0241051 105.076 -0.630385 
v 0.189396 105.176 0.462314 
v 0.147495 105.127 0.578714 
v 0.229694 105.127 0.548814 
v -0.337406 105.127 0.448814 
v -0.269905 105.176 0.381315 
v -0.315506 105.176 0.327014 
v -0.337406 105.127 0.448814 
v -0.215706 105.176 0.426914 
v -0.215706 105.176 0.426914 
v -0.270405 105.127 0.505014 
v -0.194603 105.127 0.548814 
v -0.112404 105.127 0.578714 
v -0.154305 105.176 0.462314 
v -0.194603 105.127 0.548814 
v 0.481495 105.114 0.00591421 
v 0.395496 105.16 0.00571394 
v 0.376297 105.16 0.125515 
v 0.406796 105.193 -0.202286 
v 0.520096 105.127 -0.304585 
v 0.457497 105.089 -0.335686 
v -0.363903 105.051 0.627414 
v -0.119503 104.942 0.735713 
v -0.0359039 104.948 0.722015 
v -0.0359039 104.948 0.722015 
v -0.400406 105.11 0.560415 
v 0.715397 104.309 0.0882144 
v 0.662495 104.274 0.332513 
v 0.774494 104.093 0.206314 
v 0.319897 104.982 0.482414 
v 0.285496 105.114 0.388713 
v 0.153294 105.114 0.455614 
v 0.192795 104.727 0.580015 
v 0.104496 104.754 0.576015 
v 0.114895 104.594 0.600414 
v -0.360806 105.16 0.123815 
v -0.379604 105.16 0.00401449 
v -0.465607 105.114 0.00381422 
v 0.0093956 105.008 -0.595986 
v -0.176403 104.971 -0.566987 
v -0.171806 105.021 -0.552586 
v 0.00919342 104.993 -0.503985 
v 0.190296 105.021 -0.551785 
v 0.194897 104.971 -0.566185 
v 0.0093956 105.008 -0.595986 
v 0.00919342 104.993 -0.503985 
v -0.0719032 105.191 -0.519486 
v -0.480503 105.26 -0.425887 
v -0.424404 105.29 -0.222685 
v 0.00679398 105.044 0.546813 
v -0.160706 105.044 0.519914 
v -0.174305 104.955 0.561513 
v -0.160706 105.044 0.519914 
v 0.00689697 105.114 0.478414 
v 0.620296 105.259 0.390214 
v 0.531593 105.109 -0.0116849 
v 0.490395 105.161 0.0773139 
v 0.147495 105.127 0.578714 
v 0.189396 105.176 0.462314 
v 0.122795 105.176 0.486515 
v 0.0529938 105.176 0.498914 
v 0.0612946 105.127 0.593914 
v -0.0179062 105.176 0.498914 
v 0.0612946 105.127 0.593914 
v -0.0179062 105.176 0.498914 
v -0.0262032 105.127 0.593914 
v -0.112404 105.127 0.578714 
v -0.0262032 105.127 0.593914 
v -0.112404 105.127 0.578714 
v -0.0877037 105.176 0.486515 
v -0.154305 105.176 0.462314 
v -0.112404 105.127 0.578714 
v -0.215706 105.176 0.426914 
v -0.194603 105.127 0.548814 
v -0.239803 105.032 0.810415 
v -0.0527039 105.215 1.23821 
v -0.0661049 105.23 1.13541 
v 0.284294 104.36 0.729614 
v 0.491894 104.352 0.586214 
v 0.472794 104.527 0.515714 
v 0.430996 105.026 0.575115 
v 0.0565948 104.961 0.642314 
v 0.238895 104.864 0.735614 
v -0.137306 105.181 -0.445885 
v -0.269505 105.114 -0.378985 
v -0.219105 105.16 -0.309186 
v -0.228004 105.175 -0.167386 
v -0.163105 105.175 -0.231886 
v 0.153294 105.114 0.455614 
v 0.174194 105.044 0.520614 
v 0.319897 104.982 0.482414 
v -0.235405 105.147 0.529014 
v -0.409206 105.233 0.517015 
v -0.424206 105.159 0.572315 
v -0.424206 105.159 0.572315 
v -0.250404 105.076 0.596014 
v -0.235405 105.147 0.529014 
v -0.697304 105.3 0.366514 
v -0.655605 105.309 0.298013 
v -0.837105 105.362 0.049314 
v -0.148304 105.128 0.589614 
v -0.157104 105.078 0.725515 
v 0.0823936 105.214 0.723314 
v -0.271206 105.114 0.387414 
v -0.139404 105.114 0.455015 
v -0.112606 105.16 0.373214 
v -0.139404 105.114 0.455015 
v -0.311604 105.044 0.442615 
v -0.311604 105.044 0.442615 
v -0.160706 105.044 0.519914 
v -0.337505 104.955 0.478014 
v 0.206097 105.226 -0.010386 
v 0.264194 105.235 0.175615 
v 0.566093 105.147 0.0231147 
v 0.122795 104.815 0.688814 
v 0.476795 105.073 0.498914 
v -0.0292053 104.985 0.564514 
v 0.174194 105.044 0.520614 
v 0.153294 105.114 0.455614 
v 0.00689697 105.114 0.478414 
v 0.320995 105.16 0.233413 
v 0.390495 105.114 0.284114 
v 0.458096 105.114 0.152315 
v 0.00689697 105.114 0.478414 
v 0.00679398 105.044 0.546813 
v 0.174194 105.044 0.520614 
v 0.458096 105.114 0.152315 
v 0.376297 105.16 0.125515 
v 0.320995 105.16 0.233413 
v 0.336594 105.146 0.396514 
v 0.254395 105.149 0.438314 
v 0.479794 105.074 0.498815 
v 0.00689697 105.114 0.478414 
v -0.139404 105.114 0.455015 
v -0.160706 105.044 0.519914 
v -0.442806 105.114 0.150215 
v -0.375805 105.114 0.282415 
v -0.306107 105.16 0.232013 
v 0.620296 105.259 0.390214 
v 0.547195 105.267 0.372015 
v 0.544495 105.309 0.502214 
v -0.0336037 104.511 0.663213 
v -0.0535049 104.361 0.708114 
v 0.0206947 104.342 0.692415 
v -0.0104065 105.348 0.348613 
v 0.132095 105.36 0.614814 
v 0.227894 105.31 0.538715 
v 0.158497 105.225 0.864614 
v 0.0782967 105.232 0.858715 
v -0.0661049 105.23 1.13541 
v 0.121796 105.269 0.116815 
v 0.151695 105.211 -0.0655866 
v -0.193905 105.258 -0.0719857 
v -0.154106 105.234 -0.261786 
v -0.239506 105.21 -0.306786 
v -0.180405 105.337 0.130214 
v 0.121796 105.269 0.116815 
v -0.180405 105.337 0.130214 
v 0.0323944 105.281 0.461515 
v -0.686604 104.264 0.349014 
v -0.650406 104.587 0.280115 
v -0.627007 104.425 0.278715 
v -0.068306 104.655 0.769615 
v 0.169796 104.569 0.764413 
v 0.217297 104.712 0.662914 
v 0.479794 105.074 0.498815 
v 0.529297 105.095 0.445314 
v 0.336594 105.146 0.396514 
v -0.625206 105.294 -0.0217862 
v -0.437206 105.047 0.324914 
v -0.416206 105.128 0.255514 
v 0.463493 105.209 -0.252985 
v 0.503593 105.366 -0.261487 
v 0.441994 105.186 0.108814 
v -0.275406 105.199 0.0383143 
v -0.387505 105.178 0.129215 
v -0.286404 105.203 0.0894141 
v -0.286404 105.203 0.0894141 
v -0.375206 105.176 0.199014 
v 0.235096 105.16 0.318914 
v 0.285496 105.114 0.388713 
v 0.390495 105.114 0.284114 
v 0.390495 105.114 0.284114 
v 0.320995 105.16 0.233413 
v 0.235096 105.16 0.318914 
v 0.391796 105.114 -0.272585 
v 0.322094 105.16 -0.222186 
v 0.376797 105.16 -0.113986 
v 0.300095 105.175 0.00551367 
v 0.395496 105.16 0.00571394 
v 0.285595 105.175 0.0958133 
v 0.490395 105.161 0.0773139 
v 0.547195 105.267 0.372015 
v 0.620296 105.259 0.390214 
v -0.641804 104.682 -0.0577855 
v -0.745705 104.534 -0.0113854 
v -0.657604 104.591 0.277315 
v -0.220604 105.16 0.317914 
v -0.306107 105.16 0.232013 
v -0.375805 105.114 0.282415 
v 0.0361938 105.231 -0.299685 
v 0.108196 105.217 -0.396786 
v 0.106094 105.191 -0.519085 
v 0.457394 105.29 -0.220686 
v 0.514294 105.26 -0.423586 
v 0.106094 105.191 -0.519085 
v 0.457394 105.29 -0.220686 
v 0.117496 105.232 -0.314686 
v 0.399696 105.237 -0.261685 
v 0.457394 105.29 -0.220686 
v 0.0900955 105.226 -0.345486 
v 0.457394 105.29 -0.220686 
v 0.0361938 105.231 -0.299685 
v -0.297405 104.248 0.709514 
v 0.0686951 104.399 0.756315 
v 0.0127945 104.543 0.685813 
v 0.500294 105.374 -0.179286 
v 0.464996 105.254 0.0573134 
v 0.772396 105.238 -0.048985 
v -0.416206 105.128 0.255514 
v -0.548706 105.31 -0.00208521 
v -0.625206 105.294 -0.0217862 
v -0.222206 104.593 0.604414 
v -0.265106 104.447 0.647714 
v -0.193005 104.421 0.661714 
v -0.154106 105.234 -0.261786 
v -0.193905 105.258 -0.0719857 
v 0.151695 105.211 -0.0655866 
v 0.184395 105.2 0.125413 
v 0.225494 105.146 -0.0555863 
v 0.151695 105.211 -0.0655866 
v 0.126896 105.16 0.373714 
v 0.153294 105.114 0.455614 
v 0.285496 105.114 0.388713 
v 0.245995 104.974 0.454414 
v 0.00409698 105.089 0.562015 
v 0.0291939 104.951 0.693815 
v -0.156406 105.251 0.748415 
v 0.333595 105.597 0.983715 
v 0.258797 105.539 0.877714 
v -0.192806 105.079 0.579315 
v -0.201603 105.003 0.743614 
v -0.157104 105.078 0.725515 
v -0.594105 105.331 0.468614 
v -0.734406 105.375 0.480415 
v -0.424206 105.159 0.572315 
v 0.0989952 105.175 -0.272786 
v 0.128593 105.16 -0.363486 
v 0.00889587 105.16 -0.382685 
v 0.00889587 105.16 -0.382685 
v -0.110905 105.16 -0.363986 
v -0.081604 105.175 -0.273186 
v 0.544495 105.309 0.502214 
v 0.624294 105.3 0.509414 
v 0.620296 105.259 0.390214 
v -0.306107 105.16 0.232013 
v -0.360806 105.16 0.123815 
v -0.442806 105.114 0.150215 
v -0.379604 105.16 0.00401449 
v -0.270103 105.175 0.0945144 
v 0.336594 105.146 0.396514 
v 0.529297 105.095 0.445314 
v 0.605595 105.105 0.230314 
v 0.132095 105.36 0.614814 
v 0.156895 105.322 0.684215 
v 0.243996 105.294 0.616214 
v -0.0104065 105.348 0.348613 
v -0.129005 105.517 0.654415 
v -0.156406 105.251 0.748415 
v -0.0887032 105.286 0.692914 
v -0.199505 105.207 0.523214 
v 0.180294 105.175 -0.231085 
v 0.236595 105.16 -0.308186 
v 0.128593 105.16 -0.363486 
v -0.157104 105.078 0.725515 
v -0.148304 105.128 0.589614 
v -0.192806 105.079 0.579315 
v 0.151695 105.211 -0.0655866 
v 0.121796 105.269 0.116815 
v 0.184395 105.2 0.125413 
v -0.199505 105.207 0.523214 
v -0.280106 105.166 0.576213 
v -0.156406 105.251 0.748415 
v 0.00709534 105.16 0.392414 
v 0.00689697 105.114 0.478414 
v 0.153294 105.114 0.455614 
v 0.410294 105.179 -0.0376859 
v 0.309795 105.199 0.0315146 
v 0.422596 105.182 0.0323138 
v 0.422596 105.178 0.129215 
v 0.0323944 105.281 0.461515 
v 0.093895 105.216 0.505014 
v 0.184395 105.2 0.125413 
v -0.139404 105.114 0.455015 
v 0.00689697 105.114 0.478414 
v 0.00709534 105.16 0.392414 
v 0.00709534 105.16 0.392414 
v -0.112606 105.16 0.373214 
v -0.139404 105.114 0.455015 
v -0.248905 105.192 -0.060286 
v -0.315506 105.172 -0.166186 
v -0.350906 105.175 -0.104586 
v -0.375206 105.179 -0.0376859 
v -0.266506 105.196 -0.0120854 
v -0.275406 105.199 0.0383143 
v -0.375206 105.179 -0.0376859 
v -0.387505 105.182 0.0323138 
v -0.275406 105.199 0.0383143 
v -0.387505 105.178 0.129215 
v 0.244694 105.175 -0.166285 
v 0.322094 105.16 -0.222186 
v 0.236595 105.16 -0.308186 
v 0.236595 105.16 -0.308186 
v 0.180294 105.175 -0.231085 
v 0.244694 105.175 -0.166285 
v -0.110905 105.16 -0.363986 
v -0.219105 105.16 -0.309186 
v -0.163105 105.175 -0.231886 
v -0.305004 105.16 -0.223687 
v -0.228004 105.175 -0.167386 
v -0.427406 104.372 0.594715 
v -0.401905 103.861 0.570613 
v -0.385303 103.932 0.568614 
v -0.235405 105.147 0.529014 
v 0.0501938 105.182 0.562614 
v -0.0464058 105.226 0.220813 
v 0.285995 105.175 -0.0847859 
v 0.376797 105.16 -0.113986 
v 0.322094 105.16 -0.222186 
v 0.322094 105.16 -0.222186 
v 0.244694 105.175 -0.166285 
v 0.285995 105.175 -0.0847859 
v 0.184395 105.2 0.125413 
v 0.121796 105.269 0.116815 
v 0.0323944 105.281 0.461515 
v -0.0464058 105.226 0.220813 
v -0.238903 105.235 0.190914 
v -0.235405 105.147 0.529014 
v -0.375805 105.114 0.282415 
v -0.271206 105.114 0.387414 
v -0.220604 105.16 0.317914 
v -0.112606 105.16 0.373214 
v -0.271206 105.114 0.387414 
v -0.220604 105.16 0.317914 
v -0.0829048 105.175 0.282514 
v -0.0661049 105.23 1.13541 
v -0.188503 105.103 0.822315 
v -0.239803 105.032 0.810415 
v -0.305004 105.16 -0.223687 
v -0.360306 105.16 -0.115685 
v -0.269707 105.175 -0.0860868 
v -0.269707 105.175 -0.0860868 
v -0.228004 105.175 -0.167386 
v -0.305004 105.16 -0.223687 
v 0.0206947 104.342 0.692415 
v 0.0432968 104.517 0.627714 
v -0.0336037 104.511 0.663213 
v -0.623203 104.497 0.0763144 
v -0.671307 104.345 0.122514 
v -0.691906 104.499 0.0942149 
v -0.315506 105.176 0.327014 
v -0.223305 105.193 0.262514 
v -0.248905 105.193 0.218114 
v 0.00749588 105.239 0.0981135 
v 0.0415955 105.214 -0.0174851 
v -0.354004 105.2 0.340715 
v 0.511993 105.09 0.565013 
v 0.407894 105.188 0.409814 
v 0.363796 105.129 0.479114 
v -0.221207 105.186 0.966814 
v -0.238007 105.215 0.893215 
v -0.335403 105.246 0.976015 
v -0.215706 105.176 0.426914 
v -0.125206 105.193 0.350914 
v -0.163006 105.193 0.325914 
v 0.566093 105.147 0.0231147 
v 0.455494 105.221 -0.254086 
v 0.206097 105.226 -0.010386 
v 0.151695 105.211 -0.0655866 
v 0.194595 105.206 -0.341385 
v -0.154106 105.234 -0.261786 
v 0.376797 105.16 -0.113986 
v 0.285995 105.175 -0.0847859 
v 0.300095 105.175 0.00551367 
v 0.351093 104.154 0.538314 
v 0.325195 104.065 0.595813 
v 0.445396 104.065 0.476114 
v 0.445396 104.065 0.476114 
v 0.480896 104.154 0.409013 
v 0.351093 104.154 0.538314 
v -0.284206 105.175 0.00421476 
v -0.269707 105.175 -0.0860868 
v -0.360306 105.16 -0.115685 
v 0.363796 105.129 0.479114 
v 0.456295 105.102 0.615015 
v 0.511993 105.09 0.565013 
v 0.0565948 104.961 0.642314 
v -0.0292053 104.985 0.564514 
v 0.122795 104.815 0.688814 
v -0.360306 105.16 -0.115685 
v -0.379604 105.16 0.00401449 
v -0.284206 105.175 0.00421476 
v -0.270103 105.175 0.0945144 
v -0.354004 105.2 0.340715 
v -0.257607 105.229 0.338113 
v 0.00749588 105.239 0.0981135 
v 0.105095 105.16 0.359714 
v 0.00749588 105.239 0.0981135 
v 0.285595 105.175 0.0958133 
v 0.376297 105.16 0.125515 
v 0.395496 105.16 0.00571394 
v 0.0073967 105.175 0.297014 
v 0.00709534 105.16 0.392414 
v 0.126896 105.16 0.373714 
v 0.153294 105.114 0.455614 
v -0.431503 104.065 0.474115 
v -0.311905 104.065 0.594314 
v -0.337605 104.154 0.536714 
v -0.337605 104.154 0.536714 
v -0.466805 104.154 0.406814 
v -0.431503 104.065 0.474115 
v 0.194595 105.206 -0.341385 
v 0.151695 105.211 -0.0655866 
v 0.225494 105.146 -0.0555863 
v -0.199505 105.207 0.523214 
v -0.257607 105.229 0.338113 
v -0.354004 105.2 0.340715 
v -0.257607 105.229 0.338113 
v 0.105095 105.16 0.359714 
v 0.243896 105.175 0.177114 
v 0.320995 105.16 0.233413 
v 0.376297 105.16 0.125515 
v 0.376297 105.16 0.125515 
v 0.285595 105.175 0.0958133 
v 0.243896 105.175 0.177114 
v -0.193005 104.421 0.661714 
v -0.140503 104.59 0.598613 
v -0.222206 104.593 0.604414 
v -0.360806 105.16 0.123815 
v -0.306107 105.16 0.232013 
v -0.228806 105.175 0.176013 
v -0.228806 105.175 0.176013 
v -0.270103 105.175 0.0945144 
v -0.360806 105.16 0.123815 
v -0.521706 105.243 0.642913 
v -0.471504 105.187 0.624815 
v -0.221207 105.186 0.966814 
v 0.422596 105.178 0.129215 
v 0.309795 105.199 0.0315146 
v 0.309795 105.195 0.126314 
v 0.410294 105.176 0.199014 
v 0.410294 105.176 0.199014 
v 0.296494 105.193 0.186815 
v 0.386097 105.176 0.265615 
v 0.274593 105.193 0.236614 
v 0.350594 105.176 0.327014 
v 0.249695 105.193 0.274314 
v 0.305096 105.176 0.381315 
v 0.274593 105.193 0.236614 
v 0.249695 105.193 0.274314 
v 0.0175934 105.198 0.064714 
v 0.274593 105.193 0.236614 
v 0.309795 105.199 0.0315146 
v 0.296494 105.194 -0.0289865 
v 0.410294 105.179 -0.0376859 
v 0.296494 105.194 -0.0289865 
v 0.386097 105.175 -0.104586 
v 0.274593 105.191 -0.0787854 
v 0.350594 105.172 -0.166186 
v 0.274593 105.191 -0.0787854 
v 0.305096 105.168 -0.220486 
v 0.249695 105.188 -0.116486 
v 0.350594 105.172 -0.166186 
v 0.249695 105.188 -0.116486 
v 0.225494 105.186 -0.143687 
v 0.198093 105.183 -0.167786 
v 0.250793 105.163 -0.265687 
v 0.0175934 105.198 0.064714 
v 0.160397 105.181 -0.192585 
v 0.189396 105.16 -0.300786 
v 0.250793 105.163 -0.265687 
v 0.198093 105.183 -0.167786 
v 0.110596 105.179 -0.214386 
v 0.122795 105.158 -0.324986 
v 0.0499954 105.178 -0.227585 
v 0.0529938 105.157 -0.337185 
v -0.0179062 105.157 -0.337185 
v -0.014904 105.178 -0.227585 
v -0.0877037 105.158 -0.324986 
v -0.0754051 105.179 -0.214386 
v -0.154305 105.16 -0.300786 
v 0.179195 105.175 0.241615 
v 0.235096 105.16 0.318914 
v 0.320995 105.16 0.233413 
v 0.320995 105.16 0.233413 
v 0.243896 105.175 0.177114 
v 0.179195 105.175 0.241615 
v -0.306107 105.16 0.232013 
v -0.220604 105.16 0.317914 
v -0.164204 105.175 0.240814 
v -0.228806 105.175 0.176013 
v -0.306107 105.16 0.232013 
v 0.108597 105.201 -0.00318575 
v 0.206097 105.226 -0.010386 
v 0.455494 105.221 -0.254086 
v -0.238903 105.235 0.190914 
v -0.0464058 105.226 0.220813 
v -0.00980377 105.201 0.130214 
v 0.0291939 104.951 0.693815 
v 0.282795 104.878 0.586214 
v 0.245995 104.974 0.454414 
v -0.588703 105.259 0.415514 
v -0.540005 105.267 0.358015 
v -0.655605 105.309 0.298013 
v -0.477806 104.924 0.264814 
v -0.455204 104.905 0.334514 
v -0.418903 104.936 0.319015 
v 0.235096 105.16 0.318914 
v 0.179195 105.175 0.241615 
v 0.0976944 105.175 0.282915 
v 0.152596 105.01 0.779514 
v 0.215397 105.049 0.758813 
v -0.0418053 105.081 0.466014 
v -0.00980377 105.201 0.130214 
v -0.255703 105.207 0.0915141 
v -0.238903 105.235 0.190914 
v -0.0829048 105.175 0.282514 
v -0.164204 105.175 0.240814 
v -0.220604 105.16 0.317914 
v 0.398396 105.35 -0.214186 
v 0.252895 105.267 0.0160136 
v 0.464996 105.254 0.0573134 
v -0.112606 105.16 0.373214 
v 0.00709534 105.16 0.392414 
v 0.0073967 105.175 0.297014 
v 0.126896 105.16 0.373714 
v 0.0976944 105.175 0.282915 
v 0.0073967 105.175 0.297014 
v -0.0418053 105.081 0.466014 
v -0.128407 105.057 0.443614 
v 0.152596 105.01 0.779514 
v -0.0418053 105.081 0.466014 
v 0.363796 105.129 0.479114 
v 0.407894 105.188 0.409814 
v -0.128407 105.057 0.443614 
v -0.0418053 105.081 0.466014 
v 0.632095 105.233 0.184413 
v 0.566093 105.147 0.0231147 
v 0.264194 105.235 0.175615 
v -0.125206 105.181 -0.192585 
v -0.215706 105.163 -0.265687 
v -0.215706 105.163 -0.265687 
v -0.163006 105.183 -0.167786 
v -0.269905 105.168 -0.220486 
v -0.190403 105.186 -0.143687 
v -0.315506 105.172 -0.166186 
v -0.223305 105.189 -0.104685 
v -0.248905 105.192 -0.060286 
v -0.266506 105.196 -0.0120854 
v -0.275406 105.199 0.0383143 
v -0.286404 105.203 0.0894141 
v -0.266506 105.194 0.169914 
v -0.286404 105.203 0.0894141 
v -0.375206 105.176 0.199014 
v -0.248905 105.193 0.218114 
v -0.350906 105.176 0.265615 
v -0.315506 105.176 0.327014 
v -0.223305 105.193 0.262514 
v -0.190403 105.193 0.301713 
v -0.163006 105.193 0.325914 
v -0.125206 105.193 0.350914 
v -0.215706 105.176 0.426914 
v -0.154305 105.176 0.462314 
v -0.0754051 105.193 0.372814 
v -0.0877037 105.176 0.486515 
v -0.163006 105.193 0.325914 
v -0.269905 105.176 0.381315 
v -0.125206 105.193 0.350914 
v -0.269905 105.176 0.381315 
v -0.190403 105.193 0.301713 
v -0.315506 105.176 0.327014 
v -0.223305 105.193 0.262514 
v -0.014904 105.193 0.386114 
v -0.0179062 105.176 0.498914 
v 0.0529938 105.176 0.498914 
v 0.0499954 105.193 0.386114 
v 0.122795 105.176 0.486515 
v 0.110596 105.193 0.372814 
v 0.160397 105.193 0.350914 
v 0.189396 105.176 0.462314 
v 0.160397 105.193 0.350914 
v 0.250793 105.176 0.426914 
v 0.250793 105.176 0.426914 
v 0.198093 105.193 0.325914 
v 0.225494 105.193 0.301713 
v 0.305096 105.176 0.381315 
v 0.198093 105.193 0.325914 
v 0.00799561 105.175 0.00481367 
v 0.0989952 105.175 -0.272786 
v 0.0086937 105.175 -0.287285 
v 0.00889587 105.16 -0.382685 
v 0.00799561 105.175 0.00481367 
v 0.0086937 105.175 -0.287285 
v -0.081604 105.175 -0.273186 
v 0.0086937 105.175 -0.287285 
v 0.00889587 105.16 -0.382685 
v 0.00799561 105.175 0.00481367 
v 0.180294 105.175 -0.231085 
v 0.0989952 105.175 -0.272786 
v 0.128593 105.16 -0.363486 
v 0.00799561 105.175 0.00481367 
v -0.081604 105.175 -0.273186 
v -0.163105 105.175 -0.231886 
v -0.110905 105.16 -0.363986 
v -0.588703 105.259 0.415514 
v -0.188904 105.109 0.513414 
v -0.250607 105.161 0.437213 
v 0.0976944 105.175 0.282915 
v 0.126896 105.16 0.373714 
v 0.235096 105.16 0.318914 
v 0.285496 105.114 0.388713 
v 0.00799561 105.175 0.00481367 
v 0.179195 105.175 0.241615 
v -0.129005 105.517 0.654415 
v -0.0104065 105.348 0.348613 
v -0.0558052 105.305 0.287014 
v -0.534306 104.065 0.155414 
v -0.577904 104.154 0.0623145 
v -0.487606 104.175 0.0482135 
v -0.577904 104.154 0.0623145 
v -0.592903 104.856 0.00351477 
v 0.628197 105.268 0.276014 
v 0.705494 105.341 0.370714 
v 0.688293 105.159 0.173414 
v -0.0558052 105.305 0.287014 
v -0.206703 105.536 0.723014 
v -0.129005 105.517 0.654415 
v 0.00799561 105.175 0.00481367 
v -0.0829048 105.175 0.282514 
v 0.0073967 105.175 0.297014 
v -0.112606 105.16 0.373214 
v 0.00799561 105.175 0.00481367 
v 0.0073967 105.175 0.297014 
v 0.0976944 105.175 0.282915 
v 0.244694 105.175 -0.166285 
v 0.180294 105.175 -0.231085 
v 0.00799561 105.175 0.00481367 
v 0.285595 105.175 0.0958133 
v 0.300095 105.175 0.00551367 
v 0.285995 105.175 -0.0847859 
v 0.00799561 105.175 0.00481367 
v 0.243896 105.175 0.177114 
v 0.285595 105.175 0.0958133 
v 0.00799561 105.175 0.00481367 
v 0.179195 105.175 0.241615 
v 0.243896 105.175 0.177114 
v 0.00799561 105.175 0.00481367 
v 0.285995 105.175 -0.0847859 
v 0.244694 105.175 -0.166285 
v 0.00799561 105.175 0.00481367 
v -0.284206 105.175 0.00421476 
v -0.270103 105.175 0.0945144 
v -0.269707 105.175 -0.0860868 
v 0.00799561 105.175 0.00481367 
v -0.270103 105.175 0.0945144 
v -0.228806 105.175 0.176013 
v 0.00799561 105.175 0.00481367 
v -0.228806 105.175 0.176013 
v -0.164204 105.175 0.240814 
v 0.00799561 105.175 0.00481367 
v -0.164204 105.175 0.240814 
v -0.0829048 105.175 0.282514 
v 0.00799561 105.175 0.00481367 
v -0.163105 105.175 -0.231886 
v -0.228004 105.175 -0.167386 
v 0.00799561 105.175 0.00481367 
v -0.228004 105.175 -0.167386 
v -0.269707 105.175 -0.0860868 
v -0.521706 105.243 0.642913 
v -0.592506 105.387 1.01321 
v -0.514206 105.384 0.942914 
v -0.250805 104.723 0.543714 
v -0.495106 104.719 0.484615 
v -0.337704 104.563 0.628814 
v 0.215397 105.049 0.758813 
v 0.456295 105.102 0.615015 
v 0.363796 105.129 0.479114 
v 0.264194 105.235 0.175615 
v 0.378593 105.339 0.329713 
v 0.632095 105.233 0.184413 
v 0.00909424 105.158 -0.468787 
v 0.00889587 105.16 -0.382685 
v 0.128593 105.16 -0.363486 
v -0.380203 104.799 -0.215886 
v -0.442104 105.114 -0.142485 
v -0.360306 105.16 -0.115685 
v -0.250607 105.161 0.437213 
v -0.540005 105.267 0.358015 
v -0.588703 105.259 0.415514 
v 0.174397 105.095 0.332315 
v 0.0415955 105.214 -0.0174851 
v 0.00749588 105.239 0.0981135 
v -0.222206 104.593 0.604414 
v -0.434303 104.722 0.468114 
v -0.473003 104.537 0.486715 
v -0.140503 104.59 0.598613 
v -0.457005 104.782 0.395214 
v -0.434303 104.722 0.468114 
v -0.222206 104.593 0.604414 
v 0.264194 105.235 0.175615 
v 0.206097 105.226 -0.010386 
v 0.108597 105.201 -0.00318575 
v 0.0565948 104.961 0.642314 
v 0.430996 105.026 0.575115 
v 0.476795 105.073 0.498914 
v -0.0292053 104.985 0.564514 
v 0.0565948 104.961 0.642314 
v -0.499104 105.116 0.0125136 
v -0.460804 105.073 0.0724139 
v -0.588703 105.259 0.415514 
v -0.00980377 105.201 0.130214 
v -0.0464058 105.226 0.220813 
v 0.0501938 105.182 0.562614 
v 0.0501938 105.182 0.562614 
v 0.134296 105.136 0.640314 
v -0.00980377 105.201 0.130214 
v 0.00749588 105.239 0.0981135 
v 0.105095 105.16 0.359714 
v 0.174397 105.095 0.332315 
v -0.380203 104.799 -0.215886 
v -0.269505 105.114 -0.378985 
v -0.309605 105.044 -0.434287 
v -0.455204 104.905 0.334514 
v -0.477806 104.924 0.264814 
v -0.637806 104.817 0.335414 
v -0.451504 105.317 0.137214 
v -0.734406 105.375 0.480415 
v -0.594105 105.331 0.468614 
v -0.418903 104.936 0.319015 
v -0.406204 104.969 0.229314 
v -0.477806 104.924 0.264814 
v -0.566303 104.721 0.0271144 
v -0.506504 104.662 0.153915 
v 0.0165939 105.075 0.479414 
v 0.108597 105.201 -0.00318575 
v 0.182495 105.207 0.234514 
v 0.264194 105.235 0.175615 
v -0.637806 104.817 0.335414 
v -0.632206 104.796 0.402814 
v -0.455204 104.905 0.334514 
v 0.406796 105.193 -0.202286 
v 0.319595 105.18 -0.224286 
v 0.567997 105.23 0.121614 
v 0.155697 105.206 0.740415 
v 0.0823936 105.214 0.723314 
v 0.0782967 105.232 0.858715 
v 0.567997 105.23 0.121614 
v 0.573296 105.227 0.0295138 
v 0.406796 105.193 -0.202286 
v 0.363796 105.129 0.479114 
v -0.0418053 105.081 0.466014 
v 0.215397 105.049 0.758813 
v 0.407993 104.64 0.409614 
v 0.192795 104.727 0.580015 
v 0.246593 104.572 0.682615 
v 0.619797 104.685 0.148115 
v 0.619797 104.702 0.154415 
v 0.0165939 105.075 0.479414 
v 0.0510941 105.072 0.620414 
v -0.343006 105.176 0.485414 
v -0.297005 105.154 0.562614 
v 0.608795 104.856 0.00621367 
v 0.593594 104.154 0.0649142 
v 0.503296 104.175 0.0504146 
v -0.350204 104.731 0.528413 
v -0.511505 104.657 0.575214 
v -0.457706 104.608 0.592815 
v 0.174095 105.166 0.249214 
v 0.0590935 105.277 0.312614 
v 0.227894 105.31 0.538715 
v -0.409206 105.233 0.517015 
v -0.427605 105.339 0.225414 
v -0.594105 105.331 0.468614 
v -0.584606 104.702 0.154415 
v -0.584606 104.685 0.148115 
v 0.0165939 105.075 0.479414 
v -0.388504 105.115 0.478115 
v -0.302303 105.101 0.503715 
v -0.530506 105.198 0.153314 
v -0.530506 105.198 0.153314 
v -0.541306 105.18 0.243314 
v -0.388504 105.115 0.478115 
v -0.242405 104.506 0.679014 
v 0.0266953 104.535 0.662115 
v 0.00149536 104.674 0.572515 
v -0.00820541 105.002 0.668813 
v 0.228294 104.853 0.593114 
v 0.277996 104.843 0.525014 
v -0.0748062 105.065 0.638013 
v 0.227894 105.31 0.538715 
v 0.0590935 105.277 0.312614 
v -0.0104065 105.348 0.348613 
v 0.0831947 104.522 0.666614 
v 0.0127945 104.543 0.685813 
v 0.0686951 104.399 0.756315 
v 0.227894 105.31 0.538715 
v 0.400494 105.128 0.306215 
v 0.174095 105.166 0.249214 
v -0.647804 105.322 -0.130085 
v -0.288605 105.305 -0.268586 
v -0.302505 105.244 -0.221886 
v -0.652603 104.123 0.236213 
v -0.639805 104.35 0.285215 
v -0.665806 104.37 0.290615 
v -0.657604 104.591 0.277315 
v -0.628605 104.565 0.282314 
v -0.566704 104.729 0.290115 
v 0.637196 104.587 0.193214 
v 0.412994 104.808 0.475814 
v 0.482094 104.74 0.464214 
v 0.632195 104.592 0.274913 
v 0.246593 104.572 0.682615 
v 0.114895 104.594 0.600414 
v 0.217094 104.376 0.741514 
v -0.275604 104.77 0.476715 
v -0.418903 104.936 0.319015 
v -0.455204 104.905 0.334514 
v 0.455494 105.221 -0.254086 
v 0.502697 105.136 -0.357586 
v 0.108597 105.201 -0.00318575 
v 0.701996 104.286 0.340614 
v 0.552094 104.155 0.310915 
v 0.707596 104.759 0.239213 
v 0.0823936 105.214 0.723314 
v 0.0290947 105.161 0.415115 
v -0.148304 105.128 0.589614 
v 0.441994 105.186 0.108814 
v 0.860897 105.185 -0.0684857 
v 0.772396 105.238 -0.048985 
v -0.477806 105.277 0.711214 
v -0.335403 105.246 0.976015 
v -0.238007 105.215 0.893215 
v 0.0290947 105.161 0.415115 
v 0.0823936 105.214 0.723314 
v 0.155697 105.206 0.740415 
v 0.225494 105.146 -0.0555863 
v 0.0555954 105.217 -0.374186 
v -0.239506 105.21 -0.306786 
v 0.161896 105.203 -0.319886 
v 0.280796 105.222 -0.425585 
v -0.409206 105.233 0.517015 
v -0.235405 105.147 0.529014 
v -0.238903 105.235 0.190914 
v 0.464996 105.254 0.0573134 
v 0.252895 105.267 0.0160136 
v 0.246895 105.219 0.0828147 
v -0.350204 104.731 0.528413 
v -0.455204 104.905 0.334514 
v -0.632206 104.796 0.402814 
v 0.00909424 105.158 -0.468787 
v -0.137306 105.181 -0.445885 
v -0.110905 105.16 -0.363986 
v 0.00889587 105.16 -0.382685 
v 0.00909424 105.158 -0.468787 
v -0.148205 104.956 -0.479485 
v -0.290203 104.841 -0.407486 
v -0.344105 104.856 -0.482087 
v 0.114895 104.594 0.600414 
v 0.246593 104.572 0.682615 
v 0.192795 104.727 0.580015 
v 0.155697 105.206 0.740415 
v 0.0718956 105.127 0.318914 
v 0.0290947 105.161 0.415115 
v 0.407993 104.64 0.409614 
v 0.472794 104.527 0.515714 
v 0.511494 104.502 0.455215 
v -0.331005 105.167 0.199714 
v -0.454403 105.142 0.128015 
v -0.540005 105.267 0.358015 
v 0.362194 104.856 -0.480385 
v 0.308094 104.841 -0.406186 
v 0.166294 104.956 -0.478785 
v 0.772396 105.238 -0.048985 
v 0.464996 105.254 0.0573134 
v 0.441994 105.186 0.108814 
v 0.246895 105.219 0.0828147 
v 0.441994 105.186 0.108814 
v 0.309994 105.317 0.390113 
v 0.705494 105.341 0.370714 
v 0.628197 105.268 0.276014 
v 0.168194 105.218 0.533414 
v 0.105095 105.16 0.359714 
v -0.199505 105.207 0.523214 
v 0.219093 105.116 0.487915 
v 0.255997 105.073 0.427114 
v 0.620296 105.259 0.390214 
v -0.364006 105.348 -0.255085 
v -0.574604 105.36 -0.121586 
v -0.548706 105.31 -0.00208521 
v -0.238903 105.235 0.190914 
v -0.255703 105.207 0.0915141 
v -0.451504 105.317 0.137214 
v -0.628605 104.565 0.282314 
v -0.657604 104.591 0.277315 
v -0.665806 104.37 0.290615 
v 0.0278969 104.654 0.560415 
v -0.250805 104.723 0.543714 
v -0.269306 104.57 0.660413 
v -0.632206 104.796 0.402814 
v -0.511505 104.657 0.575214 
v -0.350204 104.731 0.528413 
v -0.548706 105.31 -0.00208521 
v -0.271206 105.277 -0.0536866 
v -0.364006 105.348 -0.255085 
v -0.265106 105.166 0.077415 
v -0.239803 105.032 0.810415 
v -0.201603 105.003 0.743614 
v 0.155697 105.206 0.740415 
v -0.451504 105.317 0.137214 
v -0.427605 105.339 0.225414 
v -0.238903 105.235 0.190914 
v 0.511494 104.502 0.455215 
v 0.425694 104.624 0.321815 
v 0.407993 104.64 0.409614 
v -0.188503 105.103 0.822315 
v 0.0782967 105.232 0.858715 
v 0.0823936 105.214 0.723314 
v 0.227097 105.149 0.510314 
v 0.174397 105.095 0.332315 
v 0.105095 105.16 0.359714 
v 0.420296 104.841 -0.293286 
v 0.308094 104.841 -0.406186 
v 0.362194 104.856 -0.480385 
v 0.362194 104.856 -0.480385 
v 0.494896 104.856 -0.347186 
v 0.420296 104.841 -0.293286 
v -0.344105 104.856 -0.482087 
v -0.290203 104.841 -0.407486 
v -0.403004 104.841 -0.295186 
v -0.403004 104.841 -0.295186 
v -0.477306 104.856 -0.349387 
v -0.344105 104.856 -0.482087 
v 0.503296 104.175 0.0504146 
v 0.516296 104.848 0.00591421 
v 0.608795 104.856 0.00621367 
v -0.592903 104.856 0.00351477 
v -0.500404 104.848 0.00361395 
v -0.487606 104.175 0.0482135 
v 0.492393 104.841 -0.151286 
v 0.420296 104.841 -0.293286 
v 0.494896 104.856 -0.347186 
v 0.264194 105.235 0.175615 
v 0.182495 105.207 0.234514 
v 0.309994 105.317 0.390113 
v -0.238903 105.235 0.190914 
v -0.427605 105.339 0.225414 
v -0.409206 105.233 0.517015 
v -0.477306 104.856 -0.349387 
v -0.403004 104.841 -0.295186 
v -0.475605 104.841 -0.153487 
v 0.309994 105.317 0.390113 
v 0.378593 105.339 0.329713 
v 0.264194 105.235 0.175615 
v 0.494896 104.856 -0.347186 
v 0.579895 104.856 -0.179486 
v 0.492393 104.841 -0.151286 
v 0.516296 104.848 0.00591421 
v -0.0558052 105.305 0.287014 
v -0.0104065 105.348 0.348613 
v 0.0590935 105.277 0.312614 
v 0.336594 105.146 0.396514 
v 0.514496 105.193 0.136114 
v 0.489594 105.163 0.0497146 
v 0.489594 105.163 0.0497146 
v 0.254395 105.149 0.438314 
v -0.475605 104.841 -0.153487 
v -0.563004 104.856 -0.182086 
v -0.477306 104.856 -0.349387 
v -0.500404 104.848 0.00361395 
v -0.704105 104.56 -0.127985 
v -0.757004 104.49 -0.128087 
v -0.765503 104.831 -0.203187 
v 0.00149536 104.674 0.572515 
v 0.0266953 104.535 0.662115 
v 0.0873947 104.525 0.617315 
v 0.325195 104.065 0.595813 
v 0.351093 104.154 0.538314 
v 0.187595 104.154 0.621114 
v 0.150795 105.175 -0.0863862 
v 0.252895 105.267 0.0160136 
v 0.398396 105.35 -0.214186 
v -0.221207 105.186 0.966814 
v -0.471504 105.187 0.624815 
v -0.324806 105.068 0.533714 
v -0.221207 105.186 0.966814 
v 0.0151939 105.009 0.609514 
v -0.0592041 105.083 0.634414 
v 0.105095 105.16 0.359714 
v 0.168194 105.218 0.533414 
v 0.227097 105.149 0.510314 
v -0.0592041 105.083 0.634414 
v -0.238007 105.215 0.893215 
v -0.221207 105.186 0.966814 
v 0.547195 105.267 0.372015 
v 0.490395 105.161 0.0773139 
v 0.312897 105.167 0.254415 
v -0.199505 105.207 0.523214 
v -0.0887032 105.286 0.692914 
v 0.168194 105.218 0.533414 
v 0.246593 104.572 0.682615 
v 0.472794 104.527 0.515714 
v 0.407993 104.64 0.409614 
v 0.128593 105.16 -0.363486 
v 0.155396 105.181 -0.445185 
v 0.00909424 105.158 -0.468787 
v -0.219105 105.16 -0.309186 
v -0.110905 105.16 -0.363986 
v -0.137306 105.181 -0.445885 
v -0.309204 105.197 1.03811 
v -0.592506 105.387 1.01321 
v -0.521706 105.243 0.642913 
v 0.155396 105.181 -0.445185 
v 0.128593 105.16 -0.363486 
v 0.236595 105.16 -0.308186 
v 0.0782967 105.232 0.858715 
v -0.188503 105.103 0.822315 
v -0.0661049 105.23 1.13541 
v 0.158497 105.225 0.864614 
v 0.155697 105.206 0.740415 
v 0.398396 105.35 -0.214186 
v 0.117996 105.186 -0.320385 
v 0.150795 105.175 -0.0863862 
v -0.540005 105.267 0.358015 
v -0.250607 105.161 0.437213 
v -0.331005 105.167 0.199714 
v -0.226204 104.701 0.478315 
v -0.275604 104.77 0.476715 
v -0.350204 104.731 0.528413 
v 0.312897 105.167 0.254415 
v 0.302895 105.142 0.396715 
v 0.547195 105.267 0.372015 
v 0.579895 104.856 -0.179486 
v 0.608795 104.856 0.00621367 
v 0.516296 104.848 0.00591421 
v 0.464996 105.254 0.0573134 
v 0.500294 105.374 -0.179286 
v 0.398396 105.35 -0.214186 
v -0.500404 104.848 0.00361395 
v -0.592903 104.856 0.00351477 
v -0.563004 104.856 -0.182086 
v -0.457706 104.608 0.592815 
v -0.321003 104.663 0.554214 
v -0.350204 104.731 0.528413 
v -0.350204 104.731 0.528413 
v -0.226204 104.701 0.478315 
v -0.455204 104.905 0.334514 
v -0.275604 104.77 0.476715 
v -0.548706 105.31 -0.00208521 
v -0.416206 105.128 0.255514 
v -0.265106 105.166 0.077415 
v -0.00780487 105.244 0.278715 
v 0.0590935 105.277 0.312614 
v 0.174095 105.166 0.249214 
v 0.227097 105.149 0.510314 
v 0.333595 105.597 0.983715 
v -0.156406 105.251 0.748415 
v -0.0803032 105.117 0.535814 
v 0.00409698 105.089 0.562015 
v 0.245995 104.974 0.454414 
v -0.266506 105.302 0.145515 
v 0.093895 105.216 0.505014 
v 0.0323944 105.281 0.461515 
v -0.826706 104.415 -0.340186 
v -0.938705 104.34 -0.381186 
v -0.560505 104.833 -0.441586 
v -0.499104 105.116 0.0125136 
v -0.936203 105.365 0.0155139 
v -0.837105 105.362 0.049314 
v -0.344105 104.856 -0.482087 
v -0.176403 104.971 -0.566987 
v -0.148205 104.956 -0.479485 
v 0.166294 104.956 -0.478785 
v 0.194897 104.971 -0.566185 
v 0.362194 104.856 -0.480385 
v 0.204197 104.624 0.673414 
v 0.421097 104.498 0.530014 
v 0.455597 104.5 0.452415 
v 0.131897 104.688 0.666315 
v 0.400494 105.128 0.306215 
v 0.472095 105.047 0.294315 
v 0.134094 105.104 0.209314 
v 0.134094 105.104 0.209314 
v 0.174095 105.166 0.249214 
v 0.400494 105.128 0.306215 
v 0.611694 104.259 0.385414 
v 0.774696 104.091 0.183713 
v 0.774494 104.093 0.206314 
v 0.00919342 104.993 -0.503985 
v -0.148205 104.956 -0.479485 
v -0.176403 104.971 -0.566987 
v 0.0701942 104.578 0.658615 
v 0.0701942 104.558 0.674715 
v 0.0701942 104.558 0.658615 
v 0.0701942 104.578 0.674715 
v 0.174095 105.166 0.249214 
v 0.134094 105.104 0.209314 
v -0.00780487 105.244 0.278715 
v 0.194897 104.971 -0.566185 
v 0.166294 104.956 -0.478785 
v 0.00919342 104.993 -0.503985 
v -0.454403 105.142 0.128015 
v -0.331005 105.167 0.199714 
v -0.308907 105.118 0.159013 
v -0.639103 104.166 0.151313 
v -0.484703 103.996 0.331314 
v -0.487404 103.95 0.355714 
v -0.837105 105.362 0.049314 
v -0.522903 105.185 0.0607142 
v -0.499104 105.116 0.0125136 
v 0.272896 105.185 0.487813 
v 0.544495 105.309 0.502214 
v 0.547195 105.267 0.372015 
v -0.308907 105.118 0.159013 
v -0.460804 105.073 0.0724139 
v -0.454403 105.142 0.128015 
v -0.697304 105.3 0.366514 
v -0.936203 105.365 0.0155139 
v -0.499104 105.116 0.0125136 
v -0.324806 105.068 0.533714 
v 0.0151939 105.009 0.609514 
v -0.221207 105.186 0.966814 
v -0.522903 105.185 0.0607142 
v -0.655605 105.309 0.298013 
v -0.540005 105.267 0.358015 
v -0.0351067 104.558 0.658615 
v -0.0351067 104.558 0.674715 
v -0.0351067 104.578 0.674715 
v -0.0351067 104.578 0.658615 
v 0.624294 105.3 0.509414 
v 0.414795 105.365 0.878715 
v 0.219093 105.116 0.487915 
v 0.0290947 105.161 0.415115 
v 0.0718956 105.127 0.318914 
v -0.192806 105.079 0.579315 
v -0.192806 105.079 0.579315 
v -0.148304 105.128 0.589614 
v 0.0290947 105.161 0.415115 
v 0.258797 105.539 0.877714 
v -0.0887032 105.286 0.692914 
v -0.156406 105.251 0.748415 
v 0.168194 105.218 0.533414 
v 0.258797 105.539 0.877714 
v 0.544495 105.309 0.502214 
v 0.272896 105.185 0.487813 
v 0.401497 105.362 0.774814 
v 0.258797 105.539 0.877714 
v 0.333595 105.597 0.983715 
v 0.227097 105.149 0.510314 
v -0.655605 105.309 0.298013 
v -0.697304 105.3 0.366514 
v -0.588703 105.259 0.415514 
v -0.522903 105.185 0.0607142 
v -0.837105 105.362 0.049314 
v 0.628296 104.649 0.0201144 
v 0.588997 104.645 -0.060885 
v 0.518894 104.764 0.346014 
v 0.518894 104.764 0.346014 
v 0.581394 104.729 0.292814 
v 0.628296 104.649 0.0201144 
v 0.0823936 105.214 0.723314 
v -0.157104 105.078 0.725515 
v -0.188503 105.103 0.822315 
v -0.226204 104.701 0.478315 
v -0.321003 104.663 0.554214 
v -0.477806 104.924 0.264814 
v 0.227097 105.149 0.510314 
v 0.168194 105.218 0.533414 
v 0.258797 105.539 0.877714 
v 0.0590935 105.277 0.312614 
v -0.00780487 105.244 0.278715 
v -0.0558052 105.305 0.287014 
v -0.588703 105.259 0.415514 
v -0.697304 105.3 0.366514 
v -0.499104 105.116 0.0125136 
v -0.514206 105.384 0.942914 
v -0.477806 105.277 0.711214 
v -0.521706 105.243 0.642913 
v -0.521706 105.243 0.642913 
v -0.405804 105.216 0.664014 
v -0.239803 105.032 0.810415 
v -0.188503 105.103 0.822315 
v -0.157104 105.078 0.725515 
v -0.298004 104.62 0.624115 
v -0.0336037 104.511 0.663213 
v 0.0432968 104.517 0.627714 
v -0.351204 104.679 0.569314 
v 0.620296 105.259 0.390214 
v 0.624294 105.3 0.509414 
v 0.219093 105.116 0.487915 
v -0.665806 104.37 0.290615 
v -0.639805 104.35 0.285215 
v -0.628605 104.565 0.282314 
v 0.425694 104.624 0.321815 
v 0.511494 104.502 0.455215 
v 0.114895 104.594 0.600414 
v 0.272995 104.934 -0.410086 
v 0.364296 104.93 -0.357586 
v 0.0165939 105.075 0.479414 
v -0.584606 104.685 0.148115 
v -0.566303 104.721 0.0271144 
v -0.686604 104.264 0.349014 
v -0.607407 104.268 0.362813 
v -0.385303 103.932 0.568614 
v -0.364006 105.348 -0.255085 
v -0.271206 105.277 -0.0536866 
v -0.302505 105.244 -0.221886 
v 0.302895 105.142 0.396715 
v 0.312897 105.167 0.254415 
v 0.266697 105.118 0.252614 
v 0.219093 105.116 0.487915 
v 0.414795 105.365 0.878715 
v 0.401497 105.362 0.774814 
v 0.246895 105.219 0.0828147 
v 0.252895 105.267 0.0160136 
v 0.150795 105.175 -0.0863862 
v 0.401497 105.362 0.774814 
v 0.272896 105.185 0.487813 
v 0.219093 105.116 0.487915 
v -0.211605 105.104 0.0592151 
v -0.437206 105.047 0.324914 
v -0.625206 105.294 -0.0217862 
v -0.487404 103.95 0.355714 
v -0.704105 104.163 0.109113 
v -0.639103 104.166 0.151313 
v 0.227097 105.149 0.510314 
v -0.156406 105.251 0.748415 
v -0.280106 105.166 0.576213 
v -0.625206 105.294 -0.0217862 
v -0.302505 105.244 -0.221886 
v -0.211605 105.104 0.0592151 
v -0.238007 105.215 0.893215 
v -0.0592041 105.083 0.634414 
v -0.287006 105.122 0.583614 
v -0.324806 105.068 0.533714 
v -0.0592041 105.083 0.634414 
v 0.547195 105.267 0.372015 
v 0.302895 105.142 0.396715 
v 0.272896 105.185 0.487813 
v -0.691505 104.83 -0.472685 
v -0.676506 104.921 -0.190186 
v -0.748905 104.937 -0.156886 
v 0.158497 105.225 0.864614 
v -0.0527039 105.215 1.23821 
v -0.239803 105.032 0.810415 
v 0.266697 105.118 0.252614 
v 0.255997 105.073 0.427114 
v 0.302895 105.142 0.396715 
v -0.308907 105.118 0.159013 
v -0.188904 105.109 0.513414 
v -0.588703 105.259 0.415514 
v -0.287006 105.122 0.583614 
v -0.405804 105.216 0.664014 
v -0.238007 105.215 0.893215 
v 0.0686951 104.399 0.756315 
v -0.00850296 104.375 0.717914 
v 0.0831947 104.522 0.666614 
v 0.490395 105.161 0.0773139 
v 0.531593 105.109 -0.0116849 
v 0.266697 105.118 0.252614 
v 0.266697 105.118 0.252614 
v 0.312897 105.167 0.254415 
v 0.490395 105.161 0.0773139 
v 0.620296 105.259 0.390214 
v 0.255997 105.073 0.427114 
v 0.266697 105.118 0.252614 
v -0.424206 105.159 0.572315 
v -0.451504 105.317 0.137214 
v -0.255703 105.207 0.0915141 
v -0.758404 104.367 0.0355144 
v -0.702404 104.347 0.0850139 
v -0.652603 104.123 0.236213 
v -0.271206 105.277 -0.0536866 
v -0.265106 105.166 0.077415 
v -0.211605 105.104 0.0592151 
v 0.266697 105.118 0.252614 
v 0.531593 105.109 -0.0116849 
v 0.620296 105.259 0.390214 
v -0.560505 104.833 -0.441586 
v -0.546703 104.796 -0.369986 
v -0.826706 104.415 -0.340186 
v -0.424206 105.159 0.572315 
v -0.734406 105.375 0.480415 
v -0.451504 105.317 0.137214 
v -0.540005 105.267 0.358015 
v -0.454403 105.142 0.128015 
v -0.522903 105.185 0.0607142 
v -0.238007 105.215 0.893215 
v -0.405804 105.216 0.664014 
v -0.477806 105.277 0.711214 
v -0.0558052 105.305 0.287014 
v -0.00780487 105.244 0.278715 
v 0.243996 105.294 0.616214 
v -0.321003 104.663 0.554214 
v -0.457706 104.608 0.592815 
v -0.637806 104.817 0.335414 
v 0.688293 105.159 0.173414 
v 0.705494 105.341 0.370714 
v 0.309994 105.317 0.390113 
v -0.329205 104.93 -0.357586 
v -0.237904 104.934 -0.410086 
v 0.0165939 105.075 0.479414 
v -0.250607 105.161 0.437213 
v -0.188904 105.109 0.513414 
v -0.308907 105.118 0.159013 
v -0.308907 105.118 0.159013 
v -0.331005 105.167 0.199714 
v -0.250607 105.161 0.437213 
v -0.314705 104.573 -0.766085 
v -0.366306 104.477 -0.853785 
v -0.113205 104.94 -0.659087 
v -0.211605 105.104 0.0592151 
v -0.265106 105.166 0.077415 
v -0.416206 105.128 0.255514 
v -0.416206 105.128 0.255514 
v -0.437206 105.047 0.324914 
v -0.211605 105.104 0.0592151 
v 0.155697 105.206 0.740415 
v 0.158497 105.225 0.864614 
v -0.239803 105.032 0.810415 
v -0.280106 105.166 0.576213 
v 0.174397 105.095 0.332315 
v 0.227097 105.149 0.510314 
v -0.237904 104.934 -0.410086 
v -0.138905 105.005 -0.445986 
v 0.0165939 105.075 0.479414 
v -0.138905 105.005 -0.445986 
v -0.0351067 105.007 -0.464186 
v 0.0165939 105.075 0.479414 
v 0.0701942 105.007 -0.464186 
v 0.0701942 105.007 -0.464186 
v 0.173996 105.005 -0.445986 
v -0.211605 105.104 0.0592151 
v -0.302505 105.244 -0.221886 
v -0.271206 105.277 -0.0536866 
v 0.217094 104.376 0.741514 
v 0.114895 104.594 0.600414 
v 0.511494 104.502 0.455215 
v -0.157104 105.078 0.725515 
v -0.201603 105.003 0.743614 
v -0.239803 105.032 0.810415 
v -0.255703 105.207 0.0915141 
v -0.250404 105.076 0.596014 
v -0.424206 105.159 0.572315 
v -0.477604 104.846 -0.190485 
v -0.409904 104.902 -0.284285 
v 0.0165939 105.075 0.479414 
v -0.329205 104.93 -0.357586 
v 0.0165939 105.075 0.479414 
v 0.173996 105.005 -0.445986 
v 0.272995 104.934 -0.410086 
v 0.0165939 105.075 0.479414 
v 0.364296 104.93 -0.357586 
v 0.444996 104.902 -0.284285 
v 0.0165939 105.075 0.479414 
v -0.335403 105.246 0.976015 
v -0.477806 105.277 0.711214 
v -0.514206 105.384 0.942914 
v -0.745705 104.534 -0.0113854 
v -0.641804 104.682 -0.0577855 
v -0.612404 104.649 0.0173144 
v 0.192795 104.727 0.580015 
v 0.407993 104.64 0.409614 
v 0.425694 104.624 0.321815 
v -0.637806 104.817 0.335414 
v -0.477806 104.924 0.264814 
v -0.321003 104.663 0.554214 
v -0.691505 104.83 -0.472685 
v -0.808006 104.717 -0.548586 
v -0.535206 105.066 -0.440686 
v -0.566303 104.703 0.256814 
v -0.584606 104.702 0.154415 
v 0.0165939 105.075 0.479414 
v 0.514294 105.26 -0.423586 
v 0.457394 105.29 -0.220686 
v 0.399696 105.237 -0.261685 
v -0.471504 105.187 0.624815 
v -0.405804 105.216 0.664014 
v -0.287006 105.122 0.583614 
v -0.302505 105.244 -0.221886 
v -0.625206 105.294 -0.0217862 
v -0.647804 105.322 -0.130085 
v -0.192806 105.079 0.579315 
v 0.0718956 105.127 0.318914 
v 0.155697 105.206 0.740415 
v 0.00799561 105.153 0.00481367 
v 0.218594 105.134 -0.283585 
v 0.297394 105.067 -0.204386 
v -0.366604 105.237 -0.263485 
v -0.424404 105.29 -0.222685 
v -0.480503 105.26 -0.425887 
v 0.619797 104.702 0.154415 
v 0.601494 104.703 0.256814 
v 0.0165939 105.075 0.479414 
v 0.134094 105.104 0.209314 
v 0.472095 105.047 0.294315 
v 0.243996 105.294 0.616214 
v -0.566704 104.729 0.290115 
v -0.573704 104.801 0.349313 
v -0.657604 104.591 0.277315 
v -0.588703 105.259 0.415514 
v -0.460804 105.073 0.0724139 
v -0.308907 105.118 0.159013 
v 0.444996 104.902 -0.284285 
v 0.512695 104.846 -0.190485 
v 0.0165939 105.075 0.479414 
v 0.119095 105.067 -0.334486 
v 0.152695 105.053 -0.437186 
v 0.282295 104.987 -0.370886 
v 0.243996 105.294 0.616214 
v -0.00780487 105.244 0.278715 
v 0.134094 105.104 0.209314 
v 0.194595 105.206 -0.341385 
v -0.239506 105.21 -0.306786 
v 0.280796 105.222 -0.425585 
v 0.515194 104.801 -0.0649858 
v 0.601494 104.721 0.0271144 
v 0.0165939 105.075 0.479414 
v 0.601494 104.721 0.0271144 
v 0.619797 104.685 0.148115 
v 0.0165939 105.075 0.479414 
v -0.506504 104.662 0.153915 
v -0.477604 104.846 -0.190485 
v 0.0165939 105.075 0.479414 
v -0.717304 104.748 -0.109187 
v -0.938705 104.34 -0.381186 
v -0.826706 104.415 -0.340186 
v 0.225494 105.146 -0.0555863 
v 0.194595 105.206 -0.341385 
v 0.280796 105.222 -0.425585 
v -0.0897064 105.164 -0.315085 
v -0.175304 105.231 -0.285786 
v -0.0241051 105.076 -0.630385 
v 0.219093 105.116 0.487915 
v 0.272896 105.185 0.487813 
v 0.302895 105.142 0.396715 
v -0.517204 105.153 -0.571785 
v -0.463306 105.09 -0.556885 
v -0.413605 105.206 -0.419186 
v -0.499104 105.116 0.0125136 
v -0.522903 105.185 0.0607142 
v -0.454403 105.142 0.128015 
v 0.551895 105.153 -0.569285 
v 0.514294 105.26 -0.423586 
v 0.447395 105.206 -0.417286 
v 0.399696 105.237 -0.261685 
v 0.514294 105.26 -0.423586 
v -0.287006 105.122 0.583614 
v -0.324806 105.068 0.533714 
v -0.471504 105.187 0.624815 
v 0.688293 105.159 0.173414 
v 0.309994 105.317 0.390113 
v 0.182495 105.207 0.234514 
v 0.00799561 105.153 0.00481367 
v 0.117596 105.067 0.344715 
v 0.00719452 105.067 0.362014 
v -0.275604 104.917 -0.563185 
v -0.412506 104.737 -0.543385 
v -0.413506 104.739 -0.623187 
v 0.00799561 105.153 0.00481367 
v -0.103104 105.067 0.344215 
v -0.202606 105.067 0.293314 
v 0.00909424 105.093 -0.460286 
v 0.152695 105.053 -0.437186 
v 0.119095 105.067 -0.334486 
v -0.357105 104.053 0.420715 
v -0.388905 104.153 0.353815 
v -0.280907 104.139 0.462814 
v 0.512695 104.846 -0.190485 
v 0.515194 104.801 -0.0649858 
v 0.0165939 105.075 0.479414 
v 0.00799561 105.153 0.00481367 
v 0.00719452 105.067 0.362014 
v -0.103104 105.067 0.344215 
v -0.136806 104.987 0.446914 
v 0.00699615 104.987 0.470014 
v -0.136806 104.987 0.446914 
v 0.00799561 105.153 0.00481367 
v 0.00889587 105.142 -0.352286 
v 0.119095 105.067 -0.334486 
v -0.535206 105.066 -0.440686 
v -0.533405 105.008 -0.380385 
v -0.691505 104.83 -0.472685 
v 0.00799561 105.153 0.00481367 
v -0.202606 105.067 0.293314 
v -0.281506 105.067 0.214115 
v 0.432396 104.739 -0.621186 
v 0.430996 104.737 -0.541485 
v 0.294094 104.917 -0.561886 
v -0.480503 105.26 -0.425887 
v -0.413605 105.206 -0.419186 
v -0.366604 105.237 -0.263485 
v -0.480503 105.26 -0.425887 
v -0.517204 105.153 -0.571785 
v 0.294895 104.139 0.464115 
v 0.403194 104.153 0.355613 
v 0.371296 104.053 0.422313 
v 0.00799561 105.153 0.00481367 
v 0.217297 105.067 0.294315 
v 0.117596 105.067 0.344715 
v 0.280594 104.987 0.381814 
v 0.296394 105.067 0.215414 
v -0.530304 104.69 0.356414 
v -0.566303 104.703 0.256814 
v 0.0165939 105.075 0.479414 
v 0.00799561 105.153 0.00481367 
v -0.331905 105.067 0.114414 
v -0.349205 105.067 0.00401449 
v -0.280506 105.067 -0.205685 
v -0.201305 105.134 -0.284485 
v 0.225494 105.146 -0.0555863 
v -0.290203 105.177 -0.065186 
v -0.239506 105.21 -0.306786 
v 0.00799561 105.153 0.00481367 
v -0.281506 105.067 0.214115 
v -0.331905 105.067 0.114414 
v 0.00799561 105.153 0.00481367 
v 0.296394 105.067 0.215414 
v 0.217297 105.067 0.294315 
v 0.280594 104.987 0.381814 
v 0.150696 104.987 0.447614 
v 0.163494 104.845 0.487615 
v -0.758404 104.367 0.0355144 
v -0.745705 104.534 -0.0113854 
v -0.687603 104.527 0.0508151 
v -0.612404 104.649 0.0173144 
v -0.745705 104.534 -0.0113854 
v 0.0831947 104.522 0.666614 
v -0.00850296 104.375 0.717914 
v -0.223705 104.298 0.690814 
v 0.174397 105.095 0.332315 
v -0.280106 105.166 0.576213 
v -0.354004 105.2 0.340715 
v 0.601494 104.703 0.256814 
v 0.565395 104.69 0.356414 
v 0.0165939 105.075 0.479414 
v 0.00799561 105.153 0.00481367 
v 0.365097 105.067 0.00571394 
v 0.347397 105.067 0.116014 
v -0.582806 104.364 -0.312087 
v -0.646107 104.239 -0.293986 
v -0.413506 104.739 -0.623187 
v 0.00799561 105.153 0.00481367 
v 0.347397 105.067 0.116014 
v 0.296394 105.067 0.215414 
v 0.383694 104.987 0.279113 
v 0.296394 105.067 0.215414 
v 0.690594 104.312 0.0209136 
v 0.774696 104.091 0.183713 
v 0.611694 104.259 0.385414 
v 0.182495 105.207 0.234514 
v 0.632793 105.076 0.00701475 
v 0.688293 105.159 0.173414 
v 0.541393 104.672 -0.764185 
v 0.593494 104.576 -0.851586 
v 0.551895 105.153 -0.569285 
v 0.339893 105.145 -0.535086 
v 0.245796 105.239 -0.206786 
v 0.192394 105.169 -0.262187 
v 0.432396 104.739 -0.621186 
v 0.663494 104.239 -0.290986 
v 0.600296 104.364 -0.309386 
v -0.477604 104.68 0.444913 
v -0.530304 104.69 0.356414 
v 0.0165939 105.075 0.479414 
v 0.00799561 105.153 0.00481367 
v -0.331406 105.067 -0.106286 
v -0.280506 105.067 -0.205685 
v -0.349205 105.067 0.00401449 
v -0.724106 104.796 -0.142987 
v -0.765503 104.831 -0.203187 
v -0.655304 104.995 -0.178486 
v 0.00889587 105.142 -0.352286 
v 0.00799561 105.153 0.00481367 
v -0.101604 105.134 -0.334986 
v 0.192394 105.169 -0.262187 
v 0.263794 105.108 -0.501086 
v 0.339893 105.145 -0.535086 
v 0.00799561 105.153 0.00481367 
v 0.297394 105.067 -0.204386 
v 0.347897 105.067 -0.104685 
v 0.365097 105.067 0.00571394 
v 0.00799561 105.153 0.00481367 
v -0.201305 105.134 -0.284485 
v -0.101604 105.134 -0.334986 
v -0.302505 105.244 -0.221886 
v -0.288605 105.305 -0.268586 
v -0.364006 105.348 -0.255085 
v 0.271896 104.65 0.625015 
v 0.228794 104.545 0.725914 
v -0.126503 104.672 0.733613 
v 0.152596 105.01 0.779514 
v -0.128407 105.057 0.443614 
v 0.407894 105.188 0.409814 
v -0.354004 105.2 0.340715 
v 0.0415955 105.214 -0.0174851 
v 0.174397 105.095 0.332315 
v -0.103104 105.067 0.344215 
v -0.136806 104.987 0.446914 
v -0.266304 104.987 0.380615 
v -0.517204 105.153 -0.571785 
v -0.557606 104.576 -0.854186 
v -0.505905 104.672 -0.766587 
v 0.150696 104.987 0.447614 
v 0.117596 105.067 0.344715 
v 0.217297 105.067 0.294315 
v 0.00799561 105.153 0.00481367 
v 0.119095 105.067 -0.334486 
v 0.218594 105.134 -0.283585 
v 0.565395 104.69 0.356414 
v 0.512695 104.68 0.444913 
v 0.0165939 105.075 0.479414 
v -0.687603 104.527 0.0508151 
v -0.702404 104.347 0.0850139 
v -0.758404 104.367 0.0355144 
v 0.447395 105.206 -0.417286 
v 0.497795 105.09 -0.554686 
v 0.551895 105.153 -0.569285 
v 0.551895 105.153 -0.569285 
v 0.541393 104.672 -0.764185 
v -0.221207 105.186 0.966814 
v -0.309204 105.197 1.03811 
v -0.521706 105.243 0.642913 
v 0.156895 105.322 0.684215 
v -0.206703 105.536 0.723014 
v -0.0558052 105.305 0.287014 
v -0.0241051 105.076 -0.630385 
v 0.0342941 105.061 -0.564986 
v -0.0897064 105.164 -0.315085 
v 0.117596 105.067 0.344715 
v 0.150696 104.987 0.447614 
v 0.00699615 104.987 0.470014 
v 0.00689697 104.845 0.512115 
v 0.150696 104.987 0.447614 
v 0.00699615 104.987 0.470014 
v 0.00719452 105.067 0.362014 
v -0.140503 104.59 0.598613 
v -0.193005 104.421 0.661714 
v -0.503006 104.555 0.421314 
v 0.296394 105.067 0.215414 
v 0.383694 104.987 0.279113 
v 0.280594 104.987 0.381814 
v -0.250404 105.076 0.596014 
v -0.255703 105.207 0.0915141 
v -0.00980377 105.201 0.130214 
v -0.369003 104.987 0.277414 
v -0.281506 105.067 0.214115 
v -0.202606 105.067 0.293314 
v -0.266304 104.987 0.380615 
v -0.103104 105.067 0.344215 
v -0.202606 105.067 0.293314 
v -0.266304 104.987 0.380615 
v -0.290905 104.846 0.414613 
v -0.402805 104.847 0.302215 
v -0.369003 104.987 0.277414 
v -0.434803 104.987 0.147615 
v -0.331905 105.067 0.114414 
v -0.457207 104.987 0.00381422 
v 0.588997 104.645 -0.060885 
v 0.689297 104.512 -0.0197854 
v 0.599495 104.569 0.391315 
v -0.00980377 105.201 0.130214 
v 0.134296 105.136 0.640314 
v -0.250404 105.076 0.596014 
v -0.413506 104.739 -0.623187 
v -0.412506 104.737 -0.543385 
v -0.582806 104.364 -0.312087 
v 0.039196 104.94 -0.658686 
v 0.386196 104.477 -0.852086 
v 0.334194 104.573 -0.764586 
v 0.0432968 104.517 0.627714 
v 0.0206947 104.342 0.692415 
v -0.372906 104.449 0.593713 
v 0.225796 105.22 -0.271885 
v 0.0380936 105.22 -0.307986 
v 0.0347939 105.213 -0.298087 
v 0.210495 105.25 -0.281685 
v -0.329205 104.58 0.571514 
v -0.409904 104.594 0.506214 
v 0.0165939 105.075 0.479414 
v 0.173996 104.562 0.657114 
v 0.0701942 104.558 0.674715 
v 0.600296 104.364 -0.309386 
v 0.430996 104.737 -0.541485 
v 0.432396 104.739 -0.621186 
v 0.184395 105.2 0.125413 
v -0.266506 105.302 0.145515 
v -0.290203 105.177 -0.065186 
v -0.671307 104.345 0.122514 
v -0.758404 104.367 0.0355144 
v -0.702206 104.507 0.0439143 
v -0.665806 104.37 0.290615 
v -0.684704 103.986 0.243215 
v -0.652603 104.123 0.236213 
v -0.434803 104.987 0.147615 
v -0.331905 105.067 0.114414 
v -0.281506 105.067 0.214115 
v 0.107197 105.215 -0.314686 
v -0.108906 105.061 -0.565285 
v -0.0513039 105.08 -0.629185 
v -0.0719032 105.191 -0.519486 
v 0.0891953 105.221 -0.350186 
v -0.0841064 105.19 -0.315085 
v 0.245995 104.974 0.454414 
v 0.332195 104.844 0.539215 
v 0.282795 104.878 0.586214 
v 0.108597 105.201 -0.00318575 
v 0.502697 105.136 -0.357586 
v 0.632793 105.076 0.00701475 
v -0.290203 105.177 -0.065186 
v 0.225494 105.146 -0.0555863 
v 0.184395 105.2 0.125413 
v 0.347397 105.067 0.116014 
v 0.450096 104.987 0.149614 
v 0.383694 104.987 0.279113 
v -0.0592041 105.083 0.634414 
v 0.0151939 105.009 0.609514 
v -0.324806 105.068 0.533714 
v 0.511494 104.502 0.455215 
v 0.526794 104.363 0.527515 
v 0.217094 104.376 0.741514 
v 0.503593 105.366 -0.261487 
v 0.860897 105.185 -0.0684857 
v 0.441994 105.186 0.108814 
v -0.640503 104.604 0.234113 
v -0.573303 104.592 0.272113 
v -0.627007 104.425 0.278715 
v -0.149803 104.845 0.486913 
v -0.136806 104.987 0.446914 
v 0.00699615 104.987 0.470014 
v -0.671307 104.345 0.122514 
v -0.639103 104.166 0.151313 
v -0.704105 104.163 0.109113 
v -0.134705 104.998 -0.465685 
v -0.0351067 105.007 -0.464186 
v -0.138905 105.005 -0.445986 
v 0.302895 105.142 0.396715 
v 0.255997 105.073 0.427114 
v 0.219093 105.116 0.487915 
v -0.321404 105.145 -0.536585 
v -0.245506 105.108 -0.502285 
v -0.175304 105.221 -0.263087 
v 0.444996 104.594 0.506214 
v 0.364296 104.58 0.571514 
v 0.0165939 105.075 0.479414 
v -0.138905 105.005 -0.445986 
v -0.231007 105.002 -0.431086 
v -0.134705 104.998 -0.465685 
v 0.0701942 105.007 -0.464186 
v 0.169796 104.998 -0.465685 
v 0.173996 105.005 -0.445986 
v 0.266094 105.002 -0.431086 
v 0.169796 104.998 -0.465685 
v -0.457207 104.987 0.00381422 
v -0.349205 105.067 0.00401449 
v -0.331905 105.067 0.114414 
v 0.184395 105.2 0.125413 
v 0.093895 105.216 0.505014 
v -0.266506 105.302 0.145515 
v 0.632793 105.076 0.00701475 
v 0.182495 105.207 0.234514 
v 0.108597 105.201 -0.00318575 
v -0.505905 104.672 -0.766587 
v -0.463306 105.09 -0.556885 
v -0.517204 105.153 -0.571785 
v -0.237904 104.569 0.622314 
v -0.329205 104.58 0.571514 
v 0.0165939 105.075 0.479414 
v 0.450096 104.987 0.149614 
v 0.347397 105.067 0.116014 
v 0.365097 105.067 0.00571394 
v -0.290905 104.846 0.414613 
v -0.266304 104.987 0.380615 
v -0.136806 104.987 0.446914 
v -0.136806 104.987 0.446914 
v -0.149803 104.845 0.486913 
v -0.290905 104.846 0.414613 
v 0.455597 104.5 0.452415 
v 0.470695 104.325 0.519014 
v 0.117496 104.459 0.703115 
v -0.409904 104.594 0.506214 
v -0.477604 104.68 0.444913 
v 0.0165939 105.075 0.479414 
v 0.00699615 104.987 0.470014 
v 0.00689697 104.845 0.512115 
v -0.149803 104.845 0.486913 
v -0.145004 104.13 0.533714 
v 0.00689697 104.845 0.512115 
v 0.00689697 104.845 0.512115 
v 0.00679398 104.127 0.558713 
v 0.279896 104.716 0.682615 
v 0.294994 104.282 0.907415 
v 0.269596 104.312 0.888114 
v 0.280594 104.987 0.381814 
v 0.304996 104.846 0.416013 
v 0.163494 104.845 0.487615 
v -0.454403 105.142 0.128015 
v -0.460804 105.073 0.0724139 
v -0.499104 105.116 0.0125136 
v 0.150696 104.987 0.447614 
v 0.163494 104.845 0.487615 
v 0.00689697 104.845 0.512115 
v 0.158497 104.13 0.534414 
v 0.00679398 104.127 0.558713 
v 0.00689697 104.845 0.512115 
v -0.826706 104.415 -0.340186 
v -0.651707 104.739 -0.147187 
v -0.717304 104.748 -0.109187 
v 0.364296 104.58 0.571514 
v 0.272995 104.569 0.622314 
v 0.0165939 105.075 0.479414 
v -0.621605 104.514 -0.327586 
v -0.691303 104.392 -0.325686 
v -0.406406 104.901 -0.591486 
v 0.441994 105.186 0.108814 
v 0.246895 105.219 0.0828147 
v 0.463493 105.209 -0.252985 
v -0.444504 105.204 -0.354386 
v -0.296806 105.278 -0.219786 
v -0.347305 105.217 -0.180586 
v 0.0342941 105.061 -0.564986 
v 0.263794 105.108 -0.501086 
v 0.192394 105.169 -0.262187 
v 0.512695 104.68 0.444913 
v 0.444996 104.594 0.506214 
v 0.0165939 105.075 0.479414 
v 0.500294 105.374 -0.179286 
v 0.503593 105.366 -0.261487 
v 0.463493 105.209 -0.252985 
v -0.138905 104.562 0.657114 
v -0.237904 104.569 0.622314 
v 0.0165939 105.075 0.479414 
v -0.0351067 104.558 0.674715 
v -0.138905 104.562 0.657114 
v 0.334194 104.573 -0.764586 
v 0.386196 104.477 -0.852086 
v 0.344296 105.048 -0.563487 
v 0.479794 105.074 0.498815 
v 0.254395 105.149 0.438314 
v 0.489594 105.163 0.0497146 
v 0.425095 104.901 -0.589587 
v 0.708794 104.392 -0.322485 
v 0.639095 104.514 -0.324687 
v -0.279903 105.092 -0.597886 
v -0.111504 105.261 -0.522187 
v -0.167305 105.208 -0.463187 
v -0.434105 104.987 -0.139885 
v -0.331406 105.067 -0.106286 
v -0.349205 105.067 0.00401449 
v 0.272995 104.569 0.622314 
v 0.173996 104.562 0.657114 
v 0.0165939 105.075 0.479414 
v 0.365097 105.067 0.00571394 
v 0.473095 104.987 0.00591421 
v 0.450096 104.987 0.149614 
v 0.417294 104.847 0.304115 
v 0.383694 104.987 0.279113 
v 0.473095 104.987 0.00591421 
v 0.347897 105.067 -0.104685 
v -0.457104 105.151 -0.286686 
v -0.533405 105.008 -0.380385 
v -0.535206 105.066 -0.440686 
v -0.628605 104.565 0.282314 
v -0.687603 104.527 0.0508151 
v -0.612404 104.649 0.0173144 
v 0.119095 105.067 -0.334486 
v 0.00889587 105.142 -0.352286 
v 0.00909424 105.093 -0.460286 
v 0.243996 105.294 0.616214 
v 0.156895 105.322 0.684215 
v -0.0558052 105.305 0.287014 
v -0.325806 105.048 -0.564986 
v -0.366306 104.477 -0.853785 
v -0.314705 104.573 -0.766085 
v -0.402805 104.847 0.302215 
v -0.369003 104.987 0.277414 
v -0.266304 104.987 0.380615 
v -0.149803 104.845 0.486913 
v -0.145004 104.13 0.533714 
v -0.280907 104.139 0.462814 
v -0.280907 104.139 0.462814 
v -0.290905 104.846 0.414613 
v -0.149803 104.845 0.486913 
v 0.347897 105.067 -0.104685 
v 0.450794 104.987 -0.137887 
v 0.473095 104.987 0.00591421 
v 0.0701942 104.558 0.674715 
v -0.0351067 104.558 0.674715 
v 0.0165939 105.075 0.479414 
v 0.185394 105.208 -0.462386 
v 0.129795 105.261 -0.521685 
v 0.298595 105.092 -0.596486 
v -0.349205 105.067 0.00401449 
v -0.457207 104.987 0.00381422 
v -0.434105 104.987 -0.139885 
v -0.331406 105.067 -0.106286 
v -0.367706 104.987 -0.269387 
v -0.406406 104.901 -0.591486 
v -0.279903 105.092 -0.597886 
v -0.296703 105.077 -0.517386 
v -0.167305 105.208 -0.463187 
v -0.279903 105.092 -0.597886 
v -0.296703 105.077 -0.517386 
v -0.414307 104.893 -0.511185 
v -0.406406 104.901 -0.591486 
v 0.163494 104.845 0.487615 
v 0.304996 104.846 0.416013 
v 0.294895 104.139 0.464115 
v 0.294895 104.139 0.464115 
v 0.158497 104.13 0.534414 
v 0.163494 104.845 0.487615 
v 0.383694 104.987 0.279113 
v 0.417294 104.847 0.304115 
v 0.304996 104.846 0.416013 
v 0.304996 104.846 0.416013 
v 0.280594 104.987 0.381814 
v 0.383694 104.987 0.279113 
v -0.655304 104.995 -0.178486 
v -0.616505 104.974 -0.106585 
v -0.724106 104.796 -0.142987 
v -0.514904 105.198 0.0519137 
v -0.546703 105.249 0.127214 
v -0.691303 105.111 -0.0208859 
v -0.139706 105.159 -0.481886 
v -0.0841064 105.19 -0.315085 
v -0.366604 105.237 -0.263485 
v -0.413506 104.739 -0.623187 
v -0.252804 104.919 -0.633687 
v -0.275604 104.917 -0.563185 
v 0.298595 105.092 -0.596486 
v 0.314995 105.077 -0.515887 
v 0.185394 105.208 -0.462386 
v 0.298595 105.092 -0.596486 
v 0.425095 104.901 -0.589587 
v -0.405804 105.216 0.664014 
v -0.471504 105.187 0.624815 
v -0.521706 105.243 0.642913 
v -0.347305 105.217 -0.180586 
v -0.457104 105.151 -0.286686 
v -0.444504 105.204 -0.354386 
v -0.535206 105.066 -0.440686 
v -0.444504 105.204 -0.354386 
v 0.425095 104.901 -0.589587 
v 0.432594 104.893 -0.509186 
v 0.314995 105.077 -0.515887 
v 0.173897 105.159 -0.481186 
v 0.447395 105.206 -0.417286 
v 0.399696 105.237 -0.261685 
v -0.652603 104.123 0.236213 
v -0.684704 103.986 0.243215 
v -0.758404 104.367 0.0355144 
v 0.294094 104.917 -0.561886 
v 0.271694 104.919 -0.632485 
v 0.432396 104.739 -0.621186 
v 0.155697 105.206 0.740415 
v -0.201603 105.003 0.743614 
v -0.192806 105.079 0.579315 
v -0.367706 104.987 -0.269387 
v -0.280506 105.067 -0.205685 
v -0.331406 105.067 -0.106286 
v 0.332195 104.844 0.539215 
v 0.326595 104.718 0.631614 
v -0.0197067 104.767 0.771814 
v 0.277996 104.843 0.525014 
v 0.271896 104.65 0.625015 
v -0.105804 104.844 0.702215 
v -0.616505 104.974 -0.106585 
v -0.655304 104.995 -0.178486 
v -0.562004 105.155 -0.114586 
v 0.228794 104.545 0.725914 
v -0.125904 104.106 1.00971 
v -0.126503 104.672 0.733613 
v 0.450794 104.987 -0.137887 
v 0.347897 105.067 -0.104685 
v 0.297394 105.067 -0.204386 
v -0.388905 104.153 0.353815 
v -0.402805 104.847 0.302215 
v -0.290905 104.846 0.414613 
v -0.503006 104.555 0.421314 
v -0.457005 104.782 0.395214 
v -0.140503 104.59 0.598613 
v -0.406406 104.901 -0.591486 
v -0.414307 104.893 -0.511185 
v -0.621605 104.514 -0.327586 
v 0.0510941 105.072 0.620414 
v -0.187206 104.926 0.773214 
v -0.582706 104.967 0.624214 
v 0.637196 104.587 0.193214 
v 0.675694 104.414 0.256515 
v 0.410294 104.582 0.528715 
v -0.691303 105.111 -0.0208859 
v -0.622505 105.089 -0.0631852 
v -0.514904 105.198 0.0519137 
v -0.691303 105.111 -0.0208859 
v -0.748905 104.937 -0.156886 
v 0.0687943 104.996 -0.483286 
v -0.0351067 105.007 -0.464186 
v -0.0337067 104.996 -0.483286 
v -0.0351067 105.007 -0.464186 
v 0.0687943 104.996 -0.483286 
v 0.0701942 105.007 -0.464186 
v -0.290905 104.846 0.414613 
v -0.280907 104.139 0.462814 
v -0.388905 104.153 0.353815 
v -0.259903 104.032 0.460214 
v -0.357105 104.053 0.420715 
v -0.474403 104.848 0.160715 
v -0.434803 104.987 0.147615 
v -0.369003 104.987 0.277414 
v -0.442104 105.114 -0.142485 
v -0.380203 104.799 -0.215886 
v -0.429707 105.044 -0.314686 
v 0.297394 105.067 -0.204386 
v 0.384995 104.987 -0.267685 
v 0.450794 104.987 -0.137887 
v 0.282295 104.987 -0.370886 
v 0.297394 105.067 -0.204386 
v 0.304996 104.846 0.416013 
v 0.417294 104.847 0.304115 
v 0.403194 104.153 0.355613 
v -0.550507 105.018 -0.0478864 
v -0.506504 104.662 0.153915 
v -0.566303 104.721 0.0271144 
v -0.0351067 105.007 -0.464186 
v -0.134705 104.998 -0.465685 
v -0.0337067 104.996 -0.483286 
v 0.489594 105.163 0.0497146 
v 0.613995 105.089 0.156515 
v 0.479794 105.074 0.498815 
v 0.169796 104.998 -0.465685 
v 0.0701942 105.007 -0.464186 
v 0.0687943 104.996 -0.483286 
v -0.0128059 103.87 0.722515 
v -0.297405 104.248 0.709514 
v -0.223705 104.298 0.690814 
v 0.639095 104.514 -0.324687 
v 0.432594 104.893 -0.509186 
v 0.425095 104.901 -0.589587 
v 0.403194 104.153 0.355613 
v 0.294895 104.139 0.464115 
v 0.304996 104.846 0.416013 
v 0.371296 104.053 0.422313 
v 0.273796 104.032 0.461414 
v -0.704105 104.163 0.109113 
v -0.758404 104.367 0.0355144 
v -0.671307 104.345 0.122514 
v -0.457706 104.608 0.592815 
v -0.746605 104.421 0.519115 
v -0.637806 104.817 0.335414 
v -0.727703 104.741 0.100614 
v -0.770905 104.749 0.160215 
v -0.757004 104.49 -0.128087 
v -0.223705 104.298 0.690814 
v -0.297405 104.248 0.709514 
v -0.269306 104.57 0.660413 
v -0.280506 105.067 -0.205685 
v -0.367706 104.987 -0.269387 
v -0.264606 104.987 -0.372086 
v 0.117496 105.232 -0.314686 
v 0.0361938 105.231 -0.299685 
v 0.106094 105.191 -0.519085 
v -0.175304 105.221 -0.263087 
v -0.228905 105.253 -0.207886 
v -0.321404 105.145 -0.536585 
v 0.192394 105.169 -0.262187 
v -0.0897064 105.164 -0.315085 
v 0.0342941 105.061 -0.564986 
v -0.252804 104.919 -0.633687 
v -0.199306 105.101 -0.580986 
v -0.225105 105.062 -0.529786 
v 0.407894 105.188 0.409814 
v 0.511993 105.09 0.565013 
v 0.152596 105.01 0.779514 
v -0.433804 104.341 0.527515 
v -0.607407 104.268 0.362813 
v -0.627007 104.425 0.278715 
v -0.0841064 105.19 -0.315085 
v -0.139706 105.159 -0.481886 
v -0.0719032 105.191 -0.519486 
v -0.167503 105.046 -0.665486 
v -0.0719032 105.191 -0.519486 
v -0.748905 104.937 -0.156886 
v -0.676506 104.921 -0.190186 
v -0.622505 105.089 -0.0631852 
v -0.385303 103.932 0.568614 
v -0.401905 103.861 0.570613 
v -0.686604 104.264 0.349014 
v -0.302303 105.101 0.503715 
v -0.443405 104.99 0.591114 
v -0.666103 105.023 0.231214 
v -0.223705 104.298 0.690814 
v -0.337704 104.563 0.628814 
v 0.0831947 104.522 0.666614 
v -0.526806 104.973 -0.324385 
v -0.546703 104.796 -0.369986 
v -0.560505 104.833 -0.441586 
v 0.243595 105.062 -0.528685 
v 0.217995 105.101 -0.580086 
v 0.271694 104.919 -0.632485 
v 0.511993 105.09 0.565013 
v 0.582497 105.006 0.676115 
v 0.280594 104.89 0.874115 
v -0.372906 104.449 0.593713 
v -0.351204 104.679 0.569314 
v 0.0432968 104.517 0.627714 
v -0.388905 104.153 0.353815 
v -0.357105 104.053 0.420715 
v -0.421906 104.081 0.294713 
v -0.421906 104.081 0.294713 
v -0.460506 104.17 0.217414 
v -0.388905 104.153 0.353815 
v 0.326595 104.718 0.631614 
v 0.269596 104.312 0.888114 
v -0.0197067 104.767 0.771814 
v 0.00909424 105.093 -0.460286 
v 0.00889587 105.142 -0.352286 
v -0.101604 105.134 -0.334986 
v 0.450096 104.987 0.149614 
v 0.489697 104.848 0.162914 
v 0.417294 104.847 0.304115 
v 0.489697 104.848 0.162914 
v 0.475395 104.17 0.219514 
v 0.475395 104.17 0.219514 
v 0.403194 104.153 0.355613 
v -0.402805 104.847 0.302215 
v -0.388905 104.153 0.353815 
v -0.460506 104.17 0.217414 
v -0.460506 104.17 0.217414 
v -0.474403 104.848 0.160715 
v -0.526806 104.973 -0.324385 
v -0.533405 104.997 -0.405587 
v -0.457207 105.153 -0.315485 
v 0.436596 104.081 0.296714 
v 0.371296 104.053 0.422313 
v 0.403194 104.153 0.355613 
v -0.264606 104.987 -0.372086 
v -0.201305 105.134 -0.284485 
v -0.280506 105.067 -0.205685 
v -0.105804 104.844 0.702215 
v -0.0748062 105.065 0.638013 
v 0.277996 104.843 0.525014 
v 0.599495 104.569 0.391315 
v 0.518894 104.764 0.346014 
v 0.588997 104.645 -0.060885 
v 0.00679398 104.127 0.558713 
v 0.00679398 104.017 0.553615 
v -0.134903 104.02 0.529113 
v 0.403194 104.153 0.355613 
v 0.475395 104.17 0.219514 
v 0.436596 104.081 0.296714 
v 0.148396 104.02 0.529813 
v 0.00679398 104.017 0.553615 
v 0.00679398 104.127 0.558713 
v -0.702206 104.507 0.0439143 
v -0.592304 104.449 0.335014 
v -0.758404 104.367 0.0355144 
v -0.0197067 104.767 0.771814 
v -0.0463066 104.953 0.699813 
v 0.332195 104.844 0.539215 
v -0.434803 104.987 0.147615 
v -0.474403 104.848 0.160715 
v -0.500404 104.848 0.00361395 
v -0.457207 104.987 0.00381422 
v 0.557095 104.86 0.319715 
v 0.758194 104.316 0.580915 
v 0.357296 104.794 0.626514 
v -0.770905 104.749 0.160215 
v -0.727703 104.741 0.100614 
v -0.627804 104.947 0.168914 
v 0.297394 105.067 -0.204386 
v 0.218594 105.134 -0.283585 
v 0.282295 104.987 -0.370886 
v -0.134903 104.02 0.529113 
v -0.145004 104.13 0.533714 
v 0.00679398 104.127 0.558713 
v -0.369003 104.987 0.277414 
v -0.402805 104.847 0.302215 
v -0.474403 104.848 0.160715 
v -0.460506 104.17 0.217414 
v -0.487606 104.175 0.0482135 
v 0.00679398 104.127 0.558713 
v 0.158497 104.13 0.534414 
v 0.148396 104.02 0.529813 
v -0.562004 105.155 -0.114586 
v -0.548206 105.106 -0.0543866 
v -0.616505 104.974 -0.106585 
v -0.627804 104.947 0.168914 
v -0.672306 104.956 0.232614 
v -0.770905 104.749 0.160215 
v -0.765503 104.831 -0.203187 
v -0.724106 104.796 -0.142987 
v -0.704105 104.56 -0.127985 
v 0.473095 104.987 0.00591421 
v 0.516296 104.848 0.00591421 
v 0.489697 104.848 0.162914 
v 0.489697 104.848 0.162914 
v 0.450096 104.987 0.149614 
v 0.473095 104.987 0.00591421 
v -0.463406 104.556 0.505914 
v -0.627007 104.425 0.278715 
v -0.573303 104.592 0.272113 
v -0.225105 105.062 -0.529786 
v -0.275604 104.917 -0.563185 
v -0.252804 104.919 -0.633687 
v -0.175304 105.221 -0.263087 
v -0.245506 105.108 -0.502285 
v -0.108906 105.061 -0.565285 
v -0.757004 104.49 -0.128087 
v -0.704105 104.56 -0.127985 
v -0.727703 104.741 0.100614 
v -0.582706 104.967 0.624214 
v -0.343006 105.176 0.485414 
v 0.0510941 105.072 0.620414 
v -0.193005 104.421 0.661714 
v -0.230705 104.273 0.653614 
v -0.510906 104.349 0.420114 
v -0.579105 105.121 0.224514 
v -0.548206 105.106 -0.0543866 
v -0.562004 105.155 -0.114586 
v -0.608105 105.178 0.301614 
v 0.271694 104.919 -0.632485 
v 0.294094 104.917 -0.561886 
v 0.243595 105.062 -0.528685 
v 0.344296 105.048 -0.563487 
v 0.290497 104.991 -0.555186 
v 0.334194 104.573 -0.764586 
v 0.319595 105.18 -0.224286 
v 0.457497 105.089 -0.335686 
v 0.702595 105.074 0.0105147 
v 0.261894 104.663 0.713014 
v 0.122795 104.815 0.688814 
v 0.524197 104.958 0.492115 
v -0.145004 104.13 0.533714 
v -0.134903 104.02 0.529113 
v -0.259903 104.032 0.460214 
v -0.622505 105.089 -0.0631852 
v -0.457104 105.151 -0.286686 
v -0.347305 105.217 -0.180586 
v -0.314705 104.573 -0.766085 
v -0.272003 104.991 -0.556487 
v -0.325806 105.048 -0.564986 
v 0.107197 105.215 -0.314686 
v 0.207794 105.232 -0.278786 
v -0.228905 105.253 -0.207886 
v -0.366604 105.237 -0.263485 
v -0.0841064 105.19 -0.315085 
v 0.0891953 105.221 -0.350186 
v 0.117496 104.459 0.703115 
v 0.131897 104.688 0.666315 
v 0.455597 104.5 0.452415 
v -0.0513039 105.08 -0.629185 
v 0.207794 105.232 -0.278786 
v 0.107197 105.215 -0.314686 
v 0.273796 104.032 0.461414 
v 0.148396 104.02 0.529813 
v 0.158497 104.13 0.534414 
v -0.366604 105.237 -0.263485 
v -0.413605 105.206 -0.419186 
v -0.139706 105.159 -0.481886 
v -0.463306 105.09 -0.556885 
v -0.228905 105.018 -0.619687 
v -0.101604 105.134 -0.334986 
v -0.134804 105.053 -0.437886 
v 0.00909424 105.093 -0.460286 
v -0.560505 104.833 -0.441586 
v -0.533405 104.997 -0.405587 
v -0.526806 104.973 -0.324385 
v 0.508896 105.118 0.304414 
v 0.582497 104.958 0.366514 
v 0.236397 105.012 0.585815 
v -0.487606 104.175 0.0482135 
v -0.500404 104.848 0.00361395 
v -0.474403 104.848 0.160715 
v -0.672306 104.956 0.232614 
v -0.627804 104.947 0.168914 
v -0.579105 105.121 0.224514 
v -0.579105 105.121 0.224514 
v -0.608105 105.178 0.301614 
v -0.672306 104.956 0.232614 
v 0.173897 105.159 -0.481186 
v 0.106094 105.191 -0.519085 
v 0.202595 105.046 -0.664586 
v 0.117496 105.232 -0.314686 
v -0.134804 105.053 -0.437886 
v -0.101604 105.134 -0.334986 
v -0.201305 105.134 -0.284485 
v -0.666103 105.023 0.231214 
v -0.530506 105.198 0.153314 
v -0.302303 105.101 0.503715 
v 0.344296 105.048 -0.563487 
v 0.339893 105.145 -0.535086 
v 0.263794 105.108 -0.501086 
v -0.612404 104.649 0.0173144 
v -0.566704 104.729 0.290115 
v -0.628605 104.565 0.282314 
v -0.434105 104.987 -0.139885 
v -0.457207 104.987 0.00381422 
v -0.500404 104.848 0.00361395 
v -0.245506 105.108 -0.502285 
v -0.321404 105.145 -0.536585 
v -0.325806 105.048 -0.564986 
v -0.126503 104.672 0.733613 
v -0.105804 104.844 0.702215 
v 0.271896 104.65 0.625015 
v 0.489697 104.848 0.162914 
v 0.516296 104.848 0.00591421 
v 0.503296 104.175 0.0504146 
v 0.357296 104.794 0.626514 
v 0.236397 105.012 0.585815 
v 0.582497 104.958 0.366514 
v 0.0342941 105.061 -0.564986 
v -0.0241051 105.076 -0.630385 
v 0.039196 104.94 -0.658686 
v 0.503296 104.175 0.0504146 
v 0.475395 104.17 0.219514 
v 0.489697 104.848 0.162914 
v -0.500404 104.848 0.00361395 
v -0.475605 104.841 -0.153487 
v -0.434105 104.987 -0.139885 
v -0.457207 105.153 -0.315485 
v -0.472305 105.102 -0.253285 
v -0.526806 104.973 -0.324385 
v -0.259903 104.032 0.460214 
v -0.280907 104.139 0.462814 
v -0.145004 104.13 0.533714 
v 0.236397 105.012 0.585815 
v 0.184296 105.235 0.544713 
v 0.508896 105.118 0.304414 
v 0.399696 105.237 -0.261685 
v 0.117496 105.232 -0.314686 
v 0.173897 105.159 -0.481186 
v -0.108906 105.061 -0.565285 
v 0.107197 105.215 -0.314686 
v -0.175304 105.221 -0.263087 
v -0.611607 105.115 -0.00238657 
v -0.665005 105.173 0.0589137 
v -0.713203 104.954 -0.0295854 
v 0.516296 104.848 0.00591421 
v 0.473095 104.987 0.00591421 
v 0.450794 104.987 -0.137887 
v 0.334194 104.573 -0.764586 
v 0.100594 104.919 -0.618987 
v 0.039196 104.94 -0.658686 
v 0.158497 104.13 0.534414 
v 0.294895 104.139 0.464115 
v 0.273796 104.032 0.461414 
v 0.450794 104.987 -0.137887 
v 0.492393 104.841 -0.151286 
v 0.516296 104.848 0.00591421 
v -0.546703 104.796 -0.369986 
v -0.651707 104.739 -0.147187 
v -0.826706 104.415 -0.340186 
v -0.717304 104.748 -0.109187 
v -0.651707 104.739 -0.147187 
v -0.647305 104.944 -0.0723863 
v -0.205303 105.021 0.644914 
v -0.272705 104.852 0.691715 
v -0.507305 104.986 0.377214 
v -0.139706 105.159 -0.481886 
v -0.228905 105.018 -0.619687 
v -0.167503 105.046 -0.665486 
v 0.0206947 104.342 0.692415 
v -0.00810623 104.193 0.687614 
v -0.367104 104.244 0.585014 
v -0.713203 104.954 -0.0295854 
v -0.647305 104.944 -0.0723863 
v -0.611607 105.115 -0.00238657 
v -0.717304 104.748 -0.109187 
v -0.00850296 104.375 0.717914 
v 0.0686951 104.399 0.756315 
v -0.0128059 103.87 0.722515 
v -0.201305 105.134 -0.284485 
v -0.264606 104.987 -0.372086 
v -0.134804 105.053 -0.437886 
v -0.505905 104.672 -0.766587 
v -0.557606 104.576 -0.854186 
v -0.167503 105.046 -0.665486 
v 0.702595 105.074 0.0105147 
v 0.457497 105.089 -0.335686 
v 0.475494 105.05 -0.277087 
v 0.0701942 104.578 0.658615 
v -0.0221062 104.558 0.658615 
v -0.0351067 104.578 0.658615 
v -0.0221062 104.558 0.658615 
v 0.0701942 104.578 0.658615 
v 0.0572968 104.558 0.658615 
v -0.624706 105.036 -0.313786 
v -0.560505 104.983 -0.325085 
v -0.464905 105.144 -0.297286 
v 0.482197 105.144 -0.295086 
v 0.577995 104.983 -0.322485 
v 0.642197 105.036 -0.310885 
v 0.410294 104.582 0.528715 
v 0.412994 104.808 0.475814 
v 0.637196 104.587 0.193214 
v 0.263794 105.108 -0.501086 
v 0.290497 104.991 -0.555186 
v 0.344296 105.048 -0.563487 
v 0.666496 104.807 -0.139086 
v 0.910694 104.438 0.0693145 
v 0.670197 104.809 0.232913 
v -0.452404 104.616 0.583414 
v -0.463406 104.556 0.505914 
v -0.468204 104.74 0.462015 
v 0.280594 104.89 0.874115 
v 0.152596 105.01 0.779514 
v 0.511993 105.09 0.565013 
v 0.548294 105.192 -0.266985 
v 0.384094 105.297 -0.178385 
v 0.355797 105.233 -0.232285 
v -0.338703 105.233 -0.233885 
v -0.367207 105.297 -0.180087 
v -0.531006 105.192 -0.269486 
v -0.325806 105.048 -0.564986 
v -0.272003 104.991 -0.556487 
v -0.245506 105.108 -0.502285 
v 0.550594 105.01 0.342414 
v 0.475296 104.982 0.455015 
v 0.499294 105.01 0.431114 
v -0.510906 104.349 0.420114 
v -0.503006 104.555 0.421314 
v -0.193005 104.421 0.661714 
v 0.282295 104.987 -0.370886 
v 0.218594 105.134 -0.283585 
v 0.119095 105.067 -0.334486 
v 0.675694 104.414 0.256515 
v 0.648193 104.269 0.295213 
v 0.387894 104.377 0.539613 
v -0.0359039 104.948 0.722015 
v -0.0749054 104.773 0.778314 
v -0.428005 104.88 0.578115 
v -0.228905 105.253 -0.207886 
v -0.175304 105.221 -0.263087 
v 0.107197 105.215 -0.314686 
v -0.507305 104.986 0.377214 
v -0.455906 105.212 0.364414 
v -0.205303 105.021 0.644914 
v 0.202595 105.046 -0.664586 
v 0.263695 105.018 -0.618586 
v 0.173897 105.159 -0.481186 
v -0.487404 103.95 0.355714 
v -0.484703 103.996 0.331314 
v -0.543507 104.215 0.380115 
v 0.245796 105.239 -0.206786 
v -0.175304 105.231 -0.285786 
v -0.0897064 105.164 -0.315085 
v -0.0897064 105.164 -0.315085 
v 0.192394 105.169 -0.262187 
v 0.245796 105.239 -0.206786 
v 0.202595 105.046 -0.664586 
v 0.593494 104.576 -0.851586 
v 0.541393 104.672 -0.764185 
v 0.476795 105.073 0.498914 
v 0.524197 104.958 0.492115 
v 0.122795 104.815 0.688814 
v -0.624706 105.036 -0.313786 
v -0.691303 104.392 -0.325686 
v -0.621605 104.514 -0.327586 
v 0.639095 104.514 -0.324687 
v 0.708794 104.392 -0.322485 
v 0.642197 105.036 -0.310885 
v -0.627007 104.425 0.278715 
v -0.607407 104.268 0.362813 
v -0.686604 104.264 0.349014 
v -0.433804 104.341 0.527515 
v -0.385303 103.932 0.568614 
v 0.470695 104.325 0.519014 
v 0.436695 104.178 0.537214 
v 0.103394 104.255 0.696414 
v 0.436695 104.178 0.537214 
v 0.414894 103.778 0.550914 
v 0.103394 104.255 0.696414 
v -0.434105 104.987 -0.139885 
v -0.475605 104.841 -0.153487 
v -0.403004 104.841 -0.295186 
v -0.403004 104.841 -0.295186 
v -0.367706 104.987 -0.269387 
v -0.434105 104.987 -0.139885 
v -0.748905 104.937 -0.156886 
v -0.808006 104.717 -0.548586 
v -0.691505 104.83 -0.472685 
v -0.272705 104.852 0.691715 
v -0.306904 104.704 0.673814 
v -0.514503 104.78 0.374013 
v -0.611607 105.115 -0.00238657 
v -0.472305 105.102 -0.253285 
v -0.457207 105.153 -0.315485 
v -0.457207 105.153 -0.315485 
v -0.665005 105.173 0.0589137 
v -0.611607 105.115 -0.00238657 
v -0.468204 104.74 0.462015 
v -0.573303 104.592 0.272113 
v -0.640503 104.604 0.234113 
v -0.347305 105.217 -0.180586 
v -0.514904 105.198 0.0519137 
v -0.622505 105.089 -0.0631852 
v 0.607395 105.073 0.186615 
v 0.693096 104.91 0.220714 
v 0.457394 104.953 0.515014 
v -0.531006 105.192 -0.269486 
v -0.464905 105.144 -0.297286 
v -0.338703 105.233 -0.233885 
v -0.531006 105.192 -0.269486 
v -0.624706 105.036 -0.313786 
v 0.355797 105.233 -0.232285 
v 0.482197 105.144 -0.295086 
v 0.548294 105.192 -0.266985 
v 0.642197 105.036 -0.310885 
v 0.548294 105.192 -0.266985 
v -0.291306 105.124 -0.435486 
v -0.225105 105.062 -0.529786 
v -0.199306 105.101 -0.580986 
v -0.113205 104.94 -0.659087 
v -0.0513039 105.08 -0.629185 
v -0.108906 105.061 -0.565285 
v 0.702595 105.074 0.0105147 
v 0.567997 105.23 0.121614 
v 0.319595 105.18 -0.224286 
v -0.309605 105.044 -0.434287 
v -0.429707 105.044 -0.314686 
v -0.380203 104.799 -0.215886 
v 0.582497 104.958 0.366514 
v 0.557095 104.86 0.319715 
v 0.357296 104.794 0.626514 
v 0.384995 104.987 -0.267685 
v 0.420296 104.841 -0.293286 
v 0.492393 104.841 -0.151286 
v 0.492393 104.841 -0.151286 
v 0.450794 104.987 -0.137887 
v 0.384995 104.987 -0.267685 
v 0.475296 104.982 0.455015 
v 0.417595 105.053 0.493814 
v 0.499294 105.01 0.431114 
v -0.367104 104.244 0.585014 
v -0.372906 104.449 0.593713 
v 0.0206947 104.342 0.692415 
v -0.101505 104.623 0.766014 
v -0.267605 104.068 0.745914 
v -0.420006 104.675 0.571214 
v -0.727703 104.741 0.100614 
v -0.724106 104.796 -0.142987 
v -0.616505 104.974 -0.106585 
v -0.533405 105.008 -0.380385 
v -0.676506 104.921 -0.190186 
v -0.691505 104.83 -0.472685 
v 0.309196 105.124 -0.434186 
v 0.316093 105.194 -0.438986 
v 0.217995 105.101 -0.580086 
v -0.385303 103.932 0.568614 
v -0.433804 104.341 0.527515 
v -0.427406 104.372 0.594715 
v -0.514503 104.78 0.374013 
v -0.507305 104.986 0.377214 
v -0.272705 104.852 0.691715 
v 0.217995 105.101 -0.580086 
v 0.243595 105.062 -0.528685 
v 0.309196 105.124 -0.434186 
v -0.428005 104.88 0.578115 
v -0.400406 105.11 0.560415 
v -0.0359039 104.948 0.722015 
v -0.573303 104.592 0.272113 
v -0.468204 104.74 0.462015 
v -0.463406 104.556 0.505914 
v 0.479794 105.074 0.498815 
v 0.613995 105.089 0.156515 
v 0.694294 104.962 0.251714 
v -0.167503 105.046 -0.665486 
v -0.228905 105.018 -0.619687 
v -0.505905 104.672 -0.766587 
v -0.514904 105.198 0.0519137 
v -0.347305 105.217 -0.180586 
v -0.296806 105.278 -0.219786 
v -0.296806 105.278 -0.219786 
v -0.546703 105.249 0.127214 
v -0.514904 105.198 0.0519137 
v -0.592304 104.449 0.335014 
v -0.702206 104.507 0.0439143 
v -0.484005 104.931 0.434715 
v -0.522305 105.051 0.369314 
v -0.609005 104.885 0.371715 
v -0.600803 105.003 -0.0252862 
v 0.540195 104.775 0.485315 
v 0.596794 104.157 0.570014 
v 0.261894 104.663 0.713014 
v -0.167305 105.208 -0.463187 
v -0.111504 105.261 -0.522187 
v -0.367207 105.297 -0.180087 
v -0.367207 105.297 -0.180087 
v -0.338703 105.233 -0.233885 
v 0.039196 104.94 -0.658686 
v 0.100594 104.919 -0.618987 
v 0.0342941 105.061 -0.564986 
v -0.230705 104.273 0.653614 
v -0.444103 103.954 0.454713 
v -0.510906 104.349 0.420114 
v -0.306904 104.704 0.673814 
v -0.449406 104.156 0.389114 
v -0.514503 104.78 0.374013 
v -0.463406 104.556 0.505914 
v -0.452404 104.616 0.583414 
v -0.427406 104.372 0.594715 
v -0.579006 104.431 0.374013 
v -0.629505 104.619 0.235315 
v -0.484005 104.931 0.434715 
v 0.541393 104.672 -0.764185 
v 0.263695 105.018 -0.618586 
v 0.202595 105.046 -0.664586 
v 0.693096 104.91 0.220714 
v 0.707596 104.759 0.239213 
v 0.489494 104.751 0.496715 
v -0.761604 104.764 0.379613 
v -0.666103 105.023 0.231214 
v -0.443405 104.99 0.591114 
v 0.185394 105.208 -0.462386 
v 0.355797 105.233 -0.232285 
v 0.384094 105.297 -0.178385 
v 0.384094 105.297 -0.178385 
v 0.129795 105.261 -0.521685 
v 0.185394 105.208 -0.462386 
v 0.387894 104.377 0.539613 
v 0.410294 104.582 0.528715 
v 0.675694 104.414 0.256515 
v -0.367706 104.987 -0.269387 
v -0.403004 104.841 -0.295186 
v -0.290203 104.841 -0.407486 
v -0.290203 104.841 -0.407486 
v -0.264606 104.987 -0.372086 
v -0.367706 104.987 -0.269387 
v 0.103394 104.255 0.696414 
v 0.117496 104.459 0.703115 
v 0.470695 104.325 0.519014 
v 0.457394 104.953 0.515014 
v 0.398495 105.177 0.497613 
v 0.607395 105.073 0.186615 
v -0.621605 104.514 -0.327586 
v -0.560505 104.983 -0.325085 
v -0.624706 105.036 -0.313786 
v -0.338703 105.233 -0.233885 
v -0.464905 105.144 -0.297286 
v -0.296703 105.077 -0.517386 
v -0.0749054 104.773 0.778314 
v -0.101505 104.623 0.766014 
v -0.420006 104.675 0.571214 
v 0.642197 105.036 -0.310885 
v 0.577995 104.983 -0.322485 
v 0.639095 104.514 -0.324687 
v -0.148205 104.956 -0.479485 
v -0.134804 105.053 -0.437886 
v -0.264606 104.987 -0.372086 
v -0.232506 104.868 0.769815 
v -0.372807 104.36 0.981115 
v -0.581104 104.766 0.670114 
v -0.639805 104.35 0.285215 
v -0.702404 104.347 0.0850139 
v -0.687603 104.527 0.0508151 
v -0.600803 105.003 -0.0252862 
v -0.545704 105.228 -0.0126863 
v -0.522305 105.051 0.369314 
v 0.282295 104.987 -0.370886 
v 0.308094 104.841 -0.406186 
v 0.420296 104.841 -0.293286 
v 0.420296 104.841 -0.293286 
v 0.384995 104.987 -0.267685 
v 0.282295 104.987 -0.370886 
v -0.537907 104.581 0.621114 
v -0.838703 104.38 0.465515 
v -0.761604 104.764 0.379613 
v 0.282295 104.987 -0.370886 
v 0.152695 105.053 -0.437186 
v 0.166294 104.956 -0.478785 
v 0.649593 104.282 0.0806136 
v 0.556194 104.061 0.290914 
v 0.505394 104.355 0.421314 
v -0.264606 104.987 -0.372086 
v -0.290203 104.841 -0.407486 
v -0.148205 104.956 -0.479485 
v 0.263695 105.018 -0.618586 
v 0.497795 105.09 -0.554686 
v 0.447395 105.206 -0.417286 
v -0.627804 104.947 0.168914 
v -0.616505 104.974 -0.106585 
v -0.548206 105.106 -0.0543866 
v 0.0891953 105.221 -0.350186 
v -0.424404 105.29 -0.222685 
v -0.366604 105.237 -0.263485 
v -0.420006 104.675 0.571214 
v -0.428005 104.88 0.578115 
v -0.0749054 104.773 0.778314 
v 0.489494 104.751 0.496715 
v 0.457394 104.953 0.515014 
v 0.693096 104.91 0.220714 
v 0.475494 105.05 -0.277087 
v 0.768696 104.541 -0.512286 
v 0.704697 104.917 -0.00918627 
v 0.648193 104.269 0.295213 
v 0.396896 103.946 0.485614 
v 0.387894 104.377 0.539613 
v 0.166294 104.956 -0.478785 
v 0.308094 104.841 -0.406186 
v 0.282295 104.987 -0.370886 
v -0.616505 104.974 -0.106585 
v -0.627804 104.947 0.168914 
v -0.727703 104.741 0.100614 
v -0.291306 105.124 -0.435486 
v -0.298004 105.194 -0.440386 
v -0.495304 105.038 -0.420987 
v 0.513195 105.038 -0.418686 
v 0.316093 105.194 -0.438986 
v 0.309196 105.124 -0.434186 
v 0.524197 104.958 0.492115 
v 0.540195 104.775 0.485315 
v 0.261894 104.663 0.713014 
v -0.495304 105.038 -0.420987 
v -0.438107 104.997 -0.420586 
v -0.291306 105.124 -0.435486 
v -0.00850296 104.375 0.717914 
v 0.0416946 103.745 0.683315 
v -0.223705 104.298 0.690814 
v 0.309196 105.124 -0.434186 
v 0.455994 104.997 -0.418585 
v 0.513195 105.038 -0.418686 
v -0.296703 105.077 -0.517386 
v -0.167305 105.208 -0.463187 
v -0.338703 105.233 -0.233885 
v -0.611004 104.883 -0.333987 
v -0.646107 104.239 -0.293986 
v -0.582806 104.364 -0.312087 
v -0.609005 104.885 0.371715 
v -0.629604 104.736 0.342313 
v -0.610504 104.797 -0.0245862 
v 0.600296 104.364 -0.309386 
v 0.663494 104.239 -0.290986 
v 0.628494 104.883 -0.331187 
v -0.647804 105.322 -0.130085 
v -0.759506 105.138 -0.407687 
v -0.288605 105.305 -0.268586 
v 0.355797 105.233 -0.232285 
v 0.185394 105.208 -0.462386 
v 0.314995 105.077 -0.515887 
v -0.108906 105.061 -0.565285 
v -0.174805 104.919 -0.619586 
v -0.113205 104.94 -0.659087 
v 0.694294 104.962 0.251714 
v 0.578896 104.9 0.492315 
v 0.479794 105.074 0.498815 
v 0.549294 105.118 -0.112586 
v 0.640095 104.958 -0.144986 
v 0.655094 105.012 0.264614 
v -0.544804 104.833 -0.349686 
v -0.438107 104.997 -0.420586 
v -0.495304 105.038 -0.420987 
v -0.113205 104.94 -0.659087 
v -0.174805 104.919 -0.619586 
v -0.314705 104.573 -0.766085 
v 0.582497 105.006 0.676115 
v 0.571495 104.601 0.999315 
v 0.280594 104.89 0.874115 
v 0.707596 104.759 0.239213 
v 0.552094 104.155 0.310915 
v 0.489494 104.751 0.496715 
v -0.548206 105.106 -0.0543866 
v -0.579105 105.121 0.224514 
v -0.627804 104.947 0.168914 
v -0.00810623 104.193 0.687614 
v -0.290104 103.844 0.547714 
v -0.367104 104.244 0.585014 
v 0.513195 105.038 -0.418686 
v 0.455994 104.997 -0.418585 
v 0.562397 104.833 -0.347086 
v -0.610504 104.797 -0.0245862 
v -0.600803 105.003 -0.0252862 
v -0.609005 104.885 0.371715 
v -0.427406 104.372 0.594715 
v -0.433804 104.341 0.527515 
v -0.463406 104.556 0.505914 
v -0.627007 104.425 0.278715 
v -0.463406 104.556 0.505914 
v -0.647305 104.944 -0.0723863 
v -0.526806 104.973 -0.324385 
v -0.472305 105.102 -0.253285 
v -0.566704 104.729 0.290115 
v -0.612404 104.649 0.0173144 
v -0.641804 104.682 -0.0577855 
v -0.641804 104.682 -0.0577855 
v -0.573704 104.801 0.349313 
v -0.543507 104.215 0.380115 
v -0.561504 104.236 0.450414 
v -0.487404 103.95 0.355714 
v 0.454594 105.073 -0.281987 
v 0.527195 104.91 -0.338887 
v 0.705296 104.953 0.0380149 
v -0.671307 104.345 0.122514 
v -0.691906 104.499 0.0942149 
v -0.629505 104.619 0.235315 
v 0.599495 104.569 0.391315 
v 0.689297 104.512 -0.0197854 
v 0.690594 104.312 0.0209136 
v -0.134804 105.053 -0.437886 
v -0.148205 104.956 -0.479485 
v 0.00919342 104.993 -0.503985 
v -0.629505 104.619 0.235315 
v -0.579006 104.431 0.374013 
v -0.671307 104.345 0.122514 
v -0.676506 104.921 -0.190186 
v -0.533405 105.008 -0.380385 
v -0.457104 105.151 -0.286686 
v 0.00919342 104.993 -0.503985 
v 0.00909424 105.093 -0.460286 
v -0.134804 105.053 -0.437886 
v 0.00919342 104.993 -0.503985 
v 0.166294 104.956 -0.478785 
v 0.152695 105.053 -0.437186 
v 0.690594 104.312 0.0209136 
v 0.611694 104.259 0.385414 
v 0.599495 104.569 0.391315 
v -0.443405 104.99 0.591114 
v -0.537907 104.581 0.621114 
v -0.761604 104.764 0.379613 
v -0.687603 104.527 0.0508151 
v -0.628605 104.565 0.282314 
v -0.639805 104.35 0.285215 
v 0.152695 105.053 -0.437186 
v 0.00909424 105.093 -0.460286 
v 0.00919342 104.993 -0.503985 
v 0.534897 104.459 0.422914 
v 0.674397 104.436 0.0482135 
v 0.649593 104.282 0.0806136 
v 0.314995 105.077 -0.515887 
v 0.482197 105.144 -0.295086 
v 0.355797 105.233 -0.232285 
v 0.432594 104.893 -0.509186 
v 0.577995 104.983 -0.322485 
v 0.526794 104.363 0.527515 
v 0.343197 103.766 0.620615 
v 0.217094 104.376 0.741514 
v -0.629604 104.736 0.342313 
v -0.585804 104.175 0.0502143 
v -0.610504 104.797 -0.0245862 
v -0.232506 104.868 0.769815 
v -0.581104 104.766 0.670114 
v -0.582706 104.967 0.624214 
v 0.655094 105.012 0.264614 
v 0.593395 105.235 0.288913 
v 0.549294 105.118 -0.112586 
v 0.670197 104.809 0.232913 
v 0.640095 104.958 -0.144986 
v -0.582706 104.967 0.624214 
v -0.187206 104.926 0.773214 
v -0.232506 104.868 0.769815 
v -0.228905 105.018 -0.619687 
v -0.139706 105.159 -0.481886 
v -0.413605 105.206 -0.419186 
v 0.447395 105.206 -0.417286 
v 0.173897 105.159 -0.481186 
v 0.263695 105.018 -0.618586 
v -0.582806 104.364 -0.312087 
v -0.544804 104.833 -0.349686 
v -0.611004 104.883 -0.333987 
v 0.640095 104.958 -0.144986 
v 0.666496 104.807 -0.139086 
v 0.670197 104.809 0.232913 
v 0.705296 104.953 0.0380149 
v 0.660694 105.177 0.0801139 
v 0.454594 105.073 -0.281987 
v 0.628494 104.883 -0.331187 
v 0.562397 104.833 -0.347086 
v 0.600296 104.364 -0.309386 
v -0.592304 104.449 0.335014 
v -0.561504 104.236 0.450414 
v -0.543507 104.215 0.380115 
v -0.472305 105.102 -0.253285 
v -0.611607 105.115 -0.00238657 
v -0.647305 104.944 -0.0723863 
v -0.457104 105.151 -0.286686 
v -0.622505 105.089 -0.0631852 
v -0.676506 104.921 -0.190186 
v 0.475494 105.05 -0.277087 
v 0.704697 104.917 -0.00918627 
v 0.702595 105.074 0.0105147 
v -0.543507 104.215 0.380115 
v -0.639103 104.166 0.151313 
v -0.671307 104.345 0.122514 
v -0.702404 104.347 0.0850139 
v -0.639805 104.35 0.285215 
v -0.652603 104.123 0.236213 
v 0.694294 104.962 0.251714 
v 0.765495 104.339 0.268814 
v 0.578896 104.9 0.492315 
v 0.601894 104.695 0.392414 
v 0.696297 104.516 0.0123134 
v 0.674397 104.436 0.0482135 
v -0.460506 104.17 0.217414 
v -0.421906 104.081 0.294713 
v -0.446003 104.096 0.141614 
v -0.275604 104.917 -0.563185 
v -0.225105 105.062 -0.529786 
v -0.291306 105.124 -0.435486 
v -0.651707 104.739 -0.147187 
v -0.546703 104.796 -0.369986 
v -0.526806 104.973 -0.324385 
v 0.674397 104.436 0.0482135 
v 0.534897 104.459 0.422914 
v 0.601894 104.695 0.392414 
v 0.527195 104.91 -0.338887 
v 0.550396 104.759 -0.342085 
v 0.705597 104.751 0.00101423 
v 0.461296 104.096 0.143714 
v 0.436596 104.081 0.296714 
v 0.475395 104.17 0.219514 
v 0.309196 105.124 -0.434186 
v 0.243595 105.062 -0.528685 
v 0.294094 104.917 -0.561886 
v -0.446003 104.096 0.141614 
v -0.487606 104.175 0.0482135 
v -0.460506 104.17 0.217414 
v -0.671307 104.345 0.122514 
v -0.579006 104.431 0.374013 
v -0.543507 104.215 0.380115 
v -0.495304 105.038 -0.420987 
v -0.611004 104.883 -0.333987 
v -0.544804 104.833 -0.349686 
v -0.526806 104.973 -0.324385 
v -0.647305 104.944 -0.0723863 
v -0.651707 104.739 -0.147187 
v 0.562397 104.833 -0.347086 
v 0.628494 104.883 -0.331187 
v 0.513195 105.038 -0.418686 
v -0.464905 105.144 -0.297286 
v -0.560505 104.983 -0.325085 
v -0.414307 104.893 -0.511185 
v 0.705597 104.751 0.00101423 
v 0.705296 104.953 0.0380149 
v 0.527195 104.91 -0.338887 
v -0.291306 105.124 -0.435486 
v -0.438107 104.997 -0.420586 
v -0.275604 104.917 -0.563185 
v 0.649593 104.282 0.0806136 
v 0.505394 104.355 0.421314 
v 0.534897 104.459 0.422914 
v 0.475395 104.17 0.219514 
v 0.503296 104.175 0.0504146 
v 0.461296 104.096 0.143714 
v -0.414307 104.893 -0.511185 
v -0.296703 105.077 -0.517386 
v -0.464905 105.144 -0.297286 
v 0.294094 104.917 -0.561886 
v 0.455994 104.997 -0.418585 
v 0.309196 105.124 -0.434186 
v 0.482197 105.144 -0.295086 
v 0.314995 105.077 -0.515887 
v 0.432594 104.893 -0.509186 
v 0.290497 104.991 -0.555186 
v 0.100594 104.919 -0.618987 
v 0.334194 104.573 -0.764586 
v 0.263794 105.108 -0.501086 
v 0.0342941 105.061 -0.564986 
v -0.438107 104.997 -0.420586 
v -0.544804 104.833 -0.349686 
v -0.412506 104.737 -0.543385 
v -0.272003 104.991 -0.556487 
v -0.314705 104.573 -0.766085 
v -0.174805 104.919 -0.619586 
v 0.550396 104.759 -0.342085 
v 0.576694 104.155 -0.146685 
v 0.705597 104.751 0.00101423 
v -0.412506 104.737 -0.543385 
v -0.275604 104.917 -0.563185 
v -0.438107 104.997 -0.420586 
v -0.108906 105.061 -0.565285 
v -0.245506 105.108 -0.502285 
v -0.272003 104.991 -0.556487 
v 0.430996 104.737 -0.541485 
v 0.562397 104.833 -0.347086 
v 0.455994 104.997 -0.418585 
v 0.0342941 105.061 -0.564986 
v 0.100594 104.919 -0.618987 
v 0.290497 104.991 -0.555186 
v -0.272003 104.991 -0.556487 
v -0.174805 104.919 -0.619586 
v -0.108906 105.061 -0.565285 
v 0.455994 104.997 -0.418585 
v 0.294094 104.917 -0.561886 
v 0.430996 104.737 -0.541485 
v -0.544804 104.833 -0.349686 
v -0.582806 104.364 -0.312087 
v -0.412506 104.737 -0.543385 
v -0.724106 104.796 -0.142987 
v -0.727703 104.741 0.100614 
v -0.704105 104.56 -0.127985 
v -0.560505 104.983 -0.325085 
v -0.621605 104.514 -0.327586 
v -0.414307 104.893 -0.511185 
v 0.562397 104.833 -0.347086 
v 0.430996 104.737 -0.541485 
v 0.600296 104.364 -0.309386 
v 0.577995 104.983 -0.322485 
v 0.432594 104.893 -0.509186 
v 0.639095 104.514 -0.324687 
v -0.463306 105.09 -0.556885 
v -0.505905 104.672 -0.766587 
v -0.228905 105.018 -0.619687 
v 0.497795 105.09 -0.554686 
v 0.263695 105.018 -0.618586 
v 0.541393 104.672 -0.764185 
v -0.639103 104.166 0.151313 
v -0.543507 104.215 0.380115 
v -0.484703 103.996 0.331314 

vn 0 -0.889764 -0.456693 
vn -0.0944882 -0.874016 -0.472441 
vn 0.15748 -0.590551 0.787402 
vn 0.15748 -0.590551 0.787402 
vn 0 -0.527559 0.850394 
vn 0 -0.889764 -0.456693 
vn -0.15748 -0.590551 0.787402 
vn 0.0944882 -0.874016 -0.472441 
vn 0 -0.889764 -0.456693 
vn 0 -0.889764 -0.456693 
vn 0 -0.527559 0.850394 
vn -0.15748 -0.590551 0.787402 
vn 0.15748 -0.590551 0.787402 
vn -0.0944882 -0.874016 -0.472441 
vn -0.251969 -0.748031 -0.606299 
vn 0.251969 -0.748031 -0.606299 
vn 0.0944882 -0.874016 -0.472441 
vn -0.15748 -0.590551 0.787402 
vn 0.661417 -0.543307 0.519685 
vn 0.425197 -0.448819 0.787402 
vn -0.251969 -0.748031 -0.606299 
vn 0.251969 -0.748031 -0.606299 
vn -0.425197 -0.448819 0.787402 
vn -0.661417 -0.543307 0.519685 
vn -0.251969 -0.748031 -0.606299 
vn 0.425197 -0.448819 0.787402 
vn 0.15748 -0.590551 0.787402 
vn -0.15748 -0.590551 0.787402 
vn -0.425197 -0.448819 0.787402 
vn 0.251969 -0.748031 -0.606299 
vn 0.629921 -0.740157 0.228346 
vn 0.661417 -0.543307 0.519685 
vn -0.291339 -0.826772 -0.480315 
vn 0.291339 -0.826772 -0.480315 
vn -0.661417 -0.543307 0.519685 
vn -0.629921 -0.740157 0.228346 
vn -0.251969 -0.748031 -0.606299 
vn -0.291339 -0.826772 -0.480315 
vn 0.661417 -0.543307 0.519685 
vn -0.661417 -0.543307 0.519685 
vn 0.291339 -0.826772 -0.480315 
vn 0.251969 -0.748031 -0.606299 
vn 0.834646 -0.362205 0.417323 
vn -0.251969 -0.96063 0.0866142 
vn 0.0866142 -0.385827 -0.92126 
vn 0.0866142 -0.385827 -0.92126 
vn 0.96063 -0.251969 0.0866142 
vn 0.834646 -0.362205 0.417323 
vn 0.88189 0.417323 -0.204724 
vn 0.362205 -0.80315 -0.472441 
vn -0.779528 -0.0866142 -0.622047 
vn -0.88189 0.417323 -0.204724 
vn 0.779528 -0.0866142 -0.622047 
vn -0.362205 -0.80315 -0.472441 
vn 0.519685 -0.23622 0.818898 
vn -0.322835 -0.944882 0.0866142 
vn 0.496063 -0.472441 -0.732283 
vn 0.937008 -0.354331 0.015748 
vn 0.00787402 -0.259843 0.968504 
vn -0.464567 -0.362205 0.811024 
vn 0.874016 0.314961 0.370079 
vn 0.362205 -0.92126 0.141732 
vn -0.188976 -0.307087 -0.937008 
vn -0.464567 -0.362205 0.811024 
vn -0.165354 -0.96063 -0.212598 
vn 0.937008 -0.354331 0.015748 
vn 0.732283 0.425197 0.527559 
vn 0.299213 -0.92126 0.244094 
vn -0.0708661 -0.401575 -0.913386 
vn -1 0.0551181 -0.0629921 
vn -0.850394 0.527559 -0.0866142 
vn 0.748031 0.141732 -0.645669 
vn -0.874016 0.314961 0.370079 
vn 0.188976 -0.307087 -0.929134 
vn -0.362205 -0.92126 0.141732 
vn 0.748031 0.141732 -0.645669 
vn 0.826772 -0.23622 -0.519685 
vn -1 0.0551181 -0.0629921 
vn -0.732283 0.425197 0.527559 
vn 0.0708661 -0.401575 -0.913386 
vn -0.299213 -0.92126 0.244094 
vn 0.992126 0.0708661 -0.0866142 
vn -0.795276 -0.322835 -0.511811 
vn -0.771654 0.165354 -0.614173 
vn -0.771654 0.165354 -0.614173 
vn 0.850394 0.496063 -0.165354 
vn 0.992126 0.0708661 -0.0866142 
vn -0.464567 0.716535 -0.519685 
vn -0.614173 -0.566929 -0.551181 
vn -1 0.0629921 0.0314961 
vn -0.448819 0.181102 -0.874016 
vn -0.204724 -0.952756 -0.228346 
vn -0.472441 -0.322835 0.818898 
vn 0.433071 -0.874016 -0.228346 
vn 0.700787 -0.409449 -0.582677 
vn 0.952756 -0.11811 0.275591 
vn 0.952756 -0.11811 0.275591 
vn 0.629921 -0.740157 0.228346 
vn 0.433071 -0.874016 -0.228346 
vn 0.645669 0.732283 0.23622 
vn 0.732283 0.425197 0.527559 
vn -0.0708661 -0.401575 -0.913386 
vn 0.0708661 -0.173228 -0.984252 
vn 0.228346 0.259843 -0.937008 
vn 1 -0.00787402 0.0551181 
vn 0.80315 -0.409449 0.440945 
vn -0.385827 -0.165354 0.905512 
vn -0.708661 -0.259843 0.661417 
vn -0.433071 -0.874016 -0.228346 
vn -0.629921 -0.740157 0.228346 
vn -0.952756 -0.11811 0.275591 
vn 0.0708661 -0.401575 -0.913386 
vn -0.732283 0.425197 0.527559 
vn -0.645669 0.732283 0.23622 
vn -0.952756 -0.11811 0.275591 
vn -0.700787 -0.409449 -0.582677 
vn -0.433071 -0.874016 -0.228346 
vn 0.992126 -0.110236 0.0944882 
vn 0.96063 -0.251969 0.0866142 
vn 0.0866142 -0.385827 -0.92126 
vn 0.0866142 -0.385827 -0.92126 
vn 0.0708661 -0.173228 -0.984252 
vn 0.992126 -0.110236 0.0944882 
vn -0.322835 0.15748 0.937008 
vn -0.559055 0.0787402 0.826772 
vn -0.755906 -0.385827 -0.527559 
vn -0.0708661 -0.401575 -0.913386 
vn -0.559055 -0.173228 -0.811024 
vn 0.645669 0.732283 0.23622 
vn -0.992126 0.0629921 -0.0629921 
vn 0.818898 -0.244094 -0.519685 
vn -0.299213 -0.818898 -0.488189 
vn -0.708661 -0.259843 0.661417 
vn -0.102362 -0.952756 -0.275591 
vn 0.80315 -0.409449 0.440945 
vn -0.952756 -0.0708661 -0.299213 
vn -0.76378 -0.409449 -0.496063 
vn -0.590551 0.322835 0.740157 
vn -0.645669 0.732283 0.23622 
vn 0.559055 -0.173228 -0.811024 
vn 0.0708661 -0.401575 -0.913386 
vn -0.188976 -0.307087 -0.937008 
vn -0.314961 0 -0.952756 
vn 0.740157 0.472441 0.480315 
vn 0.992126 0.0708661 -0.0866142 
vn 0.346457 -0.80315 -0.480315 
vn -0.795276 -0.322835 -0.511811 
vn -0.543307 -0.110236 -0.834646 
vn 0.771654 -0.0393701 -0.637795 
vn 0.858268 -0.322835 -0.393701 
vn 0 -0.433071 -0.897638 
vn 0 0.433071 -0.897638 
vn 0.385827 0.362205 -0.850394 
vn 1 -0.00787402 0.0551181 
vn 0.992126 -0.110236 0.0944882 
vn 0.0708661 -0.173228 -0.984252 
vn -0.566929 0.314961 0.76378 
vn -0.771654 0.314961 0.559055 
vn -0.259843 0.00787402 -0.968504 
vn 0.692913 -0.622047 -0.362205 
vn -0.629921 -0.740157 0.228346 
vn -0.433071 -0.874016 -0.228346 
vn -0.385827 0.362205 -0.850394 
vn 0 0.433071 -0.897638 
vn 0 -0.433071 -0.897638 
vn 0.433071 -0.874016 -0.228346 
vn 0.629921 -0.740157 0.228346 
vn -0.692913 -0.622047 -0.362205 
vn -0.590551 0.322835 0.740157 
vn -0.440945 0.440945 0.779528 
vn -0.952756 -0.0708661 -0.299213 
vn 0.771654 -0.0393701 -0.637795 
vn 0.984252 -0.0629921 -0.15748 
vn 0.858268 -0.322835 -0.393701 
vn 0.740157 0.267717 -0.614173 
vn 0.96063 0.15748 -0.23622 
vn 0.944882 -0.110236 -0.307087 
vn 0.385827 0.629921 0.677165 
vn 0.0787402 0.259843 0.96063 
vn -0.0944882 0.96063 0.259843 
vn 0.645669 0.732283 0.23622 
vn -0.559055 -0.173228 -0.811024 
vn 0.771654 -0.165354 0.614173 
vn 0.677165 -0.204724 0.708661 
vn 0.96063 -0.251969 0.0866142 
vn 0.929134 0.251969 -0.283465 
vn 0.811024 0.440945 -0.377953 
vn 0.669291 -0.0866142 0.740157 
vn 0.559055 -0.173228 -0.811024 
vn -0.645669 0.732283 0.23622 
vn 0.0944882 0.96063 0.259843 
vn -0.606299 -0.181102 0.771654 
vn -0.732283 -0.102362 0.669291 
vn 0.11811 0.291339 -0.952756 
vn 0.740157 0.472441 0.480315 
vn 0.874016 0.314961 0.370079 
vn -0.188976 -0.307087 -0.937008 
vn -0.220472 0.354331 0.905512 
vn 0.338583 -0.748031 0.574803 
vn 0.984252 0.125984 -0.11811 
vn 0.669291 -0.0866142 0.740157 
vn 0.314961 -0.440945 0.84252 
vn 0.929134 0.251969 -0.283465 
vn -0.590551 -0.448819 -0.669291 
vn 0.299213 -0.905512 0.307087 
vn 0.0551181 0.110236 0.992126 
vn 0.0551181 0.110236 0.992126 
vn -0.92126 0.102362 0.370079 
vn -0.629921 -0.740157 0.228346 
vn 0.692913 -0.622047 -0.362205 
vn 0.291339 -0.826772 -0.480315 
vn 0.188976 -0.307087 -0.929134 
vn -0.874016 0.314961 0.370079 
vn -0.740157 0.472441 0.480315 
vn 0.740157 0.267717 -0.614173 
vn 0.771654 -0.0393701 -0.637795 
vn -0.543307 -0.110236 -0.834646 
vn 0.543307 -0.267717 0.795276 
vn -0.0944882 -0.992126 -0.0944882 
vn 0.80315 -0.19685 -0.566929 
vn -0.291339 -0.826772 -0.480315 
vn -0.692913 -0.622047 -0.362205 
vn 0.629921 -0.740157 0.228346 
vn 0.80315 -0.19685 -0.566929 
vn 0.732283 0.102362 0.669291 
vn 0.543307 -0.267717 0.795276 
vn 0.590551 -0.330709 0.740157 
vn 0.0314961 -0.212598 0.976378 
vn -0.976378 -0.15748 0.15748 
vn 0.606299 0.283465 -0.740157 
vn 0.307087 -0.606299 -0.732283 
vn 0.125984 -0.409449 -0.905512 
vn -0.976378 -0.15748 0.15748 
vn 0.15748 -0.952756 -0.259843 
vn 0.590551 -0.330709 0.740157 
vn 0.905512 0.149606 0.401575 
vn 0.771654 -0.165354 0.614173 
vn 0.992126 -0.110236 0.0944882 
vn 0.984252 -0.0629921 -0.15748 
vn 0.771654 -0.0393701 -0.637795 
vn 0.740157 0.267717 -0.614173 
vn -0.559055 -0.173228 -0.811024 
vn -0.629921 0.511811 -0.582677 
vn -0.0944882 0.96063 0.259843 
vn 0.88189 0.110236 0.464567 
vn 0.818898 -0.23622 0.519685 
vn 0.496063 -0.472441 -0.732283 
vn -0.543307 -0.110236 -0.834646 
vn -0.543307 -0.023622 -0.84252 
vn 0.740157 0.267717 -0.614173 
vn -0.125984 -0.409449 -0.905512 
vn -0.307087 -0.606299 -0.732283 
vn -0.606299 0.283465 -0.740157 
vn 0.11811 0.291339 -0.952756 
vn 0.165354 0.0866142 -0.984252 
vn -0.606299 -0.181102 0.771654 
vn 0.362205 0.606299 -0.708661 
vn 0.385827 0.362205 -0.850394 
vn 0 0.433071 -0.897638 
vn 0.913386 0.291339 -0.291339 
vn 0.913386 0.322835 -0.251969 
vn -0.220472 -0.322835 -0.92126 
vn 0 0.433071 -0.897638 
vn -0.385827 0.362205 -0.850394 
vn -0.362205 0.606299 -0.708661 
vn 0.472441 0.0472441 -0.88189 
vn 0.897638 0.0708661 0.433071 
vn 0.818898 -0.559055 0.110236 
vn -0.220472 -0.322835 -0.92126 
vn -0.188976 0 -0.984252 
vn 0.913386 0.291339 -0.291339 
vn 0.96063 0.15748 -0.23622 
vn 0.330709 -0.204724 0.92126 
vn 0.220472 -0.173228 0.96063 
vn 0.125984 -0.409449 -0.905512 
vn 0.385827 0.362205 -0.850394 
vn 0.606299 0.283465 -0.740157 
vn 0.330709 -0.204724 0.92126 
vn 0.96063 0.15748 -0.23622 
vn 0.755906 0.574803 -0.322835 
vn 0.755906 0.574803 -0.322835 
vn 0.0787402 0.661417 0.740157 
vn 0.330709 -0.204724 0.92126 
vn 0.716535 -0.527559 0.456693 
vn -0.433071 0.133858 0.889764 
vn -0.566929 0.314961 0.76378 
vn 0.496063 -0.472441 -0.732283 
vn 0.818898 -0.23622 0.519685 
vn 0.519685 -0.23622 0.818898 
vn 0.818898 -0.23622 0.519685 
vn 0.417323 -0.0472441 0.905512 
vn -0.606299 0.283465 -0.740157 
vn -0.385827 0.362205 -0.850394 
vn -0.125984 -0.409449 -0.905512 
vn 0.96063 0.275591 -0.0393701 
vn 0.992126 0.110236 -0.0944882 
vn -0.259843 -0.338583 -0.905512 
vn 0.858268 -0.322835 -0.393701 
vn 0.984252 -0.0629921 -0.15748 
vn 0.220472 -0.173228 0.96063 
vn 0.0944882 0.96063 0.259843 
vn 0.629921 0.511811 -0.582677 
vn 0.559055 -0.173228 -0.811024 
vn 0.0944882 0.96063 0.259843 
vn 0.519685 -0.0551181 0.850394 
vn 0.440945 0.0787402 -0.897638 
vn 0.905512 0.330709 0.267717 
vn 0.968504 -0.0708661 0.228346 
vn 0.88189 0.267717 0.377953 
vn 0.897638 0.0708661 0.433071 
vn 0.472441 0.0472441 -0.88189 
vn 0.771654 0.299213 -0.559055 
vn 0.669291 -0.559055 -0.488189 
vn 0.307087 -0.606299 -0.732283 
vn 0.307087 -0.606299 -0.732283 
vn 0.606299 0.283465 -0.740157 
vn 0.771654 0.299213 -0.559055 
vn 0.472441 0.740157 0.480315 
vn 0.944882 -0.330709 -0.0472441 
vn 0.11811 0.354331 -0.929134 
vn 0.472441 0.0472441 -0.88189 
vn 0.472441 0 -0.88189 
vn 0.88189 0.267717 0.377953 
vn 0.858268 -0.322835 -0.393701 
vn -0.165354 -0.984252 0.0787402 
vn -0.543307 -0.110236 -0.834646 
vn 0.220472 -0.173228 0.96063 
vn 0.984252 -0.0629921 -0.15748 
vn 0.96063 0.15748 -0.23622 
vn 0.905512 0.330709 0.267717 
vn 0.732283 0.181102 0.653543 
vn 0.968504 -0.0708661 0.228346 
vn 0.314961 -0.440945 0.84252 
vn 0.228346 -0.779528 -0.582677 
vn 0.787402 0.401575 -0.472441 
vn 0.511811 0.637795 -0.582677 
vn 0.755906 0.574803 -0.322835 
vn 0.96063 0.15748 -0.23622 
vn 0.811024 0.440945 -0.377953 
vn 0.929134 0.251969 -0.283465 
vn 0.685039 0.23622 -0.685039 
vn 0.787402 0.401575 -0.472441 
vn 0.929134 0.251969 -0.283465 
vn 0.314961 -0.440945 0.84252 
vn -0.307087 -0.606299 -0.732283 
vn -0.669291 -0.559055 -0.488189 
vn -0.771654 0.299213 -0.559055 
vn -0.771654 0.299213 -0.559055 
vn -0.606299 0.283465 -0.740157 
vn -0.307087 -0.606299 -0.732283 
vn 0.968504 0.220472 -0.0787402 
vn -0.220472 -0.322835 -0.92126 
vn -0.92126 0.102362 0.370079 
vn -0.732283 -0.102362 0.669291 
vn -0.307087 0.614173 0.732283 
vn 0.488189 0.724409 -0.488189 
vn 0.96063 -0.251969 0.0866142 
vn 0.992126 -0.110236 0.0944882 
vn 0.771654 -0.165354 0.614173 
vn -1 0.0629921 0.0314961 
vn -0.165354 0.984252 0.0472441 
vn -0.464567 0.716535 -0.519685 
vn -1 0.0629921 0.0314961 
vn -0.944882 -0.0629921 0.322835 
vn -0.779528 -0.0866142 -0.622047 
vn -0.913386 0.220472 -0.346457 
vn 0.866142 0.503937 0.023622 
vn 0.944882 0.330709 -0.00787402 
vn 0.456693 -0.889764 0.0472441 
vn -0.220472 -0.322835 -0.92126 
vn 0.897638 -0.425197 0.11811 
vn 0.456693 0.779528 -0.425197 
vn 0.165354 0.850394 -0.503937 
vn -0.866142 0.503937 0.023622 
vn 0.858268 0.19685 -0.480315 
vn 0.779528 -0.0866142 -0.622047 
vn -0.740157 0.472441 0.480315 
vn 0.314961 0 -0.944882 
vn 0.188976 -0.307087 -0.929134 
vn -0.740157 0.472441 0.480315 
vn -0.0314961 0.606299 0.795276 
vn 0.543307 -0.267717 0.795276 
vn 0.385827 0.0866142 0.92126 
vn -0.850394 -0.110236 0.511811 
vn -0.259843 0.00787402 -0.968504 
vn -0.708661 -0.669291 0.23622 
vn -0.566929 0.314961 0.76378 
vn 0.913386 0.291339 -0.291339 
vn 0.976378 0.165354 0.15748 
vn 0.92126 0.307087 0.228346 
vn 0.913386 0.291339 -0.291339 
vn 0.677165 0.645669 -0.346457 
vn -0.362205 0.606299 -0.708661 
vn 0 0.748031 -0.669291 
vn 0 0.433071 -0.897638 
vn 0.125984 -0.275591 0.952756 
vn -0.976378 -0.0629921 0.212598 
vn -0.952756 -0.275591 -0.102362 
vn 0.11811 0.354331 -0.929134 
vn 0.0472441 0.992126 0.141732 
vn 0.472441 0.740157 0.480315 
vn 0.677165 0.645669 -0.346457 
vn 0.811024 0.590551 -0.015748 
vn 0.976378 0.165354 0.15748 
vn 0.96063 0.15748 -0.23622 
vn 0.740157 0.267717 -0.614173 
vn 0.511811 0.637795 -0.582677 
vn 0.385827 0.362205 -0.850394 
vn 0.362205 0.606299 -0.708661 
vn 0.566929 0.551181 -0.614173 
vn 0.606299 0.283465 -0.740157 
vn 0.385827 0.362205 -0.850394 
vn -0.440945 0.440945 0.779528 
vn -0.590551 0.322835 0.740157 
vn -0.141732 0.401575 0.905512 
vn -0.76378 0.559055 0.314961 
vn -0.566929 -0.188976 -0.80315 
vn -0.259843 0.00787402 -0.968504 
vn -0.598425 -0.307087 -0.740157 
vn -0.0314961 -0.992126 0.141732 
vn -0.480315 -0.015748 0.874016 
vn -0.708661 0.19685 0.677165 
vn -0.141732 0.401575 0.905512 
vn -0.0472441 0.440945 0.897638 
vn -0.440945 0.440945 0.779528 
vn -0.566929 0.551181 -0.614173 
vn -0.362205 0.606299 -0.708661 
vn -0.385827 0.362205 -0.850394 
vn -0.850394 -0.110236 0.511811 
vn -0.0944882 -0.992126 -0.0944882 
vn 0.543307 -0.267717 0.795276 
vn 0.669291 0.0866142 0.740157 
vn 0.598425 0.015748 0.80315 
vn 0.755906 -0.110236 -0.645669 
vn 0.992126 -0.110236 0.0944882 
vn 1 -0.00787402 0.0551181 
vn 0.905512 0.149606 0.401575 
vn -0.385827 0.362205 -0.850394 
vn -0.606299 0.283465 -0.740157 
vn -0.566929 0.551181 -0.614173 
vn 0.905512 0.299213 -0.291339 
vn 0.787402 -0.559055 -0.244094 
vn 0.669291 -0.559055 -0.488189 
vn -0.165354 0.984252 0.0472441 
vn 0.291339 0.88189 -0.370079 
vn -0.464567 0.716535 -0.519685 
vn -0.259843 -0.338583 -0.905512 
vn 0.992126 0.110236 -0.0944882 
vn 0.535433 -0.76378 0.370079 
vn 0.677165 0.645669 -0.346457 
vn 0.913386 0.291339 -0.291339 
vn -0.188976 0 -0.984252 
vn -0.433071 0.133858 0.889764 
vn -0.771654 0.314961 0.559055 
vn -0.566929 0.314961 0.76378 
vn 0.755906 -0.110236 -0.645669 
vn 0.80315 -0.212598 -0.559055 
vn 0.669291 0.0866142 0.740157 
vn -0.0472441 -0.204724 0.976378 
vn 0.976378 0.165354 0.15748 
vn 0.811024 0.590551 -0.015748 
vn 0.811024 0.590551 -0.015748 
vn -0.228346 0.669291 0.708661 
vn -0.0472441 -0.204724 0.976378 
vn 0.669291 -0.0866142 0.740157 
vn 0.811024 0.440945 -0.377953 
vn 0.377953 0.913386 -0.141732 
vn -0.818898 -0.440945 -0.362205 
vn 0.133858 -0.976378 0.149606 
vn 0.448819 0.11811 0.889764 
vn -0.937008 0.220472 0.267717 
vn -0.976378 -0.0629921 0.212598 
vn 0.125984 -0.275591 0.952756 
vn -0.653543 -0.141732 0.748031 
vn 0.464567 -0.716535 0.519685 
vn 0.637795 0.543307 0.551181 
vn 0.511811 0.637795 -0.582677 
vn 0.740157 0.267717 -0.614173 
vn -0.543307 -0.023622 -0.84252 
vn 0.307087 0.0629921 0.952756 
vn 0.0787402 0.338583 0.937008 
vn -0.771654 -0.582677 0.23622 
vn 0.291339 0.503937 -0.811024 
vn 0.204724 0.370079 -0.905512 
vn -0.826772 -0.322835 0.456693 
vn -0.669291 -0.559055 -0.488189 
vn -0.787402 -0.559055 -0.244094 
vn -0.905512 0.299213 -0.291339 
vn -0.511811 0.370079 0.771654 
vn -0.692913 0.551181 0.464567 
vn -0.614173 0.110236 -0.779528 
vn 0.669291 0.566929 -0.480315 
vn 0.771654 0.299213 -0.559055 
vn 0.606299 0.283465 -0.740157 
vn 0.606299 0.283465 -0.740157 
vn 0.566929 0.551181 -0.614173 
vn 0.669291 0.566929 -0.480315 
vn -0.338583 -0.110236 0.937008 
vn -0.0393701 0.606299 0.795276 
vn 0.212598 0.748031 -0.622047 
vn 0.204724 0.370079 -0.905512 
vn -0.488189 -0.677165 -0.551181 
vn -0.826772 -0.322835 0.456693 
vn 0.661417 0.188976 0.732283 
vn 0.228346 0.00787402 0.976378 
vn 0.543307 -0.15748 0.826772 
vn 0.125984 -0.275591 0.952756 
vn 0.133858 -0.141732 0.984252 
vn -0.937008 0.220472 0.267717 
vn 0.0787402 0.212598 -0.976378 
vn 0.0787402 0.377953 -0.92126 
vn 0.23622 0.220472 -0.944882 
vn 0.228346 0.385827 -0.889764 
vn 0.23622 0.220472 -0.944882 
vn 0.0787402 0.377953 -0.92126 
vn 0.23622 0.220472 -0.944882 
vn 0.228346 0.385827 -0.889764 
vn 0.393701 0.23622 -0.889764 
vn 0.377953 0.913386 -0.141732 
vn -0.0314961 0.362205 0.929134 
vn 0.669291 -0.0866142 0.740157 
vn -0.0866142 0.212598 -0.976378 
vn -0.0787402 0.377953 -0.92126 
vn 0.0787402 0.212598 -0.976378 
vn 0.0787402 0.377953 -0.92126 
vn 0.0787402 0.212598 -0.976378 
vn 0.362205 0.401575 -0.84252 
vn 0.393701 0.23622 -0.889764 
vn 0.228346 0.385827 -0.889764 
vn 0.724409 0.165354 -0.669291 
vn 0.653543 0.259843 -0.716535 
vn 0.858268 0.362205 -0.354331 
vn 0.897638 0.251969 0.354331 
vn 0.84252 0.0708661 0.527559 
vn 0.992126 0.110236 -0.0944882 
vn 0.976378 0.165354 0.15748 
vn -0.0472441 -0.204724 0.976378 
vn -0.259843 -0.338583 0.905512 
vn -0.464567 -0.362205 0.811024 
vn -0.519685 -0.0708661 0.850394 
vn -0.818898 0.023622 -0.574803 
vn -0.0787402 0.377953 -0.92126 
vn -0.0866142 0.212598 -0.976378 
vn -0.23622 0.433071 -0.866142 
vn 0.393701 0.23622 -0.889764 
vn 0.362205 0.401575 -0.84252 
vn 0.535433 0.259843 -0.80315 
vn 0.488189 0.724409 -0.488189 
vn 0.11811 0.291339 -0.952756 
vn -0.732283 -0.102362 0.669291 
vn 0.220472 -0.173228 0.96063 
vn -0.165354 -0.984252 0.0787402 
vn 0.858268 -0.322835 -0.393701 
vn -0.0944882 -0.653543 -0.748031 
vn -0.582677 0.708661 -0.385827 
vn -0.433071 0.889764 -0.11811 
vn -0.259843 0.110236 0.96063 
vn -0.322835 0.0472441 0.944882 
vn 0.937008 -0.212598 0.283465 
vn -0.370079 0.448819 -0.811024 
vn -0.0866142 0.212598 -0.976378 
vn -0.23622 0.220472 -0.944882 
vn -0.23622 0.433071 -0.866142 
vn 0.503937 0.417323 -0.755906 
vn 0.535433 0.259843 -0.80315 
vn 0.362205 0.401575 -0.84252 
vn -0.606299 0.283465 -0.740157 
vn -0.771654 0.299213 -0.559055 
vn -0.669291 0.566929 -0.480315 
vn -0.952756 -0.275591 -0.102362 
vn 0.149606 -0.976378 -0.173228 
vn 0.125984 -0.275591 0.952756 
vn -0.669291 0.566929 -0.480315 
vn -0.566929 0.551181 -0.614173 
vn -0.606299 0.283465 -0.740157 
vn -0.314961 0 -0.952756 
vn -0.771654 0.464567 -0.433071 
vn 0.0314961 0.606299 0.795276 
vn 0.677165 -0.307087 0.669291 
vn -0.645669 -0.0944882 0.755906 
vn -0.818898 -0.299213 0.488189 
vn 0.937008 -0.212598 0.283465 
vn 0.913386 -0.149606 0.377953 
vn -0.259843 0.110236 0.96063 
vn 0.716535 0.464567 0.511811 
vn 0.267717 0.464567 0.84252 
vn 0.448819 0.173228 0.874016 
vn 0.535433 0.259843 -0.80315 
vn 0.503937 0.417323 -0.755906 
vn 0.677165 0.267717 -0.685039 
vn 0.795276 0.291339 -0.535433 
vn -0.220472 -0.322835 -0.92126 
vn 0.913386 0.322835 -0.251969 
vn 0.944882 0.330709 -0.00787402 
vn 0.771654 0.299213 -0.559055 
vn 0.669291 0.566929 -0.480315 
vn 0.779528 0.566929 -0.251969 
vn 0.669291 -0.559055 -0.488189 
vn 0.905512 0.299213 -0.291339 
vn -0.393701 0.307087 -0.866142 
vn -0.23622 0.220472 -0.944882 
vn -0.393701 0.23622 -0.889764 
vn -0.23622 0.220472 -0.944882 
vn -0.370079 0.448819 -0.811024 
vn 0.755906 0.629921 0.188976 
vn 0.88189 0.267717 0.377953 
vn 0.472441 0 -0.88189 
vn 0 0.952756 -0.314961 
vn 0.15748 0.937008 -0.307087 
vn 0.362205 0.606299 -0.708661 
vn -0.362205 0.606299 -0.708661 
vn -0.15748 0.937008 -0.307087 
vn 0 0.952756 -0.314961 
vn -0.259843 0.00787402 -0.968504 
vn -0.771654 0.314961 0.559055 
vn -0.76378 0.559055 0.314961 
vn 0.795276 0.291339 -0.535433 
vn 0.503937 0.417323 -0.755906 
vn 0.598425 0.503937 -0.629921 
vn -0.944882 0 -0.330709 
vn -0.976378 -0.0629921 0.212598 
vn -0.937008 0.220472 0.267717 
vn -0.968504 0.165354 -0.188976 
vn -0.944882 0 -0.330709 
vn -0.937008 0.220472 0.267717 
vn -0.716535 0.566929 0.401575 
vn -0.976378 -0.0629921 0.212598 
vn -0.952756 -0.275591 -0.102362 
vn -0.472441 -0.322835 0.818898 
vn -0.338583 -0.110236 0.937008 
vn -0.133858 0.322835 -0.937008 
vn -0.598425 -0.015748 -0.80315 
vn -0.102362 -0.952756 -0.275591 
vn -0.708661 -0.259843 0.661417 
vn 0.267717 -0.0472441 0.96063 
vn 0.251969 0.322835 0.913386 
vn -0.850394 0.0708661 -0.519685 
vn 0.307087 -0.362205 0.88189 
vn 0.708661 -0.19685 0.677165 
vn 0.503937 0.425197 0.748031 
vn -0.566929 0.314961 0.76378 
vn -0.708661 -0.669291 0.23622 
vn 0.716535 -0.527559 0.456693 
vn -0.433071 -0.874016 -0.228346 
vn 0.787402 -0.456693 -0.417323 
vn 0.692913 -0.622047 -0.362205 
vn -0.708661 -0.259843 0.653543 
vn -0.84252 -0.015748 0.535433 
vn -0.598425 -0.015748 -0.80315 
vn -0.0314961 0.606299 0.795276 
vn 0.771654 0.464567 -0.433071 
vn 0.314961 0 -0.944882 
vn -0.826772 0.559055 0.0551181 
vn 0.251969 0.771654 -0.582677 
vn 0.110236 -0.0551181 -0.992126 
vn 0.110236 -0.0551181 -0.992126 
vn -0.968504 0.165354 -0.188976 
vn -0.826772 0.559055 0.0551181 
vn -0.818898 0.023622 -0.574803 
vn -0.165354 -0.96063 -0.212598 
vn -0.464567 -0.362205 0.811024 
vn -0.771654 0.314961 0.559055 
vn -0.433071 0.133858 0.889764 
vn -0.527559 0.566929 0.629921 
vn -0.92126 0.102362 0.370079 
vn -0.669291 -0.149606 -0.724409 
vn -0.590551 -0.448819 -0.669291 
vn -0.692913 -0.622047 -0.362205 
vn -0.787402 -0.456693 -0.417323 
vn 0.433071 -0.874016 -0.228346 
vn -0.527559 0.322835 -0.779528 
vn -0.393701 0.23622 -0.889764 
vn -0.535433 0.259843 -0.80315 
vn -0.527559 0.322835 -0.779528 
vn -0.393701 0.307087 -0.866142 
vn 0.968504 -0.0708661 0.228346 
vn 0.732283 0.181102 0.653543 
vn -0.488189 -0.244094 0.834646 
vn -0.11811 0.125984 0.984252 
vn -0.551181 0.0866142 0.826772 
vn -0.322835 0.149606 0.937008 
vn -0.905512 0.299213 -0.291339 
vn -0.771654 0.299213 -0.559055 
vn -0.669291 -0.559055 -0.488189 
vn -0.779528 0.566929 -0.251969 
vn -0.669291 0.566929 -0.480315 
vn -0.968504 0.165354 -0.188976 
vn 0.110236 -0.0551181 -0.992126 
vn 0.275591 -0.00787402 -0.96063 
vn 0.700787 -0.188976 -0.685039 
vn 0.708661 -0.0314961 -0.708661 
vn 0.826772 0 -0.566929 
vn 0.866142 0.322835 -0.377953 
vn 0.598425 0.503937 -0.629921 
vn 0.692913 0.519685 -0.496063 
vn 0.496063 0.740157 0.456693 
vn 0.732283 0.181102 0.653543 
vn 0.905512 0.330709 0.267717 
vn 0.677165 0.716535 0.15748 
vn 0.440945 0.0787402 -0.897638 
vn 0.598425 0.503937 -0.629921 
vn 0.866142 0.322835 -0.377953 
vn 0.795276 0.291339 -0.535433 
vn 0.700787 -0.188976 -0.685039 
vn 0.826772 0 -0.566929 
vn 0.913386 -0.212598 -0.354331 
vn 0.913386 -0.212598 -0.354331 
vn 0.826772 0 -0.566929 
vn 0.937008 -0.0866142 -0.346457 
vn 0.535433 -0.76378 0.370079 
vn 0.84252 0.0708661 0.527559 
vn -0.559055 -0.464567 0.685039 
vn -0.503937 0.417323 -0.755906 
vn -0.535433 0.259843 -0.80315 
vn -0.677165 0.267717 -0.685039 
vn 0.708661 -0.0314961 -0.708661 
vn 0.700787 -0.188976 -0.685039 
vn 0.559055 -0.251969 -0.787402 
vn 0.708661 -0.0314961 -0.708661 
vn 0.559055 -0.251969 -0.787402 
vn 0.566929 -0.0866142 -0.818898 
vn 0.929134 -0.370079 0.0314961 
vn 0.826772 -0.314961 0.472441 
vn -0.0472441 0.440945 0.897638 
vn 0.440945 0.0787402 -0.897638 
vn 0.637795 -0.338583 -0.692913 
vn 0.677165 0.716535 0.15748 
vn -0.259843 -0.338583 -0.905512 
vn 0.228346 -0.212598 -0.952756 
vn 0.96063 0.275591 -0.0393701 
vn 0.685039 0.700787 -0.19685 
vn 0.228346 -0.212598 -0.952756 
vn -0.188976 0 -0.984252 
vn -0.574803 0.401575 -0.708661 
vn 0.677165 0.645669 -0.346457 
vn -0.708661 0.19685 0.677165 
vn -0.590551 -0.00787402 -0.811024 
vn -0.598425 -0.307087 -0.740157 
vn -0.259843 0.110236 0.96063 
vn -0.653543 0.0551181 0.755906 
vn -0.732283 0 0.677165 
vn -0.716535 0.566929 0.401575 
vn -0.826772 0.559055 0.0551181 
vn -0.968504 0.165354 -0.188976 
vn -0.818898 -0.299213 0.488189 
vn 0.015748 -0.96063 -0.275591 
vn 0.677165 -0.307087 0.669291 
vn 0.472441 0 -0.88189 
vn 0.023622 0.425197 -0.905512 
vn 0.755906 0.629921 0.188976 
vn -0.259843 -0.338583 0.905512 
vn 0.92126 0.307087 0.228346 
vn 0.976378 0.165354 0.15748 
vn 0.669291 -0.716535 -0.204724 
vn 0.283465 -0.283465 -0.913386 
vn 0.362205 0.866142 -0.354331 
vn 0.354331 -0.314961 -0.88189 
vn 0.566929 -0.0866142 -0.818898 
vn 0.559055 -0.251969 -0.787402 
vn 0.92126 -0.0944882 -0.370079 
vn 0.944882 -0.0629921 -0.322835 
vn 0.992126 0.0944882 -0.102362 
vn 0.0866142 0.188976 0.976378 
vn -0.322835 -0.0393701 0.944882 
vn -0.0472441 -0.275591 0.96063 
vn 0.92126 -0.0944882 -0.370079 
vn 0.992126 0.0944882 -0.102362 
vn 0.992126 -0.015748 -0.102362 
vn 0.905512 0.346457 -0.228346 
vn 0.692913 0.519685 -0.496063 
vn 0.76378 0.535433 -0.370079 
vn 0.377953 0.338583 0.866142 
vn -0.0866142 0.291339 0.952756 
vn 0.00787402 -0.141732 0.992126 
vn 0.692913 0.519685 -0.496063 
vn 0.905512 0.346457 -0.228346 
vn 0.866142 0.322835 -0.377953 
vn 0.212598 0.748031 -0.622047 
vn -0.133858 0.322835 -0.937008 
vn -0.338583 -0.110236 0.937008 
vn -0.527559 0.566929 0.629921 
vn -0.76378 0.559055 0.314961 
vn -0.771654 0.314961 0.559055 
vn -0.503937 0.417323 -0.755906 
vn -0.795276 0.291339 -0.535433 
vn -0.598425 0.503937 -0.629921 
vn 0.496063 -0.472441 -0.732283 
vn 0.574803 -0.244094 -0.779528 
vn 0.88189 0.110236 0.464567 
vn 0.566929 0.102362 0.818898 
vn 0.417323 -0.0472441 0.905512 
vn 0.787402 -0.559055 -0.244094 
vn 0.905512 0.299213 -0.291339 
vn 0.952756 0.299213 0 
vn 0.779528 0.566929 -0.251969 
vn 0.905512 0.299213 -0.291339 
vn 0.771654 0.299213 -0.559055 
vn 0.566929 -0.0866142 -0.818898 
vn 0.354331 -0.314961 -0.88189 
vn 0.314961 -0.220472 -0.92126 
vn -0.503937 0.417323 -0.755906 
vn -0.677165 0.267717 -0.685039 
vn -0.795276 0.291339 -0.535433 
vn -0.543307 -0.023622 -0.84252 
vn -0.787402 0.425197 -0.448819 
vn 0.511811 0.637795 -0.582677 
vn 0.905512 0.417323 -0.0629921 
vn 0.228346 0.795276 -0.559055 
vn 0.125984 0.708661 0.692913 
vn 0.472441 -0.173228 0.866142 
vn -0.527559 0.566929 0.629921 
vn -0.433071 0.133858 0.889764 
vn 0.992126 -0.0551181 0.0787402 
vn 0.992126 0.0944882 -0.102362 
vn 0.984252 0.141732 0.0866142 
vn -0.732283 0 0.677165 
vn -0.322835 0.0472441 0.944882 
vn -0.259843 0.110236 0.96063 
vn 0.685039 0.23622 -0.685039 
vn 0.929134 0.251969 -0.283465 
vn 0.787402 0.401575 -0.472441 
vn 0.913386 0.322835 -0.251969 
vn 0.92126 0.307087 0.228346 
vn 0.944882 0.330709 -0.00787402 
vn 0.913386 0.291339 -0.291339 
vn 0.362205 0.606299 -0.708661 
vn 0 0.748031 -0.669291 
vn 0 0.952756 -0.314961 
vn 0 0.433071 -0.897638 
vn 0 0.748031 -0.669291 
vn -0.952756 -0.275591 -0.102362 
vn -0.944882 0 -0.330709 
vn 0.275591 -0.00787402 -0.96063 
vn 0.755906 0.629921 0.188976 
vn 0.645669 0.582677 0.496063 
vn 0.653543 0.149606 0.740157 
vn 0.897638 0.0708661 0.433071 
vn 0.582677 -0.00787402 0.811024 
vn 0.818898 -0.559055 0.110236 
vn 0.88189 0.267717 0.377953 
vn 0.653543 0.149606 0.740157 
vn -0.582677 0.188976 0.787402 
vn -0.645669 -0.0944882 0.755906 
vn 0.677165 -0.307087 0.669291 
vn 0.84252 0.0708661 0.527559 
vn 0.897638 0.251969 0.354331 
vn -0.244094 0 0.968504 
vn -0.566929 -0.188976 -0.80315 
vn -0.76378 0.559055 0.314961 
vn -0.417323 0.874016 0.259843 
vn 0.275591 -0.00787402 -0.96063 
vn -0.944882 0 -0.330709 
vn -0.968504 0.165354 -0.188976 
vn 0.00787402 -0.259843 0.968504 
vn -0.519685 -0.0708661 0.850394 
vn -0.464567 -0.362205 0.811024 
vn -1 -0.0787402 -0.015748 
vn 0.11811 -0.779528 0.622047 
vn 0.259843 0.519685 0.818898 
vn -0.677165 -0.0314961 0.732283 
vn -0.251969 -0.96063 0.0866142 
vn 0.834646 -0.362205 0.417323 
vn 0.677165 -0.307087 0.669291 
vn 0.700787 -0.173228 0.692913 
vn -0.582677 0.188976 0.787402 
vn 0.937008 0.346457 -0.0393701 
vn 0.76378 0.535433 -0.370079 
vn 0.80315 0.559055 -0.228346 
vn -0.771654 0.299213 -0.559055 
vn -0.905512 0.299213 -0.291339 
vn -0.779528 0.566929 -0.251969 
vn -0.708661 -0.0314961 -0.708661 
vn -0.559055 -0.251969 -0.787402 
vn -0.700787 -0.188976 -0.685039 
vn -0.417323 0.874016 0.259843 
vn 0.0708661 0.503937 -0.858268 
vn -0.566929 -0.188976 -0.80315 
vn -0.952756 0.299213 0 
vn -0.905512 0.299213 -0.291339 
vn -0.787402 -0.559055 -0.244094 
vn -0.433071 0.0551181 0.897638 
vn -0.929134 -0.0472441 -0.362205 
vn -0.818898 0.023622 -0.574803 
vn -0.700787 -0.188976 -0.685039 
vn -0.826772 0 -0.566929 
vn -0.708661 -0.0314961 -0.708661 
vn -0.559055 -0.251969 -0.787402 
vn -0.708661 -0.0314961 -0.708661 
vn -0.566929 -0.0787402 -0.818898 
vn 0.992126 -0.125984 -0.0472441 
vn 0.905512 0.417323 -0.0629921 
vn 0.503937 0.425197 0.748031 
vn 0.125984 0.708661 0.692913 
vn 0.905512 0.417323 -0.0629921 
vn -0.826772 -0.322835 0.456693 
vn -0.795276 0.0629921 0.598425 
vn 0.291339 0.503937 -0.811024 
vn 0.818898 0.519685 -0.23622 
vn 0.291339 0.503937 -0.811024 
vn 0.102362 0.228346 0.968504 
vn -0.307087 -0.874016 0.385827 
vn 0.826772 -0.559055 -0.0629921 
vn -0.598425 0.503937 -0.629921 
vn -0.866142 0.322835 -0.377953 
vn -0.669291 0.598425 -0.440945 
vn -0.566929 -0.0787402 -0.818898 
vn -0.354331 -0.314961 -0.88189 
vn -0.559055 -0.251969 -0.787402 
vn 0.992126 0.0944882 -0.102362 
vn 0.992126 -0.0551181 0.0787402 
vn 0.992126 -0.015748 -0.102362 
vn 0.984252 0.141732 0.0866142 
vn 0.952756 0.141732 0.275591 
vn 0.496063 0.740157 0.456693 
vn -0.338583 -0.0787402 0.937008 
vn -0.488189 -0.244094 0.834646 
vn 0.496063 0.307087 0.811024 
vn 0.929134 0.165354 0.322835 
vn 0.755906 0.251969 0.598425 
vn -0.598425 0.503937 -0.629921 
vn -0.795276 0.291339 -0.535433 
vn -0.866142 0.322835 -0.377953 
vn -0.826772 0 -0.566929 
vn -0.700787 -0.188976 -0.685039 
vn -0.897638 -0.19685 -0.393701 
vn 0.826772 0.00787402 -0.559055 
vn 0.755906 0.251969 0.598425 
vn 0.929134 0.165354 0.322835 
vn 0.992126 -0.0551181 0.0787402 
vn 0.952756 0.141732 0.275591 
vn 0.968504 -0.023622 0.244094 
vn 0.937008 -0.212598 0.283465 
vn -0.322835 0.0472441 0.944882 
vn -0.440945 -0.330709 0.834646 
vn 0.779528 -0.0866142 -0.622047 
vn -0.88189 0.417323 -0.204724 
vn -0.866142 0.503937 0.023622 
vn 0.0314961 0.606299 0.795276 
vn 0.740157 0.472441 0.480315 
vn -0.314961 0 -0.952756 
vn 0.905512 0.330709 0.267717 
vn 0.677165 0.716535 0.15748 
vn 0.496063 0.740157 0.456693 
vn 0.188976 0.637795 -0.748031 
vn -0.0787402 0.377953 -0.92126 
vn 0.0708661 0.629921 -0.771654 
vn -0.0787402 0.377953 -0.92126 
vn 0.188976 0.637795 -0.748031 
vn 0.0787402 0.377953 -0.92126 
vn -0.354331 -0.314961 -0.88189 
vn -0.566929 -0.0787402 -0.818898 
vn -0.314961 -0.220472 -0.92126 
vn 0.19685 0.968504 -0.149606 
vn -0.692913 0.425197 0.582677 
vn 0.307087 -0.228346 0.92126 
vn 0.0708661 0.629921 -0.771654 
vn -0.23622 0.433071 -0.866142 
vn -0.0629921 0.629921 -0.771654 
vn -0.23622 0.433071 -0.866142 
vn 0.0708661 0.629921 -0.771654 
vn -0.0787402 0.377953 -0.92126 
vn 0.299213 0.645669 -0.700787 
vn 0.0787402 0.377953 -0.92126 
vn 0.188976 0.637795 -0.748031 
vn -0.897638 -0.19685 -0.393701 
vn -0.937008 -0.0787402 -0.338583 
vn -0.826772 0 -0.566929 
vn 0.669291 0.0866142 0.740157 
vn 0.275591 0.0551181 0.96063 
vn 0.0314961 -0.212598 0.976378 
vn -0.976378 -0.15748 0.15748 
vn 0.275591 0.0551181 0.96063 
vn 0.866142 0.503937 0.023622 
vn 0.88189 0.417323 -0.204724 
vn -0.779528 -0.0866142 -0.622047 
vn 0.0787402 0.377953 -0.92126 
vn 0.299213 0.645669 -0.700787 
vn 0.228346 0.385827 -0.889764 
vn -0.653543 0.0551181 0.755906 
vn -0.795276 -0.0472441 -0.606299 
vn -0.677165 -0.11811 -0.724409 
vn 0.771654 -0.165354 0.614173 
vn -0.566929 0.181102 0.80315 
vn -0.677165 -0.0314961 0.732283 
vn 0.992126 0.110236 -0.0944882 
vn 0.96063 0.275591 -0.0393701 
vn 0.897638 0.251969 0.354331 
vn -0.244094 0 0.968504 
vn 0.708661 0.692913 0.133858 
vn -0.535433 0.259843 -0.80315 
vn -0.503937 0.417323 -0.755906 
vn -0.527559 0.322835 -0.779528 
vn -0.488189 0.685039 -0.543307 
vn -0.23622 0.433071 -0.866142 
vn -0.188976 0.637795 -0.748031 
vn -0.0629921 0.629921 -0.771654 
vn 0.401575 0.661417 -0.637795 
vn 0.228346 0.385827 -0.889764 
vn 0.299213 0.645669 -0.700787 
vn -0.188976 0.637795 -0.748031 
vn -0.23622 0.433071 -0.866142 
vn -0.370079 0.448819 -0.811024 
vn 0.228346 0.385827 -0.889764 
vn 0.401575 0.661417 -0.637795 
vn 0.362205 0.401575 -0.84252 
vn -0.244094 0 0.968504 
vn -0.559055 -0.464567 0.685039 
vn 0.84252 0.0708661 0.527559 
vn -0.488189 -0.244094 0.834646 
vn 0.732283 0.181102 0.653543 
vn 0.496063 0.740157 0.456693 
vn 0.212598 -0.771654 -0.598425 
vn 0.0708661 0.559055 -0.826772 
vn 0.330709 0.716535 -0.614173 
vn -0.795276 -0.0472441 -0.606299 
vn -0.653543 0.0551181 0.755906 
vn -0.409449 0.456693 0.787402 
vn 0.488189 0.685039 -0.543307 
vn 0.362205 0.401575 -0.84252 
vn 0.401575 0.661417 -0.637795 
vn 0.968504 -0.023622 0.244094 
vn 0.952756 0.141732 0.275591 
vn 0.889764 0.149606 0.433071 
vn -0.937008 -0.11811 -0.322835 
vn 0.685039 0.23622 -0.685039 
vn 0.787402 0.401575 -0.472441 
vn -0.716535 0.566929 0.401575 
vn -0.937008 0.220472 0.267717 
vn 0.133858 -0.141732 0.984252 
vn -0.409449 0.456693 0.787402 
vn -0.433071 0.787402 -0.433071 
vn -0.795276 -0.0472441 -0.606299 
vn -0.299213 0.645669 -0.700787 
vn -0.370079 0.448819 -0.811024 
vn -0.393701 0.307087 -0.866142 
vn -0.370079 0.448819 -0.811024 
vn -0.299213 0.645669 -0.700787 
vn -0.188976 0.637795 -0.748031 
vn 0.968504 -0.023622 0.244094 
vn 0.889764 0.149606 0.433071 
vn 0.905512 -0.023622 0.417323 
vn 0.913386 0.393701 0.102362 
vn 0.80315 0.559055 -0.228346 
vn 0.826772 0.566929 -0.0393701 
vn 0.23622 0.96063 -0.141732 
vn 0.448819 0.866142 -0.220472 
vn 0.771654 -0.590551 -0.23622 
vn 0.944882 -0.212598 -0.251969 
vn 0.952756 0.299213 0 
vn 0.905512 0.299213 0.291339 
vn 0.952756 0.299213 0 
vn 0.787402 -0.559055 -0.244094 
vn -0.0708661 0.480315 0.874016 
vn -0.409449 0.456693 0.787402 
vn -0.653543 0.0551181 0.755906 
vn 0.834646 -0.362205 0.417323 
vn 0.677165 -0.204724 0.708661 
vn -0.677165 -0.0314961 0.732283 
vn 0.677165 -0.204724 0.708661 
vn 0.771654 -0.165354 0.614173 
vn 0.102362 0.937008 -0.330709 
vn 0.377953 0.913386 -0.141732 
vn 0.811024 0.440945 -0.377953 
vn -0.818898 0.023622 -0.574803 
vn -0.519685 -0.0708661 0.850394 
vn -0.433071 0.0551181 0.897638 
vn -0.15748 -0.330709 -0.929134 
vn -0.992126 0.0944882 -0.102362 
vn -0.937008 -0.125984 -0.322835 
vn -0.992126 0.0944882 -0.102362 
vn -0.15748 -0.330709 -0.929134 
vn -0.992126 -0.015748 -0.102362 
vn -0.645669 -0.0944882 0.755906 
vn -0.952756 -0.015748 0.307087 
vn -0.818898 -0.299213 0.488189 
vn -0.582677 0.188976 0.787402 
vn -0.889764 0.141732 0.440945 
vn 0.362205 0.401575 -0.84252 
vn 0.488189 0.685039 -0.543307 
vn 0.503937 0.417323 -0.755906 
vn 0.598425 0.503937 -0.629921 
vn -0.992126 0.0944882 -0.102362 
vn -0.992126 -0.015748 -0.102362 
vn -0.992126 -0.0551181 0.0787402 
vn 0.598425 0.503937 -0.629921 
vn 0.488189 0.685039 -0.543307 
vn 0.574803 0.692913 -0.440945 
vn 0.80315 0.559055 -0.228346 
vn 0.913386 0.393701 0.102362 
vn 0.937008 0.346457 -0.0393701 
vn -0.677165 -0.11811 -0.724409 
vn -0.732283 0 0.677165 
vn -0.653543 0.0551181 0.755906 
vn -0.440945 -0.330709 0.834646 
vn -0.732283 0 0.677165 
vn -0.677165 -0.11811 -0.724409 
vn -0.401575 0.661417 -0.637795 
vn -0.393701 0.307087 -0.866142 
vn -0.527559 0.322835 -0.779528 
vn -0.299213 0.645669 -0.700787 
vn 0.944882 0.0787402 0.307087 
vn 0.952756 -0.11811 0.275591 
vn 0.700787 -0.409449 -0.582677 
vn 0.700787 -0.409449 -0.582677 
vn 0.944882 -0.212598 -0.251969 
vn 0.944882 0.0787402 0.307087 
vn 0.00787402 0.110236 0.992126 
vn 0.00787402 -0.259843 0.968504 
vn 0.937008 -0.354331 0.015748 
vn -0.992126 0.0944882 -0.102362 
vn -0.992126 -0.0551181 0.0787402 
vn -0.984252 0.141732 0.0866142 
vn 0.76378 0.535433 -0.370079 
vn 0.637795 0.692913 -0.330709 
vn 0.685039 0.692913 -0.220472 
vn 0.937008 0.346457 -0.0393701 
vn 0.905512 0.346457 -0.228346 
vn 0.637795 -0.110236 0.76378 
vn 0.291339 -0.937008 -0.19685 
vn 0.708661 0.133858 -0.692913 
vn 0.00787402 0.110236 0.992126 
vn -0.433071 0.0551181 0.897638 
vn -0.519685 -0.0708661 0.850394 
vn 0.905512 -0.023622 0.417323 
vn 0.889764 0.149606 0.433071 
vn 0.795276 0.15748 0.582677 
vn 0.582677 -0.00787402 0.811024 
vn 0.897638 0.0708661 0.433071 
vn 0.88189 0.267717 0.377953 
vn 0.653543 0.149606 0.740157 
vn 0.755906 0.629921 0.188976 
vn -0.850394 0.204724 0.480315 
vn -0.023622 -0.818898 0.574803 
vn 0.818898 -0.110236 0.559055 
vn -0.76378 0.535433 -0.370079 
vn -0.905512 0.346457 -0.228346 
vn -0.937008 0.346457 -0.0393701 
vn 0.905512 -0.023622 0.417323 
vn 0.795276 0.15748 0.582677 
vn 0.787402 -0.0708661 0.614173 
vn 0.826772 0.566929 -0.0393701 
vn 0.850394 0.511811 0.110236 
vn 0.913386 0.393701 0.102362 
vn 0.913386 0.393701 0.102362 
vn 0.850394 0.511811 0.110236 
vn 0.889764 0.385827 0.23622 
vn -0.76378 0.535433 -0.370079 
vn -0.937008 0.346457 -0.0393701 
vn -0.866142 0.488189 0.0866142 
vn -0.0708661 -0.968504 0.251969 
vn 0.314961 -0.220472 -0.92126 
vn 0.354331 -0.314961 -0.88189 
vn -0.787402 -0.559055 -0.244094 
vn -0.944882 -0.212598 -0.251969 
vn -0.952756 0.299213 0 
vn -0.905512 0.299213 0.291339 
vn -0.952756 0.299213 0 
vn 0.645669 0.645669 0.409449 
vn 0.755906 0.251969 0.598425 
vn 0.826772 0.00787402 -0.559055 
vn 0.692913 0.519685 -0.496063 
vn 0.574803 0.692913 -0.440945 
vn 0.637795 0.692913 -0.330709 
vn 0.228346 0.968504 -0.11811 
vn 0.677165 0.716535 0.15748 
vn 0.637795 -0.338583 -0.692913 
vn -0.385827 -0.165354 0.905512 
vn -0.84252 -0.015748 0.535433 
vn -0.708661 -0.259843 0.653543 
vn 0.905512 0.149606 0.401575 
vn -0.141732 0.874016 0.456693 
vn -0.566929 0.181102 0.80315 
vn -0.527559 0.322835 -0.779528 
vn -0.488189 0.685039 -0.543307 
vn -0.401575 0.661417 -0.637795 
vn 0.362205 0.606299 -0.708661 
vn 0.15748 0.937008 -0.307087 
vn 0.496063 0.771654 -0.401575 
vn 0.818898 0.566929 0 
vn 0.952756 0.299213 0 
vn 0.905512 0.299213 -0.291339 
vn -0.0708661 0.480315 0.874016 
vn -0.259843 0.110236 0.96063 
vn 0.913386 -0.149606 0.377953 
vn 0.905512 0.299213 -0.291339 
vn 0.779528 0.566929 -0.251969 
vn 0.818898 0.566929 0 
vn -0.314961 -0.220472 -0.92126 
vn 0.0708661 -0.968504 0.251969 
vn -0.354331 -0.314961 -0.88189 
vn 0.574803 0.692913 -0.440945 
vn 0.692913 0.519685 -0.496063 
vn 0.598425 0.503937 -0.629921 
vn 0.795276 -0.244094 -0.559055 
vn 0.937008 -0.0866142 -0.346457 
vn 0.944882 -0.0629921 -0.322835 
vn 0.937008 -0.354331 0.015748 
vn 0.984252 -0.149606 0.11811 
vn 0.00787402 0.110236 0.992126 
vn -0.535433 -0.267717 -0.80315 
vn 0.700787 -0.409449 -0.582677 
vn 0.433071 -0.874016 -0.228346 
vn 0.826772 0.00787402 -0.559055 
vn 0.322835 0.401575 -0.858268 
vn 0.645669 0.645669 0.409449 
vn -0.952756 -0.015748 0.307087 
vn -0.645669 -0.0944882 0.755906 
vn -0.582677 0.188976 0.787402 
vn -0.952756 0.0787402 0.307087 
vn -0.944882 -0.212598 -0.251969 
vn -0.700787 -0.409449 -0.582677 
vn -0.700787 -0.409449 -0.582677 
vn -0.952756 -0.11811 0.275591 
vn -0.952756 0.0787402 0.307087 
vn 0.732283 0.102362 0.669291 
vn 0.385827 0.0866142 0.92126 
vn 0.543307 -0.267717 0.795276 
vn 0.692913 0.519685 0.496063 
vn 0.433071 0.456693 0.779528 
vn -0.992126 -0.0551181 0.0787402 
vn -0.952756 0.141732 0.275591 
vn -0.984252 0.141732 0.0866142 
vn -0.952756 0.141732 0.275591 
vn -0.992126 -0.0551181 0.0787402 
vn -0.968504 -0.023622 0.244094 
vn -0.669291 0.598425 -0.440945 
vn -0.866142 0.322835 -0.377953 
vn -0.905512 0.346457 -0.228346 
vn -0.905512 0.346457 -0.228346 
vn -0.76378 0.535433 -0.370079 
vn -0.637795 0.692913 -0.330709 
vn -0.685039 0.692913 -0.220472 
vn 0.992126 -0.125984 -0.0472441 
vn 0.708661 -0.19685 0.677165 
vn 0.811024 -0.11811 0.566929 
vn 0.496063 0.795276 -0.362205 
vn 0.669291 0.566929 -0.480315 
vn 0.566929 0.551181 -0.614173 
vn 0.566929 0.551181 -0.614173 
vn 0.496063 0.771654 -0.401575 
vn 0.496063 0.795276 -0.362205 
vn 0.850394 0.511811 0.110236 
vn 0.811024 0.496063 0.307087 
vn 0.889764 0.385827 0.23622 
vn 0.787402 0.425197 0.448819 
vn -0.496063 0.771654 -0.401575 
vn -0.15748 0.937008 -0.307087 
vn -0.362205 0.606299 -0.708661 
vn 0.787402 -0.0708661 0.614173 
vn 0.795276 0.15748 0.582677 
vn 0.700787 0.0944882 0.708661 
vn -0.488189 0.685039 -0.543307 
vn -0.598425 0.503937 -0.629921 
vn -0.574803 0.692913 -0.440945 
vn -0.795276 0.0629921 0.598425 
vn -0.110236 0.417323 0.905512 
vn 0.818898 0.519685 -0.23622 
vn -0.0472441 0.440945 0.897638 
vn -0.141732 0.401575 0.905512 
vn 0.929134 -0.370079 0.0314961 
vn 0.188976 0.354331 0.913386 
vn -0.92126 -0.204724 0.330709 
vn -0.669291 -0.692913 -0.275591 
vn -0.653543 0.0551181 0.755906 
vn -0.259843 0.110236 0.96063 
vn -0.0708661 0.480315 0.874016 
vn 0.433071 0.850394 -0.307087 
vn 0.456693 0.779528 -0.425197 
vn 0.897638 -0.425197 0.11811 
vn 0.866142 0.448819 0.212598 
vn 0.88189 0.110236 0.464567 
vn 0.574803 -0.244094 -0.779528 
vn 0.275591 -0.00787402 -0.96063 
vn 0.149606 -0.976378 -0.173228 
vn -0.952756 -0.275591 -0.102362 
vn 0.275591 0.0551181 0.96063 
vn -0.944882 0.023622 0.338583 
vn -0.976378 -0.15748 0.15748 
vn 0.637795 0.692913 -0.330709 
vn 0.76378 0.535433 -0.370079 
vn 0.692913 0.519685 -0.496063 
vn -0.133858 0.322835 -0.937008 
vn -0.448819 0.181102 -0.874016 
vn -0.472441 -0.322835 0.818898 
vn -0.905512 0.299213 -0.291339 
vn -0.952756 0.299213 0 
vn -0.818898 0.566929 0 
vn -0.732283 0.141732 0.661417 
vn -0.724409 -0.015748 -0.685039 
vn -0.598425 -0.015748 -0.80315 
vn -0.818898 0.566929 0 
vn -0.779528 0.566929 -0.251969 
vn -0.905512 0.299213 -0.291339 
vn -0.566929 0.181102 0.80315 
vn 0.771654 -0.165354 0.614173 
vn 0.905512 0.149606 0.401575 
vn -0.488189 0.685039 -0.543307 
vn -0.503937 0.417323 -0.755906 
vn -0.598425 0.503937 -0.629921 
vn -0.133858 0.84252 0.527559 
vn -0.76378 -0.212598 0.606299 
vn -0.76378 -0.503937 0.401575 
vn 0.826772 -0.559055 -0.0629921 
vn 0.417323 0.338583 0.84252 
vn 0.102362 0.228346 0.968504 
vn 0.456693 -0.724409 0.519685 
vn -0.275591 0.393701 0.874016 
vn -0.511811 0.370079 0.771654 
vn -0.275591 0.559055 -0.779528 
vn 0.188976 0.685039 -0.700787 
vn 0.188976 -0.677165 -0.716535 
vn 0.496063 0.771654 -0.401575 
vn 0.566929 0.551181 -0.614173 
vn 0.362205 0.606299 -0.708661 
vn 0.976378 -0.00787402 -0.228346 
vn -0.614173 -0.566929 -0.551181 
vn -0.464567 0.716535 -0.519685 
vn -0.968504 -0.023622 0.244094 
vn -0.889764 0.149606 0.433071 
vn -0.952756 0.141732 0.275591 
vn -0.889764 0.149606 0.433071 
vn -0.968504 -0.023622 0.244094 
vn -0.905512 -0.023622 0.417323 
vn -0.866142 0.488189 0.0866142 
vn -0.913386 0.393701 0.102362 
vn -0.80315 0.551181 0.23622 
vn 0.96063 -0.251969 0.0866142 
vn 0.677165 -0.204724 0.708661 
vn 0.834646 -0.362205 0.417323 
vn 0 -0.015748 1 
vn 0 -0.527559 0.850394 
vn 0.15748 -0.590551 0.787402 
vn 0.15748 -0.590551 0.787402 
vn 0.251969 0.0314961 0.968504 
vn 0 -0.015748 1 
vn 0.307087 -0.228346 0.92126 
vn 0.472441 0.88189 0.0314961 
vn 0.19685 0.968504 -0.149606 
vn -0.307087 -0.84252 -0.440945 
vn -0.92126 0.102362 0.370079 
vn -0.220472 -0.322835 -0.92126 
vn -0.322835 0.0472441 0.944882 
vn -0.732283 0 0.677165 
vn -0.440945 -0.330709 0.834646 
vn -0.787402 -0.244094 0.566929 
vn -0.440945 -0.0393701 -0.897638 
vn -0.897638 -0.244094 0.362205 
vn 0.165354 0.0393701 0.984252 
vn 0.251969 -0.133858 0.96063 
vn 0.448819 -0.11811 0.88189 
vn -0.15748 -0.590551 0.787402 
vn 0 -0.527559 0.850394 
vn 0 -0.015748 1 
vn 0 -0.015748 1 
vn -0.251969 0.0314961 0.968504 
vn -0.15748 -0.590551 0.787402 
vn 0.80315 0.559055 -0.228346 
vn 0.685039 0.692913 -0.220472 
vn 0.669291 0.740157 -0.0787402 
vn -0.937008 0.346457 -0.0393701 
vn -0.913386 0.393701 0.102362 
vn -0.866142 0.488189 0.0866142 
vn 0.929134 0.165354 0.322835 
vn 0.11811 0.0787402 -0.992126 
vn 0.826772 0.00787402 -0.559055 
vn 0.417323 0.503937 0.755906 
vn 0.181102 0.968504 0.15748 
vn -0.551181 0.393701 -0.740157 
vn -0.330709 0.535433 0.779528 
vn -0.582677 0.188976 0.787402 
vn 0.700787 -0.173228 0.692913 
vn -0.574803 0.692913 -0.440945 
vn -0.669291 0.598425 -0.440945 
vn -0.637795 0.692913 -0.330709 
vn 0.700787 0.0944882 0.708661 
vn 0.653543 -0.00787402 0.755906 
vn 0.787402 -0.0708661 0.614173 
vn 0.685039 0.692913 -0.220472 
vn 0.80315 0.559055 -0.228346 
vn 0.76378 0.535433 -0.370079 
vn 0.826772 0.0472441 0.559055 
vn 0.661417 -0.543307 0.519685 
vn 0.629921 -0.740157 0.228346 
vn 0.629921 -0.740157 0.228346 
vn 0.952756 -0.11811 0.275591 
vn 0.826772 0.0472441 0.559055 
vn -0.362205 0.606299 -0.708661 
vn -0.566929 0.551181 -0.614173 
vn -0.496063 0.771654 -0.401575 
vn -0.511811 -0.015748 -0.858268 
vn -0.889764 0.141732 0.440945 
vn -0.622047 0.527559 0.574803 
vn -0.622047 0.527559 0.574803 
vn -0.15748 0.80315 -0.574803 
vn -0.511811 -0.015748 -0.858268 
vn -0.76378 -0.503937 0.401575 
vn -0.0787402 0.740157 0.669291 
vn -0.133858 0.84252 0.527559 
vn 0.653543 -0.00787402 0.755906 
vn 0.700787 0.0944882 0.708661 
vn 0.551181 0.0944882 0.826772 
vn 0.133858 -0.141732 0.984252 
vn 0.511811 0.307087 0.80315 
vn -0.716535 0.566929 0.401575 
vn 0.251969 0.0314961 0.968504 
vn 0.15748 -0.590551 0.787402 
vn 0.425197 -0.448819 0.787402 
vn 0.866142 0.448819 0.212598 
vn 0.700787 0.472441 0.535433 
vn 0.566929 0.102362 0.818898 
vn 0.551181 0.0944882 0.826772 
vn 0.574803 -0.0787402 0.811024 
vn 0.653543 -0.00787402 0.755906 
vn -0.133858 0.84252 0.527559 
vn -0.0787402 0.740157 0.669291 
vn 0.425197 0.811024 0.409449 
vn -0.425197 -0.448819 0.787402 
vn -0.15748 -0.590551 0.787402 
vn -0.251969 0.0314961 0.968504 
vn -0.574803 0.692913 -0.440945 
vn -0.598425 0.503937 -0.629921 
vn -0.669291 0.598425 -0.440945 
vn -0.905512 -0.023622 0.417323 
vn -0.795276 0.15748 0.582677 
vn -0.889764 0.149606 0.433071 
vn -0.795276 0.15748 0.582677 
vn -0.905512 -0.023622 0.417323 
vn -0.787402 -0.0708661 0.614173 
vn -0.488189 -0.244094 0.834646 
vn 0.11811 -0.976378 -0.181102 
vn 0.968504 -0.0708661 0.228346 
vn 0.574803 -0.244094 -0.779528 
vn 0.23622 0.251969 -0.937008 
vn 0.866142 0.448819 0.212598 
vn -0.755906 0.551181 0.354331 
vn -0.913386 0.393701 0.102362 
vn -0.889764 0.385827 0.23622 
vn -0.913386 0.393701 0.102362 
vn -0.755906 0.551181 0.354331 
vn -0.80315 0.551181 0.23622 
vn 0.897638 -0.425197 0.11811 
vn 0.779528 -0.590551 -0.19685 
vn 0.433071 0.850394 -0.307087 
vn 0.944882 0.330709 -0.00787402 
vn 0.92126 0.307087 0.228346 
vn -0.259843 -0.338583 0.905512 
vn 0.913386 -0.149606 0.377953 
vn 0.929134 0.370079 0.00787402 
vn -0.0708661 0.480315 0.874016 
vn -0.755906 0.346457 -0.559055 
vn 0.771654 0.527559 0.354331 
vn 0.653543 0.377953 0.653543 
vn -0.889764 0.141732 0.440945 
vn -0.511811 -0.015748 -0.858268 
vn -0.362205 0.0314961 -0.929134 
vn 0.913386 -0.212598 -0.354331 
vn 0.937008 -0.0866142 -0.346457 
vn 0.795276 -0.244094 -0.559055 
vn -0.346457 0.188976 0.92126 
vn -0.385827 -0.165354 0.905512 
vn 0.80315 -0.409449 0.440945 
vn 0.330709 -0.307087 0.889764 
vn 0.00787402 -0.141732 0.992126 
vn -0.889764 -0.456693 0.023622 
vn -0.889764 0.141732 0.440945 
vn -0.582677 0.188976 0.787402 
vn -0.330709 0.535433 0.779528 
vn -0.259843 -0.338583 0.905512 
vn 0.456693 -0.889764 0.0472441 
vn 0.944882 0.330709 -0.00787402 
vn -0.629921 -0.740157 0.228346 
vn -0.661417 -0.543307 0.519685 
vn -0.826772 0.0472441 0.559055 
vn -0.826772 0.0472441 0.559055 
vn -0.952756 -0.11811 0.275591 
vn -0.629921 -0.740157 0.228346 
vn 0.787402 0.401575 -0.472441 
vn 0.228346 -0.779528 -0.582677 
vn -0.937008 -0.11811 -0.322835 
vn 0.574803 -0.0787402 0.811024 
vn 0.551181 0.0944882 0.826772 
vn 0.527559 0.0866142 0.84252 
vn 0.905512 -0.409449 -0.11811 
vn -0.0866142 0.11811 0.992126 
vn -0.307087 0.149606 0.937008 
vn -0.787402 -0.0708661 0.614173 
vn -0.700787 0.0944882 0.708661 
vn -0.795276 0.15748 0.582677 
vn 0.527559 0.0866142 0.84252 
vn 0.448819 -0.11811 0.88189 
vn 0.574803 -0.0787402 0.811024 
vn -0.346457 0.188976 0.92126 
vn -0.732283 0.141732 0.661417 
vn -0.84252 -0.015748 0.535433 
vn 0.330709 -0.188976 -0.92126 
vn -0.496063 -0.346457 -0.795276 
vn -0.354331 0.858268 -0.362205 
vn 0.503937 0.425197 0.748031 
vn 0.708661 -0.19685 0.677165 
vn 0.992126 -0.125984 -0.0472441 
vn 0.165354 0.850394 -0.503937 
vn 0.0393701 1 0.0551181 
vn -0.440945 0.259843 0.858268 
vn 0.905512 0.299213 0.291339 
vn 0.944882 0.0787402 0.307087 
vn 0.944882 -0.212598 -0.251969 
vn 0.905512 0.299213 0.291339 
vn 0.771654 0.299213 0.559055 
vn -0.574803 0.322835 -0.748031 
vn -0.850394 0.0708661 -0.519685 
vn 0.251969 0.322835 0.913386 
vn -0.637795 0.692913 -0.330709 
vn -0.669291 0.598425 -0.440945 
vn -0.76378 0.535433 -0.370079 
vn -0.937008 -0.0787402 -0.338583 
vn -0.897638 -0.19685 -0.393701 
vn 0.0472441 -0.511811 -0.858268 
vn 0.448819 -0.11811 0.88189 
vn 0.527559 0.0866142 0.84252 
vn 0.165354 0.0393701 0.984252 
vn -0.685039 0.559055 0.472441 
vn -0.889764 0.385827 0.23622 
vn -0.84252 0.377953 0.385827 
vn -0.889764 0.385827 0.23622 
vn -0.685039 0.559055 0.472441 
vn -0.755906 0.551181 0.354331 
vn 0.653543 0.149606 0.740157 
vn -0.645669 -0.228346 0.732283 
vn -0.748031 -0.11811 0.653543 
vn 0.669291 0.566929 -0.480315 
vn 0.496063 0.795276 -0.362205 
vn 0.582677 0.795276 -0.188976 
vn 0.637795 -0.338583 -0.692913 
vn -0.220472 0.0629921 -0.976378 
vn 0.228346 0.968504 -0.11811 
vn -0.645669 -0.228346 0.732283 
vn 0.653543 0.149606 0.740157 
vn 0.645669 0.582677 0.496063 
vn 0.165354 0.0866142 -0.984252 
vn -0.637795 -0.732283 -0.244094 
vn -0.606299 -0.181102 0.771654 
vn 0.645669 0.582677 0.496063 
vn -0.614173 0.669291 0.417323 
vn -0.645669 -0.228346 0.732283 
vn 0.826772 0.566929 -0.0393701 
vn 0.669291 0.740157 -0.0787402 
vn 0.700787 0.708661 0.0866142 
vn 0.771654 0.527559 0.354331 
vn 0.527559 0.377953 0.76378 
vn 0.653543 0.377953 0.653543 
vn -0.700787 -0.15748 -0.700787 
vn 0.275591 -0.937008 -0.212598 
vn -0.535433 -0.464567 0.708661 
vn 0.80315 -0.409449 0.440945 
vn 0.858268 -0.173228 0.480315 
vn -0.346457 0.188976 0.92126 
vn 0.0472441 -0.511811 -0.858268 
vn -0.937008 -0.125984 -0.322835 
vn -0.937008 -0.0787402 -0.338583 
vn 0.535433 -0.267717 -0.80315 
vn 0.787402 -0.456693 -0.417323 
vn -0.433071 -0.874016 -0.228346 
vn -0.700787 0.0944882 0.708661 
vn -0.787402 -0.0708661 0.614173 
vn -0.653543 -0.00787402 0.755906 
vn 0.811024 0.496063 0.307087 
vn 0.0314961 0.897638 -0.448819 
vn 0.787402 0.425197 0.448819 
vn -0.598425 -0.015748 -0.80315 
vn -0.84252 -0.015748 0.535433 
vn -0.732283 0.141732 0.661417 
vn -0.685039 0.692913 -0.220472 
vn -0.866142 0.488189 0.0866142 
vn -0.669291 0.740157 -0.0787402 
vn 0.425197 0.811024 0.409449 
vn 0.897638 -0.149606 -0.409449 
vn 0.80315 0.173228 -0.566929 
vn 0.811024 0.0866142 0.582677 
vn 0.826772 0.0472441 0.559055 
vn 0.952756 -0.11811 0.275591 
vn 0.952756 -0.11811 0.275591 
vn 0.944882 0.0787402 0.307087 
vn 0.811024 0.0866142 0.582677 
vn 0.433071 -0.874016 -0.228346 
vn -0.787402 -0.456693 -0.417323 
vn -0.535433 -0.267717 -0.80315 
vn -0.653543 -0.00787402 0.755906 
vn -0.551181 0.0944882 0.826772 
vn -0.700787 0.0944882 0.708661 
vn 0.669291 0.740157 -0.0787402 
vn 0.826772 0.566929 -0.0393701 
vn 0.80315 0.559055 -0.228346 
vn -0.590551 0.559055 0.582677 
vn -0.84252 0.377953 0.385827 
vn -0.76378 0.377953 0.527559 
vn -0.84252 0.377953 0.385827 
vn -0.590551 0.559055 0.582677 
vn -0.685039 0.559055 0.472441 
vn -0.464567 0.716535 -0.519685 
vn 0.291339 0.88189 -0.370079 
vn 0.976378 -0.00787402 -0.228346 
vn -0.551181 0.0944882 0.826772 
vn -0.653543 -0.00787402 0.755906 
vn -0.574803 -0.0787402 0.811024 
vn -0.685039 0.692913 -0.220472 
vn -0.76378 0.535433 -0.370079 
vn -0.866142 0.488189 0.0866142 
vn -0.204724 0.551181 0.811024 
vn 0.503937 0.425197 0.748031 
vn 0.125984 0.708661 0.692913 
vn 0.700787 -0.173228 0.692913 
vn 0.897638 0.291339 0.338583 
vn -0.330709 0.535433 0.779528 
vn 0.582677 0.559055 0.590551 
vn 0.511811 0.377953 0.771654 
vn 0.527559 0.377953 0.76378 
vn 0.582677 0.559055 0.590551 
vn 0.511811 0.590551 0.629921 
vn -0.944882 -0.212598 -0.251969 
vn -0.952756 0.0787402 0.307087 
vn -0.905512 0.299213 0.291339 
vn -0.771654 0.299213 0.559055 
vn -0.905512 0.299213 0.291339 
vn 0 0.952756 -0.314961 
vn 0 0.748031 -0.669291 
vn -0.362205 0.606299 -0.708661 
vn 0.952756 0.299213 0 
vn 0.818898 0.566929 0 
vn 0.779528 0.566929 0.251969 
vn 0.779528 0.566929 0.251969 
vn 0.905512 0.299213 0.291339 
vn 0.952756 0.299213 0 
vn 0.818898 -0.559055 0.110236 
vn 0.582677 -0.00787402 0.811024 
vn -0.748031 -0.11811 0.653543 
vn -0.0787402 0.0314961 1 
vn 0.0866142 -0.0944882 0.992126 
vn 0.251969 -0.133858 0.96063 
vn 0.700787 0.708661 0.0866142 
vn 0.685039 0.700787 0.204724 
vn 0.826772 0.566929 -0.0393701 
vn 0.826772 0.566929 -0.0393701 
vn 0.685039 0.700787 0.204724 
vn 0.850394 0.511811 0.110236 
vn -0.818898 -0.299213 0.488189 
vn -0.952756 -0.015748 0.307087 
vn -0.362205 0.0314961 -0.929134 
vn 0.76378 0.291339 0.574803 
vn 0.496063 0.307087 0.811024 
vn -0.732283 -0.314961 0.606299 
vn -0.732283 -0.314961 0.606299 
vn 0.433071 -0.889764 0.125984 
vn 0.76378 0.291339 0.574803 
vn -0.574803 -0.0787402 0.811024 
vn -0.401575 0.0866142 0.913386 
vn -0.551181 0.0944882 0.826772 
vn -0.401575 0.0866142 0.913386 
vn -0.574803 -0.0787402 0.811024 
vn -0.433071 -0.0866142 0.897638 
vn -0.76378 0.377953 0.527559 
vn -0.511811 0.503937 0.692913 
vn -0.590551 0.559055 0.582677 
vn -0.15748 0.874016 0.464567 
vn -0.417323 0.874016 0.259843 
vn -0.76378 0.559055 0.314961 
vn -0.102362 -0.0944882 0.992126 
vn -0.0787402 0.0314961 1 
vn -0.0629921 0.0787402 0.992126 
vn -0.0787402 0.0314961 1 
vn -0.102362 -0.0944882 0.992126 
vn 0.0866142 -0.0944882 0.992126 
vn -0.330709 0.535433 0.779528 
vn -0.622047 0.527559 0.574803 
vn -0.889764 0.141732 0.440945 
vn -0.330709 0.535433 0.779528 
vn 0.897638 0.291339 0.338583 
vn -0.15748 0.80315 -0.574803 
vn -0.433071 -0.0866142 0.897638 
vn -0.23622 0.0787402 0.968504 
vn -0.401575 0.0866142 0.913386 
vn -0.23622 0.0787402 0.968504 
vn -0.433071 -0.0866142 0.897638 
vn -0.267717 -0.0944882 0.96063 
vn -0.362205 0.0314961 -0.929134 
vn -0.952756 -0.015748 0.307087 
vn -0.889764 0.141732 0.440945 
vn -0.267717 -0.0944882 0.96063 
vn -0.0629921 0.0787402 0.992126 
vn -0.23622 0.0787402 0.968504 
vn -0.0629921 0.0787402 0.992126 
vn -0.267717 -0.0944882 0.96063 
vn -0.102362 -0.0944882 0.992126 
vn 0.645669 0.645669 0.409449 
vn 0.425197 0.590551 0.685039 
vn 0.346457 0.291339 0.889764 
vn 0.645669 0.645669 0.409449 
vn 0.322835 0.401575 -0.858268 
vn -0.724409 0.669291 0.15748 
vn 0.535433 0.826772 0.181102 
vn 0.228346 0.968504 -0.0708661 
vn -0.496063 0.188976 -0.850394 
vn -0.811024 0.0866142 0.582677 
vn -0.952756 0.0787402 0.307087 
vn -0.952756 -0.11811 0.275591 
vn -0.952756 -0.11811 0.275591 
vn -0.826772 0.0472441 0.559055 
vn -0.811024 0.0866142 0.582677 
vn 0.0314961 0.897638 -0.448819 
vn 0.622047 0.598425 0.503937 
vn 0.574803 0.653543 0.488189 
vn 0.582677 0.795276 -0.188976 
vn 0.779528 0.566929 -0.251969 
vn 0.669291 0.566929 -0.480315 
vn 0.606299 0.795276 0 
vn -0.748031 -0.11811 0.653543 
vn 0.582677 -0.00787402 0.811024 
vn 0.653543 0.149606 0.740157 
vn 0 0 1 
vn 0 0 1 
vn 0 0 1 
vn 0 0 1 
vn -0.653543 0.377953 0.653543 
vn -0.527559 0.377953 0.76378 
vn -0.511811 0.503937 0.692913 
vn -0.76378 0.377953 0.527559 
vn -0.275591 0.393701 0.874016 
vn -0.692913 0.551181 0.464567 
vn -0.511811 0.370079 0.771654 
vn 0.795276 -0.244094 -0.559055 
vn 0.944882 -0.0629921 -0.322835 
vn 0.92126 -0.0944882 -0.370079 
vn 0.685039 0.700787 0.204724 
vn 0.637795 0.708661 0.307087 
vn 0.850394 0.511811 0.110236 
vn 0.850394 0.511811 0.110236 
vn 0.637795 0.708661 0.307087 
vn 0.811024 0.496063 0.307087 
vn -0.527559 0.377953 0.76378 
vn -0.385827 0.503937 0.771654 
vn -0.511811 0.503937 0.692913 
vn 0.771654 0.299213 0.559055 
vn 0.811024 0.0866142 0.582677 
vn 0.944882 0.0787402 0.307087 
vn 0.291339 0.559055 0.779528 
vn -0.88189 0.0472441 0.464567 
vn -0.92126 -0.204724 0.330709 
vn 0 -1 0 
vn 0 -1 0 
vn 0 -1 0 
vn 0 -1 0 
vn -0.779528 0.566929 0.251969 
vn -0.818898 0.566929 0 
vn -0.952756 0.299213 0 
vn 0.811024 0.496063 0.307087 
vn 0.622047 0.598425 0.503937 
vn 0.0314961 0.897638 -0.448819 
vn -0.92126 -0.204724 0.330709 
vn 0.188976 0.354331 0.913386 
vn 0.291339 0.559055 0.779528 
vn 0.755906 0.251969 0.598425 
vn 0.346457 0.291339 0.889764 
vn 0.496063 0.307087 0.811024 
vn -0.858268 -0.291339 0.417323 
vn 0.425197 0.590551 0.685039 
vn -0.385827 0.377953 0.84252 
vn -0.244094 0.503937 0.826772 
vn -0.385827 0.503937 0.771654 
vn -0.527559 0.377953 0.76378 
vn -0.385827 0.377953 0.84252 
vn -0.385827 0.503937 0.771654 
vn -0.992126 0.0787402 0.110236 
vn 0.0866142 0.259843 0.96063 
vn 0.314961 0.543307 0.779528 
vn 0.346457 0.291339 0.889764 
vn 0.755906 0.251969 0.598425 
vn 0.645669 0.645669 0.409449 
vn 0.314961 0.543307 0.779528 
vn -0.527559 0.84252 -0.125984 
vn -0.992126 0.0787402 0.110236 
vn 0.724409 0.448819 0.527559 
vn 0.464567 0.440945 0.76378 
vn 0.275591 0.0551181 0.96063 
vn -0.228346 0.377953 0.897638 
vn -0.0944882 0.503937 0.858268 
vn -0.244094 0.503937 0.826772 
vn -0.385827 0.377953 0.84252 
vn -0.228346 0.377953 0.897638 
vn -0.244094 0.503937 0.826772 
vn -0.708661 0.19685 0.677165 
vn 0.165354 0.708661 0.692913 
vn 0.023622 0.448819 -0.897638 
vn -0.669291 0.566929 -0.480315 
vn -0.779528 0.566929 -0.251969 
vn -0.582677 0.795276 -0.188976 
vn -0.606299 0.795276 0 
vn -0.779528 0.566929 -0.251969 
vn 0.598425 0.015748 0.80315 
vn 0.0314961 -0.212598 0.976378 
vn 0.590551 -0.330709 0.740157 
vn -0.0708661 0.377953 0.92126 
vn 0.0551181 0.503937 0.858268 
vn -0.0944882 0.503937 0.858268 
vn -0.889764 -0.456693 0.023622 
vn 0.00787402 -0.141732 0.992126 
vn -0.0866142 0.291339 0.952756 
vn -0.669291 0.740157 -0.0787402 
vn -0.80315 0.551181 0.23622 
vn -0.700787 0.708661 0.0866142 
vn -0.669291 0.740157 -0.0787402 
vn -0.866142 0.488189 0.0866142 
vn 0.811024 0.496063 0.307087 
vn 0.637795 0.708661 0.307087 
vn 0.622047 0.598425 0.503937 
vn -0.732283 -0.314961 0.606299 
vn 0.496063 0.307087 0.811024 
vn 0.346457 0.291339 0.889764 
vn -0.929134 -0.0472441 -0.362205 
vn -0.433071 0.0551181 0.897638 
vn -0.181102 0.456693 0.866142 
vn -0.952756 0.0787402 0.307087 
vn -0.811024 0.0866142 0.582677 
vn -0.771654 0.299213 0.559055 
vn 0.0787402 0.897638 0.433071 
vn -0.181102 0.637795 -0.748031 
vn -0.811024 0.338583 -0.480315 
vn 0.755906 -0.110236 -0.645669 
vn 0.598425 0.015748 0.80315 
vn 0.590551 -0.330709 0.740157 
vn -0.181102 0.456693 0.866142 
vn -0.527559 0.787402 -0.307087 
vn -0.929134 -0.0472441 -0.362205 
vn -0.291339 0.00787402 -0.96063 
vn -0.889764 0.0393701 0.448819 
vn 0.291339 0.84252 0.448819 
vn 0.606299 0.795276 0 
vn 0.818898 0.566929 0 
vn 0.779528 0.566929 -0.251969 
vn 0.275591 0.779528 0.566929 
vn 0.0393701 0.866142 0.496063 
vn -0.472441 0.566929 0.677165 
vn 0.968504 -0.0708661 0.228346 
vn 0.11811 -0.976378 -0.181102 
vn 0.440945 0.0787402 -0.897638 
vn 0.574803 0.653543 0.488189 
vn 0.582677 0.559055 0.590551 
vn 0.771654 0.527559 0.354331 
vn 0.527559 0.377953 0.76378 
vn 0.574803 0.653543 0.488189 
vn 0.409449 0.708661 0.574803 
vn -0.685039 0.700787 0.204724 
vn -0.80315 0.551181 0.23622 
vn -0.755906 0.551181 0.354331 
vn 0.11811 0.0787402 -0.992126 
vn 0.929134 0.165354 0.322835 
vn 0.76378 0.291339 0.574803 
vn -0.80315 0.551181 0.23622 
vn -0.685039 0.700787 0.204724 
vn -0.700787 0.708661 0.0866142 
vn 0.559055 0.346457 0.755906 
vn 0.0866142 0.259843 0.96063 
vn -0.102362 0.401575 0.913386 
vn -0.992126 0.0787402 0.110236 
vn -0.984252 0.015748 -0.15748 
vn 0.417323 -0.0472441 0.905512 
vn 0.818898 -0.23622 0.519685 
vn 0.88189 0.110236 0.464567 
vn 0.566929 0.102362 0.818898 
vn 0.866142 0.448819 0.212598 
vn 0.228346 0.968504 -0.0629921 
vn -0.700787 0.393701 0.598425 
vn 0.220472 -0.354331 0.905512 
vn -0.779528 0.566929 -0.251969 
vn -0.818898 0.566929 0 
vn -0.606299 0.795276 0 
vn 0.76378 0.291339 0.574803 
vn 0.433071 -0.889764 0.125984 
vn 0.11811 0.0787402 -0.992126 
vn 0.905512 0.149606 0.401575 
vn 1 -0.00787402 0.0551181 
vn 0.228346 0.259843 -0.937008 
vn 0.228346 0.259843 -0.937008 
vn -0.141732 0.874016 0.456693 
vn -0.637795 0.708661 0.307087 
vn -0.755906 0.551181 0.354331 
vn -0.685039 0.559055 0.472441 
vn -0.755906 0.551181 0.354331 
vn -0.637795 0.708661 0.307087 
vn -0.685039 0.700787 0.204724 
vn -0.401575 0.913386 -0.0472441 
vn 0.00787402 0.251969 0.968504 
vn 0.968504 0.19685 0.15748 
vn -0.433071 0.133858 0.889764 
vn 0.716535 -0.527559 0.456693 
vn 0.472441 -0.173228 0.866142 
vn -0.952756 0.299213 0 
vn -0.905512 0.299213 0.291339 
vn -0.779528 0.566929 0.251969 
vn -0.669291 0.566929 0.480315 
vn -0.905512 0.299213 0.291339 
vn -0.88189 0.141732 -0.448819 
vn -0.409449 0.661417 0.629921 
vn 0.023622 0.889764 0.456693 
vn -0.440945 -0.330709 0.834646 
vn 0.0629921 -1 -0.0551181 
vn 0.937008 -0.212598 0.283465 
vn 0.251969 -0.133858 0.96063 
vn 0.165354 0.0393701 0.984252 
vn -0.0787402 0.0314961 1 
vn 0.622047 -0.0866142 0.779528 
vn 0.527559 0.834646 -0.165354 
vn 0.472441 0.88189 0.0314961 
vn -0.574803 0.708661 0.409449 
vn -0.685039 0.559055 0.472441 
vn -0.590551 0.559055 0.582677 
vn -0.685039 0.559055 0.472441 
vn -0.574803 0.708661 0.409449 
vn -0.637795 0.708661 0.307087 
vn 0.590551 0.0944882 0.80315 
vn 0.598425 0.181102 0.779528 
vn 0.826772 0.0472441 0.559055 
vn 0.826772 0.0472441 0.559055 
vn 0.811024 0.0866142 0.582677 
vn 0.590551 0.0944882 0.80315 
vn 0.188976 0.708661 0.677165 
vn 0.212598 0.559055 0.80315 
vn 0.23622 0.779528 0.582677 
vn 0.0551181 0.503937 0.858268 
vn 0.00787402 0.488189 0.874016 
vn 0.409449 0.708661 0.574803 
vn 0.511811 0.590551 0.629921 
vn 0.582677 0.559055 0.590551 
vn 0.511811 0.590551 0.629921 
vn 0.409449 0.708661 0.574803 
vn 0.307087 0.708661 0.637795 
vn 0.0551181 0.503937 0.858268 
vn 0.212598 0.559055 0.80315 
vn -0.0708661 0.708661 0.700787 
vn -0.0708661 0.377953 0.92126 
vn 0.00787402 0.488189 0.874016 
vn -0.0944882 0.503937 0.858268 
vn 0.0551181 0.503937 0.858268 
vn -0.188976 0.708661 0.677165 
vn -0.228346 0.377953 0.897638 
vn -0.0708661 0.377953 0.92126 
vn -0.84252 0.330709 -0.417323 
vn -0.811024 0.314961 -0.496063 
vn -0.88189 -0.015748 -0.464567 
vn 0.0314961 -0.212598 0.976378 
vn 0.598425 0.015748 0.80315 
vn 0.669291 0.0866142 0.740157 
vn 0.275591 0.0551181 0.96063 
vn 0.724409 0.448819 0.527559 
vn 0.669291 0.566929 0.480315 
vn 0.771654 0.299213 0.559055 
vn 0.905512 0.299213 0.291339 
vn 0.905512 0.299213 0.291339 
vn 0.779528 0.566929 0.251969 
vn 0.669291 0.566929 0.480315 
vn -0.590551 0.559055 0.582677 
vn -0.496063 0.708661 0.496063 
vn -0.574803 0.708661 0.409449 
vn -0.362205 0.0314961 -0.929134 
vn 0.015748 -0.96063 -0.275591 
vn -0.818898 -0.299213 0.488189 
vn 0.23622 0.779528 0.582677 
vn 0.307087 0.708661 0.637795 
vn 0.188976 0.708661 0.677165 
vn -0.00787402 0.92126 -0.393701 
vn 0.897638 0.23622 0.362205 
vn 0.834646 -0.165354 -0.519685 
vn 0.732283 0.102362 -0.669291 
vn -0.590551 0.0944882 0.80315 
vn -0.811024 0.0866142 0.582677 
vn -0.826772 0.0472441 0.559055 
vn -0.582677 0.708661 -0.385827 
vn -0.834646 -0.354331 -0.417323 
vn 0.385827 -0.015748 0.92126 
vn -0.76378 0.559055 0.314961 
vn -0.527559 0.566929 0.629921 
vn -0.15748 0.874016 0.464567 
vn -0.496063 0.708661 0.496063 
vn -0.511811 0.503937 0.692913 
vn -0.385827 0.503937 0.771654 
vn -0.590551 0.559055 0.582677 
vn 0.519685 -0.23622 0.818898 
vn 0.417323 -0.0472441 0.905512 
vn -0.874016 0.0708661 0.480315 
vn -0.874016 0.0708661 0.480315 
vn -0.322835 -0.944882 0.0866142 
vn 0.519685 -0.23622 0.818898 
vn -0.889764 -0.456693 0.023622 
vn 0.244094 -0.937008 -0.251969 
vn 0.330709 -0.307087 0.889764 
vn -0.385827 0.503937 0.771654 
vn -0.409449 0.708661 0.574803 
vn -0.496063 0.708661 0.496063 
vn -0.629921 -0.0314961 -0.779528 
vn -0.023622 0.968504 -0.23622 
vn 0.0629921 0.984252 0.149606 
vn 0.559055 0.299213 0.771654 
vn 0.590551 0.0944882 0.80315 
vn 0.811024 0.0866142 0.582677 
vn 0.811024 0.0866142 0.582677 
vn 0.771654 0.299213 0.559055 
vn 0.559055 0.299213 0.771654 
vn 0.212598 0.559055 0.80315 
vn 0.188976 0.708661 0.677165 
vn 0.0629921 0.708661 0.700787 
vn -0.724409 -0.015748 -0.685039 
vn -0.732283 0.141732 0.661417 
vn -0.448819 0.527559 0.716535 
vn -0.944882 0.023622 0.338583 
vn 0.275591 0.0551181 0.96063 
vn 0.464567 0.440945 0.76378 
vn 0.307087 0.708661 0.637795 
vn 0.23622 0.779528 0.582677 
vn 0.511811 0.590551 0.629921 
vn 0.00787402 0.826772 0.566929 
vn 0.511811 0.590551 0.629921 
vn 0.00787402 0.826772 0.566929 
vn 0.511811 0.377953 0.771654 
vn 0.795276 0.543307 -0.275591 
vn 0.590551 0.456693 -0.661417 
vn 0.0472441 0.984252 -0.188976 
vn 0.80315 0.173228 -0.566929 
vn 0.181102 0.944882 0.283465 
vn 0.425197 0.811024 0.409449 
vn -0.905512 0.299213 0.291339 
vn -0.771654 0.299213 0.559055 
vn -0.669291 0.566929 0.480315 
vn -0.448819 0.527559 0.716535 
vn -0.299213 0.80315 -0.511811 
vn -0.724409 -0.015748 -0.685039 
vn -0.244094 0.503937 0.826772 
vn -0.307087 0.708661 0.637795 
vn -0.409449 0.708661 0.574803 
vn -0.409449 0.708661 0.574803 
vn -0.385827 0.503937 0.771654 
vn -0.244094 0.503937 0.826772 
vn 0.464567 0.440945 0.76378 
vn -0.551181 0.826772 0.110236 
vn -0.944882 0.023622 0.338583 
vn 0.212598 0.559055 0.80315 
vn 0.0629921 0.708661 0.700787 
vn -0.0708661 0.708661 0.700787 
vn 0.732283 0.102362 -0.669291 
vn -0.637795 0.283465 0.716535 
vn -0.00787402 0.92126 -0.393701 
vn -0.251969 0.283465 0.92126 
vn -0.905512 -0.409449 0.0629921 
vn -0.779528 -0.622047 -0.110236 
vn 0.0551181 0.503937 0.858268 
vn -0.0708661 0.708661 0.700787 
vn -0.188976 0.708661 0.677165 
vn -0.0944882 0.503937 0.858268 
vn -0.188976 0.708661 0.677165 
vn -0.307087 0.708661 0.637795 
vn -0.244094 0.503937 0.826772 
vn -0.0944882 0.503937 0.858268 
vn -0.307087 0.708661 0.637795 
vn 0.811024 0.590551 -0.015748 
vn 0.677165 0.645669 -0.346457 
vn -0.574803 0.401575 -0.708661 
vn -0.228346 0.669291 0.708661 
vn 0.629921 0.496063 0.598425 
vn 0.314961 0.543307 0.779528 
vn 0.0866142 0.259843 0.96063 
vn 0.566929 0.102362 0.818898 
vn -0.779528 0.0708661 0.622047 
vn -0.874016 0.0708661 0.480315 
vn -0.629921 0.141732 0.76378 
vn -0.724409 -0.291339 -0.629921 
vn -0.582677 -0.795276 -0.173228 
vn 0.929134 0.165354 0.322835 
vn 0.496063 0.307087 0.811024 
vn 0.76378 0.291339 0.574803 
vn -0.811024 0.0866142 0.582677 
vn -0.590551 0.0944882 0.80315 
vn -0.559055 0.299213 0.771654 
vn -0.559055 0.299213 0.771654 
vn -0.771654 0.299213 0.559055 
vn -0.811024 0.0866142 0.582677 
vn 0.818898 0.566929 0 
vn 0.606299 0.795276 0 
vn 0.582677 0.795276 0.188976 
vn -0.440945 0.440945 0.779528 
vn -0.0472441 0.440945 0.897638 
vn 0.15748 0.850394 0.503937 
vn 0.590551 -0.330709 0.740157 
vn 0.15748 -0.952756 -0.259843 
vn 0.755906 -0.110236 -0.645669 
vn 0.125984 0.944882 0.307087 
vn 0.0866142 0.850394 0.527559 
vn -0.165354 -0.590551 0.787402 
vn -0.850394 -0.110236 0.511811 
vn 0.385827 0.0866142 0.92126 
vn 0.433071 0.456693 0.779528 
vn -0.669291 -0.692913 -0.275591 
vn 0.84252 -0.385827 -0.377953 
vn 0.551181 0.393701 0.732283 
vn 0.598425 0.582677 0.551181 
vn 0.84252 -0.385827 -0.377953 
vn 0.771654 0.527559 0.354331 
vn 0.0314961 0.897638 -0.448819 
vn 0.574803 0.653543 0.488189 
vn 0.488189 0.850394 0.19685 
vn 0.220472 -0.354331 0.905512 
vn 0.622047 -0.19685 0.755906 
vn 0.346457 0.291339 0.889764 
vn -0.858268 -0.291339 0.417323 
vn -0.732283 -0.314961 0.606299 
vn 0.425197 0.811024 0.409449 
vn 0.181102 0.944882 0.283465 
vn -0.133858 0.84252 0.527559 
vn 0.598425 0.582677 0.551181 
vn 0.291339 0.559055 0.779528 
vn 0.188976 0.354331 0.913386 
vn -0.984252 0.015748 -0.15748 
vn -0.102362 0.401575 0.913386 
vn 0.0866142 0.259843 0.96063 
vn 0.425197 0.590551 0.685039 
vn -0.724409 0.669291 0.15748 
vn -0.858268 -0.291339 0.417323 
vn 0.165354 0.480315 0.858268 
vn -0.181102 0.456693 0.866142 
vn -0.433071 0.0551181 0.897638 
vn 0.141732 0.440945 0.889764 
vn -0.15748 0.23622 0.96063 
vn -0.299213 -0.00787402 0.952756 
vn 0.15748 0.897638 -0.417323 
vn 0.181102 0.850394 -0.488189 
vn 0.11811 0.850394 -0.511811 
vn -0.582677 0.795276 0.188976 
vn -0.606299 0.795276 0 
vn -0.818898 0.566929 0 
vn -0.677165 -0.11811 -0.724409 
vn 0.0629921 -1 -0.0551181 
vn -0.440945 -0.330709 0.834646 
vn -0.771654 0.165354 -0.614173 
vn -0.850394 0.370079 0.377953 
vn 0.543307 0.433071 0.724409 
vn -0.228346 -0.322835 -0.92126 
vn -0.96063 0.15748 -0.212598 
vn 0.102362 0.937008 -0.330709 
vn -0.15748 0.874016 0.464567 
vn -0.527559 0.566929 0.629921 
vn 0.472441 -0.173228 0.866142 
vn 0.724409 0.448819 0.527559 
vn 0.669291 0.0866142 0.740157 
vn 0.80315 -0.212598 -0.559055 
vn -0.511811 0.370079 0.771654 
vn -0.700787 -0.645669 0.291339 
vn 0.456693 -0.724409 0.519685 
vn 0.220472 0.913386 -0.338583 
vn -0.874016 0.251969 -0.417323 
vn -0.566929 0.19685 0.80315 
vn 0.330709 0.858268 -0.401575 
vn 0.204724 0.897638 -0.385827 
vn 0.251969 0.913386 -0.330709 
vn -0.15748 0.897638 -0.417323 
vn -0.11811 0.850394 -0.511811 
vn -0.181102 0.850394 -0.488189 
vn 0.307087 0.102362 0.944882 
vn 0.251969 0.0314961 0.968504 
vn 0.598425 0.181102 0.779528 
vn 0.204724 0.897638 -0.385827 
vn 0.251969 0.858268 -0.448819 
vn 0.181102 0.850394 -0.488189 
vn 0.330709 0.858268 -0.401575 
vn 0.307087 0.913386 -0.259843 
vn 0.251969 0.913386 -0.330709 
vn 0.267717 0.944882 -0.19685 
vn 0.496063 0.795276 -0.362205 
vn 0.496063 0.771654 -0.401575 
vn 0.496063 0.771654 -0.401575 
vn 0.228346 0.96063 -0.165354 
vn 0.267717 0.944882 -0.19685 
vn 0.511811 -0.330709 0.795276 
vn 0.984252 0.149606 0.0787402 
vn -0.125984 0.834646 0.543307 
vn -0.165354 -0.590551 0.787402 
vn 0.755906 -0.11811 0.645669 
vn 0.125984 0.944882 0.307087 
vn 0.897638 0.23622 0.362205 
vn -0.00787402 0.92126 -0.393701 
vn -0.637795 0.283465 0.716535 
vn -0.929134 -0.173228 -0.330709 
vn -0.23622 -0.417323 -0.874016 
vn 0.440945 0.291339 -0.850394 
vn -0.92126 0.141732 0.370079 
vn -0.125984 0.992126 -0.0629921 
vn -0.259843 0.937008 -0.23622 
vn -0.267717 0.944882 -0.19685 
vn -0.228346 0.96063 -0.165354 
vn -0.496063 0.771654 -0.401575 
vn 0.551181 0.393701 0.732283 
vn 0.188976 0.354331 0.913386 
vn 0.370079 -0.84252 0.393701 
vn 0.330709 0.858268 -0.401575 
vn 0.307087 0.913386 -0.259843 
vn 0.401575 0.858268 -0.314961 
vn 0.448819 0.866142 -0.228346 
vn 0.448819 0.866142 -0.228346 
vn 0.354331 0.913386 -0.212598 
vn -0.826772 0.0472441 0.559055 
vn -0.598425 0.181102 0.779528 
vn -0.590551 0.0944882 0.80315 
vn -0.251969 0.0314961 0.968504 
vn -0.425197 -0.448819 0.787402 
vn -0.181102 0.850394 -0.488189 
vn -0.204724 0.897638 -0.385827 
vn -0.15748 0.897638 -0.417323 
vn -0.11811 0.850394 -0.511811 
vn -0.0944882 0.889764 -0.440945 
vn -0.0472441 0.850394 -0.527559 
vn -0.023622 0.889764 -0.456693 
vn -0.0944882 0.889764 -0.440945 
vn -0.0472441 0.850394 -0.527559 
vn 0.0314961 0.889764 -0.456693 
vn 0.0393701 0.850394 -0.527559 
vn 0.0314961 0.889764 -0.456693 
vn 0.11811 0.850394 -0.511811 
vn 0.0944882 0.889764 -0.440945 
vn 0.0393701 0.850394 -0.527559 
vn 0.0944882 0.889764 -0.440945 
vn 0.15748 0.897638 -0.417323 
vn 0.204724 0.897638 -0.385827 
vn 0.181102 0.850394 -0.488189 
vn -0.519685 -0.0708661 0.850394 
vn 0.00787402 -0.259843 0.968504 
vn 0.00787402 0.110236 0.992126 
vn -0.433071 0.0551181 0.897638 
vn 0.165354 0.480315 0.858268 
vn -0.259843 0.937008 -0.23622 
vn -0.905512 -0.425197 0.00787402 
vn -0.92126 0.141732 0.370079 
vn 0.692913 0.519685 0.496063 
vn 0.732283 0.102362 0.669291 
vn 0.80315 -0.19685 -0.566929 
vn -0.330709 0.858268 -0.401575 
vn -0.307087 0.913386 -0.259843 
vn -0.251969 0.913386 -0.330709 
vn -0.204724 0.897638 -0.385827 
vn -0.330709 0.858268 -0.401575 
vn -0.251969 0.858268 -0.448819 
vn -0.181102 0.850394 -0.488189 
vn -0.251969 0.858268 -0.448819 
vn 0.464567 0.866142 -0.165354 
vn 0.354331 0.913386 -0.212598 
vn 0.393701 0.905512 -0.15748 
vn 0.354331 0.937008 -0.0393701 
vn 0.622047 -0.0866142 0.779528 
vn 0.811024 -0.543307 -0.220472 
vn 0.543307 0.677165 -0.496063 
vn 0.291339 0.299213 0.905512 
vn 0.307087 0.102362 0.944882 
vn 0.590551 0.0944882 0.80315 
vn 0.590551 0.0944882 0.80315 
vn 0.559055 0.299213 0.771654 
vn 0.291339 0.299213 0.905512 
vn 0.354331 0.913386 -0.212598 
vn 0.464567 0.866142 -0.165354 
vn 0.448819 0.866142 -0.228346 
vn -0.015748 -0.267717 0.96063 
vn 0.377953 -0.92126 -0.110236 
vn 0.874016 0.472441 0.0866142 
vn 0.598425 0.181102 0.779528 
vn 0.590551 0.0944882 0.80315 
vn 0.307087 0.102362 0.944882 
vn 0 0.299213 0.952756 
vn 0 0.110236 0.992126 
vn 0.755906 0.574803 -0.322835 
vn 0.511811 0.637795 -0.582677 
vn -0.787402 0.425197 -0.448819 
vn 0.0787402 0.661417 0.740157 
vn 0.535433 -0.76378 0.370079 
vn 0.204724 -0.976378 -0.0944882 
vn -0.259843 -0.338583 -0.905512 
vn -0.590551 0.0944882 0.80315 
vn -0.307087 0.102362 0.944882 
vn -0.291339 0.299213 0.905512 
vn -0.291339 0.299213 0.905512 
vn -0.559055 0.299213 0.771654 
vn -0.590551 0.0944882 0.80315 
vn -0.307087 0.913386 -0.259843 
vn -0.448819 0.866142 -0.228346 
vn -0.354331 0.913386 -0.212598 
vn -0.92126 0.015748 -0.377953 
vn -0.952756 0.00787402 -0.291339 
vn -0.929134 0.330709 -0.181102 
vn 0.76378 0.322835 0.566929 
vn 0.622047 0.582677 0.519685 
vn 0.440945 0.519685 0.732283 
vn -0.322835 0.779528 0.535433 
vn -0.133858 0.456693 0.88189 
vn 0.952756 0.275591 -0.110236 
vn -0.307087 0.102362 0.944882 
vn -0.590551 0.0944882 0.80315 
vn -0.598425 0.181102 0.779528 
vn 0 0.110236 0.992126 
vn 0 0.299213 0.952756 
vn -0.456693 -0.440945 0.771654 
vn 0.370079 0.724409 0.574803 
vn 0.590551 0.76378 0.259843 
vn -0.771654 0.299213 0.559055 
vn -0.559055 0.299213 0.771654 
vn -0.480315 0.566929 0.669291 
vn -0.480315 0.566929 0.669291 
vn -0.669291 0.566929 0.480315 
vn -0.771654 0.299213 0.559055 
vn -0.307087 0.913386 -0.259843 
vn -0.330709 0.858268 -0.401575 
vn -0.401575 0.858268 -0.314961 
vn -0.448819 0.866142 -0.228346 
vn -0.401575 0.858268 -0.314961 
vn 0.543307 0.677165 -0.496063 
vn 0.527559 0.834646 -0.165354 
vn 0.622047 -0.0866142 0.779528 
vn 0 0.110236 0.992126 
vn 0 -0.015748 1 
vn 0.251969 0.0314961 0.968504 
vn 0.251969 0.0314961 0.968504 
vn 0.307087 0.102362 0.944882 
vn 0 0.110236 0.992126 
vn 0.645669 0.582677 0.496063 
vn 0.755906 0.629921 0.188976 
vn 0.023622 0.425197 -0.905512 
vn -0.614173 0.669291 0.417323 
vn -0.944882 -0.0629921 0.322835 
vn -0.0551181 0.858268 0.511811 
vn -0.165354 0.984252 0.0472441 
vn 0.314961 0.944882 -0.102362 
vn 0.582677 0.795276 -0.188976 
vn 0.496063 0.795276 -0.362205 
vn 0.685039 0.700787 -0.19685 
vn 0.708661 0.692913 0.133858 
vn 0.897638 0.251969 0.354331 
vn 0.897638 0.251969 0.354331 
vn 0.96063 0.275591 -0.0393701 
vn 0.559055 0.346457 0.755906 
vn 0.417323 0.338583 0.84252 
vn 0.826772 -0.559055 -0.0629921 
vn 0 0.110236 0.992126 
vn -0.307087 0.102362 0.944882 
vn -0.251969 0.0314961 0.968504 
vn -0.251969 0.0314961 0.968504 
vn 0 -0.015748 1 
vn 0 0.110236 0.992126 
vn 0.188976 0.354331 0.913386 
vn 0.551181 0.393701 0.732283 
vn 0.598425 0.582677 0.551181 
vn -0.23622 0.385827 0.889764 
vn -0.976378 -0.212598 0.0393701 
vn -0.84252 -0.496063 -0.19685 
vn -0.976378 -0.212598 0.0393701 
vn -0.0314961 0.850394 0.527559 
vn 0.464567 0.866142 -0.165354 
vn 0.354331 0.937008 -0.0393701 
vn 0.535433 0.84252 -0.0314961 
vn 0.480315 0.874016 0.0787402 
vn 0.496063 0.795276 0.362205 
vn 0.669291 0.566929 0.480315 
vn 0.779528 0.566929 0.251969 
vn 0.779528 0.566929 0.251969 
vn 0.582677 0.795276 0.188976 
vn 0.496063 0.795276 0.362205 
vn -0.354331 0.913386 -0.212598 
vn -0.464567 0.866142 -0.165354 
vn -0.393701 0.905512 -0.15748 
vn -0.354331 0.937008 -0.0393701 
vn 0.84252 -0.385827 -0.377953 
vn 0.874016 -0.275591 -0.401575 
vn 0.598425 0.582677 0.551181 
vn 0.80315 -0.19685 -0.566929 
vn 0.771654 -0.181102 -0.606299 
vn 0.692913 0.519685 0.496063 
vn -0.464567 0.866142 -0.165354 
vn -0.354331 0.913386 -0.212598 
vn -0.448819 0.866142 -0.228346 
vn 0.582677 0.795276 0.188976 
vn 0.779528 0.566929 0.251969 
vn 0.818898 0.566929 0 
vn 0.314961 0.944882 0.102362 
vn 0.606299 0.795276 0 
vn -0.535433 0.370079 0.755906 
vn 0.968504 0.181102 0.188976 
vn 0.692913 0.15748 -0.700787 
vn 0.307087 0.102362 0.944882 
vn 0.291339 0.299213 0.905512 
vn 0 0.299213 0.952756 
vn 0.0866142 0.259843 0.96063 
vn 0.559055 0.346457 0.755906 
vn 0.629921 0.496063 0.590551 
vn 0.590551 0.291339 -0.748031 
vn 0.716535 0.181102 -0.669291 
vn -0.944882 -0.188976 -0.275591 
vn -0.622047 0.110236 -0.779528 
vn -0.700787 -0.645669 0.291339 
vn -0.511811 0.370079 0.771654 
vn -0.141732 0.653543 0.740157 
vn -0.125984 0.992126 -0.0629921 
vn -0.92126 0.141732 0.370079 
vn 0.228346 -0.212598 -0.952756 
vn -0.346457 0.259843 -0.897638 
vn 0.685039 0.700787 -0.19685 
vn 0.480315 0.874016 0.0787402 
vn 0.354331 0.937008 -0.0393701 
vn 0.409449 0.905512 0.0629921 
vn 0.409449 0.905512 0.0629921 
vn 0.464567 0.874016 0.141732 
vn 0.80315 -0.212598 -0.559055 
vn 0.535433 0.314961 -0.779528 
vn 0.724409 0.448819 0.527559 
vn -0.779528 0.566929 0.251969 
vn -0.669291 0.566929 0.480315 
vn -0.496063 0.795276 0.362205 
vn -0.496063 0.795276 0.362205 
vn -0.582677 0.795276 0.188976 
vn -0.779528 0.566929 0.251969 
vn -0.818898 0.566929 0 
vn -0.779528 0.566929 0.251969 
vn -0.582677 0.795276 0.188976 
vn -0.606299 0.795276 0 
vn -0.314961 0.944882 0.102362 
vn -0.433071 0.889764 0.110236 
vn 0 0.0787402 1 
vn 0.96063 0.204724 0.188976 
vn -0.976378 0 -0.204724 
vn -0.866142 -0.251969 0.440945 
vn -0.19685 0.976378 -0.0314961 
vn -0.826772 0.559055 0.0551181 
vn -0.716535 0.566929 0.401575 
vn 0.511811 0.307087 0.80315 
vn 0.251969 0.771654 -0.582677 
vn 0.551181 0.259843 0.795276 
vn 0.433071 0.488189 0.755906 
vn 0.259843 0.503937 0.826772 
vn 0.23622 0.779528 0.582677 
vn 0.00787402 0.488189 0.874016 
vn 0.00787402 0.826772 0.566929 
vn 0.212598 0.559055 0.80315 
vn 0.677165 0.716535 0.15748 
vn 0.228346 0.968504 -0.11811 
vn 0.149606 0.968504 0.212598 
vn 0.464567 0.874016 0.141732 
vn 0.409449 0.905512 0.0629921 
vn 0.409449 0.905512 0.125984 
vn 0.409449 0.905512 0.125984 
vn 0.370079 0.913386 0.181102 
vn 0.102362 0.228346 0.968504 
vn -0.102362 0.401575 0.913386 
vn -0.984252 0.015748 -0.15748 
vn -0.952756 -0.314961 -0.00787402 
vn -0.110236 -0.149606 0.984252 
vn -0.212598 0.251969 0.944882 
vn 0.748031 0.133858 -0.653543 
vn -0.850394 0.519685 -0.0866142 
vn -0.637795 0.299213 0.708661 
vn -0.354331 0.937008 -0.0393701 
vn -0.464567 0.866142 -0.165354 
vn -0.535433 0.84252 -0.0314961 
vn -0.480315 0.874016 0.0787402 
vn 0.456693 0.866142 0.204724 
vn 0.464567 0.874016 0.141732 
vn 0.370079 0.913386 0.181102 
vn -0.84252 -0.015748 0.535433 
vn -0.385827 -0.165354 0.905512 
vn -0.346457 0.188976 0.92126 
vn -0.732283 0.141732 0.661417 
vn -0.110236 0.535433 0.84252 
vn -0.984252 0.015748 -0.15748 
vn -0.307087 -0.874016 0.385827 
vn 0.102362 0.228346 0.968504 
vn -0.779528 0.0708661 0.622047 
vn 0.566929 0.102362 0.818898 
vn 0.700787 0.472441 0.535433 
vn 0.15748 0.850394 0.503937 
vn -0.0472441 0.440945 0.897638 
vn 0.826772 -0.314961 0.472441 
vn 0.968504 0.19685 0.15748 
vn -0.0866142 0.96063 -0.267717 
vn -0.401575 0.913386 -0.0472441 
vn 0.330709 0.944882 0 
vn 0.606299 0.795276 0 
vn 0.582677 0.795276 -0.188976 
vn 0.582677 0.795276 -0.188976 
vn 0.314961 0.944882 -0.102362 
vn 0.330709 0.944882 0 
vn -0.874016 0.0708661 0.480315 
vn 0.417323 -0.0472441 0.905512 
vn 0.566929 0.102362 0.818898 
vn -0.88189 0.0472441 0.464567 
vn 0.291339 0.559055 0.779528 
vn 0.322835 0.88189 0.346457 
vn 0.417323 0.338583 0.84252 
vn -0.102362 0.401575 0.913386 
vn 0.102362 0.228346 0.968504 
vn 0.700787 0.472441 0.535433 
vn -0.464567 0.858268 0.212598 
vn -0.779528 0.0708661 0.622047 
vn 0.456693 0.866142 0.204724 
vn 0.370079 0.913386 0.181102 
vn 0.338583 0.913386 0.23622 
vn 0.322835 0.88189 0.346457 
vn -0.76378 0.590551 -0.259843 
vn -0.88189 0.0472441 0.464567 
vn 0.228346 0.96063 -0.165354 
vn 0.496063 0.771654 -0.401575 
vn 0.15748 0.937008 -0.307087 
vn 0.708661 0.692913 0.133858 
vn -0.503937 0.677165 0.535433 
vn -0.244094 0 0.968504 
vn -0.354331 0.937008 -0.0393701 
vn -0.480315 0.874016 0.0787402 
vn -0.409449 0.905512 0.0629921 
vn -0.480315 0.874016 0.0787402 
vn -0.464567 0.874016 0.141732 
vn 0.338583 0.913386 0.23622 
vn 0.354331 0.866142 0.354331 
vn 0.409449 0.866142 0.283465 
vn 0.409449 0.866142 0.283465 
vn 0.456693 0.866142 0.204724 
vn 0.826772 -0.559055 -0.0629921 
vn 0.818898 -0.362205 -0.448819 
vn 0.559055 0.346457 0.755906 
vn -0.582677 0.795276 -0.188976 
vn -0.606299 0.795276 0 
vn -0.330709 0.944882 0 
vn -0.330709 0.944882 0 
vn -0.314961 0.944882 -0.102362 
vn -0.582677 0.795276 -0.188976 
vn 0.472441 -0.173228 0.866142 
vn 0.944882 0.149606 0.299213 
vn -0.15748 0.874016 0.464567 
vn 0.708661 0.188976 -0.677165 
vn 0.629921 0.496063 0.598425 
vn 0.559055 0.346457 0.755906 
vn 0.370079 0.700787 0.614173 
vn 0.480315 0.433071 0.76378 
vn 0.669291 0.472441 0.566929 
vn 0.456693 0.779528 -0.425197 
vn 0.0393701 1 0.0551181 
vn 0.165354 0.850394 -0.503937 
vn 0.393701 0.637795 0.669291 
vn 0.566929 0.433071 0.700787 
vn 0.724409 0.488189 0.488189 
vn -0.464567 0.874016 0.141732 
vn -0.409449 0.905512 0.125984 
vn -0.409449 0.905512 0.0629921 
vn -0.370079 0.913386 0.181102 
vn 0.559055 0.346457 0.755906 
vn 0.818898 -0.362205 -0.448819 
vn 0.708661 0.188976 -0.677165 
vn -0.370079 0.913386 0.181102 
vn -0.464567 0.874016 0.141732 
vn -0.456693 0.866142 0.204724 
vn 0.669291 0.566929 0.480315 
vn 0.496063 0.795276 0.362205 
vn 0.362205 0.795276 0.496063 
vn 0.291339 0.299213 0.905512 
vn 0.251969 0.566929 0.779528 
vn 0 0.566929 0.818898 
vn -0.598425 0.181102 0.779528 
vn -0.251969 0.0314961 0.968504 
vn -0.307087 0.102362 0.944882 
vn 0 0.299213 0.952756 
vn -0.291339 0.299213 0.905512 
vn -0.291339 0.299213 0.905512 
vn 0 0.566929 0.818898 
vn -0.559055 0.299213 0.771654 
vn -0.251969 0.566929 0.779528 
vn 0.251969 0.566929 0.779528 
vn 0.291339 0.299213 0.905512 
vn 0.559055 0.299213 0.771654 
vn 0 0.566929 0.818898 
vn 0 0.299213 0.952756 
vn 0.23622 0.913386 0.338583 
vn 0.283465 0.866142 0.409449 
vn 0.354331 0.866142 0.354331 
vn 0.204724 0.866142 0.456693 
vn 0.283465 0.866142 0.409449 
vn 0.354331 0.866142 0.354331 
vn 0.291339 0.913386 0.291339 
vn 0.338583 0.913386 0.23622 
vn 0.204724 0.866142 0.456693 
vn 0.23622 0.913386 0.338583 
vn 0.181102 0.913386 0.370079 
vn -0.629921 -0.0314961 -0.779528 
vn -0.905512 -0.425197 0.00787402 
vn -0.259843 0.937008 -0.23622 
vn -0.456693 0.866142 0.204724 
vn -0.338583 0.913386 0.23622 
vn -0.370079 0.913386 0.181102 
vn -0.456693 0.866142 0.204724 
vn -0.409449 0.866142 0.283465 
vn -0.354331 0.866142 0.354331 
vn -0.669291 -0.692913 -0.275591 
vn 0.370079 -0.84252 0.393701 
vn 0.188976 0.354331 0.913386 
vn 0.220472 -0.354331 0.905512 
vn 0.488189 0.850394 0.19685 
vn 0.228346 0.968504 -0.0629921 
vn -0.669291 0.566929 0.480315 
vn -0.480315 0.566929 0.669291 
vn -0.362205 0.795276 0.496063 
vn -0.362205 0.795276 0.496063 
vn -0.496063 0.795276 0.362205 
vn -0.669291 0.566929 0.480315 
vn -0.748031 -0.11811 0.653543 
vn -0.330709 -0.937008 -0.125984 
vn 0.818898 -0.559055 0.110236 
vn 0.543307 0.433071 0.724409 
vn 0.850394 0.496063 -0.165354 
vn -0.771654 0.165354 -0.614173 
vn 0.181102 0.913386 0.370079 
vn 0.125984 0.866142 0.480315 
vn 0.204724 0.866142 0.456693 
vn -0.354331 0.866142 0.354331 
vn -0.291339 0.913386 0.291339 
vn -0.338583 0.913386 0.23622 
vn -0.354331 0.866142 0.354331 
vn -0.23622 0.913386 0.338583 
vn -0.23622 0.913386 0.338583 
vn -0.283465 0.866142 0.409449 
vn -0.204724 0.866142 0.456693 
vn -0.125984 0.866142 0.480315 
vn -0.181102 0.913386 0.370079 
vn -0.204724 0.866142 0.456693 
vn 0.606299 0.795276 0 
vn 0.330709 0.944882 0 
vn 0.314961 0.944882 0.102362 
vn -0.220472 0.88189 -0.409449 
vn 0.354331 0.362205 -0.858268 
vn -0.299213 -0.480315 -0.826772 
vn -0.409449 0.456693 0.787402 
vn -0.0708661 0.480315 0.874016 
vn 0.929134 0.370079 0.00787402 
vn 0.929134 0.370079 0.00787402 
vn -0.433071 0.787402 -0.433071 
vn 0.992126 0.110236 -0.0944882 
vn 0.84252 0.0708661 0.527559 
vn 0.535433 -0.76378 0.370079 
vn 0.496063 0.472441 0.724409 
vn 0.393701 0.740157 0.551181 
vn 0.228346 0.771654 0.590551 
vn 0.322835 0.488189 0.811024 
vn -0.771654 0.622047 0.133858 
vn -0.92126 -0.110236 0.370079 
vn -0.314961 0.944882 0.102362 
vn -0.330709 0.944882 0 
vn -0.606299 0.795276 0 
vn 0 -0.433071 -0.897638 
vn -0.125984 -0.409449 -0.905512 
vn -0.385827 0.362205 -0.850394 
vn 0 -0.889764 0.448819 
vn 0.385827 0.362205 -0.850394 
vn 0.125984 -0.409449 -0.905512 
vn 0 -0.433071 -0.897638 
vn 0 -0.889764 0.448819 
vn 0.858268 0.19685 -0.480315 
vn -0.866142 0.503937 0.023622 
vn -0.566929 0.370079 0.740157 
vn 0 0.566929 0.818898 
vn -0.251969 0.566929 0.779528 
vn -0.291339 0.299213 0.905512 
vn -0.251969 0.566929 0.779528 
vn 0 0.795276 0.606299 
vn 0.984252 0.0551181 -0.165354 
vn 0.314961 -0.307087 -0.897638 
vn -0.188976 0.84252 -0.511811 
vn 0.125984 0.866142 0.480315 
vn 0.181102 0.913386 0.370079 
vn 0.110236 0.913386 0.401575 
vn 0.0314961 0.913386 0.409449 
vn 0.0551181 0.866142 0.496063 
vn -0.0393701 0.913386 0.409449 
vn 0.0551181 0.866142 0.496063 
vn -0.0393701 0.913386 0.409449 
vn -0.0472441 0.866142 0.496063 
vn -0.125984 0.866142 0.480315 
vn -0.0472441 0.866142 0.496063 
vn -0.125984 0.866142 0.480315 
vn -0.110236 0.913386 0.401575 
vn -0.181102 0.913386 0.370079 
vn -0.125984 0.866142 0.480315 
vn -0.23622 0.913386 0.338583 
vn -0.204724 0.866142 0.456693 
vn -0.850394 -0.511811 0.125984 
vn 0 0.0787402 1 
vn -0.433071 0.889764 0.110236 
vn 0.385827 0.0866142 0.92126 
vn 0.732283 0.102362 0.669291 
vn 0.692913 0.519685 0.496063 
vn 0.299213 0.779528 0.551181 
vn 0.11811 0.692913 0.708661 
vn 0.141732 0.322835 0.937008 
vn -0.15748 0.937008 -0.307087 
vn -0.496063 0.771654 -0.401575 
vn -0.228346 0.96063 -0.165354 
vn -0.0708661 0.992126 -0.0551181 
vn -0.0551181 0.992126 -0.0708661 
vn 0.228346 0.771654 0.590551 
vn 0.330709 0.590551 0.732283 
vn 0.496063 0.472441 0.724409 
vn 0.0866142 0.850394 0.527559 
vn 0.228346 0.779528 0.582677 
vn -0.448819 -0.488189 0.748031 
vn -0.448819 -0.488189 0.748031 
vn -0.165354 -0.590551 0.787402 
vn 0.0866142 0.850394 0.527559 
vn -0.566929 0.19685 0.80315 
vn 0.283465 0.96063 0.0393701 
vn 0.220472 0.913386 -0.338583 
vn -0.582677 0.80315 -0.0944882 
vn -0.692913 0.716535 -0.0787402 
vn -0.11811 0.984252 -0.133858 
vn -0.362205 0.795276 0.496063 
vn -0.188976 0.795276 0.582677 
vn -0.102362 0.944882 0.314961 
vn -0.188976 0.795276 0.582677 
vn -0.480315 0.566929 0.669291 
vn -0.480315 0.566929 0.669291 
vn -0.251969 0.566929 0.779528 
vn -0.559055 0.299213 0.771654 
vn -0.102362 0.976378 -0.188976 
vn -0.15748 0.968504 -0.212598 
vn 0.433071 0.850394 -0.307087 
vn 0.952756 0.15748 -0.251969 
vn -0.417323 -0.692913 0.582677 
vn -0.937008 0.299213 -0.19685 
vn 0.251969 0.566929 0.779528 
vn 0.188976 0.795276 0.582677 
vn 0 0.795276 0.606299 
vn 0.267717 0.944882 0.19685 
vn 0.496063 0.795276 0.362205 
vn 0.582677 0.795276 0.188976 
vn 0 0.795276 0.606299 
vn 0 0.566929 0.818898 
vn 0.251969 0.566929 0.779528 
vn 0.582677 0.795276 0.188976 
vn 0.314961 0.944882 0.102362 
vn 0.267717 0.944882 0.19685 
vn 0.149606 0.968504 0.212598 
vn -0.905512 0.125984 0.409449 
vn -0.338583 -0.0787402 0.937008 
vn 0 0.795276 0.606299 
vn -0.188976 0.795276 0.582677 
vn -0.251969 0.566929 0.779528 
vn -0.582677 0.795276 0.188976 
vn -0.496063 0.795276 0.362205 
vn -0.267717 0.944882 0.19685 
vn 0.984252 0.0551181 -0.165354 
vn -0.0787402 0.944882 -0.307087 
vn -0.0866142 0.96063 -0.267717 
vn 0.165354 0.480315 0.858268 
vn 0.00787402 0.110236 0.992126 
vn 0.984252 -0.149606 0.11811 
vn 0.220472 0.826772 -0.519685 
vn 0.472441 0.88189 0.0314961 
vn 0.527559 0.834646 -0.165354 
vn 0.96063 0.204724 0.188976 
vn -0.125984 0.984252 -0.0944882 
vn -0.433071 0.889764 0.110236 
vn 0.480315 0.874016 -0.0708661 
vn 0.425197 0.905512 -0.0787402 
vn -0.259843 0.937008 -0.23622 
vn -0.023622 0.968504 -0.23622 
vn -0.629921 -0.0314961 -0.779528 
vn -0.125984 0.992126 -0.0629921 
vn 0.480315 0.874016 -0.0708661 
vn -0.125984 0.992126 -0.0629921 
vn -0.141732 0.653543 0.740157 
vn -0.834646 -0.354331 -0.417323 
vn -0.582677 0.708661 -0.385827 
vn -0.0944882 -0.653543 -0.748031 
vn -0.102362 0.401575 0.913386 
vn 0.417323 0.338583 0.84252 
vn 0.559055 0.346457 0.755906 
vn -0.338583 -0.0787402 0.937008 
vn 0.496063 0.740157 0.456693 
vn 0.149606 0.968504 0.212598 
vn -0.944882 -0.0629921 0.322835 
vn -0.165354 -0.543307 0.826772 
vn 0.204724 0.677165 0.708661 
vn 0.448819 0.0787402 -0.889764 
vn 0.173228 0.267717 -0.944882 
vn 0.141732 -0.299213 0.944882 
vn -0.0551181 0.976378 -0.212598 
vn -0.314961 0.944882 0.015748 
vn -0.0787402 0.968504 -0.23622 
vn -0.0787402 0.968504 -0.23622 
vn -0.204724 0.968504 0.11811 
vn 0.19685 0.944882 0.267717 
vn 0.362205 0.795276 0.496063 
vn 0.496063 0.795276 0.362205 
vn 0.496063 0.795276 0.362205 
vn 0.267717 0.944882 0.19685 
vn 0.19685 0.944882 0.267717 
vn 0.496063 0.795276 -0.362205 
vn 0.267717 0.944882 -0.19685 
vn 0.314961 0.944882 -0.102362 
vn 0.0866142 1 0 
vn 0.330709 0.944882 0 
vn 0.0866142 0.992126 0.023622 
vn -0.188976 0.84252 -0.511811 
vn -0.0787402 0.944882 -0.307087 
vn 0.984252 0.0551181 -0.165354 
vn 0.023622 0.448819 -0.897638 
vn -0.590551 -0.00787402 -0.811024 
vn -0.708661 0.19685 0.677165 
vn -0.19685 0.944882 0.267717 
vn -0.267717 0.944882 0.19685 
vn -0.496063 0.795276 0.362205 
vn -0.905512 0.015748 0.425197 
vn -0.0944882 0.976378 -0.204724 
vn -0.913386 0.220472 -0.346457 
vn 0.543307 0.370079 0.755906 
vn 0.866142 0.503937 0.023622 
vn -0.913386 0.220472 -0.346457 
vn 0.543307 0.370079 0.755906 
vn -0.00787402 -0.952756 0.314961 
vn 0.149606 -0.80315 0.574803 
vn 0.543307 0.370079 0.755906 
vn -0.0944882 0.976378 -0.204724 
vn 0.543307 0.370079 0.755906 
vn -0.905512 0.015748 0.425197 
vn -0.354331 -0.0393701 0.937008 
vn 0.0472441 0.212598 0.976378 
vn 0.125984 0.543307 0.826772 
vn 0.0472441 0.992126 0.141732 
vn 0.11811 0.755906 0.645669 
vn 0.472441 0.740157 0.480315 
vn 0.204724 0.677165 0.708661 
vn -0.0551181 0.858268 0.511811 
vn -0.944882 -0.0629921 0.322835 
vn -0.110236 0.535433 0.84252 
vn -0.346457 0.188976 0.92126 
vn 0.858268 -0.173228 0.480315 
vn -0.023622 0.968504 -0.23622 
vn -0.259843 0.937008 -0.23622 
vn 0.425197 0.905512 -0.0787402 
vn 0.88189 -0.346457 0.322835 
vn 0.889764 -0.448819 0.0629921 
vn 0.425197 0.905512 -0.0787402 
vn 0.102362 0.944882 0.314961 
vn 0.228346 0.771654 0.590551 
vn 0.393701 0.740157 0.551181 
vn 0.559055 0.818898 0.125984 
vn 0.322835 0.88189 0.346457 
vn 0.291339 0.559055 0.779528 
vn -0.661417 -0.023622 0.748031 
vn 0.511811 0.574803 0.637795 
vn -0.0708661 0.874016 -0.480315 
vn -0.818898 -0.377953 -0.425197 
vn -0.464567 -0.874016 -0.141732 
vn -0.692913 0.716535 -0.0787402 
vn 0.133858 0.629921 0.76378 
vn -0.897638 0.330709 0.291339 
vn -0.527559 -0.818898 0.220472 
vn 0.023622 0.992126 -0.0866142 
vn -0.0393701 1 0.023622 
vn 0 1 -0.0866142 
vn 0 1 -0.0866142 
vn 0.0393701 1 0.023622 
vn -0.023622 0.992126 -0.0866142 
vn -0.0866142 0.96063 -0.267717 
vn 0.968504 0.19685 0.15748 
vn 0.984252 0.0551181 -0.165354 
vn -0.267717 0.944882 0.19685 
vn -0.314961 0.944882 0.102362 
vn -0.582677 0.795276 0.188976 
vn -0.330709 0.944882 0 
vn -0.0866142 0.992126 0.023622 
vn 0.149606 0.968504 0.212598 
vn 0.496063 0.740157 0.456693 
vn 0.677165 0.716535 0.15748 
vn 0.472441 0.88189 0.0314961 
vn 0.307087 -0.228346 0.92126 
vn 0.622047 -0.0866142 0.779528 
vn 0.220472 0.826772 -0.519685 
vn 0.19685 0.968504 -0.149606 
vn -0.661417 -0.023622 0.748031 
vn -0.362205 0.88189 -0.299213 
vn -0.19685 0.976378 -0.0314961 
vn 0.0551181 0.992126 -0.0708661 
vn 0.228346 0.96063 -0.165354 
vn -0.0393701 1 0.023622 
vn -0.692913 0.716535 -0.0787402 
vn -0.582677 0.80315 -0.0944882 
vn -0.826772 -0.377953 -0.425197 
vn 0.425197 0.905512 -0.0787402 
vn 0.480315 0.874016 -0.0708661 
vn 0.88189 -0.346457 0.322835 
vn -0.19685 0.976378 -0.0314961 
vn -0.866142 -0.251969 0.440945 
vn -0.661417 -0.023622 0.748031 
vn 0 0.944882 0.330709 
vn 0 0.795276 0.606299 
vn 0.188976 0.795276 0.582677 
vn 0.141732 0.984252 -0.0944882 
vn 0.173228 0.976378 -0.0944882 
vn 0.220472 0.976378 -0.023622 
vn 0.15748 0.984252 0.0472441 
vn -0.141732 0.653543 0.740157 
vn 0.409449 -0.307087 0.858268 
vn 0.88189 -0.346457 0.322835 
vn -0.188976 0.795276 0.582677 
vn 0 0.795276 0.606299 
vn 0 0.944882 0.330709 
vn 0 0.944882 0.330709 
vn -0.102362 0.944882 0.314961 
vn -0.188976 0.795276 0.582677 
vn -0.102362 0.984252 -0.165354 
vn -0.110236 0.984252 -0.149606 
vn -0.133858 0.984252 -0.110236 
vn -0.149606 0.984252 -0.0944882 
vn -0.0314961 0.984252 -0.173228 
vn -0.0551181 0.976378 -0.212598 
vn -0.149606 0.984252 -0.0944882 
vn -0.228346 0.976378 -0.023622 
vn -0.0551181 0.976378 -0.212598 
vn -0.314961 0.944882 0.015748 
vn 0.0708661 0.992126 -0.0551181 
vn 0.267717 0.944882 -0.19685 
vn 0.228346 0.96063 -0.165354 
vn 0.228346 0.96063 -0.165354 
vn 0.0551181 0.992126 -0.0708661 
vn 0.0708661 0.992126 -0.0551181 
vn 0.0393701 1 0.023622 
vn -0.228346 0.96063 -0.165354 
vn -0.0551181 0.992126 -0.0708661 
vn -0.267717 0.944882 -0.19685 
vn -0.0708661 0.992126 -0.0551181 
vn 0.448819 0.11811 0.889764 
vn 0.133858 -0.976378 0.149606 
vn 0.976378 -0.173228 0.125984 
vn 0.0866142 0.850394 0.527559 
vn 0.125984 0.944882 0.307087 
vn 0.212598 0.976378 -0.00787402 
vn 0.0866142 0.992126 -0.023622 
vn 0.314961 0.944882 -0.102362 
vn 0.267717 0.944882 -0.19685 
vn 0.267717 0.944882 -0.19685 
vn 0.0708661 0.992126 -0.0551181 
vn 0.0866142 0.992126 -0.023622 
vn 0.88189 -0.346457 0.322835 
vn 0.480315 0.874016 -0.0708661 
vn -0.141732 0.653543 0.740157 
vn 0.212598 0.976378 -0.00787402 
vn 0.259843 0.968504 -0.0472441 
vn 0.0866142 0.850394 0.527559 
vn -0.496063 0.795276 0.362205 
vn -0.362205 0.795276 0.496063 
vn -0.19685 0.944882 0.267717 
vn -0.102362 0.944882 0.314961 
vn -0.362205 0.795276 0.496063 
vn -0.19685 0.944882 0.267717 
vn -0.023622 0.992126 0.0866142 
vn -0.433071 0.889764 0.110236 
vn -0.669291 0.724409 -0.173228 
vn -0.850394 -0.511811 0.125984 
vn -0.267717 0.944882 -0.19685 
vn -0.314961 0.944882 -0.102362 
vn -0.0866142 0.992126 -0.023622 
vn -0.0866142 0.992126 -0.023622 
vn -0.0708661 0.992126 -0.0551181 
vn -0.267717 0.944882 -0.19685 
vn 0.984252 -0.149606 0.11811 
vn 0.897638 0.370079 -0.23622 
vn 0.165354 0.480315 0.858268 
vn 0.818898 -0.023622 -0.574803 
vn -0.889764 -0.11811 -0.448819 
vn -0.511811 0.110236 -0.850394 
vn -0.141732 0.984252 0.0944882 
vn -0.11811 0.992126 -0.0314961 
vn -0.110236 0.992126 -0.0472441 
vn 0.181102 0.984252 -0.0708661 
vn 0.251969 0.0629921 -0.968504 
vn -0.976378 0 -0.204724 
vn 0.661417 0.748031 -0.0314961 
vn 0.354331 0.787402 -0.511811 
vn -0.472441 0.692913 0.551181 
vn 0.622047 -0.19685 0.755906 
vn 0.496063 0.866142 -0.00787402 
vn 0.488189 0.850394 0.19685 
vn -0.0944882 0.984252 0.133858 
vn -0.11811 0.992126 0.023622 
vn -0.11811 0.992126 0.00787402 
vn 0.409449 0.889764 -0.188976 
vn 0.19685 0.976378 -0.110236 
vn -0.102362 0.992126 -0.015748 
vn 0.425197 0.905512 -0.0787402 
vn 0.0629921 0.984252 0.149606 
vn -0.023622 0.968504 -0.23622 
vn 0.314961 0.944882 -0.102362 
vn 0.0866142 0.992126 -0.023622 
vn 0.0866142 1 0 
vn 0.598425 0.181102 0.779528 
vn 0.425197 -0.448819 0.787402 
vn 0.661417 -0.543307 0.519685 
vn 0.661417 -0.543307 0.519685 
vn 0.826772 0.0472441 0.559055 
vn 0.598425 0.181102 0.779528 
vn -0.0866142 1 0 
vn -0.0866142 0.992126 -0.023622 
vn -0.314961 0.944882 -0.102362 
vn -0.0314961 0.992126 -0.0944882 
vn 0.181102 0.944882 0.283465 
vn 0.80315 0.173228 -0.566929 
vn -0.716535 -0.141732 0.677165 
vn 0.708661 -0.23622 0.669291 
vn -0.669291 -0.393701 -0.629921 
vn -0.314961 0.944882 -0.102362 
vn -0.330709 0.944882 0 
vn -0.0866142 1 0 
vn -0.0866142 0.992126 0.023622 
vn -0.976378 0 -0.204724 
vn -0.141732 0.992126 -0.00787402 
vn 0.181102 0.984252 -0.0708661 
vn 0.401575 0.905512 -0.149606 
vn 0.181102 0.984252 -0.0708661 
vn 0.0866142 0.992126 0.023622 
vn 0.314961 0.944882 0.102362 
vn 0.330709 0.944882 0 
vn 0 1 0.0866142 
vn 0 0.944882 0.330709 
vn 0.102362 0.944882 0.314961 
vn 0.188976 0.795276 0.582677 
vn -0.661417 -0.543307 0.519685 
vn -0.425197 -0.448819 0.787402 
vn -0.598425 0.181102 0.779528 
vn -0.598425 0.181102 0.779528 
vn -0.826772 0.0472441 0.559055 
vn -0.661417 -0.543307 0.519685 
vn 0.0629921 0.984252 0.149606 
vn 0.425197 0.905512 -0.0787402 
vn 0.889764 -0.448819 0.0629921 
vn -0.19685 0.976378 -0.0314961 
vn -0.141732 0.992126 -0.00787402 
vn -0.976378 0 -0.204724 
vn -0.141732 0.992126 -0.00787402 
vn 0.401575 0.905512 -0.149606 
vn 0.0708661 0.992126 0.0551181 
vn 0.267717 0.944882 0.19685 
vn 0.314961 0.944882 0.102362 
vn 0.314961 0.944882 0.102362 
vn 0.0866142 0.992126 0.023622 
vn 0.0708661 0.992126 0.0551181 
vn 0.858268 -0.173228 0.480315 
vn 0.952756 0.291339 0.0866142 
vn -0.110236 0.535433 0.84252 
vn -0.314961 0.944882 0.102362 
vn -0.267717 0.944882 0.19685 
vn -0.0708661 0.992126 0.0551181 
vn -0.0708661 0.992126 0.0551181 
vn -0.0866142 0.992126 0.023622 
vn -0.314961 0.944882 0.102362 
vn -0.716535 0.0629921 -0.692913 
vn -0.677165 -0.330709 -0.661417 
vn 0.622047 -0.19685 0.755906 
vn 0.15748 0.984252 0.0472441 
vn 0.173228 0.976378 -0.0944882 
vn 0.173228 0.984252 0.0472441 
vn 0.149606 0.984252 0.0629921 
vn 0.149606 0.984252 0.0629921 
vn 0.165354 0.984252 0.0551181 
vn 0.149606 0.984252 0.0708661 
vn 0 1 -0.00787402 
vn 0.133858 0.984252 0.0944882 
vn 0.00787402 0.992126 0.11811 
vn 0.11811 0.984252 0.11811 
vn 0 1 -0.00787402 
vn 0.00787402 0.992126 0.11811 
vn -0.0472441 1 -0.0551181 
vn 0 1 -0.00787402 
vn 0.173228 0.976378 -0.0944882 
vn 0.133858 0.984252 -0.141732 
vn 0.141732 0.984252 -0.0944882 
vn 0.133858 0.984252 -0.141732 
vn 0.133858 0.984252 -0.110236 
vn 0.102362 0.984252 -0.165354 
vn 0.11811 0.984252 -0.141732 
vn 0.102362 0.984252 -0.165354 
vn 0.0866142 0.984252 -0.165354 
vn 0.0708661 0.984252 -0.181102 
vn 0.11811 0.984252 -0.141732 
vn 0.0708661 0.984252 -0.181102 
vn 0.0787402 0.984252 -0.173228 
vn 0.0551181 0.976378 -0.188976 
vn 0.0551181 0.984252 -0.181102 
vn -0.0472441 1 -0.0551181 
vn 0.0393701 0.976378 -0.204724 
vn 0.0472441 0.984252 -0.188976 
vn 0.0551181 0.984252 -0.181102 
vn 0.0551181 0.976378 -0.188976 
vn 0.023622 0.976378 -0.212598 
vn 0.0314961 0.976378 -0.19685 
vn -0.0393701 0.976378 -0.19685 
vn 0.00787402 0.976378 -0.204724 
vn -0.015748 0.976378 -0.204724 
vn -0.0551181 0.976378 -0.19685 
vn -0.0314961 0.976378 -0.19685 
vn -0.0708661 0.976378 -0.188976 
vn -0.0472441 0.984252 -0.188976 
vn 0.0551181 0.992126 0.0708661 
vn 0.19685 0.944882 0.267717 
vn 0.267717 0.944882 0.19685 
vn 0.267717 0.944882 0.19685 
vn 0.0708661 0.992126 0.0551181 
vn 0.0551181 0.992126 0.0708661 
vn -0.267717 0.944882 0.19685 
vn -0.19685 0.944882 0.267717 
vn -0.0551181 0.992126 0.0708661 
vn -0.0708661 0.992126 0.0551181 
vn -0.267717 0.944882 0.19685 
vn -0.984252 0.0393701 -0.165354 
vn -0.102362 0.992126 -0.015748 
vn 0.19685 0.976378 -0.110236 
vn 0.259843 0.968504 -0.0472441 
vn 0.212598 0.976378 -0.00787402 
vn 0.614173 0 -0.787402 
vn 0.291339 0.559055 0.779528 
vn 0.598425 0.582677 0.551181 
vn 0.559055 0.818898 0.125984 
vn -0.291339 0.0551181 0.952756 
vn 0.307087 0.952756 0.0629921 
vn 0.283465 0.96063 0.0393701 
vn -0.653543 0.283465 -0.700787 
vn -0.299213 0.76378 0.566929 
vn -0.015748 0.866142 0.503937 
vn 0.19685 0.944882 0.267717 
vn 0.0551181 0.992126 0.0708661 
vn 0.023622 0.992126 0.0866142 
vn -0.787402 -0.23622 0.566929 
vn -0.0944882 0.787402 0.614173 
vn -0.23622 0.968504 0.0472441 
vn 0.614173 0 -0.787402 
vn -0.0393701 -0.133858 -0.992126 
vn 0.259843 0.968504 -0.0472441 
vn -0.023622 0.992126 0.0866142 
vn -0.0551181 0.992126 0.0708661 
vn -0.19685 0.944882 0.267717 
vn -0.314961 0.944882 -0.110236 
vn -0.448819 0.84252 0.307087 
vn 0.11811 0.755906 0.645669 
vn -0.102362 0.944882 0.314961 
vn 0 0.944882 0.330709 
vn 0 1 0.0866142 
vn 0.102362 0.944882 0.314961 
vn 0.023622 0.992126 0.0866142 
vn 0 1 0.0866142 
vn -0.267717 0.96063 0.0629921 
vn -0.929134 -0.110236 -0.354331 
vn -0.811024 -0.267717 0.519685 
vn -0.299213 0.897638 0.314961 
vn 0.102362 0.574803 0.811024 
vn 0.393701 0.748031 -0.527559 
vn -0.944882 -0.0944882 -0.322835 
vn -0.299213 0.897638 0.314961 
vn 0.456693 0.779528 -0.425197 
vn 0.433071 0.850394 -0.307087 
vn -0.15748 0.968504 -0.212598 
vn -0.0787402 0.984252 -0.181102 
vn -0.0551181 0.984252 -0.181102 
vn -0.0551181 0.984252 -0.181102 
vn -0.0944882 0.984252 -0.15748 
vn -0.0866142 0.984252 -0.165354 
vn -0.110236 0.984252 -0.133858 
vn -0.110236 0.984252 -0.149606 
vn -0.110236 0.984252 -0.15748 
vn -0.102362 0.984252 -0.165354 
vn -0.0314961 0.984252 -0.173228 
vn -0.0551181 0.976378 -0.212598 
vn -0.0787402 0.968504 -0.23622 
vn -0.0866142 0.992126 -0.023622 
vn -0.0787402 0.968504 -0.23622 
vn -0.204724 0.968504 0.11811 
vn -0.110236 0.992126 -0.0472441 
vn -0.149606 0.984252 0.0708661 
vn -0.141732 0.984252 0.0944882 
vn -0.11811 0.992126 -0.0314961 
vn -0.11811 0.992126 -0.00787402 
vn -0.11811 0.992126 0.00787402 
vn -0.11811 0.992126 0.023622 
vn -0.0944882 0.984252 0.133858 
vn -0.0708661 0.984252 0.149606 
vn -0.110236 0.992126 0.0472441 
vn -0.0472441 0.984252 0.15748 
vn -0.11811 0.992126 0.00787402 
vn -0.11811 0.984252 0.11811 
vn -0.11811 0.992126 0.023622 
vn -0.11811 0.984252 0.11811 
vn -0.11811 0.992126 -0.00787402 
vn -0.141732 0.984252 0.0944882 
vn -0.11811 0.992126 -0.0314961 
vn -0.0944882 0.992126 0.0708661 
vn -0.015748 0.984252 0.165354 
vn 0.015748 0.984252 0.165354 
vn -0.0787402 0.992126 0.0866142 
vn 0.0472441 0.984252 0.15748 
vn -0.0629921 0.992126 0.102362 
vn -0.0393701 0.992126 0.110236 
vn 0.0708661 0.984252 0.149606 
vn -0.0393701 0.992126 0.110236 
vn 0.0944882 0.984252 0.133858 
vn 0.0944882 0.984252 0.133858 
vn -0.023622 0.992126 0.11811 
vn -0.00787402 0.992126 0.11811 
vn 0.11811 0.984252 0.11811 
vn -0.023622 0.992126 0.11811 
vn 0 1 0 
vn 0.023622 0.992126 -0.0866142 
vn 0 1 -0.0866142 
vn 0 1 -0.0866142 
vn 0 1 0 
vn 0 1 -0.0866142 
vn -0.023622 0.992126 -0.0866142 
vn 0 1 -0.0866142 
vn 0 1 -0.0866142 
vn 0 1 0 
vn 0.0551181 0.992126 -0.0708661 
vn 0.023622 0.992126 -0.0866142 
vn -0.0393701 1 0.023622 
vn 0 1 0 
vn -0.023622 0.992126 -0.0866142 
vn -0.0551181 0.992126 -0.0708661 
vn 0.0393701 1 0.023622 
vn -0.291339 0.0551181 0.952756 
vn 0.661417 -0.307087 0.685039 
vn 0.543307 0.84252 0.0551181 
vn 0.023622 0.992126 0.0866142 
vn 0.102362 0.944882 0.314961 
vn 0.19685 0.944882 0.267717 
vn 0.362205 0.795276 0.496063 
vn 0 1 0 
vn 0.0551181 0.992126 0.0708661 
vn 0.19685 0.968504 -0.149606 
vn 0.220472 0.826772 -0.519685 
vn -0.685039 -0.0472441 -0.724409 
vn -0.433071 -0.874016 -0.228346 
vn -0.700787 -0.409449 -0.582677 
vn 0.535433 -0.267717 -0.80315 
vn -0.700787 -0.409449 -0.582677 
vn -0.944882 -0.212598 -0.251969 
vn 0.165354 0.850394 -0.503937 
vn 0.685039 0.480315 0.543307 
vn 0.897638 -0.425197 0.11811 
vn -0.685039 -0.0472441 -0.724409 
vn -0.692913 0.425197 0.582677 
vn 0.19685 0.968504 -0.149606 
vn 0 1 0 
vn -0.023622 0.992126 0.0866142 
vn 0 1 0.0866142 
vn -0.102362 0.944882 0.314961 
vn 0 1 0 
vn 0 1 0.0866142 
vn 0.023622 0.992126 0.0866142 
vn 0.0708661 0.992126 -0.0551181 
vn 0.0551181 0.992126 -0.0708661 
vn 0 1 0 
vn 0.0866142 0.992126 0.023622 
vn 0.0866142 1 0 
vn 0.0866142 0.992126 -0.023622 
vn 0 1 0 
vn 0.0708661 0.992126 0.0551181 
vn 0.0866142 0.992126 0.023622 
vn 0 1 0 
vn 0.0551181 0.992126 0.0708661 
vn 0.0708661 0.992126 0.0551181 
vn 0 1 0 
vn 0.0866142 0.992126 -0.023622 
vn 0.0708661 0.992126 -0.0551181 
vn 0 1 0 
vn -0.0866142 1 0 
vn -0.0866142 0.992126 0.023622 
vn -0.0866142 0.992126 -0.023622 
vn 0 1 0 
vn -0.0866142 0.992126 0.023622 
vn -0.0708661 0.992126 0.0551181 
vn 0 1 0 
vn -0.0708661 0.992126 0.0551181 
vn -0.0551181 0.992126 0.0708661 
vn 0 1 0 
vn -0.0551181 0.992126 0.0708661 
vn -0.023622 0.992126 0.0866142 
vn 0 1 0 
vn -0.0551181 0.992126 -0.0708661 
vn -0.0708661 0.992126 -0.0551181 
vn 0 1 0 
vn -0.0708661 0.992126 -0.0551181 
vn -0.0866142 0.992126 -0.023622 
vn -0.716535 0.0629921 -0.692913 
vn -0.700787 0.393701 0.598425 
vn 0.228346 0.968504 -0.0629921 
vn 0.0866142 0.84252 0.535433 
vn -0.968504 0.212598 -0.102362 
vn -0.755906 -0.425197 0.496063 
vn -0.133858 0.84252 0.527559 
vn 0.181102 0.944882 0.283465 
vn -0.0314961 0.992126 -0.0944882 
vn -0.15748 0.968504 -0.212598 
vn 0.0393701 1 0.0551181 
vn 0.456693 0.779528 -0.425197 
vn 0 0.952756 -0.314961 
vn 0 1 -0.0866142 
vn -0.0393701 1 0.023622 
vn 0.0472441 0.11811 -0.992126 
vn -0.015748 0.283465 -0.96063 
vn 0.259843 0.377953 -0.889764 
vn 0.543307 0.84252 0.0551181 
vn 0.307087 0.952756 0.0629921 
vn -0.291339 0.0551181 0.952756 
vn 0.80315 -0.519685 -0.299213 
vn 0.251969 0.0629921 -0.968504 
vn 0.181102 0.984252 -0.0708661 
vn -0.110236 0.535433 0.84252 
vn -0.448819 0.527559 0.716535 
vn -0.732283 0.141732 0.661417 
vn 0.952756 0.291339 0.0866142 
vn -0.299213 0.80315 -0.511811 
vn -0.448819 0.527559 0.716535 
vn -0.110236 0.535433 0.84252 
vn -0.15748 0.968504 -0.212598 
vn -0.102362 0.976378 -0.188976 
vn -0.976378 0 -0.204724 
vn -0.110236 0.929134 0.354331 
vn 0.125984 0.708661 0.692913 
vn 0.228346 0.795276 -0.559055 
vn 0.724409 -0.173228 0.669291 
vn -0.110236 0.929134 0.354331 
vn 0.19685 -0.448819 -0.874016 
vn 0.204724 -0.866142 -0.456693 
vn -0.291339 0.0551181 0.952756 
vn 0.614173 0 -0.787402 
vn 0.212598 0.976378 -0.00787402 
vn 0.125984 0.944882 0.307087 
vn 0.125984 0.944882 0.307087 
vn 0.755906 -0.11811 0.645669 
vn 0.614173 0 -0.787402 
vn 0.181102 0.984252 -0.0708661 
vn 0.401575 0.905512 -0.149606 
vn 0.80315 -0.519685 -0.299213 
vn -0.88189 0.346457 0.322835 
vn -0.874016 0.393701 0.283465 
vn -0.937008 0.338583 -0.015748 
vn -0.299213 0.76378 0.566929 
vn -0.653543 0.283465 -0.700787 
vn -0.622047 0.110236 -0.779528 
vn -0.527559 -0.165354 -0.834646 
vn -0.858268 0.464567 0.220472 
vn 0.181102 0.984252 0.023622 
vn -0.015748 0.866142 0.503937 
vn 0.165354 0.614173 -0.771654 
vn -0.653543 0.283465 -0.700787 
vn 0.11811 -0.874016 0.472441 
vn -0.291339 -0.267717 0.92126 
vn -0.0866142 -0.944882 0.322835 
vn -0.976378 0 -0.204724 
vn -0.874016 -0.133858 0.472441 
vn -0.15748 0.968504 -0.212598 
vn -0.622047 0.110236 -0.779528 
vn -0.692913 0.551181 0.464567 
vn -0.299213 0.76378 0.566929 
vn 0.102362 0.937008 -0.330709 
vn -0.96063 0.15748 -0.212598 
vn -0.0314961 0.362205 0.929134 
vn 0.984252 0.11811 -0.141732 
vn -0.11811 0.984252 -0.133858 
vn -0.125984 0.984252 -0.0944882 
vn -0.0314961 0.362205 0.929134 
vn 0.377953 0.913386 -0.141732 
vn 0.102362 0.937008 -0.330709 
vn 0.0944882 0.992126 -0.023622 
vn -0.181102 0.984252 0 
vn -0.0393701 0.811024 0.582677 
vn 0.566929 0.818898 0.125984 
vn 0.377953 0.834646 0.401575 
vn 0.433071 0.456693 0.779528 
vn 0.283465 -0.330709 0.897638 
vn 0.283465 -0.330709 0.897638 
vn 0.283465 -0.330709 0.897638 
vn 0.952756 0.275591 -0.110236 
vn -0.464567 0.535433 -0.700787 
vn -0.322835 0.779528 0.535433 
vn 0.944882 -0.212598 -0.251969 
vn 0.700787 -0.409449 -0.582677 
vn -0.535433 -0.267717 -0.80315 
vn 0.125984 0.582677 0.80315 
vn -0.275591 0.393701 0.874016 
vn 0.456693 -0.724409 0.519685 
vn 0.259843 0.606299 -0.748031 
vn 0.354331 0.669291 -0.653543 
vn 0.527559 0.834646 -0.165354 
vn 0.393701 0.732283 0.551181 
vn 0.307087 0.952756 -0.0472441 
vn 0.598425 0.771654 0.220472 
vn -0.283465 -0.330709 0.897638 
vn -0.283465 -0.330709 0.897638 
vn -0.283465 -0.330709 0.897638 
vn -0.15748 0.874016 0.464567 
vn 0.944882 0.149606 0.299213 
vn 0.0708661 0.503937 -0.858268 
vn 0.0708661 0.503937 -0.858268 
vn -0.417323 0.874016 0.259843 
vn -0.15748 0.874016 0.464567 
vn -0.15748 0.23622 0.96063 
vn 0.141732 0.440945 0.889764 
vn 0.19685 0.748031 0.637795 
vn 0.314961 0.543307 0.779528 
vn 0.629921 0.496063 0.590551 
vn 0.708661 0.188976 -0.677165 
vn -0.527559 0.84252 -0.125984 
vn 0.527559 0.834646 -0.165354 
vn 0.354331 0.669291 -0.653543 
vn 0.220472 0.826772 -0.519685 
vn 0.992126 0.0944882 -0.102362 
vn 0.11811 0.566929 0.818898 
vn 0.0551181 0.212598 0.976378 
vn 0.527559 0.834646 -0.165354 
vn 0.543307 0.677165 -0.496063 
vn 0.259843 0.606299 -0.748031 
vn -1 0.0629921 0.0314961 
vn 0.976378 -0.00787402 -0.228346 
vn 0.519685 -0.456693 -0.724409 
vn 0.976378 -0.19685 0.0472441 
vn 0.795276 -0.149606 0.582677 
vn -0.480315 -0.015748 0.874016 
vn -0.708661 0.19685 0.677165 
vn 0.661417 -0.173228 0.732283 
vn 0.968504 -0.15748 0.204724 
vn 0.23622 0.251969 -0.937008 
vn -0.464567 0.858268 0.212598 
vn 0.700787 0.472441 0.535433 
vn 0.866142 0.448819 0.212598 
vn -0.23622 0.527559 0.818898 
vn -0.976378 -0.228346 -0.00787402 
vn -0.905512 -0.425197 -0.0787402 
vn 0.543307 0.653543 0.535433 
vn -0.015748 0.866142 0.503937 
vn -0.299213 0.76378 0.566929 
vn -0.0866142 0.818898 -0.566929 
vn 0.259843 -0.377953 -0.889764 
vn -0.92126 -0.370079 -0.0944882 
vn 0.818898 -0.559055 0.110236 
vn -0.330709 -0.937008 -0.125984 
vn 0.472441 0.0472441 -0.88189 
vn -0.11811 0.984252 -0.133858 
vn -0.220472 0.905512 -0.354331 
vn -0.582677 0.80315 -0.0944882 
vn 0.023622 -0.606299 0.795276 
vn 0.944882 -0.330709 -0.0472441 
vn 0.472441 0.740157 0.480315 
vn 0.244094 0.88189 -0.409449 
vn 0.488189 0.850394 0.19685 
vn 0.496063 0.866142 -0.00787402 
vn -0.220472 0.905512 -0.354331 
vn -0.11811 0.984252 -0.133858 
vn 0.984252 0.11811 -0.141732 
vn -0.889764 0.448819 -0.0629921 
vn -0.181102 0.00787402 0.984252 
vn 0.629921 0.0314961 0.779528 
vn 0.023622 0.976378 0.204724 
vn 0.685039 0.133858 -0.716535 
vn 0.228346 0.779528 0.582677 
vn 0.0866142 0.850394 0.527559 
vn 0.259843 0.968504 -0.0472441 
vn 0.11811 0.755906 0.645669 
vn -0.448819 0.84252 0.307087 
vn -0.299213 -0.181102 0.937008 
vn 0.125984 0.582677 0.80315 
vn -0.299213 0.76378 0.566929 
vn -0.692913 0.551181 0.464567 
vn 0 0.952756 -0.314961 
vn -0.15748 0.937008 -0.307087 
vn 0.0393701 1 0.023622 
vn 0 1 -0.0866142 
vn 0 0.952756 -0.314961 
vn 0.488189 -0.811024 0.314961 
vn 0.480315 -0.858268 0.188976 
vn -0.307087 -0.606299 -0.732283 
vn -0.984252 -0.015748 -0.165354 
vn -0.251969 0.259843 0.929134 
vn -0.149606 0.732283 0.661417 
vn 0.984252 0.11811 -0.141732 
vn 0.330709 -0.125984 -0.937008 
vn -0.220472 0.905512 -0.354331 
vn 0.566929 0.818898 0.125984 
vn 0.692913 0.519685 0.496063 
vn 0.771654 -0.181102 -0.606299 
vn 0.456693 0.795276 -0.393701 
vn 0.480315 0.716535 -0.503937 
vn 0.307087 0.952756 0.0629921 
vn 0.307087 -0.606299 -0.732283 
vn -0.480315 -0.858268 0.188976 
vn -0.488189 -0.811024 0.314961 
vn 0.472441 0.740157 0.480315 
vn 0.11811 0.755906 0.645669 
vn 0.023622 -0.606299 0.795276 
vn -0.299213 -0.181102 0.937008 
vn 0.023622 -0.606299 0.795276 
vn -0.440945 0.259843 0.858268 
vn 0.685039 0.480315 0.543307 
vn 0.165354 0.850394 -0.503937 
vn 0.244094 0.787402 -0.566929 
vn 0.401575 0.905512 -0.149606 
vn -0.19685 0.976378 -0.0314961 
vn -0.866142 -0.448819 0.204724 
vn -0.503937 -0.866142 0.015748 
vn 0.984252 0.0551181 -0.165354 
vn 0.291339 0.88189 -0.370079 
vn -0.165354 0.984252 0.0472441 
vn -0.0551181 0.858268 0.511811 
vn 0.259843 0.968504 -0.0472441 
vn -0.0393701 -0.133858 -0.992126 
vn -0.480315 0.181102 -0.858268 
vn 0.661417 -0.173228 0.732283 
vn -0.708661 0.19685 0.677165 
vn -0.480315 -0.015748 0.874016 
vn 0.283465 0.850394 0.448819 
vn -0.0314961 0.850394 0.527559 
vn -0.23622 0.385827 0.889764 
vn -0.692913 0.551181 0.464567 
vn -0.275591 0.393701 0.874016 
vn 0.125984 0.582677 0.80315 
vn -0.0551181 0.858268 0.511811 
vn 0.692913 0.692913 0.188976 
vn 0.291339 0.88189 -0.370079 
vn 0.566929 0.614173 0.551181 
vn -0.850394 -0.511811 0.125984 
vn -0.464567 -0.874016 -0.141732 
vn 0.984252 0.11811 -0.141732 
vn -0.480315 0.181102 -0.858268 
vn 0.149606 0.992126 -0.023622 
vn 0.259843 0.968504 -0.0472441 
vn 0.771654 -0.181102 -0.606299 
vn 0.244094 0.125984 -0.96063 
vn 0.566929 0.818898 0.125984 
vn -0.669291 0.724409 -0.173228 
vn -0.125984 0.984252 -0.0944882 
vn -0.11811 0.984252 -0.133858 
vn 0.905512 -0.417323 -0.0314961 
vn 0.80315 -0.519685 -0.299213 
vn 0.401575 0.905512 -0.149606 
vn -0.385827 -0.874016 0.283465 
vn -0.480315 -0.858268 0.188976 
vn 0.307087 -0.606299 -0.732283 
vn 0.307087 -0.606299 -0.732283 
vn 0.669291 -0.559055 -0.488189 
vn -0.385827 -0.874016 0.283465 
vn -0.307087 -0.606299 -0.732283 
vn 0.480315 -0.858268 0.188976 
vn 0.385827 -0.874016 0.283465 
vn 0.385827 -0.874016 0.283465 
vn -0.669291 -0.559055 -0.488189 
vn -0.307087 -0.606299 -0.732283 
vn -0.535433 -0.267717 -0.80315 
vn -0.779528 -0.503937 -0.362205 
vn 0.944882 -0.212598 -0.251969 
vn -0.944882 -0.212598 -0.251969 
vn 0.787402 -0.503937 -0.362205 
vn 0.535433 -0.267717 -0.80315 
vn -0.448819 -0.88189 0.165354 
vn -0.385827 -0.874016 0.283465 
vn 0.669291 -0.559055 -0.488189 
vn -0.15748 0.968504 -0.212598 
vn -0.874016 -0.133858 0.472441 
vn -0.440945 0.259843 0.858268 
vn 0.259843 0.968504 -0.0472441 
vn 0.149606 0.992126 -0.023622 
vn 0.228346 0.779528 0.582677 
vn -0.669291 -0.559055 -0.488189 
vn 0.385827 -0.874016 0.283465 
vn 0.448819 -0.88189 0.165354 
vn -0.440945 0.259843 0.858268 
vn 0.0393701 1 0.0551181 
vn -0.15748 0.968504 -0.212598 
vn 0.669291 -0.559055 -0.488189 
vn 0.787402 -0.559055 -0.244094 
vn -0.448819 -0.88189 0.165354 
vn -0.779528 -0.503937 -0.362205 
vn -0.685039 -0.0472441 -0.724409 
vn 0.220472 0.826772 -0.519685 
vn 0.354331 0.669291 -0.653543 
vn 0.149606 0.968504 0.212598 
vn 0.228346 0.968504 -0.11811 
vn -0.220472 0.0629921 -0.976378 
vn -0.220472 0.0629921 -0.976378 
vn -0.905512 0.125984 0.409449 
vn 0.448819 -0.88189 0.165354 
vn -0.787402 -0.559055 -0.244094 
vn -0.669291 -0.559055 -0.488189 
vn 0.787402 -0.503937 -0.362205 
vn 0.858268 -0.385827 -0.330709 
vn -0.204724 -0.952756 -0.228346 
vn -0.448819 0.181102 -0.874016 
vn 0.409449 0.724409 0.551181 
vn 0.370079 0.346457 0.858268 
vn 0.905512 0.19685 -0.370079 
vn 0.425197 -0.448819 0.787402 
vn 0.598425 0.181102 0.779528 
vn 0.251969 0.0314961 0.968504 
vn -0.795276 0.582677 0.165354 
vn -0.448819 0.84252 0.307087 
vn -0.314961 0.944882 -0.110236 
vn 0.622047 -0.19685 0.755906 
vn -0.677165 -0.330709 -0.661417 
vn -0.330709 -0.488189 -0.80315 
vn 0.622047 -0.19685 0.755906 
vn 0.834646 -0.464567 -0.299213 
vn 0.519685 0.771654 -0.362205 
vn 0.401575 0.905512 -0.149606 
vn 0.244094 0.787402 -0.566929 
vn 0.905512 -0.417323 -0.0314961 
vn 0.519685 0.771654 -0.362205 
vn 0.496063 0.866142 -0.00787402 
vn 0.622047 -0.19685 0.755906 
vn -0.0787402 0.944882 -0.307087 
vn -0.188976 0.84252 -0.511811 
vn -0.551181 0.795276 -0.23622 
vn -0.19685 0.976378 -0.0314961 
vn -0.362205 0.88189 -0.299213 
vn 0.244094 0.787402 -0.566929 
vn 0.433071 0.456693 0.779528 
vn 0.692913 0.519685 0.496063 
vn 0.566929 0.818898 0.125984 
vn -0.0393701 1 0.023622 
vn 0.15748 0.937008 -0.307087 
vn 0 0.952756 -0.314961 
vn -0.228346 0.96063 -0.165354 
vn 0.0393701 1 0.023622 
vn -0.15748 0.937008 -0.307087 
vn 0.220472 -0.354331 0.905512 
vn -0.700787 0.393701 0.598425 
vn -0.716535 0.0629921 -0.692913 
vn 0.15748 0.937008 -0.307087 
vn -0.0393701 1 0.023622 
vn 0.228346 0.96063 -0.165354 
vn -0.125984 0.984252 -0.0944882 
vn -0.669291 0.724409 -0.173228 
vn -0.433071 0.889764 0.110236 
vn 0.96063 0.204724 0.188976 
vn 0.984252 0.11811 -0.141732 
vn -0.314961 0.944882 -0.110236 
vn -0.661417 0.732283 -0.165354 
vn -0.795276 0.582677 0.165354 
vn 0.307087 0.952756 0.0629921 
vn 0.543307 0.84252 0.0551181 
vn 0.456693 0.795276 -0.393701 
vn 0.874016 -0.488189 0.0314961 
vn 0.543307 0.653543 0.535433 
vn 0.125984 0.582677 0.80315 
vn -0.551181 0.795276 -0.23622 
vn -0.669291 0.716535 -0.212598 
vn -0.0787402 0.944882 -0.307087 
vn 0.787402 -0.559055 -0.244094 
vn 0.944882 -0.212598 -0.251969 
vn -0.779528 -0.503937 -0.362205 
vn 0.11811 0.755906 0.645669 
vn 0.0472441 0.992126 0.141732 
vn -0.314961 0.944882 -0.110236 
vn 0.787402 -0.503937 -0.362205 
vn -0.944882 -0.212598 -0.251969 
vn -0.787402 -0.559055 -0.244094 
vn 0.456693 -0.724409 0.519685 
vn 0.559055 -0.637795 0.527559 
vn 0.125984 0.582677 0.80315 
vn 0.125984 0.582677 0.80315 
vn 0.874016 -0.488189 0.0314961 
vn -0.299213 0.76378 0.566929 
vn 0.543307 0.653543 0.535433 
vn -0.0551181 0.858268 0.511811 
vn 0.204724 0.677165 0.708661 
vn 0.566929 0.614173 0.551181 
vn -0.692913 -0.409449 -0.598425 
vn 0.354331 0.669291 -0.653543 
vn 0.259843 0.606299 -0.748031 
vn 0.905512 -0.417323 -0.0314961 
vn 0.511811 0.574803 0.637795 
vn -0.661417 -0.023622 0.748031 
vn -0.76378 0.590551 -0.259843 
vn 0.322835 0.88189 0.346457 
vn 0.559055 0.818898 0.125984 
vn -0.92126 0.141732 0.370079 
vn 0.409449 -0.307087 0.858268 
vn -0.141732 0.653543 0.740157 
vn 0.574803 -0.80315 0.149606 
vn -0.637795 -0.732283 -0.244094 
vn 0.165354 0.0866142 -0.984252 
vn 0.19685 -0.448819 -0.874016 
vn -0.874016 0.251969 -0.417323 
vn 0.220472 0.913386 -0.338583 
vn -0.307087 -0.606299 -0.732283 
vn -0.125984 -0.409449 -0.905512 
vn 0.488189 -0.811024 0.314961 
vn -0.488189 -0.811024 0.314961 
vn 0.125984 -0.409449 -0.905512 
vn 0.307087 -0.606299 -0.732283 
vn 0.464567 0.440945 0.76378 
vn 0.724409 0.448819 0.527559 
vn 0.535433 0.314961 -0.779528 
vn -0.551181 0.826772 0.110236 
vn 0.543307 0.677165 -0.496063 
vn 0.811024 -0.543307 -0.220472 
vn -0.354331 -0.614173 -0.708661 
vn -0.354331 -0.614173 -0.708661 
vn 0.259843 0.606299 -0.748031 
vn 0.543307 0.677165 -0.496063 
vn -0.559055 -0.464567 0.685039 
vn 0.204724 -0.976378 -0.0944882 
vn 0.535433 -0.76378 0.370079 
vn 0 -0.889764 0.448819 
vn 0.488189 -0.811024 0.314961 
vn -0.125984 -0.409449 -0.905512 
vn 1 0 0 
vn 1 0 0 
vn 1 0 0 
vn 1 0 0 
vn 0.259843 0.606299 -0.748031 
vn -0.354331 -0.614173 -0.708661 
vn -0.692913 -0.409449 -0.598425 
vn 0.125984 -0.409449 -0.905512 
vn -0.488189 -0.811024 0.314961 
vn 0 -0.889764 0.448819 
vn 0.480315 0.716535 -0.503937 
vn 0.456693 0.795276 -0.393701 
vn 0.685039 -0.417323 -0.598425 
vn 0.716535 -0.0866142 -0.692913 
vn 0.937008 -0.0944882 -0.330709 
vn 0.299213 -0.905512 0.307087 
vn 0.220472 0.913386 -0.338583 
vn 0.551181 0.708661 -0.440945 
vn 0.19685 -0.448819 -0.874016 
vn -0.637795 0.708661 -0.299213 
vn -0.0866142 0.96063 -0.267717 
vn -0.0787402 0.944882 -0.307087 
vn 0.685039 -0.417323 -0.598425 
vn 0.204724 -0.866142 -0.456693 
vn 0.480315 0.716535 -0.503937 
vn -0.566929 0.19685 0.80315 
vn -0.874016 0.251969 -0.417323 
vn 0.19685 -0.448819 -0.874016 
vn -0.330709 -0.488189 -0.80315 
vn 0.834646 -0.464567 -0.299213 
vn 0.622047 -0.19685 0.755906 
vn 0.551181 0.708661 -0.440945 
vn 0.283465 0.96063 0.0393701 
vn 0.307087 0.952756 0.0629921 
vn -1 0 0 
vn -1 0 0 
vn -1 0 0 
vn -1 0 0 
vn 0.968504 0.19685 0.15748 
vn 0.00787402 0.251969 0.968504 
vn -0.866142 -0.448819 0.204724 
vn -0.220472 0.905512 -0.354331 
vn 0.330709 -0.125984 -0.937008 
vn -0.818898 -0.377953 -0.425197 
vn -0.818898 -0.377953 -0.425197 
vn -0.582677 0.80315 -0.0944882 
vn -0.220472 0.905512 -0.354331 
vn -0.0708661 0.874016 -0.480315 
vn -0.362205 0.88189 -0.299213 
vn -0.661417 -0.023622 0.748031 
vn 0.244094 0.787402 -0.566929 
vn -0.0708661 0.874016 -0.480315 
vn -0.0866142 0.96063 -0.267717 
vn -0.637795 0.708661 -0.299213 
vn -0.401575 0.913386 -0.0472441 
vn -0.0708661 0.874016 -0.480315 
vn 0.511811 0.574803 0.637795 
vn 0.905512 -0.417323 -0.0314961 
vn 0.283465 0.96063 0.0393701 
vn -0.566929 0.19685 0.80315 
vn -0.291339 0.0551181 0.952756 
vn 0.551181 0.708661 -0.440945 
vn 0.220472 0.913386 -0.338583 
vn 0.685039 0.700787 -0.19685 
vn -0.346457 0.259843 -0.897638 
vn -0.503937 0.677165 0.535433 
vn -0.503937 0.677165 0.535433 
vn 0.708661 0.692913 0.133858 
vn 0.685039 0.700787 -0.19685 
vn -0.11811 0.984252 -0.133858 
vn -0.692913 0.716535 -0.0787402 
vn -0.669291 0.724409 -0.173228 
vn 0.874016 -0.488189 0.0314961 
vn 0.559055 -0.637795 0.527559 
vn -0.653543 0.283465 -0.700787 
vn 0.905512 -0.417323 -0.0314961 
vn 0.244094 0.787402 -0.566929 
vn -0.0708661 0.874016 -0.480315 
vn 0.354331 0.669291 -0.653543 
vn -0.692913 -0.409449 -0.598425 
vn -0.685039 -0.0472441 -0.724409 
vn -0.291339 0.0551181 0.952756 
vn -0.566929 0.19685 0.80315 
vn 0.19685 -0.448819 -0.874016 
vn 0.228346 0.968504 -0.0629921 
vn 0.244094 0.88189 -0.409449 
vn -0.716535 0.0629921 -0.692913 
vn -0.716535 0.0629921 -0.692913 
vn 0.330709 0.779528 -0.527559 
vn -0.850394 -0.511811 0.125984 
vn -0.669291 0.724409 -0.173228 
vn -0.692913 0.716535 -0.0787402 
vn -0.181102 0.456693 0.866142 
vn 0.165354 0.480315 0.858268 
vn 0.897638 0.370079 -0.23622 
vn -0.527559 0.787402 -0.307087 
vn 0.984252 0.0551181 -0.165354 
vn 0.968504 0.19685 0.15748 
vn -0.866142 -0.448819 0.204724 
vn -0.480315 -0.015748 0.874016 
vn 0.795276 -0.149606 0.582677 
vn 0.661417 -0.173228 0.732283 
vn 0.385827 0.149606 -0.913386 
vn 0.858268 -0.133858 -0.488189 
vn -0.913386 -0.00787402 0.409449 
vn -0.377953 -0.92126 0.0629921 
vn -0.275591 -0.937008 0.220472 
vn -0.0866142 -0.944882 0.322835 
vn 0.590551 -0.795276 -0.141732 
vn 0.11811 -0.874016 0.472441 
vn -0.834646 -0.354331 -0.417323 
vn 0.425197 -0.204724 -0.88189 
vn 0.976378 -0.173228 0.125984 
vn 0.291339 0.88189 -0.370079 
vn 0.692913 0.692913 0.188976 
vn 0.519685 -0.456693 -0.724409 
vn -0.669291 0.716535 -0.212598 
vn -0.551181 0.795276 -0.23622 
vn -0.834646 -0.417323 -0.354331 
vn -0.866142 -0.448819 0.204724 
vn 0.00787402 0.251969 0.968504 
vn -0.401575 0.913386 -0.0472441 
vn -0.299213 -0.181102 0.937008 
vn -0.448819 0.84252 0.307087 
vn -0.795276 0.582677 0.165354 
vn -0.401575 0.913386 -0.0472441 
vn -0.637795 0.708661 -0.299213 
vn -0.866142 -0.448819 0.204724 
vn 0.795276 -0.598425 0.0787402 
vn -0.165354 -0.543307 0.826772 
vn -0.944882 -0.0629921 0.322835 
vn 0.299213 -0.905512 0.307087 
vn -0.590551 -0.448819 -0.669291 
vn 0.716535 -0.0866142 -0.692913 
vn 0.905512 -0.417323 -0.0314961 
vn -0.661417 -0.023622 0.748031 
vn -0.866142 -0.251969 0.440945 
vn -0.944882 -0.0629921 0.322835 
vn 0.519685 -0.456693 -0.724409 
vn 0.795276 -0.598425 0.0787402 
vn 0.496063 0.866142 -0.00787402 
vn 0.519685 0.771654 -0.362205 
vn 0.23622 0.740157 -0.629921 
vn -0.330709 -0.488189 -0.80315 
vn 0.519685 0.771654 -0.362205 
vn -0.0787402 0.944882 -0.307087 
vn -0.669291 0.716535 -0.212598 
vn -0.637795 0.708661 -0.299213 
vn 0.724409 -0.685039 -0.102362 
vn 0.377953 -0.811024 0.448819 
vn -0.826772 -0.322835 0.456693 
vn 0.96063 0.204724 0.188976 
vn 0 0.0787402 1 
vn -0.850394 -0.511811 0.125984 
vn -0.834646 -0.417323 -0.354331 
vn -0.503937 -0.866142 0.015748 
vn -0.669291 0.716535 -0.212598 
vn 0.685039 -0.417323 -0.598425 
vn 0.661417 -0.307087 0.685039 
vn -0.291339 0.0551181 0.952756 
vn 0.23622 0.740157 -0.629921 
vn 0.330709 0.779528 -0.527559 
vn 0.496063 0.866142 -0.00787402 
vn 0.464567 -0.818898 -0.330709 
vn -0.637795 -0.220472 -0.740157 
vn -0.84252 0.0472441 -0.543307 
vn -0.188976 0.84252 -0.511811 
vn 0.314961 -0.307087 -0.897638 
vn -0.834646 -0.417323 -0.354331 
vn -0.834646 -0.417323 -0.354331 
vn -0.551181 0.795276 -0.23622 
vn -0.188976 0.84252 -0.511811 
vn 0.984252 0.0551181 -0.165354 
vn -0.503937 -0.866142 0.015748 
vn -0.834646 -0.417323 -0.354331 
vn -0.448819 -0.480315 0.755906 
vn -0.488189 0.173228 -0.858268 
vn -0.0393701 -0.133858 -0.992126 
vn -0.598425 -0.307087 -0.740157 
vn 0.76378 -0.23622 -0.598425 
vn 0.976378 -0.19685 0.0472441 
vn 0.692913 0.692913 0.188976 
vn 0.566929 0.614173 0.551181 
vn 0.795276 -0.598425 0.0787402 
vn -0.834646 -0.417323 -0.354331 
vn 0.314961 -0.307087 -0.897638 
vn 0.984252 0.0551181 -0.165354 
vn 0.165354 0.0866142 -0.984252 
vn 0.92126 -0.377953 -0.0472441 
vn 0.574803 -0.80315 0.149606 
vn -0.448819 -0.480315 0.755906 
vn -0.88189 0.385827 0.259843 
vn -0.488189 0.173228 -0.858268 
vn 0.307087 0.952756 0.0629921 
vn 0.480315 0.716535 -0.503937 
vn 0.551181 0.708661 -0.440945 
vn 0.496063 0.866142 -0.00787402 
vn 0.330709 0.779528 -0.527559 
vn 0.244094 0.88189 -0.409449 
vn -0.685039 -0.0472441 -0.724409 
vn -0.692913 -0.409449 -0.598425 
vn 0.622047 -0.0866142 0.779528 
vn 0.559055 -0.637795 0.527559 
vn 0.456693 -0.732283 0.503937 
vn -0.661417 0.173228 -0.732283 
vn 0.913386 -0.393701 0.0866142 
vn 0.685039 0.511811 0.519685 
vn -0.448819 0.283465 0.850394 
vn 0.149606 -0.984252 -0.0629921 
vn 0.362205 -0.929134 0.015748 
vn -0.0866142 -0.944882 0.322835 
vn 0.543307 0.84252 0.0551181 
vn 0.661417 -0.307087 0.685039 
vn 0.685039 -0.417323 -0.598425 
vn 0.685039 -0.417323 -0.598425 
vn 0.456693 0.795276 -0.393701 
vn 0.543307 0.84252 0.0551181 
vn 0.244094 -0.692913 0.677165 
vn -0.299213 -0.818898 -0.488189 
vn 0.818898 -0.244094 -0.519685 
vn 0.795276 -0.598425 0.0787402 
vn 0.566929 0.614173 0.551181 
vn 0.204724 0.677165 0.708661 
vn 0.204724 0.677165 0.708661 
vn -0.165354 -0.543307 0.826772 
vn 0.795276 -0.598425 0.0787402 
vn 0.984252 0.11811 -0.141732 
vn 0.96063 0.204724 0.188976 
vn -0.850394 -0.511811 0.125984 
vn -0.866142 -0.251969 0.440945 
vn 0.80315 -0.519685 -0.299213 
vn 0.905512 -0.417323 -0.0314961 
vn 0.362205 -0.929134 0.015748 
vn 0.299213 -0.952756 0 
vn -0.0866142 -0.944882 0.322835 
vn 0.299213 -0.952756 0 
vn 0.00787402 -1 0.0472441 
vn -0.0866142 -0.944882 0.322835 
vn -0.00787402 -1 0.0472441 
vn -0.00787402 -1 0.0472441 
vn -0.307087 -0.952756 0.0393701 
vn 0.795276 -0.598425 0.0787402 
vn 0.519685 -0.456693 -0.724409 
vn 0.692913 0.692913 0.188976 
vn -0.88189 -0.181102 0.433071 
vn -0.858268 -0.0314961 0.511811 
vn 0.897638 -0.165354 -0.409449 
vn -0.692913 0.716535 -0.0787402 
vn -0.464567 -0.874016 -0.141732 
vn -0.850394 -0.511811 0.125984 
vn -0.0393701 -0.133858 -0.992126 
vn -0.165354 -0.590551 0.787402 
vn -0.448819 -0.480315 0.755906 
vn 0.582677 -0.787402 -0.19685 
vn 0.354331 -0.92126 -0.149606 
vn -0.0866142 -0.944882 0.322835 
vn 0.149606 -0.984252 -0.0629921 
vn -0.0866142 -0.944882 0.322835 
vn -0.307087 -0.952756 0.0393701 
vn -0.377953 -0.92126 0.0629921 
vn -0.0866142 -0.944882 0.322835 
vn -0.275591 -0.937008 0.220472 
vn -0.496063 -0.866142 0.0787402 
vn -0.0866142 -0.944882 0.322835 
vn 0.488189 0.850394 0.19685 
vn 0.244094 0.88189 -0.409449 
vn 0.228346 0.968504 -0.0629921 
vn -0.590551 -0.00787402 -0.811024 
vn 0.023622 0.448819 -0.897638 
vn 0.913386 -0.228346 -0.330709 
vn 0.377953 0.834646 0.401575 
vn 0.566929 0.818898 0.125984 
vn 0.244094 0.125984 -0.96063 
vn -0.661417 0.173228 -0.732283 
vn -0.653543 0.283465 -0.700787 
vn 0.559055 -0.637795 0.527559 
vn 0.724409 -0.685039 -0.102362 
vn -0.488189 -0.677165 -0.551181 
vn 0.204724 0.370079 -0.905512 
vn 0.472441 -0.858268 -0.204724 
vn 0.559055 -0.818898 -0.0944882 
vn 0.669291 -0.716535 -0.188976 
vn 0.866142 0.503937 0.023622 
vn 0.543307 0.370079 0.755906 
vn 0.149606 -0.80315 0.574803 
vn -0.677165 -0.330709 -0.661417 
vn 0.330709 0.779528 -0.527559 
vn 0.23622 0.740157 -0.629921 
vn 0.519685 -0.456693 -0.724409 
vn -0.944882 -0.0629921 0.322835 
vn -1 0.0629921 0.0314961 
vn -0.826772 -0.377953 -0.425197 
vn 0.330709 -0.125984 -0.937008 
vn 0.984252 0.11811 -0.141732 
vn -0.00787402 -1 -0.0708661 
vn -0.267717 -0.889764 0.362205 
vn -0.503937 -0.850394 0.165354 
vn -0.188976 -0.811024 0.551181 
vn -0.566929 0.370079 0.740157 
vn -0.866142 0.503937 0.023622 
vn -0.559055 -0.818898 -0.0944882 
vn -0.669291 -0.732283 -0.133858 
vn -0.669291 -0.716535 -0.188976 
vn -0.354331 -0.614173 -0.708661 
vn 0.811024 -0.543307 -0.220472 
vn 0.622047 -0.0866142 0.779528 
vn 0.968504 -0.15748 0.204724 
vn 0.165354 0.708661 0.692913 
vn -0.708661 0.19685 0.677165 
vn -0.291339 0.0551181 0.952756 
vn 0.204724 -0.866142 -0.456693 
vn 0.685039 -0.417323 -0.598425 
vn -0.496063 -0.866142 0.0787402 
vn -0.598425 -0.787402 -0.141732 
vn -0.0866142 -0.944882 0.322835 
vn -0.259843 -0.92126 0.299213 
vn -0.425197 -0.755906 0.503937 
vn -0.590551 -0.511811 0.622047 
vn 0.622047 -0.0866142 0.779528 
vn -0.692913 -0.409449 -0.598425 
vn -0.354331 -0.614173 -0.708661 
vn -0.0629921 -0.984252 -0.149606 
vn 0.629921 0.0314961 0.779528 
vn 0.685039 0.133858 -0.716535 
vn -0.685039 -0.716535 -0.149606 
vn -0.543307 -0.818898 -0.181102 
vn -0.0866142 -0.944882 0.322835 
vn -0.543307 -0.818898 -0.181102 
vn -0.590551 -0.795276 -0.149606 
vn -0.0866142 -0.944882 0.322835 
vn -0.291339 -0.267717 0.92126 
vn 0.582677 -0.787402 -0.19685 
vn -0.0866142 -0.944882 0.322835 
vn -0.606299 -0.181102 0.771654 
vn -0.637795 -0.732283 -0.244094 
vn 0.574803 -0.80315 0.149606 
vn -0.889764 0.448819 -0.0629921 
vn -0.0629921 -0.984252 -0.149606 
vn 0.685039 0.133858 -0.716535 
vn -0.322835 -0.811024 0.488189 
vn -0.850394 0.370079 0.377953 
vn -0.771654 0.165354 -0.614173 
vn -0.866142 -0.448819 0.204724 
vn -0.637795 0.708661 -0.299213 
vn -0.669291 0.716535 -0.212598 
vn -0.88189 0.417323 -0.204724 
vn -0.354331 -0.519685 0.779528 
vn -0.370079 -0.787402 0.488189 
vn 0.19685 -0.448819 -0.874016 
vn 0.551181 0.708661 -0.440945 
vn 0.480315 0.716535 -0.503937 
vn 0.88189 0.417323 -0.204724 
vn 0.866142 0.503937 0.023622 
vn 0.370079 -0.787402 0.488189 
vn 0.149606 -0.80315 0.574803 
vn 0.866142 0.503937 0.023622 
vn 0.23622 0.740157 -0.629921 
vn -0.330709 -0.488189 -0.80315 
vn -0.677165 -0.330709 -0.661417 
vn 0.913386 -0.393701 0.0866142 
vn -0.448819 0.283465 0.850394 
vn -0.874016 -0.133858 0.472441 
vn -0.00787402 -1 -0.0708661 
vn -0.133858 -0.897638 -0.417323 
vn 0 -0.897638 -0.440945 
vn 0.732283 -0.480315 0.488189 
vn 0.874016 -0.377953 0.307087 
vn 0.0708661 -0.401575 -0.913386 
vn -0.00787402 -1 -0.0708661 
vn 0.133858 -0.897638 -0.417323 
vn 0.259843 -0.897638 -0.354331 
vn -0.0708661 -0.724409 0.685039 
vn -0.425197 -0.755906 0.503937 
vn -0.259843 -0.92126 0.299213 
vn 0.291339 -0.826772 -0.480315 
vn 0.818898 -0.0629921 -0.574803 
vn 0.551181 -0.023622 -0.834646 
vn -0.598425 -0.787402 -0.141732 
vn -0.685039 -0.716535 -0.149606 
vn -0.0866142 -0.944882 0.322835 
vn -0.00787402 -1 -0.0708661 
vn 0 -0.897638 -0.440945 
vn 0.133858 -0.897638 -0.417323 
vn 0.259843 -0.559055 -0.787402 
vn 0 -0.559055 -0.826772 
vn 0.259843 -0.559055 -0.787402 
vn -0.00787402 -1 -0.0708661 
vn -0.23622 -0.944882 0.228346 
vn -0.259843 -0.92126 0.299213 
vn 0.204724 0.370079 -0.905512 
vn 0.834646 -0.543307 -0.0944882 
vn 0.724409 -0.685039 -0.102362 
vn -0.00787402 -1 -0.0708661 
vn 0.259843 -0.897638 -0.354331 
vn 0.354331 -0.897638 -0.259843 
vn -0.0708661 -0.401575 -0.913386 
vn -0.874016 -0.377953 0.307087 
vn -0.732283 -0.480315 0.488189 
vn -0.866142 0.503937 0.023622 
vn -0.370079 -0.787402 0.488189 
vn -0.188976 -0.811024 0.551181 
vn -0.866142 0.503937 0.023622 
vn -0.88189 0.417323 -0.204724 
vn -0.543307 -0.023622 -0.84252 
vn -0.818898 -0.0629921 -0.574803 
vn -0.291339 -0.826772 -0.480315 
vn -0.00787402 -1 -0.0708661 
vn -0.259843 -0.897638 -0.354331 
vn -0.133858 -0.897638 -0.417323 
vn -0.488189 -0.559055 -0.669291 
vn -0.354331 -0.897638 -0.259843 
vn 0.535433 -0.76378 -0.354331 
vn 0.472441 -0.858268 -0.204724 
vn 0.669291 -0.716535 -0.188976 
vn -0.00787402 -1 -0.0708661 
vn 0.417323 -0.897638 -0.133858 
vn 0.440945 -0.897638 0 
vn 0.503937 -0.850394 0.165354 
vn 0.464567 -0.866142 0.19685 
vn 0.889764 -0.448819 0.0629921 
vn -0.905512 -0.425197 0.00787402 
vn -0.629921 -0.0314961 -0.779528 
vn -0.00787402 -1 -0.0708661 
vn 0.354331 -0.897638 -0.259843 
vn 0.417323 -0.897638 -0.133858 
vn -0.00787402 -1 -0.0708661 
vn -0.354331 -0.897638 -0.259843 
vn -0.259843 -0.897638 -0.354331 
vn -0.488189 -0.559055 -0.669291 
vn -0.259843 -0.559055 -0.787402 
vn -0.307087 -0.173228 -0.937008 
vn -0.598425 -0.307087 -0.740157 
vn -0.590551 -0.00787402 -0.811024 
vn 0.80315 -0.370079 -0.464567 
vn 0.913386 -0.228346 -0.330709 
vn -0.590551 -0.00787402 -0.811024 
vn 0.874016 -0.464567 0.141732 
vn 0.913386 -0.0787402 0.393701 
vn -0.858268 -0.472441 -0.19685 
vn 0.80315 -0.519685 -0.299213 
vn -0.866142 -0.251969 0.440945 
vn -0.976378 0 -0.204724 
vn -0.669291 -0.732283 -0.133858 
vn -0.645669 -0.685039 -0.338583 
vn -0.669291 -0.716535 -0.188976 
vn -0.00787402 -1 -0.0708661 
vn -0.440945 -0.897638 0 
vn -0.417323 -0.897638 -0.133858 
vn 0.748031 -0.244094 0.614173 
vn -0.299213 -0.92126 0.244094 
vn 0.0708661 -0.401575 -0.913386 
vn -0.00787402 -1 -0.0708661 
vn -0.417323 -0.897638 -0.133858 
vn -0.354331 -0.897638 -0.259843 
vn -0.669291 -0.559055 -0.488189 
vn -0.354331 -0.897638 -0.259843 
vn -0.181102 -0.346457 -0.92126 
vn 0.448819 -0.889764 -0.0708661 
vn -0.496063 -0.464567 0.732283 
vn -0.874016 -0.133858 0.472441 
vn 0.779528 -0.590551 -0.19685 
vn 0.913386 -0.393701 0.0866142 
vn -0.015748 -0.653543 0.755906 
vn 0.362205 -0.80315 -0.472441 
vn 0.88189 0.417323 -0.204724 
vn 0.850394 0.496063 -0.165354 
vn 0.543307 0.433071 0.724409 
vn 0.165354 -0.795276 0.582677 
vn -0.0708661 -0.401575 -0.913386 
vn 0.299213 -0.92126 0.244094 
vn -0.748031 -0.244094 0.614173 
vn 0.582677 -0.692913 -0.425197 
vn 0.535433 -0.76378 -0.354331 
vn 0.669291 -0.716535 -0.188976 
vn -0.00787402 -1 -0.0708661 
vn 0.417323 -0.897638 0.133858 
vn 0.503937 -0.850394 0.165354 
vn 0.440945 -0.897638 0 
vn 0.905512 -0.19685 -0.377953 
vn -0.448819 0.181102 -0.874016 
vn -0.133858 0.322835 -0.937008 
vn -0.23622 -0.944882 0.228346 
vn -0.00787402 -1 -0.0708661 
vn 0.173228 -0.937008 0.307087 
vn 0.165354 -0.795276 0.582677 
vn 0.307087 -0.700787 0.645669 
vn 0.850394 0.496063 -0.165354 
vn -0.00787402 -1 -0.0708661 
vn -0.503937 -0.850394 0.165354 
vn -0.417323 -0.897638 0.133858 
vn -0.440945 -0.897638 0 
vn -0.00787402 -1 -0.0708661 
vn 0.464567 -0.866142 0.19685 
vn 0.173228 -0.937008 0.307087 
vn 0.519685 -0.456693 -0.724409 
vn 0.976378 -0.00787402 -0.228346 
vn 0.291339 0.88189 -0.370079 
vn 0.818898 -0.362205 -0.448819 
vn 0.826772 -0.559055 -0.0629921 
vn -0.984252 0.015748 -0.15748 
vn -0.787402 -0.338583 0.519685 
vn -0.92126 -0.149606 -0.354331 
vn 0.425197 0.212598 -0.88189 
vn -0.976378 0 -0.204724 
vn 0.251969 0.0629921 -0.968504 
vn 0.80315 -0.519685 -0.299213 
vn 0.133858 -0.897638 -0.417323 
vn 0.259843 -0.559055 -0.787402 
vn 0.488189 -0.559055 -0.669291 
vn -0.88189 0.417323 -0.204724 
vn -0.362205 -0.80315 -0.472441 
vn 0.015748 -0.653543 0.755906 
vn -0.259843 -0.559055 -0.787402 
vn -0.133858 -0.897638 -0.417323 
vn -0.259843 -0.897638 -0.354331 
vn -0.00787402 -1 -0.0708661 
vn -0.259843 -0.92126 0.299213 
vn -0.267717 -0.889764 0.362205 
vn -0.645669 -0.685039 -0.338583 
vn -0.582677 -0.692913 -0.425197 
vn -0.669291 -0.716535 -0.188976 
vn 0.80315 -0.370079 -0.464567 
vn 0.76378 -0.23622 -0.598425 
vn -0.598425 -0.307087 -0.740157 
vn 0.370079 -0.787402 0.488189 
vn 0.354331 -0.519685 0.779528 
vn 0.88189 0.417323 -0.204724 
vn 0.88189 0.417323 -0.204724 
vn -0.015748 -0.653543 0.755906 
vn 0.622047 -0.19685 0.755906 
vn 0.220472 -0.354331 0.905512 
vn -0.716535 0.0629921 -0.692913 
vn 0.307087 -0.228346 0.92126 
vn -0.692913 0.425197 0.582677 
vn -0.685039 -0.0472441 -0.724409 
vn -0.771654 0.165354 -0.614173 
vn -0.346457 -0.779528 0.519685 
vn -0.322835 -0.811024 0.488189 
vn -0.133858 -0.897638 -0.417323 
vn -0.259843 -0.559055 -0.787402 
vn 0 -0.559055 -0.826772 
vn 0 -0.173228 -0.984252 
vn -0.259843 -0.559055 -0.787402 
vn 0 -0.559055 -0.826772 
vn 0 -0.897638 -0.440945 
vn 0.952756 0.291339 0.0866142 
vn 0.858268 -0.173228 0.480315 
vn -0.724409 -0.015748 -0.685039 
vn -0.354331 -0.897638 -0.259843 
vn -0.669291 -0.559055 -0.488189 
vn -0.488189 -0.559055 -0.669291 
vn -0.165354 -0.590551 0.787402 
vn -0.0393701 -0.133858 -0.992126 
vn 0.614173 0 -0.787402 
vn 0.669291 -0.559055 -0.488189 
vn 0.354331 -0.897638 -0.259843 
vn 0.259843 -0.897638 -0.354331 
vn 0.488189 -0.559055 -0.669291 
vn 0.133858 -0.897638 -0.417323 
vn 0.259843 -0.897638 -0.354331 
vn 0.488189 -0.559055 -0.669291 
vn 0.582677 -0.165354 -0.795276 
vn 0.80315 -0.15748 -0.574803 
vn 0.669291 -0.559055 -0.488189 
vn 0.787402 -0.559055 -0.259843 
vn 0.417323 -0.897638 -0.133858 
vn 0.826772 -0.566929 0 
vn -0.346457 0.259843 -0.897638 
vn 0.228346 -0.212598 -0.952756 
vn -0.244094 0 0.968504 
vn 0.614173 0 -0.787402 
vn 0.755906 -0.11811 0.645669 
vn -0.165354 -0.590551 0.787402 
vn 0.0708661 -0.401575 -0.913386 
vn 0.874016 -0.377953 0.307087 
vn 0.748031 -0.244094 0.614173 
vn -0.795276 -0.322835 -0.511811 
vn 0.346457 -0.80315 -0.480315 
vn -0.0708661 -0.661417 0.740157 
vn 0.897638 0.370079 -0.23622 
vn 0.984252 -0.149606 0.11811 
vn -0.929134 -0.0472441 -0.362205 
vn -0.173228 0.417323 0.889764 
vn -0.173228 0.417323 0.889764 
vn -0.173228 0.417323 0.889764 
vn -0.173228 0.417323 0.889764 
vn 0.425197 -0.519685 -0.740157 
vn 0.496063 -0.480315 -0.716535 
vn 0.141732 -0.188976 -0.968504 
vn -0.23622 -0.314961 -0.92126 
vn -0.0708661 -0.425197 -0.905512 
vn -0.748031 -0.244094 0.614173 
vn -0.874016 -0.377953 0.307087 
vn -0.0708661 -0.401575 -0.913386 
vn 0.88189 -0.346457 0.322835 
vn -0.92126 0.141732 0.370079 
vn -0.905512 -0.425197 0.00787402 
vn 0.84252 0.102362 -0.527559 
vn -0.637795 -0.181102 -0.748031 
vn 0.102362 -0.00787402 0.992126 
vn -0.480315 -0.015748 0.874016 
vn -0.0314961 -0.992126 0.141732 
vn 0.976378 -0.19685 0.0472441 
vn 0.787402 -0.559055 -0.259843 
vn 0.417323 -0.897638 -0.133858 
vn 0.354331 -0.897638 -0.259843 
vn 0.181102 -0.889764 0.417323 
vn 0.401575 -0.740157 0.543307 
vn 0.732283 0.165354 -0.653543 
vn 0.700787 -0.149606 -0.700787 
vn 0.992126 -0.0866142 0.0629921 
vn 0 -0.858268 0.519685 
vn -0.559055 -0.818898 -0.125984 
vn -0.874016 0.275591 0.401575 
vn -0.598425 -0.582677 -0.551181 
vn -0.976378 0 -0.204724 
vn 0.251969 -0.11811 -0.96063 
vn 0.779528 -0.590551 -0.19685 
vn -0.905512 -0.425197 0.00787402 
vn 0.889764 -0.448819 0.0629921 
vn 0.88189 -0.346457 0.322835 
vn -0.417323 -0.897638 -0.133858 
vn -0.787402 -0.559055 -0.259843 
vn -0.669291 -0.559055 -0.488189 
vn 0.519685 0.771654 -0.362205 
vn 0.834646 -0.464567 -0.299213 
vn -0.330709 -0.488189 -0.80315 
vn 0.771654 -0.181102 -0.606299 
vn 0.80315 -0.19685 -0.566929 
vn -0.850394 -0.110236 0.511811 
vn 0.11811 0.354331 -0.929134 
vn 0.944882 -0.330709 -0.0472441 
vn 0.023622 -0.606299 0.795276 
vn -0.472441 0.385827 -0.795276 
vn 0.669291 -0.0393701 -0.740157 
vn 0.519685 -0.299213 -0.80315 
vn 0.307087 -0.173228 -0.937008 
vn 0.259843 -0.559055 -0.787402 
vn 0 -0.559055 -0.826772 
vn 0.84252 -0.0472441 -0.543307 
vn 0.716535 -0.0866142 -0.692913 
vn -0.590551 -0.448819 -0.669291 
vn 0.0551181 -0.952756 0.291339 
vn 0.0393701 -0.834646 0.551181 
vn 0.0708661 -0.968504 0.251969 
vn -0.669291 0.716535 -0.212598 
vn -0.503937 -0.866142 0.015748 
vn -0.866142 -0.448819 0.204724 
vn -0.84252 0.527559 -0.0866142 
vn -0.275591 -0.653543 0.700787 
vn -0.0393701 -0.874016 0.480315 
vn -0.496063 -0.480315 -0.716535 
vn -0.496063 -0.401575 -0.771654 
vn 0.141732 -0.188976 -0.968504 
vn 0.0708661 -0.968504 0.251969 
vn -0.314961 -0.220472 -0.92126 
vn 0.0551181 -0.952756 0.291339 
vn -0.0472441 -0.834646 0.551181 
vn -0.0551181 -0.952756 0.291339 
vn -0.0708661 -0.968504 0.251969 
vn 0.314961 -0.220472 -0.92126 
vn -0.0551181 -0.952756 0.291339 
vn 0.826772 -0.566929 0 
vn 0.440945 -0.897638 0 
vn 0.417323 -0.897638 -0.133858 
vn 0.88189 -0.346457 0.322835 
vn 0.409449 -0.307087 0.858268 
vn -0.92126 0.141732 0.370079 
vn 0.779528 -0.590551 -0.19685 
vn -0.874016 -0.133858 0.472441 
vn -0.976378 0 -0.204724 
vn 0.015748 -0.653543 0.755906 
vn -0.354331 -0.519685 0.779528 
vn -0.88189 0.417323 -0.204724 
vn 0.322835 -0.472441 -0.818898 
vn 0.425197 -0.519685 -0.740157 
vn 0.141732 -0.188976 -0.968504 
vn -0.787402 -0.559055 -0.259843 
vn -0.417323 -0.897638 -0.133858 
vn -0.440945 -0.897638 0 
vn 0.582677 -0.165354 -0.795276 
vn 0.488189 -0.559055 -0.669291 
vn 0.259843 -0.559055 -0.787402 
vn 0.259843 -0.559055 -0.787402 
vn 0.307087 -0.173228 -0.937008 
vn 0.582677 -0.165354 -0.795276 
vn 0.535433 0.314961 -0.779528 
vn 0.80315 -0.212598 -0.559055 
vn -0.944882 0.023622 0.338583 
vn 0.338583 -0.354331 -0.874016 
vn 0.338583 -0.354331 -0.874016 
vn 0.338583 -0.354331 -0.874016 
vn 0 -0.559055 -0.826772 
vn 0 -0.173228 -0.984252 
vn 0.307087 -0.173228 -0.937008 
vn 0.322835 0.00787402 -0.944882 
vn 0 -0.173228 -0.984252 
vn 0 -0.173228 -0.984252 
vn 0 -0.00787402 -1 
vn 0.551181 0.393701 0.732283 
vn 0.370079 -0.84252 0.393701 
vn -0.669291 -0.692913 -0.275591 
vn -0.488189 -0.559055 -0.669291 
vn -0.582677 -0.165354 -0.795276 
vn -0.307087 -0.173228 -0.937008 
vn 0.480315 0.716535 -0.503937 
vn 0.204724 -0.866142 -0.456693 
vn 0.19685 -0.448819 -0.874016 
vn -0.259843 -0.559055 -0.787402 
vn -0.307087 -0.173228 -0.937008 
vn 0 -0.173228 -0.984252 
vn -0.322835 0.00787402 -0.944882 
vn 0 -0.00787402 -1 
vn 0 -0.173228 -0.984252 
vn 0.574803 -0.80315 0.149606 
vn 0.685039 -0.448819 0.574803 
vn -0.606299 -0.181102 0.771654 
vn -0.496063 -0.401575 -0.771654 
vn -0.377953 -0.346457 -0.858268 
vn 0.141732 -0.188976 -0.968504 
vn 0.669291 -0.322835 0.669291 
vn -0.362205 -0.92126 0.141732 
vn 0.188976 -0.307087 -0.929134 
vn 0.0314961 -0.314961 0.944882 
vn -0.275591 0.149606 0.952756 
vn 0.251969 -0.275591 -0.929134 
vn 0.291339 0.503937 -0.811024 
vn 0.818898 0.519685 -0.23622 
vn 0.732283 -0.653543 0.181102 
vn -0.346457 -0.779528 0.519685 
vn 0.307087 -0.700787 0.645669 
vn 0.165354 -0.795276 0.582677 
vn -0.338583 -0.354331 -0.874016 
vn -0.338583 -0.354331 -0.874016 
vn -0.338583 -0.354331 -0.874016 
vn -0.661417 0.748031 0.0314961 
vn -0.228346 0.291339 -0.929134 
vn 0.0472441 0.0629921 -1 
vn 0.204724 -0.440945 -0.874016 
vn 0.322835 -0.472441 -0.818898 
vn 0.141732 -0.188976 -0.968504 
vn 0.0708661 -0.425197 -0.905512 
vn 0.204724 -0.440945 -0.874016 
vn -0.0708661 -0.661417 0.740157 
vn 0.346457 -0.80315 -0.480315 
vn 0.992126 0.0708661 -0.0866142 
vn -0.338583 -0.0787402 0.937008 
vn -0.905512 0.125984 0.409449 
vn -0.220472 0.0629921 -0.976378 
vn -0.188976 -0.307087 -0.937008 
vn 0.362205 -0.92126 0.141732 
vn -0.669291 -0.322835 0.669291 
vn 0.314961 0 -0.944882 
vn 0.771654 0.464567 -0.433071 
vn 0.755906 -0.527559 0.393701 
vn 0.787402 -0.559055 0.259843 
vn 0.417323 -0.897638 0.133858 
vn 0.440945 -0.897638 0 
vn -0.377953 -0.346457 -0.858268 
vn -0.23622 -0.314961 -0.92126 
vn 0.141732 -0.188976 -0.968504 
vn -0.440945 -0.897638 0 
vn -0.826772 -0.566929 0 
vn -0.787402 -0.559055 -0.259843 
vn -0.80315 -0.15748 -0.574803 
vn -0.669291 -0.559055 -0.488189 
vn -0.826772 -0.566929 0 
vn -0.417323 -0.897638 0.133858 
vn 0.748031 -0.661417 -0.0551181 
vn 0.834646 -0.543307 -0.0944882 
vn 0.204724 0.370079 -0.905512 
vn 0.661417 -0.173228 0.732283 
vn 0.80315 -0.370079 -0.464567 
vn 0.913386 -0.228346 -0.330709 
vn -0.259843 -0.92126 0.299213 
vn -0.23622 -0.944882 0.228346 
vn -0.0708661 -0.724409 0.685039 
vn 0.622047 -0.0866142 0.779528 
vn 0.307087 -0.228346 0.92126 
vn -0.685039 -0.0472441 -0.724409 
vn -0.992126 0.0629921 -0.0629921 
vn -0.299213 -0.818898 -0.488189 
vn 0.244094 -0.692913 0.677165 
vn 0.80315 -0.15748 -0.574803 
vn 0.669291 -0.559055 -0.488189 
vn 0.488189 -0.559055 -0.669291 
vn 0.307087 -0.173228 -0.937008 
vn 0.322835 0.00787402 -0.944882 
vn 0.551181 -0.023622 -0.834646 
vn 0.551181 -0.023622 -0.834646 
vn 0.582677 -0.165354 -0.795276 
vn 0.307087 -0.173228 -0.937008 
vn -0.417323 -0.897638 0.133858 
vn -0.787402 -0.559055 0.259843 
vn -0.826772 -0.566929 0 
vn -0.0708661 -0.425197 -0.905512 
vn 0.0708661 -0.425197 -0.905512 
vn 0.141732 -0.188976 -0.968504 
vn -0.755906 -0.527559 0.393701 
vn -0.771654 0.464567 -0.433071 
vn -0.314961 0 -0.952756 
vn 0.440945 -0.897638 0 
vn 0.826772 -0.566929 0 
vn 0.787402 -0.559055 0.259843 
vn 0.417323 -0.897638 0.133858 
vn 0.669291 -0.559055 0.488189 
vn 0.188976 -0.307087 -0.929134 
vn 0.314961 0 -0.944882 
vn 0.716535 -0.637795 0.291339 
vn 0.755906 -0.527559 0.393701 
vn 0.314961 0 -0.944882 
vn 0.716535 -0.637795 0.291339 
vn 0.84252 -0.425197 0.330709 
vn 0.188976 -0.307087 -0.929134 
vn -0.307087 -0.173228 -0.937008 
vn -0.582677 -0.165354 -0.795276 
vn -0.543307 -0.023622 -0.84252 
vn -0.543307 -0.023622 -0.84252 
vn -0.322835 0.00787402 -0.944882 
vn -0.307087 -0.173228 -0.937008 
vn -0.669291 -0.559055 -0.488189 
vn -0.80315 -0.15748 -0.574803 
vn -0.582677 -0.165354 -0.795276 
vn -0.582677 -0.165354 -0.795276 
vn -0.488189 -0.559055 -0.669291 
vn -0.669291 -0.559055 -0.488189 
vn -0.133858 0.322835 -0.937008 
vn 0.874016 -0.393701 -0.291339 
vn 0.905512 -0.19685 -0.377953 
vn 0.527559 -0.645669 0.543307 
vn -0.110236 0.417323 0.905512 
vn -0.795276 0.0629921 0.598425 
vn 0.267717 -0.897638 0.346457 
vn 0.220472 -0.84252 0.496063 
vn -0.188976 -0.811024 0.551181 
vn 0.0708661 -0.401575 -0.913386 
vn 0.559055 -0.173228 -0.811024 
vn 0.732283 -0.480315 0.488189 
vn -0.314961 0 -0.952756 
vn -0.716535 -0.637795 0.291339 
vn -0.755906 -0.527559 0.393701 
vn -0.314961 0 -0.952756 
vn -0.188976 -0.307087 -0.937008 
vn 0.330709 0.779528 -0.527559 
vn -0.677165 -0.330709 -0.661417 
vn -0.716535 0.0629921 -0.692913 
vn 0.732283 -0.653543 0.181102 
vn 0.748031 -0.661417 -0.0551181 
vn 0.291339 0.503937 -0.811024 
vn 0.204724 0.370079 -0.905512 
vn 0.291339 0.503937 -0.811024 
vn -0.188976 -0.307087 -0.937008 
vn -0.84252 -0.425197 0.330709 
vn -0.716535 -0.637795 0.291339 
vn -0.314961 -0.850394 0.417323 
vn 0.370079 -0.787402 0.488189 
vn 0.149606 -0.80315 0.574803 
vn 0.976378 -0.19685 0.0472441 
vn -0.0314961 -0.992126 0.141732 
vn -0.598425 -0.307087 -0.740157 
vn -0.732283 -0.480315 0.488189 
vn -0.559055 -0.173228 -0.811024 
vn -0.0708661 -0.401575 -0.913386 
vn 0.984252 0.11811 -0.141732 
vn -0.464567 -0.874016 -0.141732 
vn -0.826772 -0.377953 -0.425197 
vn 0.669291 -0.559055 0.488189 
vn 0.503937 -0.850394 0.165354 
vn 0.417323 -0.897638 0.133858 
vn 0.874016 -0.275591 -0.401575 
vn 0.84252 -0.385827 -0.377953 
vn -0.92126 -0.204724 0.330709 
vn 0.708661 0.188976 -0.677165 
vn 0.818898 -0.362205 -0.448819 
vn -0.992126 0.0787402 0.110236 
vn 0.874016 -0.393701 -0.291339 
vn -0.133858 0.322835 -0.937008 
vn 0.212598 0.748031 -0.622047 
vn 0.826772 -0.559055 -0.0629921 
vn -0.307087 -0.874016 0.385827 
vn -0.984252 0.015748 -0.15748 
vn -0.787402 -0.559055 0.259843 
vn -0.417323 -0.897638 0.133858 
vn -0.503937 -0.850394 0.165354 
vn 0.818898 -0.0629921 -0.574803 
vn 0.80315 -0.15748 -0.574803 
vn 0.582677 -0.165354 -0.795276 
vn -0.724409 -0.015748 -0.685039 
vn -0.299213 0.80315 -0.511811 
vn 0.952756 0.291339 0.0866142 
vn 0.188976 -0.307087 -0.929134 
vn 0.84252 -0.425197 0.330709 
vn 0.669291 -0.322835 0.669291 
vn 1 -0.00787402 -0.0866142 
vn 0.590551 -0.472441 0.653543 
vn -0.952756 -0.0708661 -0.299213 
vn 0.23622 0.251969 -0.937008 
vn 0.574803 -0.244094 -0.779528 
vn -0.779528 0.0708661 0.622047 
vn -0.795276 0.0629921 0.598425 
vn 0.409449 -0.740157 0.535433 
vn 0.527559 -0.645669 0.543307 
vn -0.795276 0.0629921 0.598425 
vn -0.826772 -0.322835 0.456693 
vn -0.015748 -0.905512 0.417323 
vn 0.0393701 -0.834646 0.551181 
vn 0.023622 -0.913386 0.409449 
vn 0.0393701 -0.834646 0.551181 
vn -0.015748 -0.905512 0.417323 
vn -0.0472441 -0.834646 0.551181 
vn 0.582677 -0.165354 -0.795276 
vn 0.551181 -0.023622 -0.834646 
vn 0.818898 -0.0629921 -0.574803 
vn 0.251969 -0.748031 -0.606299 
vn 0.291339 -0.826772 -0.480315 
vn 0.944882 -0.141732 -0.307087 
vn 0.787402 -0.559055 -0.259843 
vn 0.669291 -0.559055 -0.488189 
vn 0.96063 0.220472 0.173228 
vn 1 0.023622 0.0393701 
vn 0.952756 0.244094 -0.19685 
vn -0.503937 -0.850394 0.165354 
vn -0.669291 -0.559055 0.488189 
vn -0.787402 -0.559055 0.259843 
vn -0.590551 -0.511811 0.622047 
vn -0.503937 -0.850394 0.165354 
vn -0.582677 -0.165354 -0.795276 
vn -0.80315 -0.15748 -0.574803 
vn -0.818898 -0.0629921 -0.574803 
vn -0.937008 -0.125984 -0.322835 
vn 0.0472441 -0.511811 -0.858268 
vn -0.15748 -0.330709 -0.929134 
vn 0.0393701 -0.834646 0.551181 
vn 0.0551181 -0.952756 0.291339 
vn 0.023622 -0.913386 0.409449 
vn -0.220472 0.0629921 -0.976378 
vn 0.637795 -0.338583 -0.692913 
vn -0.338583 -0.0787402 0.937008 
vn -0.0551181 -0.952756 0.291339 
vn -0.0472441 -0.834646 0.551181 
vn -0.015748 -0.905512 0.417323 
vn -0.307087 -0.535433 -0.787402 
vn -0.456693 -0.125984 -0.88189 
vn 0.716535 0.425197 -0.551181 
vn -0.669291 -0.322835 0.669291 
vn -0.84252 -0.425197 0.330709 
vn -0.188976 -0.307087 -0.937008 
vn -0.818898 -0.0629921 -0.574803 
vn -0.543307 -0.023622 -0.84252 
vn -0.582677 -0.165354 -0.795276 
vn -0.291339 -0.826772 -0.480315 
vn -0.251969 -0.748031 -0.606299 
vn -0.511811 -0.535433 -0.669291 
vn -0.622047 -0.0629921 -0.779528 
vn 0.874016 -0.110236 -0.480315 
vn 0.456693 -0.732283 0.503937 
vn -0.551181 -0.834646 0.0393701 
vn -0.661417 0.173228 -0.732283 
vn 0.818898 -0.464567 0.338583 
vn -0.472441 -0.322835 0.818898 
vn -0.204724 -0.952756 -0.228346 
vn 0.913386 -0.0787402 -0.409449 
vn -0.314961 -0.275591 -0.905512 
vn -0.511811 0.149606 -0.850394 
vn 0.503937 -0.850394 0.165354 
vn 0.669291 -0.559055 0.488189 
vn 0.637795 -0.456693 0.622047 
vn -0.00787402 -0.952756 0.314961 
vn -0.905512 0.015748 0.425197 
vn -0.913386 0.220472 -0.346457 
vn -0.0393701 -0.874016 0.480315 
vn -0.637795 0.307087 0.708661 
vn -0.84252 0.527559 -0.0866142 
vn 0.165354 -0.795276 0.582677 
vn -0.322835 -0.811024 0.488189 
vn -0.346457 -0.779528 0.519685 
vn 0.559055 -0.173228 -0.811024 
vn 0.629921 0.511811 -0.582677 
vn 0.84252 -0.212598 0.496063 
vn 0.409449 0.251969 -0.88189 
vn 0.826772 0.173228 -0.527559 
vn -0.76378 -0.259843 0.590551 
vn 0.889764 0.0629921 -0.456693 
vn 0.425197 -0.204724 -0.88189 
vn -0.0944882 -0.653543 -0.748031 
vn 0.220472 -0.84252 0.496063 
vn 0.267717 -0.897638 0.346457 
vn 0.858268 0.19685 -0.480315 
vn 0.779528 -0.0866142 -0.622047 
vn 0.858268 0.19685 -0.480315 
vn -0.826772 -0.322835 0.456693 
vn 0.377953 -0.811024 0.448819 
vn 0.409449 -0.740157 0.535433 
vn 0.976378 -0.173228 0.125984 
vn 0.133858 -0.976378 0.149606 
vn -0.818898 -0.440945 -0.362205 
vn 0.944882 0.149606 0.299213 
vn 0.472441 -0.173228 0.866142 
vn -0.566929 -0.188976 -0.80315 
vn -0.84252 -0.496063 -0.19685 
vn -0.976378 -0.212598 0.0393701 
vn 0.992126 0.0944882 -0.102362 
vn 0.952756 -0.299213 0.0944882 
vn 0.92126 -0.377953 -0.0472441 
vn 0.165354 0.0866142 -0.984252 
vn -0.84252 -0.212598 0.496063 
vn -0.629921 0.511811 -0.582677 
vn -0.559055 -0.173228 -0.811024 
vn 0.80315 0.173228 -0.566929 
vn 0.897638 -0.149606 -0.409449 
vn -0.76378 -0.496063 0.401575 
vn -0.929134 -0.0472441 -0.362205 
vn -0.527559 0.787402 -0.307087 
vn 0.897638 0.370079 -0.23622 
vn 0.818898 -0.0629921 -0.574803 
vn 0.291339 -0.826772 -0.480315 
vn 0.692913 -0.622047 -0.362205 
vn 0.692913 -0.622047 -0.362205 
vn 0.952756 0.110236 -0.275591 
vn 0.818898 -0.0629921 -0.574803 
vn 0.84252 -0.385827 -0.377953 
vn -0.669291 -0.692913 -0.275591 
vn -0.92126 -0.204724 0.330709 
vn -0.0708661 -0.724409 0.685039 
vn -0.23622 -0.944882 0.228346 
vn 0.173228 -0.937008 0.307087 
vn -0.787402 -0.559055 -0.259843 
vn -0.937008 -0.149606 -0.307087 
vn -0.80315 -0.15748 -0.574803 
vn -0.937008 -0.149606 -0.307087 
vn -0.952756 0.110236 -0.275591 
vn -0.952756 0.110236 -0.275591 
vn -0.818898 -0.0629921 -0.574803 
vn 0.80315 -0.15748 -0.574803 
vn 0.818898 -0.0629921 -0.574803 
vn 0.952756 0.110236 -0.275591 
vn 0.952756 0.110236 -0.275591 
vn 0.944882 -0.141732 -0.307087 
vn 0.952756 -0.299213 0.0944882 
vn 0.11811 0.291339 -0.952756 
vn 0.488189 0.724409 -0.488189 
vn -0.692913 -0.622047 -0.362205 
vn -0.291339 -0.826772 -0.480315 
vn -0.818898 -0.0629921 -0.574803 
vn 0.637795 -0.456693 0.622047 
vn 0.464567 -0.866142 0.19685 
vn 0.503937 -0.850394 0.165354 
vn -0.992126 0.0787402 0.110236 
vn -0.527559 0.84252 -0.125984 
vn 0.708661 0.188976 -0.677165 
vn -0.244094 0 0.968504 
vn -0.503937 0.677165 0.535433 
vn -0.346457 0.259843 -0.897638 
vn 0 -0.00787402 -1 
vn 0 -0.889764 -0.456693 
vn 0.0944882 -0.874016 -0.472441 
vn -0.818898 -0.0629921 -0.574803 
vn -0.952756 0.110236 -0.275591 
vn -0.692913 -0.622047 -0.362205 
vn -0.0944882 -0.874016 -0.472441 
vn 0 -0.889764 -0.456693 
vn 0 -0.00787402 -1 
vn -0.149606 0.023622 -0.992126 
vn 0.905512 0.0629921 -0.417323 
vn 0.669291 0.188976 0.716535 
vn -0.92126 -0.204724 0.330709 
vn -0.88189 0.0472441 0.464567 
vn 0.874016 -0.275591 -0.401575 
vn 0.787402 -0.559055 -0.259843 
vn 0.944882 -0.141732 -0.307087 
vn 0.787402 -0.503937 -0.362205 
vn 0.826772 -0.566929 0 
vn 0.11811 0.0787402 -0.992126 
vn 0.433071 -0.889764 0.125984 
vn -0.732283 -0.314961 0.606299 
vn -0.472441 -0.322835 0.818898 
vn 0.818898 -0.464567 0.338583 
vn 0.850394 -0.440945 0.299213 
vn -0.503937 -0.850394 0.165354 
vn -0.267717 -0.889764 0.362205 
vn -0.590551 -0.511811 0.622047 
vn 0.0944882 -0.874016 -0.472441 
vn 0.322835 0.00787402 -0.944882 
vn 0 -0.00787402 -1 
vn 0.669291 -0.559055 -0.488189 
vn 0.80315 -0.15748 -0.574803 
vn 0.944882 -0.141732 -0.307087 
vn 0.952756 0.110236 -0.275591 
vn 0.535433 -0.267717 -0.80315 
vn 0 -0.00787402 -1 
vn -0.322835 0.00787402 -0.944882 
vn -0.0944882 -0.874016 -0.472441 
vn 0.212598 0.748031 -0.622047 
vn 0.992126 -0.0787402 -0.0866142 
vn 0.874016 -0.393701 -0.291339 
vn 0.850394 -0.440945 0.299213 
vn -0.338583 -0.110236 0.937008 
vn -0.472441 -0.322835 0.818898 
vn -0.448819 0.181102 -0.874016 
vn 0.905512 -0.19685 -0.377953 
vn 0.858268 -0.385827 -0.330709 
vn -0.826772 -0.566929 0 
vn -0.779528 -0.503937 -0.362205 
vn -0.937008 -0.149606 -0.307087 
vn -0.937008 -0.149606 -0.307087 
vn -0.787402 -0.559055 -0.259843 
vn -0.826772 -0.566929 0 
vn 0.929134 -0.023622 -0.362205 
vn 0.519685 -0.299213 -0.80315 
vn 0.669291 -0.0393701 -0.740157 
vn 0.84252 -0.212598 0.496063 
vn 0.732283 -0.480315 0.488189 
vn 0.559055 -0.173228 -0.811024 
vn -0.0393701 -0.874016 0.480315 
vn -0.275591 -0.653543 0.700787 
vn 0.370079 -0.732283 0.566929 
vn -0.204724 -0.952756 -0.228346 
vn 0.858268 -0.385827 -0.330709 
vn 0.818898 -0.464567 0.338583 
vn -0.850394 0.181102 -0.488189 
vn -0.228346 0.622047 -0.748031 
vn 0.929134 0.15748 -0.330709 
vn 0.858268 -0.173228 0.480315 
vn 0.80315 -0.409449 0.440945 
vn -0.598425 -0.015748 -0.80315 
vn 0.952756 -0.0629921 0.299213 
vn 0.992126 -0.0787402 -0.0866142 
vn 0.212598 0.748031 -0.622047 
vn -0.0393701 0.606299 0.795276 
vn -0.559055 -0.173228 -0.811024 
vn -0.732283 -0.480315 0.488189 
vn -0.84252 -0.212598 0.496063 
vn 0.992126 0.0708661 -0.0866142 
vn 0.188976 -0.401575 0.897638 
vn -0.0708661 -0.661417 0.740157 
vn -0.96063 0.15748 -0.212598 
vn -0.228346 -0.322835 -0.92126 
vn 0.669291 -0.0866142 0.740157 
vn -0.771654 -0.590551 0.244094 
vn -0.866142 -0.299213 0.401575 
vn 0.905512 0.417323 -0.0629921 
vn 0.322835 0.00787402 -0.944882 
vn 0.0944882 -0.874016 -0.472441 
vn 0.251969 -0.748031 -0.606299 
vn 0.409449 -0.740157 0.535433 
vn 0.748031 -0.661417 -0.0551181 
vn 0.732283 -0.653543 0.181102 
vn 0.244094 -0.692913 0.677165 
vn -0.141732 -0.417323 0.897638 
vn -0.992126 0.0629921 -0.0629921 
vn 0.0708661 -0.968504 0.251969 
vn 0.92126 0.102362 0.370079 
vn -0.637795 0.19685 0.740157 
vn -0.0787402 -0.464567 0.88189 
vn 0.204724 -0.519685 0.834646 
vn 0.952756 0.259843 0.165354 
vn -0.944882 0.023622 0.338583 
vn -0.551181 0.826772 0.110236 
vn 0.535433 0.314961 -0.779528 
vn 0.787402 -0.0787402 -0.606299 
vn 0.929134 0.0944882 0.362205 
vn -0.0472441 -0.850394 0.519685 
vn -0.251969 -0.748031 -0.606299 
vn -0.0944882 -0.874016 -0.472441 
vn -0.322835 0.00787402 -0.944882 
vn -0.188976 -0.811024 0.551181 
vn -0.370079 -0.787402 0.488189 
vn 0.267717 -0.897638 0.346457 
vn -0.354331 -0.519685 0.779528 
vn 0.377953 -0.700787 0.606299 
vn 0.173228 -0.937008 0.307087 
vn 0.401575 -0.582677 0.708661 
vn -0.0708661 -0.724409 0.685039 
vn 0.165354 0.0866142 -0.984252 
vn 0.11811 0.291339 -0.952756 
vn 0.952756 -0.299213 0.0944882 
vn 0.322835 0.401575 -0.858268 
vn 0.826772 0.00787402 -0.559055 
vn -0.858268 -0.291339 0.417323 
vn 0.535433 -0.267717 -0.80315 
vn 0.787402 -0.503937 -0.362205 
vn 0.944882 -0.141732 -0.307087 
vn -0.338583 -0.110236 0.937008 
vn 0.850394 -0.440945 0.299213 
vn 0.952756 -0.0629921 0.299213 
vn 0.952756 -0.0629921 0.299213 
vn -0.0393701 0.606299 0.795276 
vn -0.338583 -0.110236 0.937008 
vn -0.314961 -0.850394 0.417323 
vn -0.913386 0.220472 -0.346457 
vn -0.779528 -0.0866142 -0.622047 
vn -0.00787402 -0.952756 0.314961 
vn 0.401575 -0.582677 0.708661 
vn 0.173228 -0.937008 0.307087 
vn 0.464567 -0.866142 0.19685 
vn -0.566929 -0.188976 -0.80315 
vn 0.0708661 0.503937 -0.858268 
vn 0.944882 0.149606 0.299213 
vn 0.992126 0.0708661 -0.0866142 
vn 0.850394 0.496063 -0.165354 
vn 0.307087 -0.700787 0.645669 
vn 0.913386 -0.228346 -0.330709 
vn 0.968504 -0.15748 0.204724 
vn 0.661417 -0.173228 0.732283 
vn 0.787402 -0.559055 0.259843 
vn 0.826772 -0.566929 0 
vn 0.787402 -0.503937 -0.362205 
vn -0.275591 -0.653543 0.700787 
vn -0.84252 0.527559 -0.0866142 
vn -0.992126 0.0629921 -0.0629921 
vn -0.984252 0.015748 -0.15748 
vn -0.992126 0.0787402 0.110236 
vn 0.818898 -0.362205 -0.448819 
vn -0.937008 -0.149606 -0.307087 
vn -0.779528 -0.503937 -0.362205 
vn -0.535433 -0.267717 -0.80315 
vn -0.732283 -0.314961 0.606299 
vn -0.858268 -0.291339 0.417323 
vn 0.826772 0.00787402 -0.559055 
vn -0.346457 -0.779528 0.519685 
vn -0.771654 0.165354 -0.614173 
vn -0.795276 -0.322835 -0.511811 
vn -0.535433 -0.267717 -0.80315 
vn -0.952756 0.110236 -0.275591 
vn -0.937008 -0.149606 -0.307087 
vn 0.787402 -0.503937 -0.362205 
vn 0.448819 -0.88189 0.165354 
vn 0.787402 -0.559055 0.259843 
vn 0.488189 0.724409 -0.488189 
vn 0.944882 -0.141732 0.299213 
vn 0.952756 -0.299213 0.0944882 
vn 0.251969 -0.748031 -0.606299 
vn 0.551181 -0.023622 -0.834646 
vn 0.322835 0.00787402 -0.944882 
vn -0.858268 -0.291339 0.417323 
vn -0.724409 0.669291 0.15748 
vn 0.322835 0.401575 -0.858268 
vn 0.149606 -0.80315 0.574803 
vn -0.00787402 -0.952756 0.314961 
vn -0.314961 -0.850394 0.417323 
vn 0.370079 -0.732283 0.566929 
vn 0.149606 -0.88189 0.440945 
vn -0.0393701 -0.874016 0.480315 
vn 0.76378 -0.11811 0.637795 
vn -0.307087 0.614173 0.732283 
vn -0.732283 -0.102362 0.669291 
vn -0.779528 -0.503937 -0.362205 
vn -0.826772 -0.566929 0 
vn -0.787402 -0.559055 0.259843 
vn -0.0708661 -0.661417 0.740157 
vn -0.377953 -0.527559 0.76378 
vn -0.795276 -0.322835 -0.511811 
vn -0.322835 0.00787402 -0.944882 
vn -0.543307 -0.023622 -0.84252 
vn -0.251969 -0.748031 -0.606299 
vn -0.787402 -0.559055 0.259843 
vn -0.448819 -0.88189 0.165354 
vn -0.779528 -0.503937 -0.362205 
vn 0.92126 -0.377953 -0.0472441 
vn 0.685039 -0.448819 0.574803 
vn 0.574803 -0.80315 0.149606 
vn -0.606299 -0.181102 0.771654 
vn 0.685039 -0.448819 0.574803 
vn 0.677165 -0.346457 0.645669 
vn 0.897638 0.291339 0.338583 
vn 0.700787 -0.173228 0.692913 
vn -0.511811 -0.015748 -0.858268 
vn 0.267717 -0.897638 0.346457 
vn 0.377953 -0.700787 0.606299 
vn 0.779528 -0.0866142 -0.622047 
vn 0.984252 -0.149606 0.11811 
vn 0.937008 -0.354331 0.0314961 
vn -0.850394 0.015748 -0.527559 
vn -0.732283 -0.102362 0.669291 
vn 0.677165 -0.346457 0.645669 
vn 0.76378 -0.11811 0.637795 
vn -0.606299 -0.181102 0.771654 
vn -0.622047 0.19685 -0.755906 
vn 0.590551 0.299213 -0.748031 
vn 0.708661 -0.299213 -0.637795 
vn 0.464567 -0.866142 0.19685 
vn 0.637795 -0.456693 0.622047 
vn 0.401575 -0.582677 0.708661 
vn 0.015748 -0.653543 0.755906 
vn -0.362205 -0.80315 -0.472441 
vn 0.779528 -0.0866142 -0.622047 
vn 0.669291 -0.0866142 0.740157 
vn -0.228346 -0.322835 -0.92126 
vn -0.937008 -0.11811 -0.322835 
vn 0 0 -1 
vn 0 0 -1 
vn 0 0 -1 
vn 0 0 -1 
vn 0 0 -1 
vn 0 0 -1 
vn -0.874016 0.314961 0.370079 
vn 0.385827 -0.204724 0.897638 
vn 0.259843 -0.551181 0.795276 
vn -0.259843 -0.551181 0.795276 
vn -0.385827 -0.204724 0.897638 
vn 0.874016 0.314961 0.370079 
vn -0.779528 0.0708661 0.622047 
vn -0.464567 0.858268 0.212598 
vn 0.23622 0.251969 -0.937008 
vn 0.307087 -0.700787 0.645669 
vn 0.188976 -0.401575 0.897638 
vn 0.992126 0.0708661 -0.0866142 
vn -0.220472 -0.322835 -0.92126 
vn 0.456693 -0.889764 0.0472441 
vn -0.259843 -0.338583 0.905512 
vn 0.338583 0.456693 0.826772 
vn 0.92126 -0.0472441 -0.385827 
vn 0.858268 0.15748 -0.496063 
vn -0.76378 -0.496063 0.401575 
vn -0.76378 -0.212598 0.606299 
vn 0.80315 0.173228 -0.566929 
vn 0.740157 0.472441 0.480315 
vn 0.0314961 0.606299 0.795276 
vn -0.472441 -0.535433 0.700787 
vn 0.472441 -0.535433 0.700787 
vn -0.0314961 0.606299 0.795276 
vn -0.740157 0.472441 0.480315 
vn -0.992126 0.0629921 -0.0629921 
vn -0.141732 -0.417323 0.897638 
vn -0.275591 -0.653543 0.700787 
vn 0.787402 0.425197 0.448819 
vn 0.0314961 0.897638 -0.448819 
vn -0.755906 0.346457 -0.559055 
vn -0.598425 -0.015748 -0.80315 
vn -0.724409 -0.015748 -0.685039 
vn 0.858268 -0.173228 0.480315 
vn -0.590551 -0.511811 0.622047 
vn -0.267717 -0.889764 0.362205 
vn -0.259843 -0.92126 0.299213 
vn 0.574803 -0.244094 -0.779528 
vn 0.496063 -0.472441 -0.732283 
vn -0.874016 0.0708661 0.480315 
vn 0.929134 0.370079 0.00787402 
vn 0.913386 -0.149606 0.377953 
vn -0.795276 -0.0472441 -0.606299 
vn -0.637795 0.307087 0.708661 
vn -0.0393701 -0.874016 0.480315 
vn 0.149606 -0.88189 0.440945 
vn -0.511811 -0.015748 -0.858268 
vn -0.15748 0.80315 -0.574803 
vn 0.897638 0.291339 0.338583 
vn -0.779528 -0.0866142 -0.622047 
vn -0.377953 -0.700787 0.606299 
vn -0.314961 -0.850394 0.417323 
vn 0.299213 -0.905512 0.307087 
vn 0.937008 -0.0944882 -0.330709 
vn 0.968504 0.220472 -0.0787402 
vn 0.543307 0.433071 0.724409 
vn -0.850394 0.370079 0.377953 
vn -0.322835 -0.811024 0.488189 
vn -0.322835 -0.811024 0.488189 
vn 0.165354 -0.795276 0.582677 
vn 0.543307 0.433071 0.724409 
vn -0.779528 -0.0866142 -0.622047 
vn 0.362205 -0.80315 -0.472441 
vn -0.015748 -0.653543 0.755906 
vn 0.228346 0.795276 -0.559055 
vn 0.905512 0.417323 -0.0629921 
vn -0.866142 -0.299213 0.401575 
vn -0.874016 0.314961 0.370079 
vn -0.362205 -0.92126 0.141732 
vn 0.669291 -0.322835 0.669291 
vn -0.669291 -0.322835 0.669291 
vn 0.362205 -0.92126 0.141732 
vn 0.874016 0.314961 0.370079 
vn -0.0944882 -0.653543 -0.748031 
vn 0.425197 -0.204724 -0.88189 
vn -0.834646 -0.354331 -0.417323 
vn 0.889764 0.0629921 -0.456693 
vn 0.976378 -0.173228 0.125984 
vn 0.80315 -0.212598 -0.559055 
vn 0.76378 -0.11811 -0.637795 
vn -0.968504 -0.15748 0.188976 
vn 0.76378 -0.11811 -0.637795 
vn 0.15748 -0.952756 -0.259843 
vn -0.968504 -0.15748 0.188976 
vn 0.787402 -0.559055 0.259843 
vn 0.448819 -0.88189 0.165354 
vn 0.385827 -0.874016 0.283465 
vn 0.385827 -0.874016 0.283465 
vn 0.669291 -0.559055 0.488189 
vn 0.787402 -0.559055 0.259843 
vn -0.826772 -0.322835 0.456693 
vn -0.488189 -0.677165 -0.551181 
vn 0.724409 -0.685039 -0.102362 
vn 0.700787 -0.173228 0.692913 
vn 0.677165 -0.307087 0.669291 
vn -0.362205 0.0314961 -0.929134 
vn 0.76378 -0.11811 0.637795 
vn 0.944882 -0.141732 0.299213 
vn 0.488189 0.724409 -0.488189 
vn 0.488189 0.724409 -0.488189 
vn -0.307087 0.614173 0.732283 
vn 0.76378 -0.11811 0.637795 
vn 0.866142 0.181102 -0.464567 
vn 0.669291 -0.0393701 -0.740157 
vn -0.472441 0.385827 -0.795276 
vn 0.732283 -0.653543 0.181102 
vn 0.527559 -0.645669 0.543307 
vn 0.409449 -0.740157 0.535433 
vn 0.023622 0.425197 -0.905512 
vn 0.472441 0 -0.88189 
vn -0.645669 -0.228346 0.732283 
vn -0.740157 0.472441 0.480315 
vn 0.259843 -0.551181 0.795276 
vn 0.472441 -0.535433 0.700787 
vn -0.740157 0.472441 0.480315 
vn -0.874016 0.314961 0.370079 
vn -0.472441 -0.535433 0.700787 
vn -0.259843 -0.551181 0.795276 
vn 0.740157 0.472441 0.480315 
vn 0.874016 0.314961 0.370079 
vn 0.740157 0.472441 0.480315 
vn 0.519685 -0.0551181 0.850394 
vn 0.84252 -0.212598 0.496063 
vn 0.629921 0.511811 -0.582677 
vn 0.818898 -0.228346 -0.527559 
vn 0.740157 0.15748 -0.653543 
vn 0.393701 -0.732283 0.559055 
vn 0.669291 -0.0866142 0.740157 
vn -0.0314961 0.362205 0.929134 
vn -0.96063 0.15748 -0.212598 
vn 0.598425 0.551181 0.582677 
vn 0.503937 0.535433 0.669291 
vn 0.622047 0.244094 0.748031 
vn 0.826772 0.00787402 -0.559055 
vn 0.11811 0.0787402 -0.992126 
vn -0.732283 -0.314961 0.606299 
vn -0.669291 -0.559055 0.488189 
vn -0.385827 -0.874016 0.283465 
vn -0.448819 -0.88189 0.165354 
vn -0.448819 -0.88189 0.165354 
vn -0.787402 -0.559055 0.259843 
vn -0.669291 -0.559055 0.488189 
vn 0.0314961 0.897638 -0.448819 
vn 0.771654 0.527559 0.354331 
vn -0.755906 0.346457 -0.559055 
vn -0.850394 0.015748 -0.527559 
vn -0.929134 -0.0472441 -0.362205 
vn 0.984252 -0.149606 0.11811 
vn 0.937008 -0.212598 0.283465 
vn 0.0629921 -1 -0.0551181 
vn -0.677165 -0.11811 -0.724409 
vn 0.818898 -0.464567 0.338583 
vn 0.905512 -0.19685 -0.377953 
vn 0.874016 -0.393701 -0.291339 
vn 0.834646 -0.543307 -0.0944882 
vn 0.377953 -0.811024 0.448819 
vn 0.724409 -0.685039 -0.102362 
vn -0.519685 -0.0551181 0.850394 
vn -0.0944882 0.96063 0.259843 
vn -0.629921 0.511811 -0.582677 
vn 0.976378 -0.173228 0.125984 
vn 0.889764 0.0629921 -0.456693 
vn 0.448819 0.11811 0.889764 
vn -0.362205 0.0314961 -0.929134 
vn -0.511811 -0.015748 -0.858268 
vn 0.700787 -0.173228 0.692913 
vn -0.629921 0.511811 -0.582677 
vn -0.84252 -0.212598 0.496063 
vn -0.519685 -0.0551181 0.850394 
vn -0.795276 -0.0472441 -0.606299 
vn -0.433071 0.787402 -0.433071 
vn 0.929134 0.370079 0.00787402 
vn 0.669291 -0.0393701 -0.740157 
vn 0.866142 0.181102 -0.464567 
vn 0.929134 -0.023622 -0.362205 
vn -0.338583 -0.0787402 0.937008 
vn 0.637795 -0.338583 -0.692913 
vn 0.440945 0.0787402 -0.897638 
vn 0.779528 -0.0866142 -0.622047 
vn 0.377953 -0.700787 0.606299 
vn 0.015748 -0.653543 0.755906 
vn 0.527559 -0.645669 0.543307 
vn 0.732283 -0.653543 0.181102 
vn 0.818898 0.519685 -0.23622 
vn 0.818898 0.519685 -0.23622 
vn -0.110236 0.417323 0.905512 
vn 0.527559 -0.645669 0.543307 
vn 0.897638 -0.0787402 -0.440945 
vn -0.181102 -0.015748 -0.984252 
vn 0.322835 0.84252 0.433071 
vn 0.511811 0.307087 0.80315 
vn 0.133858 -0.141732 0.984252 
vn 0.110236 -0.0551181 -0.992126 
vn 0.692913 0.133858 -0.708661 
vn 0.275591 -0.952756 -0.11811 
vn -0.76378 -0.480315 0.433071 
vn 0.755906 -0.527559 0.393701 
vn 0.771654 0.464567 -0.433071 
vn -0.0314961 0.606299 0.795276 
vn -0.0314961 0.606299 0.795276 
vn 0.472441 -0.535433 0.700787 
vn -0.795276 -0.322835 -0.511811 
vn -0.377953 -0.527559 0.76378 
vn -0.346457 -0.779528 0.519685 
vn 0.80315 -0.409449 0.440945 
vn -0.102362 -0.952756 -0.275591 
vn -0.598425 -0.015748 -0.80315 
vn 0.677165 -0.307087 0.669291 
vn 0.015748 -0.96063 -0.275591 
vn -0.362205 0.0314961 -0.929134 
vn 0.92126 -0.0551181 -0.393701 
vn 0.362205 0.354331 0.858268 
vn 0.488189 0.0866142 0.866142 
vn -0.220472 -0.322835 -0.92126 
vn 0.944882 -0.165354 -0.275591 
vn -0.307087 -0.84252 -0.440945 
vn -0.015748 -0.653543 0.755906 
vn -0.377953 -0.700787 0.606299 
vn -0.779528 -0.0866142 -0.622047 
vn 0.472441 0 -0.88189 
vn 0.472441 0.0472441 -0.88189 
vn -0.748031 -0.11811 0.653543 
vn -0.275591 0 -0.96063 
vn -0.566929 -0.188976 -0.80315 
vn 0.472441 -0.173228 0.866142 
vn -0.755906 -0.527559 0.393701 
vn -0.472441 -0.535433 0.700787 
vn 0.0314961 0.606299 0.795276 
vn 0.0314961 0.606299 0.795276 
vn -0.771654 0.464567 -0.433071 
vn -0.755906 -0.527559 0.393701 
vn -0.874016 0.0708661 0.480315 
vn -0.779528 0.0708661 0.622047 
vn 0.574803 -0.244094 -0.779528 
vn 0.669291 -0.559055 0.488189 
vn 0.385827 -0.874016 0.283465 
vn 0.480315 -0.858268 0.188976 
vn 0.480315 -0.858268 0.188976 
vn 0.637795 -0.456693 0.622047 
vn 0.669291 -0.559055 0.488189 
vn -0.968504 -0.15748 0.188976 
vn -0.944882 0.023622 0.338583 
vn 0.80315 -0.212598 -0.559055 
vn -0.645669 -0.228346 0.732283 
vn -0.614173 0.669291 0.417323 
vn 0.023622 0.425197 -0.905512 
vn 0.669291 -0.322835 0.669291 
vn 0.385827 -0.204724 0.897638 
vn -0.874016 0.314961 0.370079 
vn 0.472441 -0.535433 0.700787 
vn 0.259843 -0.551181 0.795276 
vn 0.716535 -0.637795 0.291339 
vn 0.913386 -0.149606 0.377953 
vn 0.937008 -0.212598 0.283465 
vn -0.677165 -0.11811 -0.724409 
vn 0.874016 0.314961 0.370079 
vn -0.385827 -0.204724 0.897638 
vn -0.669291 -0.322835 0.669291 
vn 0.488189 -0.811024 0.314961 
vn 0.401575 -0.582677 0.708661 
vn 0.637795 -0.456693 0.622047 
vn 0.929134 -0.362205 -0.0551181 
vn 0.0944882 -0.897638 0.425197 
vn -0.771654 -0.354331 -0.519685 
vn 0.795276 -0.149606 0.582677 
vn 0.76378 -0.23622 -0.598425 
vn 0.80315 -0.370079 -0.464567 
vn 0.110236 -0.0551181 -0.992126 
vn 0.251969 0.771654 -0.582677 
vn 0.511811 0.307087 0.80315 
vn -0.590551 -0.511811 0.622047 
vn -0.480315 -0.858268 0.188976 
vn -0.385827 -0.874016 0.283465 
vn -0.385827 -0.874016 0.283465 
vn -0.669291 -0.559055 0.488189 
vn -0.590551 -0.511811 0.622047 
vn 0.834646 -0.535433 0.110236 
vn -0.496063 -0.850394 -0.181102 
vn -0.244094 0.023622 -0.968504 
vn -0.590551 -0.511811 0.622047 
vn -0.425197 -0.755906 0.503937 
vn -0.488189 -0.811024 0.314961 
vn 0.0866142 -0.385827 -0.92126 
vn -0.251969 -0.96063 0.0866142 
vn -0.677165 -0.0314961 0.732283 
vn 0.637795 -0.456693 0.622047 
vn 0.480315 -0.858268 0.188976 
vn 0.488189 -0.811024 0.314961 
vn -0.377953 -0.700787 0.606299 
vn 0.354331 -0.519685 0.779528 
vn 0.370079 -0.787402 0.488189 
vn 0.850394 -0.440945 0.299213 
vn 0.874016 -0.393701 -0.291339 
vn 0.992126 -0.0787402 -0.0866142 
vn 0.905512 0.251969 0.338583 
vn -0.527559 0.401575 0.748031 
vn -0.149606 -0.779528 0.606299 
vn -0.677165 -0.11811 -0.724409 
vn -0.795276 -0.0472441 -0.606299 
vn 0.913386 -0.149606 0.377953 
vn -0.748031 -0.11811 0.653543 
vn -0.645669 -0.228346 0.732283 
vn 0.472441 0 -0.88189 
vn -0.937008 -0.11811 -0.322835 
vn 0.228346 -0.779528 -0.582677 
vn 0.314961 -0.440945 0.84252 
vn 0.496063 -0.472441 -0.732283 
vn -0.322835 -0.944882 0.0866142 
vn -0.874016 0.0708661 0.480315 
vn -0.488189 -0.811024 0.314961 
vn -0.480315 -0.858268 0.188976 
vn -0.590551 -0.511811 0.622047 
vn 0.874016 -0.393701 -0.291339 
vn 0.850394 -0.440945 0.299213 
vn 0.818898 -0.464567 0.338583 
vn 0.519685 -0.0551181 0.850394 
vn 0.0944882 0.96063 0.259843 
vn -0.645669 0.732283 0.23622 
vn 0.645669 0.732283 0.23622 
vn -0.0944882 0.96063 0.259843 
vn -0.519685 -0.0551181 0.850394 
vn 0.905512 0.417323 -0.0629921 
vn 0.992126 -0.125984 -0.0472441 
vn -0.818898 -0.409449 0.401575 
vn -0.645669 0.732283 0.23622 
vn 0.370079 -0.0787402 0.929134 
vn 0.519685 -0.0551181 0.850394 
vn 0.88189 0.464567 0.0866142 
vn 0.267717 -0.952756 -0.125984 
vn -0.913386 -0.346457 -0.19685 
vn -0.519685 -0.0551181 0.850394 
vn -0.370079 -0.0787402 0.929134 
vn 0.645669 0.732283 0.23622 
vn 0.716535 -0.637795 0.291339 
vn 0.755906 -0.527559 0.393701 
vn 0.472441 -0.535433 0.700787 
vn -0.732283 0.425197 0.527559 
vn -0.299213 -0.92126 0.244094 
vn 0.748031 -0.244094 0.614173 
vn 0.133858 -0.141732 0.984252 
vn 0.125984 -0.275591 0.952756 
vn 0.275591 -0.00787402 -0.96063 
vn -0.748031 -0.244094 0.614173 
vn 0.299213 -0.92126 0.244094 
vn 0.732283 0.425197 0.527559 
vn -1 0.0629921 0.0314961 
vn -0.614173 -0.566929 -0.551181 
vn 0.976378 -0.00787402 -0.228346 
vn -0.472441 -0.535433 0.700787 
vn -0.755906 -0.527559 0.393701 
vn -0.716535 -0.637795 0.291339 
vn 0.370079 -0.732283 0.566929 
vn 0.409449 -0.488189 0.771654 
vn 0.818898 -0.244094 -0.519685 
vn 0.440945 0.0787402 -0.897638 
vn -0.488189 -0.244094 0.834646 
vn -0.338583 -0.0787402 0.937008 
vn -0.574803 0.401575 -0.708661 
vn -0.188976 0 -0.984252 
vn -0.0472441 -0.204724 0.976378 
vn 0.535433 0.023622 0.84252 
vn 0.370079 -0.0787402 0.929134 
vn -0.645669 0.732283 0.23622 
vn 0.818898 -0.244094 -0.519685 
vn 0.409449 -0.488189 0.771654 
vn 0.244094 -0.692913 0.677165 
vn 0.826772 -0.188976 -0.527559 
vn 0.322835 -0.874016 0.354331 
vn -0.811024 -0.472441 0.354331 
vn 0.472441 0.0472441 -0.88189 
vn -0.330709 -0.937008 -0.125984 
vn -0.748031 -0.11811 0.653543 
vn 0.992126 -0.0787402 -0.0866142 
vn 0.952756 -0.0629921 0.299213 
vn 0.850394 -0.440945 0.299213 
vn 0.937008 -0.354331 0.0314961 
vn -0.125984 -0.929134 -0.338583 
vn -0.850394 0.015748 -0.527559 
vn 0.645669 0.732283 0.23622 
vn -0.370079 -0.0787402 0.929134 
vn -0.535433 0.023622 0.84252 
vn 0.275591 -0.00787402 -0.96063 
vn 0.110236 -0.0551181 -0.992126 
vn 0.133858 -0.141732 0.984252 
vn 0.448819 0.11811 0.889764 
vn 0.889764 0.0629921 -0.456693 
vn 0.929134 -0.023622 -0.362205 
vn 0.519685 -0.299213 -0.80315 
vn 0.929134 -0.023622 -0.362205 
vn 0.677165 -0.346457 0.645669 
vn 0.952756 -0.299213 0.0944882 
vn 0.944882 -0.141732 0.299213 
vn 0.968504 -0.15748 0.204724 
vn 0.913386 -0.228346 -0.330709 
vn 0.023622 0.448819 -0.897638 
vn 0.023622 0.448819 -0.897638 
vn 0.165354 0.708661 0.692913 
vn 0.968504 0.220472 -0.0787402 
vn 0.0551181 0.110236 0.992126 
vn 0.299213 -0.905512 0.307087 
vn -0.787402 0.425197 -0.448819 
vn -0.543307 -0.023622 -0.84252 
vn 0.330709 -0.204724 0.92126 
vn 0.84252 -0.0472441 -0.543307 
vn 0.984252 -0.15748 -0.0314961 
vn 0.897638 -0.417323 -0.11811 
vn -0.244094 0 0.968504 
vn 0.228346 -0.212598 -0.952756 
vn -0.181102 -0.346457 -0.92126 
vn 0.401575 -0.582677 0.708661 
vn 0.488189 -0.811024 0.314961 
vn 0 -0.889764 0.448819 
vn 0.897638 -0.417323 -0.11811 
vn -0.23622 -0.322835 -0.913386 
vn 0.84252 -0.0472441 -0.543307 
vn 0.377953 -0.811024 0.448819 
vn 0.834646 -0.543307 -0.0944882 
vn 0.748031 -0.661417 -0.0551181 
vn 0 -0.889764 0.448819 
vn -0.0708661 -0.724409 0.685039 
vn 0.401575 -0.582677 0.708661 
vn 0 -0.889764 0.448819 
vn -0.488189 -0.811024 0.314961 
vn -0.425197 -0.755906 0.503937 
vn -0.181102 -0.346457 -0.92126 
vn -0.496063 -0.464567 0.732283 
vn -0.244094 0 0.968504 
vn 0.472441 -0.173228 0.866142 
vn 0.818898 -0.566929 0.102362 
vn -0.275591 0 -0.96063 
vn 0.80315 -0.370079 -0.464567 
vn 0.661417 -0.173228 0.732283 
vn 0.795276 -0.149606 0.582677 
vn -0.425197 -0.755906 0.503937 
vn -0.0708661 -0.724409 0.685039 
vn 0 -0.889764 0.448819 
vn -0.566929 0.181102 0.80315 
vn 0.0708661 -0.173228 -0.984252 
vn 0.0866142 -0.385827 -0.92126 
vn -0.716535 -0.637795 0.291339 
vn -0.259843 -0.551181 0.795276 
vn -0.472441 -0.535433 0.700787 
vn -0.84252 -0.425197 0.330709 
vn -0.385827 -0.204724 0.897638 
vn 0.80315 -0.19685 -0.566929 
vn -0.0944882 -0.992126 -0.0944882 
vn -0.850394 -0.110236 0.511811 
vn 0.125984 -0.275591 0.952756 
vn 0.149606 -0.976378 -0.173228 
vn 0.275591 -0.00787402 -0.96063 
vn 0.929134 -0.370079 0.0314961 
vn -0.76378 -0.409449 -0.496063 
vn -0.952756 -0.0708661 -0.299213 
vn -0.0472441 -0.204724 0.976378 
vn -0.228346 0.669291 0.708661 
vn -0.574803 0.401575 -0.708661 
vn -0.259843 -0.338583 0.905512 
vn -0.188976 0 -0.984252 
vn -0.952756 -0.0708661 -0.299213 
vn 0.826772 -0.314961 0.472441 
vn 0.929134 -0.370079 0.0314961 
vn 0.377953 -0.700787 0.606299 
vn 0.267717 -0.897638 0.346457 
vn -0.370079 -0.787402 0.488189 
vn 0.370079 -0.787402 0.488189 
vn -0.314961 -0.850394 0.417323 
vn -0.377953 -0.700787 0.606299 
vn 0.748031 -0.244094 0.614173 
vn 0.535433 0.023622 0.84252 
vn -0.732283 0.425197 0.527559 
vn -0.188976 0 -0.984252 
vn -0.220472 -0.322835 -0.92126 
vn -0.259843 -0.338583 0.905512 
vn 0.330709 -0.204724 0.92126 
vn 0.0787402 0.661417 0.740157 
vn -0.787402 0.425197 -0.448819 
vn 0.732283 0.425197 0.527559 
vn -0.535433 0.023622 0.84252 
vn -0.748031 -0.244094 0.614173 
vn -0.92126 0.102362 0.370079 
vn 0.0551181 0.110236 0.992126 
vn 0.968504 0.220472 -0.0787402 
vn 0.944882 -0.141732 0.299213 
vn 0.76378 -0.11811 0.637795 
vn 0.677165 -0.346457 0.645669 
vn 0.748031 -0.661417 -0.0551181 
vn 0.409449 -0.740157 0.535433 
vn 0.377953 -0.811024 0.448819 
vn -0.937008 -0.11811 -0.322835 
vn 0.314961 -0.440945 0.84252 
vn 0.669291 -0.0866142 0.740157 
vn 0.968504 0.220472 -0.0787402 
vn 0.716535 -0.0866142 -0.692913 
vn 0.84252 -0.0472441 -0.543307 
vn 0.76378 -0.23622 -0.598425 
vn 0.795276 -0.149606 0.582677 
vn 0.976378 -0.19685 0.0472441 
vn 0.440945 0.0787402 -0.897638 
vn 0.11811 -0.976378 -0.181102 
vn -0.488189 -0.244094 0.834646 
vn -0.141732 0.874016 0.456693 
vn 0.228346 0.259843 -0.937008 
vn 0.0708661 -0.173228 -0.984252 
vn 0.952756 0.110236 -0.275591 
vn 0.692913 -0.622047 -0.362205 
vn 0.787402 -0.456693 -0.417323 
vn 0.732283 -0.480315 0.488189 
vn 0.84252 -0.212598 0.496063 
vn 0.519685 -0.0551181 0.850394 
vn 0.685039 -0.448819 0.574803 
vn 0.92126 -0.377953 -0.0472441 
vn 0.952756 -0.299213 0.0944882 
vn 0.0708661 -0.173228 -0.984252 
vn -0.566929 0.181102 0.80315 
vn -0.141732 0.874016 0.456693 
vn -0.543307 -0.023622 -0.84252 
vn -0.543307 -0.110236 -0.834646 
vn 0.220472 -0.173228 0.96063 
vn -0.787402 -0.456693 -0.417323 
vn -0.692913 -0.622047 -0.362205 
vn -0.952756 0.110236 -0.275591 
vn -0.519685 -0.0551181 0.850394 
vn -0.84252 -0.212598 0.496063 
vn -0.732283 -0.480315 0.488189 
vn 0.787402 -0.456693 -0.417323 
vn 0.535433 -0.267717 -0.80315 
vn 0.952756 0.110236 -0.275591 
vn 0.84252 -0.0472441 -0.543307 
vn -0.23622 -0.322835 -0.913386 
vn 0.968504 0.220472 -0.0787402 
vn -0.645669 0.732283 0.23622 
vn -0.732283 0.425197 0.527559 
vn 0.535433 0.023622 0.84252 
vn 0.952756 -0.299213 0.0944882 
vn 0.677165 -0.346457 0.645669 
vn 0.685039 -0.448819 0.574803 
vn -0.535433 0.023622 0.84252 
vn 0.732283 0.425197 0.527559 
vn 0.645669 0.732283 0.23622 
vn 0.259843 -0.551181 0.795276 
vn 0.385827 -0.204724 0.897638 
vn 0.84252 -0.425197 0.330709 
vn 0.220472 -0.173228 0.96063 
vn 0.330709 -0.204724 0.92126 
vn -0.543307 -0.023622 -0.84252 
vn 0.519685 -0.0551181 0.850394 
vn 0.370079 -0.0787402 0.929134 
vn 0.732283 -0.480315 0.488189 
vn 0.0866142 -0.385827 -0.92126 
vn -0.677165 -0.0314961 0.732283 
vn -0.566929 0.181102 0.80315 
vn -0.952756 0.110236 -0.275591 
vn -0.535433 -0.267717 -0.80315 
vn -0.787402 -0.456693 -0.417323 
vn 0.84252 -0.425197 0.330709 
vn 0.716535 -0.637795 0.291339 
vn 0.259843 -0.551181 0.795276 
vn -0.732283 -0.480315 0.488189 
vn -0.370079 -0.0787402 0.929134 
vn -0.519685 -0.0551181 0.850394 
vn -0.259843 -0.551181 0.795276 
vn -0.716535 -0.637795 0.291339 
vn -0.84252 -0.425197 0.330709 
vn 0.188976 -0.401575 0.897638 
vn -0.377953 -0.527559 0.76378 
vn -0.0708661 -0.661417 0.740157 
vn 0.307087 -0.700787 0.645669 
vn -0.346457 -0.779528 0.519685 
vn 0.370079 -0.0787402 0.929134 
vn 0.535433 0.023622 0.84252 
vn 0.874016 -0.377953 0.307087 
vn -0.141732 -0.417323 0.897638 
vn 0.244094 -0.692913 0.677165 
vn 0.409449 -0.488189 0.771654 
vn -0.543307 -0.110236 -0.834646 
vn -0.165354 -0.984252 0.0787402 
vn 0.220472 -0.173228 0.96063 
vn 0.874016 -0.377953 0.307087 
vn 0.732283 -0.480315 0.488189 
vn 0.370079 -0.0787402 0.929134 
vn 0.370079 -0.732283 0.566929 
vn -0.275591 -0.653543 0.700787 
vn -0.141732 -0.417323 0.897638 
vn -0.874016 -0.377953 0.307087 
vn -0.535433 0.023622 0.84252 
vn -0.370079 -0.0787402 0.929134 
vn -0.346457 -0.779528 0.519685 
vn -0.377953 -0.527559 0.76378 
vn 0.188976 -0.401575 0.897638 
vn -0.141732 -0.417323 0.897638 
vn 0.409449 -0.488189 0.771654 
vn 0.370079 -0.732283 0.566929 
vn -0.370079 -0.0787402 0.929134 
vn -0.732283 -0.480315 0.488189 
vn -0.874016 -0.377953 0.307087 
vn 0.535433 0.023622 0.84252 
vn 0.748031 -0.244094 0.614173 
vn 0.874016 -0.377953 0.307087 
vn 0.905512 -0.19685 -0.377953 
vn 0.818898 -0.464567 0.338583 
vn 0.858268 -0.385827 -0.330709 
vn 0.385827 -0.204724 0.897638 
vn 0.669291 -0.322835 0.669291 
vn 0.84252 -0.425197 0.330709 
vn -0.535433 0.023622 0.84252 
vn -0.874016 -0.377953 0.307087 
vn -0.748031 -0.244094 0.614173 
vn -0.385827 -0.204724 0.897638 
vn -0.84252 -0.425197 0.330709 
vn -0.669291 -0.322835 0.669291 
vn -0.354331 -0.519685 0.779528 
vn 0.015748 -0.653543 0.755906 
vn 0.377953 -0.700787 0.606299 
vn 0.354331 -0.519685 0.779528 
vn -0.377953 -0.700787 0.606299 
vn -0.015748 -0.653543 0.755906 
vn 0.716535 -0.0866142 -0.692913 
vn 0.968504 0.220472 -0.0787402 
vn 0.937008 -0.0944882 -0.330709 

vt 0.497177 0.01617 
vt 0.456656 0.020558 
vt 0.461157 0.04484 
vt 0.461157 0.04484 
vt 0.497177 0.043968 
vt 0.497177 0.01617 
vt 0.461157 0.04484 
vt 0.456656 0.020558 
vt 0.497177 0.01617 
vt 0.497177 0.01617 
vt 0.497177 0.043968 
vt 0.461157 0.04484 
vt 0.461157 0.04484 
vt 0.456656 0.020558 
vt 0.387258 0.029595 
vt 0.387258 0.029595 
vt 0.456656 0.020558 
vt 0.461157 0.04484 
vt 0.33901 0.063701 
vt 0.389292 0.05242 
vt 0.387258 0.029595 
vt 0.387258 0.029595 
vt 0.389292 0.05242 
vt 0.33901 0.063701 
vt 0.387258 0.029595 
vt 0.389292 0.05242 
vt 0.461157 0.04484 
vt 0.461157 0.04484 
vt 0.389292 0.05242 
vt 0.387258 0.029595 
vt 0.286092 0.109587 
vt 0.33901 0.063701 
vt 0.338005 0.041633 
vt 0.338005 0.041633 
vt 0.33901 0.063701 
vt 0.286092 0.109587 
vt 0.387258 0.029595 
vt 0.338005 0.041633 
vt 0.33901 0.063701 
vt 0.33901 0.063701 
vt 0.338005 0.041633 
vt 0.387258 0.029595 
vt 0.831323 0.272733 
vt 0.839316 0.159562 
vt 0.960873 0.609161 
vt 0.960873 0.609161 
vt 0.905831 0.592663 
vt 0.831323 0.272733 
vt 0.728428 0.578668 
vt 0.831323 0.272733 
vt 0.905831 0.592663 
vt 0.728428 0.578668 
vt 0.905831 0.592663 
vt 0.831323 0.272733 
vt 0.831323 0.272733 
vt 0.839316 0.159562 
vt 0.960873 0.609161 
vt 0.960873 0.609161 
vt 0.905831 0.592663 
vt 0.831323 0.272733 
vt 0.728428 0.578668 
vt 0.831323 0.272733 
vt 0.905831 0.592663 
vt 0.831323 0.272733 
vt 0.839316 0.159562 
vt 0.960873 0.609161 
vt 0.728428 0.578668 
vt 0.831323 0.272733 
vt 0.905831 0.592663 
vt 0.728428 0.578668 
vt 0.699786 0.786051 
vt 0.904329 0.772988 
vt 0.728428 0.578668 
vt 0.905831 0.592663 
vt 0.831323 0.272733 
vt 0.904329 0.772988 
vt 0.905831 0.592663 
vt 0.728428 0.578668 
vt 0.728428 0.578668 
vt 0.905831 0.592663 
vt 0.831323 0.272733 
vt 0.728428 0.578668 
vt 0.905831 0.592663 
vt 0.904329 0.772988 
vt 0.904329 0.772988 
vt 0.699786 0.786051 
vt 0.728428 0.578668 
vt 0.831323 0.272733 
vt 0.839316 0.159562 
vt 0.960873 0.609161 
vt 0.728428 0.578668 
vt 0.831323 0.272733 
vt 0.905831 0.592663 
vt 0.261098 0.15993 
vt 0.250738 0.199703 
vt 0.290313 0.129396 
vt 0.290313 0.129396 
vt 0.286092 0.109587 
vt 0.261098 0.15993 
vt 0.699786 0.786051 
vt 0.728428 0.578668 
vt 0.905831 0.592663 
vt 0.945474 0.775316 
vt 0.953717 0.933866 
vt 0.892962 0.90186 
vt 0.960873 0.609161 
vt 0.905831 0.592663 
vt 0.831323 0.272733 
vt 0.261098 0.15993 
vt 0.286092 0.109587 
vt 0.290313 0.129396 
vt 0.905831 0.592663 
vt 0.728428 0.578668 
vt 0.699786 0.786051 
vt 0.290313 0.129396 
vt 0.250738 0.199703 
vt 0.261098 0.15993 
vt 0.904328 0.772988 
vt 0.905831 0.592663 
vt 0.960873 0.609161 
vt 0.960873 0.609161 
vt 0.945474 0.775316 
vt 0.904328 0.772988 
vt 0.831323 0.272733 
vt 0.728428 0.578668 
vt 0.669165 0.585347 
vt 0.905831 0.592663 
vt 0.904329 0.772988 
vt 0.699786 0.786051 
vt 0.728428 0.578668 
vt 0.905831 0.592663 
vt 0.831323 0.272733 
vt 0.831323 0.272733 
vt 0.839316 0.159562 
vt 0.960873 0.609161 
vt 0.635265 0.791332 
vt 0.669165 0.585347 
vt 0.728428 0.578668 
vt 0.699786 0.786051 
vt 0.904329 0.772988 
vt 0.905831 0.592663 
vt 0.905831 0.592663 
vt 0.904329 0.772988 
vt 0.699786 0.786051 
vt 0.728428 0.578668 
vt 0.831323 0.272733 
vt 0.905831 0.592663 
vt 0.960873 0.609161 
vt 0.905831 0.592663 
vt 0.831323 0.272733 
vt 0.494556 0.569254 
vt 0.494556 0.552428 
vt 0.445131 0.551714 
vt 0.892962 0.90186 
vt 0.904328 0.772988 
vt 0.945474 0.775316 
vt 0.831323 0.272733 
vt 0.728428 0.578668 
vt 0.669165 0.585347 
vt 0.2789 0.081105 
vt 0.286092 0.109587 
vt 0.261098 0.15993 
vt 0.445131 0.551714 
vt 0.494556 0.552428 
vt 0.494556 0.569254 
vt 0.261098 0.15993 
vt 0.286092 0.109587 
vt 0.2789 0.081105 
vt 0.728428 0.578668 
vt 0.699786 0.786051 
vt 0.635265 0.791332 
vt 0.905831 0.592663 
vt 0.728428 0.578668 
vt 0.831323 0.272733 
vt 0.904329 0.772988 
vt 0.699786 0.786051 
vt 0.960873 0.609161 
vt 0.905831 0.592663 
vt 0.831323 0.272733 
vt 0.672972 0.932003 
vt 0.699786 0.786051 
vt 0.904329 0.772988 
vt 0.699786 0.786051 
vt 0.728428 0.578668 
vt 0.905831 0.592663 
vt 0.728428 0.578668 
vt 0.699786 0.786051 
vt 0.635265 0.791332 
vt 0.904329 0.772988 
vt 0.699786 0.786051 
vt 0.672972 0.932003 
vt 0.905831 0.592663 
vt 0.904329 0.772988 
vt 0.699786 0.786051 
vt 0.699786 0.786051 
vt 0.728428 0.578668 
vt 0.905831 0.592663 
vt 0.831323 0.272733 
vt 0.839316 0.159562 
vt 0.960873 0.609161 
vt 0.635265 0.791332 
vt 0.669165 0.585347 
vt 0.728428 0.578668 
vt 0.728428 0.578668 
vt 0.831323 0.272733 
vt 0.905831 0.592663 
vt 0.905831 0.592663 
vt 0.904329 0.772988 
vt 0.286092 0.109587 
vt 0.2789 0.081105 
vt 0.338005 0.041633 
vt 0.905831 0.592663 
vt 0.728428 0.578668 
vt 0.699786 0.786051 
vt 0.904329 0.772988 
vt 0.905831 0.592663 
vt 0.960873 0.609161 
vt 0.831323 0.272733 
vt 0.839316 0.159562 
vt 0.960873 0.609161 
vt 0.338005 0.041633 
vt 0.2789 0.081105 
vt 0.286092 0.109587 
vt 0.960873 0.609161 
vt 0.905831 0.592663 
vt 0.831323 0.272733 
vt 0.831323 0.272734 
vt 0.728428 0.578668 
vt 0.669165 0.585347 
vt 0.395433 0.535162 
vt 0.388076 0.548433 
vt 0.438685 0.568148 
vt 0.669165 0.585347 
vt 0.839316 0.159562 
vt 0.831323 0.272734 
vt 0.672972 0.932003 
vt 0.699786 0.786051 
vt 0.904328 0.772988 
vt 0.728428 0.578668 
vt 0.905831 0.592663 
vt 0.904329 0.772988 
vt 0.904329 0.772988 
vt 0.892962 0.90186 
vt 0.672972 0.932003 
vt 0.904328 0.772988 
vt 0.905831 0.592663 
vt 0.960873 0.609161 
vt 0.960873 0.609161 
vt 0.945474 0.775316 
vt 0.904329 0.772988 
vt 0.438685 0.568148 
vt 0.388076 0.548433 
vt 0.395433 0.535162 
vt 0.699786 0.786051 
vt 0.728428 0.578668 
vt 0.905831 0.592663 
vt 0.45493 0.535872 
vt 0.445131 0.551714 
vt 0.494556 0.552428 
vt 0.904329 0.772988 
vt 0.905831 0.592663 
vt 0.960873 0.609161 
vt 0.494556 0.552428 
vt 0.445131 0.551714 
vt 0.45493 0.535872 
vt 0.960873 0.609161 
vt 0.905831 0.592663 
vt 0.831323 0.272734 
vt 0.960873 0.609161 
vt 0.945474 0.775316 
vt 0.904329 0.772988 
vt 0.699786 0.786051 
vt 0.635265 0.791332 
vt 0.669165 0.585347 
vt 0.438685 0.568148 
vt 0.445131 0.551714 
vt 0.395433 0.535162 
vt 0.635265 0.791332 
vt 0.699786 0.786051 
vt 0.672972 0.932003 
vt 0.672972 0.932003 
vt 0.625841 0.974036 
vt 0.635265 0.791332 
vt 0.960873 0.609161 
vt 0.905831 0.592663 
vt 0.831323 0.272733 
vt 0.960873 0.609161 
vt 0.905831 0.592663 
vt 0.831323 0.272733 
vt 0.905831 0.592663 
vt 0.728428 0.578668 
vt 0.395433 0.535162 
vt 0.445131 0.551714 
vt 0.438685 0.568148 
vt 0.904329 0.772988 
vt 0.905831 0.592663 
vt 0.960873 0.609161 
vt 0.831323 0.272733 
vt 0.728428 0.578668 
vt 0.669165 0.585347 
vt 0.672972 0.932003 
vt 0.892962 0.90186 
vt 0.904329 0.772988 
vt 0.672972 0.932003 
vt 0.625841 0.974036 
vt 0.960873 0.609161 
vt 0.905831 0.592663 
vt 0.831323 0.272733 
vt 0.904329 0.772988 
vt 0.905831 0.592663 
vt 0.960873 0.609161 
vt 0.353109 0.506101 
vt 0.341038 0.513673 
vt 0.388076 0.548433 
vt 0.388076 0.548433 
vt 0.395433 0.535162 
vt 0.353109 0.506101 
vt 0.831323 0.272733 
vt 0.839316 0.159562 
vt 0.960873 0.609161 
vt 0.960873 0.609161 
vt 0.945474 0.775316 
vt 0.904329 0.772988 
vt 0.831323 0.272733 
vt 0.839316 0.159562 
vt 0.960873 0.609161 
vt 0.669165 0.585347 
vt 0.728428 0.578668 
vt 0.699786 0.786051 
vt 0.905831 0.592663 
vt 0.728428 0.578668 
vt 0.831323 0.272733 
vt 0.669165 0.585347 
vt 0.839316 0.159562 
vt 0.831323 0.272733 
vt 0.892962 0.90186 
vt 0.672972 0.932003 
vt 0.699786 0.786051 
vt 0.699786 0.786051 
vt 0.728428 0.578668 
vt 0.905831 0.592663 
vt 0.831323 0.272733 
vt 0.728428 0.578668 
vt 0.669165 0.585347 
vt 0.388076 0.548433 
vt 0.341038 0.513673 
vt 0.353109 0.506101 
vt 0.353109 0.506101 
vt 0.395433 0.535162 
vt 0.388076 0.548433 
vt 0.960873 0.609161 
vt 0.945474 0.775316 
vt 0.904329 0.772988 
vt 0.904329 0.772988 
vt 0.892962 0.90186 
vt 0.672972 0.932003 
vt 0.905831 0.592663 
vt 0.904328 0.772988 
vt 0.699786 0.786051 
vt 0.960873 0.609161 
vt 0.905831 0.592663 
vt 0.831323 0.272733 
vt 0.960873 0.609161 
vt 0.945474 0.775316 
vt 0.905831 0.592663 
vt 0.904329 0.772988 
vt 0.699786 0.786051 
vt 0.831323 0.272733 
vt 0.839316 0.159562 
vt 0.960873 0.609161 
vt 0.960873 0.609161 
vt 0.905831 0.592663 
vt 0.831323 0.272733 
vt 0.699786 0.786051 
vt 0.904329 0.772988 
vt 0.905831 0.592663 
vt 0.699786 0.786051 
vt 0.904329 0.772988 
vt 0.905831 0.592663 
vt 0.699786 0.786051 
vt 0.672972 0.932003 
vt 0.831323 0.272733 
vt 0.728428 0.578668 
vt 0.669165 0.585347 
vt 0.669165 0.585347 
vt 0.839316 0.159562 
vt 0.831323 0.272733 
vt 0.904329 0.772988 
vt 0.699786 0.786051 
vt 0.728428 0.578668 
vt 0.904329 0.772988 
vt 0.892962 0.90186 
vt 0.45493 0.535872 
vt 0.494556 0.538034 
vt 0.494556 0.552428 
vt 0.960873 0.609161 
vt 0.905831 0.592663 
vt 0.831323 0.272733 
vt 0.960873 0.609161 
vt 0.905831 0.592663 
vt 0.831323 0.272733 
vt 0.892962 0.90186 
vt 0.672972 0.932003 
vt 0.699786 0.786051 
vt 0.699786 0.786051 
vt 0.904329 0.772988 
vt 0.892962 0.90186 
vt 0.445131 0.551714 
vt 0.45493 0.535872 
vt 0.405376 0.521156 
vt 0.395433 0.535162 
vt 0.445131 0.551714 
vt 0.699786 0.786051 
vt 0.728428 0.578668 
vt 0.905831 0.592663 
vt 0.699786 0.786051 
vt 0.635265 0.791332 
vt 0.669165 0.585347 
vt 0.728428 0.578668 
vt 0.831323 0.272733 
vt 0.905831 0.592663 
vt 0.904329 0.772988 
vt 0.905831 0.592663 
vt 0.904329 0.772988 
vt 0.699786 0.786051 
vt 0.405376 0.521156 
vt 0.45493 0.535872 
vt 0.445131 0.551714 
vt 0.669165 0.585347 
vt 0.839316 0.159562 
vt 0.831323 0.272733 
vt 0.904329 0.772988 
vt 0.905831 0.592663 
vt 0.960873 0.609161 
vt 0.904328 0.772988 
vt 0.892962 0.90186 
vt 0.672972 0.932003 
vt 0.445131 0.551714 
vt 0.395433 0.535162 
vt 0.405376 0.521156 
vt 0.318239 0.457506 
vt 0.298173 0.45573 
vt 0.341038 0.513673 
vt 0.905831 0.592663 
vt 0.728428 0.578668 
vt 0.831323 0.272733 
vt 0.960873 0.609161 
vt 0.905831 0.592663 
vt 0.831323 0.272733 
vt 0.892962 0.90186 
vt 0.904329 0.772988 
vt 0.945474 0.775316 
vt 0.905831 0.592663 
vt 0.728428 0.578668 
vt 0.831323 0.272733 
vt 0.960873 0.609161 
vt 0.945474 0.775316 
vt 0.904329 0.772988 
vt 0.635265 0.791332 
vt 0.699786 0.786051 
vt 0.672972 0.932003 
vt 0.672972 0.932003 
vt 0.625841 0.974036 
vt 0.635265 0.791332 
vt 0.635265 0.791332 
vt 0.699786 0.786051 
vt 0.672972 0.932003 
vt 0.008911 0.556495 
vt 0.082598 0.138751 
vt 0.294709 0.50272 
vt 0.904329 0.772988 
vt 0.905831 0.592663 
vt 0.960873 0.609161 
vt 0.669165 0.585347 
vt 0.839316 0.159562 
vt 0.831323 0.272733 
vt 0.892962 0.90186 
vt 0.904329 0.772988 
vt 0.945474 0.775316 
vt 0.831323 0.272733 
vt 0.728428 0.578668 
vt 0.669165 0.585347 
vt 0.699786 0.786051 
vt 0.728428 0.578668 
vt 0.905831 0.592663 
vt 0.341038 0.513673 
vt 0.298173 0.45573 
vt 0.318239 0.457506 
vt 0.831323 0.272733 
vt 0.728428 0.578668 
vt 0.669165 0.585347 
vt 0.36485 0.49948 
vt 0.353109 0.506101 
vt 0.395433 0.535162 
vt 0.395433 0.535162 
vt 0.405376 0.521156 
vt 0.36485 0.49948 
vt 0.904329 0.772988 
vt 0.892962 0.90186 
vt 0.672972 0.932003 
vt 0.728428 0.578668 
vt 0.831323 0.272733 
vt 0.905831 0.592663 
vt 0.905831 0.592663 
vt 0.728428 0.578668 
vt 0.831323 0.272733 
vt 0.960873 0.609161 
vt 0.945474 0.775316 
vt 0.904329 0.772988 
vt 0.533113 0.462276 
vt 0.528268 0.498264 
vt 0.513207 0.489171 
vt 0.51487 0.524715 
vt 0.513207 0.489171 
vt 0.528268 0.498264 
vt 0.513207 0.489171 
vt 0.51487 0.524715 
vt 0.498767 0.518712 
vt 0.672972 0.932003 
vt 0.625841 0.974036 
vt 0.635265 0.791332 
vt 0.558226 0.439057 
vt 0.546484 0.474299 
vt 0.533113 0.462276 
vt 0.528268 0.498264 
vt 0.533113 0.462276 
vt 0.506551 0.552659 
vt 0.498767 0.518712 
vt 0.51487 0.524715 
vt 0.905831 0.592663 
vt 0.904329 0.772988 
vt 0.699786 0.786051 
vt 0.699786 0.786051 
vt 0.728428 0.578668 
vt 0.905831 0.592663 
vt 0.699786 0.786051 
vt 0.635265 0.791332 
vt 0.669165 0.585347 
vt 0.831323 0.272733 
vt 0.728428 0.578668 
vt 0.669165 0.585347 
vt 0.546484 0.474299 
vt 0.558226 0.439057 
vt 0.569183 0.453858 
vt 0.498767 0.518712 
vt 0.506551 0.552659 
vt 0.490085 0.549862 
vt 0.672972 0.932003 
vt 0.699786 0.786051 
vt 0.904329 0.772988 
vt 0.669165 0.585347 
vt 0.839316 0.159562 
vt 0.831323 0.272733 
vt 0.904329 0.772988 
vt 0.945474 0.775316 
vt 0.953717 0.933866 
vt 0.904329 0.772988 
vt 0.905831 0.592663 
vt 0.960873 0.609161 
vt 0.595421 0.437916 
vt 0.558226 0.439057 
vt 0.587803 0.421503 
vt 0.569183 0.453858 
vt 0.503269 0.581023 
vt 0.490085 0.549862 
vt 0.506551 0.552659 
vt 0.395433 0.535162 
vt 0.353109 0.506101 
vt 0.36485 0.49948 
vt 0.831323 0.272733 
vt 0.839316 0.159562 
vt 0.960873 0.609161 
vt 0.36485 0.49948 
vt 0.405376 0.521156 
vt 0.395433 0.535162 
vt 0.904329 0.772988 
vt 0.892962 0.90186 
vt 0.672972 0.932003 
vt 0.960873 0.609161 
vt 0.905831 0.592663 
vt 0.831323 0.272734 
vt 0.960873 0.609161 
vt 0.945474 0.775316 
vt 0.904329 0.772988 
vt 0.905831 0.592663 
vt 0.728428 0.578668 
vt 0.831323 0.272733 
vt 0.490085 0.549862 
vt 0.503269 0.581023 
vt 0.486984 0.581433 
vt 0.487617 0.612716 
vt 0.960873 0.609161 
vt 0.905831 0.592663 
vt 0.831323 0.272733 
vt 0.353109 0.506101 
vt 0.36485 0.49948 
vt 0.338049 0.459831 
vt 0.341038 0.513673 
vt 0.318239 0.457506 
vt 0.624007 0.427356 
vt 0.587803 0.421503 
vt 0.619816 0.410073 
vt 0.587803 0.421503 
vt 0.595421 0.437916 
vt 0.892962 0.90186 
vt 0.904329 0.772988 
vt 0.945474 0.775316 
vt 0.494556 0.524049 
vt 0.459349 0.520656 
vt 0.45493 0.535872 
vt 0.45493 0.535872 
vt 0.459349 0.520656 
vt 0.494556 0.524049 
vt 0.669165 0.585347 
vt 0.728428 0.578668 
vt 0.699786 0.786051 
vt 0.487617 0.612716 
vt 0.503269 0.581023 
vt 0.504027 0.609225 
vt 0.728428 0.578668 
vt 0.905831 0.592663 
vt 0.904329 0.772988 
vt 0.699786 0.786051 
vt 0.728428 0.578668 
vt 0.904329 0.772988 
vt 0.892962 0.90186 
vt 0.905831 0.592663 
vt 0.831323 0.272733 
vt 0.905831 0.592663 
vt 0.904329 0.772988 
vt 0.699786 0.786051 
vt 0.669165 0.585347 
vt 0.839316 0.159562 
vt 0.831323 0.272733 
vt 0.294709 0.50272 
vt 0.317092 0.708724 
vt 0.017068 0.753889 
vt 0.728428 0.578668 
vt 0.905831 0.592663 
vt 0.904329 0.772988 
vt 0.831323 0.272733 
vt 0.839316 0.159562 
vt 0.960873 0.609161 
vt 0.261098 0.15993 
vt 0.248647 0.131621 
vt 0.2789 0.081105 
vt 0.831323 0.272733 
vt 0.728428 0.578668 
vt 0.669165 0.585347 
vt 0.672972 0.932003 
vt 0.892962 0.90186 
vt 0.904329 0.772988 
vt 0.672972 0.932003 
vt 0.625841 0.974036 
vt 0.635265 0.791332 
vt 0.635265 0.791332 
vt 0.699786 0.786051 
vt 0.672972 0.932003 
vt 0.669165 0.585347 
vt 0.839316 0.159562 
vt 0.831323 0.272733 
vt 0.728428 0.578668 
vt 0.905831 0.592663 
vt 0.904329 0.772988 
vt 0.904329 0.772988 
vt 0.699786 0.786051 
vt 0.728428 0.578668 
vt 0.2789 0.081105 
vt 0.248647 0.131621 
vt 0.261098 0.15993 
vt 0.653773 0.422426 
vt 0.619816 0.410073 
vt 0.653081 0.405042 
vt 0.653773 0.422426 
vt 0.624007 0.427356 
vt 0.831323 0.272733 
vt 0.728428 0.578668 
vt 0.669165 0.585347 
vt 0.905831 0.592663 
vt 0.728428 0.578668 
vt 0.831323 0.272733 
vt 0.318239 0.457506 
vt 0.353109 0.506101 
vt 0.341038 0.513673 
vt 0.338049 0.459831 
vt 0.36485 0.49948 
vt 0.699786 0.786051 
vt 0.635265 0.791332 
vt 0.669165 0.585347 
vt 0.005651 0.316887 
vt 0.040743 0.286513 
vt 0.053407 0.307962 
vt 0.493056 0.644069 
vt 0.504027 0.609225 
vt 0.509136 0.637334 
vt 0.699786 0.786051 
vt 0.728428 0.578668 
vt 0.905831 0.592663 
vt 0.904329 0.772988 
vt 0.960873 0.609161 
vt 0.504027 0.609225 
vt 0.493056 0.644069 
vt 0.487617 0.612716 
vt 0.005651 0.316887 
vt 0.053407 0.307962 
vt 0.015358 0.367635 
vt 0.015358 0.367635 
vt 0.053407 0.307962 
vt 0.069587 0.326395 
vt 0.831323 0.272733 
vt 0.728428 0.578668 
vt 0.669165 0.585347 
vt 0.683532 0.423029 
vt 0.653081 0.405042 
vt 0.686265 0.406117 
vt 0.040743 0.286513 
vt 0.005651 0.316887 
vt 0.002559 0.275146 
vt 0.040743 0.286513 
vt 0.002559 0.275146 
vt 0.031838 0.261724 
vt 0.960873 0.609161 
vt 0.945474 0.775316 
vt 0.904329 0.772988 
vt 0.960873 0.609161 
vt 0.945474 0.775316 
vt 0.904329 0.772988 
vt 0.960873 0.609161 
vt 0.945474 0.775316 
vt 0.904329 0.772988 
vt 0.892962 0.90186 
vt 0.945474 0.775316 
vt 0.945474 0.775316 
vt 0.953717 0.933866 
vt 0.892962 0.90186 
vt 0.904329 0.772988 
vt 0.699786 0.786051 
vt 0.728428 0.578668 
vt 0.904329 0.772988 
vt 0.699786 0.786051 
vt 0.728428 0.578668 
vt 0.892962 0.90186 
vt 0.672972 0.932003 
vt 0.699786 0.786051 
vt 0.831323 0.272734 
vt 0.839316 0.159562 
vt 0.960873 0.609161 
vt 0.945474 0.775316 
vt 0.953717 0.933866 
vt 0.892962 0.90186 
vt 0.669165 0.585347 
vt 0.728428 0.578668 
vt 0.699786 0.786051 
vt 0.945474 0.775316 
vt 0.953717 0.933866 
vt 0.892962 0.90186 
vt 0.000251 0.239762 
vt 0.031838 0.261724 
vt 0.002559 0.275146 
vt 0.069093 0.4677 
vt 0.088371 0.341261 
vt 0.108972 0.352192 
vt 0.905831 0.592663 
vt 0.728428 0.578668 
vt 0.831323 0.272733 
vt 0.069093 0.4677 
vt 0.108972 0.352192 
vt 0.116423 0.499259 
vt 0.503988 0.674473 
vt 0.509136 0.637334 
vt 0.519202 0.664521 
vt 0.904329 0.772988 
vt 0.699786 0.786051 
vt 0.728428 0.578668 
vt 0.509136 0.637334 
vt 0.503988 0.674473 
vt 0.493056 0.644069 
vt 0.672972 0.932003 
vt 0.699786 0.786051 
vt 0.904329 0.772988 
vt 0.904329 0.772988 
vt 0.699786 0.786051 
vt 0.728428 0.578668 
vt 0.683532 0.423029 
vt 0.719007 0.411376 
vt 0.712861 0.428001 
vt 0.960873 0.609161 
vt 0.945474 0.775316 
vt 0.904328 0.772988 
vt 0.699786 0.786051 
vt 0.728428 0.578668 
vt 0.298173 0.45573 
vt 0.318239 0.457506 
vt 0.307467 0.413829 
vt 0.338049 0.459831 
vt 0.318239 0.457506 
vt 0.353109 0.506101 
vt 0.031838 0.261724 
vt 0.000251 0.239762 
vt 0.027512 0.234594 
vt 0.683532 0.423029 
vt 0.686265 0.406117 
vt 0.719007 0.411376 
vt 0.945474 0.775316 
vt 0.953717 0.933866 
vt 0.892962 0.90186 
vt 0.945474 0.775316 
vt 0.953717 0.933866 
vt 0.892962 0.90186 
vt 0.945474 0.775316 
vt 0.904329 0.772988 
vt 0.905831 0.592663 
vt 0.119915 0.491896 
vt 0.108972 0.352192 
vt 0.130354 0.359343 
vt 0.728428 0.578668 
vt 0.905831 0.592663 
vt 0.904329 0.772988 
vt 0.905831 0.592663 
vt 0.728428 0.578668 
vt 0.831323 0.272733 
vt 0.905831 0.592663 
vt 0.728428 0.578668 
vt 0.831323 0.272733 
vt 0.904329 0.772988 
vt 0.45493 0.535872 
vt 0.494556 0.538034 
vt 0.494556 0.524049 
vt 0.494556 0.552428 
vt 0.494556 0.538034 
vt 0.831323 0.272733 
vt 0.728428 0.578668 
vt 0.669165 0.585347 
vt 0.892962 0.90186 
vt 0.672972 0.932003 
vt 0.699786 0.786051 
vt 0.905831 0.592663 
vt 0.728428 0.578668 
vt 0.831323 0.272734 
vt 0.904329 0.772988 
vt 0.699786 0.786051 
vt 0.904329 0.772988 
vt 0.905831 0.592663 
vt 0.960873 0.609161 
vt 0.728428 0.578668 
vt 0.699786 0.786051 
vt 0.635265 0.791332 
vt 0.635265 0.791332 
vt 0.699786 0.786051 
vt 0.672972 0.932003 
vt 0.669165 0.585347 
vt 0.728428 0.578668 
vt 0.699786 0.786051 
vt 0.905831 0.592663 
vt 0.728428 0.578668 
vt 0.831323 0.272733 
vt 0.669165 0.585347 
vt 0.839316 0.159562 
vt 0.831323 0.272733 
vt 0.669165 0.585347 
vt 0.839316 0.159562 
vt 0.831323 0.272733 
vt 0.960873 0.609161 
vt 0.945474 0.775316 
vt 0.904329 0.772988 
vt 0.520876 0.70277 
vt 0.519202 0.664521 
vt 0.534542 0.689531 
vt 0.353109 0.506101 
vt 0.318239 0.457506 
vt 0.338049 0.459831 
vt 0.132153 0.087536 
vt 0.098539 0.062977 
vt 0.136139 0.03886 
vt 0.672972 0.932003 
vt 0.625841 0.974036 
vt 0.635265 0.791332 
vt 0.307467 0.413829 
vt 0.318239 0.457506 
vt 0.298173 0.45573 
vt 0.699786 0.786051 
vt 0.635265 0.791332 
vt 0.669165 0.585347 
vt 0.136139 0.03886 
vt 0.158234 0.085167 
vt 0.132153 0.087536 
vt 0.098539 0.062977 
vt 0.132153 0.087536 
vt 0.106528 0.095615 
vt 0.960873 0.609161 
vt 0.945474 0.775316 
vt 0.904329 0.772988 
vt 0.892962 0.90186 
vt 0.945474 0.775316 
vt 0.905831 0.592663 
vt 0.904329 0.772988 
vt 0.699786 0.786051 
vt 0.672972 0.932003 
vt 0.699786 0.786051 
vt 0.831323 0.272733 
vt 0.839316 0.159562 
vt 0.960873 0.609161 
vt 0.712861 0.428001 
vt 0.751022 0.422005 
vt 0.741453 0.437645 
vt 0.106528 0.095615 
vt 0.068092 0.08511 
vt 0.098539 0.062977 
vt 0.108972 0.352192 
vt 0.119915 0.491896 
vt 0.116423 0.499259 
vt 0.130354 0.359343 
vt 0.154119 0.363436 
vt 0.699786 0.786051 
vt 0.635265 0.791332 
vt 0.669165 0.585347 
vt 0.728428 0.578668 
vt 0.905831 0.592663 
vt 0.904329 0.772988 
vt 0.712861 0.428001 
vt 0.719007 0.411376 
vt 0.751022 0.422005 
vt 0.158234 0.085167 
vt 0.136139 0.03886 
vt 0.185968 0.016043 
vt 0.945474 0.775316 
vt 0.904329 0.772988 
vt 0.905831 0.592663 
vt 0.119915 0.491896 
vt 0.154119 0.363436 
vt 0.164476 0.492843 
vt 0.960873 0.609161 
vt 0.905831 0.592663 
vt 0.831323 0.272733 
vt 0.905831 0.592663 
vt 0.728428 0.578668 
vt 0.699786 0.786051 
vt 0.672972 0.932003 
vt 0.699786 0.786051 
vt 0.904329 0.772988 
vt 0.905831 0.592663 
vt 0.904329 0.772988 
vt 0.699786 0.786051 
vt 0.5536 0.513943 
vt 0.546484 0.474299 
vt 0.568789 0.494733 
vt 0.546484 0.474299 
vt 0.5536 0.513943 
vt 0.528268 0.498264 
vt 0.068092 0.08511 
vt 0.106528 0.095615 
vt 0.082646 0.110178 
vt 0.831323 0.272733 
vt 0.839316 0.159562 
vt 0.960873 0.609161 
vt 0.568789 0.494733 
vt 0.569183 0.453858 
vt 0.587263 0.478475 
vt 0.569183 0.453858 
vt 0.568789 0.494733 
vt 0.546484 0.474299 
vt 0.542121 0.535296 
vt 0.528268 0.498264 
vt 0.5536 0.513943 
vt 0.185968 0.016043 
vt 0.184356 0.088114 
vt 0.158234 0.085167 
vt 0.904329 0.772988 
vt 0.699786 0.786051 
vt 0.728428 0.578668 
vt 0.669165 0.585347 
vt 0.699786 0.786051 
vt 0.699786 0.786051 
vt 0.728428 0.578668 
vt 0.905831 0.592663 
vt 0.528268 0.498264 
vt 0.542121 0.535296 
vt 0.51487 0.524715 
vt 0.699786 0.786051 
vt 0.635265 0.791332 
vt 0.669165 0.585347 
vt 0.699786 0.786051 
vt 0.635265 0.791332 
vt 0.669165 0.585347 
vt 0.905831 0.592663 
vt 0.904329 0.772988 
vt 0.699786 0.786051 
vt 0.635265 0.791332 
vt 0.672972 0.932003 
vt 0.653081 0.405042 
vt 0.683532 0.423029 
vt 0.653773 0.422426 
vt 0.679412 0.451841 
vt 0.569183 0.453858 
vt 0.608326 0.465423 
vt 0.587263 0.478475 
vt 0.534616 0.55798 
vt 0.51487 0.524715 
vt 0.542121 0.535296 
vt 0.608326 0.465423 
vt 0.569183 0.453858 
vt 0.595421 0.437916 
vt 0.51487 0.524715 
vt 0.534616 0.55798 
vt 0.506551 0.552659 
vt 0.635265 0.791332 
vt 0.669165 0.585347 
vt 0.728428 0.578668 
vt 0.669165 0.585347 
vt 0.728428 0.578668 
vt 0.699786 0.786051 
vt 0.945474 0.775316 
vt 0.904329 0.772988 
vt 0.905831 0.592663 
vt 0.635265 0.791332 
vt 0.699786 0.786051 
vt 0.672972 0.932003 
vt 0.531142 0.581027 
vt 0.506551 0.552659 
vt 0.534616 0.55798 
vt 0.164476 0.492843 
vt 0.154119 0.363436 
vt 0.177666 0.363149 
vt 0.960873 0.609161 
vt 0.905831 0.592663 
vt 0.831323 0.272733 
vt 0.892962 0.90186 
vt 0.904329 0.772988 
vt 0.945474 0.775316 
vt 0.672972 0.932003 
vt 0.625841 0.974036 
vt 0.635265 0.791332 
vt 0.631296 0.456469 
vt 0.595421 0.437916 
vt 0.624007 0.427356 
vt 0.595421 0.437916 
vt 0.631296 0.456469 
vt 0.608326 0.465423 
vt 0.164476 0.492843 
vt 0.177666 0.363149 
vt 0.211436 0.492429 
vt 0.537564 0.728364 
vt 0.534542 0.689531 
vt 0.551759 0.714122 
vt 0.892962 0.90186 
vt 0.904329 0.772988 
vt 0.945474 0.775316 
vt 0.282766 0.400562 
vt 0.307467 0.413829 
vt 0.326137 0.363344 
vt 0.307467 0.413829 
vt 0.298173 0.45573 
vt 0.892962 0.90186 
vt 0.672972 0.932003 
vt 0.699786 0.786051 
vt 0.831323 0.272733 
vt 0.728428 0.578668 
vt 0.669165 0.585347 
vt 0.728428 0.578668 
vt 0.699786 0.786051 
vt 0.892962 0.90186 
vt 0.672972 0.932003 
vt 0.699786 0.786051 
vt 0.669165 0.585347 
vt 0.728428 0.578668 
vt 0.699786 0.786051 
vt 0.302014 0.000250995 
vt 0.232759 0.108321 
vt 0.209453 0.095891 
vt 0.232759 0.108321 
vt 0.302014 0.000250995 
vt 0.355707 0.018529 
vt 0.905831 0.592663 
vt 0.728428 0.578668 
vt 0.831323 0.272734 
vt 0.904329 0.772988 
vt 0.699786 0.786051 
vt 0.506551 0.552659 
vt 0.531142 0.581027 
vt 0.503269 0.581023 
vt 0.504027 0.609225 
vt 0.232759 0.108321 
vt 0.355707 0.018529 
vt 0.352001 0.026166 
vt 0.504027 0.609225 
vt 0.531142 0.581027 
vt 0.531863 0.604083 
vt 0.534542 0.689531 
vt 0.537564 0.728364 
vt 0.520876 0.70277 
vt 0.669165 0.585347 
vt 0.728428 0.578668 
vt 0.699786 0.786051 
vt 0.831323 0.272733 
vt 0.728428 0.578668 
vt 0.669165 0.585347 
vt 0.655319 0.451891 
vt 0.624007 0.427356 
vt 0.653773 0.422426 
vt 0.631296 0.456469 
vt 0.304776 0.349356 
vt 0.290313 0.129396 
vt 0.250738 0.199703 
vt 0.250738 0.199703 
vt 0.282766 0.400562 
vt 0.304776 0.349356 
vt 0.904328 0.772988 
vt 0.905831 0.592663 
vt 0.960873 0.609161 
vt 0.232759 0.108321 
vt 0.352001 0.026166 
vt 0.253154 0.119115 
vt 0.519202 0.664521 
vt 0.536636 0.626634 
vt 0.545382 0.648115 
vt 0.520876 0.70277 
vt 0.503988 0.674473 
vt 0.831323 0.272733 
vt 0.839316 0.159562 
vt 0.960873 0.609161 
vt 0.904328 0.772988 
vt 0.699786 0.786051 
vt 0.728428 0.578668 
vt 0.211436 0.492429 
vt 0.177666 0.363149 
vt 0.20039 0.359148 
vt 0.728428 0.578668 
vt 0.905831 0.592663 
vt 0.904329 0.772988 
vt 0.699786 0.786051 
vt 0.892962 0.90186 
vt 0.831323 0.272733 
vt 0.839316 0.159562 
vt 0.960873 0.609161 
vt 0.76806 0.452358 
vt 0.78076 0.438452 
vt 0.806471 0.460639 
vt 0.211436 0.492429 
vt 0.20039 0.359148 
vt 0.255321 0.482831 
vt 0.551759 0.714122 
vt 0.574966 0.734514 
vt 0.537564 0.728364 
vt 0.537564 0.728364 
vt 0.574966 0.734514 
vt 0.563924 0.751136 
vt 0.76806 0.452358 
vt 0.806471 0.460639 
vt 0.79103 0.472048 
vt 0.00372 0.20591 
vt 0.027512 0.234594 
vt 0.000251 0.239762 
vt 0.298173 0.45573 
vt 0.282766 0.400562 
vt 0.307467 0.413829 
vt 0.326137 0.363344 
vt 0.307467 0.413829 
vt 0.892962 0.90186 
vt 0.904329 0.772988 
vt 0.945474 0.775316 
vt 0.509136 0.637334 
vt 0.531863 0.604083 
vt 0.536636 0.626634 
vt 0.892962 0.90186 
vt 0.904329 0.772988 
vt 0.945474 0.775316 
vt 0.905831 0.592663 
vt 0.728428 0.578668 
vt 0.831323 0.272733 
vt 0.672972 0.932003 
vt 0.625841 0.974036 
vt 0.635265 0.791332 
vt 0.653773 0.422426 
vt 0.679412 0.451841 
vt 0.655319 0.451891 
vt 0.45493 0.535872 
vt 0.459349 0.520656 
vt 0.420795 0.506691 
vt 0.329405 0.421185 
vt 0.307467 0.413829 
vt 0.318239 0.457506 
vt 0.892962 0.90186 
vt 0.904329 0.772988 
vt 0.945474 0.775316 
vt 0.318239 0.457506 
vt 0.338049 0.459831 
vt 0.329405 0.421185 
vt 0.082646 0.110178 
vt 0.043956 0.111662 
vt 0.068092 0.08511 
vt 0.531863 0.604083 
vt 0.509136 0.637334 
vt 0.504027 0.609225 
vt 0.036947 0.414619 
vt 0.069587 0.326395 
vt 0.088371 0.341261 
vt 0.960873 0.609161 
vt 0.945474 0.775316 
vt 0.904328 0.772988 
vt 0.232904 0.203056 
vt 0.250738 0.199703 
vt 0.261098 0.15993 
vt 0.945474 0.775316 
vt 0.953717 0.933866 
vt 0.892962 0.90186 
vt 0.728428 0.578668 
vt 0.905831 0.592663 
vt 0.904329 0.772988 
vt 0.304776 0.349356 
vt 0.282766 0.400562 
vt 0.250738 0.199703 
vt 0.250738 0.199703 
vt 0.290313 0.129396 
vt 0.304776 0.349356 
vt 0.905831 0.592663 
vt 0.728428 0.578668 
vt 0.831323 0.272733 
vt 0.904329 0.772988 
vt 0.699786 0.786051 
vt 0.352001 0.026166 
vt 0.272155 0.13451 
vt 0.253154 0.119115 
vt 0.272155 0.13451 
vt 0.352001 0.026166 
vt 0.380506 0.060989 
vt 0.741453 0.437645 
vt 0.751022 0.422005 
vt 0.78076 0.438452 
vt 0.78076 0.438452 
vt 0.76806 0.452358 
vt 0.725992 0.464435 
vt 0.747302 0.476527 
vt 0.960873 0.609161 
vt 0.905831 0.592663 
vt 0.831323 0.272733 
vt 0.381952 0.479655 
vt 0.36485 0.49948 
vt 0.405376 0.521156 
vt 0.405376 0.521156 
vt 0.420795 0.506691 
vt 0.381952 0.479655 
vt 0.574966 0.734514 
vt 0.601906 0.749388 
vt 0.563924 0.751136 
vt 0.59406 0.767417 
vt 0.420795 0.506691 
vt 0.459349 0.520656 
vt 0.45493 0.535872 
vt 0.255321 0.482831 
vt 0.20039 0.359148 
vt 0.221643 0.351867 
vt 0.679412 0.451841 
vt 0.712861 0.428001 
vt 0.703092 0.456214 
vt 0.904329 0.772988 
vt 0.892962 0.90186 
vt 0.672972 0.932003 
vt 0.904329 0.772988 
vt 0.905831 0.592663 
vt 0.960873 0.609161 
vt 0.728428 0.578668 
vt 0.669165 0.585347 
vt 0.839316 0.159562 
vt 0.699786 0.786051 
vt 0.904329 0.772988 
vt 0.892962 0.90186 
vt 0.904329 0.772988 
vt 0.905831 0.592663 
vt 0.960873 0.609161 
vt 0.892962 0.90186 
vt 0.904328 0.772988 
vt 0.945474 0.775316 
vt 0.669165 0.585347 
vt 0.839316 0.159562 
vt 0.831323 0.272733 
vt 0.699786 0.786051 
vt 0.635265 0.791332 
vt 0.669165 0.585347 
vt 0.536636 0.626634 
vt 0.519202 0.664521 
vt 0.509136 0.637334 
vt 0.699786 0.786051 
vt 0.728428 0.578668 
vt 0.905831 0.592663 
vt 0.318239 0.457506 
vt 0.307467 0.413829 
vt 0.329405 0.421185 
vt 0.699786 0.786051 
vt 0.635265 0.791332 
vt 0.669165 0.585347 
vt 0.329405 0.421185 
vt 0.338049 0.459831 
vt 0.318239 0.457506 
vt 0.635265 0.791332 
vt 0.699786 0.786051 
vt 0.672972 0.932003 
vt 0.679412 0.451841 
vt 0.683532 0.423029 
vt 0.712861 0.428001 
vt 0.699786 0.786051 
vt 0.635265 0.791332 
vt 0.669165 0.585347 
vt 0.960873 0.609161 
vt 0.905831 0.592663 
vt 0.831323 0.272733 
vt 0.960873 0.609161 
vt 0.905831 0.592663 
vt 0.831323 0.272733 
vt 0.892962 0.90186 
vt 0.904329 0.772988 
vt 0.945474 0.775316 
vt 0.420795 0.506691 
vt 0.405376 0.521156 
vt 0.45493 0.535872 
vt 0.669165 0.585347 
vt 0.839316 0.159562 
vt 0.831323 0.272733 
vt 0.380506 0.060989 
vt 0.287166 0.152176 
vt 0.272155 0.13451 
vt 0.287166 0.152176 
vt 0.380506 0.060989 
vt 0.409191 0.098339 
vt 0.79103 0.472048 
vt 0.82848 0.481412 
vt 0.812287 0.49288 
vt 0.905831 0.592663 
vt 0.728428 0.578668 
vt 0.831323 0.272733 
vt 0.497177 0.058412 
vt 0.497177 0.043968 
vt 0.461157 0.04484 
vt 0.461157 0.04484 
vt 0.455998 0.061023 
vt 0.497177 0.058412 
vt 0.960873 0.609161 
vt 0.905831 0.592663 
vt 0.831323 0.272733 
vt 0.892962 0.90186 
vt 0.904329 0.772988 
vt 0.945474 0.775316 
vt 0.905831 0.592663 
vt 0.728428 0.578668 
vt 0.831323 0.272733 
vt 0.953717 0.933866 
vt 0.672972 0.932003 
vt 0.625841 0.974036 
vt 0.276088 0.312384 
vt 0.419272 0.422607 
vt 0.388522 0.454532 
vt 0.461157 0.04484 
vt 0.497177 0.043968 
vt 0.497177 0.058412 
vt 0.497177 0.058412 
vt 0.455998 0.061023 
vt 0.461157 0.04484 
vt 0.534542 0.689531 
vt 0.545382 0.648115 
vt 0.557682 0.667432 
vt 0.806471 0.460639 
vt 0.82848 0.481412 
vt 0.79103 0.472048 
vt 0.905831 0.592663 
vt 0.960873 0.609161 
vt 0.945474 0.775316 
vt 0.317092 0.708724 
vt 0.32296 0.928897 
vt 0.022141 0.989629 
vt 0.892962 0.90186 
vt 0.904329 0.772988 
vt 0.945474 0.775316 
vt 0.703092 0.456214 
vt 0.741453 0.437645 
vt 0.725992 0.464435 
vt 0.221643 0.351867 
vt 0.312702 0.502475 
vt 0.255321 0.482831 
vt 0.545382 0.648115 
vt 0.534542 0.689531 
vt 0.519202 0.664521 
vt 0.335529 0.090954 
vt 0.33901 0.063701 
vt 0.286092 0.109587 
vt 0.286092 0.109587 
vt 0.290313 0.129396 
vt 0.335529 0.090954 
vt 0.45493 0.535872 
vt 0.405376 0.521156 
vt 0.420795 0.506691 
vt 0.635265 0.791332 
vt 0.699786 0.786051 
vt 0.672972 0.932003 
vt 0.672972 0.932003 
vt 0.625841 0.974036 
vt 0.635265 0.791332 
vt 0.669165 0.585347 
vt 0.728428 0.578668 
vt 0.699786 0.786051 
vt 0.312702 0.502475 
vt 0.221643 0.351867 
vt 0.24206 0.341075 
vt 0.945474 0.775316 
vt 0.953717 0.933866 
vt 0.892962 0.90186 
vt 0.455998 0.061023 
vt 0.461157 0.04484 
vt 0.389292 0.05242 
vt 0.892962 0.90186 
vt 0.672972 0.932003 
vt 0.699786 0.786051 
vt 0.24206 0.341075 
vt 0.352705 0.481401 
vt 0.312702 0.502475 
vt 0.699786 0.786051 
vt 0.728428 0.578668 
vt 0.905831 0.592663 
vt 0.389292 0.05242 
vt 0.461157 0.04484 
vt 0.455998 0.061023 
vt 0.703092 0.456214 
vt 0.712861 0.428001 
vt 0.741453 0.437645 
vt 0.409191 0.098339 
vt 0.298342 0.171387 
vt 0.287166 0.152176 
vt 0.298342 0.171387 
vt 0.409191 0.098339 
vt 0.428548 0.138914 
vt 0.669165 0.585347 
vt 0.839316 0.159562 
vt 0.831323 0.272733 
vt 0.945474 0.775316 
vt 0.953717 0.933866 
vt 0.892962 0.90186 
vt 0.82846 0.51846 
vt 0.82848 0.481412 
vt 0.846142 0.510385 
vt 0.82848 0.481412 
vt 0.82846 0.51846 
vt 0.812287 0.49288 
vt 0.960873 0.609161 
vt 0.945474 0.775316 
vt 0.904329 0.772988 
vt 0.831323 0.272733 
vt 0.728428 0.578668 
vt 0.669165 0.585347 
vt 0.945474 0.775316 
vt 0.953717 0.933866 
vt 0.892962 0.90186 
vt 0.626068 0.7781 
vt 0.660364 0.764164 
vt 0.658896 0.783187 
vt 0.699786 0.786051 
vt 0.635265 0.791332 
vt 0.669165 0.585347 
vt 0.015358 0.367635 
vt 0.069587 0.326395 
vt 0.036947 0.414619 
vt 0.904328 0.772988 
vt 0.905831 0.592663 
vt 0.960873 0.609161 
vt 0.831323 0.272733 
vt 0.728428 0.578668 
vt 0.669165 0.585347 
vt 0.699786 0.786051 
vt 0.904329 0.772988 
vt 0.892962 0.90186 
vt 0.669165 0.585347 
vt 0.839316 0.159562 
vt 0.831323 0.272733 
vt 0.286092 0.109587 
vt 0.33901 0.063701 
vt 0.335529 0.090954 
vt 0.335529 0.090954 
vt 0.290313 0.129396 
vt 0.286092 0.109587 
vt 0.831323 0.272733 
vt 0.839316 0.159562 
vt 0.960873 0.609161 
vt 0.352705 0.481401 
vt 0.24206 0.341075 
vt 0.260292 0.32781 
vt 0.960873 0.609161 
vt 0.905831 0.592663 
vt 0.831323 0.272733 
vt 0.428548 0.138914 
vt 0.305565 0.191395 
vt 0.298342 0.171387 
vt 0.260292 0.32781 
vt 0.388522 0.454532 
vt 0.352705 0.481401 
vt 0.904328 0.772988 
vt 0.699786 0.786051 
vt 0.728428 0.578668 
vt 0.945474 0.775316 
vt 0.953717 0.933866 
vt 0.892962 0.90186 
vt 0.904329 0.772988 
vt 0.905831 0.592663 
vt 0.960873 0.609161 
vt 0.831323 0.272733 
vt 0.728428 0.578668 
vt 0.669165 0.585347 
vt 0.326137 0.363344 
vt 0.304776 0.349356 
vt 0.282766 0.400562 
vt 0.326137 0.363344 
vt 0.368072 0.313297 
vt 0.022141 0.989629 
vt 0.017068 0.753889 
vt 0.317092 0.708724 
vt 0.725992 0.464435 
vt 0.741453 0.437645 
vt 0.76806 0.452358 
vt 0.184356 0.088114 
vt 0.185968 0.016043 
vt 0.239006 0.00594801 
vt 0.388522 0.454532 
vt 0.260292 0.32781 
vt 0.276088 0.312384 
vt 0.838804 0.54649 
vt 0.846142 0.510385 
vt 0.85721 0.541603 
vt 0.846142 0.510385 
vt 0.838804 0.54649 
vt 0.82846 0.51846 
vt 0.699786 0.786051 
vt 0.635265 0.791332 
vt 0.669165 0.585347 
vt 0.36485 0.49948 
vt 0.381952 0.479655 
vt 0.36079 0.459988 
vt 0.945474 0.775316 
vt 0.953717 0.933866 
vt 0.892962 0.90186 
vt 0.635265 0.791332 
vt 0.699786 0.786051 
vt 0.672972 0.932003 
vt 0.728428 0.578668 
vt 0.831323 0.272733 
vt 0.905831 0.592663 
vt 0.672972 0.932003 
vt 0.625841 0.974036 
vt 0.635265 0.791332 
vt 0.551759 0.714122 
vt 0.557682 0.667432 
vt 0.57549 0.689618 
vt 0.660364 0.764164 
vt 0.692073 0.783187 
vt 0.658896 0.783187 
vt 0.669165 0.585347 
vt 0.839316 0.159562 
vt 0.831323 0.272733 
vt 0.960873 0.609161 
vt 0.945474 0.775316 
vt 0.904328 0.772988 
vt 0.239006 0.00594801 
vt 0.209453 0.095891 
vt 0.184356 0.088114 
vt 0.232904 0.203056 
vt 0.248647 0.131621 
vt 0.261098 0.15993 
vt 0.305565 0.191395 
vt 0.428548 0.138914 
vt 0.479082 0.172587 
vt 0.601906 0.749388 
vt 0.630673 0.759276 
vt 0.59406 0.767417 
vt 0.669165 0.585347 
vt 0.728428 0.578668 
vt 0.699786 0.786051 
vt 0.747302 0.476527 
vt 0.79103 0.472048 
vt 0.765984 0.492356 
vt 0.905831 0.592663 
vt 0.960873 0.609161 
vt 0.945474 0.775316 
vt 0.351091 0.296981 
vt 0.335529 0.090954 
vt 0.290313 0.129396 
vt 0.290313 0.129396 
vt 0.304776 0.349356 
vt 0.351091 0.296981 
vt 0.261098 0.15993 
vt 0.248647 0.131621 
vt 0.232904 0.203056 
vt 0.479082 0.172587 
vt 0.309431 0.212938 
vt 0.305565 0.191395 
vt 0.557682 0.667432 
vt 0.551759 0.714122 
vt 0.534542 0.689531 
vt 0.844205 0.575454 
vt 0.85721 0.541603 
vt 0.862874 0.573683 
vt 0.85721 0.541603 
vt 0.844205 0.575454 
vt 0.838804 0.54649 
vt 0.831323 0.272733 
vt 0.728428 0.578668 
vt 0.669165 0.585347 
vt 0.309431 0.212938 
vt 0.479082 0.172587 
vt 0.486483 0.217296 
vt 0.747302 0.476527 
vt 0.76806 0.452358 
vt 0.79103 0.472048 
vt 0.699786 0.786051 
vt 0.904329 0.772988 
vt 0.892962 0.90186 
vt 0.945474 0.775316 
vt 0.953717 0.933866 
vt 0.892962 0.90186 
vt 0.690413 0.763923 
vt 0.725242 0.777509 
vt 0.692073 0.783187 
vt 0.690413 0.763923 
vt 0.720237 0.758581 
vt 0.282766 0.400562 
vt 0.304776 0.349356 
vt 0.326137 0.363344 
vt 0.368072 0.313297 
vt 0.326137 0.363344 
vt 0.494556 0.524049 
vt 0.494556 0.538034 
vt 0.45493 0.535872 
vt 0.307467 0.413829 
vt 0.329405 0.421185 
vt 0.351111 0.371324 
vt 0.351111 0.371324 
vt 0.326137 0.363344 
vt 0.307467 0.413829 
vt 0.831323 0.272734 
vt 0.728428 0.578668 
vt 0.669165 0.585347 
vt 0.28922 0.295101 
vt 0.444225 0.386535 
vt 0.419272 0.422607 
vt 0.57549 0.689618 
vt 0.594179 0.706016 
vt 0.551759 0.714122 
vt 0.551759 0.714122 
vt 0.594179 0.706016 
vt 0.574966 0.734514 
vt 0.831323 0.272734 
vt 0.728428 0.578668 
vt 0.669165 0.585347 
vt 0.831323 0.272734 
vt 0.728428 0.578668 
vt 0.669165 0.585347 
vt 0.669165 0.585347 
vt 0.839316 0.159562 
vt 0.831323 0.272734 
vt 0.486483 0.217296 
vt 0.309518 0.234443 
vt 0.309431 0.212938 
vt 0.309518 0.234443 
vt 0.486483 0.217296 
vt 0.486483 0.262229 
vt 0.862874 0.573683 
vt 0.84479 0.604615 
vt 0.844205 0.575454 
vt 0.892962 0.90186 
vt 0.672972 0.932003 
vt 0.699786 0.786051 
vt 0.46489 0.347955 
vt 0.28922 0.295101 
vt 0.299213 0.275854 
vt 0.28922 0.295101 
vt 0.46489 0.347955 
vt 0.444225 0.386535 
vt 0.892962 0.90186 
vt 0.672972 0.932003 
vt 0.699786 0.786051 
vt 0.892962 0.90186 
vt 0.953717 0.933866 
vt 0.625841 0.974036 
vt 0.486483 0.262229 
vt 0.306044 0.25553 
vt 0.309518 0.234443 
vt 0.306044 0.25553 
vt 0.486483 0.262229 
vt 0.479169 0.30617 
vt 0.669165 0.585347 
vt 0.728428 0.578668 
vt 0.699786 0.786051 
vt 0.479169 0.30617 
vt 0.299213 0.275854 
vt 0.306044 0.25553 
vt 0.299213 0.275854 
vt 0.479169 0.30617 
vt 0.46489 0.347955 
vt 0.892962 0.90186 
vt 0.672972 0.932003 
vt 0.699786 0.786051 
vt 0.892962 0.90186 
vt 0.953717 0.933866 
vt 0.625841 0.974036 
vt 0.831323 0.272733 
vt 0.728428 0.578668 
vt 0.669165 0.585347 
vt 0.351091 0.296981 
vt 0.304776 0.349356 
vt 0.290313 0.129396 
vt 0.290313 0.129396 
vt 0.335529 0.090954 
vt 0.351091 0.296981 
vt 0.630673 0.759276 
vt 0.638841 0.726727 
vt 0.662951 0.730988 
vt 0.36079 0.459988 
vt 0.338049 0.459831 
vt 0.36485 0.49948 
vt 0.358631 0.423163 
vt 0.669165 0.585347 
vt 0.728428 0.578668 
vt 0.699786 0.786051 
vt 0.471937 0.502977 
vt 0.464601 0.53305 
vt 0.464601 0.502977 
vt 0.471938 0.53305 
vt 0.863257 0.605784 
vt 0.858831 0.637688 
vt 0.84479 0.604615 
vt 0.862874 0.573683 
vt 0.905831 0.592663 
vt 0.728428 0.578668 
vt 0.831323 0.272733 
vt 0.036947 0.414619 
vt 0.088371 0.341261 
vt 0.069093 0.4677 
vt 0.594179 0.706016 
vt 0.615668 0.718371 
vt 0.574966 0.734514 
vt 0.574966 0.734514 
vt 0.615668 0.718371 
vt 0.601906 0.749388 
vt 0.858831 0.637688 
vt 0.840488 0.633508 
vt 0.84479 0.604615 
vt 0.368072 0.313297 
vt 0.351091 0.296981 
vt 0.304776 0.349356 
vt 0.699786 0.786051 
vt 0.635265 0.791332 
vt 0.669165 0.585347 
vt 0.483009 0.50336 
vt 0.482626 0.502977 
vt 0.483009 0.502977 
vt 0.482626 0.50336 
vt 0.351111 0.371324 
vt 0.329405 0.421185 
vt 0.307467 0.413829 
vt 0.601906 0.749388 
vt 0.638841 0.726727 
vt 0.630673 0.759276 
vt 0.669165 0.585347 
vt 0.728428 0.578668 
vt 0.699786 0.786051 
vt 0.904329 0.772988 
vt 0.699786 0.786051 
vt 0.728428 0.578668 
vt 0.635265 0.791332 
vt 0.672972 0.932003 
vt 0.848974 0.668958 
vt 0.831327 0.661619 
vt 0.840488 0.633508 
vt 0.858831 0.637688 
vt 0.848974 0.668958 
vt 0.840488 0.633508 
vt 0.635265 0.791332 
vt 0.699786 0.786051 
vt 0.672972 0.932003 
vt 0.699786 0.786051 
vt 0.904329 0.772988 
vt 0.892962 0.90186 
vt 0.672972 0.932003 
vt 0.625841 0.974036 
vt 0.635265 0.791332 
vt 0.892962 0.90186 
vt 0.672972 0.932003 
vt 0.699786 0.786051 
vt 0.833625 0.698536 
vt 0.817274 0.688069 
vt 0.831327 0.661619 
vt 0.848974 0.668958 
vt 0.833625 0.698536 
vt 0.831327 0.661619 
vt 0.904329 0.772988 
vt 0.892962 0.90186 
vt 0.672972 0.932003 
vt 0.36485 0.49948 
vt 0.338049 0.459831 
vt 0.36079 0.459988 
vt 0.358631 0.423163 
vt 0.338049 0.459831 
vt 0.905831 0.592663 
vt 0.728428 0.578668 
vt 0.831323 0.272734 
vt 0.812968 0.725392 
vt 0.798519 0.711933 
vt 0.817274 0.688069 
vt 0.669165 0.585347 
vt 0.728428 0.578668 
vt 0.699786 0.786051 
vt 0.765984 0.492356 
vt 0.812287 0.49288 
vt 0.785009 0.512452 
vt 0.765984 0.492356 
vt 0.79103 0.472048 
vt 0.601906 0.749388 
vt 0.615668 0.718371 
vt 0.638841 0.726727 
vt 0.669165 0.585347 
vt 0.728428 0.578668 
vt 0.699786 0.786051 
vt 0.635265 0.791332 
vt 0.699786 0.786051 
vt 0.672972 0.932003 
vt 0.304776 0.349356 
vt 0.351091 0.296981 
vt 0.368072 0.313297 
vt 0.672972 0.932003 
vt 0.625841 0.974036 
vt 0.635265 0.791332 
vt 0.960873 0.609161 
vt 0.905831 0.592663 
vt 0.831323 0.272734 
vt 0.672972 0.932003 
vt 0.625841 0.974036 
vt 0.635265 0.791332 
vt 0.672972 0.932003 
vt 0.953717 0.933866 
vt 0.892962 0.90186 
vt 0.358631 0.423163 
vt 0.329405 0.421185 
vt 0.338049 0.459831 
vt 0.892962 0.90186 
vt 0.672972 0.932003 
vt 0.699786 0.786051 
vt 0.831323 0.272733 
vt 0.839316 0.159562 
vt 0.960873 0.609161 
vt 0.662951 0.730988 
vt 0.690413 0.763923 
vt 0.660364 0.764164 
vt 0.692073 0.783187 
vt 0.662951 0.730988 
vt 0.68744 0.73063 
vt 0.798015 0.532869 
vt 0.812287 0.49288 
vt 0.82846 0.51846 
vt 0.960873 0.609161 
vt 0.905831 0.592663 
vt 0.831323 0.272734 
vt 0.812287 0.49288 
vt 0.798015 0.532869 
vt 0.785009 0.512452 
vt 0.904328 0.772988 
vt 0.699786 0.786051 
vt 0.728428 0.578668 
vt 0.635265 0.791332 
vt 0.669165 0.585347 
vt 0.728428 0.578668 
vt 0.905831 0.592663 
vt 0.904328 0.772988 
vt 0.699786 0.786051 
vt 0.892962 0.90186 
vt 0.831323 0.272733 
vt 0.839316 0.159562 
vt 0.960873 0.609161 
vt 0.338049 0.459831 
vt 0.329405 0.421185 
vt 0.358631 0.423163 
vt 0.831323 0.272734 
vt 0.839316 0.159562 
vt 0.960873 0.609161 
vt 0.672972 0.932003 
vt 0.892962 0.90186 
vt 0.953717 0.933866 
vt 0.953717 0.933866 
vt 0.625841 0.974036 
vt 0.806981 0.555195 
vt 0.82846 0.51846 
vt 0.838804 0.54649 
vt 0.82846 0.51846 
vt 0.806981 0.555195 
vt 0.798015 0.532869 
vt 0.831323 0.272733 
vt 0.839316 0.159562 
vt 0.960873 0.609161 
vt 0.905831 0.592663 
vt 0.960873 0.609161 
vt 0.945474 0.775316 
vt 0.307467 0.413829 
vt 0.326137 0.363344 
vt 0.351111 0.371324 
vt 0.385038 0.32766 
vt 0.326137 0.363344 
vt 0.635265 0.791332 
vt 0.699786 0.786051 
vt 0.672972 0.932003 
vt 0.831323 0.272733 
vt 0.839316 0.159562 
vt 0.960873 0.609161 
vt 0.419272 0.422607 
vt 0.276088 0.312384 
vt 0.28922 0.295101 
vt 0.945474 0.775316 
vt 0.904329 0.772988 
vt 0.905831 0.592663 
vt 0.811809 0.578644 
vt 0.838804 0.54649 
vt 0.844205 0.575454 
vt 0.838804 0.54649 
vt 0.811809 0.578644 
vt 0.806981 0.555195 
vt 0.398983 0.269481 
vt 0.387522 0.070841 
vt 0.335529 0.090954 
vt 0.335529 0.090954 
vt 0.351091 0.296981 
vt 0.398983 0.269481 
vt 0.734431 0.717342 
vt 0.775407 0.732205 
vt 0.748921 0.747994 
vt 0.798519 0.711933 
vt 0.787269 0.748514 
vt 0.68744 0.73063 
vt 0.720237 0.758581 
vt 0.690413 0.763923 
vt 0.720237 0.758581 
vt 0.68744 0.73063 
vt 0.711504 0.726077 
vt 0.798519 0.711933 
vt 0.775407 0.732205 
vt 0.774017 0.688729 
vt 0.812968 0.725392 
vt 0.787269 0.748514 
vt 0.817274 0.688069 
vt 0.798519 0.711933 
vt 0.789346 0.669855 
vt 0.833625 0.698536 
vt 0.812968 0.725392 
vt 0.392683 0.454905 
vt 0.409379 0.470892 
vt 0.381952 0.479655 
vt 0.728428 0.578668 
vt 0.905831 0.592663 
vt 0.904329 0.772988 
vt 0.699786 0.786051 
vt 0.892962 0.90186 
vt 0.385038 0.32766 
vt 0.368072 0.313297 
vt 0.326137 0.363344 
vt 0.326137 0.363344 
vt 0.351111 0.371324 
vt 0.385038 0.32766 
vt 0.844205 0.575454 
vt 0.812449 0.60253 
vt 0.811809 0.578644 
vt 0.669165 0.585347 
vt 0.839316 0.159562 
vt 0.831323 0.272734 
vt 0.748921 0.747994 
vt 0.711504 0.726077 
vt 0.734431 0.717342 
vt 0.858229 0.866527 
vt 0.892962 0.90186 
vt 0.896161 0.865595 
vt 0.904329 0.772988 
vt 0.398983 0.269481 
vt 0.351091 0.296981 
vt 0.335529 0.090954 
vt 0.017068 0.753889 
vt 0.008911 0.556495 
vt 0.294709 0.50272 
vt 0.699786 0.786051 
vt 0.904329 0.772988 
vt 0.892962 0.90186 
vt 0.812449 0.60253 
vt 0.84479 0.604615 
vt 0.840488 0.633508 
vt 0.844205 0.575454 
vt 0.831323 0.272733 
vt 0.728428 0.578668 
vt 0.669165 0.585347 
vt 0.669165 0.585347 
vt 0.839316 0.159562 
vt 0.831323 0.272733 
vt 0.669165 0.585347 
vt 0.839316 0.159562 
vt 0.831323 0.272733 
vt 0.840488 0.633508 
vt 0.808785 0.626076 
vt 0.812449 0.60253 
vt 0.625841 0.974036 
vt 0.672972 0.932003 
vt 0.892962 0.90186 
vt 0.410761 0.288458 
vt 0.398983 0.269481 
vt 0.351091 0.296981 
vt 0.351091 0.296981 
vt 0.368072 0.313297 
vt 0.410761 0.288458 
vt 0.775407 0.732205 
vt 0.734431 0.717342 
vt 0.75547 0.704605 
vt 0.635265 0.791332 
vt 0.699786 0.786051 
vt 0.672972 0.932003 
vt 0.635265 0.791332 
vt 0.699786 0.786051 
vt 0.672972 0.932003 
vt 0.711504 0.726077 
vt 0.748921 0.747994 
vt 0.720237 0.758581 
vt 0.757336 0.765958 
vt 0.720237 0.758581 
vt 0.757336 0.765958 
vt 0.725242 0.777509 
vt 0.699786 0.786051 
vt 0.904329 0.772988 
vt 0.892962 0.90186 
vt 0.945474 0.775316 
vt 0.904329 0.772988 
vt 0.905831 0.592663 
vt 0.326137 0.363344 
vt 0.368072 0.313297 
vt 0.385038 0.32766 
vt 0.672972 0.932003 
vt 0.625841 0.974036 
vt 0.635265 0.791332 
vt 0.831327 0.661619 
vt 0.801029 0.64873 
vt 0.808785 0.626076 
vt 0.808785 0.626076 
vt 0.840488 0.633508 
vt 0.831327 0.661619 
vt 0.672972 0.932003 
vt 0.625841 0.974036 
vt 0.635265 0.791332 
vt 0.775407 0.732205 
vt 0.75547 0.704605 
vt 0.774017 0.688729 
vt 0.904329 0.772988 
vt 0.672972 0.932003 
vt 0.858229 0.866527 
vt 0.699786 0.786051 
vt 0.635265 0.791332 
vt 0.669165 0.585347 
vt 0.798519 0.711933 
vt 0.774017 0.688729 
vt 0.789346 0.669855 
vt 0.817274 0.688069 
vt 0.789346 0.669855 
vt 0.801029 0.64873 
vt 0.831327 0.661619 
vt 0.817274 0.688069 
vt 0.801029 0.64873 
vt 0.672972 0.932003 
vt 0.892962 0.90186 
vt 0.953717 0.933866 
vt 0.625841 0.974036 
vt 0.892962 0.90186 
vt 0.672972 0.932003 
vt 0.699786 0.786051 
vt 0.699786 0.786051 
vt 0.635265 0.791332 
vt 0.669165 0.585347 
vt 0.672972 0.932003 
vt 0.635265 0.791332 
vt 0.625841 0.974036 
vt 0.905831 0.592663 
vt 0.728428 0.578668 
vt 0.831323 0.272734 
vt 0.351091 0.296981 
vt 0.398983 0.269481 
vt 0.410761 0.288458 
vt 0.410761 0.288458 
vt 0.368072 0.313297 
vt 0.351091 0.296981 
vt 0.329405 0.421185 
vt 0.358631 0.423163 
vt 0.374344 0.377201 
vt 0.699786 0.786051 
vt 0.904329 0.772988 
vt 0.892962 0.90186 
vt 0.831323 0.272734 
vt 0.839316 0.159562 
vt 0.960873 0.609161 
vt 0.892962 0.90186 
vt 0.904329 0.772988 
vt 0.945474 0.775316 
vt 0.669165 0.585347 
vt 0.728428 0.578668 
vt 0.699786 0.786051 
vt 0.839316 0.159562 
vt 0.960873 0.609161 
vt 0.905831 0.592663 
vt 0.904328 0.772988 
vt 0.960873 0.609161 
vt 0.660364 0.764164 
vt 0.630673 0.759276 
vt 0.662951 0.730988 
vt 0.905831 0.592663 
vt 0.960873 0.609161 
vt 0.945474 0.775316 
vt 0.699786 0.786051 
vt 0.635265 0.791332 
vt 0.669165 0.585347 
vt 0.905831 0.592663 
vt 0.904329 0.772988 
vt 0.699786 0.786051 
vt 0.904328 0.772988 
vt 0.699786 0.786051 
vt 0.728428 0.578668 
vt 0.669165 0.585347 
vt 0.728428 0.578668 
vt 0.699786 0.786051 
vt 0.672972 0.932003 
vt 0.625841 0.974036 
vt 0.635265 0.791332 
vt 0.892962 0.90186 
vt 0.672972 0.932003 
vt 0.699786 0.786051 
vt 0.904329 0.772988 
vt 0.699786 0.786051 
vt 0.728428 0.578668 
vt 0.196203 0.763807 
vt 0.209492 0.791384 
vt 0.185415 0.800244 
vt 0.374344 0.377201 
vt 0.358631 0.423163 
vt 0.329405 0.421185 
vt 0.669165 0.585347 
vt 0.839316 0.159562 
vt 0.831323 0.272733 
vt 0.904329 0.772988 
vt 0.892962 0.90186 
vt 0.672972 0.932003 
vt 0.945474 0.775316 
vt 0.953717 0.933866 
vt 0.892962 0.90186 
vt 0.892962 0.90186 
vt 0.904329 0.772988 
vt 0.945474 0.775316 
vt 0.892962 0.90186 
vt 0.904329 0.772988 
vt 0.945474 0.775316 
vt 0.831323 0.272733 
vt 0.839316 0.159562 
vt 0.960873 0.609161 
vt 0.831323 0.272733 
vt 0.839316 0.159562 
vt 0.960873 0.609161 
vt 0.250986 0.761901 
vt 0.213583 0.753793 
vt 0.228886 0.740918 
vt 0.098418 0.76329 
vt 0.108998 0.80008 
vt 0.084759 0.790971 
vt 0.451858 0.255487 
vt 0.455998 0.061023 
vt 0.387522 0.070841 
vt 0.213583 0.753793 
vt 0.231559 0.778485 
vt 0.209492 0.791384 
vt 0.250986 0.761901 
vt 0.241605 0.725693 
vt 0.228886 0.740918 
vt 0.409379 0.470892 
vt 0.381952 0.479655 
vt 0.420795 0.506691 
vt 0.420795 0.506691 
vt 0.433029 0.493298 
vt 0.409379 0.470892 
vt 0.945474 0.775316 
vt 0.953717 0.933866 
vt 0.892962 0.90186 
vt 0.945474 0.775316 
vt 0.953717 0.933866 
vt 0.892962 0.90186 
vt 0.892962 0.90186 
vt 0.858229 0.866527 
vt 0.672972 0.932003 
vt 0.960873 0.609161 
vt 0.945474 0.775316 
vt 0.904329 0.772988 
vt 0.669165 0.585347 
vt 0.728428 0.578668 
vt 0.699786 0.786051 
vt 0.409379 0.470892 
vt 0.433029 0.493298 
vt 0.420795 0.506691 
vt 0.905831 0.592663 
vt 0.728428 0.578668 
vt 0.831323 0.272733 
vt 0.250986 0.761901 
vt 0.241605 0.725693 
vt 0.267433 0.742207 
vt 0.280439 0.720114 
vt 0.280439 0.720114 
vt 0.251439 0.708392 
vt 0.335529 0.090954 
vt 0.387522 0.070841 
vt 0.398983 0.269481 
vt 0.455998 0.061023 
vt 0.389292 0.05242 
vt 0.084759 0.790971 
vt 0.08101 0.753009 
vt 0.098418 0.76329 
vt 0.108998 0.80008 
vt 0.117419 0.770324 
vt 0.13444 0.804637 
vt 0.137276 0.773996 
vt 0.117419 0.770324 
vt 0.13444 0.804637 
vt 0.157434 0.774118 
vt 0.160123 0.804645 
vt 0.157434 0.774118 
vt 0.185415 0.800244 
vt 0.177298 0.770637 
vt 0.160123 0.804645 
vt 0.177298 0.770637 
vt 0.196203 0.763807 
vt 0.213583 0.753793 
vt 0.209492 0.791384 
vt 0.728428 0.578668 
vt 0.905831 0.592663 
vt 0.904328 0.772988 
vt 0.699786 0.786051 
vt 0.892962 0.90186 
vt 0.699786 0.786051 
vt 0.635265 0.791332 
vt 0.669165 0.585347 
vt 0.904329 0.772988 
vt 0.905831 0.592663 
vt 0.960873 0.609161 
vt 0.043094 0.760712 
vt 0.053048 0.724119 
vt 0.065835 0.739741 
vt 0.08101 0.753009 
vt 0.043094 0.760712 
vt 0.06258 0.777736 
vt 0.084759 0.790971 
vt 0.06258 0.777736 
vt 0.289486 0.695906 
vt 0.251439 0.708392 
vt 0.258081 0.689628 
vt 0.261273 0.670134 
vt 0.945474 0.775316 
vt 0.953717 0.933866 
vt 0.892962 0.90186 
vt 0.45981 0.278402 
vt 0.451858 0.255487 
vt 0.398983 0.269481 
vt 0.398983 0.269481 
vt 0.410761 0.288458 
vt 0.45981 0.278402 
vt 0.251439 0.708392 
vt 0.289486 0.695906 
vt 0.280439 0.720114 
vt 0.831323 0.272733 
vt 0.839316 0.159562 
vt 0.960873 0.609161 
vt 0.387522 0.070841 
vt 0.398983 0.269481 
vt 0.451858 0.255487 
vt 0.497177 0.271608 
vt 0.497177 0.24301 
vt 0.672972 0.932003 
vt 0.892962 0.90186 
vt 0.953717 0.933866 
vt 0.625841 0.974036 
vt 0.831323 0.272733 
vt 0.839316 0.159562 
vt 0.960873 0.609161 
vt 0.398983 0.269481 
vt 0.451858 0.255487 
vt 0.45981 0.278402 
vt 0.45981 0.278402 
vt 0.410761 0.288458 
vt 0.398983 0.269481 
vt 0.053048 0.724119 
vt 0.013695 0.717866 
vt 0.043274 0.706405 
vt 0.420795 0.506691 
vt 0.381952 0.479655 
vt 0.409379 0.470892 
vt 0.368072 0.313297 
vt 0.385038 0.32766 
vt 0.423918 0.306763 
vt 0.672972 0.932003 
vt 0.892962 0.90186 
vt 0.953717 0.933866 
vt 0.451858 0.255487 
vt 0.398983 0.269481 
vt 0.387522 0.070841 
vt 0.497177 0.24301 
vt 0.497177 0.271608 
vt 0.960873 0.609161 
vt 0.905831 0.592663 
vt 0.831323 0.272733 
vt 0.368072 0.313297 
vt 0.410761 0.288458 
vt 0.423918 0.306763 
vt 0.423918 0.306763 
vt 0.385038 0.32766 
vt 0.368072 0.313297 
vt 0.053048 0.724119 
vt 0.043094 0.760712 
vt 0.026624 0.740532 
vt 0.013695 0.717866 
vt 0.026624 0.740532 
vt 0.892962 0.90186 
vt 0.904329 0.772988 
vt 0.945474 0.775316 
vt 0.497177 0.24301 
vt 0.497177 0.058412 
vt 0.455998 0.061023 
vt 0.455998 0.061023 
vt 0.451858 0.255487 
vt 0.497177 0.24301 
vt 0.672972 0.932003 
vt 0.892962 0.90186 
vt 0.953717 0.933866 
vt 0.625841 0.974036 
vt 0.945474 0.775316 
vt 0.904329 0.772988 
vt 0.905831 0.592663 
vt 0.392683 0.454905 
vt 0.36079 0.459988 
vt 0.381952 0.479655 
vt 0.892962 0.90186 
vt 0.672972 0.932003 
vt 0.699786 0.786051 
vt 0.699786 0.786051 
vt 0.904329 0.772988 
vt 0.904328 0.772988 
vt 0.905831 0.592663 
vt 0.960873 0.609161 
vt 0.497177 0.24301 
vt 0.451858 0.255487 
vt 0.455998 0.061023 
vt 0.455998 0.061023 
vt 0.497177 0.058412 
vt 0.497177 0.24301 
vt 0.728428 0.578668 
vt 0.905831 0.592663 
vt 0.904328 0.772988 
vt 0.699786 0.786051 
vt 0.635265 0.791332 
vt 0.669165 0.585347 
vt 0.635265 0.791332 
vt 0.672972 0.932003 
vt 0.289486 0.695906 
vt 0.261273 0.670134 
vt 0.29367 0.670193 
vt 0.295033 0.639723 
vt 0.402966 0.340428 
vt 0.385038 0.32766 
vt 0.351111 0.371324 
vt 0.351111 0.371324 
vt 0.374344 0.377201 
vt 0.402966 0.340428 
vt 0.043274 0.706405 
vt 0.004915 0.69314 
vt 0.036714 0.687218 
vt 0.03346 0.667308 
vt 0.960873 0.609161 
vt 0.945474 0.775316 
vt 0.904328 0.772988 
vt 0.960873 0.609161 
vt 0.945474 0.775316 
vt 0.904329 0.772988 
vt 0.004915 0.69314 
vt 0.043274 0.706405 
vt 0.013695 0.717866 
vt 0.374344 0.377201 
vt 0.351111 0.371324 
vt 0.329405 0.421185 
vt 0.399725 0.383236 
vt 0.358631 0.423163 
vt 0.672972 0.932003 
vt 0.892962 0.90186 
vt 0.904329 0.772988 
vt 0.451858 0.255487 
vt 0.45981 0.278402 
vt 0.497177 0.271608 
vt 0.699786 0.786051 
vt 0.904328 0.772988 
vt 0.892962 0.90186 
vt 0.904329 0.772988 
vt 0.905831 0.592663 
vt 0.960873 0.609161 
vt 0.669165 0.585347 
vt 0.839316 0.159562 
vt 0.831323 0.272733 
vt 0.831323 0.272733 
vt 0.728428 0.578668 
vt 0.669165 0.585347 
vt 0.945474 0.775316 
vt 0.953717 0.933866 
vt 0.892962 0.90186 
vt 0.295033 0.639723 
vt 0.261273 0.670134 
vt 0.261823 0.642589 
vt 0.261823 0.642589 
vt 0.291126 0.613908 
vt 0.945474 0.775316 
vt 0.953717 0.933866 
vt 0.892962 0.90186 
vt 0.351111 0.371324 
vt 0.385038 0.32766 
vt 0.402966 0.340428 
vt 0.402966 0.340428 
vt 0.374344 0.377201 
vt 0.351111 0.371324 
vt 0.329405 0.421185 
vt 0.351111 0.371324 
vt 0.374344 0.377201 
vt 0.358631 0.423163 
vt 0.399725 0.383236 
vt 0.831323 0.272733 
vt 0.839316 0.159562 
vt 0.960873 0.609161 
vt 0.625841 0.974036 
vt 0.635265 0.791332 
vt 0.699786 0.786051 
vt 0.672972 0.932003 
vt 0.892962 0.90186 
vt 0.953717 0.933866 
vt 0.625841 0.974036 
vt 0.410761 0.288458 
vt 0.423918 0.306763 
vt 0.467458 0.298983 
vt 0.748921 0.747994 
vt 0.787269 0.748514 
vt 0.757336 0.765958 
vt 0.775407 0.732205 
vt 0.904329 0.772988 
vt 0.892962 0.90186 
vt 0.672972 0.932003 
vt 0.291126 0.613908 
vt 0.261823 0.642589 
vt 0.258612 0.622535 
vt 0.258612 0.622535 
vt 0.251893 0.603375 
vt 0.831323 0.272733 
vt 0.728428 0.578668 
vt 0.669165 0.585347 
vt 0.635265 0.791332 
vt 0.699786 0.786051 
vt 0.672972 0.932003 
vt 0.904329 0.772988 
vt 0.699786 0.786051 
vt 0.672972 0.932003 
vt 0.03346 0.667308 
vt 0.004915 0.69314 
vt 0.001107 0.667191 
vt 0.000251 0.63705 
vt 0.282246 0.589349 
vt 0.291126 0.613908 
vt 0.251893 0.603375 
vt 0.728428 0.578668 
vt 0.905831 0.592663 
vt 0.904328 0.772988 
vt 0.699786 0.786051 
vt 0.892962 0.90186 
vt 0.669165 0.585347 
vt 0.839316 0.159562 
vt 0.831323 0.272733 
vt 0.635265 0.791332 
vt 0.699786 0.786051 
vt 0.672972 0.932003 
vt 0.892962 0.90186 
vt 0.904329 0.772988 
vt 0.945474 0.775316 
vt 0.960873 0.609161 
vt 0.905831 0.592663 
vt 0.831323 0.272733 
vt 0.388465 0.418497 
vt 0.358631 0.423163 
vt 0.36079 0.459988 
vt 0.36079 0.459988 
vt 0.392683 0.454905 
vt 0.388465 0.418497 
vt 0.669165 0.585347 
vt 0.728428 0.578668 
vt 0.699786 0.786051 
vt 0.635265 0.791332 
vt 0.699786 0.786051 
vt 0.672972 0.932003 
vt 0.905831 0.592663 
vt 0.728428 0.578668 
vt 0.831323 0.272733 
vt 0.672972 0.932003 
vt 0.625841 0.974036 
vt 0.635265 0.791332 
vt 0.282246 0.589349 
vt 0.251893 0.603375 
vt 0.241955 0.585725 
vt 0.672972 0.932003 
vt 0.625841 0.974036 
vt 0.635265 0.791332 
vt 0.433029 0.493298 
vt 0.420795 0.506691 
vt 0.459349 0.520656 
vt 0.672972 0.932003 
vt 0.625841 0.974036 
vt 0.635265 0.791332 
vt 0.03346 0.667308 
vt 0.000251 0.63705 
vt 0.033116 0.640246 
vt 0.000251 0.63705 
vt 0.00442 0.611645 
vt 0.241955 0.585725 
vt 0.252792 0.54673 
vt 0.269327 0.566797 
vt 0.269327 0.566797 
vt 0.282246 0.589349 
vt 0.960873 0.609161 
vt 0.945474 0.775316 
vt 0.904328 0.772988 
vt 0.36079 0.459988 
vt 0.358631 0.423163 
vt 0.388465 0.418497 
vt 0.388465 0.418497 
vt 0.392683 0.454905 
vt 0.36079 0.459988 
vt 0.945474 0.775316 
vt 0.953717 0.933866 
vt 0.892962 0.90186 
vt 0.953717 0.933866 
vt 0.892962 0.90186 
vt 0.904328 0.772988 
vt 0.438361 0.324822 
vt 0.423918 0.306763 
vt 0.385038 0.32766 
vt 0.905831 0.592663 
vt 0.728428 0.578668 
vt 0.831323 0.272733 
vt 0.423918 0.306763 
vt 0.410761 0.288458 
vt 0.368072 0.313297 
vt 0.00442 0.611645 
vt 0.036414 0.620487 
vt 0.033116 0.640246 
vt 0.043173 0.601679 
vt 0.904328 0.772988 
vt 0.945474 0.775316 
vt 0.953717 0.933866 
vt 0.043173 0.601679 
vt 0.00442 0.611645 
vt 0.013386 0.587576 
vt 0.385038 0.32766 
vt 0.402966 0.340428 
vt 0.438361 0.324822 
vt 0.45981 0.278402 
vt 0.467458 0.298983 
vt 0.497177 0.293506 
vt 0.387522 0.070841 
vt 0.455998 0.061023 
vt 0.451858 0.255487 
vt 0.497177 0.271608 
vt 0.45981 0.278402 
vt 0.45981 0.278402 
vt 0.497177 0.293506 
vt 0.410761 0.288458 
vt 0.467458 0.298983 
vt 0.467458 0.298983 
vt 0.45981 0.278402 
vt 0.410761 0.288458 
vt 0.497177 0.293506 
vt 0.497177 0.271608 
vt 0.213687 0.556981 
vt 0.232965 0.529907 
vt 0.252792 0.54673 
vt 0.210588 0.516693 
vt 0.232965 0.529907 
vt 0.252792 0.54673 
vt 0.228994 0.57016 
vt 0.241955 0.585725 
vt 0.210588 0.516693 
vt 0.213687 0.556981 
vt 0.196229 0.54679 
vt 0.625841 0.974036 
vt 0.635265 0.791332 
vt 0.699786 0.786051 
vt 0.013386 0.587576 
vt 0.053125 0.584348 
vt 0.043173 0.601679 
vt 0.013386 0.587576 
vt 0.026258 0.565476 
vt 0.042677 0.545775 
vt 0.839316 0.159562 
vt 0.831323 0.272733 
vt 0.728428 0.578668 
vt 0.960873 0.609161 
vt 0.905831 0.592663 
vt 0.831323 0.272733 
vt 0.385038 0.32766 
vt 0.423918 0.306763 
vt 0.438361 0.324822 
vt 0.438361 0.324822 
vt 0.402966 0.340428 
vt 0.385038 0.32766 
vt 0.669165 0.585347 
vt 0.839316 0.159562 
vt 0.831323 0.272734 
vt 0.672972 0.932003 
vt 0.699786 0.786051 
vt 0.904329 0.772988 
vt 0.196229 0.54679 
vt 0.186115 0.50754 
vt 0.210588 0.516693 
vt 0.042677 0.545775 
vt 0.065953 0.569072 
vt 0.053125 0.584348 
vt 0.042677 0.545775 
vt 0.08127 0.556199 
vt 0.08127 0.556199 
vt 0.062377 0.529274 
vt 0.08461 0.516317 
vt 0.108939 0.507378 
vt 0.098626 0.546246 
vt 0.08461 0.516317 
vt 0.358631 0.423163 
vt 0.388465 0.418497 
vt 0.399725 0.383236 
vt 0.892962 0.90186 
vt 0.904329 0.772988 
vt 0.945474 0.775316 
vt 0.672972 0.932003 
vt 0.892962 0.90186 
vt 0.953717 0.933866 
vt 0.953717 0.933866 
vt 0.625841 0.974036 
vt 0.905831 0.592663 
vt 0.728428 0.578668 
vt 0.831323 0.272733 
vt 0.423918 0.306763 
vt 0.438361 0.324822 
vt 0.475015 0.318219 
vt 0.672972 0.932003 
vt 0.625841 0.974036 
vt 0.635265 0.791332 
vt 0.399725 0.383236 
vt 0.388465 0.418497 
vt 0.358631 0.423163 
vt 0.494556 0.569254 
vt 0.438685 0.568148 
vt 0.445131 0.551714 
vt 0.494556 0.587168 
vt 0.445131 0.551714 
vt 0.438685 0.568148 
vt 0.494556 0.569254 
vt 0.494556 0.587168 
vt 0.904329 0.772988 
vt 0.699786 0.786051 
vt 0.672972 0.932003 
vt 0.497177 0.293506 
vt 0.467458 0.298983 
vt 0.45981 0.278402 
vt 0.467458 0.298983 
vt 0.497177 0.314899 
vt 0.945474 0.775316 
vt 0.953717 0.933866 
vt 0.892962 0.90186 
vt 0.186115 0.50754 
vt 0.196229 0.54679 
vt 0.177257 0.539808 
vt 0.157444 0.536129 
vt 0.160418 0.502977 
vt 0.137324 0.53599 
vt 0.160418 0.502977 
vt 0.137324 0.53599 
vt 0.134494 0.502977 
vt 0.108939 0.507378 
vt 0.134494 0.502977 
vt 0.108939 0.507378 
vt 0.11749 0.539477 
vt 0.098626 0.546246 
vt 0.108939 0.507378 
vt 0.08127 0.556199 
vt 0.08461 0.516317 
vt 0.669165 0.585347 
vt 0.839316 0.159562 
vt 0.831323 0.272733 
vt 0.728428 0.578668 
vt 0.905831 0.592663 
vt 0.904329 0.772988 
vt 0.892962 0.90186 
vt 0.672972 0.932003 
vt 0.699786 0.786051 
vt 0.459349 0.520656 
vt 0.420795 0.506691 
vt 0.433029 0.493298 
vt 0.429785 0.454644 
vt 0.446149 0.473805 
vt 0.475015 0.318219 
vt 0.467458 0.298983 
vt 0.423918 0.306763 
vt 0.904329 0.772988 
vt 0.905831 0.592663 
vt 0.960873 0.609161 
vt 0.960873 0.609161 
vt 0.945474 0.775316 
vt 0.904329 0.772988 
vt 0.960873 0.609161 
vt 0.905831 0.592663 
vt 0.831323 0.272733 
vt 0.672972 0.932003 
vt 0.699786 0.786051 
vt 0.904329 0.772988 
vt 0.438361 0.324822 
vt 0.475015 0.318219 
vt 0.482674 0.337361 
vt 0.475015 0.318219 
vt 0.423918 0.306763 
vt 0.423918 0.306763 
vt 0.467458 0.298983 
vt 0.410761 0.288458 
vt 0.672972 0.932003 
vt 0.699786 0.786051 
vt 0.904329 0.772988 
vt 0.317092 0.708724 
vt 0.022141 0.989629 
vt 0.32296 0.928897 
vt 0.467458 0.298983 
vt 0.475015 0.318219 
vt 0.497177 0.314899 
vt 0.423653 0.354596 
vt 0.402966 0.340428 
vt 0.374344 0.377201 
vt 0.497177 0.314899 
vt 0.497177 0.293506 
vt 0.467458 0.298983 
vt 0.374344 0.377201 
vt 0.399725 0.383236 
vt 0.423653 0.354596 
vt 0.672972 0.932003 
vt 0.625841 0.974036 
vt 0.635265 0.791332 
vt 0.497177 0.314899 
vt 0.475015 0.318219 
vt 0.467458 0.298983 
vt 0.374344 0.377201 
vt 0.402966 0.340428 
vt 0.423653 0.354596 
vt 0.945474 0.775316 
vt 0.904329 0.772988 
vt 0.905831 0.592663 
vt 0.892962 0.90186 
vt 0.904328 0.772988 
vt 0.945474 0.775316 
vt 0.728428 0.578668 
vt 0.905831 0.592663 
vt 0.904329 0.772988 
vt 0.960873 0.609161 
vt 0.905831 0.592663 
vt 0.831323 0.272733 
vt 0.905831 0.592663 
vt 0.904329 0.772988 
vt 0.699786 0.786051 
vt 0.672972 0.932003 
vt 0.625841 0.974036 
vt 0.728428 0.578668 
vt 0.905831 0.592663 
vt 0.728428 0.578668 
vt 0.831323 0.272733 
vt 0.960873 0.609161 
vt 0.945474 0.775316 
vt 0.904329 0.772988 
vt 0.728428 0.578668 
vt 0.905831 0.592663 
vt 0.904328 0.772988 
vt 0.635265 0.791332 
vt 0.699786 0.786051 
vt 0.672972 0.932003 
vt 0.945474 0.775316 
vt 0.953717 0.933866 
vt 0.892962 0.90186 
vt 0.017067 0.753889 
vt 0.008911 0.556494 
vt 0.294709 0.50272 
vt 0.786139 0.132454 
vt 0.753369 0.106759 
vt 0.783372 0.117807 
vt 0.783372 0.117807 
vt 0.756759 0.086467 
vt 0.452654 0.343337 
vt 0.438361 0.324822 
vt 0.402966 0.340428 
vt 0.402966 0.340428 
vt 0.423653 0.354596 
vt 0.452654 0.343337 
vt 0.381952 0.479655 
vt 0.409379 0.470892 
vt 0.392683 0.454905 
vt 0.420077 0.417035 
vt 0.388465 0.418497 
vt 0.426676 0.390181 
vt 0.892962 0.90186 
vt 0.904329 0.772988 
vt 0.945474 0.775316 
vt 0.672972 0.932003 
vt 0.699786 0.786051 
vt 0.904329 0.772988 
vt 0.452654 0.343337 
vt 0.423653 0.354596 
vt 0.402966 0.340428 
vt 0.892962 0.90186 
vt 0.87816 0.843358 
vt 0.904329 0.772988 
vt 0.672972 0.932003 
vt 0.699786 0.786051 
vt 0.904329 0.772988 
vt 0.672972 0.932003 
vt 0.953717 0.933866 
vt 0.625841 0.974036 
vt 0.672972 0.932003 
vt 0.876322 0.873515 
vt 0.672972 0.932003 
vt 0.892962 0.90186 
vt 0.728428 0.578668 
vt 0.905831 0.592663 
vt 0.904329 0.772988 
vt 0.905831 0.592663 
vt 0.728428 0.578668 
vt 0.831323 0.272733 
vt 0.892962 0.90186 
vt 0.904329 0.772988 
vt 0.945474 0.775316 
vt 0.892962 0.90186 
vt 0.904328 0.772988 
vt 0.945474 0.775316 
vt 0.672972 0.932003 
vt 0.699786 0.786051 
vt 0.904329 0.772988 
vt 0.960873 0.609161 
vt 0.945474 0.775316 
vt 0.904329 0.772988 
vt 0.482674 0.337361 
vt 0.475015 0.318219 
vt 0.438361 0.324822 
vt 0.892962 0.90186 
vt 0.672972 0.932003 
vt 0.699786 0.786051 
vt 0.669165 0.585347 
vt 0.839316 0.159562 
vt 0.831323 0.272733 
vt 0.625841 0.974036 
vt 0.635265 0.791332 
vt 0.699786 0.786051 
vt 0.831323 0.272733 
vt 0.839316 0.159562 
vt 0.960873 0.609161 
vt 0.467451 0.484995 
vt 0.462955 0.505709 
vt 0.494556 0.5086 
vt 0.494556 0.5086 
vt 0.462955 0.505709 
vt 0.467451 0.484995 
vt 0.905831 0.592663 
vt 0.960873 0.609161 
vt 0.945474 0.775316 
vt 0.423653 0.354596 
vt 0.399725 0.383236 
vt 0.374344 0.377201 
vt 0.388465 0.418497 
vt 0.426676 0.390181 
vt 0.672972 0.932003 
vt 0.699786 0.786051 
vt 0.904329 0.772988 
vt 0.905831 0.592663 
vt 0.960873 0.609161 
vt 0.945474 0.775316 
vt 0.728428 0.578668 
vt 0.831323 0.272733 
vt 0.669165 0.585347 
vt 0.728428 0.578668 
vt 0.699786 0.786051 
vt 0.446149 0.473805 
vt 0.433029 0.493298 
vt 0.462955 0.505709 
vt 0.699786 0.786051 
vt 0.672972 0.932003 
vt 0.625841 0.974036 
vt 0.904329 0.772988 
vt 0.905831 0.592663 
vt 0.960873 0.609161 
vt 0.699786 0.786051 
vt 0.635265 0.791332 
vt 0.669165 0.585347 
vt 0.497177 0.336154 
vt 0.497177 0.314899 
vt 0.475015 0.318219 
vt 0.981952 0.154441 
vt 0.952678 0.134271 
vt 0.985376 0.134245 
vt 0.985641 0.106357 
vt 0.831323 0.272733 
vt 0.839316 0.159562 
vt 0.960873 0.609161 
vt 0.475015 0.318219 
vt 0.497177 0.314899 
vt 0.497177 0.336154 
vt 0.497177 0.336154 
vt 0.482674 0.337361 
vt 0.475015 0.318219 
vt 0.793551 0.160538 
vt 0.774125 0.19143 
vt 0.76399 0.173713 
vt 0.757095 0.154471 
vt 0.788611 0.146798 
vt 0.786139 0.132454 
vt 0.757095 0.154471 
vt 0.753748 0.1344 
vt 0.786139 0.132454 
vt 0.753369 0.106759 
vt 0.429785 0.454644 
vt 0.409379 0.470892 
vt 0.433029 0.493298 
vt 0.433029 0.493298 
vt 0.446149 0.473805 
vt 0.429785 0.454644 
vt 0.462955 0.505709 
vt 0.433029 0.493298 
vt 0.446149 0.473805 
vt 0.409379 0.470892 
vt 0.429785 0.454644 
vt 0.669165 0.585347 
vt 0.839316 0.159562 
vt 0.831323 0.272733 
vt 0.904329 0.772988 
vt 0.892962 0.90186 
vt 0.672972 0.932003 
vt 0.422603 0.444292 
vt 0.392683 0.454905 
vt 0.409379 0.470892 
vt 0.409379 0.470892 
vt 0.429785 0.454644 
vt 0.422603 0.444292 
vt 0.960873 0.609161 
vt 0.905831 0.592663 
vt 0.831323 0.272733 
vt 0.672972 0.932003 
vt 0.699786 0.786051 
vt 0.904329 0.772988 
vt 0.402966 0.340428 
vt 0.438361 0.324822 
vt 0.452654 0.343337 
vt 0.482674 0.337361 
vt 0.438361 0.324822 
vt 0.452654 0.343337 
vt 0.490972 0.35683 
vt 0.831323 0.272733 
vt 0.728428 0.578668 
vt 0.669165 0.585347 
vt 0.409379 0.470892 
vt 0.392683 0.454905 
vt 0.422603 0.444292 
vt 0.422603 0.444292 
vt 0.429785 0.454644 
vt 0.409379 0.470892 
vt 0.945474 0.775316 
vt 0.953717 0.933866 
vt 0.892962 0.90186 
vt 0.672972 0.932003 
vt 0.635265 0.791332 
vt 0.625841 0.974036 
vt 0.773827 0.049541 
vt 0.800818 0.068359 
vt 0.793538 0.081017 
vt 0.892962 0.90186 
vt 0.953717 0.933866 
vt 0.625841 0.974036 
vt 0.945474 0.775316 
vt 0.953717 0.933866 
vt 0.892962 0.90186 
vt 0.945474 0.775316 
vt 0.904329 0.772988 
vt 0.905831 0.592663 
vt 0.802552 0.020841 
vt 0.828759 0.04316 
vt 0.818003 0.050268 
vt 0.904329 0.772988 
vt 0.892962 0.90186 
vt 0.672972 0.932003 
vt 0.904329 0.772988 
vt 0.892962 0.90186 
vt 0.672972 0.932003 
vt 0.392683 0.454905 
vt 0.422603 0.444292 
vt 0.420077 0.417035 
vt 0.387522 0.070841 
vt 0.389292 0.05242 
vt 0.33901 0.063701 
vt 0.33901 0.063701 
vt 0.335529 0.090954 
vt 0.387522 0.070841 
vt 0.420077 0.417035 
vt 0.422603 0.444292 
vt 0.392683 0.454905 
vt 0.892962 0.90186 
vt 0.904329 0.772988 
vt 0.945474 0.775316 
vt 0.672972 0.932003 
vt 0.625841 0.974036 
vt 0.635265 0.791332 
vt 0.392683 0.454905 
vt 0.388465 0.418497 
vt 0.420077 0.417035 
vt 0.426676 0.390181 
vt 0.625841 0.974036 
vt 0.672972 0.932003 
vt 0.892962 0.90186 
vt 0.904329 0.772988 
vt 0.892962 0.90186 
vt 0.426676 0.390181 
vt 0.399725 0.383236 
vt 0.388465 0.418497 
vt 0.497177 0.357453 
vt 0.497177 0.336154 
vt 0.482674 0.337361 
vt 0.475015 0.318219 
vt 0.33901 0.063701 
vt 0.389292 0.05242 
vt 0.387522 0.070841 
vt 0.387522 0.070841 
vt 0.335529 0.090954 
vt 0.33901 0.063701 
vt 0.892962 0.90186 
vt 0.904329 0.772988 
vt 0.945474 0.775316 
vt 0.699786 0.786051 
vt 0.672972 0.932003 
vt 0.625841 0.974036 
vt 0.672972 0.932003 
vt 0.904329 0.772988 
vt 0.444713 0.370537 
vt 0.423653 0.354596 
vt 0.399725 0.383236 
vt 0.399725 0.383236 
vt 0.426676 0.390181 
vt 0.444713 0.370537 
vt 0.945474 0.775316 
vt 0.953717 0.933866 
vt 0.892962 0.90186 
vt 0.399725 0.383236 
vt 0.423653 0.354596 
vt 0.444713 0.370537 
vt 0.444713 0.370537 
vt 0.426676 0.390181 
vt 0.399725 0.383236 
vt 0.294709 0.50272 
vt 0.317092 0.708724 
vt 0.017068 0.753889 
vt 0.985641 0.106357 
vt 0.952678 0.134271 
vt 0.952769 0.107282 
vt 0.982233 0.086268 
vt 0.982233 0.086268 
vt 0.949045 0.089998 
vt 0.975269 0.067158 
vt 0.942799 0.075779 
vt 0.965084 0.049546 
vt 0.93568 0.065019 
vt 0.952 0.033966 
vt 0.942799 0.075779 
vt 0.93568 0.065019 
vt 0.869432 0.124834 
vt 0.942799 0.075779 
vt 0.952678 0.134271 
vt 0.948926 0.151525 
vt 0.981952 0.154441 
vt 0.948926 0.151525 
vt 0.975019 0.173697 
vt 0.942725 0.165777 
vt 0.964854 0.191424 
vt 0.942725 0.165777 
vt 0.951809 0.207084 
vt 0.935646 0.176571 
vt 0.964854 0.191424 
vt 0.935646 0.176571 
vt 0.928776 0.184412 
vt 0.92098 0.191337 
vt 0.936269 0.220211 
vt 0.869432 0.124834 
vt 0.910226 0.198483 
vt 0.918693 0.230411 
vt 0.936269 0.220211 
vt 0.92098 0.191337 
vt 0.89601 0.204765 
vt 0.89961 0.237375 
vt 0.878735 0.208576 
vt 0.879617 0.240909 
vt 0.859319 0.240909 
vt 0.860194 0.208578 
vt 0.839327 0.237377 
vt 0.842922 0.204772 
vt 0.820247 0.230412 
vt 0.467751 0.361911 
vt 0.452654 0.343337 
vt 0.423653 0.354596 
vt 0.423653 0.354596 
vt 0.444713 0.370537 
vt 0.467751 0.361911 
vt 0.423653 0.354596 
vt 0.452654 0.343337 
vt 0.467751 0.361911 
vt 0.444713 0.370537 
vt 0.423653 0.354596 
vt 0.625841 0.974036 
vt 0.672972 0.932003 
vt 0.892962 0.90186 
vt 0.699786 0.786051 
vt 0.672972 0.932003 
vt 0.625841 0.974036 
vt 0.699786 0.786051 
vt 0.904328 0.772988 
vt 0.892962 0.90186 
vt 0.945474 0.775316 
vt 0.904329 0.772988 
vt 0.905831 0.592663 
vt 0.635265 0.791332 
vt 0.699786 0.786051 
vt 0.672972 0.932003 
vt 0.452654 0.343337 
vt 0.467751 0.361911 
vt 0.490972 0.35683 
vt 0.635265 0.791332 
vt 0.699786 0.786051 
vt 0.672972 0.932003 
vt 0.625841 0.974036 
vt 0.635265 0.791332 
vt 0.699786 0.786051 
vt 0.490972 0.35683 
vt 0.467751 0.361911 
vt 0.452654 0.343337 
vt 0.904329 0.772988 
vt 0.699786 0.786051 
vt 0.728428 0.578668 
vt 0.482674 0.337361 
vt 0.497177 0.336154 
vt 0.497177 0.357453 
vt 0.482674 0.337361 
vt 0.490972 0.35683 
vt 0.497177 0.357453 
vt 0.672972 0.932003 
vt 0.625841 0.974036 
vt 0.635265 0.791332 
vt 0.672972 0.932003 
vt 0.892962 0.90186 
vt 0.953717 0.933866 
vt 0.625841 0.974036 
vt 0.672972 0.932003 
vt 0.905831 0.592663 
vt 0.904329 0.772988 
vt 0.699786 0.786051 
vt 0.82871 0.198496 
vt 0.802678 0.22021 
vt 0.802678 0.22021 
vt 0.817961 0.191359 
vt 0.787155 0.207083 
vt 0.810169 0.184444 
vt 0.774125 0.19143 
vt 0.800815 0.173218 
vt 0.793551 0.160538 
vt 0.788611 0.146798 
vt 0.786139 0.132454 
vt 0.783372 0.117807 
vt 0.788607 0.094737 
vt 0.783372 0.117807 
vt 0.756759 0.086467 
vt 0.793538 0.081017 
vt 0.76366 0.067234 
vt 0.773827 0.049541 
vt 0.800818 0.068359 
vt 0.810201 0.05716 
vt 0.818003 0.050268 
vt 0.828759 0.04316 
vt 0.802552 0.020841 
vt 0.820192 0.01069 
vt 0.842968 0.036919 
vt 0.839316 0.00375998 
vt 0.818003 0.050268 
vt 0.786934 0.033919 
vt 0.828759 0.04316 
vt 0.786934 0.033919 
vt 0.810201 0.05716 
vt 0.773827 0.049541 
vt 0.800818 0.068359 
vt 0.860229 0.03314 
vt 0.859341 0.000250995 
vt 0.879665 0.000265002 
vt 0.878752 0.033154 
vt 0.899682 0.00379801 
vt 0.896008 0.036953 
vt 0.910212 0.043206 
vt 0.918789 0.010746 
vt 0.910212 0.043206 
vt 0.936406 0.020903 
vt 0.936406 0.020903 
vt 0.920969 0.050318 
vt 0.928781 0.057211 
vt 0.952 0.033966 
vt 0.920969 0.050318 
vt 0.497177 0.422474 
vt 0.467451 0.484995 
vt 0.494556 0.484817 
vt 0.494556 0.5086 
vt 0.497177 0.422474 
vt 0.494556 0.484817 
vt 0.467451 0.484995 
vt 0.494556 0.484817 
vt 0.494556 0.5086 
vt 0.497177 0.422474 
vt 0.446149 0.473805 
vt 0.467451 0.484995 
vt 0.462955 0.505709 
vt 0.497177 0.422474 
vt 0.467451 0.484995 
vt 0.446149 0.473805 
vt 0.462955 0.505709 
vt 0.945474 0.775316 
vt 0.953717 0.933866 
vt 0.892962 0.90186 
vt 0.490972 0.35683 
vt 0.482674 0.337361 
vt 0.452654 0.343337 
vt 0.438361 0.324822 
vt 0.497177 0.422474 
vt 0.467751 0.361911 
vt 0.831323 0.272733 
vt 0.728428 0.578668 
vt 0.669165 0.585347 
vt 0.261098 0.15993 
vt 0.250738 0.199703 
vt 0.232904 0.203056 
vt 0.250738 0.199703 
vt 0.282766 0.400562 
vt 0.831323 0.272733 
vt 0.839316 0.159562 
vt 0.960873 0.609161 
vt 0.669165 0.585347 
vt 0.839316 0.159562 
vt 0.831323 0.272733 
vt 0.497177 0.422474 
vt 0.490972 0.35683 
vt 0.497177 0.357453 
vt 0.482674 0.337361 
vt 0.497177 0.422474 
vt 0.497177 0.357453 
vt 0.490972 0.35683 
vt 0.429785 0.454644 
vt 0.446149 0.473805 
vt 0.497177 0.422474 
vt 0.426676 0.390181 
vt 0.420077 0.417035 
vt 0.422603 0.444292 
vt 0.497177 0.422474 
vt 0.444713 0.370537 
vt 0.426676 0.390181 
vt 0.497177 0.422474 
vt 0.467751 0.361911 
vt 0.444713 0.370537 
vt 0.497177 0.422474 
vt 0.422603 0.444292 
vt 0.429785 0.454644 
vt 0.497177 0.422474 
vt 0.420077 0.417035 
vt 0.426676 0.390181 
vt 0.422603 0.444292 
vt 0.497177 0.422474 
vt 0.426676 0.390181 
vt 0.444713 0.370537 
vt 0.497177 0.422474 
vt 0.444713 0.370537 
vt 0.467751 0.361911 
vt 0.497177 0.422474 
vt 0.467751 0.361911 
vt 0.490972 0.35683 
vt 0.497177 0.422474 
vt 0.446149 0.473805 
vt 0.429785 0.454644 
vt 0.497177 0.422474 
vt 0.429785 0.454644 
vt 0.422603 0.444292 
vt 0.669165 0.585347 
vt 0.839316 0.159562 
vt 0.831323 0.272733 
vt 0.672972 0.932003 
vt 0.625841 0.974036 
vt 0.635265 0.791332 
vt 0.699786 0.786051 
vt 0.904329 0.772988 
vt 0.892962 0.90186 
vt 0.699786 0.786051 
vt 0.728428 0.578668 
vt 0.905831 0.592663 
vt 0.494556 0.524049 
vt 0.494556 0.5086 
vt 0.462955 0.505709 
vt 0.381952 0.479655 
vt 0.36079 0.459988 
vt 0.392683 0.454905 
vt 0.892962 0.90186 
vt 0.904329 0.772988 
vt 0.945474 0.775316 
vt 0.945474 0.775316 
vt 0.953717 0.933866 
vt 0.892962 0.90186 
vt 0.892962 0.90186 
vt 0.672972 0.932003 
vt 0.699786 0.786051 
vt 0.953717 0.933866 
vt 0.625841 0.974036 
vt 0.672972 0.932003 
vt 0.892962 0.90186 
vt 0.699786 0.786051 
vt 0.672972 0.932003 
vt 0.625841 0.974036 
vt 0.672972 0.932003 
vt 0.892962 0.90186 
vt 0.953717 0.933866 
vt 0.625841 0.974036 
vt 0.672972 0.932003 
vt 0.294709 0.50272 
vt 0.317092 0.708724 
vt 0.017068 0.753889 
vt 0.625841 0.974036 
vt 0.672972 0.932003 
vt 0.892962 0.90186 
vt 0.892962 0.90186 
vt 0.953717 0.933866 
vt 0.625841 0.974036 
vt 0.892962 0.90186 
vt 0.904329 0.772988 
vt 0.945474 0.775316 
vt 0.381952 0.479655 
vt 0.420795 0.506691 
vt 0.405376 0.521156 
vt 0.699786 0.786051 
vt 0.635265 0.791332 
vt 0.669165 0.585347 
vt 0.669165 0.585347 
vt 0.839316 0.159562 
vt 0.831323 0.272733 
vt 0.672972 0.932003 
vt 0.625841 0.974036 
vt 0.635265 0.791332 
vt 0.697421 0.027408 
vt 0.717665 0.066354 
vt 0.486984 0.158878 
vt 0.625841 0.974036 
vt 0.635265 0.791332 
vt 0.699786 0.786051 
vt 0.669165 0.585347 
vt 0.728428 0.578668 
vt 0.699786 0.786051 
vt 0.892962 0.90186 
vt 0.953717 0.933866 
vt 0.625841 0.974036 
vt 0.945474 0.775316 
vt 0.904329 0.772988 
vt 0.905831 0.592663 
vt 0.625841 0.974036 
vt 0.672972 0.932003 
vt 0.892962 0.90186 
vt 0.892962 0.90186 
vt 0.672972 0.932003 
vt 0.699786 0.786051 
vt 0.892962 0.90186 
vt 0.672972 0.932003 
vt 0.699786 0.786051 
vt 0.295534 0.502977 
vt 0.300459 0.507486 
vt 0.295534 0.746834 
vt 0.953717 0.933866 
vt 0.625841 0.974036 
vt 0.672972 0.932003 
vt 0.282766 0.400562 
vt 0.250738 0.199703 
vt 0.232904 0.203056 
vt 0.904329 0.772988 
vt 0.905831 0.592663 
vt 0.960873 0.609161 
vt 0.672972 0.932003 
vt 0.699786 0.786051 
vt 0.904329 0.772988 
vt 0.905831 0.592663 
vt 0.728428 0.578668 
vt 0.831323 0.272733 
vt 0.305879 0.741942 
vt 0.30096 0.746458 
vt 0.300961 0.502977 
vt 0.892962 0.90186 
vt 0.953717 0.933866 
vt 0.625841 0.974036 
vt 0.625841 0.974036 
vt 0.672972 0.932003 
vt 0.892962 0.90186 
vt 0.699786 0.786051 
vt 0.904329 0.772988 
vt 0.892962 0.90186 
vt 0.672972 0.932003 
vt 0.892962 0.90186 
vt 0.953717 0.933866 
vt 0.625841 0.974036 
vt 0.904329 0.772988 
vt 0.699786 0.786051 
vt 0.728428 0.578668 
vt 0.945474 0.775316 
vt 0.904329 0.772988 
vt 0.905831 0.592663 
vt 0.904329 0.772988 
vt 0.892962 0.90186 
vt 0.672972 0.932003 
vt 0.008911 0.556494 
vt 0.294709 0.50272 
vt 0.317092 0.708724 
vt 0.839316 0.159562 
vt 0.960873 0.609161 
vt 0.905831 0.592663 
vt 0.904329 0.772988 
vt 0.945474 0.775316 
vt 0.953717 0.933866 
vt 0.953717 0.933866 
vt 0.625841 0.974036 
vt 0.672972 0.932003 
vt 0.892962 0.90186 
vt 0.699786 0.786051 
vt 0.635265 0.791332 
vt 0.669165 0.585347 
vt 0.892962 0.90186 
vt 0.672972 0.932003 
vt 0.699786 0.786051 
vt 0.892962 0.90186 
vt 0.953717 0.933866 
vt 0.625841 0.974036 
vt 0.831323 0.272734 
vt 0.839316 0.159562 
vt 0.960873 0.609161 
vt 0.904329 0.772988 
vt 0.892962 0.90186 
vt 0.672972 0.932003 
vt 0.669165 0.585347 
vt 0.839316 0.159562 
vt 0.831323 0.272733 
vt 0.728428 0.578668 
vt 0.905831 0.592663 
vt 0.904329 0.772988 
vt 0.892962 0.90186 
vt 0.904329 0.772988 
vt 0.945474 0.775316 
vt 0.017068 0.753889 
vt 0.152392 0.963333 
vt 0.32296 0.928897 
vt 0.082778 0.92533 
vt 0.022141 0.989629 
vt 0.905831 0.592663 
vt 0.904329 0.772988 
vt 0.699786 0.786051 
vt 0.728428 0.578668 
vt 0.699786 0.786051 
vt 0.635265 0.791332 
vt 0.904329 0.772988 
vt 0.699786 0.786051 
vt 0.728428 0.578668 
vt 0.494556 0.524049 
vt 0.459349 0.520656 
vt 0.462955 0.505709 
vt 0.494556 0.5086 
vt 0.494556 0.524049 
vt 0.436379 0.588752 
vt 0.380602 0.576388 
vt 0.388076 0.548433 
vt 0.635265 0.791332 
vt 0.699786 0.786051 
vt 0.672972 0.932003 
vt 0.945474 0.775316 
vt 0.953717 0.933866 
vt 0.892962 0.90186 
vt 0.892962 0.90186 
vt 0.904329 0.772988 
vt 0.945474 0.775316 
vt 0.672972 0.932003 
vt 0.699786 0.786051 
vt 0.904329 0.772988 
vt 0.388076 0.548433 
vt 0.380602 0.576388 
vt 0.436379 0.588752 
vt 0.831323 0.272733 
vt 0.728428 0.578668 
vt 0.669165 0.585347 
vt 0.635265 0.791332 
vt 0.669165 0.585347 
vt 0.669165 0.585347 
vt 0.839316 0.159562 
vt 0.831323 0.272733 
vt 0.905831 0.592663 
vt 0.904329 0.772988 
vt 0.699786 0.786051 
vt 0.294709 0.50272 
vt 0.317092 0.708724 
vt 0.017068 0.753889 
vt 0.728428 0.578668 
vt 0.905831 0.592663 
vt 0.904329 0.772988 
vt 0.699786 0.786051 
vt 0.635265 0.791332 
vt 0.669165 0.585347 
vt 0.945474 0.775316 
vt 0.904329 0.772988 
vt 0.905831 0.592663 
vt 0.892962 0.90186 
vt 0.672972 0.932003 
vt 0.699786 0.786051 
vt 0.728428 0.578668 
vt 0.905831 0.592663 
vt 0.904329 0.772988 
vt 0.904329 0.772988 
vt 0.699786 0.786051 
vt 0.728428 0.578668 
vt 0.672972 0.932003 
vt 0.294709 0.50272 
vt 0.317092 0.708724 
vt 0.017068 0.753889 
vt 0.669165 0.585347 
vt 0.728428 0.578668 
vt 0.699786 0.786051 
vt 0.945474 0.775316 
vt 0.953717 0.933866 
vt 0.892962 0.90186 
vt 0.728428 0.578668 
vt 0.905831 0.592663 
vt 0.904329 0.772988 
vt 0.960873 0.609161 
vt 0.945474 0.775316 
vt 0.904329 0.772988 
vt 0.323922 0.517332 
vt 0.380602 0.576388 
vt 0.388076 0.548433 
vt 0.388076 0.548433 
vt 0.341038 0.513673 
vt 0.323922 0.517332 
vt 0.388076 0.548433 
vt 0.380602 0.576388 
vt 0.323922 0.517332 
vt 0.323922 0.517332 
vt 0.341038 0.513673 
vt 0.388076 0.548433 
vt 0.232904 0.203056 
vt 0.266223 0.403379 
vt 0.282766 0.400562 
vt 0.282766 0.400562 
vt 0.266223 0.403379 
vt 0.232904 0.203056 
vt 0.278103 0.456002 
vt 0.323922 0.517332 
vt 0.341038 0.513673 
vt 0.699786 0.786051 
vt 0.635265 0.791332 
vt 0.669165 0.585347 
vt 0.699786 0.786051 
vt 0.728428 0.578668 
vt 0.905831 0.592663 
vt 0.341038 0.513673 
vt 0.323922 0.517332 
vt 0.278103 0.456002 
vt 0.669165 0.585347 
vt 0.728428 0.578668 
vt 0.699786 0.786051 
vt 0.341038 0.513673 
vt 0.298173 0.45573 
vt 0.278103 0.456002 
vt 0.266223 0.403379 
vt 0.669165 0.585347 
vt 0.728428 0.578668 
vt 0.699786 0.786051 
vt 0.672972 0.932003 
vt 0.892962 0.90186 
vt 0.953717 0.933866 
vt 0.953717 0.933866 
vt 0.625841 0.974036 
vt 0.278103 0.456002 
vt 0.298173 0.45573 
vt 0.341038 0.513673 
vt 0.266223 0.403379 
vt 0.839316 0.159562 
vt 0.831323 0.272733 
vt 0.728428 0.578668 
vt 0.892962 0.90186 
vt 0.904329 0.772988 
vt 0.945474 0.775316 
vt 0.389292 0.05242 
vt 0.387522 0.070841 
vt 0.455998 0.061023 
vt 0.672972 0.932003 
vt 0.699786 0.786051 
vt 0.904329 0.772988 
vt 0.017068 0.753889 
vt 0.317092 0.708724 
vt 0.32296 0.928897 
vt 0.945474 0.775316 
vt 0.953717 0.933866 
vt 0.892962 0.90186 
vt 0.904329 0.772988 
vt 0.905831 0.592663 
vt 0.960873 0.609161 
vt 0.892962 0.90186 
vt 0.904329 0.772988 
vt 0.945474 0.775316 
vt 0.904329 0.772988 
vt 0.892962 0.90186 
vt 0.672972 0.932003 
vt 0.699786 0.786051 
vt 0.728428 0.578668 
vt 0.905831 0.592663 
vt 0.699786 0.786051 
vt 0.904329 0.772988 
vt 0.892962 0.90186 
vt 0.462955 0.505709 
vt 0.459349 0.520656 
vt 0.494556 0.524049 
vt 0.433029 0.493298 
vt 0.462955 0.505709 
vt 0.459349 0.520656 
vt 0.008911 0.556494 
vt 0.082598 0.138751 
vt 0.294709 0.50272 
vt 0.459349 0.520656 
vt 0.462955 0.505709 
vt 0.433029 0.493298 
vt 0.905831 0.592663 
vt 0.728428 0.578668 
vt 0.831323 0.272733 
vt 0.960873 0.609161 
vt 0.945474 0.775316 
vt 0.904329 0.772988 
vt 0.892962 0.90186 
vt 0.672972 0.932003 
vt 0.904329 0.772988 
vt 0.892962 0.90186 
vt 0.672972 0.932003 
vt 0.953717 0.933866 
vt 0.892962 0.90186 
vt 0.904329 0.772988 
vt 0.672972 0.932003 
vt 0.699786 0.786051 
vt 0.904329 0.772988 
vt 0.298173 0.45573 
vt 0.282766 0.400562 
vt 0.266223 0.403379 
vt 0.728428 0.578668 
vt 0.905831 0.592663 
vt 0.904329 0.772988 
vt 0.266223 0.403379 
vt 0.282766 0.400562 
vt 0.298173 0.45573 
vt 0.960873 0.609161 
vt 0.945474 0.775316 
vt 0.904329 0.772988 
vt 0.904329 0.772988 
vt 0.953717 0.933866 
vt 0.699786 0.786051 
vt 0.892962 0.90186 
vt 0.904329 0.772988 
vt 0.892962 0.90186 
vt 0.672972 0.932003 
vt 0.635265 0.791332 
vt 0.699786 0.786051 
vt 0.672972 0.932003 
vt 0.008911 0.556495 
vt 0.082598 0.138751 
vt 0.294709 0.50272 
vt 0.625841 0.974036 
vt 0.672972 0.932003 
vt 0.892962 0.90186 
vt 0.669165 0.585347 
vt 0.839316 0.159562 
vt 0.831323 0.272733 
vt 0.839316 0.159562 
vt 0.831323 0.272733 
vt 0.728428 0.578668 
vt 0.669165 0.585347 
vt 0.839316 0.159562 
vt 0.831323 0.272733 
vt 0.388076 0.548433 
vt 0.438685 0.568148 
vt 0.436379 0.588752 
vt 0.436379 0.588752 
vt 0.438685 0.568148 
vt 0.388076 0.548433 
vt 0.672972 0.932003 
vt 0.892962 0.90186 
vt 0.953717 0.933866 
vt 0.625841 0.974036 
vt 0.892962 0.90186 
vt 0.953717 0.933866 
vt 0.625841 0.974036 
vt 0.625841 0.974036 
vt 0.672972 0.932003 
vt 0.892962 0.90186 
vt 0.669165 0.585347 
vt 0.839316 0.159562 
vt 0.831323 0.272733 
vt 0.494556 0.587168 
vt 0.436379 0.588752 
vt 0.438685 0.568148 
vt 0.472439 0.502977 
vt 0.477031 0.510313 
vt 0.472439 0.510313 
vt 0.477031 0.502977 
vt 0.672972 0.932003 
vt 0.625841 0.974036 
vt 0.635265 0.791332 
vt 0.438685 0.568148 
vt 0.436379 0.588752 
vt 0.494556 0.587168 
vt 0.699786 0.786051 
vt 0.672972 0.932003 
vt 0.625841 0.974036 
vt 0.669165 0.585347 
vt 0.839316 0.159562 
vt 0.831323 0.272733 
vt 0.831323 0.272733 
vt 0.728428 0.578668 
vt 0.669165 0.585347 
vt 0.728428 0.578668 
vt 0.905831 0.592663 
vt 0.904329 0.772988 
vt 0.625841 0.974036 
vt 0.635265 0.791332 
vt 0.699786 0.786051 
vt 0.008911 0.556494 
vt 0.082598 0.138751 
vt 0.294709 0.50272 
vt 0.32296 0.928897 
vt 0.022141 0.989628 
vt 0.017068 0.753889 
vt 0.728428 0.578668 
vt 0.905831 0.592663 
vt 0.904329 0.772988 
vt 0.482124 0.510313 
vt 0.477532 0.510313 
vt 0.477532 0.502977 
vt 0.482124 0.502977 
vt 0.008911 0.556495 
vt 0.082598 0.138751 
vt 0.294709 0.50272 
vt 0.892962 0.90186 
vt 0.953717 0.933866 
vt 0.625841 0.974036 
vt 0.625841 0.974036 
vt 0.672972 0.932003 
vt 0.892962 0.90186 
vt 0.831323 0.272733 
vt 0.728428 0.578668 
vt 0.669165 0.585347 
vt 0.905831 0.592663 
vt 0.831323 0.272733 
vt 0.905831 0.592663 
vt 0.728428 0.578668 
vt 0.831323 0.272733 
vt 0.831323 0.272733 
vt 0.839316 0.159562 
vt 0.960873 0.609161 
vt 0.905831 0.592663 
vt 0.960873 0.609161 
vt 0.945474 0.775316 
vt 0.728428 0.578668 
vt 0.831323 0.272733 
vt 0.892962 0.90186 
vt 0.953717 0.933866 
vt 0.625841 0.974036 
vt 0.625841 0.974036 
vt 0.672972 0.932003 
vt 0.892962 0.90186 
vt 0.904329 0.772988 
vt 0.699786 0.786051 
vt 0.728428 0.578668 
vt 0.32296 0.928897 
vt 0.317092 0.708724 
vt 0.017067 0.753889 
vt 0.960873 0.609161 
vt 0.905831 0.592663 
vt 0.831323 0.272733 
vt 0.699786 0.786051 
vt 0.635265 0.791332 
vt 0.669165 0.585347 
vt 0.017068 0.753889 
vt 0.008911 0.556494 
vt 0.294709 0.50272 
vt 0.831323 0.272733 
vt 0.728428 0.578668 
vt 0.669165 0.585347 
vt 0.669165 0.585347 
vt 0.699786 0.786051 
vt 0.669165 0.585347 
vt 0.728428 0.578668 
vt 0.699786 0.786051 
vt 0.672972 0.932003 
vt 0.892962 0.90186 
vt 0.953717 0.933866 
vt 0.625841 0.974036 
vt 0.017068 0.753889 
vt 0.008911 0.556495 
vt 0.294709 0.50272 
vt 0.905831 0.592663 
vt 0.960873 0.609161 
vt 0.945474 0.775316 
vt 0.022141 0.989629 
vt 0.017068 0.753889 
vt 0.317092 0.708724 
vt 0.691922 0.333593 
vt 0.667753 0.35149 
vt 0.486984 0.158878 
vt 0.671701 0.000250995 
vt 0.697421 0.027408 
vt 0.960873 0.609161 
vt 0.905831 0.592663 
vt 0.831323 0.272733 
vt 0.728428 0.578668 
vt 0.699786 0.786051 
vt 0.635265 0.791332 
vt 0.699786 0.786051 
vt 0.672972 0.932003 
vt 0.625841 0.974036 
vt 0.669165 0.585347 
vt 0.839316 0.159562 
vt 0.831323 0.272733 
vt 0.635265 0.791332 
vt 0.699786 0.786051 
vt 0.672972 0.932003 
vt 0.831323 0.272733 
vt 0.728428 0.578668 
vt 0.669165 0.585347 
vt 0.32296 0.928897 
vt 0.022141 0.989628 
vt 0.017067 0.753889 
vt 0.831323 0.272733 
vt 0.728428 0.578668 
vt 0.669165 0.585347 
vt 0.008911 0.556495 
vt 0.294709 0.50272 
vt 0.317092 0.708724 
vt 0.017067 0.753889 
vt 0.317092 0.708724 
vt 0.32296 0.928897 
vt 0.904329 0.772988 
vt 0.892962 0.90186 
vt 0.672972 0.932003 
vt 0.625841 0.974036 
vt 0.892962 0.90186 
vt 0.904329 0.772988 
vt 0.699786 0.786051 
vt 0.728428 0.578668 
vt 0.839316 0.159562 
vt 0.960873 0.609161 
vt 0.905831 0.592663 
vt 0.008911 0.556495 
vt 0.082598 0.138751 
vt 0.294709 0.50272 
vt 0.625841 0.974036 
vt 0.635265 0.791332 
vt 0.699786 0.786051 
vt 0.32296 0.928897 
vt 0.022141 0.989628 
vt 0.017068 0.753889 
vt 0.672972 0.932003 
vt 0.699786 0.786051 
vt 0.904329 0.772988 
vt 0.905831 0.592663 
vt 0.960873 0.609161 
vt 0.945474 0.775316 
vt 0.892962 0.90186 
vt 0.953717 0.933866 
vt 0.625841 0.974036 
vt 0.625841 0.974036 
vt 0.672972 0.932003 
vt 0.892962 0.90186 
vt 0.017068 0.753889 
vt 0.317092 0.708724 
vt 0.32296 0.928897 
vt 0.008911 0.556495 
vt 0.294709 0.50272 
vt 0.317092 0.708724 
vt 0.728428 0.578668 
vt 0.669165 0.585347 
vt 0.839316 0.159562 
vt 0.699786 0.786051 
vt 0.672972 0.932003 
vt 0.625841 0.974036 
vt 0.32296 0.928897 
vt 0.022141 0.989629 
vt 0.017068 0.753889 
vt 0.728428 0.578668 
vt 0.669165 0.585347 
vt 0.839316 0.159562 
vt 0.008911 0.556495 
vt 0.082598 0.138751 
vt 0.294709 0.50272 
vt 0.904329 0.772988 
vt 0.699786 0.786051 
vt 0.728428 0.578668 
vt 0.904329 0.772988 
vt 0.699786 0.786051 
vt 0.728428 0.578668 
vt 0.294709 0.50272 
vt 0.317092 0.708724 
vt 0.017067 0.753889 
vt 0.317092 0.708724 
vt 0.294709 0.50272 
vt 0.008911 0.556495 
vt 0.008911 0.556495 
vt 0.082598 0.138751 
vt 0.294709 0.50272 
vt 0.75067 0.170747 
vt 0.752868 0.200741 
vt 0.486984 0.158878 
vt 0.892962 0.90186 
vt 0.953717 0.933866 
vt 0.625841 0.974036 
vt 0.625841 0.974036 
vt 0.672972 0.932003 
vt 0.892962 0.90186 
vt 0.839316 0.159562 
vt 0.831323 0.272733 
vt 0.905831 0.592663 
vt 0.625841 0.974036 
vt 0.672972 0.932003 
vt 0.892962 0.90186 
vt 0.892962 0.90186 
vt 0.953717 0.933866 
vt 0.625841 0.974036 
vt 0.017068 0.753889 
vt 0.008911 0.556495 
vt 0.294709 0.50272 
vt 0.317092 0.708724 
vt 0.017068 0.753889 
vt 0.008911 0.556495 
vt 0.752868 0.200741 
vt 0.750034 0.230681 
vt 0.486984 0.158878 
vt 0.750034 0.230681 
vt 0.74224 0.259727 
vt 0.486984 0.158878 
vt 0.7297 0.287062 
vt 0.7297 0.287062 
vt 0.712768 0.311916 
vt 0.625841 0.974036 
vt 0.635265 0.791332 
vt 0.699786 0.786051 
vt 0.294709 0.50272 
vt 0.317092 0.708724 
vt 0.017068 0.753889 
vt 0.699786 0.786051 
vt 0.635265 0.791332 
vt 0.669165 0.585347 
vt 0.317092 0.708724 
vt 0.017068 0.753889 
vt 0.008911 0.556495 
vt 0.73256 0.101387 
vt 0.743931 0.138594 
vt 0.486984 0.158878 
vt 0.75067 0.170747 
vt 0.486984 0.158878 
vt 0.712768 0.311916 
vt 0.691922 0.333593 
vt 0.486984 0.158878 
vt 0.667753 0.35149 
vt 0.638982 0.367349 
vt 0.486984 0.158878 
vt 0.905831 0.592663 
vt 0.728428 0.578668 
vt 0.831323 0.272733 
vt 0.699786 0.786051 
vt 0.672972 0.932003 
vt 0.625841 0.974036 
vt 0.672972 0.932003 
vt 0.892962 0.90186 
vt 0.953717 0.933866 
vt 0.008911 0.556495 
vt 0.017067 0.753889 
vt 0.317092 0.708724 
vt 0.839316 0.159562 
vt 0.831323 0.272733 
vt 0.728428 0.578668 
vt 0.430782 0.518166 
vt 0.456262 0.502977 
vt 0.456262 0.741993 
vt 0.699786 0.786051 
vt 0.672972 0.932003 
vt 0.625841 0.974036 
vt 0.635265 0.791332 
vt 0.699786 0.786051 
vt 0.672972 0.932003 
vt 0.317092 0.708724 
vt 0.017067 0.753889 
vt 0.008911 0.556494 
vt 0.32296 0.928897 
vt 0.022141 0.989629 
vt 0.017068 0.753889 
vt 0.504869 0.44703 
vt 0.593808 0.516857 
vt 0.629635 0.484172 
vt 0.625841 0.974036 
vt 0.672972 0.932003 
vt 0.699786 0.786051 
vt 0.30638 0.502977 
vt 0.331868 0.518153 
vt 0.30638 0.742376 
vt 0.32296 0.928897 
vt 0.022141 0.989628 
vt 0.017067 0.753889 
vt 0.953717 0.933866 
vt 0.892962 0.90186 
vt 0.904329 0.772988 
vt 0.017068 0.753889 
vt 0.317092 0.708724 
vt 0.32296 0.928897 
vt 0.638982 0.367349 
vt 0.603355 0.38298 
vt 0.486984 0.158878 
vt 0.545651 0.52168 
vt 0.563473 0.542598 
vt 0.627569 0.536828 
vt 0.017067 0.753889 
vt 0.317092 0.708724 
vt 0.32296 0.928897 
vt 0.892962 0.90186 
vt 0.625841 0.974036 
vt 0.953717 0.933866 
vt 0.567078 0.394519 
vt 0.524344 0.404541 
vt 0.486984 0.158878 
vt 0.524344 0.404541 
vt 0.486984 0.402736 
vt 0.486984 0.158878 
vt 0.717665 0.066354 
vt 0.73256 0.101387 
vt 0.486984 0.158878 
vt 0.905831 0.592663 
vt 0.831323 0.272733 
vt 0.839316 0.159562 
vt 0.945474 0.775316 
vt 0.892962 0.90186 
vt 0.953717 0.933866 
vt 0.953717 0.933866 
vt 0.892962 0.90186 
vt 0.904329 0.772988 
vt 0.669165 0.585347 
vt 0.728428 0.578668 
vt 0.699786 0.786051 
vt 0.728428 0.578668 
vt 0.669165 0.585347 
vt 0.635265 0.791332 
vt 0.669165 0.585347 
vt 0.728428 0.578668 
vt 0.699786 0.786051 
vt 0.728428 0.578668 
vt 0.699786 0.786051 
vt 0.635265 0.791332 
vt 0.625841 0.974036 
vt 0.699786 0.786051 
vt 0.672972 0.932003 
vt 0.625841 0.974036 
vt 0.635265 0.791332 
vt 0.008911 0.556495 
vt 0.294709 0.50272 
vt 0.317092 0.708724 
vt 0.504869 0.44703 
vt 0.534421 0.336372 
vt 0.504869 0.337673 
vt 0.945474 0.775316 
vt 0.960873 0.609161 
vt 0.905831 0.592663 
vt 0.504869 0.44703 
vt 0.534421 0.336372 
vt 0.569287 0.342567 
vt 0.502248 0.554092 
vt 0.563473 0.542598 
vt 0.545651 0.52168 
vt 0.626104 0.041658 
vt 0.656317 0.07712 
vt 0.598935 0.055246 
vt 0.603355 0.38298 
vt 0.567078 0.394519 
vt 0.486984 0.158878 
vt 0.504869 0.44703 
vt 0.504869 0.337673 
vt 0.534421 0.336372 
vt 0.539449 0.299396 
vt 0.504869 0.301234 
vt 0.539449 0.299396 
vt 0.504869 0.44703 
vt 0.502248 0.530901 
vt 0.545651 0.52168 
vt 0.728428 0.578668 
vt 0.669165 0.585347 
vt 0.839316 0.159562 
vt 0.504869 0.44703 
vt 0.569287 0.342567 
vt 0.60218 0.357253 
vt 0.905831 0.592663 
vt 0.960873 0.609161 
vt 0.945474 0.775316 
vt 0.699786 0.786051 
vt 0.635265 0.791332 
vt 0.625841 0.974036 
vt 0.699786 0.786051 
vt 0.728428 0.578668 
vt 0.598935 0.055246 
vt 0.656317 0.07712 
vt 0.626104 0.041658 
vt 0.504869 0.44703 
vt 0.569287 0.342567 
vt 0.534421 0.336372 
vt 0.584788 0.306223 
vt 0.60218 0.357253 
vt 0.404618 0.534033 
vt 0.430782 0.518166 
vt 0.456262 0.741993 
vt 0.504869 0.44703 
vt 0.630877 0.381144 
vt 0.647777 0.413752 
vt 0.629635 0.484172 
vt 0.593808 0.516857 
vt 0.017068 0.753889 
vt 0.317092 0.708724 
vt 0.32296 0.928897 
vt 0.504869 0.44703 
vt 0.60218 0.357253 
vt 0.630877 0.381144 
vt 0.504869 0.44703 
vt 0.60218 0.357253 
vt 0.569287 0.342567 
vt 0.584788 0.306223 
vt 0.539449 0.299396 
vt 0.543795 0.257921 
vt 0.728428 0.578668 
vt 0.699786 0.786051 
vt 0.635265 0.791332 
vt 0.625841 0.974036 
vt 0.699786 0.786051 
vt 0.017068 0.753889 
vt 0.008911 0.556495 
vt 0.294709 0.50272 
vt 0.017068 0.753889 
vt 0.317092 0.708724 
vt 0.32296 0.928897 
vt 0.331868 0.518153 
vt 0.358033 0.534018 
vt 0.30638 0.742376 
vt 0.504869 0.44703 
vt 0.647777 0.413752 
vt 0.630877 0.381144 
vt 0.839316 0.159562 
vt 0.831323 0.272733 
vt 0.905831 0.592663 
vt 0.504869 0.44703 
vt 0.630877 0.381144 
vt 0.60218 0.357253 
vt 0.629571 0.325741 
vt 0.60218 0.357253 
vt 0.008911 0.556495 
vt 0.082598 0.138751 
vt 0.294709 0.50272 
vt 0.317092 0.708724 
vt 0.017068 0.753889 
vt 0.008911 0.556495 
vt 0.839316 0.159562 
vt 0.831323 0.272733 
vt 0.728428 0.578668 
vt 0.699786 0.786051 
vt 0.672972 0.932003 
vt 0.625841 0.974036 
vt 0.905831 0.592663 
vt 0.831323 0.272733 
vt 0.839316 0.159562 
vt 0.381575 0.552664 
vt 0.404618 0.534033 
vt 0.456262 0.741993 
vt 0.504869 0.44703 
vt 0.646414 0.446992 
vt 0.629635 0.484172 
vt 0.647777 0.413752 
vt 0.669165 0.585347 
vt 0.728428 0.578668 
vt 0.699786 0.786051 
vt 0.502248 0.530901 
vt 0.504869 0.44703 
vt 0.545651 0.52168 
vt 0.625841 0.974036 
vt 0.635265 0.791332 
vt 0.699786 0.786051 
vt 0.504869 0.44703 
vt 0.629635 0.484172 
vt 0.646414 0.446992 
vt 0.647777 0.413752 
vt 0.504869 0.44703 
vt 0.593808 0.516857 
vt 0.545651 0.52168 
vt 0.635265 0.791332 
vt 0.669165 0.585347 
vt 0.728428 0.578668 
vt 0.317092 0.708724 
vt 0.294709 0.50272 
vt 0.008911 0.556495 
vt 0.317092 0.708724 
vt 0.32296 0.928897 
vt 0.022141 0.989628 
vt 0.32296 0.928897 
vt 0.022141 0.989629 
vt 0.017068 0.753889 
vt 0.534421 0.336372 
vt 0.539449 0.299396 
vt 0.584788 0.306223 
vt 0.728428 0.578668 
vt 0.831323 0.272733 
vt 0.839316 0.159562 
vt 0.539449 0.299396 
vt 0.534421 0.336372 
vt 0.569287 0.342567 
vt 0.504869 0.44703 
vt 0.545651 0.52168 
vt 0.593808 0.516857 
vt 0.358033 0.534018 
vt 0.381074 0.552652 
vt 0.30638 0.742376 
vt 0.635265 0.791332 
vt 0.669165 0.585347 
vt 0.728428 0.578668 
vt 0.635265 0.791332 
vt 0.669165 0.585347 
vt 0.728428 0.578668 
vt 0.728428 0.578668 
vt 0.839316 0.159562 
vt 0.017068 0.753889 
vt 0.008911 0.556494 
vt 0.294709 0.50272 
vt 0.008911 0.556495 
vt 0.082598 0.138751 
vt 0.294709 0.50272 
vt 0.904329 0.772988 
vt 0.945474 0.775316 
vt 0.953717 0.933866 
vt 0.534421 0.336372 
vt 0.539449 0.299396 
vt 0.504869 0.301234 
vt 0.504869 0.260558 
vt 0.539449 0.299396 
vt 0.504869 0.301234 
vt 0.504869 0.337673 
vt 0.32296 0.928897 
vt 0.317092 0.708724 
vt 0.017067 0.75389 
vt 0.60218 0.357253 
vt 0.629571 0.325741 
vt 0.584788 0.306223 
vt 0.017068 0.753889 
vt 0.317092 0.708724 
vt 0.32296 0.928897 
vt 0.629571 0.325741 
vt 0.60218 0.357253 
vt 0.569287 0.342567 
vt 0.584788 0.306223 
vt 0.534421 0.336372 
vt 0.569287 0.342567 
vt 0.584788 0.306223 
vt 0.59918 0.268635 
vt 0.65593 0.288839 
vt 0.629571 0.325741 
vt 0.667014 0.354561 
vt 0.630877 0.381144 
vt 0.682049 0.390507 
vt 0.022141 0.989629 
vt 0.017068 0.753889 
vt 0.317092 0.708724 
vt 0.32296 0.928897 
vt 0.022141 0.989629 
vt 0.017068 0.753889 
vt 0.905831 0.592663 
vt 0.960873 0.609161 
vt 0.839316 0.159562 
vt 0.905831 0.592663 
vt 0.831323 0.272733 
vt 0.839316 0.159562 
vt 0.32296 0.928897 
vt 0.317092 0.708724 
vt 0.017067 0.753889 
vt 0 0 
vt 0 0 
vt 0 0 
vt 0 0 
vt 0.666846 0.791782 
vt 0.69581 0.783688 
vt 0.69581 0.999749 
vt 0.54046 0.870833 
vt 0.562588 0.850467 
vt 0.839316 0.159562 
vt 0.960873 0.609161 
vt 0.905831 0.592663 
vt 0.008911 0.556495 
vt 0.294709 0.50272 
vt 0.317092 0.708724 
vt 0.635265 0.791332 
vt 0.699786 0.786051 
vt 0.672972 0.932003 
vt 0.905831 0.592663 
vt 0.831323 0.272733 
vt 0.839316 0.159562 
vt 0.667014 0.354561 
vt 0.630877 0.381144 
vt 0.60218 0.357253 
vt 0.953717 0.933866 
vt 0.945474 0.775316 
vt 0.904329 0.772988 
vt 0.904329 0.772988 
vt 0.892962 0.90186 
vt 0.953717 0.933866 
vt 0.892962 0.90186 
vt 0.945474 0.775316 
vt 0.904328 0.772988 
vt 0.32296 0.928897 
vt 0.022141 0.989629 
vt 0.017068 0.753889 
vt 0.317092 0.708724 
vt 0.017068 0.753889 
vt 0.008911 0.556495 
vt 0.630877 0.381144 
vt 0.667014 0.354561 
vt 0.629571 0.325741 
vt 0.892962 0.90186 
vt 0.953717 0.933866 
vt 0.625841 0.974036 
vt 0.017068 0.753889 
vt 0.008911 0.556495 
vt 0.294709 0.50272 
vt 0.008911 0.556494 
vt 0.082598 0.138751 
vt 0.294709 0.50272 
vt 0.953717 0.933866 
vt 0.892962 0.90186 
vt 0.904329 0.772988 
vt 0.543795 0.257921 
vt 0.539449 0.299396 
vt 0.504869 0.301234 
vt 0.635265 0.791332 
vt 0.669165 0.585347 
vt 0.728428 0.578668 
vt 0.062179 0.130021 
vt 0.024795 0.141357 
vt 0.043956 0.111662 
vt 0.699786 0.786051 
vt 0.635265 0.791332 
vt 0.669165 0.585347 
vt 0.699786 0.786051 
vt 0.635265 0.791332 
vt 0.625841 0.974036 
vt 0.486984 0.943144 
vt 0.502414 0.91733 
vt 0.69581 0.999749 
vt 0.043956 0.111662 
vt 0.082646 0.110178 
vt 0.062179 0.130021 
vt 0.011895 0.173272 
vt 0.028445 0.206881 
vt 0.00372 0.20591 
vt 0.027512 0.234594 
vt 0.028445 0.206881 
vt 0.682049 0.390507 
vt 0.647777 0.413752 
vt 0.630877 0.381144 
vt 0.008911 0.556495 
vt 0.082598 0.138751 
vt 0.294709 0.50272 
vt 0.017068 0.753889 
vt 0.317092 0.708724 
vt 0.32296 0.928897 
vt 0.839316 0.159562 
vt 0.669165 0.585347 
vt 0.728428 0.578668 
vt 0.638823 0.802699 
vt 0.666846 0.791782 
vt 0.69581 0.999749 
vt 0.667014 0.354561 
vt 0.630877 0.381144 
vt 0.647777 0.413752 
vt 0.59918 0.268635 
vt 0.584788 0.306223 
vt 0.539449 0.299396 
vt 0.539449 0.299396 
vt 0.543795 0.257921 
vt 0.59918 0.268635 
vt 0.32296 0.928897 
vt 0.317092 0.708724 
vt 0.017067 0.753889 
vt 0.901728 0.837966 
vt 0.863758 0.821859 
vt 0.901727 0.621905 
vt 0.504869 0.301234 
vt 0.504869 0.260558 
vt 0.543795 0.257921 
vt 0.543363 0.046227 
vt 0.504869 0.260558 
vt 0.504869 0.260558 
vt 0.504869 0.047717 
vt 0.905831 0.592663 
vt 0.831323 0.272733 
vt 0.839316 0.159562 
vt 0.584788 0.306223 
vt 0.59918 0.268635 
vt 0.543795 0.257921 
vt 0.699786 0.786051 
vt 0.635265 0.791332 
vt 0.669165 0.585347 
vt 0.539449 0.299396 
vt 0.543795 0.257921 
vt 0.504869 0.260558 
vt 0.543363 0.046227 
vt 0.504869 0.047717 
vt 0.504869 0.260558 
vt 0.839316 0.159562 
vt 0.960873 0.609161 
vt 0.905831 0.592663 
vt 0.502414 0.91733 
vt 0.520324 0.893171 
vt 0.69581 0.999749 
vt 0.839316 0.159562 
vt 0.831323 0.272733 
vt 0.905831 0.592663 
vt 0.294709 0.50272 
vt 0.317092 0.708724 
vt 0.017067 0.753889 
vt 0.699786 0.786051 
vt 0.672972 0.932003 
vt 0.625841 0.974036 
vt 0.317092 0.708724 
vt 0.017067 0.753889 
vt 0.022141 0.989629 
vt 0.901757 0.605367 
vt 0.863758 0.621404 
vt 0.863758 0.405042 
vt 0.905831 0.592663 
vt 0.960873 0.609161 
vt 0.945474 0.775316 
vt 0.61197 0.816239 
vt 0.638823 0.802699 
vt 0.69581 0.999749 
vt 0.586492 0.832218 
vt 0.61197 0.816239 
vt 0.839316 0.159562 
vt 0.831323 0.272733 
vt 0.728428 0.578668 
vt 0.317092 0.708724 
vt 0.32296 0.928897 
vt 0.022141 0.989628 
vt 0.905831 0.592663 
vt 0.831323 0.272733 
vt 0.839316 0.159562 
vt 0.904329 0.772988 
vt 0.892962 0.90186 
vt 0.953717 0.933866 
vt 0.680491 0.429438 
vt 0.646414 0.446992 
vt 0.647777 0.413752 
vt 0.520324 0.893171 
vt 0.54046 0.870833 
vt 0.69581 0.999749 
vt 0.647777 0.413752 
vt 0.682049 0.390507 
vt 0.667014 0.354561 
vt 0.65593 0.288839 
vt 0.629571 0.325741 
vt 0.682049 0.390507 
vt 0.646414 0.446992 
vt 0.635265 0.791332 
vt 0.669165 0.585347 
vt 0.728428 0.578668 
vt 0.017067 0.753889 
vt 0.317092 0.708724 
vt 0.32296 0.928897 
vt 0.545651 0.52168 
vt 0.502248 0.530901 
vt 0.502248 0.554092 
vt 0.017067 0.753889 
vt 0.008911 0.556495 
vt 0.294709 0.50272 
vt 0.728428 0.578668 
vt 0.831323 0.272733 
vt 0.839316 0.159562 
vt 0.65593 0.288839 
vt 0.629571 0.325741 
vt 0.584788 0.306223 
vt 0.543795 0.257921 
vt 0.543363 0.046227 
vt 0.598935 0.055246 
vt 0.598935 0.055246 
vt 0.59918 0.268635 
vt 0.543795 0.257921 
vt 0.646414 0.446992 
vt 0.680491 0.429438 
vt 0.682049 0.390507 
vt 0.562588 0.850467 
vt 0.586492 0.832218 
vt 0.69581 0.999749 
vt 0.953717 0.933866 
vt 0.892962 0.90186 
vt 0.904329 0.772988 
vt 0.647777 0.413752 
vt 0.682049 0.390507 
vt 0.680491 0.429438 
vt 0.646414 0.446992 
vt 0.662085 0.481785 
vt 0.905831 0.592663 
vt 0.904329 0.772988 
vt 0.945474 0.775316 
vt 0.953717 0.933866 
vt 0.904329 0.772988 
vt 0.945474 0.775316 
vt 0.960873 0.609161 
vt 0.905831 0.592663 
vt 0.543795 0.257921 
vt 0.59918 0.268635 
vt 0.598935 0.055246 
vt 0.598935 0.055246 
vt 0.543363 0.046227 
vt 0.543795 0.257921 
vt 0.629571 0.325741 
vt 0.65593 0.288839 
vt 0.59918 0.268635 
vt 0.59918 0.268635 
vt 0.584788 0.306223 
vt 0.629571 0.325741 
vt 0.699786 0.786051 
vt 0.635265 0.791332 
vt 0.669165 0.585347 
vt 0.953717 0.933866 
vt 0.892962 0.90186 
vt 0.904329 0.772988 
vt 0.317092 0.708724 
vt 0.32296 0.928897 
vt 0.022141 0.989629 
vt 0.905831 0.592663 
vt 0.904329 0.772988 
vt 0.945474 0.775316 
vt 0.904329 0.772988 
vt 0.945474 0.775316 
vt 0.953717 0.933866 
vt 0.904329 0.772988 
vt 0.905831 0.592663 
vt 0.699786 0.786051 
vt 0.635265 0.791332 
vt 0.669165 0.585347 
vt 0.625841 0.974036 
vt 0.635265 0.791332 
vt 0.699786 0.786051 
vt 0.728428 0.578668 
vt 0.699786 0.786051 
vt 0.905831 0.592663 
vt 0.960873 0.609161 
vt 0.945474 0.775316 
vt 0.317092 0.708724 
vt 0.017067 0.753889 
vt 0.022141 0.989629 
vt 0.839316 0.159562 
vt 0.831323 0.272733 
vt 0.728428 0.578668 
vt 0.945474 0.775316 
vt 0.904329 0.772988 
vt 0.905831 0.592663 
vt 0.017068 0.753889 
vt 0.317092 0.708724 
vt 0.32296 0.928897 
vt 0.662085 0.481785 
vt 0.629635 0.484172 
vt 0.646414 0.446992 
vt 0.317092 0.708724 
vt 0.294709 0.50272 
vt 0.008911 0.556495 
vt 0.32296 0.928897 
vt 0.317092 0.708724 
vt 0.017067 0.75389 
vt 0.635265 0.791332 
vt 0.699786 0.786051 
vt 0.672972 0.932003 
vt 0.294709 0.50272 
vt 0.082598 0.138751 
vt 0.008911 0.556495 
vt 0.680491 0.429438 
vt 0.646414 0.446992 
vt 0.629635 0.484172 
vt 0.656317 0.07712 
vt 0.65593 0.288839 
vt 0.59918 0.268635 
vt 0.017067 0.75389 
vt 0.022141 0.989629 
vt 0.32296 0.928897 
vt 0.905831 0.592663 
vt 0.960873 0.609161 
vt 0.839316 0.159562 
vt 0.022141 0.989628 
vt 0.017067 0.753889 
vt 0.317092 0.708724 
vt 0.32296 0.928897 
vt 0.317092 0.708724 
vt 0.017067 0.75389 
vt 0.904329 0.772988 
vt 0.945474 0.775316 
vt 0.953717 0.933866 
vt 0.904329 0.772988 
vt 0.905831 0.592663 
vt 0.034665 0.179658 
vt 0.024795 0.141357 
vt 0.046123 0.153823 
vt 0.024795 0.141357 
vt 0.034665 0.179658 
vt 0.011895 0.173272 
vt 0.59918 0.268635 
vt 0.598935 0.055246 
vt 0.656317 0.07712 
vt 0.587632 0.025972 
vt 0.626104 0.041658 
vt 0.693324 0.313495 
vt 0.667014 0.354561 
vt 0.629571 0.325741 
vt 0.36079 0.459988 
vt 0.381952 0.479655 
vt 0.36485 0.49948 
vt 0.629635 0.484172 
vt 0.662085 0.481785 
vt 0.680491 0.429438 
vt 0.627569 0.536828 
vt 0.629635 0.484172 
vt 0.59918 0.268635 
vt 0.65593 0.288839 
vt 0.656317 0.07712 
vt 0.209453 0.095891 
vt 0.239006 0.00594801 
vt 0.302014 0.000250995 
vt 0.024795 0.141357 
vt 0.062179 0.130021 
vt 0.046123 0.153823 
vt 0.022141 0.989628 
vt 0.017067 0.753889 
vt 0.317092 0.708724 
vt 0.028445 0.206881 
vt 0.011895 0.173272 
vt 0.034665 0.179658 
vt 0.831323 0.272733 
vt 0.728428 0.578668 
vt 0.669165 0.585347 
vt 0.839316 0.159562 
vt 0.960873 0.609161 
vt 0.905831 0.592663 
vt 0.656317 0.07712 
vt 0.598935 0.055246 
vt 0.59918 0.268635 
vt 0.626104 0.041658 
vt 0.587632 0.025972 
vt 0.728428 0.578668 
vt 0.699786 0.786051 
vt 0.635265 0.791332 
vt 0.294709 0.50272 
vt 0.082598 0.138751 
vt 0.008911 0.556495 
vt 0.960873 0.609161 
vt 0.905831 0.592663 
vt 0.831323 0.272733 
vt 0.669165 0.585347 
vt 0.728428 0.578668 
vt 0.699786 0.786051 
vt 0.629635 0.484172 
vt 0.662085 0.481785 
vt 0.627569 0.536828 
vt 0.953717 0.933866 
vt 0.892962 0.90186 
vt 0.904329 0.772988 
vt 0.625841 0.974036 
vt 0.672972 0.932003 
vt 0.699786 0.786051 
vt 0.022141 0.989629 
vt 0.32296 0.928897 
vt 0.317092 0.708724 
vt 0.904329 0.772988 
vt 0.892962 0.90186 
vt 0.953717 0.933866 
vt 0.022141 0.989628 
vt 0.017067 0.753889 
vt 0.317092 0.708724 
vt 0.728428 0.578668 
vt 0.905831 0.592663 
vt 0.904329 0.772988 
vt 0.953717 0.933866 
vt 0.945474 0.775316 
vt 0.904329 0.772988 
vt 0.905831 0.592663 
vt 0.904329 0.772988 
vt 0.905831 0.592663 
vt 0.960873 0.609161 
vt 0.945474 0.775316 
vt 0.831323 0.272733 
vt 0.839316 0.159562 
vt 0.960873 0.609161 
vt 0.022141 0.989628 
vt 0.017067 0.753889 
vt 0.317092 0.708724 
vt 0.294709 0.50272 
vt 0.317092 0.708724 
vt 0.017068 0.753889 
vt 0.635265 0.791332 
vt 0.669165 0.585347 
vt 0.728428 0.578668 
vt 0.953717 0.933866 
vt 0.892962 0.90186 
vt 0.904329 0.772988 
vt 0.017067 0.753889 
vt 0.008911 0.556494 
vt 0.294709 0.50272 
vt 0.017067 0.753889 
vt 0.022141 0.989628 
vt 0.32296 0.928897 
vt 0.656317 0.07712 
vt 0.626104 0.041658 
vt 0.675126 0.066697 
vt 0.675126 0.066697 
vt 0.703307 0.105791 
vt 0.656317 0.07712 
vt 0.294709 0.50272 
vt 0.082598 0.138751 
vt 0.008911 0.556495 
vt 0.502248 0.554092 
vt 0.502248 0.530901 
vt 0.545651 0.52168 
vt 0.667014 0.354561 
vt 0.693324 0.313495 
vt 0.65593 0.288839 
vt 0.693324 0.313495 
vt 0.703307 0.105791 
vt 0.703307 0.105791 
vt 0.656317 0.07712 
vt 0.65593 0.288839 
vt 0.656317 0.07712 
vt 0.703307 0.105791 
vt 0.703307 0.105791 
vt 0.693324 0.313495 
vt 0.635265 0.791332 
vt 0.699786 0.786051 
vt 0.672972 0.932003 
vt 0.675126 0.066697 
vt 0.626104 0.041658 
vt 0.656317 0.07712 
vt 0.627569 0.536828 
vt 0.593808 0.516857 
vt 0.629635 0.484172 
vt 0.017067 0.75389 
vt 0.022141 0.989629 
vt 0.32296 0.928897 
vt 0.317092 0.708724 
vt 0.32296 0.928897 
vt 0.022141 0.989629 
vt 0.504869 0.047717 
vt 0.504869 0.022317 
vt 0.536051 0.020377 
vt 0.656317 0.07712 
vt 0.703307 0.105791 
vt 0.675126 0.066697 
vt 0.536051 0.020377 
vt 0.504869 0.022317 
vt 0.504869 0.047717 
vt 0.672972 0.932003 
vt 0.904329 0.772988 
vt 0.699786 0.786051 
vt 0.008911 0.556495 
vt 0.017067 0.753889 
vt 0.317092 0.708724 
vt 0.667014 0.354561 
vt 0.693324 0.313495 
vt 0.720525 0.352581 
vt 0.682049 0.390507 
vt 0.294709 0.50272 
vt 0.082598 0.138751 
vt 0.008911 0.556495 
vt 0.905831 0.592663 
vt 0.960873 0.609161 
vt 0.945474 0.775316 
vt 0.629635 0.484172 
vt 0.593808 0.516857 
vt 0.627569 0.536828 
vt 0.536051 0.020377 
vt 0.543363 0.046227 
vt 0.504869 0.047717 
vt 0.629571 0.325741 
vt 0.65593 0.288839 
vt 0.693324 0.313495 
vt 0.703307 0.105791 
vt 0.749894 0.141498 
vt 0.504869 0.047717 
vt 0.543363 0.046227 
vt 0.536051 0.020377 
vt 0.672972 0.932003 
vt 0.625841 0.974036 
vt 0.635265 0.791332 
vt 0.945474 0.775316 
vt 0.904329 0.772988 
vt 0.905831 0.592663 
vt 0.728428 0.578668 
vt 0.669165 0.585347 
vt 0.839316 0.159562 
vt 0.682049 0.390507 
vt 0.720525 0.352581 
vt 0.693324 0.313495 
vt 0.693324 0.313495 
vt 0.667014 0.354561 
vt 0.682049 0.390507 
vt 0.699786 0.786051 
vt 0.904329 0.772988 
vt 0.892962 0.90186 
vt 0.953717 0.933866 
vt 0.945474 0.775316 
vt 0.904329 0.772988 
vt 0.022141 0.989629 
vt 0.017067 0.753889 
vt 0.317092 0.708724 
vt 0.831323 0.272733 
vt 0.839316 0.159562 
vt 0.960873 0.609161 
vt 0.317092 0.708724 
vt 0.32296 0.928897 
vt 0.022141 0.989628 
vt 0.317092 0.708724 
vt 0.294709 0.50272 
vt 0.008911 0.556495 
vt 0.953717 0.933866 
vt 0.625841 0.974036 
vt 0.672972 0.932003 
vt 0.892962 0.90186 
vt 0.904329 0.772988 
vt 0.945474 0.775316 
vt 0.953717 0.933866 
vt 0.728428 0.578668 
vt 0.669165 0.585347 
vt 0.839316 0.159562 
vt 0.32296 0.928897 
vt 0.317092 0.708724 
vt 0.017067 0.753889 
vt 0.294709 0.50272 
vt 0.317092 0.708724 
vt 0.017068 0.753889 
vt 0.543363 0.046227 
vt 0.536051 0.020377 
vt 0.587632 0.025972 
vt 0.017067 0.753889 
vt 0.317092 0.708724 
vt 0.32296 0.928897 
vt 0.839316 0.159562 
vt 0.669165 0.585347 
vt 0.728428 0.578668 
vt 0.953717 0.933866 
vt 0.892962 0.90186 
vt 0.672972 0.932003 
vt 0.625841 0.974036 
vt 0.953717 0.933866 
vt 0.892962 0.90186 
vt 0.017067 0.753889 
vt 0.022141 0.989628 
vt 0.32296 0.928897 
vt 0.904329 0.772988 
vt 0.892962 0.90186 
vt 0.953717 0.933866 
vt 0.587632 0.025972 
vt 0.536051 0.020377 
vt 0.543363 0.046227 
vt 0.022141 0.989629 
vt 0.017067 0.753889 
vt 0.317092 0.708724 
vt 0.008911 0.556495 
vt 0.294709 0.50272 
vt 0.545651 0.52168 
vt 0.563473 0.542598 
vt 0.502248 0.554092 
vt 0.728428 0.578668 
vt 0.699786 0.786051 
vt 0.635265 0.791332 
vt 0.32296 0.928897 
vt 0.317092 0.708724 
vt 0.017067 0.753889 
vt 0.749894 0.141498 
vt 0.720525 0.352581 
vt 0.693324 0.313495 
vt 0.904329 0.772988 
vt 0.945474 0.775316 
vt 0.953717 0.933866 
vt 0.953717 0.933866 
vt 0.892962 0.90186 
vt 0.904329 0.772988 
vt 0.945474 0.775316 
vt 0.904329 0.772988 
vt 0.905831 0.592663 
vt 0.953717 0.933866 
vt 0.563473 0.542598 
vt 0.545651 0.52168 
vt 0.593808 0.516857 
vt 0.317092 0.708724 
vt 0.32296 0.928897 
vt 0.022141 0.989628 
vt 0.728428 0.578668 
vt 0.699786 0.786051 
vt 0.635265 0.791332 
vt 0.32296 0.928897 
vt 0.022141 0.989628 
vt 0.017067 0.753889 
vt 0.680491 0.429438 
vt 0.682049 0.390507 
vt 0.720525 0.352581 
vt 0.635265 0.791332 
vt 0.699786 0.786051 
vt 0.728428 0.578668 
vt 0.008911 0.556495 
vt 0.017067 0.75389 
vt 0.317092 0.708724 
vt 0.693324 0.313495 
vt 0.720525 0.352581 
vt 0.749894 0.141498 
vt 0.008911 0.556495 
vt 0.017067 0.753889 
vt 0.317092 0.708724 
vt 0.945474 0.775316 
vt 0.904329 0.772988 
vt 0.905831 0.592663 
vt 0.749894 0.141498 
vt 0.703307 0.105791 
vt 0.693324 0.313495 
vt 0.720525 0.352581 
vt 0.723612 0.421083 
vt 0.680491 0.429438 
vt 0.672972 0.932003 
vt 0.625841 0.974036 
vt 0.635265 0.791332 
vt 0.587632 0.025972 
vt 0.598935 0.055246 
vt 0.543363 0.046227 
vt 0.017067 0.753889 
vt 0.022141 0.989628 
vt 0.32296 0.928897 
vt 0.022141 0.989629 
vt 0.32296 0.928897 
vt 0.317092 0.708724 
vt 0.317092 0.708724 
vt 0.32296 0.928897 
vt 0.022141 0.989629 
vt 0.953717 0.933866 
vt 0.892962 0.90186 
vt 0.904329 0.772988 
vt 0.720525 0.352581 
vt 0.682049 0.390507 
vt 0.680491 0.429438 
vt 0.839316 0.159562 
vt 0.960873 0.609161 
vt 0.905831 0.592663 
vt 0.543363 0.046227 
vt 0.598935 0.055246 
vt 0.587632 0.025972 
vt 0.680491 0.429438 
vt 0.723612 0.421083 
vt 0.720525 0.352581 
vt 0.294709 0.50272 
vt 0.008911 0.556495 
vt 0.082598 0.138751 
vt 0.905831 0.592663 
vt 0.960873 0.609161 
vt 0.945474 0.775316 
vt 0.32296 0.928897 
vt 0.317092 0.708724 
vt 0.017067 0.753889 
vt 0.945474 0.775316 
vt 0.960873 0.609161 
vt 0.905831 0.592663 
vt 0.317092 0.708724 
vt 0.294709 0.50272 
vt 0.008911 0.556495 
vt 0.904329 0.772988 
vt 0.945474 0.775316 
vt 0.953717 0.933866 
vt 0.905831 0.592663 
vt 0.960873 0.609161 
vt 0.905831 0.592663 
vt 0.831323 0.272733 
vt 0.593808 0.516857 
vt 0.627569 0.536828 
vt 0.563473 0.542598 
vt 0.839316 0.159562 
vt 0.831323 0.272733 
vt 0.905831 0.592663 
vt 0.017067 0.753889 
vt 0.317092 0.708724 
vt 0.294709 0.50272 
vt 0.456763 0.502977 
vt 0.4641 0.529342 
vt 0.456763 0.53305 
vt 0.4641 0.529342 
vt 0.456763 0.502977 
vt 0.4641 0.506685 
vt 0.728428 0.578668 
vt 0.669165 0.585347 
vt 0.635265 0.791332 
vt 0.635265 0.791332 
vt 0.669165 0.585347 
vt 0.728428 0.578668 
vt 0.017067 0.75389 
vt 0.022141 0.989629 
vt 0.32296 0.928897 
vt 0.635265 0.791332 
vt 0.669165 0.585347 
vt 0.728428 0.578668 
vt 0.008911 0.556494 
vt 0.082598 0.138751 
vt 0.294709 0.50272 
vt 0.635265 0.791332 
vt 0.699786 0.786051 
vt 0.672972 0.932003 
vt 0.294709 0.50272 
vt 0.317092 0.708724 
vt 0.017067 0.753889 
vt 0.699786 0.786051 
vt 0.672972 0.932003 
vt 0.625841 0.974036 
vt 0.625841 0.974036 
vt 0.672972 0.932003 
vt 0.699786 0.786051 
vt 0.728428 0.578668 
vt 0.669165 0.585347 
vt 0.635265 0.791332 
vt 0.59406 0.767417 
vt 0.630673 0.759276 
vt 0.626068 0.7781 
vt 0.008911 0.556495 
vt 0.017067 0.75389 
vt 0.317092 0.708724 
vt 0.627569 0.536828 
vt 0.593808 0.516857 
vt 0.545651 0.52168 
vt 0.317092 0.708724 
vt 0.294709 0.50272 
vt 0.008911 0.556495 
vt 0.022141 0.989629 
vt 0.017068 0.753889 
vt 0.317092 0.708724 
vt 0.672972 0.932003 
vt 0.625841 0.974036 
vt 0.953717 0.933866 
vt 0.017067 0.753889 
vt 0.022141 0.989629 
vt 0.32296 0.928897 
vt 0.905831 0.592663 
vt 0.960873 0.609161 
vt 0.945474 0.775316 
vt 0.831323 0.272733 
vt 0.839316 0.159562 
vt 0.960873 0.609161 
vt 0.672972 0.932003 
vt 0.892962 0.90186 
vt 0.953717 0.933866 
vt 0.953717 0.933866 
vt 0.625841 0.974036 
vt 0.672972 0.932003 
vt 0.905831 0.592663 
vt 0.831323 0.272733 
vt 0.839316 0.159562 
vt 0.022141 0.989629 
vt 0.017068 0.753889 
vt 0.317092 0.708724 
vt 0.728428 0.578668 
vt 0.831323 0.272733 
vt 0.839316 0.159562 
vt 0.839316 0.159562 
vt 0.831323 0.272733 
vt 0.728428 0.578668 
vt 0.904329 0.772988 
vt 0.905831 0.592663 
vt 0.960873 0.609161 
vt 0.728428 0.578668 
vt 0.831323 0.272733 
vt 0.317092 0.708724 
vt 0.294709 0.50272 
vt 0.008911 0.556495 
vt 0.294709 0.50272 
vt 0.082598 0.138751 
vt 0.008911 0.556495 
vt 0.680491 0.429438 
vt 0.723612 0.421083 
vt 0.701351 0.476189 
vt 0.701351 0.476189 
vt 0.662085 0.481785 
vt 0.680491 0.429438 
vt 0.905831 0.592663 
vt 0.831323 0.272733 
vt 0.839316 0.159562 
vt 0.317092 0.708724 
vt 0.294709 0.50272 
vt 0.008911 0.556495 
vt 0.953717 0.933866 
vt 0.625841 0.974036 
vt 0.672972 0.932003 
vt 0.672972 0.932003 
vt 0.892962 0.90186 
vt 0.953717 0.933866 
vt 0.672972 0.932003 
vt 0.892962 0.90186 
vt 0.953717 0.933866 
vt 0.32296 0.928897 
vt 0.022141 0.989628 
vt 0.017067 0.753889 
vt 0.022141 0.989629 
vt 0.017068 0.753889 
vt 0.317092 0.708724 
vt 0.699786 0.786051 
vt 0.635265 0.791332 
vt 0.625841 0.974036 
vt 0.699786 0.786051 
vt 0.728428 0.578668 
vt 0.625841 0.974036 
vt 0.635265 0.791332 
vt 0.699786 0.786051 
vt 0.728428 0.578668 
vt 0.699786 0.786051 
vt 0.625841 0.974036 
vt 0.953717 0.933866 
vt 0.892962 0.90186 
vt 0.905831 0.592663 
vt 0.904329 0.772988 
vt 0.945474 0.775316 
vt 0.017067 0.753889 
vt 0.022141 0.989629 
vt 0.32296 0.928897 
vt 0.405376 0.521156 
vt 0.36485 0.49948 
vt 0.381952 0.479655 
vt 0.317092 0.708724 
vt 0.294709 0.50272 
vt 0.008911 0.556495 
vt 0.662085 0.481785 
vt 0.701351 0.476189 
vt 0.723612 0.421083 
vt 0.723612 0.421083 
vt 0.680491 0.429438 
vt 0.662085 0.481785 
vt 0.630673 0.759276 
vt 0.660364 0.764164 
vt 0.626068 0.7781 
vt 0.008911 0.556495 
vt 0.017067 0.753889 
vt 0.317092 0.708724 
vt 0.008911 0.556495 
vt 0.082598 0.138751 
vt 0.294709 0.50272 
vt 0.008911 0.556495 
vt 0.294709 0.50272 
vt 0.317092 0.708724 
vt 0.294709 0.50272 
vt 0.008911 0.556495 
vt 0.082598 0.138751 
vt 0.625841 0.974036 
vt 0.672972 0.932003 
vt 0.892962 0.90186 
vt 0.831323 0.272733 
vt 0.728428 0.578668 
vt 0.669165 0.585347 
vt 0.008911 0.556495 
vt 0.017067 0.753889 
vt 0.317092 0.708724 
vt 0.892962 0.90186 
vt 0.953717 0.933866 
vt 0.625841 0.974036 
vt 0.317092 0.708724 
vt 0.32296 0.928897 
vt 0.022141 0.989629 
vt 0.892962 0.90186 
vt 0.672972 0.932003 
vt 0.699786 0.786051 
vt 0.317092 0.708724 
vt 0.017067 0.753889 
vt 0.008911 0.556494 
vt 0.905831 0.592663 
vt 0.960873 0.609161 
vt 0.839316 0.159562 
vt 0.953717 0.933866 
vt 0.625841 0.974036 
vt 0.672972 0.932003 
vt 0.672972 0.932003 
vt 0.892962 0.90186 
vt 0.953717 0.933866 
vt 0.904329 0.772988 
vt 0.672972 0.932003 
vt 0.892962 0.90186 
vt 0.32296 0.928897 
vt 0.317092 0.708724 
vt 0.017067 0.753889 
vt 0.008911 0.556495 
vt 0.082598 0.138751 
vt 0.294709 0.50272 
vt 0.953717 0.933866 
vt 0.892962 0.90186 
vt 0.672972 0.932003 
vt 0.672972 0.932003 
vt 0.625841 0.974036 
vt 0.905831 0.592663 
vt 0.960873 0.609161 
vt 0.945474 0.775316 
vt 0.294709 0.50272 
vt 0.082598 0.138751 
vt 0.008911 0.556495 
vt 0.294709 0.50272 
vt 0.082598 0.138751 
vt 0.008911 0.556495 
vt 0.699786 0.786051 
vt 0.635265 0.791332 
vt 0.669165 0.585347 
vt 0.945474 0.775316 
vt 0.953717 0.933866 
vt 0.892962 0.90186 
vt 0.839316 0.159562 
vt 0.960873 0.609161 
vt 0.905831 0.592663 
vt 0.017068 0.753889 
vt 0.008911 0.556495 
vt 0.294709 0.50272 
vt 0.294709 0.50272 
vt 0.317092 0.708724 
vt 0.017067 0.753889 
vt 0.953717 0.933866 
vt 0.625841 0.974036 
vt 0.672972 0.932003 
vt 0.672972 0.932003 
vt 0.892962 0.90186 
vt 0.953717 0.933866 
vt 0.008911 0.556495 
vt 0.017067 0.75389 
vt 0.317092 0.708724 
vt 0.662085 0.481785 
vt 0.701351 0.476189 
vt 0.653804 0.548033 
vt 0.653804 0.548033 
vt 0.627569 0.536828 
vt 0.662085 0.481785 
vt 0.008911 0.556495 
vt 0.017067 0.753889 
vt 0.317092 0.708724 
vt 0.317092 0.708724 
vt 0.32296 0.928897 
vt 0.022141 0.989629 
vt 0.839316 0.159562 
vt 0.669165 0.585347 
vt 0.728428 0.578668 
vt 0.022141 0.989629 
vt 0.017067 0.753889 
vt 0.317092 0.708724 
vt 0.017068 0.753889 
vt 0.008911 0.556495 
vt 0.294709 0.50272 
vt 0.728428 0.578668 
vt 0.669165 0.585347 
vt 0.839316 0.159562 
vt 0.586478 0.583393 
vt 0.563473 0.542598 
vt 0.627569 0.536828 
vt 0.008911 0.556494 
vt 0.082598 0.138751 
vt 0.294709 0.50272 
vt 0.008911 0.556495 
vt 0.294709 0.50272 
vt 0.317092 0.708724 
vt 0.017067 0.753889 
vt 0.022141 0.989628 
vt 0.32296 0.928897 
vt 0.627569 0.536828 
vt 0.653804 0.548033 
vt 0.701351 0.476189 
vt 0.701351 0.476189 
vt 0.662085 0.481785 
vt 0.627569 0.536828 
vt 0.008911 0.556494 
vt 0.082598 0.138751 
vt 0.294709 0.50272 
vt 0.627569 0.536828 
vt 0.563473 0.542598 
vt 0.586478 0.583393 
vt 0.294709 0.50272 
vt 0.082598 0.138751 
vt 0.008911 0.556495 
vt 0.627569 0.536828 
vt 0.653804 0.548033 
vt 0.586478 0.583393 
vt 0.294709 0.50272 
vt 0.008911 0.556495 
vt 0.017067 0.753889 
vt 0.017067 0.753889 
vt 0.317092 0.708724 
vt 0.32296 0.928897 
vt 0.892962 0.90186 
vt 0.672972 0.932003 
vt 0.625841 0.974036 
vt 0.294709 0.50272 
vt 0.317092 0.708724 
vt 0.017068 0.753889 
vt 0.294709 0.50272 
vt 0.317092 0.708724 
vt 0.017068 0.753889 
vt 0.294709 0.50272 
vt 0.082598 0.138751 
vt 0.008911 0.556495 
vt 0.294709 0.50272 
vt 0.082598 0.138751 
vt 0.008911 0.556495 
vt 0.586478 0.583393 
vt 0.653804 0.548033 
vt 0.627569 0.536828 
vt 0.317092 0.708724 
vt 0.017067 0.753889 
vt 0.008911 0.556495 
vt 0.625841 0.974036 
vt 0.672972 0.932003 
vt 0.699786 0.786051 
vt 0.699786 0.786051 
vt 0.672972 0.932003 
vt 0.625841 0.974036 
vt 0.017068 0.753889 
vt 0.008911 0.556495 
vt 0.294709 0.50272 
vt 0.699786 0.786051 
vt 0.635265 0.791332 
vt 0.625841 0.974036 
vt 0.008911 0.556495 
vt 0.082598 0.138751 
vt 0.294709 0.50272 
vt 0.625841 0.974036 
vt 0.635265 0.791332 
vt 0.699786 0.786051 
vt 0.317092 0.708724 
vt 0.32296 0.928897 
vt 0.022141 0.989629 
vt 0.728428 0.578668 
vt 0.831323 0.272733 
vt 0.839316 0.159562 
vt 0.317092 0.708724 
vt 0.294709 0.50272 
vt 0.008911 0.556495 
vt 0.839316 0.159562 
vt 0.831323 0.272733 
vt 0.728428 0.578668 
vt 0.008911 0.556494 
vt 0.082598 0.138751 
vt 0.294709 0.50272 
vt 0.022141 0.989629 
vt 0.32296 0.928897 
vt 0.317092 0.708724 
vt 0.945474 0.775316 
vt 0.960873 0.609161 
vt 0.905831 0.592663 
vt 0.008911 0.556494 
vt 0.294709 0.50272 
vt 0.317092 0.708724 
vt 0.022141 0.989628 
vt 0.017067 0.753889 
vt 0.317092 0.708724 
vt 0.669165 0.585347 
vt 0.635265 0.791332 
vt 0.699786 0.786051 
vt 0.905831 0.592663 
vt 0.960873 0.609161 
vt 0.839316 0.159562 
vt 0.008911 0.556494 
vt 0.082598 0.138751 
vt 0.294709 0.50272 
vt 0.008911 0.556495 
vt 0.082598 0.138751 
vt 0.294709 0.50272 
vt 0.32296 0.928897 
vt 0.022141 0.989628 
vt 0.017067 0.753889 
vt 0.294709 0.50272 
vt 0.082598 0.138751 
vt 0.008911 0.556495 
vt 0.699786 0.786051 
vt 0.635265 0.791332 
vt 0.669165 0.585347 
vt 0.008911 0.556495 
vt 0.017067 0.753889 
vt 0.317092 0.708724 
vt 0.669165 0.585347 
vt 0.728428 0.578668 
vt 0.699786 0.786051 
vt 0.904329 0.772988 
vt 0.699786 0.786051 
vt 0.017067 0.753889 
vt 0.317092 0.708724 
vt 0.32296 0.928897 
vt 0.953717 0.933866 
vt 0.625841 0.974036 
vt 0.672972 0.932003 
vt 0.672972 0.932003 
vt 0.892962 0.90186 
vt 0.960873 0.609161 
vt 0.905831 0.592663 
vt 0.831323 0.272733 
vt 0.32296 0.928897 
vt 0.317092 0.708724 
vt 0.017067 0.753889 
vt 0.317092 0.708724 
vt 0.32296 0.928897 
vt 0.022141 0.989628 
vt 0.317092 0.708724 
vt 0.017068 0.753889 
vt 0.008911 0.556495 
vt 0.563473 0.542598 
vt 0.586478 0.583393 
vt 0.502248 0.58405 
vt 0.022141 0.989628 
vt 0.017067 0.753889 
vt 0.317092 0.708724 
vt 0.008911 0.556495 
vt 0.294709 0.50272 
vt 0.317092 0.708724 
vt 0.502248 0.58405 
vt 0.502248 0.554092 
vt 0.563473 0.542598 
vt 0.502248 0.58405 
vt 0.586478 0.583393 
vt 0.563473 0.542598 
vt 0.008911 0.556495 
vt 0.294709 0.50272 
vt 0.317092 0.708724 
vt 0.017067 0.753889 
vt 0.008911 0.556494 
vt 0.294709 0.50272 
vt 0.317092 0.708724 
vt 0.017067 0.753889 
vt 0.008911 0.556495 
vt 0.563473 0.542598 
vt 0.502248 0.554092 
vt 0.502248 0.58405 
vt 0.017067 0.753889 
vt 0.317092 0.708724 
vt 0.294709 0.50272 
vt 0.317092 0.708724 
vt 0.017067 0.753889 
vt 0.022141 0.989629 
vt 0.294709 0.50272 
vt 0.008911 0.556495 
vt 0.008911 0.556495 
vt 0.082598 0.138751 
vt 0.294709 0.50272 
vt 0.294709 0.50272 
vt 0.082598 0.138751 
vt 0.008911 0.556495 
vt 0.008911 0.556494 
vt 0.294709 0.50272 
vt 0.317092 0.708724 
vt 0.317092 0.708724 
vt 0.32296 0.928897 
vt 0.022141 0.989628 
vt 0.294709 0.50272 
vt 0.017067 0.753889 
vt 0.317092 0.708724 
vt 0.017067 0.753889 
vt 0.008911 0.556494 
vt 0.294709 0.50272 
vt 0.317092 0.708724 
vt 0.017067 0.753889 
vt 0.017067 0.753889 
vt 0.317092 0.708724 
vt 0.294709 0.50272 
vt 0.839316 0.159562 
vt 0.669165 0.585347 
vt 0.728428 0.578668 
vt 0.017067 0.753889 
vt 0.008911 0.556494 
vt 0.294709 0.50272 
vt 0.017067 0.753889 
vt 0.022141 0.989629 
vt 0.32296 0.928897 
vt 0.728428 0.578668 
vt 0.669165 0.585347 
vt 0.839316 0.159562 
vt 0.904329 0.772988 
vt 0.905831 0.592663 
vt 0.960873 0.609161 
vt 0.32296 0.928897 
vt 0.022141 0.989628 
vt 0.017067 0.753889 
vt 0.317092 0.708724 
vt 0.017067 0.753889 
vt 0.008911 0.556495 
vt 0.294709 0.50272 
vt 0.008911 0.556495 
vt 0.017067 0.753889 
vt 0.008911 0.556495 
vt 0.294709 0.50272 
vt 0.317092 0.708724 
vt 0.294709 0.50272 
vt 0.008911 0.556495 
vt 0.082598 0.138751 
vt 0.008911 0.556494 
vt 0.082598 0.138751 
vt 0.294709 0.50272 
vt 0.022141 0.989628 
vt 0.32296 0.928897 
vt 0.317092 0.708724 
vt 0.703307 0.105791 
vt 0.675126 0.066697 
vt 0.71973 0.09864 
vt 0.317092 0.708724 
vt 0.32296 0.928897 
vt 0.022141 0.989629 
vt 0.008911 0.556495 
vt 0.294709 0.50272 
vt 0.317092 0.708724 
vt 0.317092 0.708724 
vt 0.017067 0.753889 
vt 0.022141 0.989628 
vt 0.317092 0.708724 
vt 0.294709 0.50272 
vt 0.008911 0.556495 
vt 0.71973 0.09864 
vt 0.675126 0.066697 
vt 0.703307 0.105791 
vt 0.022141 0.989629 
vt 0.32296 0.928897 
vt 0.317092 0.708724 
vt 0.71973 0.09864 
vt 0.749894 0.141498 
vt 0.703307 0.105791 
vt 0.317092 0.708724 
vt 0.017067 0.753889 
vt 0.008911 0.556495 
vt 0.699786 0.786051 
vt 0.728428 0.578668 
vt 0.669165 0.585347 
vt 0.317092 0.708724 
vt 0.017067 0.753889 
vt 0.008911 0.556495 
vt 0.669165 0.585347 
vt 0.728428 0.578668 
vt 0.699786 0.786051 
vt 0.017067 0.753889 
vt 0.008911 0.556495 
vt 0.294709 0.50272 
vt 0.008911 0.556495 
vt 0.017067 0.753889 
vt 0.317092 0.708724 
vt 0.022141 0.989629 
vt 0.017067 0.753889 
vt 0.317092 0.708724 
vt 0.294709 0.50272 
vt 0.008911 0.556495 
vt 0.017067 0.753889 
vt 0.703307 0.105791 
vt 0.749894 0.141498 
vt 0.71973 0.09864 
vt 0.294709 0.50272 
vt 0.317092 0.708724 
vt 0.017067 0.753889 
vt 0.317092 0.708724 
vt 0.017067 0.753889 
vt 0.022141 0.989629 
vt 0.017067 0.753889 
vt 0.317092 0.708724 
vt 0.294709 0.50272 
vt 0.008911 0.556495 
vt 0.294709 0.50272 
vt 0.082598 0.138751 
vt 0.017067 0.753889 
vt 0.317092 0.708724 
vt 0.017067 0.753889 
vt 0.008911 0.556495 
vt 0.294709 0.50272 
vt 0.008911 0.556495 
vt 0.082598 0.138751 
vt 0.294709 0.50272 
vt 0.294709 0.50272 
vt 0.082598 0.138751 
vt 0.008911 0.556495 
vt 0.294709 0.50272 
vt 0.317092 0.708724 
vt 0.017067 0.753889 
vt 0.317092 0.708724 
vt 0.017067 0.753889 
vt 0.008911 0.556495 
vt 0.294709 0.50272 
vt 0.008911 0.556495 
vt 0.017067 0.753889 
vt 0.317092 0.708724 
vt 0.294709 0.50272 
vt 0.008911 0.556495 
vt 0.008911 0.556495 
vt 0.294709 0.50272 
vt 0.317092 0.708724 
vt 0.017067 0.753889 
vt 0.317092 0.708724 
vt 0.294709 0.50272 
vt 0.008911 0.556495 
vt 0.082598 0.138751 
vt 0.294709 0.50272 
vt 0.294709 0.50272 
vt 0.008911 0.556495 
vt 0.082598 0.138751 
vt 0.008911 0.556495 
vt 0.082598 0.138751 
vt 0.294709 0.50272 
vt 0.008911 0.556495 
vt 0.294709 0.50272 
vt 0.082598 0.138751 
vt 0.008911 0.556495 
vt 0.294709 0.50272 
vt 0.082598 0.138751 
vt 0.008911 0.556495 
vt 0.082598 0.138751 
vt 0.294709 0.50272 
vt 0.008911 0.556495 
vt 0.294709 0.50272 
vt 0.082598 0.138751 
vt 0.294709 0.50272 
vt 0.008911 0.556495 
vt 0.082598 0.138751 

usemtl Handle1Mtl

f 1/1/1 2/2/2 3/3/3 
f 4/4/4 5/5/5 6/6/6 
f 7/7/7 8/8/8 9/9/9 
f 10/10/10 11/11/11 12/12/12 
f 13/13/13 14/14/14 15/15/15 
f 16/16/16 17/17/17 18/18/18 
f 19/19/19 20/20/20 21/21/21 
f 22/22/22 23/23/23 24/24/24 
f 25/25/25 26/26/26 27/27/27 
f 28/28/28 29/29/29 30/30/30 
f 31/31/31 32/32/32 33/33/33 
f 34/34/34 35/35/35 36/36/36 
f 37/37/37 38/38/38 39/39/39 
f 40/40/40 41/41/41 42/42/42 
f 43/43/43 44/44/44 45/45/45 
f 46/46/46 47/47/47 48/48/48 
f 49/49/49 50/50/50 51/51/51 
f 52/52/52 53/53/53 54/54/54 
f 55/55/55 56/56/56 57/57/57 
f 58/58/58 59/59/59 60/60/60 
f 61/61/61 62/62/62 63/63/63 
f 64/64/64 65/65/65 66/66/66 
f 67/67/67 68/68/68 69/69/69 
f 70/70/70 71/71/71 72/72/72 
f 73/73/73 74/74/74 75/75/75 
f 76/76/76 77/77/77 78/78/78 
f 79/79/79 80/80/80 81/81/81 
f 82/82/82 83/83/83 84/84/84 
f 85/85/85 86/86/86 87/87/87 
f 88/88/88 89/89/89 90/90/90 
f 91/91/91 92/92/92 93/93/93 
f 94/94/94 95/95/95 96/96/96 
f 97/97/97 98/98/98 99/99/99 
f 100/100/100 101/101/101 102/102/102 
f 103/103/103 104/104/104 105/105/105 
f 106/106/106 107/107/107 108/108/108 
f 109/109/109 110/110/110 111/111/111 
f 112/112/112 113/113/113 114/114/114 
f 115/115/115 116/116/116 117/117/117 
f 118/118/118 119/119/119 120/120/120 
f 121/121/121 122/122/122 123/123/123 
f 124/124/124 125/125/125 126/126/126 
f 127/127/127 128/128/128 129/129/129 
f 130/130/130 131/131/131 132/132/132 
f 133/133/133 134/134/134 135/135/135 
f 136/136/136 137/137/137 138/138/138 
f 139/139/139 140/140/140 141/141/141 
f 142/142/142 143/143/143 144/144/144 
f 145/145/145 146/146/146 147/147/147 
f 148/148/148 149/149/149 150/150/150 
f 151/151/151 152/152/152 153/153/153 
f 154/154/154 155/155/155 156/156/156 
f 157/157/157 158/158/158 159/159/159 
f 160/160/160 161/161/161 162/162/162 
f 163/163/163 164/164/164 165/165/165 
f 166/166/166 167/167/167 168/168/168 
f 169/169/169 170/170/170 171/171/171 
f 172/172/172 173/173/173 174/174/174 
f 175/175/175 176/176/176 173/173/173 
f 177/177/177 178/178/178 179/179/179 
f 180/180/180 181/181/181 182/182/182 
f 183/183/183 184/184/184 185/185/185 
f 186/186/186 187/187/187 188/188/188 
f 189/189/189 190/190/190 191/191/191 
f 192/192/192 193/193/193 194/194/194 
f 195/195/195 196/196/196 197/197/197 
f 198/198/198 199/199/199 200/200/200 
f 201/201/201 202/202/202 203/203/203 
f 204/204/204 205/205/205 206/206/206 
f 204/204/204 207/207/207 208/208/208 
f 209/209/209 210/210/210 211/211/211 
f 212/212/212 213/213/213 214/214/214 
f 215/215/215 216/216/216 217/217/217 
f 218/218/218 219/219/219 220/220/220 
f 221/221/221 222/222/222 223/223/223 
f 224/224/224 225/225/225 226/226/226 
f 227/227/227 228/228/228 229/229/229 
f 230/230/230 231/231/231 232/232/232 
f 233/233/233 234/234/234 235/235/235 
f 236/236/236 237/237/237 238/238/238 
f 239/239/239 240/240/240 241/241/241 
f 242/242/242 243/243/243 244/244/244 
f 245/245/245 246/246/246 247/247/247 
f 248/248/248 249/249/249 250/250/250 
f 251/251/251 252/252/252 253/253/253 
f 254/254/254 255/255/255 256/256/256 
f 257/257/257 258/258/258 259/259/259 
f 260/260/260 261/261/261 262/262/262 
f 263/263/263 264/264/264 265/265/265 
f 266/266/266 267/267/267 268/268/268 
f 269/269/269 270/270/270 271/271/271 
f 272/272/272 273/273/273 274/274/274 
f 275/275/275 276/276/276 277/277/277 
f 278/278/278 279/279/279 280/280/280 
f 281/281/281 282/282/282 283/283/283 
f 284/284/284 285/285/285 286/286/286 
f 287/287/287 288/288/288 289/289/289 
f 290/290/290 291/291/291 289/289/289 
f 292/292/292 293/293/293 294/294/294 
f 295/295/295 296/296/296 297/297/297 
f 298/298/298 299/299/299 300/300/300 
f 301/301/301 302/302/302 303/303/303 
f 302/302/302 304/304/304 305/305/305 
f 306/306/306 307/307/307 308/308/308 
f 309/309/309 310/310/310 311/311/311 
f 312/312/312 313/313/313 314/314/314 
f 315/315/315 316/316/316 317/317/317 
f 318/318/318 319/319/319 320/320/320 
f 321/321/321 322/322/322 323/323/323 
f 324/324/324 325/325/325 326/326/326 
f 327/327/327 328/328/328 329/329/329 
f 330/330/330 331/331/331 332/332/332 
f 333/333/333 334/334/334 335/335/335 
f 336/336/336 337/337/337 338/338/338 
f 339/339/339 340/340/340 341/341/341 
f 342/342/342 343/343/343 344/344/344 
f 345/345/345 346/346/346 347/347/347 
f 348/348/348 349/349/349 350/350/350 
f 351/351/351 352/352/352 353/353/353 
f 354/354/354 355/355/355 356/356/356 
f 357/357/357 358/358/358 359/359/359 
f 360/360/360 361/361/361 362/362/362 
f 361/361/361 363/363/363 364/364/364 
f 365/365/365 366/366/366 367/367/367 
f 368/368/368 369/369/369 370/370/370 
f 371/371/371 372/372/372 373/373/373 
f 374/374/374 375/375/375 376/376/376 
f 377/377/377 378/378/378 379/379/379 
f 378/378/378 380/380/380 381/381/381 
f 382/382/382 383/383/383 384/384/384 
f 385/385/385 386/386/386 387/387/387 
f 388/388/388 389/389/389 390/390/390 
f 389/389/389 391/391/391 392/392/392 
f 393/393/393 394/394/394 395/395/395 
f 396/396/396 397/397/397 398/398/398 
f 399/399/399 400/400/400 401/401/401 
f 402/402/402 403/403/403 404/404/404 
f 405/405/405 406/406/406 407/407/407 
f 408/408/408 409/409/409 410/410/410 
f 410/410/410 411/411/411 412/412/412 
f 413/413/413 414/414/414 415/415/415 
f 416/416/416 417/417/417 418/418/418 
f 419/419/419 420/420/420 421/421/421 
f 419/419/419 421/421/421 422/422/422 
f 423/423/423 424/424/424 425/425/425 
f 426/426/426 427/427/427 428/428/428 
f 429/429/429 430/430/430 431/431/431 
f 432/432/432 433/433/433 434/434/434 
f 435/435/435 436/436/436 437/437/437 
f 438/438/438 439/439/439 440/440/440 
f 441/441/441 442/442/442 443/443/443 
f 444/444/444 445/445/445 446/446/446 
f 447/447/447 448/448/448 449/449/449 
f 450/450/450 451/451/451 452/452/452 
f 453/453/453 454/454/454 455/455/455 
f 456/456/456 457/457/457 458/458/458 
f 459/459/459 460/460/460 461/461/461 
f 462/462/462 463/463/463 464/464/464 
f 465/465/465 466/466/466 467/467/467 
f 468/468/468 469/469/469 470/470/470 
f 471/471/471 472/472/472 473/473/473 
f 474/474/474 475/475/475 476/476/476 
f 477/477/477 478/478/478 479/479/479 
f 480/480/480 481/481/481 482/482/482 
f 483/483/483 484/484/484 485/485/485 
f 486/486/486 487/487/487 488/488/488 
f 489/489/489 490/490/490 491/491/491 
f 492/492/492 493/493/493 494/494/494 
f 495/495/495 496/496/496 497/497/497 
f 498/498/498 499/499/499 500/500/500 
f 501/501/501 502/502/502 503/503/503 
f 504/504/504 505/505/505 506/506/506 
f 507/507/507 508/508/508 509/509/509 
f 510/510/510 511/511/511 512/512/512 
f 513/513/513 514/514/514 515/515/515 
f 516/516/516 517/517/517 518/518/518 
f 519/519/519 520/520/520 521/521/521 
f 522/522/522 523/523/523 524/524/524 
f 525/525/525 526/526/526 523/523/523 
f 527/527/527 528/528/528 529/529/529 
f 530/530/530 531/531/531 532/532/532 
f 533/533/533 534/534/534 535/535/535 
f 536/536/536 537/537/537 538/538/538 
f 539/539/539 540/540/540 541/541/541 
f 542/542/542 543/543/543 544/544/544 
f 545/545/545 546/546/546 547/547/547 
f 548/548/548 549/549/549 550/550/550 
f 551/551/551 552/552/552 553/553/553 
f 554/554/554 555/555/555 556/556/556 
f 557/557/557 558/558/558 559/559/559 
f 560/560/560 561/561/561 562/562/562 
f 561/561/561 560/560/560 563/563/563 
f 564/564/564 565/565/565 566/566/566 
f 567/567/567 568/568/568 569/569/569 
f 570/570/570 571/571/571 572/572/572 
f 573/573/573 574/574/574 575/575/575 
f 576/576/576 577/577/577 578/578/578 
f 579/579/579 580/580/580 581/581/581 
f 582/582/582 583/583/583 584/584/584 
f 585/585/585 586/586/586 587/587/587 
f 588/588/588 589/589/589 590/590/590 
f 589/589/589 591/591/591 590/590/590 
f 592/592/592 593/593/593 594/594/594 
f 595/595/595 596/596/596 597/597/597 
f 598/598/598 595/595/595 599/599/599 
f 600/600/600 601/601/601 602/602/602 
f 603/603/603 600/600/600 604/604/604 
f 605/605/605 606/606/606 607/607/607 
f 608/608/608 609/609/609 610/610/610 
f 611/611/611 612/612/612 613/613/613 
f 614/614/614 615/615/615 616/616/616 
f 617/617/617 618/618/618 619/619/619 
f 620/620/620 621/621/621 622/622/622 
f 622/622/622 623/623/623 624/624/624 
f 623/623/623 625/625/625 626/626/626 
f 627/627/627 624/624/624 628/628/628 
f 629/629/629 630/630/630 631/631/631 
f 632/632/632 633/633/633 634/634/634 
f 635/635/635 636/636/636 637/637/637 
f 638/638/638 639/639/639 640/640/640 
f 641/641/641 642/642/642 643/643/643 
f 644/644/644 645/645/645 646/646/646 
f 647/647/647 648/648/648 649/649/649 
f 650/650/650 651/651/651 652/652/652 
f 653/653/653 654/654/654 655/655/655 
f 656/656/656 657/657/657 658/658/658 
f 659/659/659 660/660/660 661/661/661 
f 662/662/662 663/663/663 664/664/664 
f 665/665/665 666/666/666 667/667/667 
f 668/668/668 669/669/669 670/670/670 
f 671/671/671 672/672/672 673/673/673 
f 672/672/672 674/674/674 675/675/675 
f 676/676/676 677/677/677 678/678/678 
f 679/679/679 680/680/680 681/681/681 
f 682/682/682 683/683/683 684/684/684 
f 685/685/685 686/686/686 683/683/683 
f 687/687/687 688/688/688 689/689/689 
f 690/690/690 691/691/691 692/692/692 
f 693/693/693 694/694/694 695/695/695 
f 696/696/696 697/697/697 698/698/698 
f 699/699/699 698/698/698 700/700/700 
f 701/701/701 702/702/702 703/703/703 
f 704/704/704 705/705/705 706/706/706 
f 707/707/707 708/708/708 709/709/709 
f 710/710/710 711/711/711 712/712/712 
f 713/713/713 714/714/714 715/715/715 
f 716/716/716 717/717/717 718/718/718 
f 719/719/719 720/720/720 721/721/721 
f 722/722/722 723/723/723 724/724/724 
f 725/725/725 726/726/726 727/727/727 
f 728/728/728 729/729/729 730/730/730 
f 731/731/731 730/730/730 732/732/732 
f 733/733/733 734/734/734 735/735/735 
f 736/736/736 737/737/737 738/738/738 
f 739/739/739 740/740/740 741/741/741 
f 742/742/742 743/743/743 744/744/744 
f 745/745/745 746/746/746 747/747/747 
f 748/748/748 749/749/749 750/750/750 
f 751/751/751 752/752/752 753/753/753 
f 754/754/754 755/755/755 756/756/756 
f 757/757/757 758/758/758 759/759/759 
f 760/760/760 761/761/761 762/762/762 
f 763/763/763 764/764/764 765/765/765 
f 766/766/766 767/767/767 768/768/768 
f 769/769/769 770/770/770 771/771/771 
f 772/772/772 773/773/773 774/774/774 
f 775/775/775 776/776/776 777/777/777 
f 778/778/778 779/779/779 780/780/780 
f 781/781/781 782/782/782 783/783/783 
f 784/784/784 785/785/785 786/786/786 
f 787/787/787 788/788/788 789/789/789 
f 789/789/789 790/790/790 791/791/791 
f 792/792/792 793/793/793 794/794/794 
f 795/795/795 796/796/796 797/797/797 
f 798/798/798 799/799/799 800/800/800 
f 801/801/801 802/802/802 803/803/803 
f 804/804/804 805/805/805 806/806/806 
f 807/807/807 808/808/808 809/809/809 
f 810/810/810 811/811/811 812/812/812 
f 813/813/813 814/814/814 815/815/815 
f 816/816/816 817/817/817 818/818/818 
f 819/819/819 820/820/820 821/821/821 
f 822/822/822 823/823/823 824/824/824 
f 823/823/823 822/822/822 825/825/825 
f 826/826/826 827/827/827 828/828/828 
f 829/829/829 830/830/830 826/826/826 
f 831/831/831 832/832/832 833/833/833 
f 834/834/834 835/835/835 836/836/836 
f 837/837/837 838/838/838 839/839/839 
f 840/840/840 841/841/841 838/838/838 
f 842/842/842 843/843/843 844/844/844 
f 845/845/845 846/846/846 847/847/847 
f 848/848/848 849/849/849 850/850/850 
f 851/851/851 852/852/852 853/853/853 
f 854/854/854 855/855/855 856/856/856 
f 857/857/857 858/858/858 859/859/859 
f 860/860/860 861/861/861 862/862/862 
f 863/863/863 864/864/864 865/865/865 
f 866/866/866 867/867/867 868/868/868 
f 869/869/869 870/870/870 871/871/871 
f 872/872/872 873/873/873 874/874/874 
f 875/875/875 876/876/876 877/877/877 
f 878/878/878 879/879/879 880/880/880 
f 881/881/881 882/882/882 883/883/883 
f 884/884/884 885/885/885 886/886/886 
f 887/887/887 888/888/888 889/889/889 
f 890/890/890 891/891/891 892/892/892 
f 893/893/893 892/892/892 894/894/894 
f 895/895/895 896/896/896 897/897/897 
f 898/898/898 899/899/899 896/896/896 
f 900/900/900 901/901/901 902/902/902 
f 903/903/903 904/904/904 905/905/905 
f 906/906/906 907/907/907 908/908/908 
f 909/909/909 910/910/910 911/911/911 
f 910/910/910 912/912/912 913/913/913 
f 914/914/914 915/915/915 916/916/916 
f 917/917/917 918/918/918 919/919/919 
f 920/920/920 921/921/921 922/922/922 
f 923/923/923 924/924/924 925/925/925 
f 926/926/926 927/927/927 928/928/928 
f 929/929/929 930/930/930 931/931/931 
f 932/932/932 933/933/933 934/934/934 
f 935/935/935 936/936/936 937/937/937 
f 938/938/938 939/939/939 940/940/940 
f 941/941/941 942/942/942 943/943/943 
f 944/944/944 945/945/945 946/946/946 
f 947/947/947 948/948/948 949/949/949 
f 950/950/950 951/951/951 952/952/952 
f 953/953/953 954/954/954 955/955/955 
f 956/956/956 957/957/957 958/958/958 
f 959/959/959 960/960/960 961/961/961 
f 962/962/962 963/963/963 964/964/964 
f 965/965/965 966/966/966 967/967/967 
f 968/968/968 969/969/969 970/970/970 
f 971/971/971 970/970/970 972/972/972 
f 973/973/973 974/974/974 975/975/975 
f 976/976/976 977/977/977 978/978/978 
f 979/979/979 980/980/980 981/981/981 
f 982/982/982 983/983/983 984/984/984 
f 985/985/985 986/986/986 987/987/987 
f 988/988/988 987/987/987 989/989/989 
f 990/990/990 991/991/991 992/992/992 
f 993/993/993 992/992/992 991/991/991 
f 994/994/994 995/995/995 996/996/996 
f 997/997/997 998/998/998 999/999/999 
f 1000/1000/1000 1001/1001/1001 1002/1002/1002 
f 1003/1003/1003 1004/1004/1004 1005/1005/1005 
f 1006/1006/1006 1007/1007/1007 1008/1008/1008 
f 1009/1009/1009 1010/1010/1010 1011/1011/1011 
f 1012/1012/1012 1013/1013/1013 1014/1014/1014 
f 1015/1015/1015 1016/1016/1016 1017/1017/1017 
f 1018/1018/1018 1019/1019/1019 1020/1020/1020 
f 1021/1021/1021 1022/1022/1022 1023/1023/1023 
f 1024/1024/1024 1025/1025/1025 1026/1026/1026 
f 1027/1027/1027 1028/1028/1028 1029/1029/1029 
f 1030/1030/1030 1031/1031/1031 1032/1032/1032 
f 1033/1033/1033 1034/1034/1034 1035/1035/1035 
f 1036/1036/1036 1037/1037/1037 1038/1038/1038 
f 1039/1039/1039 1040/1040/1040 1041/1041/1041 
f 1042/1042/1042 1043/1043/1043 1044/1044/1044 
f 1045/1045/1045 1046/1046/1046 1047/1047/1047 
f 1048/1048/1048 1049/1049/1049 1050/1050/1050 
f 1051/1051/1051 1048/1048/1048 1052/1052/1052 
f 1053/1053/1053 1054/1054/1054 1055/1055/1055 
f 1056/1056/1056 1057/1057/1057 1058/1058/1058 
f 1058/1058/1058 1059/1059/1059 1060/1060/1060 
f 1061/1061/1061 1062/1062/1062 1063/1063/1063 
f 1064/1064/1064 1065/1065/1065 1066/1066/1066 
f 1067/1067/1067 1068/1068/1068 1069/1069/1069 
f 1070/1070/1070 1071/1071/1071 1072/1072/1072 
f 1073/1073/1073 1074/1074/1074 1075/1075/1075 
f 1076/1076/1076 1077/1077/1077 1074/1074/1074 
f 1078/1078/1078 1079/1079/1079 1080/1080/1080 
f 1079/1079/1079 1081/1081/1081 1080/1080/1080 
f 1082/1082/1082 1083/1083/1083 1084/1084/1084 
f 1085/1085/1085 1086/1086/1086 1087/1087/1087 
f 1088/1088/1088 1089/1089/1089 1090/1090/1090 
f 1091/1091/1091 1092/1092/1092 1093/1093/1093 
f 1094/1094/1094 1095/1095/1095 1096/1096/1096 
f 1097/1097/1097 1098/1098/1098 1099/1099/1099 
f 1098/1098/1098 1097/1097/1097 1100/1100/1100 
f 1101/1101/1101 1102/1102/1102 1103/1103/1103 
f 1104/1104/1104 1105/1105/1105 1106/1106/1106 
f 1107/1107/1107 1108/1108/1108 1109/1109/1109 
f 1110/1110/1110 1111/1111/1111 1112/1112/1112 
f 1113/1113/1113 1114/1114/1114 1115/1115/1115 
f 1113/1113/1113 1116/1116/1116 1117/1117/1117 
f 1118/1118/1118 1119/1119/1119 1120/1120/1120 
f 1121/1121/1121 1122/1122/1122 1123/1123/1123 
f 1124/1124/1124 1125/1125/1125 1126/1126/1126 
f 1127/1127/1127 1128/1128/1128 1129/1129/1129 
f 1130/1130/1130 1129/1129/1129 1131/1131/1131 
f 1132/1132/1132 1133/1133/1133 1134/1134/1134 
f 1135/1135/1135 1136/1136/1136 1137/1137/1137 
f 1138/1138/1138 1139/1139/1139 1140/1140/1140 
f 1141/1141/1141 1142/1142/1142 1143/1143/1143 
f 1144/1144/1144 1145/1145/1145 1146/1146/1146 
f 1147/1147/1147 1148/1148/1148 1149/1149/1149 
f 1150/1150/1150 1151/1151/1151 1152/1152/1152 
f 1153/1153/1153 1154/1154/1154 1155/1155/1155 
f 1156/1156/1156 1157/1157/1157 1154/1154/1154 
f 1158/1158/1158 1159/1159/1159 1160/1160/1160 
f 1161/1161/1161 1162/1162/1162 1163/1163/1163 
f 1164/1164/1164 1165/1165/1165 1166/1166/1166 
f 1167/1167/1167 1168/1168/1168 1169/1169/1169 
f 1170/1170/1170 1171/1171/1171 1172/1172/1172 
f 1173/1173/1173 1174/1174/1174 1175/1175/1175 
f 1176/1176/1176 1177/1177/1177 1178/1178/1178 
f 1179/1179/1179 1180/1180/1180 1181/1181/1181 
f 1182/1182/1182 1183/1183/1183 1184/1184/1184 
f 1185/1185/1185 1186/1186/1186 1187/1187/1187 
f 1188/1188/1188 1189/1189/1189 1190/1190/1190 
f 1191/1191/1191 1192/1192/1192 1193/1193/1193 
f 1194/1194/1194 1195/1195/1195 1196/1196/1196 
f 1197/1197/1197 1198/1198/1198 1199/1199/1199 
f 1200/1200/1200 1201/1201/1201 1202/1202/1202 
f 1203/1203/1203 1204/1204/1204 1205/1205/1205 
f 1206/1206/1206 1207/1207/1207 1208/1208/1208 
f 1209/1209/1209 1210/1210/1210 1211/1211/1211 
f 1212/1212/1212 1213/1213/1213 1214/1214/1214 
f 1215/1215/1215 1216/1216/1216 1217/1217/1217 
f 1218/1218/1218 1219/1219/1219 1216/1216/1216 
f 1220/1220/1220 1221/1221/1221 1222/1222/1222 
f 1223/1223/1223 1224/1224/1224 1225/1225/1225 
f 1226/1226/1226 1227/1227/1227 1228/1228/1228 
f 1226/1226/1226 1229/1229/1229 1230/1230/1230 
f 1231/1231/1231 1230/1230/1230 1232/1232/1232 
f 1233/1233/1233 1234/1234/1234 1235/1235/1235 
f 1236/1236/1236 1237/1237/1237 1238/1238/1238 
f 1239/1239/1239 1240/1240/1240 1241/1241/1241 
f 1242/1242/1242 1243/1243/1243 1244/1244/1244 
f 1244/1244/1244 1243/1243/1243 1245/1245/1245 
f 1246/1246/1246 1247/1247/1247 1248/1248/1248 
f 1249/1249/1249 1250/1250/1250 1251/1251/1251 
f 1252/1252/1252 1253/1253/1253 1254/1254/1254 
f 1255/1255/1255 1256/1256/1256 1257/1257/1257 
f 1258/1258/1258 1259/1259/1259 1260/1260/1260 
f 1261/1261/1261 1262/1262/1262 1263/1263/1263 
f 1264/1264/1264 1265/1265/1265 1266/1266/1266 
f 1267/1267/1267 1268/1268/1268 1269/1269/1269 
f 1270/1270/1270 1271/1271/1271 1272/1272/1272 
f 1273/1273/1273 1274/1274/1274 1275/1275/1275 
f 1276/1276/1276 1277/1277/1277 1278/1278/1278 
f 1279/1279/1279 1280/1280/1280 1281/1281/1281 
f 1282/1282/1282 1283/1283/1283 1284/1284/1284 
f 1285/1285/1285 1286/1286/1286 1287/1287/1287 
f 1288/1288/1288 1289/1289/1289 1290/1290/1290 
f 1291/1291/1291 1292/1292/1292 1293/1293/1293 
f 1294/1294/1294 1295/1295/1295 1296/1296/1296 
f 1297/1297/1297 1298/1298/1298 1299/1299/1299 
f 1300/1300/1300 1301/1301/1301 1302/1302/1302 
f 1303/1303/1303 1304/1304/1304 1305/1305/1305 
f 1306/1306/1306 1307/1307/1307 1308/1308/1308 
f 1309/1309/1309 1310/1310/1310 1311/1311/1311 
f 1312/1312/1312 1313/1313/1313 1314/1314/1314 
f 1315/1315/1315 1316/1316/1316 1317/1317/1317 
f 1318/1318/1318 1319/1319/1319 1320/1320/1320 
f 1321/1321/1321 1322/1322/1322 1323/1323/1323 
f 1324/1324/1324 1325/1325/1325 1326/1326/1326 
f 1327/1327/1327 1328/1328/1328 1329/1329/1329 
f 1330/1330/1330 1331/1331/1331 1332/1332/1332 
f 1333/1333/1333 1334/1334/1334 1335/1335/1335 
f 1336/1336/1336 1337/1337/1337 1338/1338/1338 
f 1339/1339/1339 1340/1340/1340 1341/1341/1341 
f 1342/1342/1342 1343/1343/1343 1344/1344/1344 
f 1345/1345/1345 1346/1346/1346 1347/1347/1347 
f 1348/1348/1348 1349/1349/1349 1350/1350/1350 
f 1351/1351/1351 1352/1352/1352 1353/1353/1353 
f 1354/1354/1354 1355/1355/1355 1356/1356/1356 
f 1357/1357/1357 1358/1358/1358 1359/1359/1359 
f 1360/1360/1360 1361/1361/1361 1362/1362/1362 
f 1363/1363/1363 1364/1364/1364 1365/1365/1365 
f 1366/1366/1366 1367/1367/1367 1368/1368/1368 
f 1369/1369/1369 1370/1370/1370 1371/1371/1371 
f 1372/1372/1372 1373/1373/1373 1374/1374/1374 
f 1375/1375/1375 1376/1376/1376 1377/1377/1377 
f 1378/1378/1378 1379/1379/1379 1380/1380/1380 
f 1381/1381/1381 1382/1382/1382 1383/1383/1383 
f 1384/1384/1384 1385/1385/1385 1386/1386/1386 
f 1387/1387/1387 1388/1388/1388 1389/1389/1389 
f 1390/1390/1390 1391/1391/1391 1392/1392/1392 
f 1393/1393/1393 1394/1394/1394 1395/1395/1395 
f 1396/1396/1396 1397/1397/1397 1398/1398/1398 
f 1399/1399/1399 1400/1400/1400 1401/1401/1401 
f 1402/1402/1402 1403/1403/1403 1404/1404/1404 
f 1405/1405/1405 1406/1406/1406 1407/1407/1407 
f 1408/1408/1408 1409/1409/1409 1410/1410/1410 
f 1411/1411/1411 1412/1412/1412 1413/1413/1413 
f 1414/1414/1414 1415/1415/1415 1416/1416/1416 
f 1417/1417/1417 1418/1418/1418 1419/1419/1419 
f 1420/1420/1420 1421/1421/1421 1422/1422/1422 
f 1423/1423/1423 1424/1424/1424 1425/1425/1425 
f 1426/1426/1426 1427/1427/1427 1428/1428/1428 
f 1429/1429/1429 1430/1430/1430 1431/1431/1431 
f 1432/1432/1432 1433/1433/1433 1434/1434/1434 
f 1435/1435/1435 1436/1436/1436 1437/1437/1437 
f 1438/1438/1438 1439/1439/1439 1440/1440/1440 
f 1441/1441/1441 1442/1442/1442 1443/1443/1443 
f 1444/1444/1444 1445/1445/1445 1446/1446/1446 
f 1447/1447/1447 1448/1448/1448 1449/1449/1449 
f 1450/1450/1450 1451/1451/1451 1452/1452/1452 
f 1453/1453/1453 1454/1454/1454 1455/1455/1455 
f 1456/1456/1456 1457/1457/1457 1458/1458/1458 
f 1459/1459/1459 1460/1460/1460 1461/1461/1461 
f 1462/1462/1462 1463/1463/1463 1464/1464/1464 
f 1465/1465/1465 1466/1466/1466 1467/1467/1467 
f 1468/1468/1468 1469/1469/1469 1470/1470/1470 
f 1471/1471/1471 1472/1472/1472 1473/1473/1473 
f 1474/1474/1474 1475/1475/1475 1476/1476/1476 
f 1477/1477/1477 1478/1478/1478 1479/1479/1479 
f 1480/1480/1480 1481/1481/1481 1482/1482/1482 
f 1483/1483/1483 1484/1484/1484 1485/1485/1485 
f 1486/1486/1486 1487/1487/1487 1488/1488/1488 
f 1489/1489/1489 1490/1490/1490 1491/1491/1491 
f 1492/1492/1492 1493/1493/1493 1494/1494/1494 
f 1495/1495/1495 1496/1496/1496 1497/1497/1497 
f 1498/1498/1498 1499/1499/1499 1500/1500/1500 
f 1501/1501/1501 1502/1502/1502 1503/1503/1503 
f 1504/1504/1504 1505/1505/1505 1506/1506/1506 
f 1505/1505/1505 1507/1507/1507 1508/1508/1508 
f 1509/1509/1509 1510/1510/1510 1511/1511/1511 
f 1512/1512/1512 1513/1513/1513 1514/1514/1514 
f 1515/1515/1515 1516/1516/1516 1517/1517/1517 
f 1518/1518/1518 1519/1519/1519 1520/1520/1520 
f 1521/1521/1521 1522/1522/1522 1523/1523/1523 
f 1524/1524/1524 1525/1525/1525 1526/1526/1526 
f 1527/1527/1527 1528/1528/1528 1529/1529/1529 
f 1530/1530/1530 1531/1531/1531 1532/1532/1532 
f 1533/1533/1533 1534/1534/1534 1535/1535/1535 
f 1536/1536/1536 1537/1537/1537 1538/1538/1538 
f 1539/1539/1539 1540/1540/1540 1541/1541/1541 
f 1542/1542/1542 1543/1543/1543 1544/1544/1544 
f 1545/1545/1545 1546/1546/1546 1547/1547/1547 
f 1548/1548/1548 1549/1549/1549 1550/1550/1550 
f 1551/1551/1551 1552/1552/1552 1553/1553/1553 
f 1554/1554/1554 1555/1555/1555 1556/1556/1556 
f 1557/1557/1557 1558/1558/1558 1559/1559/1559 
f 1560/1560/1560 1561/1561/1561 1562/1562/1562 
f 1563/1563/1563 1564/1564/1564 1565/1565/1565 
f 1566/1566/1566 1567/1567/1567 1568/1568/1568 
f 1569/1569/1569 1570/1570/1570 1571/1571/1571 
f 1572/1572/1572 1573/1573/1573 1574/1574/1574 
f 1575/1575/1575 1576/1576/1576 1577/1577/1577 
f 1578/1578/1578 1579/1579/1579 1580/1580/1580 
f 1581/1581/1581 1582/1582/1582 1583/1583/1583 
f 1584/1584/1584 1585/1585/1585 1586/1586/1586 
f 1587/1587/1587 1588/1588/1588 1589/1589/1589 
f 1590/1590/1590 1591/1591/1591 1592/1592/1592 
f 1593/1593/1593 1594/1594/1594 1595/1595/1595 
f 1596/1596/1596 1597/1597/1597 1598/1598/1598 
f 1599/1599/1599 1600/1600/1600 1601/1601/1601 
f 1602/1602/1602 1603/1603/1603 1604/1604/1604 
f 1605/1605/1605 1606/1606/1606 1607/1607/1607 
f 1608/1608/1608 1609/1609/1609 1610/1610/1610 
f 1611/1611/1611 1612/1612/1612 1613/1613/1613 
f 1614/1614/1614 1615/1615/1615 1616/1616/1616 
f 1615/1615/1615 1617/1617/1617 1618/1618/1618 
f 1619/1619/1619 1620/1620/1620 1621/1621/1621 
f 1622/1622/1622 1623/1623/1623 1620/1620/1620 
f 1624/1624/1624 1625/1625/1625 1626/1626/1626 
f 1627/1627/1627 1628/1628/1628 1629/1629/1629 
f 1630/1630/1630 1631/1631/1631 1632/1632/1632 
f 1633/1633/1633 1634/1634/1634 1635/1635/1635 
f 1636/1636/1636 1637/1637/1637 1638/1638/1638 
f 1639/1639/1639 1640/1640/1640 1641/1641/1641 
f 1642/1642/1642 1643/1643/1643 1644/1644/1644 
f 1645/1645/1645 1646/1646/1646 1647/1647/1647 
f 1648/1648/1648 1649/1649/1649 1650/1650/1650 
f 1651/1651/1651 1652/1652/1652 1653/1653/1653 
f 1654/1654/1654 1655/1655/1655 1656/1656/1656 
f 1657/1657/1657 1658/1658/1658 1659/1659/1659 
f 1660/1660/1660 1661/1661/1661 1662/1662/1662 
f 1663/1663/1663 1664/1664/1664 1665/1665/1665 
f 1666/1666/1666 1667/1667/1667 1668/1668/1668 
f 1669/1669/1669 1670/1670/1670 1671/1671/1671 
f 1672/1672/1672 1673/1673/1673 1674/1674/1674 
f 1673/1673/1673 1675/1675/1675 1676/1676/1676 
f 1676/1676/1676 1677/1677/1677 1673/1673/1673 
f 1678/1678/1678 1679/1679/1679 1680/1680/1680 
f 1681/1681/1681 1682/1682/1682 1683/1683/1683 
f 1684/1684/1684 1685/1685/1685 1686/1686/1686 
f 1687/1687/1687 1688/1688/1688 1689/1689/1689 
f 1690/1690/1690 1691/1691/1691 1692/1692/1692 
f 1693/1693/1693 1694/1694/1694 1695/1695/1695 
f 1694/1694/1694 1696/1696/1696 1697/1697/1697 
f 1697/1697/1697 1698/1698/1698 1694/1694/1694 
f 1699/1699/1699 1700/1700/1700 1701/1701/1701 
f 1702/1702/1702 1703/1703/1703 1704/1704/1704 
f 1705/1705/1705 1706/1706/1706 1707/1707/1707 
f 1708/1708/1708 1709/1709/1709 1710/1710/1710 
f 1711/1711/1711 1712/1712/1712 1713/1713/1713 
f 1712/1712/1712 1711/1711/1711 1714/1714/1714 
f 1715/1715/1715 1716/1716/1716 1717/1717/1717 
f 1718/1718/1718 1719/1719/1719 1720/1720/1720 
f 1718/1718/1718 1721/1721/1721 1719/1719/1719 
f 1722/1722/1722 1723/1723/1723 1724/1724/1724 
f 1724/1724/1724 1725/1725/1725 1722/1722/1722 
f 1726/1726/1726 1727/1727/1727 1728/1728/1728 
f 1729/1729/1729 1730/1730/1730 1731/1731/1731 
f 1732/1732/1732 1733/1733/1733 1734/1734/1734 
f 1735/1735/1735 1736/1736/1736 1737/1737/1737 
f 1738/1738/1738 1739/1739/1739 1740/1740/1740 
f 1741/1741/1741 1742/1742/1742 1743/1743/1743 
f 1744/1744/1744 1745/1745/1745 1746/1746/1746 
f 1747/1747/1747 1748/1748/1748 1749/1749/1749 
f 1747/1747/1747 1750/1750/1750 1748/1748/1748 
f 1751/1751/1751 1752/1752/1752 1753/1753/1753 
f 1754/1754/1754 1755/1755/1755 1756/1756/1756 
f 1757/1757/1757 1758/1758/1758 1759/1759/1759 
f 1760/1760/1760 1761/1761/1761 1762/1762/1762 
f 1763/1763/1763 1761/1761/1761 1764/1764/1764 
f 1765/1765/1765 1766/1766/1766 1767/1767/1767 
f 1768/1768/1768 1769/1769/1769 1770/1770/1770 
f 1771/1771/1771 1772/1772/1772 1773/1773/1773 
f 1774/1774/1774 1775/1775/1775 1776/1776/1776 
f 1777/1777/1777 1778/1778/1778 1779/1779/1779 
f 1780/1780/1780 1781/1781/1781 1782/1782/1782 
f 1783/1783/1783 1784/1784/1784 1785/1785/1785 
f 1786/1786/1786 1787/1787/1787 1788/1788/1788 
f 1789/1789/1789 1790/1790/1790 1791/1791/1791 
f 1792/1792/1792 1793/1793/1793 1794/1794/1794 
f 1795/1795/1795 1794/1794/1794 1796/1796/1796 
f 1797/1797/1797 1798/1798/1798 1799/1799/1799 
f 1800/1800/1800 1801/1801/1801 1802/1802/1802 
f 1803/1803/1803 1804/1804/1804 1805/1805/1805 
f 1806/1806/1806 1807/1807/1807 1808/1808/1808 
f 1809/1809/1809 1810/1810/1810 1807/1807/1807 
f 1811/1811/1811 1812/1812/1812 1813/1813/1813 
f 1814/1814/1814 1815/1815/1815 1816/1816/1816 
f 1817/1817/1817 1818/1818/1818 1819/1819/1819 
f 1820/1820/1820 1821/1821/1821 1822/1822/1822 
f 1823/1823/1823 1824/1824/1824 1825/1825/1825 
f 1826/1826/1826 1827/1827/1827 1828/1828/1828 
f 1829/1829/1829 1830/1830/1830 1831/1831/1831 
f 1832/1832/1832 1833/1833/1833 1834/1834/1834 
f 1835/1835/1835 1836/1836/1836 1837/1837/1837 
f 1838/1838/1838 1839/1839/1839 1840/1840/1840 
f 1841/1841/1841 1842/1842/1842 1843/1843/1843 
f 1844/1844/1844 1845/1845/1845 1846/1846/1846 
f 1847/1847/1847 1846/1846/1846 1845/1845/1845 
f 1845/1845/1845 1848/1848/1848 1849/1849/1849 
f 1850/1850/1850 1851/1851/1851 1852/1852/1852 
f 1853/1853/1853 1854/1854/1854 1855/1855/1855 
f 1856/1856/1856 1857/1857/1857 1858/1858/1858 
f 1859/1859/1859 1860/1860/1860 1861/1861/1861 
f 1860/1860/1860 1862/1862/1862 1863/1863/1863 
f 1864/1864/1864 1865/1865/1865 1866/1866/1866 
f 1867/1867/1867 1866/1866/1866 1868/1868/1868 
f 1869/1869/1869 1870/1870/1870 1871/1871/1871 
f 1872/1872/1872 1873/1873/1873 1874/1874/1874 
f 1875/1875/1875 1876/1876/1876 1877/1877/1877 
f 1878/1878/1878 1879/1879/1879 1880/1880/1880 
f 1881/1881/1881 1882/1882/1882 1878/1878/1878 
f 1883/1883/1883 1884/1884/1884 1885/1885/1885 
f 1886/1886/1886 1887/1887/1887 1888/1888/1888 
f 1889/1889/1889 1890/1890/1890 1891/1891/1891 
f 1892/1892/1892 1893/1893/1893 1894/1894/1894 
f 1895/1895/1895 1896/1896/1896 1897/1897/1897 
f 1898/1898/1898 1897/1897/1897 1899/1899/1899 
f 1900/1900/1900 1901/1901/1901 1902/1902/1902 
f 1903/1903/1903 1904/1904/1904 1905/1905/1905 
f 1906/1906/1906 1907/1907/1907 1908/1908/1908 
f 1909/1909/1909 1910/1910/1910 1911/1911/1911 
f 1912/1912/1912 1913/1913/1913 1914/1914/1914 
f 1915/1915/1915 1916/1916/1916 1917/1917/1917 
f 1918/1918/1918 1919/1919/1919 1920/1920/1920 
f 1921/1921/1921 1922/1922/1922 1923/1923/1923 
f 1924/1924/1924 1925/1925/1925 1926/1926/1926 
f 1925/1925/1925 1927/1927/1927 1928/1928/1928 
f 1929/1929/1929 1930/1930/1930 1931/1931/1931 
f 1932/1932/1932 1933/1933/1933 1934/1934/1934 
f 1935/1935/1935 1936/1936/1936 1937/1937/1937 
f 1938/1938/1938 1939/1939/1939 1935/1935/1935 
f 1940/1940/1940 1941/1941/1941 1942/1942/1942 
f 1943/1943/1943 1944/1944/1944 1940/1940/1940 
f 1945/1945/1945 1946/1946/1946 1947/1947/1947 
f 1948/1948/1948 1949/1949/1949 1950/1950/1950 
f 1951/1951/1951 1950/1950/1950 1952/1952/1952 
f 1953/1953/1953 1954/1954/1954 1955/1955/1955 
f 1956/1956/1956 1957/1957/1957 1958/1958/1958 
f 1959/1959/1959 1960/1960/1960 1961/1961/1961 
f 1962/1962/1962 1963/1963/1963 1964/1964/1964 
f 1965/1965/1965 1966/1966/1966 1967/1967/1967 
f 1968/1968/1968 1969/1969/1969 1970/1970/1970 
f 1971/1971/1971 1968/1968/1968 1970/1970/1970 
f 1972/1972/1972 1973/1973/1973 1974/1974/1974 
f 1975/1975/1975 1976/1976/1976 1977/1977/1977 
f 1978/1978/1978 1979/1979/1979 1980/1980/1980 
f 1981/1981/1981 1982/1982/1982 1983/1983/1983 
f 1981/1981/1981 1984/1984/1984 1982/1982/1982 
f 1985/1985/1985 1986/1986/1986 1987/1987/1987 
f 1988/1988/1988 1989/1989/1989 1990/1990/1990 
f 1991/1991/1991 1992/1992/1992 1993/1993/1993 
f 1994/1994/1994 1995/1995/1995 1996/1996/1996 
f 1997/1997/1997 1998/1998/1998 1999/1999/1999 
f 2000/2000/2000 2001/2001/2001 2002/2002/2002 
f 2003/2003/2003 2004/2004/2004 2005/2005/2005 
f 2006/2006/2006 2007/2007/2007 2008/2008/2008 
f 2009/2009/2009 2010/2010/2010 2011/2011/2011 
f 2012/2012/2012 2013/2013/2013 2014/2014/2014 
f 2015/2015/2015 2016/2016/2016 2017/2017/2017 
f 2018/2018/2018 2019/2019/2019 2016/2016/2016 
f 2019/2019/2019 2020/2020/2020 2021/2021/2021 
f 2022/2022/2022 2023/2023/2023 2024/2024/2024 
f 2025/2025/2025 2026/2026/2026 2027/2027/2027 
f 2028/2028/2028 2029/2029/2029 2030/2030/2030 
f 2031/2031/2031 2032/2032/2032 2033/2033/2033 
f 2034/2034/2034 2035/2035/2035 2036/2036/2036 
f 2037/2037/2037 2038/2038/2038 2039/2039/2039 
f 2040/2040/2040 2041/2041/2041 2042/2042/2042 
f 2043/2043/2043 2044/2044/2044 2045/2045/2045 
f 2046/2046/2046 2047/2047/2047 2048/2048/2048 
f 2049/2049/2049 2050/2050/2050 2051/2051/2051 
f 2052/2052/2052 2053/2053/2053 2054/2054/2054 
f 2055/2055/2055 2056/2056/2056 2057/2057/2057 
f 2058/2058/2058 2059/2059/2059 2060/2060/2060 
f 2061/2061/2061 2062/2062/2062 2063/2063/2063 
f 2063/2063/2063 2064/2064/2064 2061/2061/2061 
f 2065/2065/2065 2066/2066/2066 2067/2067/2067 
f 2068/2068/2068 2069/2069/2069 2070/2070/2070 
f 2071/2071/2071 2072/2072/2072 2073/2073/2073 
f 2074/2074/2074 2075/2075/2075 2076/2076/2076 
f 2077/2077/2077 2078/2078/2078 2079/2079/2079 
f 2080/2080/2080 2081/2081/2081 2082/2082/2082 
f 2083/2083/2083 2084/2084/2084 2085/2085/2085 
f 2086/2086/2086 2087/2087/2087 2088/2088/2088 
f 2089/2089/2089 2090/2090/2090 2091/2091/2091 
f 2092/2092/2092 2093/2093/2093 2094/2094/2094 
f 2095/2095/2095 2096/2096/2096 2097/2097/2097 
f 2098/2098/2098 2099/2099/2099 2100/2100/2100 
f 2101/2101/2101 2100/2100/2100 2102/2102/2102 
f 2103/2103/2103 2104/2104/2104 2105/2105/2105 
f 2106/2106/2106 2107/2107/2107 2108/2108/2108 
f 2109/2109/2109 2110/2110/2110 2111/2111/2111 
f 2112/2112/2112 2113/2113/2113 2114/2114/2114 
f 2115/2115/2115 2116/2116/2116 2117/2117/2117 
f 2118/2118/2118 2119/2119/2119 2120/2120/2120 
f 2121/2121/2121 2122/2122/2122 2123/2123/2123 
f 2124/2124/2124 2125/2125/2125 2126/2126/2126 
f 2127/2127/2127 2128/2128/2128 2129/2129/2129 
f 2130/2130/2130 2131/2131/2131 2132/2132/2132 
f 2133/2133/2133 2134/2134/2134 2135/2135/2135 
f 2136/2136/2136 2137/2137/2137 2138/2138/2138 
f 2139/2139/2139 2140/2140/2140 2141/2141/2141 
f 2142/2142/2142 2143/2143/2143 2144/2144/2144 
f 2145/2145/2145 2146/2146/2146 2147/2147/2147 
f 2148/2148/2148 2149/2149/2149 2150/2150/2150 
f 2151/2151/2151 2152/2152/2152 2153/2153/2153 
f 2154/2154/2154 2155/2155/2155 2156/2156/2156 
f 2157/2157/2157 2158/2158/2158 2159/2159/2159 
f 2160/2160/2160 2161/2161/2161 2162/2162/2162 
f 2163/2163/2163 2164/2164/2164 2165/2165/2165 
f 2166/2166/2166 2167/2167/2167 2168/2168/2168 
f 2166/2166/2166 2169/2169/2169 2167/2167/2167 
f 2170/2170/2170 2169/2169/2169 2171/2171/2171 
f 2172/2172/2172 2173/2173/2173 2174/2174/2174 
f 2175/2175/2175 2176/2176/2176 2177/2177/2177 
f 2178/2178/2178 2179/2179/2179 2180/2180/2180 
f 2181/2181/2181 2182/2182/2182 2183/2183/2183 
f 2184/2184/2184 2185/2185/2185 2186/2186/2186 
f 2187/2187/2187 2188/2188/2188 2189/2189/2189 
f 2190/2190/2190 2191/2191/2191 2192/2192/2192 
f 2193/2193/2193 2194/2194/2194 2195/2195/2195 
f 2196/2196/2196 2197/2197/2197 2198/2198/2198 
f 2199/2199/2199 2200/2200/2200 2201/2201/2201 
f 2200/2200/2200 2202/2202/2202 2201/2201/2201 
f 2203/2203/2203 2200/2200/2200 2204/2204/2204 
f 2205/2205/2205 2206/2206/2206 2207/2207/2207 
f 2208/2208/2208 2206/2206/2206 2209/2209/2209 
f 2210/2210/2210 2211/2211/2211 2212/2212/2212 
f 2213/2213/2213 2212/2212/2212 2214/2214/2214 
f 2215/2215/2215 2213/2213/2213 2216/2216/2216 
f 2213/2213/2213 2217/2217/2217 2216/2216/2216 
f 2218/2218/2218 2216/2216/2216 2219/2219/2219 
f 2220/2220/2220 2218/2218/2218 2221/2221/2221 
f 2222/2222/2222 2219/2219/2219 2223/2223/2223 
f 2221/2221/2221 2222/2222/2222 2224/2224/2224 
f 2222/2222/2222 2225/2225/2225 2226/2226/2226 
f 2227/2227/2227 2228/2228/2228 2226/2226/2226 
f 2229/2229/2229 2230/2230/2230 2231/2231/2231 
f 2232/2232/2232 2231/2231/2231 2233/2233/2233 
f 2234/2234/2234 2235/2235/2235 2236/2236/2236 
f 2237/2237/2237 2238/2238/2238 2239/2239/2239 
f 2240/2240/2240 2241/2241/2241 2242/2242/2242 
f 2243/2243/2243 2240/2240/2240 2242/2242/2242 
f 2244/2244/2244 2243/2243/2243 2245/2245/2245 
f 2243/2243/2243 2246/2246/2246 2247/2247/2247 
f 2248/2248/2248 2249/2249/2249 2250/2250/2250 
f 2251/2251/2251 2248/2248/2248 2250/2250/2250 
f 2252/2252/2252 2253/2253/2253 2254/2254/2254 
f 2255/2255/2255 2256/2256/2256 2257/2257/2257 
f 2258/2258/2258 2259/2259/2259 2260/2260/2260 
f 2261/2261/2261 2262/2262/2262 2263/2263/2263 
f 2264/2264/2264 2265/2265/2265 2266/2266/2266 
f 2267/2267/2267 2268/2268/2268 2269/2269/2269 
f 2270/2270/2270 2271/2271/2271 2269/2269/2269 
f 2272/2272/2272 2273/2273/2273 2274/2274/2274 
f 2274/2274/2274 2275/2275/2275 2272/2272/2272 
f 2276/2276/2276 2277/2277/2277 2278/2278/2278 
f 2279/2279/2279 2280/2280/2280 2281/2281/2281 
f 2282/2282/2282 2283/2283/2283 2284/2284/2284 
f 2285/2285/2285 2286/2286/2286 2287/2287/2287 
f 2288/2288/2288 2289/2289/2289 2290/2290/2290 
f 2291/2291/2291 2292/2292/2292 2293/2293/2293 
f 2294/2294/2294 2295/2295/2295 2296/2296/2296 
f 2297/2297/2297 2298/2298/2298 2299/2299/2299 
f 2297/2297/2297 2300/2300/2300 2301/2301/2301 
f 2302/2302/2302 2303/2303/2303 2304/2304/2304 
f 2305/2305/2305 2306/2306/2306 2307/2307/2307 
f 2308/2308/2308 2309/2309/2309 2310/2310/2310 
f 2311/2311/2311 2312/2312/2312 2313/2313/2313 
f 2314/2314/2314 2311/2311/2311 2315/2315/2315 
f 2316/2316/2316 2317/2317/2317 2318/2318/2318 
f 2319/2319/2319 2320/2320/2320 2321/2321/2321 
f 2322/2322/2322 2323/2323/2323 2324/2324/2324 
f 2325/2325/2325 2326/2326/2326 2327/2327/2327 
f 2327/2327/2327 2328/2328/2328 2325/2325/2325 
f 2329/2329/2329 2330/2330/2330 2331/2331/2331 
f 2332/2332/2332 2333/2333/2333 2334/2334/2334 
f 2335/2335/2335 2336/2336/2336 2337/2337/2337 
f 2338/2338/2338 2339/2339/2339 2335/2335/2335 
f 2340/2340/2340 2341/2341/2341 2342/2342/2342 
f 2343/2343/2343 2344/2344/2344 2345/2345/2345 
f 2346/2346/2346 2347/2347/2347 2348/2348/2348 
f 2349/2349/2349 2350/2350/2350 2351/2351/2351 
f 2352/2352/2352 2353/2353/2353 2354/2354/2354 
f 2355/2355/2355 2352/2352/2352 2356/2356/2356 
f 2357/2357/2357 2358/2358/2358 2359/2359/2359 
f 2358/2358/2358 2360/2360/2360 2359/2359/2359 
f 2361/2361/2361 2362/2362/2362 2363/2363/2363 
f 2364/2364/2364 2365/2365/2365 2366/2366/2366 
f 2367/2367/2367 2368/2368/2368 2369/2369/2369 
f 2368/2368/2368 2370/2370/2370 2369/2369/2369 
f 2371/2371/2371 2372/2372/2372 2373/2373/2373 
f 2374/2374/2374 2375/2375/2375 2376/2376/2376 
f 2377/2377/2377 2378/2378/2378 2379/2379/2379 
f 2380/2380/2380 2381/2381/2381 2382/2382/2382 
f 2383/2383/2383 2380/2380/2380 2384/2384/2384 
f 2385/2385/2385 2386/2386/2386 2387/2387/2387 
f 2388/2388/2388 2389/2389/2389 2390/2390/2390 
f 2391/2391/2391 2392/2392/2392 2393/2393/2393 
f 2394/2394/2394 2395/2395/2395 2396/2396/2396 
f 2397/2397/2397 2398/2398/2398 2399/2399/2399 
f 2400/2400/2400 2401/2401/2401 2402/2402/2402 
f 2403/2403/2403 2404/2404/2404 2405/2405/2405 
f 2406/2406/2406 2407/2407/2407 2408/2408/2408 
f 2409/2409/2409 2410/2410/2410 2406/2406/2406 
f 2411/2411/2411 2412/2412/2412 2413/2413/2413 
f 2414/2414/2414 2415/2415/2415 2416/2416/2416 
f 2417/2417/2417 2418/2418/2418 2419/2419/2419 
f 2420/2420/2420 2421/2421/2421 2422/2422/2422 
f 2423/2423/2423 2422/2422/2422 2424/2424/2424 
f 2425/2425/2425 2426/2426/2426 2427/2427/2427 
f 2428/2428/2428 2429/2429/2429 2430/2430/2430 
f 2431/2431/2431 2432/2432/2432 2433/2433/2433 
f 2433/2433/2433 2434/2434/2434 2431/2431/2431 
f 2435/2435/2435 2436/2436/2436 2437/2437/2437 
f 2438/2438/2438 2439/2439/2439 2440/2440/2440 
f 2439/2439/2439 2438/2438/2438 2441/2441/2441 
f 2442/2442/2442 2443/2443/2443 2444/2444/2444 
f 2445/2445/2445 2446/2446/2446 2447/2447/2447 
f 2445/2445/2445 2448/2448/2448 2449/2449/2449 
f 2450/2450/2450 2451/2451/2451 2452/2452/2452 
f 2453/2453/2453 2454/2454/2454 2455/2455/2455 
f 2456/2456/2456 2457/2457/2457 2458/2458/2458 
f 2459/2459/2459 2460/2460/2460 2461/2461/2461 
f 2459/2459/2459 2461/2461/2461 2462/2462/2462 
f 2463/2463/2463 2464/2464/2464 2465/2465/2465 
f 2466/2466/2466 2467/2467/2467 2468/2468/2468 
f 2469/2469/2469 2468/2468/2468 2470/2470/2470 
f 2471/2471/2471 2472/2472/2472 2473/2473/2473 
f 2474/2474/2474 2475/2475/2475 2476/2476/2476 
f 2477/2477/2477 2478/2478/2478 2479/2479/2479 
f 2480/2480/2480 2481/2481/2481 2482/2482/2482 
f 2483/2483/2483 2484/2484/2484 2485/2485/2485 
f 2486/2486/2486 2487/2487/2487 2488/2488/2488 
f 2489/2489/2489 2490/2490/2490 2491/2491/2491 
f 2492/2492/2492 2493/2493/2493 2494/2494/2494 
f 2495/2495/2495 2496/2496/2496 2497/2497/2497 
f 2498/2498/2498 2499/2499/2499 2500/2500/2500 
f 2501/2501/2501 2502/2502/2502 2503/2503/2503 
f 2504/2504/2504 2505/2505/2505 2506/2506/2506 
f 2507/2507/2507 2508/2508/2508 2509/2509/2509 
f 2510/2510/2510 2511/2511/2511 2512/2512/2512 
f 2513/2513/2513 2514/2514/2514 2515/2515/2515 
f 2515/2515/2515 2516/2516/2516 2517/2517/2517 
f 2518/2518/2518 2519/2519/2519 2520/2520/2520 
f 2521/2521/2521 2522/2522/2522 2518/2518/2518 
f 2523/2523/2523 2524/2524/2524 2525/2525/2525 
f 2526/2526/2526 2527/2527/2527 2528/2528/2528 
f 2529/2529/2529 2530/2530/2530 2531/2531/2531 
f 2532/2532/2532 2533/2533/2533 2534/2534/2534 
f 2535/2535/2535 2536/2536/2536 2537/2537/2537 
f 2538/2538/2538 2539/2539/2539 2540/2540/2540 
f 2541/2541/2541 2542/2542/2542 2543/2543/2543 
f 2544/2544/2544 2545/2545/2545 2546/2546/2546 
f 2547/2547/2547 2548/2548/2548 2549/2549/2549 
f 2547/2547/2547 2550/2550/2550 2548/2548/2548 
f 2551/2551/2551 2552/2552/2552 2553/2553/2553 
f 2554/2554/2554 2555/2555/2555 2556/2556/2556 
f 2557/2557/2557 2558/2558/2558 2559/2559/2559 
f 2560/2560/2560 2561/2561/2561 2562/2562/2562 
f 2563/2563/2563 2564/2564/2564 2565/2565/2565 
f 2566/2566/2566 2567/2567/2567 2565/2565/2565 
f 2568/2568/2568 2566/2566/2566 2569/2569/2569 
f 2570/2570/2570 2568/2568/2568 2571/2571/2571 
f 2572/2572/2572 2573/2573/2573 2574/2574/2574 
f 2575/2575/2575 2576/2576/2576 2573/2573/2573 
f 2577/2577/2577 2578/2578/2578 2579/2579/2579 
f 2577/2577/2577 2580/2580/2580 2581/2581/2581 
f 2582/2582/2582 2583/2583/2583 2577/2577/2577 
f 2582/2582/2582 2584/2584/2584 2583/2583/2583 
f 2585/2585/2585 2586/2586/2586 2587/2587/2587 
f 2588/2588/2588 2589/2589/2589 2590/2590/2590 
f 2591/2591/2591 2592/2592/2592 2593/2593/2593 
f 2592/2592/2592 2594/2594/2594 2595/2595/2595 
f 2595/2595/2595 2596/2596/2596 2592/2592/2592 
f 2597/2597/2597 2598/2598/2598 2599/2599/2599 
f 2600/2600/2600 2601/2601/2601 2602/2602/2602 
f 2603/2603/2603 2604/2604/2604 2605/2605/2605 
f 2606/2606/2606 2607/2607/2607 2608/2608/2608 
f 2609/2609/2609 2610/2610/2610 2611/2611/2611 
f 2612/2612/2612 2613/2613/2613 2614/2614/2614 
f 2615/2615/2615 2616/2616/2616 2617/2617/2617 
f 2618/2618/2618 2619/2619/2619 2620/2620/2620 
f 2621/2621/2621 2622/2622/2622 2619/2619/2619 
f 2623/2623/2623 2618/2618/2618 2624/2624/2624 
f 2625/2625/2625 2622/2622/2622 2624/2624/2624 
f 2626/2626/2626 2627/2627/2627 2628/2628/2628 
f 2629/2629/2629 2630/2630/2630 2631/2631/2631 
f 2632/2632/2632 2633/2633/2633 2634/2634/2634 
f 2635/2635/2635 2636/2636/2636 2637/2637/2637 
f 2638/2638/2638 2639/2639/2639 2635/2635/2635 
f 2640/2640/2640 2641/2641/2641 2642/2642/2642 
f 2643/2643/2643 2644/2644/2644 2645/2645/2645 
f 2646/2646/2646 2647/2647/2647 2648/2648/2648 
f 2649/2649/2649 2650/2650/2650 2651/2651/2651 
f 2652/2652/2652 2653/2653/2653 2654/2654/2654 
f 2653/2653/2653 2652/2652/2652 2655/2655/2655 
f 2656/2656/2656 2657/2657/2657 2658/2658/2658 
f 2659/2659/2659 2658/2658/2658 2657/2657/2657 
f 2660/2660/2660 2661/2661/2661 2662/2662/2662 
f 2663/2663/2663 2664/2664/2664 2665/2665/2665 
f 2666/2666/2666 2663/2663/2663 2667/2667/2667 
f 2668/2668/2668 2669/2669/2669 2670/2670/2670 
f 2671/2671/2671 2672/2672/2672 2673/2673/2673 
f 2674/2674/2674 2671/2671/2671 2673/2673/2673 
f 2671/2671/2671 2674/2674/2674 2675/2675/2675 
f 2676/2676/2676 2677/2677/2677 2674/2674/2674 
f 2677/2677/2677 2678/2678/2678 2679/2679/2679 
f 2678/2678/2678 2680/2680/2680 2681/2681/2681 
f 2682/2682/2682 2678/2678/2678 2683/2683/2683 
f 2684/2684/2684 2685/2685/2685 2683/2683/2683 
f 2686/2686/2686 2687/2687/2687 2684/2684/2684 
f 2688/2688/2688 2689/2689/2689 2690/2690/2690 
f 2691/2691/2691 2692/2692/2692 2693/2693/2693 
f 2694/2694/2694 2695/2695/2695 2696/2696/2696 
f 2697/2697/2697 2698/2698/2698 2699/2699/2699 
f 2700/2700/2700 2701/2701/2701 2699/2699/2699 
f 2702/2702/2702 2703/2703/2703 2704/2704/2704 
f 2705/2705/2705 2706/2706/2706 2707/2707/2707 
f 2708/2708/2708 2709/2709/2709 2710/2710/2710 
f 2711/2711/2711 2712/2712/2712 2713/2713/2713 
f 2714/2714/2714 2715/2715/2715 2716/2716/2716 
f 2717/2717/2717 2718/2718/2718 2719/2719/2719 
f 2720/2720/2720 2717/2717/2717 2721/2721/2721 
f 2722/2722/2722 2723/2723/2723 2720/2720/2720 
f 2723/2723/2723 2722/2722/2722 2724/2724/2724 
f 2725/2725/2725 2726/2726/2726 2727/2727/2727 
f 2728/2728/2728 2729/2729/2729 2730/2730/2730 
f 2731/2731/2731 2732/2732/2732 2733/2733/2733 
f 2734/2734/2734 2735/2735/2735 2736/2736/2736 
f 2737/2737/2737 2738/2738/2738 2739/2739/2739 
f 2740/2740/2740 2741/2741/2741 2742/2742/2742 
f 2743/2743/2743 2744/2744/2744 2745/2745/2745 
f 2746/2746/2746 2747/2747/2747 2748/2748/2748 
f 2749/2749/2749 2750/2750/2750 2751/2751/2751 
f 2752/2752/2752 2753/2753/2753 2754/2754/2754 
f 2755/2755/2755 2756/2756/2756 2757/2757/2757 
f 2758/2758/2758 2759/2759/2759 2760/2760/2760 
f 2761/2761/2761 2762/2762/2762 2763/2763/2763 
f 2764/2764/2764 2765/2765/2765 2766/2766/2766 
f 2766/2766/2766 2767/2767/2767 2768/2768/2768 
f 2766/2766/2766 2769/2769/2769 2770/2770/2770 
f 2770/2770/2770 2771/2771/2771 2772/2772/2772 
f 2773/2773/2773 2774/2774/2774 2775/2775/2775 
f 2776/2776/2776 2777/2777/2777 2778/2778/2778 
f 2779/2779/2779 2780/2780/2780 2781/2781/2781 
f 2782/2782/2782 2783/2783/2783 2784/2784/2784 
f 2785/2785/2785 2786/2786/2786 2787/2787/2787 
f 2788/2788/2788 2789/2789/2789 2790/2790/2790 
f 2791/2791/2791 2789/2789/2789 2792/2792/2792 
f 2793/2793/2793 2794/2794/2794 2795/2795/2795 
f 2796/2796/2796 2797/2797/2797 2798/2798/2798 
f 2799/2799/2799 2800/2800/2800 2801/2801/2801 
f 2802/2802/2802 2803/2803/2803 2801/2801/2801 
f 2803/2803/2803 2802/2802/2802 2804/2804/2804 
f 2805/2805/2805 2806/2806/2806 2807/2807/2807 
f 2808/2808/2808 2809/2809/2809 2810/2810/2810 
f 2811/2811/2811 2812/2812/2812 2813/2813/2813 
f 2814/2814/2814 2815/2815/2815 2816/2816/2816 
f 2817/2817/2817 2816/2816/2816 2815/2815/2815 
f 2817/2817/2817 2818/2818/2818 2819/2819/2819 
f 2820/2820/2820 2814/2814/2814 2821/2821/2821 
f 2821/2821/2821 2822/2822/2822 2823/2823/2823 
f 2824/2824/2824 2825/2825/2825 2815/2815/2815 
f 2826/2826/2826 2825/2825/2825 2824/2824/2824 
f 2815/2815/2815 2826/2826/2826 2824/2824/2824 
f 2827/2827/2827 2828/2828/2828 2829/2829/2829 
f 2830/2830/2830 2831/2831/2831 2832/2832/2832 
f 2833/2833/2833 2834/2834/2834 2835/2835/2835 
f 2836/2836/2836 2837/2837/2837 2838/2838/2838 
f 2839/2839/2839 2840/2840/2840 2841/2841/2841 
f 2842/2842/2842 2843/2843/2843 2844/2844/2844 
f 2845/2845/2845 2846/2846/2846 2847/2847/2847 
f 2848/2848/2848 2849/2849/2849 2850/2850/2850 
f 2851/2851/2851 2852/2852/2852 2853/2853/2853 
f 2854/2854/2854 2855/2855/2855 2856/2856/2856 
f 2857/2857/2857 2858/2858/2858 2859/2859/2859 
f 2860/2860/2860 2861/2861/2861 2862/2862/2862 
f 2863/2863/2863 2864/2864/2864 2865/2865/2865 
f 2866/2866/2866 2867/2867/2867 2868/2868/2868 
f 2869/2869/2869 2870/2870/2870 2871/2871/2871 
f 2872/2872/2872 2870/2870/2870 2873/2873/2873 
f 2874/2874/2874 2875/2875/2875 2876/2876/2876 
f 2877/2877/2877 2878/2878/2878 2879/2879/2879 
f 2877/2877/2877 2880/2880/2880 2881/2881/2881 
f 2882/2882/2882 2883/2883/2883 2884/2884/2884 
f 2885/2885/2885 2886/2886/2886 2887/2887/2887 
f 2888/2888/2888 2889/2889/2889 2890/2890/2890 
f 2891/2891/2891 2892/2892/2892 2893/2893/2893 
f 2894/2894/2894 2895/2895/2895 2896/2896/2896 
f 2897/2897/2897 2898/2898/2898 2899/2899/2899 
f 2900/2900/2900 2901/2901/2901 2902/2902/2902 
f 2901/2901/2901 2903/2903/2903 2902/2902/2902 
f 2904/2904/2904 2905/2905/2905 2906/2906/2906 
f 2907/2907/2907 2908/2908/2908 2909/2909/2909 
f 2910/2910/2910 2911/2911/2911 2912/2912/2912 
f 2913/2913/2913 2914/2914/2914 2915/2915/2915 
f 2916/2916/2916 2913/2913/2913 2915/2915/2915 
f 2913/2913/2913 2916/2916/2916 2917/2917/2917 
f 2916/2916/2916 2918/2918/2918 2917/2917/2917 
f 2918/2918/2918 2919/2919/2919 2920/2920/2920 
f 2921/2921/2921 2920/2920/2920 2922/2922/2922 
f 2923/2923/2923 2924/2924/2924 2925/2925/2925 
f 2926/2926/2926 2927/2927/2927 2928/2928/2928 
f 2929/2929/2929 2930/2930/2930 2931/2931/2931 
f 2930/2930/2930 2932/2932/2932 2933/2933/2933 
f 2934/2934/2934 2935/2935/2935 2936/2936/2936 
f 2937/2937/2937 2938/2938/2938 2939/2939/2939 
f 2940/2940/2940 2941/2941/2941 2942/2942/2942 
f 2943/2943/2943 2944/2944/2944 2945/2945/2945 
f 2946/2946/2946 2947/2947/2947 2948/2948/2948 
f 2949/2949/2949 2950/2950/2950 2951/2951/2951 
f 2952/2952/2952 2953/2953/2953 2954/2954/2954 
f 2955/2955/2955 2954/2954/2954 2956/2956/2956 
f 2957/2957/2957 2955/2955/2955 2958/2958/2958 
f 2959/2959/2959 2960/2960/2960 2961/2961/2961 
f 2962/2962/2962 2963/2963/2963 2964/2964/2964 
f 2965/2965/2965 2966/2966/2966 2967/2967/2967 
f 2968/2968/2968 2969/2969/2969 2970/2970/2970 
f 2971/2971/2971 2972/2972/2972 2973/2973/2973 
f 2974/2974/2974 2975/2975/2975 2976/2976/2976 
f 2977/2977/2977 2978/2978/2978 2979/2979/2979 
f 2980/2980/2980 2981/2981/2981 2982/2982/2982 
f 2983/2983/2983 2984/2984/2984 2985/2985/2985 
f 2986/2986/2986 2987/2987/2987 2988/2988/2988 
f 2989/2989/2989 2990/2990/2990 2991/2991/2991 
f 2992/2992/2992 2993/2993/2993 2994/2994/2994 
f 2995/2995/2995 2996/2996/2996 2997/2997/2997 
f 2998/2998/2998 2999/2999/2999 3000/3000/3000 
f 3001/3001/3001 3002/3002/3002 3003/3003/3003 
f 3004/3004/3004 3005/3005/3005 3006/3006/3006 
f 3007/3007/3007 3008/3008/3008 3009/3009/3009 
f 3010/3010/3010 3011/3011/3011 3012/3012/3012 
f 3013/3013/3013 3014/3014/3014 3015/3015/3015 
f 3016/3016/3016 3015/3015/3015 3014/3014/3014 
f 3017/3017/3017 3018/3018/3018 3019/3019/3019 
f 3020/3020/3020 3021/3021/3021 3018/3018/3018 
f 3022/3022/3022 3023/3023/3023 3024/3024/3024 
f 3025/3025/3025 3026/3026/3026 3027/3027/3027 
f 3028/3028/3028 3027/3027/3027 3026/3026/3026 
f 3029/3029/3029 3030/3030/3030 3031/3031/3031 
f 3032/3032/3032 3033/3033/3033 3034/3034/3034 
f 3035/3035/3035 3036/3036/3036 3037/3037/3037 
f 3038/3038/3038 3039/3039/3039 3040/3040/3040 
f 3041/3041/3041 3038/3038/3038 3042/3042/3042 
f 3043/3043/3043 3044/3044/3044 3045/3045/3045 
f 3046/3046/3046 3047/3047/3047 3048/3048/3048 
f 3049/3049/3049 3050/3050/3050 3051/3051/3051 
f 3052/3052/3052 3053/3053/3053 3054/3054/3054 
f 3055/3055/3055 3056/3056/3056 3057/3057/3057 
f 3058/3058/3058 3059/3059/3059 3060/3060/3060 
f 3061/3061/3061 3062/3062/3062 3063/3063/3063 
f 3063/3063/3063 3064/3064/3064 3061/3061/3061 
f 3065/3065/3065 3063/3063/3063 3066/3066/3066 
f 3066/3066/3066 3067/3067/3067 3065/3065/3065 
f 3067/3067/3067 3066/3066/3066 3068/3068/3068 
f 3068/3068/3068 3069/3069/3069 3067/3067/3067 
f 3070/3070/3070 3071/3071/3071 3069/3069/3069 
f 3069/3069/3069 3072/3072/3072 3073/3073/3073 
f 3074/3074/3074 3066/3066/3066 3063/3063/3063 
f 3074/3074/3074 3075/3075/3075 3066/3066/3066 
f 3074/3074/3074 3073/3073/3073 3075/3075/3075 
f 3074/3074/3074 3063/3063/3063 3076/3076/3076 
f 3074/3074/3074 3076/3076/3076 3077/3077/3077 
f 3076/3076/3076 3078/3078/3078 3079/3079/3079 
f 3080/3080/3080 3079/3079/3079 3078/3078/3078 
f 3079/3079/3079 3080/3080/3080 3081/3081/3081 
f 3074/3074/3074 3079/3079/3079 3081/3081/3081 
f 3082/3082/3082 3083/3083/3083 3080/3080/3080 
f 3084/3084/3084 3085/3085/3085 3082/3082/3082 
f 3081/3081/3081 3086/3086/3086 3087/3087/3087 
f 3074/3074/3074 3081/3081/3081 3087/3087/3087 
f 3087/3087/3087 3084/3084/3084 3088/3088/3088 
f 3084/3084/3084 3089/3089/3089 3088/3088/3088 
f 3089/3089/3089 3084/3084/3084 3090/3090/3090 
f 3091/3091/3091 3087/3087/3087 3088/3088/3088 
f 3091/3091/3091 3088/3088/3088 3089/3089/3089 
f 3091/3091/3091 3089/3089/3089 3092/3092/3092 
f 3092/3092/3092 3090/3090/3090 3093/3093/3093 
f 3094/3094/3094 3092/3092/3092 3095/3095/3095 
f 3093/3093/3093 3096/3096/3096 3092/3092/3092 
f 3091/3091/3091 3092/3092/3092 3096/3096/3096 
f 3096/3096/3096 3093/3093/3093 3097/3097/3097 
f 3097/3097/3097 3098/3098/3098 3096/3096/3096 
f 3091/3091/3091 3096/3096/3096 3098/3098/3098 
f 3098/3098/3098 3097/3097/3097 3099/3099/3099 
f 3099/3099/3099 3100/3100/3100 3098/3098/3098 
f 3100/3100/3100 3101/3101/3101 3098/3098/3098 
f 3100/3100/3100 3102/3102/3102 3101/3101/3101 
f 3074/3074/3074 3098/3098/3098 3101/3101/3101 
f 3102/3102/3102 3103/3103/3103 3101/3101/3101 
f 3074/3074/3074 3101/3101/3101 3103/3103/3103 
f 3102/3102/3102 3104/3104/3104 3103/3103/3103 
f 3105/3105/3105 3106/3106/3106 3107/3107/3107 
f 3108/3108/3108 3109/3109/3109 3110/3110/3110 
f 3111/3111/3111 3112/3112/3112 3113/3113/3113 
f 3113/3113/3113 3114/3114/3114 3115/3115/3115 
f 3116/3116/3116 3117/3117/3117 3118/3118/3118 
f 3119/3119/3119 3120/3120/3120 3121/3121/3121 
f 3122/3122/3122 3123/3123/3123 3124/3124/3124 
f 3125/3125/3125 3126/3126/3126 3127/3127/3127 
f 3128/3128/3128 3129/3129/3129 3130/3130/3130 
f 3131/3131/3131 3132/3132/3132 3133/3133/3133 
f 3134/3134/3134 3135/3135/3135 3136/3136/3136 
f 3137/3137/3137 3138/3138/3138 3139/3139/3139 
f 3140/3140/3140 3141/3141/3141 3142/3142/3142 
f 3143/3143/3143 3144/3144/3144 3145/3145/3145 
f 3146/3146/3146 3147/3147/3147 3148/3148/3148 
f 3149/3149/3149 3150/3150/3150 3151/3151/3151 
f 3152/3152/3152 3153/3153/3153 3154/3154/3154 
f 3155/3155/3155 3156/3156/3156 3157/3157/3157 
f 3157/3157/3157 3158/3158/3158 3159/3159/3159 
f 3160/3160/3160 3161/3161/3161 3162/3162/3162 
f 3104/3104/3104 3163/3163/3163 3103/3103/3103 
f 3074/3074/3074 3103/3103/3103 3163/3163/3163 
f 3164/3164/3164 3163/3163/3163 3104/3104/3104 
f 3165/3165/3165 3166/3166/3166 3163/3163/3163 
f 3074/3074/3074 3163/3163/3163 3166/3166/3166 
f 3167/3167/3167 3166/3166/3166 3164/3164/3164 
f 3166/3166/3166 3167/3167/3167 3168/3168/3168 
f 3074/3074/3074 3166/3166/3166 3168/3168/3168 
f 3169/3169/3169 3168/3168/3168 3167/3167/3167 
f 3168/3168/3168 3169/3169/3169 3170/3170/3170 
f 3074/3074/3074 3168/3168/3168 3170/3170/3170 
f 3169/3169/3169 3171/3171/3171 3170/3170/3170 
f 3074/3074/3074 3170/3170/3170 3171/3171/3171 
f 3074/3074/3074 3171/3171/3171 3172/3172/3172 
f 3091/3091/3091 3172/3172/3172 3173/3173/3173 
f 3074/3074/3074 3173/3173/3173 3174/3174/3174 
f 3091/3091/3091 3174/3174/3174 3175/3175/3175 
f 3176/3176/3176 3177/3177/3177 3175/3175/3175 
f 3177/3177/3177 3178/3178/3178 3175/3175/3175 
f 3074/3074/3074 3175/3175/3175 3178/3178/3178 
f 3178/3178/3178 3177/3177/3177 3179/3179/3179 
f 3178/3178/3178 3179/3179/3179 3180/3180/3180 
f 3074/3074/3074 3178/3178/3178 3181/3181/3181 
f 3074/3074/3074 3181/3181/3181 3182/3182/3182 
f 3074/3074/3074 3182/3182/3182 3183/3183/3183 
f 3074/3074/3074 3183/3183/3183 3184/3184/3184 
f 3184/3184/3184 3185/3185/3185 3186/3186/3186 
f 3186/3186/3186 3187/3187/3187 3184/3184/3184 
f 3187/3187/3187 3186/3186/3186 3188/3188/3188 
f 3189/3189/3189 3190/3190/3190 3185/3185/3185 
f 3074/3074/3074 3191/3191/3191 3187/3187/3187 
f 3192/3192/3192 3189/3189/3189 3193/3193/3193 
f 3193/3193/3193 3194/3194/3194 3190/3190/3190 
f 3194/3194/3194 3193/3193/3193 3195/3195/3195 
f 3188/3188/3188 3196/3196/3196 3187/3187/3187 
f 3074/3074/3074 3187/3187/3187 3196/3196/3196 
f 3196/3196/3196 3188/3188/3188 3197/3197/3197 
f 3198/3198/3198 3196/3196/3196 3197/3197/3197 
f 3196/3196/3196 3198/3198/3198 3199/3199/3199 
f 3074/3074/3074 3196/3196/3196 3199/3199/3199 
f 3200/3200/3200 3199/3199/3199 3198/3198/3198 
f 3074/3074/3074 3199/3199/3199 3201/3201/3201 
f 3199/3199/3199 3200/3200/3200 3201/3201/3201 
f 3074/3074/3074 3201/3201/3201 3202/3202/3202 
f 3203/3203/3203 3201/3201/3201 3200/3200/3200 
f 3201/3201/3201 3203/3203/3203 3204/3204/3204 
f 3202/3202/3202 3203/3203/3203 3205/3205/3205 
f 3204/3204/3204 3206/3206/3206 3207/3207/3207 
f 3091/3091/3091 3202/3202/3202 3207/3207/3207 
f 3091/3091/3091 3207/3207/3207 3208/3208/3208 
f 3091/3091/3091 3208/3208/3208 3073/3073/3073 
f 3209/3209/3209 3208/3208/3208 3207/3207/3207 
f 3209/3209/3209 3073/3073/3073 3208/3208/3208 
f 3210/3210/3210 3205/3205/3205 3209/3209/3209 
f 3211/3211/3211 3212/3212/3212 3213/3213/3213 
f 3214/3214/3214 3213/3213/3213 3212/3212/3212 
f 3215/3215/3215 3216/3216/3216 3217/3217/3217 
f 3217/3217/3217 3218/3218/3218 3219/3219/3219 
f 3220/3220/3220 3221/3221/3221 3222/3222/3222 
f 3223/3223/3223 3222/3222/3222 3221/3221/3221 
f 3224/3224/3224 3225/3225/3225 3226/3226/3226 
f 3226/3226/3226 3225/3225/3225 3227/3227/3227 
f 3228/3228/3228 3229/3229/3229 3230/3230/3230 
f 3231/3231/3231 3232/3232/3232 3233/3233/3233 
f 3234/3234/3234 3233/3233/3233 3232/3232/3232 
f 3235/3235/3235 3231/3231/3231 3236/3236/3236 
f 3237/3237/3237 3238/3238/3238 3239/3239/3239 
f 3240/3240/3240 3241/3241/3241 3242/3242/3242 
f 3242/3242/3242 3243/3243/3243 3244/3244/3244 
f 3245/3245/3245 3246/3246/3246 3247/3247/3247 
f 3248/3248/3248 3249/3249/3249 3250/3250/3250 
f 3251/3251/3251 3252/3252/3252 3253/3253/3253 
f 3253/3253/3253 3252/3252/3252 3254/3254/3254 
f 3255/3255/3255 3256/3256/3256 3257/3257/3257 
f 3255/3255/3255 3258/3258/3258 3259/3259/3259 
f 3260/3260/3260 3261/3261/3261 3262/3262/3262 
f 3260/3260/3260 3262/3262/3262 3263/3263/3263 
f 3264/3264/3264 3265/3265/3265 3266/3266/3266 
f 3267/3267/3267 3268/3268/3268 3269/3269/3269 
f 3270/3270/3270 3271/3271/3271 3272/3272/3272 
f 3273/3273/3273 3274/3274/3274 3275/3275/3275 
f 3273/3273/3273 3276/3276/3276 3274/3274/3274 
f 3277/3277/3277 3278/3278/3278 3279/3279/3279 
f 3280/3280/3280 3281/3281/3281 3282/3282/3282 
f 3283/3283/3283 3284/3284/3284 3285/3285/3285 
f 3286/3286/3286 3287/3287/3287 3288/3288/3288 
f 3289/3289/3289 3290/3290/3290 3291/3291/3291 
f 3292/3292/3292 3293/3293/3293 3294/3294/3294 
f 3295/3295/3295 3296/3296/3296 3297/3297/3297 
f 3298/3298/3298 3299/3299/3299 3300/3300/3300 
f 3301/3301/3301 3302/3302/3302 3303/3303/3303 
f 3304/3304/3304 3305/3305/3305 3306/3306/3306 
f 3307/3307/3307 3308/3308/3308 3309/3309/3309 
f 3310/3310/3310 3311/3311/3311 3312/3312/3312 
f 3313/3313/3313 3314/3314/3314 3315/3315/3315 
f 3316/3316/3316 3317/3317/3317 3318/3318/3318 
f 3319/3319/3319 3320/3320/3320 3317/3317/3317 
f 3321/3321/3321 3322/3322/3322 3319/3319/3319 
f 3323/3323/3323 3324/3324/3324 3325/3325/3325 
f 3326/3326/3326 3327/3327/3327 3328/3328/3328 
f 3328/3328/3328 3329/3329/3329 3330/3330/3330 
f 3331/3331/3331 3332/3332/3332 3333/3333/3333 
f 3334/3334/3334 3335/3335/3335 3336/3336/3336 
f 3337/3337/3337 3338/3338/3338 3339/3339/3339 
f 3340/3340/3340 3341/3341/3341 3342/3342/3342 
f 3343/3343/3343 3344/3344/3344 3345/3345/3345 
f 3346/3346/3346 3347/3347/3347 3348/3348/3348 
f 3349/3349/3349 3350/3350/3350 3351/3351/3351 
f 3352/3352/3352 3353/3353/3353 3354/3354/3354 
f 3355/3355/3355 3356/3356/3356 3357/3357/3357 
f 3358/3358/3358 3359/3359/3359 3360/3360/3360 
f 3361/3361/3361 3362/3362/3362 3363/3363/3363 
f 3364/3364/3364 3365/3365/3365 3366/3366/3366 
f 3367/3367/3367 3368/3368/3368 3369/3369/3369 
f 3370/3370/3370 3371/3371/3371 3372/3372/3372 
f 3373/3373/3373 3374/3374/3374 3375/3375/3375 
f 3376/3376/3376 3377/3377/3377 3378/3378/3378 
f 3379/3379/3379 3380/3380/3380 3381/3381/3381 
f 3382/3382/3382 3383/3383/3383 3384/3384/3384 
f 3385/3385/3385 3386/3386/3386 3387/3387/3387 
f 3388/3388/3388 3389/3389/3389 3390/3390/3390 
f 3391/3391/3391 3392/3392/3392 3393/3393/3393 
f 3394/3394/3394 3395/3395/3395 3396/3396/3396 
f 3397/3397/3397 3398/3398/3398 3399/3399/3399 
f 3400/3400/3400 3401/3401/3401 3402/3402/3402 
f 3403/3403/3403 3404/3404/3404 3405/3405/3405 
f 3406/3406/3406 3407/3407/3407 3408/3408/3408 
f 3409/3409/3409 3410/3410/3410 3411/3411/3411 
f 3411/3411/3411 3412/3412/3412 3409/3409/3409 
f 3413/3413/3413 3414/3414/3414 3415/3415/3415 
f 3416/3416/3416 3417/3417/3417 3418/3418/3418 
f 3419/3419/3419 3420/3420/3420 3421/3421/3421 
f 3422/3422/3422 3423/3423/3423 3424/3424/3424 
f 3425/3425/3425 3426/3426/3426 3427/3427/3427 
f 3428/3428/3428 3429/3429/3429 3430/3430/3430 
f 3431/3431/3431 3432/3432/3432 3433/3433/3433 
f 3433/3433/3433 3434/3434/3434 3431/3431/3431 
f 3435/3435/3435 3436/3436/3436 3437/3437/3437 
f 3438/3438/3438 3439/3439/3439 3440/3440/3440 
f 3441/3441/3441 3442/3442/3442 3443/3443/3443 
f 3444/3444/3444 3445/3445/3445 3446/3446/3446 
f 3447/3447/3447 3448/3448/3448 3449/3449/3449 
f 3450/3450/3450 3451/3451/3451 3452/3452/3452 
f 3453/3453/3453 3454/3454/3454 3455/3455/3455 
f 3456/3456/3456 3457/3457/3457 3458/3458/3458 
f 3459/3459/3459 3460/3460/3460 3461/3461/3461 
f 3460/3460/3460 3459/3459/3459 3462/3462/3462 
f 3459/3459/3459 3463/3463/3463 3462/3462/3462 
f 3463/3463/3463 3460/3460/3460 3462/3462/3462 
f 3464/3464/3464 3465/3465/3465 3466/3466/3466 
f 3467/3467/3467 3468/3468/3468 3469/3469/3469 
f 3470/3470/3470 3471/3471/3471 3472/3472/3472 
f 3473/3473/3473 3474/3474/3474 3475/3475/3475 
f 3475/3475/3475 3476/3476/3476 3477/3477/3477 
f 3478/3478/3478 3479/3479/3479 3480/3480/3480 
f 3481/3481/3481 3482/3482/3482 3483/3483/3483 
f 3484/3484/3484 3485/3485/3485 3486/3486/3486 
f 3487/3487/3487 3488/3488/3488 3489/3489/3489 
f 3490/3490/3490 3491/3491/3491 3492/3492/3492 
f 3493/3493/3493 3494/3494/3494 3495/3495/3495 
f 3496/3496/3496 3497/3497/3497 3498/3498/3498 
f 3499/3499/3499 3500/3500/3500 3497/3497/3497 
f 3501/3501/3501 3502/3502/3502 3503/3503/3503 
f 3504/3504/3504 3505/3505/3505 3506/3506/3506 
f 3507/3507/3507 3508/3508/3508 3509/3509/3509 
f 3510/3510/3510 3511/3511/3511 3512/3512/3512 
f 3513/3513/3513 3514/3514/3514 3515/3515/3515 
f 3516/3516/3516 3517/3517/3517 3518/3518/3518 
f 3519/3519/3519 3520/3520/3520 3521/3521/3521 
f 3522/3522/3522 3523/3523/3523 3524/3524/3524 
f 3525/3525/3525 3526/3526/3526 3527/3527/3527 
f 3528/3528/3528 3526/3526/3526 3525/3525/3525 
f 3529/3529/3529 3530/3530/3530 3531/3531/3531 
f 3532/3532/3532 3533/3533/3533 3534/3534/3534 
f 3535/3535/3535 3536/3536/3536 3537/3537/3537 
f 3538/3538/3538 3539/3539/3539 3540/3540/3540 
f 3541/3541/3541 3542/3542/3542 3543/3543/3543 
f 3544/3544/3544 3545/3545/3545 3546/3546/3546 
f 3547/3547/3547 3548/3548/3548 3549/3549/3549 
f 3550/3550/3550 3551/3551/3551 3552/3552/3552 
f 3553/3553/3553 3554/3554/3554 3555/3555/3555 
f 3556/3556/3556 3557/3557/3557 3558/3558/3558 
f 3559/3559/3559 3560/3560/3560 3561/3561/3561 
f 3562/3562/3562 3563/3563/3563 3564/3564/3564 
f 3565/3565/3565 3566/3566/3566 3567/3567/3567 
f 3568/3568/3568 3569/3569/3569 3570/3570/3570 
f 3571/3571/3571 3572/3572/3572 3573/3573/3573 
f 3574/3574/3574 3575/3575/3575 3576/3576/3576 
f 3577/3577/3577 3578/3578/3578 3579/3579/3579 
f 3580/3580/3580 3579/3579/3579 3578/3578/3578 
f 3581/3581/3581 3582/3582/3582 3583/3583/3583 
f 3584/3584/3584 3585/3585/3585 3586/3586/3586 
f 3587/3587/3587 3588/3588/3588 3584/3584/3584 
f 3589/3589/3589 3590/3590/3590 3591/3591/3591 
f 3590/3590/3590 3589/3589/3589 3592/3592/3592 
f 3593/3593/3593 3594/3594/3594 3595/3595/3595 
f 3596/3596/3596 3597/3597/3597 3598/3598/3598 
f 3599/3599/3599 3600/3600/3600 3601/3601/3601 
f 3602/3602/3602 3603/3603/3603 3604/3604/3604 
f 3605/3605/3605 3606/3606/3606 3607/3607/3607 
f 3608/3608/3608 3609/3609/3609 3610/3610/3610 
f 3611/3611/3611 3612/3612/3612 3613/3613/3613 
f 3614/3614/3614 3615/3615/3615 3616/3616/3616 
f 3617/3617/3617 3618/3618/3618 3619/3619/3619 
f 3620/3620/3620 3621/3621/3621 3622/3622/3622 
f 3623/3623/3623 3624/3624/3624 3625/3625/3625 
f 3626/3626/3626 3627/3627/3627 3628/3628/3628 
f 3629/3629/3629 3630/3630/3630 3631/3631/3631 
f 3632/3632/3632 3633/3633/3633 3634/3634/3634 
f 3635/3635/3635 3636/3636/3636 3637/3637/3637 
f 3638/3638/3638 3639/3639/3639 3640/3640/3640 
f 3638/3638/3638 3641/3641/3641 3642/3642/3642 
f 3643/3643/3643 3644/3644/3644 3645/3645/3645 
f 3646/3646/3646 3647/3647/3647 3648/3648/3648 
f 3649/3649/3649 3650/3650/3650 3651/3651/3651 
f 3652/3652/3652 3653/3653/3653 3654/3654/3654 
f 3655/3655/3655 3656/3656/3656 3657/3657/3657 
f 3658/3658/3658 3659/3659/3659 3660/3660/3660 
f 3661/3661/3661 3662/3662/3662 3663/3663/3663 
f 3664/3664/3664 3665/3665/3665 3666/3666/3666 
f 3667/3667/3667 3665/3665/3665 3668/3668/3668 
f 3669/3669/3669 3667/3667/3667 3670/3670/3670 
f 3671/3671/3671 3672/3672/3672 3673/3673/3673 
f 3674/3674/3674 3675/3675/3675 3676/3676/3676 
f 3677/3677/3677 3678/3678/3678 3679/3679/3679 
f 3680/3680/3680 3681/3681/3681 3682/3682/3682 
f 3683/3683/3683 3684/3684/3684 3685/3685/3685 
f 3686/3686/3686 3687/3687/3687 3688/3688/3688 
f 3689/3689/3689 3690/3690/3690 3691/3691/3691 
f 3692/3692/3692 3693/3693/3693 3694/3694/3694 
f 3695/3695/3695 3696/3696/3696 3697/3697/3697 
f 3698/3698/3698 3699/3699/3699 3700/3700/3700 
f 3700/3700/3700 3701/3701/3701 3698/3698/3698 
f 3702/3702/3702 3703/3703/3703 3704/3704/3704 
f 3705/3705/3705 3706/3706/3706 3707/3707/3707 
f 3708/3708/3708 3709/3709/3709 3710/3710/3710 
f 3711/3711/3711 3712/3712/3712 3713/3713/3713 
f 3714/3714/3714 3715/3715/3715 3716/3716/3716 
f 3715/3715/3715 3714/3714/3714 3717/3717/3717 
f 3718/3718/3718 3719/3719/3719 3720/3720/3720 
f 3721/3721/3721 3722/3722/3722 3723/3723/3723 
f 3724/3724/3724 3725/3725/3725 3726/3726/3726 
f 3727/3727/3727 3728/3728/3728 3729/3729/3729 
f 3730/3730/3730 3731/3731/3731 3732/3732/3732 
f 3733/3733/3733 3734/3734/3734 3735/3735/3735 
f 3736/3736/3736 3737/3737/3737 3738/3738/3738 
f 3739/3739/3739 3740/3740/3740 3741/3741/3741 
f 3742/3742/3742 3743/3743/3743 3744/3744/3744 
f 3745/3745/3745 3746/3746/3746 3747/3747/3747 
f 3748/3748/3748 3749/3749/3749 3750/3750/3750 
f 3751/3751/3751 3748/3748/3748 3750/3750/3750 
f 3752/3752/3752 3753/3753/3753 3754/3754/3754 
f 3755/3755/3755 3756/3756/3756 3757/3757/3757 
f 3758/3758/3758 3759/3759/3759 3760/3760/3760 
f 3761/3761/3761 3762/3762/3762 3763/3763/3763 
f 3764/3764/3764 3762/3762/3762 3765/3765/3765 
f 3766/3766/3766 3767/3767/3767 3768/3768/3768 
f 3769/3769/3769 3770/3770/3770 3771/3771/3771 
f 3772/3772/3772 3773/3773/3773 3774/3774/3774 
f 3772/3772/3772 3775/3775/3775 3776/3776/3776 
f 3777/3777/3777 3778/3778/3778 3779/3779/3779 
f 3780/3780/3780 3781/3781/3781 3782/3782/3782 
f 3783/3783/3783 3784/3784/3784 3785/3785/3785 
f 3786/3786/3786 3787/3787/3787 3788/3788/3788 
f 3789/3789/3789 3790/3790/3790 3791/3791/3791 
f 3792/3792/3792 3793/3793/3793 3794/3794/3794 
f 3795/3795/3795 3796/3796/3796 3797/3797/3797 
f 3798/3798/3798 3799/3799/3799 3800/3800/3800 
f 3801/3801/3801 3799/3799/3799 3802/3802/3802 
f 3803/3803/3803 3804/3804/3804 3805/3805/3805 
f 3806/3806/3806 3807/3807/3807 3808/3808/3808 
f 3808/3808/3808 3809/3809/3809 3806/3806/3806 
f 3810/3810/3810 3811/3811/3811 3812/3812/3812 
f 3813/3813/3813 3814/3814/3814 3815/3815/3815 
f 3816/3816/3816 3817/3817/3817 3818/3818/3818 
f 3819/3819/3819 3820/3820/3820 3821/3821/3821 
f 3822/3822/3822 3823/3823/3823 3821/3821/3821 
f 3824/3824/3824 3825/3825/3825 3826/3826/3826 
f 3827/3827/3827 3828/3828/3828 3829/3829/3829 
f 3830/3830/3830 3831/3831/3831 3832/3832/3832 
f 3833/3833/3833 3834/3834/3834 3835/3835/3835 
f 3836/3836/3836 3837/3837/3837 3838/3838/3838 
f 3839/3839/3839 3840/3840/3840 3841/3841/3841 
f 3842/3842/3842 3843/3843/3843 3844/3844/3844 
f 3845/3845/3845 3846/3846/3846 3847/3847/3847 
f 3848/3848/3848 3849/3849/3849 3850/3850/3850 
f 3851/3851/3851 3852/3852/3852 3853/3853/3853 
f 3854/3854/3854 3855/3855/3855 3856/3856/3856 
f 3857/3857/3857 3856/3856/3856 3858/3858/3858 
f 3859/3859/3859 3860/3860/3860 3861/3861/3861 
f 3862/3862/3862 3863/3863/3863 3864/3864/3864 
f 3865/3865/3865 3866/3866/3866 3867/3867/3867 
f 3868/3868/3868 3869/3869/3869 3870/3870/3870 
f 3871/3871/3871 3872/3872/3872 3873/3873/3873 
f 3874/3874/3874 3875/3875/3875 3876/3876/3876 
f 3877/3877/3877 3878/3878/3878 3879/3879/3879 
f 3880/3880/3880 3881/3881/3881 3882/3882/3882 
f 3883/3883/3883 3884/3884/3884 3885/3885/3885 
f 3886/3886/3886 3887/3887/3887 3888/3888/3888 
f 3889/3889/3889 3890/3890/3890 3891/3891/3891 
f 3892/3892/3892 3893/3893/3893 3894/3894/3894 
f 3895/3895/3895 3896/3896/3896 3897/3897/3897 
f 3898/3898/3898 3899/3899/3899 3900/3900/3900 
f 3901/3901/3901 3902/3902/3902 3903/3903/3903 
f 3904/3904/3904 3905/3905/3905 3906/3906/3906 
f 3907/3907/3907 3908/3908/3908 3909/3909/3909 
f 3910/3910/3910 3911/3911/3911 3912/3912/3912 
f 3913/3913/3913 3914/3914/3914 3915/3915/3915 
f 3916/3916/3916 3917/3917/3917 3918/3918/3918 
f 3919/3919/3919 3920/3920/3920 3921/3921/3921 
f 3922/3922/3922 3923/3923/3923 3924/3924/3924 
f 3925/3925/3925 3926/3926/3926 3927/3927/3927 
f 3928/3928/3928 3929/3929/3929 3930/3930/3930 
f 3931/3931/3931 3932/3932/3932 3933/3933/3933 
f 3934/3934/3934 3935/3935/3935 3936/3936/3936 
f 3937/3937/3937 3938/3938/3938 3939/3939/3939 
f 3940/3940/3940 3941/3941/3941 3942/3942/3942 
f 3943/3943/3943 3944/3944/3944 3945/3945/3945 
f 3946/3946/3946 3947/3947/3947 3948/3948/3948 
f 3949/3949/3949 3950/3950/3950 3951/3951/3951 
f 3950/3950/3950 3952/3952/3952 3951/3951/3951 
f 3953/3953/3953 3954/3954/3954 3951/3951/3951 
f 3955/3955/3955 3956/3956/3956 3957/3957/3957 
f 3958/3958/3958 3959/3959/3959 3960/3960/3960 
f 3961/3961/3961 3962/3962/3962 3963/3963/3963 
f 3964/3964/3964 3965/3965/3965 3966/3966/3966 
f 3967/3967/3967 3968/3968/3968 3969/3969/3969 
f 3968/3968/3968 3970/3970/3970 3971/3971/3971 
f 3972/3972/3972 3973/3973/3973 3974/3974/3974 
f 3975/3975/3975 3976/3976/3976 3977/3977/3977 
f 3978/3978/3978 3979/3979/3979 3980/3980/3980 
f 3981/3981/3981 3982/3982/3982 3983/3983/3983 
f 3984/3984/3984 3985/3985/3985 3986/3986/3986 
f 3987/3987/3987 3988/3988/3988 3989/3989/3989 
f 3990/3990/3990 3991/3991/3991 3992/3992/3992 
f 3993/3993/3993 3994/3994/3994 3995/3995/3995 
f 3996/3996/3996 3997/3997/3997 3998/3998/3998 
f 3999/3999/3999 4000/4000/4000 4001/4001/4001 
f 4002/4002/4002 4003/4003/4003 4004/4004/4004 
f 4005/4005/4005 4006/4006/4006 4007/4007/4007 
f 4008/4008/4008 4009/4009/4009 4010/4010/4010 
f 4011/4011/4011 4012/4012/4012 4013/4013/4013 
f 4014/4014/4014 4015/4015/4015 4016/4016/4016 
f 4017/4017/4017 4018/4018/4018 4019/4019/4019 
f 4020/4020/4020 4021/4021/4021 4022/4022/4022 
f 4023/4023/4023 4024/4024/4024 4025/4025/4025 
f 4026/4026/4026 4027/4027/4027 4028/4028/4028 
f 4029/4029/4029 4030/4030/4030 4031/4031/4031 
f 4032/4032/4032 4033/4033/4033 4034/4034/4034 
f 4035/4035/4035 4036/4036/4036 4037/4037/4037 
f 4038/4038/4038 4039/4039/4039 4040/4040/4040 
f 4041/4041/4041 4042/4042/4042 4043/4043/4043 
f 4044/4044/4044 4045/4045/4045 4046/4046/4046 
f 4047/4047/4047 4048/4048/4048 4049/4049/4049 
f 4050/4050/4050 4051/4051/4051 4052/4052/4052 
f 4053/4053/4053 4054/4054/4054 4055/4055/4055 
f 4056/4056/4056 4057/4057/4057 4058/4058/4058 
f 4059/4059/4059 4060/4060/4060 4061/4061/4061 
f 4062/4062/4062 4063/4063/4063 4064/4064/4064 
f 4065/4065/4065 4066/4066/4066 4067/4067/4067 
f 4068/4068/4068 4067/4067/4067 4069/4069/4069 
f 4070/4070/4070 4071/4071/4071 4072/4072/4072 
f 4073/4073/4073 4074/4074/4074 4075/4075/4075 
f 4076/4076/4076 4077/4077/4077 4078/4078/4078 
f 4079/4079/4079 4080/4080/4080 4081/4081/4081 
f 4082/4082/4082 4083/4083/4083 4084/4084/4084 
f 4085/4085/4085 4086/4086/4086 4087/4087/4087 
f 4088/4088/4088 4089/4089/4089 4090/4090/4090 
f 4091/4091/4091 4092/4092/4092 4093/4093/4093 
f 4094/4094/4094 4095/4095/4095 4096/4096/4096 
f 4097/4097/4097 4096/4096/4096 4095/4095/4095 
f 4095/4095/4095 4098/4098/4098 4099/4099/4099 
f 4100/4100/4100 4101/4101/4101 4102/4102/4102 
f 4103/4103/4103 4104/4104/4104 4105/4105/4105 
f 4106/4106/4106 4107/4107/4107 4108/4108/4108 
f 4109/4109/4109 4110/4110/4110 4111/4111/4111 
f 4112/4112/4112 4113/4113/4113 4114/4114/4114 
f 4113/4113/4113 4115/4115/4115 4116/4116/4116 
f 4117/4117/4117 4118/4118/4118 4119/4119/4119 
f 4120/4120/4120 4121/4121/4121 4122/4122/4122 
f 4123/4123/4123 4121/4121/4121 4124/4124/4124 
f 4125/4125/4125 4126/4126/4126 4127/4127/4127 
f 4128/4128/4128 4129/4129/4129 4130/4130/4130 
f 4128/4128/4128 4131/4131/4131 4132/4132/4132 
f 4133/4133/4133 4134/4134/4134 4135/4135/4135 
f 4136/4136/4136 4137/4137/4137 4138/4138/4138 
f 4139/4139/4139 4140/4140/4140 4141/4141/4141 
f 4141/4141/4141 4142/4142/4142 4143/4143/4143 
f 4144/4144/4144 4143/4143/4143 4142/4142/4142 
f 4145/4145/4145 4146/4146/4146 4147/4147/4147 
f 4148/4148/4148 4147/4147/4147 4149/4149/4149 
f 4150/4150/4150 4151/4151/4151 4152/4152/4152 
f 4153/4153/4153 4154/4154/4154 4155/4155/4155 
f 4156/4156/4156 4157/4157/4157 4158/4158/4158 
f 4159/4159/4159 4160/4160/4160 4161/4161/4161 
f 4162/4162/4162 4163/4163/4163 4164/4164/4164 
f 4165/4165/4165 4166/4166/4166 4167/4167/4167 
f 4168/4168/4168 4169/4169/4169 4166/4166/4166 
f 4170/4170/4170 4171/4171/4171 4172/4172/4172 
f 4173/4173/4173 4174/4174/4174 4175/4175/4175 
f 4176/4176/4176 4177/4177/4177 4178/4178/4178 
f 4179/4179/4179 4180/4180/4180 4181/4181/4181 
f 4182/4182/4182 4183/4183/4183 4184/4184/4184 
f 4185/4185/4185 4186/4186/4186 4187/4187/4187 
f 4188/4188/4188 4189/4189/4189 4190/4190/4190 
f 4188/4188/4188 4191/4191/4191 4189/4189/4189 
f 4192/4192/4192 4193/4193/4193 4194/4194/4194 
f 4195/4195/4195 4196/4196/4196 4197/4197/4197 
f 4198/4198/4198 4199/4199/4199 4200/4200/4200 
f 4201/4201/4201 4202/4202/4202 4203/4203/4203 
f 4201/4201/4201 4203/4203/4203 4204/4204/4204 
f 4205/4205/4205 4206/4206/4206 4207/4207/4207 
f 4208/4208/4208 4209/4209/4209 4210/4210/4210 
f 4211/4211/4211 4212/4212/4212 4213/4213/4213 
f 4214/4214/4214 4215/4215/4215 4216/4216/4216 
f 4217/4217/4217 4218/4218/4218 4219/4219/4219 
f 4220/4220/4220 4221/4221/4221 4222/4222/4222 
f 4223/4223/4223 4224/4224/4224 4225/4225/4225 
f 4226/4226/4226 4227/4227/4227 4228/4228/4228 
f 4229/4229/4229 4230/4230/4230 4231/4231/4231 
f 4232/4232/4232 4233/4233/4233 4234/4234/4234 
f 4235/4235/4235 4236/4236/4236 4237/4237/4237 
f 4238/4238/4238 4239/4239/4239 4240/4240/4240 
f 4241/4241/4241 4239/4239/4239 4242/4242/4242 
f 4243/4243/4243 4244/4244/4244 4245/4245/4245 
f 4246/4246/4246 4247/4247/4247 4248/4248/4248 
f 4249/4249/4249 4250/4250/4250 4251/4251/4251 
f 4252/4252/4252 4253/4253/4253 4254/4254/4254 
f 4255/4255/4255 4254/4254/4254 4256/4256/4256 
f 4257/4257/4257 4258/4258/4258 4252/4252/4252 
f 4259/4259/4259 4260/4260/4260 4261/4261/4261 
f 4262/4262/4262 4263/4263/4263 4264/4264/4264 
f 4265/4265/4265 4266/4266/4266 4267/4267/4267 
f 4268/4268/4268 4269/4269/4269 4270/4270/4270 
f 4271/4271/4271 4270/4270/4270 4272/4272/4272 
f 4273/4273/4273 4274/4274/4274 4268/4268/4268 
f 4274/4274/4274 4275/4275/4275 4276/4276/4276 
f 4269/4269/4269 4277/4277/4277 4278/4278/4278 
f 4279/4279/4279 4278/4278/4278 4280/4280/4280 
f 4281/4281/4281 4282/4282/4282 4283/4283/4283 
f 4284/4284/4284 4285/4285/4285 4286/4286/4286 
f 4287/4287/4287 4288/4288/4288 4289/4289/4289 
f 4290/4290/4290 4291/4291/4291 4292/4292/4292 
f 4293/4293/4293 4294/4294/4294 4295/4295/4295 
f 4296/4296/4296 4297/4297/4297 4298/4298/4298 
f 4297/4297/4297 4296/4296/4296 4299/4299/4299 
f 4300/4300/4300 4301/4301/4301 4302/4302/4302 
f 4303/4303/4303 4304/4304/4304 4302/4302/4302 
f 4305/4305/4305 4306/4306/4306 4307/4307/4307 
f 4308/4308/4308 4309/4309/4309 4310/4310/4310 
f 4311/4311/4311 4312/4312/4312 4313/4313/4313 
f 4314/4314/4314 4315/4315/4315 4316/4316/4316 
f 4317/4317/4317 4318/4318/4318 4319/4319/4319 
f 4320/4320/4320 4321/4321/4321 4322/4322/4322 
f 4323/4323/4323 4324/4324/4324 4325/4325/4325 
f 4326/4326/4326 4327/4327/4327 4328/4328/4328 
f 4329/4329/4329 4330/4330/4330 4331/4331/4331 
f 4332/4332/4332 4333/4333/4333 4334/4334/4334 
f 4335/4335/4335 4336/4336/4336 4337/4337/4337 
f 4338/4338/4338 4339/4339/4339 4340/4340/4340 
f 4341/4341/4341 4342/4342/4342 4343/4343/4343 
f 4344/4344/4344 4345/4345/4345 4346/4346/4346 
f 4347/4347/4347 4348/4348/4348 4349/4349/4349 
f 4350/4350/4350 4351/4351/4351 4352/4352/4352 
f 4353/4353/4353 4354/4354/4354 4355/4355/4355 
f 4356/4356/4356 4357/4357/4357 4358/4358/4358 
f 4359/4359/4359 4360/4360/4360 4361/4361/4361 
f 4362/4362/4362 4363/4363/4363 4364/4364/4364 
f 4365/4365/4365 4366/4366/4366 4367/4367/4367 
f 4368/4368/4368 4369/4369/4369 4370/4370/4370 
f 4371/4371/4371 4372/4372/4372 4373/4373/4373 
f 4374/4374/4374 4373/4373/4373 4375/4375/4375 
f 4376/4376/4376 4377/4377/4377 4378/4378/4378 
f 4379/4379/4379 4380/4380/4380 4381/4381/4381 
f 4382/4382/4382 4383/4383/4383 4384/4384/4384 
f 4385/4385/4385 4386/4386/4386 4387/4387/4387 
f 4388/4388/4388 4389/4389/4389 4390/4390/4390 
f 4391/4391/4391 4392/4392/4392 4393/4393/4393 
f 4394/4394/4394 4395/4395/4395 4396/4396/4396 
f 4397/4397/4397 4398/4398/4398 4399/4399/4399 
f 4400/4400/4400 4401/4401/4401 4402/4402/4402 
f 4403/4403/4403 4404/4404/4404 4405/4405/4405 
f 4406/4406/4406 4407/4407/4407 4408/4408/4408 
f 4409/4409/4409 4408/4408/4408 4410/4410/4410 
f 4411/4411/4411 4412/4412/4412 4409/4409/4409 
f 4413/4413/4413 4414/4414/4414 4415/4415/4415 
f 4416/4416/4416 4417/4417/4417 4418/4418/4418 
f 4419/4419/4419 4420/4420/4420 4421/4421/4421 
f 4422/4422/4422 4423/4423/4423 4424/4424/4424 
f 4424/4424/4424 4423/4423/4423 4425/4425/4425 
f 4425/4425/4425 4426/4426/4426 4427/4427/4427 
f 4428/4428/4428 4429/4429/4429 4430/4430/4430 
f 4431/4431/4431 4432/4432/4432 4433/4433/4433 
f 4434/4434/4434 4435/4435/4435 4436/4436/4436 
f 4437/4437/4437 4438/4438/4438 4439/4439/4439 
f 4440/4440/4440 4441/4441/4441 4442/4442/4442 
f 4443/4443/4443 4444/4444/4444 4445/4445/4445 
f 4446/4446/4446 4447/4447/4447 4448/4448/4448 
f 4449/4449/4449 4450/4450/4450 4451/4451/4451 
f 4452/4452/4452 4453/4453/4453 4454/4454/4454 
f 4455/4455/4455 4456/4456/4456 4454/4454/4454 
f 4457/4457/4457 4458/4458/4458 4459/4459/4459 
f 4460/4460/4460 4461/4461/4461 4462/4462/4462 
f 4463/4463/4463 4464/4464/4464 4465/4465/4465 
f 4466/4466/4466 4467/4467/4467 4468/4468/4468 
f 4469/4469/4469 4470/4470/4470 4471/4471/4471 
f 4472/4472/4472 4473/4473/4473 4474/4474/4474 
f 4475/4475/4475 4476/4476/4476 4477/4477/4477 
f 4478/4478/4478 4479/4479/4479 4477/4477/4477 
f 4480/4480/4480 4475/4475/4475 4481/4481/4481 
f 4482/4482/4482 4483/4483/4483 4484/4484/4484 
f 4485/4485/4485 4486/4486/4486 4487/4487/4487 
f 4488/4488/4488 4489/4489/4489 4490/4490/4490 
f 4491/4491/4491 4492/4492/4492 4493/4493/4493 
f 4494/4494/4494 4495/4495/4495 4496/4496/4496 
f 4497/4497/4497 4498/4498/4498 4499/4499/4499 
f 4500/4500/4500 4501/4501/4501 4502/4502/4502 
f 4503/4503/4503 4504/4504/4504 4505/4505/4505 
f 4506/4506/4506 4507/4507/4507 4508/4508/4508 
f 4509/4509/4509 4510/4510/4510 4511/4511/4511 
f 4512/4512/4512 4513/4513/4513 4514/4514/4514 
f 4515/4515/4515 4516/4516/4516 4517/4517/4517 
f 4518/4518/4518 4517/4517/4517 4519/4519/4519 
f 4520/4520/4520 4521/4521/4521 4522/4522/4522 
f 4523/4523/4523 4522/4522/4522 4524/4524/4524 
f 4525/4525/4525 4526/4526/4526 4527/4527/4527 
f 4528/4528/4528 4529/4529/4529 4530/4530/4530 
f 4531/4531/4531 4532/4532/4532 4533/4533/4533 
f 4534/4534/4534 4535/4535/4535 4536/4536/4536 
f 4537/4537/4537 4538/4538/4538 4539/4539/4539 
f 4540/4540/4540 4541/4541/4541 4542/4542/4542 
f 4543/4543/4543 4544/4544/4544 4545/4545/4545 
f 4546/4546/4546 4547/4547/4547 4548/4548/4548 
f 4549/4549/4549 4550/4550/4550 4551/4551/4551 
f 4552/4552/4552 4553/4553/4553 4554/4554/4554 
f 4553/4553/4553 4555/4555/4555 4556/4556/4556 
f 4557/4557/4557 4558/4558/4558 4559/4559/4559 
f 4560/4560/4560 4561/4561/4561 4562/4562/4562 
f 4563/4563/4563 4564/4564/4564 4561/4561/4561 
f 4565/4565/4565 4566/4566/4566 4567/4567/4567 
f 4568/4568/4568 4569/4569/4569 4570/4570/4570 
f 4571/4571/4571 4572/4572/4572 4573/4573/4573 
f 4574/4574/4574 4575/4575/4575 4576/4576/4576 
f 4577/4577/4577 4578/4578/4578 4579/4579/4579 
f 4580/4580/4580 4581/4581/4581 4582/4582/4582 
f 4583/4583/4583 4584/4584/4584 4585/4585/4585 
f 4586/4586/4586 4587/4587/4587 4588/4588/4588 
f 4589/4589/4589 4590/4590/4590 4591/4591/4591 
f 4592/4592/4592 4593/4593/4593 4594/4594/4594 
f 4595/4595/4595 4596/4596/4596 4597/4597/4597 
f 4598/4598/4598 4599/4599/4599 4600/4600/4600 
f 4601/4601/4601 4602/4602/4602 4603/4603/4603 
f 4604/4604/4604 4605/4605/4605 4606/4606/4606 
f 4607/4607/4607 4608/4608/4608 4609/4609/4609 
f 4610/4610/4610 4611/4611/4611 4612/4612/4612 
f 4613/4613/4613 4614/4614/4614 4615/4615/4615 
f 4614/4614/4614 4616/4616/4616 4617/4617/4617 
f 4618/4618/4618 4619/4619/4619 4620/4620/4620 
f 4621/4621/4621 4622/4622/4622 4623/4623/4623 
f 4624/4624/4624 4625/4625/4625 4626/4626/4626 
f 4625/4625/4625 4627/4627/4627 4628/4628/4628 
f 4629/4629/4629 4630/4630/4630 4631/4631/4631 
f 4632/4632/4632 4633/4633/4633 4634/4634/4634 
f 4635/4635/4635 4636/4636/4636 4637/4637/4637 
f 4638/4638/4638 4636/4636/4636 4639/4639/4639 
f 4640/4640/4640 4641/4641/4641 4642/4642/4642 
f 4643/4643/4643 4644/4644/4644 4645/4645/4645 
f 4646/4646/4646 4647/4647/4647 4648/4648/4648 
f 4649/4649/4649 4650/4650/4650 4651/4651/4651 
f 4652/4652/4652 4653/4653/4653 4654/4654/4654 
f 4655/4655/4655 4656/4656/4656 4657/4657/4657 
f 4658/4658/4658 4659/4659/4659 4660/4660/4660 
f 4661/4661/4661 4662/4662/4662 4663/4663/4663 
f 4664/4664/4664 4665/4665/4665 4662/4662/4662 
f 4666/4666/4666 4667/4667/4667 4668/4668/4668 
f 4669/4669/4669 4670/4670/4670 4671/4671/4671 
f 4672/4672/4672 4673/4673/4673 4674/4674/4674 
f 4675/4675/4675 4676/4676/4676 4677/4677/4677 
f 4678/4678/4678 4679/4679/4679 4680/4680/4680 
f 4681/4681/4681 4682/4682/4682 4683/4683/4683 
f 4684/4684/4684 4685/4685/4685 4686/4686/4686 
f 4687/4687/4687 4688/4688/4688 4689/4689/4689 
f 4690/4690/4690 4691/4691/4691 4692/4692/4692 
f 4693/4693/4693 4694/4694/4694 4695/4695/4695 
f 4696/4696/4696 4697/4697/4697 4698/4698/4698 
f 4699/4699/4699 4700/4700/4700 4701/4701/4701 
f 4702/4702/4702 4703/4703/4703 4700/4700/4700 
f 4704/4704/4704 4705/4705/4705 4706/4706/4706 
f 4707/4707/4707 4708/4708/4708 4709/4709/4709 
f 4710/4710/4710 4711/4711/4711 4712/4712/4712 
f 4713/4713/4713 4714/4714/4714 4715/4715/4715 
f 4716/4716/4716 4717/4717/4717 4718/4718/4718 
f 4719/4719/4719 4720/4720/4720 4721/4721/4721 
f 4722/4722/4722 4723/4723/4723 4724/4724/4724 
f 4725/4725/4725 4726/4726/4726 4727/4727/4727 
f 4728/4728/4728 4729/4729/4729 4730/4730/4730 
f 4731/4731/4731 4732/4732/4732 4733/4733/4733 
f 4734/4734/4734 4735/4735/4735 4736/4736/4736 
f 4737/4737/4737 4738/4738/4738 4739/4739/4739 
f 4740/4740/4740 4741/4741/4741 4742/4742/4742 
f 4742/4742/4742 4743/4743/4743 4744/4744/4744 
f 4745/4745/4745 4746/4746/4746 4742/4742/4742 
f 4747/4747/4747 4748/4748/4748 4749/4749/4749 
f 4750/4750/4750 4751/4751/4751 4747/4747/4747 
f 4752/4752/4752 4753/4753/4753 4754/4754/4754 
f 4755/4755/4755 4756/4756/4756 4757/4757/4757 
f 4758/4758/4758 4759/4759/4759 4760/4760/4760 
f 4761/4761/4761 4762/4762/4762 4763/4763/4763 
f 4764/4764/4764 4765/4765/4765 4766/4766/4766 
f 4767/4767/4767 4768/4768/4768 4769/4769/4769 
f 4770/4770/4770 4771/4771/4771 4772/4772/4772 
f 4773/4773/4773 4774/4774/4774 4775/4775/4775 
f 4776/4776/4776 4777/4777/4777 4778/4778/4778 
f 4779/4779/4779 4780/4780/4780 4781/4781/4781 
f 4782/4782/4782 4783/4783/4783 4784/4784/4784 
f 4784/4784/4784 4785/4785/4785 4782/4782/4782 
f 4786/4786/4786 4787/4787/4787 4788/4788/4788 
f 4789/4789/4789 4790/4790/4790 4791/4791/4791 
f 4792/4792/4792 4793/4793/4793 4794/4794/4794 
f 4795/4795/4795 4796/4796/4796 4797/4797/4797 
f 4798/4798/4798 4799/4799/4799 4800/4800/4800 
f 4800/4800/4800 4801/4801/4801 4802/4802/4802 
f 4803/4803/4803 4804/4804/4804 4805/4805/4805 
f 4806/4806/4806 4807/4807/4807 4808/4808/4808 
f 4809/4809/4809 4810/4810/4810 4811/4811/4811 
f 4812/4812/4812 4813/4813/4813 4814/4814/4814 
f 4815/4815/4815 4816/4816/4816 4817/4817/4817 
f 4818/4818/4818 4819/4819/4819 4820/4820/4820 
f 4821/4821/4821 4822/4822/4822 4823/4823/4823 
f 4824/4824/4824 4825/4825/4825 4826/4826/4826 
f 4827/4827/4827 4828/4828/4828 4829/4829/4829 
f 4830/4830/4830 4831/4831/4831 4832/4832/4832 
f 4833/4833/4833 4834/4834/4834 4835/4835/4835 
f 4836/4836/4836 4837/4837/4837 4838/4838/4838 
f 4839/4839/4839 4840/4840/4840 4841/4841/4841 
f 4841/4841/4841 4842/4842/4842 4839/4839/4839 
f 4843/4843/4843 4844/4844/4844 4845/4845/4845 
f 4846/4846/4846 4847/4847/4847 4848/4848/4848 
f 4849/4849/4849 4850/4850/4850 4851/4851/4851 
f 4852/4852/4852 4853/4853/4853 4854/4854/4854 
f 4855/4855/4855 4856/4856/4856 4857/4857/4857 
f 4858/4858/4858 4859/4859/4859 4860/4860/4860 
f 4861/4861/4861 4862/4862/4862 4863/4863/4863 
f 4864/4864/4864 4865/4865/4865 4866/4866/4866 
f 4867/4867/4867 4868/4868/4868 4869/4869/4869 
f 4870/4870/4870 4871/4871/4871 4872/4872/4872 
f 4873/4873/4873 4874/4874/4874 4875/4875/4875 
f 4876/4876/4876 4877/4877/4877 4878/4878/4878 
f 4879/4879/4879 4880/4880/4880 4881/4881/4881 
f 4880/4880/4880 4882/4882/4882 4883/4883/4883 
f 4884/4884/4884 4885/4885/4885 4886/4886/4886 
f 4887/4887/4887 4888/4888/4888 4889/4889/4889 
f 4890/4890/4890 4891/4891/4891 4892/4892/4892 
f 4893/4893/4893 4894/4894/4894 4895/4895/4895 
f 4896/4896/4896 4897/4897/4897 4898/4898/4898 
f 4899/4899/4899 4900/4900/4900 4901/4901/4901 
f 4902/4902/4902 4903/4903/4903 4904/4904/4904 
f 4903/4903/4903 4902/4902/4902 4905/4905/4905 
f 4906/4906/4906 4907/4907/4907 4908/4908/4908 
f 4909/4909/4909 4910/4910/4910 4911/4911/4911 
f 4912/4912/4912 4913/4913/4913 4914/4914/4914 
f 4915/4915/4915 4916/4916/4916 4917/4917/4917 
f 4918/4918/4918 4919/4919/4919 4920/4920/4920 
f 4921/4921/4921 4922/4922/4922 4923/4923/4923 
f 4924/4924/4924 4925/4925/4925 4926/4926/4926 
f 4927/4927/4927 4928/4928/4928 4929/4929/4929 
f 4930/4930/4930 4931/4931/4931 4932/4932/4932 
f 4933/4933/4933 4934/4934/4934 4935/4935/4935 
f 4936/4936/4936 4937/4937/4937 4938/4938/4938 
f 4939/4939/4939 4940/4940/4940 4941/4941/4941 
f 4942/4942/4942 4943/4943/4943 4944/4944/4944 
f 4945/4945/4945 4946/4946/4946 4947/4947/4947 
f 4948/4948/4948 4949/4949/4949 4950/4950/4950 
f 4951/4951/4951 4952/4952/4952 4953/4953/4953 
f 4954/4954/4954 4955/4955/4955 4956/4956/4956 
f 4957/4957/4957 4958/4958/4958 4959/4959/4959 
f 4960/4960/4960 4961/4961/4961 4962/4962/4962 
f 4963/4963/4963 4964/4964/4964 4965/4965/4965 
f 4966/4966/4966 4967/4967/4967 4968/4968/4968 
f 4969/4969/4969 4970/4970/4970 4971/4971/4971 
f 4972/4972/4972 4973/4973/4973 4974/4974/4974 
f 4975/4975/4975 4976/4976/4976 4977/4977/4977 
f 4978/4978/4978 4979/4979/4979 4980/4980/4980 
f 4981/4981/4981 4982/4982/4982 4983/4983/4983 
f 4984/4984/4984 4985/4985/4985 4986/4986/4986 
f 4987/4987/4987 4988/4988/4988 4989/4989/4989 
f 4988/4988/4988 4987/4987/4987 4990/4990/4990 
f 4991/4991/4991 4992/4992/4992 4993/4993/4993 
f 4994/4994/4994 4995/4995/4995 4996/4996/4996 
f 4997/4997/4997 4998/4998/4998 4999/4999/4999 
f 5000/5000/5000 5001/5001/5001 5002/5002/5002 
f 5003/5003/5003 5004/5004/5004 5005/5005/5005 
f 5006/5006/5006 5007/5007/5007 5008/5008/5008 
f 5009/5009/5009 5010/5010/5010 5011/5011/5011 
f 5012/5012/5012 5013/5013/5013 5014/5014/5014 
f 5015/5015/5015 5016/5016/5016 5017/5017/5017 
f 5018/5018/5018 5019/5019/5019 5020/5020/5020 
f 5021/5021/5021 5022/5022/5022 5023/5023/5023 
f 5024/5024/5024 5025/5025/5025 5026/5026/5026 
f 5027/5027/5027 5028/5028/5028 5029/5029/5029 
f 5030/5030/5030 5031/5031/5031 5032/5032/5032 
f 5033/5033/5033 5034/5034/5034 5035/5035/5035 
f 5036/5036/5036 5037/5037/5037 5038/5038/5038 
f 5039/5039/5039 5040/5040/5040 5041/5041/5041 
f 5042/5042/5042 5043/5043/5043 5044/5044/5044 
f 5045/5045/5045 5046/5046/5046 5047/5047/5047 
f 5048/5048/5048 5049/5049/5049 5050/5050/5050 
f 5051/5051/5051 5052/5052/5052 5053/5053/5053 
f 5054/5054/5054 5055/5055/5055 5056/5056/5056 
f 5057/5057/5057 5058/5058/5058 5059/5059/5059 
f 5060/5060/5060 5061/5061/5061 5062/5062/5062 
f 5063/5063/5063 5064/5064/5064 5065/5065/5065 
f 5066/5066/5066 5067/5067/5067 5068/5068/5068 
f 5069/5069/5069 5070/5070/5070 5071/5071/5071 
f 5072/5072/5072 5073/5073/5073 5074/5074/5074 
f 5075/5075/5075 5076/5076/5076 5077/5077/5077 
f 5078/5078/5078 5079/5079/5079 5080/5080/5080 
f 5081/5081/5081 5082/5082/5082 5083/5083/5083 
f 5084/5084/5084 5085/5085/5085 5086/5086/5086 
f 5085/5085/5085 5087/5087/5087 5088/5088/5088 
f 5089/5089/5089 5090/5090/5090 5091/5091/5091 
f 5092/5092/5092 5093/5093/5093 5094/5094/5094 
f 5095/5095/5095 5096/5096/5096 5097/5097/5097 
f 5098/5098/5098 5099/5099/5099 5100/5100/5100 
f 5101/5101/5101 5102/5102/5102 5103/5103/5103 
f 5104/5104/5104 5105/5105/5105 5106/5106/5106 
f 5107/5107/5107 5108/5108/5108 5109/5109/5109 
f 5110/5110/5110 5111/5111/5111 5112/5112/5112 
f 5113/5113/5113 5114/5114/5114 5115/5115/5115 
f 5116/5116/5116 5117/5117/5117 5118/5118/5118 
f 5119/5119/5119 5120/5120/5120 5121/5121/5121 
f 5122/5122/5122 5123/5123/5123 5124/5124/5124 
f 5123/5123/5123 5125/5125/5125 5126/5126/5126 
f 5127/5127/5127 5128/5128/5128 5129/5129/5129 
f 5130/5130/5130 5131/5131/5131 5128/5128/5128 
f 5132/5132/5132 5133/5133/5133 5134/5134/5134 
f 5135/5135/5135 5136/5136/5136 5137/5137/5137 
f 5138/5138/5138 5139/5139/5139 5140/5140/5140 
f 5141/5141/5141 5142/5142/5142 5143/5143/5143 
f 5144/5144/5144 5145/5145/5145 5146/5146/5146 
f 5147/5147/5147 5148/5148/5148 5149/5149/5149 
f 5150/5150/5150 5151/5151/5151 5152/5152/5152 
f 5153/5153/5153 5154/5154/5154 5155/5155/5155 
f 5156/5156/5156 5157/5157/5157 5158/5158/5158 
f 5159/5159/5159 5160/5160/5160 5161/5161/5161 
f 5162/5162/5162 5163/5163/5163 5164/5164/5164 
f 5165/5165/5165 5166/5166/5166 5167/5167/5167 
f 5168/5168/5168 5169/5169/5169 5170/5170/5170 
f 5171/5171/5171 5172/5172/5172 5173/5173/5173 
f 5174/5174/5174 5175/5175/5175 5176/5176/5176 
f 5177/5177/5177 5178/5178/5178 5179/5179/5179 
f 5180/5180/5180 5181/5181/5181 5182/5182/5182 
f 5183/5183/5183 5184/5184/5184 5185/5185/5185 
f 5186/5186/5186 5187/5187/5187 5188/5188/5188 
f 5189/5189/5189 5190/5190/5190 5191/5191/5191 
f 5192/5192/5192 5193/5193/5193 5194/5194/5194 
f 5195/5195/5195 5196/5196/5196 5197/5197/5197 
f 5198/5198/5198 5199/5199/5199 5200/5200/5200 
f 5201/5201/5201 5202/5202/5202 5203/5203/5203 
f 5204/5204/5204 5205/5205/5205 5206/5206/5206 
f 5207/5207/5207 5208/5208/5208 5209/5209/5209 
f 5210/5210/5210 5211/5211/5211 5207/5207/5207 
f 5212/5212/5212 5213/5213/5213 5214/5214/5214 
f 5215/5215/5215 5216/5216/5216 5217/5217/5217 
f 5218/5218/5218 5219/5219/5219 5220/5220/5220 
f 5221/5221/5221 5222/5222/5222 5223/5223/5223 
f 5224/5224/5224 5225/5225/5225 5226/5226/5226 
f 5227/5227/5227 5228/5228/5228 5229/5229/5229 
f 5230/5230/5230 5231/5231/5231 5232/5232/5232 
f 5233/5233/5233 5234/5234/5234 5235/5235/5235 
f 5236/5236/5236 5237/5237/5237 5238/5238/5238 
f 5239/5239/5239 5240/5240/5240 5241/5241/5241 
f 5242/5242/5242 5243/5243/5243 5244/5244/5244 
f 5245/5245/5245 5246/5246/5246 5247/5247/5247 
f 5248/5248/5248 5249/5249/5249 5250/5250/5250 
f 5251/5251/5251 5252/5252/5252 5253/5253/5253 
f 5254/5254/5254 5255/5255/5255 5256/5256/5256 
f 5257/5257/5257 5258/5258/5258 5259/5259/5259 
f 5260/5260/5260 5261/5261/5261 5262/5262/5262 
f 5263/5263/5263 5264/5264/5264 5265/5265/5265 
f 5266/5266/5266 5267/5267/5267 5268/5268/5268 
f 5269/5269/5269 5270/5270/5270 5271/5271/5271 
f 5272/5272/5272 5273/5273/5273 5274/5274/5274 
f 5275/5275/5275 5276/5276/5276 5277/5277/5277 
f 5278/5278/5278 5279/5279/5279 5280/5280/5280 
f 5281/5281/5281 5282/5282/5282 5283/5283/5283 
f 5284/5284/5284 5285/5285/5285 5286/5286/5286 
f 5287/5287/5287 5288/5288/5288 5289/5289/5289 
f 5290/5290/5290 5291/5291/5291 5292/5292/5292 
f 5293/5293/5293 5294/5294/5294 5295/5295/5295 
f 5296/5296/5296 5297/5297/5297 5298/5298/5298 
f 5299/5299/5299 5300/5300/5300 5301/5301/5301 
f 5302/5302/5302 5303/5303/5303 5304/5304/5304 
f 5305/5305/5305 5306/5306/5306 5307/5307/5307 
f 5308/5308/5308 5309/5309/5309 5310/5310/5310 
f 5311/5311/5311 5312/5312/5312 5313/5313/5313 
f 5314/5314/5314 5315/5315/5315 5316/5316/5316 
f 5317/5317/5317 5318/5318/5318 5319/5319/5319 
f 5320/5320/5320 5321/5321/5321 5322/5322/5322 
f 5323/5323/5323 5324/5324/5324 5325/5325/5325 
f 5326/5326/5326 5327/5327/5327 5328/5328/5328 
f 5329/5329/5329 5330/5330/5330 5331/5331/5331 
f 5332/5332/5332 5333/5333/5333 5334/5334/5334 
f 5335/5335/5335 5336/5336/5336 5337/5337/5337 
f 5338/5338/5338 5339/5339/5339 5340/5340/5340 
f 5341/5341/5341 5342/5342/5342 5343/5343/5343 
f 5344/5344/5344 5345/5345/5345 5346/5346/5346 
f 5347/5347/5347 5348/5348/5348 5349/5349/5349 
f 5350/5350/5350 5351/5351/5351 5352/5352/5352 
f 5353/5353/5353 5354/5354/5354 5355/5355/5355 
f 5356/5356/5356 5357/5357/5357 5358/5358/5358 
f 5359/5359/5359 5360/5360/5360 5361/5361/5361 
f 5362/5362/5362 5363/5363/5363 5364/5364/5364 
f 5365/5365/5365 5366/5366/5366 5367/5367/5367 
f 5368/5368/5368 5369/5369/5369 5370/5370/5370 
f 5371/5371/5371 5372/5372/5372 5373/5373/5373 
f 5374/5374/5374 5375/5375/5375 5376/5376/5376 
f 5377/5377/5377 5378/5378/5378 5379/5379/5379 
f 5380/5380/5380 5381/5381/5381 5382/5382/5382 
f 5383/5383/5383 5384/5384/5384 5385/5385/5385 
f 5386/5386/5386 5387/5387/5387 5388/5388/5388 
f 5389/5389/5389 5390/5390/5390 5391/5391/5391 
f 5392/5392/5392 5393/5393/5393 5394/5394/5394 
f 5395/5395/5395 5396/5396/5396 5397/5397/5397 
f 5398/5398/5398 5399/5399/5399 5396/5396/5396 
f 5400/5400/5400 5401/5401/5401 5402/5402/5402 
f 5403/5403/5403 5404/5404/5404 5405/5405/5405 
f 5406/5406/5406 5407/5407/5407 5403/5403/5403 
f 5408/5408/5408 5409/5409/5409 5410/5410/5410 
f 5411/5411/5411 5412/5412/5412 5413/5413/5413 
f 5414/5414/5414 5415/5415/5415 5416/5416/5416 
f 5417/5417/5417 5418/5418/5418 5419/5419/5419 
f 5420/5420/5420 5421/5421/5421 5422/5422/5422 
f 5423/5423/5423 5424/5424/5424 5425/5425/5425 
f 5426/5426/5426 5427/5427/5427 5428/5428/5428 
f 5429/5429/5429 5430/5430/5430 5431/5431/5431 
f 5432/5432/5432 5433/5433/5433 5434/5434/5434 
f 5435/5435/5435 5436/5436/5436 5437/5437/5437 
f 5438/5438/5438 5439/5439/5439 5440/5440/5440 
f 5441/5441/5441 5442/5442/5442 5443/5443/5443 
f 5444/5444/5444 5445/5445/5445 5446/5446/5446 
f 5447/5447/5447 5448/5448/5448 5449/5449/5449 
f 5450/5450/5450 5451/5451/5451 5452/5452/5452 
f 5453/5453/5453 5454/5454/5454 5451/5451/5451 
f 5455/5455/5455 5456/5456/5456 5457/5457/5457 
f 5458/5458/5458 5459/5459/5459 5460/5460/5460 
f 5461/5461/5461 5462/5462/5462 5463/5463/5463 
f 5464/5464/5464 5465/5465/5465 5466/5466/5466 
f 5467/5467/5467 5464/5464/5464 5468/5468/5468 
f 5469/5469/5469 5470/5470/5470 5471/5471/5471 
f 5472/5472/5472 5473/5473/5473 5474/5474/5474 
f 5475/5475/5475 5476/5476/5476 5477/5477/5477 
f 5478/5478/5478 5479/5479/5479 5480/5480/5480 
f 5481/5481/5481 5482/5482/5482 5483/5483/5483 
f 5484/5484/5484 5485/5485/5485 5486/5486/5486 
f 5487/5487/5487 5488/5488/5488 5489/5489/5489 
f 5490/5490/5490 5491/5491/5491 5492/5492/5492 
f 5493/5493/5493 5494/5494/5494 5495/5495/5495 
f 5496/5496/5496 5497/5497/5497 5498/5498/5498 
f 5499/5499/5499 5500/5500/5500 5501/5501/5501 
f 5502/5502/5502 5503/5503/5503 5504/5504/5504 
f 5505/5505/5505 5506/5506/5506 5507/5507/5507 
f 5508/5508/5508 5509/5509/5509 5510/5510/5510 
f 5511/5511/5511 5512/5512/5512 5513/5513/5513 
f 5514/5514/5514 5515/5515/5515 5516/5516/5516 
f 5517/5517/5517 5518/5518/5518 5519/5519/5519 
f 5520/5520/5520 5521/5521/5521 5522/5522/5522 
f 5523/5523/5523 5524/5524/5524 5525/5525/5525 
f 5526/5526/5526 5527/5527/5527 5528/5528/5528 
f 5529/5529/5529 5530/5530/5530 5531/5531/5531 
f 5532/5532/5532 5533/5533/5533 5534/5534/5534 
f 5535/5535/5535 5536/5536/5536 5537/5537/5537 
f 5538/5538/5538 5539/5539/5539 5540/5540/5540 
f 5541/5541/5541 5542/5542/5542 5543/5543/5543 
f 5544/5544/5544 5545/5545/5545 5546/5546/5546 
f 5547/5547/5547 5548/5548/5548 5549/5549/5549 
f 5550/5550/5550 5551/5551/5551 5552/5552/5552 
f 5553/5553/5553 5554/5554/5554 5555/5555/5555 
f 5556/5556/5556 5557/5557/5557 5558/5558/5558 
f 5559/5559/5559 5560/5560/5560 5561/5561/5561 
f 5562/5562/5562 5563/5563/5563 5564/5564/5564 
f 5565/5565/5565 5566/5566/5566 5567/5567/5567 
f 5568/5568/5568 5569/5569/5569 5570/5570/5570 
f 5571/5571/5571 5572/5572/5572 5573/5573/5573 
f 5574/5574/5574 5575/5575/5575 5576/5576/5576 
f 5574/5574/5574 5577/5577/5577 5578/5578/5578 
f 5579/5579/5579 5580/5580/5580 5581/5581/5581 
f 5582/5582/5582 5583/5583/5583 5584/5584/5584 
f 5585/5585/5585 5586/5586/5586 5587/5587/5587 
f 5588/5588/5588 5589/5589/5589 5590/5590/5590 
f 5591/5591/5591 5592/5592/5592 5593/5593/5593 
f 5594/5594/5594 5595/5595/5595 5596/5596/5596 
f 5597/5597/5597 5598/5598/5598 5599/5599/5599 
f 5600/5600/5600 5601/5601/5601 5602/5602/5602 
f 5603/5603/5603 5604/5604/5604 5605/5605/5605 
f 5606/5606/5606 5607/5607/5607 5608/5608/5608 
f 5609/5609/5609 5610/5610/5610 5611/5611/5611 
f 5612/5612/5612 5613/5613/5613 5614/5614/5614 
f 5615/5615/5615 5616/5616/5616 5617/5617/5617 
f 5618/5618/5618 5619/5619/5619 5620/5620/5620 
f 5621/5621/5621 5622/5622/5622 5623/5623/5623 
f 5624/5624/5624 5625/5625/5625 5626/5626/5626 
f 5627/5627/5627 5628/5628/5628 5629/5629/5629 

g Handle2

v 0.75051 104.568 0.000271841 
v 0.75051 104.568 -0.306891 
v 0.75051 104.673 -0.288367 
v 0.75051 104.765 -0.235028 
v 0.75051 104.834 -0.153309 
v 0.75051 104.871 -0.0530663 
v 0.75051 104.871 0.0536102 
v 0.75051 104.834 0.153853 
v 0.75051 104.765 0.235572 
v 0.75051 104.673 0.28891 
v 0.75051 104.568 0.307434 
v 0.75051 104.463 0.28891 
v 0.75051 104.371 0.235572 
v 0.75051 104.302 0.153853 
v 0.75051 104.266 0.0536097 
v 0.75051 104.266 -0.0530663 
v 0.75051 104.302 -0.15331 
v 0.75051 104.371 -0.235028 
v 0.75051 104.463 -0.288367 
v 0.73667 104.685 -0.319766 
v 0.73667 104.568 -0.340306 
v 0.73667 104.787 -0.260626 
v 0.73667 104.863 -0.170017 
v 0.73667 104.903 -0.0588688 
v 0.73667 104.903 0.0594127 
v 0.73667 104.863 0.170561 
v 0.73667 104.787 0.261169 
v 0.73667 104.685 0.32031 
v 0.73667 104.568 0.340849 
v 0.73667 104.452 0.32031 
v 0.73667 104.349 0.261169 
v 0.73667 104.273 0.170561 
v 0.73667 104.233 0.0594122 
v 0.73667 104.233 -0.0588688 
v 0.73667 104.273 -0.170017 
v 0.73667 104.349 -0.260626 
v 0.73667 104.452 -0.319766 
v 0.703255 104.689 -0.332772 
v 0.73667 104.685 -0.319766 
v 0.73667 104.568 -0.340306 
v 0.703255 104.568 -0.354146 
v 0.703255 104.796 -0.271228 
v 0.73667 104.787 -0.260626 
v 0.703255 104.875 -0.176937 
v 0.73667 104.863 -0.170017 
v 0.703255 104.917 -0.0612723 
v 0.73667 104.903 -0.0588688 
v 0.703255 104.917 0.0618162 
v 0.73667 104.903 0.0594127 
v 0.703255 104.875 0.177481 
v 0.73667 104.863 0.170561 
v 0.703255 104.796 0.271772 
v 0.73667 104.787 0.261169 
v 0.703255 104.689 0.333316 
v 0.73667 104.685 0.32031 
v 0.703255 104.568 0.35469 
v 0.73667 104.568 0.340849 
v 0.703255 104.447 0.333316 
v 0.73667 104.452 0.32031 
v 0.703255 104.34 0.271772 
v 0.73667 104.349 0.261169 
v 0.703255 104.261 0.177481 
v 0.73667 104.273 0.170561 
v 0.703255 104.219 0.0618157 
v 0.73667 104.233 0.0594122 
v 0.703255 104.219 -0.0612723 
v 0.73667 104.233 -0.0588688 
v 0.703255 104.261 -0.176937 
v 0.73667 104.273 -0.170017 
v 0.703255 104.34 -0.271228 
v 0.73667 104.349 -0.260626 
v 0.703255 104.447 -0.332772 
v 0.73667 104.452 -0.319766 
v 0.73667 104.452 -0.319766 
v 0.703255 104.447 -0.332772 
v 0.608745 104.689 -0.332772 
v 0.608745 104.568 -0.354146 
v 0.608745 104.796 -0.271228 
v 0.608745 104.875 -0.176937 
v 0.608745 104.917 -0.0612723 
v 0.608745 104.917 0.0618162 
v 0.608745 104.875 0.177481 
v 0.608745 104.796 0.271772 
v 0.608745 104.689 0.333316 
v 0.608745 104.568 0.35469 
v 0.608745 104.447 0.333316 
v 0.608745 104.34 0.271772 
v 0.608745 104.261 0.177481 
v 0.608745 104.219 0.0618157 
v 0.608745 104.219 -0.0612723 
v 0.608745 104.261 -0.176937 
v 0.608745 104.34 -0.271228 
v 0.608745 104.447 -0.332772 
v 0.608745 104.447 -0.332772 
v 0.57533 104.685 -0.319766 
v 0.57533 104.568 -0.340306 
v 0.57533 104.787 -0.260626 
v 0.57533 104.863 -0.170017 
v 0.57533 104.903 -0.0588688 
v 0.57533 104.903 0.0594127 
v 0.57533 104.863 0.170561 
v 0.57533 104.787 0.261169 
v 0.57533 104.685 0.32031 
v 0.57533 104.568 0.340849 
v 0.57533 104.452 0.32031 
v 0.57533 104.349 0.261169 
v 0.57533 104.273 0.170561 
v 0.57533 104.233 0.0594127 
v 0.57533 104.233 -0.0588688 
v 0.57533 104.273 -0.170017 
v 0.57533 104.349 -0.260626 
v 0.57533 104.452 -0.319766 
v 0.57533 104.452 -0.319766 
v 0.56149 104.673 -0.288366 
v 0.57533 104.685 -0.319766 
v 0.57533 104.568 -0.340306 
v 0.56149 104.568 -0.306891 
v 0.56149 104.765 -0.235028 
v 0.57533 104.787 -0.260626 
v 0.56149 104.834 -0.153309 
v 0.57533 104.863 -0.170017 
v 0.56149 104.871 -0.0530663 
v 0.57533 104.903 -0.0588688 
v 0.56149 104.871 0.0536102 
v 0.57533 104.903 0.0594127 
v 0.56149 104.834 0.153853 
v 0.57533 104.863 0.170561 
v 0.56149 104.765 0.235572 
v 0.57533 104.787 0.261169 
v 0.56149 104.673 0.28891 
v 0.57533 104.685 0.32031 
v 0.56149 104.568 0.307435 
v 0.57533 104.568 0.340849 
v 0.56149 104.463 0.28891 
v 0.57533 104.452 0.32031 
v 0.56149 104.371 0.235572 
v 0.57533 104.349 0.261169 
v 0.56149 104.302 0.153853 
v 0.57533 104.273 0.170561 
v 0.56149 104.266 0.0536102 
v 0.57533 104.233 0.0594127 
v 0.56149 104.266 -0.0530663 
v 0.57533 104.233 -0.0588688 
v 0.56149 104.302 -0.153309 
v 0.57533 104.273 -0.170017 
v 0.56149 104.371 -0.235028 
v 0.57533 104.349 -0.260626 
v 0.56149 104.463 -0.288366 
v 0.57533 104.452 -0.319766 
v 0.56149 104.568 0.000271934 
v -0.61894 104.959 -0.172652 
v -0.63376 104.864 -0.172652 
v -0.63376 104.864 0.177348 
v -0.61894 104.959 0.177348 
v -0.572745 105.044 -0.172652 
v -0.572745 105.044 0.177348 
v -0.499135 105.108 -0.172652 
v -0.499135 105.108 0.177348 
v -0.403578 105.153 -0.172652 
v -0.403578 105.153 0.177348 
v -0.288665 105.181 -0.172652 
v -0.288665 105.181 0.177348 
v -0.154861 105.196 -0.172652 
v -0.154861 105.196 0.177348 
v -0.00214321 105.201 -0.172653 
v -0.00214309 105.201 0.177347 
v 0.151339 105.196 -0.172653 
v 0.151339 105.196 0.177347 
v 0.287075 105.181 -0.172653 
v 0.287075 105.181 0.177347 
v 0.404557 105.153 -0.172653 
v 0.404557 105.153 0.177347 
v 0.502915 105.109 -0.172653 
v 0.502915 105.109 0.177347 
v 0.579395 105.045 -0.172653 
v 0.579395 105.045 0.177347 
v 0.62812 104.96 -0.172653 
v 0.62812 104.96 0.177347 
v 0.643935 104.865 -0.172653 
v 0.643935 104.865 0.177347 
v -0.5843 104.857 0.177348 
v -0.5843 104.857 -0.172652 
v -0.571525 104.943 -0.172652 
v -0.571525 104.943 0.177348 
v -0.5338 105.013 -0.172652 
v -0.5338 105.013 0.177348 
v -0.5338 105.013 0.177348 
v -0.5338 105.013 -0.172652 
v -0.472014 105.066 -0.172652 
v -0.472014 105.066 0.177348 
v -0.387062 105.105 -0.172652 
v -0.387062 105.105 0.177348 
v -0.279837 105.132 -0.172652 
v -0.279837 105.132 0.177348 
v -0.151231 105.146 -0.172652 
v -0.151231 105.146 0.177348 
v -0.00213904 105.151 -0.172653 
v -0.00213892 105.151 0.177347 
v 0.147758 105.146 -0.172653 
v 0.147758 105.146 0.177347 
v 0.278438 105.132 -0.172653 
v 0.278439 105.132 0.177347 
v 0.3885 105.105 -0.172653 
v 0.388501 105.105 0.177347 
v 0.476543 105.066 -0.172653 
v 0.476543 105.066 0.177347 
v 0.541165 105.013 -0.172653 
v 0.541165 105.013 0.177347 
v 0.541165 105.013 0.177347 
v 0.541165 105.013 -0.172653 
v 0.580965 104.943 -0.172653 
v 0.580965 104.943 0.177347 
v 0.594545 104.857 -0.172653 
v 0.594545 104.857 0.177347 
v -0.5843 104.857 0.177348 
v -0.571525 104.943 0.177348 
v -0.61894 104.959 0.177348 
v -0.63376 104.864 0.177348 
v -0.571525 104.943 -0.172652 
v -0.5843 104.857 -0.172652 
v -0.63376 104.864 -0.172652 
v -0.61894 104.959 -0.172652 
v -0.5843 104.857 -0.172652 
v -0.5843 104.857 0.177348 
v -0.63376 104.864 0.177348 
v -0.63376 104.864 -0.172652 
v -0.5338 105.013 0.177348 
v -0.572745 105.044 0.177348 
v -0.5338 105.013 -0.172652 
v -0.572745 105.044 -0.172652 
v -0.472014 105.066 0.177348 
v -0.499135 105.108 0.177348 
v -0.472014 105.066 -0.172652 
v -0.499135 105.108 -0.172652 
v -0.387062 105.105 0.177348 
v -0.403578 105.153 0.177348 
v -0.387062 105.105 -0.172652 
v -0.403578 105.153 -0.172652 
v -0.279837 105.132 0.177348 
v -0.288665 105.181 0.177348 
v -0.279837 105.132 -0.172652 
v -0.288665 105.181 -0.172652 
v -0.151231 105.146 0.177348 
v -0.154861 105.196 0.177348 
v -0.151231 105.146 -0.172652 
v -0.154861 105.196 -0.172652 
v -0.00213892 105.151 0.177347 
v -0.00214309 105.201 0.177347 
v -0.00213904 105.151 -0.172653 
v -0.00214321 105.201 -0.172653 
v 0.147758 105.146 0.177347 
v 0.151339 105.196 0.177347 
v 0.147758 105.146 -0.172653 
v 0.151339 105.196 -0.172653 
v 0.278439 105.132 0.177347 
v 0.287075 105.181 0.177347 
v 0.278438 105.132 -0.172653 
v 0.287075 105.181 -0.172653 
v 0.388501 105.105 0.177347 
v 0.404557 105.153 0.177347 
v 0.3885 105.105 -0.172653 
v 0.404557 105.153 -0.172653 
v 0.476543 105.066 0.177347 
v 0.502915 105.109 0.177347 
v 0.476543 105.066 -0.172653 
v 0.502915 105.109 -0.172653 
v 0.541165 105.013 0.177347 
v 0.579395 105.045 0.177347 
v 0.541165 105.013 -0.172653 
v 0.579395 105.045 -0.172653 
v 0.580965 104.943 0.177347 
v 0.62812 104.96 0.177347 
v 0.580965 104.943 -0.172653 
v 0.62812 104.96 -0.172653 
v 0.594545 104.857 0.177347 
v 0.643935 104.865 0.177347 
v 0.594545 104.857 0.177347 
v 0.594545 104.857 -0.172653 
v 0.643935 104.865 -0.172653 
v 0.643935 104.865 0.177347 
v 0.594545 104.857 -0.172653 
v 0.643935 104.865 -0.172653 
v -0.5615 104.568 0.00027254 
v -0.5615 104.568 -0.30689 
v -0.5615 104.673 -0.288366 
v -0.5615 104.765 -0.235028 
v -0.5615 104.834 -0.153309 
v -0.5615 104.871 -0.0530658 
v -0.5615 104.871 0.0536107 
v -0.5615 104.834 0.153854 
v -0.5615 104.765 0.235573 
v -0.5615 104.673 0.288911 
v -0.5615 104.568 0.307435 
v -0.5615 104.463 0.288911 
v -0.5615 104.371 0.235573 
v -0.5615 104.302 0.153854 
v -0.5615 104.266 0.0536107 
v -0.5615 104.266 -0.0530658 
v -0.5615 104.302 -0.153309 
v -0.5615 104.371 -0.235028 
v -0.5615 104.463 -0.288366 
v -0.57534 104.685 -0.319766 
v -0.57534 104.568 -0.340305 
v -0.57534 104.787 -0.260625 
v -0.57534 104.863 -0.170016 
v -0.57534 104.903 -0.0588683 
v -0.57534 104.903 0.0594132 
v -0.57534 104.863 0.170561 
v -0.57534 104.787 0.26117 
v -0.57534 104.685 0.320311 
v -0.57534 104.568 0.34085 
v -0.57534 104.452 0.320311 
v -0.57534 104.349 0.26117 
v -0.57534 104.273 0.170561 
v -0.57534 104.233 0.0594132 
v -0.57534 104.233 -0.0588683 
v -0.57534 104.273 -0.170016 
v -0.57534 104.349 -0.260625 
v -0.57534 104.452 -0.319766 
v -0.608755 104.689 -0.332772 
v -0.57534 104.685 -0.319766 
v -0.57534 104.568 -0.340305 
v -0.608755 104.568 -0.354146 
v -0.608755 104.796 -0.271228 
v -0.57534 104.787 -0.260625 
v -0.608755 104.875 -0.176937 
v -0.57534 104.863 -0.170016 
v -0.608755 104.917 -0.0612718 
v -0.57534 104.903 -0.0588683 
v -0.608755 104.917 0.0618167 
v -0.57534 104.903 0.0594132 
v -0.608755 104.875 0.177482 
v -0.57534 104.863 0.170561 
v -0.608755 104.796 0.271773 
v -0.57534 104.787 0.26117 
v -0.608755 104.689 0.333317 
v -0.57534 104.685 0.320311 
v -0.608755 104.568 0.354691 
v -0.57534 104.568 0.34085 
v -0.608755 104.447 0.333317 
v -0.57534 104.452 0.320311 
v -0.608755 104.34 0.271773 
v -0.57534 104.349 0.26117 
v -0.608755 104.261 0.177482 
v -0.57534 104.273 0.170561 
v -0.608755 104.219 0.0618167 
v -0.57534 104.233 0.0594132 
v -0.608755 104.219 -0.0612718 
v -0.57534 104.233 -0.0588683 
v -0.608755 104.261 -0.176937 
v -0.57534 104.273 -0.170016 
v -0.608755 104.34 -0.271228 
v -0.57534 104.349 -0.260625 
v -0.608755 104.447 -0.332772 
v -0.57534 104.452 -0.319766 
v -0.608755 104.568 -0.354146 
v -0.57534 104.568 -0.340305 
v -0.70327 104.689 -0.332772 
v -0.70327 104.568 -0.354146 
v -0.70327 104.796 -0.271228 
v -0.70327 104.875 -0.176937 
v -0.703265 104.917 -0.0612713 
v -0.703265 104.917 0.0618167 
v -0.703265 104.875 0.177482 
v -0.703265 104.796 0.271773 
v -0.703265 104.689 0.333317 
v -0.703265 104.568 0.354691 
v -0.703265 104.447 0.333317 
v -0.703265 104.34 0.271773 
v -0.703265 104.261 0.177482 
v -0.70327 104.219 0.0618167 
v -0.70327 104.219 -0.0612718 
v -0.70327 104.261 -0.176937 
v -0.70327 104.34 -0.271228 
v -0.70327 104.447 -0.332772 
v -0.70327 104.568 -0.354146 
v -0.73668 104.685 -0.319765 
v -0.73668 104.568 -0.340305 
v -0.73668 104.787 -0.260625 
v -0.73668 104.863 -0.170016 
v -0.73668 104.903 -0.0588683 
v -0.73668 104.903 0.0594132 
v -0.73668 104.863 0.170561 
v -0.73668 104.787 0.26117 
v -0.73668 104.685 0.320311 
v -0.73668 104.568 0.34085 
v -0.73668 104.452 0.320311 
v -0.73668 104.349 0.26117 
v -0.73668 104.273 0.170561 
v -0.73668 104.233 0.0594132 
v -0.73668 104.233 -0.0588683 
v -0.73668 104.273 -0.170016 
v -0.73668 104.349 -0.260625 
v -0.73668 104.452 -0.319766 
v -0.73668 104.568 -0.340305 
v -0.750525 104.673 -0.288366 
v -0.73668 104.685 -0.319765 
v -0.73668 104.568 -0.340305 
v -0.750525 104.568 -0.30689 
v -0.750525 104.765 -0.235028 
v -0.73668 104.787 -0.260625 
v -0.750525 104.834 -0.153309 
v -0.73668 104.863 -0.170016 
v -0.750525 104.871 -0.0530658 
v -0.73668 104.903 -0.0588683 
v -0.750525 104.871 0.0536107 
v -0.73668 104.903 0.0594132 
v -0.750525 104.834 0.153854 
v -0.73668 104.863 0.170561 
v -0.750525 104.765 0.235573 
v -0.73668 104.787 0.26117 
v -0.750525 104.673 0.288911 
v -0.73668 104.685 0.320311 
v -0.750525 104.568 0.307435 
v -0.73668 104.568 0.34085 
v -0.750525 104.463 0.288911 
v -0.73668 104.452 0.320311 
v -0.750525 104.371 0.235573 
v -0.73668 104.349 0.26117 
v -0.750525 104.302 0.153854 
v -0.73668 104.273 0.170561 
v -0.750525 104.266 0.0536107 
v -0.73668 104.233 0.0594132 
v -0.750525 104.266 -0.0530658 
v -0.73668 104.233 -0.0588683 
v -0.750525 104.302 -0.153309 
v -0.73668 104.273 -0.170016 
v -0.750525 104.371 -0.235028 
v -0.73668 104.349 -0.260625 
v -0.750525 104.463 -0.288366 
v -0.73668 104.452 -0.319766 
v -0.750525 104.568 0.000272632 

vn 1 0 0 
vn 0.968504 0.015748 -0.23622 
vn 0.968504 0.0944882 -0.212598 
vn 0.968504 0.15748 -0.173228 
vn 0.968504 0.212598 -0.102362 
vn 0.968504 0.23622 -0.023622 
vn 0.968504 0.228346 0.0551181 
vn 0.968504 0.19685 0.125984 
vn 0.968504 0.141732 0.188976 
vn 0.968504 0.0708661 0.220472 
vn 0.968504 -0.015748 0.23622 
vn 0.968504 -0.0944882 0.212598 
vn 0.968504 -0.15748 0.173228 
vn 0.968504 -0.212598 0.102362 
vn 0.968504 -0.23622 0.023622 
vn 0.968504 -0.228346 -0.0551181 
vn 0.968504 -0.19685 -0.125984 
vn 0.968504 -0.141732 -0.188976 
vn 0.968504 -0.0708661 -0.220472 
vn 0.708661 0.259843 -0.653543 
vn 0.708661 0.015748 -0.708661 
vn 0.708661 0.464567 -0.527559 
vn 0.708661 0.622047 -0.338583 
vn 0.708661 0.700787 -0.102362 
vn 0.708661 0.692913 0.141732 
vn 0.708661 0.606299 0.370079 
vn 0.708661 0.440945 0.551181 
vn 0.708661 0.228346 0.669291 
vn 0.708661 -0.015748 0.708661 
vn 0.708661 -0.259843 0.653543 
vn 0.708661 -0.464567 0.527559 
vn 0.708661 -0.622047 0.338583 
vn 0.708661 -0.700787 0.102362 
vn 0.708661 -0.692913 -0.141732 
vn 0.708661 -0.606299 -0.370079 
vn 0.708661 -0.440945 -0.551181 
vn 0.708661 -0.228346 -0.669291 
vn 0.19685 0.338583 -0.92126 
vn 0.708661 0.259843 -0.653543 
vn 0.708661 0.015748 -0.708661 
vn 0.19685 0 -0.984252 
vn 0.19685 0.629921 -0.748031 
vn 0.708661 0.464567 -0.527559 
vn 0.19685 0.850394 -0.488189 
vn 0.708661 0.622047 -0.338583 
vn 0.19685 0.968504 -0.165354 
vn 0.708661 0.700787 -0.102362 
vn 0.19685 0.968504 0.173228 
vn 0.708661 0.692913 0.141732 
vn 0.19685 0.850394 0.496063 
vn 0.708661 0.606299 0.370079 
vn 0.19685 0.629921 0.755906 
vn 0.708661 0.440945 0.551181 
vn 0.19685 0.330709 0.92126 
vn 0.708661 0.228346 0.669291 
vn 0.19685 0 0.984252 
vn 0.708661 -0.015748 0.708661 
vn 0.19685 -0.338583 0.92126 
vn 0.708661 -0.259843 0.653543 
vn 0.19685 -0.629921 0.748031 
vn 0.708661 -0.464567 0.527559 
vn 0.19685 -0.850394 0.488189 
vn 0.708661 -0.622047 0.338583 
vn 0.19685 -0.968504 0.165354 
vn 0.708661 -0.700787 0.102362 
vn 0.19685 -0.968504 -0.173228 
vn 0.708661 -0.692913 -0.141732 
vn 0.19685 -0.850394 -0.496063 
vn 0.708661 -0.606299 -0.370079 
vn 0.19685 -0.629921 -0.755906 
vn 0.708661 -0.440945 -0.551181 
vn 0.19685 -0.330709 -0.92126 
vn 0.708661 -0.228346 -0.669291 
vn 0.708661 -0.228346 -0.669291 
vn 0.19685 -0.330709 -0.92126 
vn -0.19685 0.330709 -0.92126 
vn -0.19685 0 -0.984252 
vn -0.19685 0.629921 -0.755906 
vn -0.19685 0.850394 -0.496063 
vn -0.19685 0.968504 -0.173228 
vn -0.19685 0.968504 0.165354 
vn -0.19685 0.850394 0.488189 
vn -0.19685 0.629921 0.748031 
vn -0.19685 0.338583 0.92126 
vn -0.19685 0 0.984252 
vn -0.19685 -0.330709 0.92126 
vn -0.19685 -0.629921 0.755906 
vn -0.19685 -0.850394 0.496063 
vn -0.19685 -0.968504 0.173228 
vn -0.19685 -0.968504 -0.165354 
vn -0.19685 -0.850394 -0.488189 
vn -0.19685 -0.629921 -0.748031 
vn -0.19685 -0.338583 -0.92126 
vn -0.19685 -0.338583 -0.92126 
vn -0.708661 0.228346 -0.669291 
vn -0.708661 -0.015748 -0.708661 
vn -0.708661 0.440945 -0.551181 
vn -0.708661 0.606299 -0.370079 
vn -0.708661 0.692913 -0.141732 
vn -0.708661 0.700787 0.102362 
vn -0.708661 0.622047 0.338583 
vn -0.708661 0.464567 0.527559 
vn -0.708661 0.259843 0.653543 
vn -0.708661 0.015748 0.708661 
vn -0.708661 -0.228346 0.669291 
vn -0.708661 -0.440945 0.551181 
vn -0.708661 -0.606299 0.370079 
vn -0.708661 -0.692913 0.141732 
vn -0.708661 -0.700787 -0.102362 
vn -0.708661 -0.622047 -0.338583 
vn -0.708661 -0.464567 -0.527559 
vn -0.708661 -0.259843 -0.653543 
vn -0.708661 -0.259843 -0.653543 
vn -0.968504 0.0708661 -0.220472 
vn -0.708661 0.228346 -0.669291 
vn -0.708661 -0.015748 -0.708661 
vn -0.968504 -0.015748 -0.23622 
vn -0.968504 0.141732 -0.188976 
vn -0.708661 0.440945 -0.551181 
vn -0.968504 0.19685 -0.125984 
vn -0.708661 0.606299 -0.370079 
vn -0.968504 0.228346 -0.0551181 
vn -0.708661 0.692913 -0.141732 
vn -0.968504 0.23622 0.023622 
vn -0.708661 0.700787 0.102362 
vn -0.968504 0.212598 0.102362 
vn -0.708661 0.622047 0.338583 
vn -0.968504 0.15748 0.173228 
vn -0.708661 0.464567 0.527559 
vn -0.968504 0.0944882 0.212598 
vn -0.708661 0.259843 0.653543 
vn -0.968504 0.015748 0.23622 
vn -0.708661 0.015748 0.708661 
vn -0.968504 -0.0708661 0.220472 
vn -0.708661 -0.228346 0.669291 
vn -0.968504 -0.141732 0.188976 
vn -0.708661 -0.440945 0.551181 
vn -0.968504 -0.19685 0.125984 
vn -0.708661 -0.606299 0.370079 
vn -0.968504 -0.228346 0.0551181 
vn -0.708661 -0.692913 0.141732 
vn -0.968504 -0.23622 -0.023622 
vn -0.708661 -0.700787 -0.102362 
vn -0.968504 -0.212598 -0.102362 
vn -0.708661 -0.622047 -0.338583 
vn -0.968504 -0.15748 -0.173228 
vn -0.708661 -0.464567 -0.527559 
vn -0.968504 -0.0944882 -0.212598 
vn -0.708661 -0.259843 -0.653543 
vn -1 0 0 
vn -0.96063 0.267717 0 
vn -0.984252 0.15748 0 
vn -0.984252 0.15748 0 
vn -0.929134 0.377953 0 
vn -0.818898 0.574803 0 
vn -0.740157 0.669291 0 
vn -0.582677 0.811024 0 
vn -0.503937 0.866142 0 
vn -0.362205 0.929134 0 
vn -0.299213 0.952756 0 
vn -0.19685 0.976378 0 
vn -0.15748 0.984252 0 
vn -0.0866142 1 0 
vn -0.0551181 1 0 
vn -0.00787402 1 0 
vn 0.00787402 1 0 
vn 0.0551181 1 0 
vn 0.0866142 1 0 
vn 0.149606 0.992126 0 
vn 0.19685 0.984252 0 
vn 0.291339 0.952756 0 
vn 0.354331 0.937008 0 
vn 0.488189 0.874016 0 
vn 0.566929 0.826772 0 
vn 0.724409 0.685039 0 
vn 0.80315 0.598425 0 
vn 0.92126 0.393701 0 
vn 0.96063 0.275591 0 
vn 0.984252 0.165354 0 
vn 0.984252 0.165354 0 
vn 0.992126 -0.149606 0 
vn 0.992126 -0.149606 0 
vn 0.968504 -0.259843 0 
vn 0.929134 -0.370079 0 
vn 0.818898 -0.582677 0 
vn 0.740157 -0.669291 0 
vn 0.740157 -0.669291 0 
vn 0.818898 -0.582677 0 
vn 0.582677 -0.811024 0 
vn 0.503937 -0.866142 0 
vn 0.362205 -0.929134 0 
vn 0.299213 -0.952756 0 
vn 0.19685 -0.984252 0 
vn 0.15748 -0.984252 0 
vn 0.0866142 -1 0 
vn 0.0551181 -1 0 
vn 0.00787402 -1 0 
vn -0.00787402 -1 0 
vn -0.0551181 -1 0 
vn -0.0866142 -1 0 
vn -0.149606 -0.992126 0 
vn -0.188976 -0.984252 0 
vn -0.291339 -0.952756 0 
vn -0.346457 -0.937008 0 
vn -0.488189 -0.874016 0 
vn -0.566929 -0.826772 0 
vn -0.724409 -0.692913 0 
vn -0.80315 -0.598425 0 
vn -0.80315 -0.598425 0 
vn -0.724409 -0.692913 0 
vn -0.92126 -0.393701 0 
vn -0.96063 -0.275591 0 
vn -0.984252 -0.15748 0 
vn -0.984252 -0.15748 0 
vn 0.992126 -0.149606 0 
vn 0.929134 -0.370079 0 
vn -0.929134 0.377953 0 
vn -0.984252 0.15748 0 
vn 0.968504 -0.259843 0 
vn 0.992126 -0.149606 0 
vn -0.984252 0.15748 0 
vn -0.96063 0.267717 0 
vn 0.992126 -0.149606 0 
vn 0.992126 -0.149606 0 
vn -0.984252 0.15748 0 
vn -0.984252 0.15748 0 
vn 0.740157 -0.669291 0 
vn -0.740157 0.669291 0 
vn 0.818898 -0.582677 0 
vn -0.818898 0.574803 0 
vn 0.503937 -0.866142 0 
vn -0.503937 0.866142 0 
vn 0.582677 -0.811024 0 
vn -0.582677 0.811024 0 
vn 0.299213 -0.952756 0 
vn -0.299213 0.952756 0 
vn 0.362205 -0.929134 0 
vn -0.362205 0.929134 0 
vn 0.15748 -0.984252 0 
vn -0.15748 0.984252 0 
vn 0.19685 -0.984252 0 
vn -0.19685 0.976378 0 
vn 0.0551181 -1 0 
vn -0.0551181 1 0 
vn 0.0866142 -1 0 
vn -0.0866142 1 0 
vn -0.00787402 -1 0 
vn 0.00787402 1 0 
vn 0.00787402 -1 0 
vn -0.00787402 1 0 
vn -0.0866142 -1 0 
vn 0.0866142 1 0 
vn -0.0551181 -1 0 
vn 0.0551181 1 0 
vn -0.188976 -0.984252 0 
vn 0.19685 0.984252 0 
vn -0.149606 -0.992126 0 
vn 0.149606 0.992126 0 
vn -0.346457 -0.937008 0 
vn 0.354331 0.937008 0 
vn -0.291339 -0.952756 0 
vn 0.291339 0.952756 0 
vn -0.566929 -0.826772 0 
vn 0.566929 0.826772 0 
vn -0.488189 -0.874016 0 
vn 0.488189 0.874016 0 
vn -0.80315 -0.598425 0 
vn 0.80315 0.598425 0 
vn -0.724409 -0.692913 0 
vn 0.724409 0.685039 0 
vn -0.96063 -0.275591 0 
vn 0.96063 0.275591 0 
vn -0.92126 -0.393701 0 
vn 0.92126 0.393701 0 
vn -0.984252 -0.15748 0 
vn 0.984252 0.165354 0 
vn -0.984252 -0.15748 0 
vn -0.984252 -0.15748 0 
vn 0.984252 0.165354 0 
vn 0.984252 0.165354 0 
vn -0.984252 -0.15748 0 
vn 0.984252 0.165354 0 
vn 1 0 0 
vn 0.968504 0.015748 -0.23622 
vn 0.968504 0.0944882 -0.212598 
vn 0.968504 0.15748 -0.173228 
vn 0.968504 0.212598 -0.102362 
vn 0.968504 0.23622 -0.023622 
vn 0.968504 0.228346 0.0551181 
vn 0.968504 0.19685 0.125984 
vn 0.968504 0.141732 0.188976 
vn 0.968504 0.0708661 0.220472 
vn 0.968504 -0.015748 0.23622 
vn 0.968504 -0.0944882 0.212598 
vn 0.968504 -0.15748 0.173228 
vn 0.968504 -0.212598 0.102362 
vn 0.968504 -0.23622 0.023622 
vn 0.968504 -0.228346 -0.0551181 
vn 0.968504 -0.19685 -0.125984 
vn 0.968504 -0.141732 -0.188976 
vn 0.968504 -0.0708661 -0.220472 
vn 0.708661 0.259843 -0.653543 
vn 0.708661 0.015748 -0.708661 
vn 0.708661 0.464567 -0.527559 
vn 0.708661 0.622047 -0.338583 
vn 0.708661 0.700787 -0.102362 
vn 0.708661 0.692913 0.141732 
vn 0.708661 0.606299 0.370079 
vn 0.708661 0.440945 0.551181 
vn 0.708661 0.228346 0.669291 
vn 0.708661 -0.015748 0.708661 
vn 0.708661 -0.259843 0.653543 
vn 0.708661 -0.464567 0.527559 
vn 0.708661 -0.622047 0.338583 
vn 0.708661 -0.700787 0.102362 
vn 0.708661 -0.692913 -0.141732 
vn 0.708661 -0.606299 -0.370079 
vn 0.708661 -0.440945 -0.551181 
vn 0.708661 -0.228346 -0.669291 
vn 0.19685 0.338583 -0.92126 
vn 0.708661 0.259843 -0.653543 
vn 0.708661 0.015748 -0.708661 
vn 0.19685 0 -0.984252 
vn 0.19685 0.629921 -0.748031 
vn 0.708661 0.464567 -0.527559 
vn 0.19685 0.850394 -0.488189 
vn 0.708661 0.622047 -0.338583 
vn 0.19685 0.968504 -0.165354 
vn 0.708661 0.700787 -0.102362 
vn 0.19685 0.968504 0.173228 
vn 0.708661 0.692913 0.141732 
vn 0.19685 0.850394 0.496063 
vn 0.708661 0.606299 0.370079 
vn 0.19685 0.629921 0.755906 
vn 0.708661 0.440945 0.551181 
vn 0.19685 0.330709 0.92126 
vn 0.708661 0.228346 0.669291 
vn 0.19685 0 0.984252 
vn 0.708661 -0.015748 0.708661 
vn 0.19685 -0.338583 0.92126 
vn 0.708661 -0.259843 0.653543 
vn 0.19685 -0.629921 0.748031 
vn 0.708661 -0.464567 0.527559 
vn 0.19685 -0.850394 0.488189 
vn 0.708661 -0.622047 0.338583 
vn 0.19685 -0.968504 0.165354 
vn 0.708661 -0.700787 0.102362 
vn 0.19685 -0.968504 -0.173228 
vn 0.708661 -0.692913 -0.141732 
vn 0.19685 -0.850394 -0.496063 
vn 0.708661 -0.606299 -0.370079 
vn 0.19685 -0.629921 -0.755906 
vn 0.708661 -0.440945 -0.551181 
vn 0.19685 -0.330709 -0.92126 
vn 0.708661 -0.228346 -0.669291 
vn 0.19685 0 -0.984252 
vn 0.708661 0.015748 -0.708661 
vn -0.19685 0.330709 -0.92126 
vn -0.19685 0 -0.984252 
vn -0.19685 0.629921 -0.755906 
vn -0.19685 0.850394 -0.496063 
vn -0.19685 0.968504 -0.173228 
vn -0.19685 0.968504 0.165354 
vn -0.19685 0.850394 0.488189 
vn -0.19685 0.629921 0.748031 
vn -0.19685 0.338583 0.92126 
vn -0.19685 0 0.984252 
vn -0.19685 -0.330709 0.92126 
vn -0.19685 -0.629921 0.755906 
vn -0.19685 -0.850394 0.496063 
vn -0.19685 -0.968504 0.173228 
vn -0.19685 -0.968504 -0.165354 
vn -0.19685 -0.850394 -0.488189 
vn -0.19685 -0.629921 -0.748031 
vn -0.19685 -0.338583 -0.92126 
vn -0.19685 0 -0.984252 
vn -0.708661 0.228346 -0.669291 
vn -0.708661 -0.015748 -0.708661 
vn -0.708661 0.440945 -0.551181 
vn -0.708661 0.606299 -0.370079 
vn -0.708661 0.692913 -0.141732 
vn -0.708661 0.700787 0.102362 
vn -0.708661 0.622047 0.338583 
vn -0.708661 0.464567 0.527559 
vn -0.708661 0.259843 0.653543 
vn -0.708661 0.015748 0.708661 
vn -0.708661 -0.228346 0.669291 
vn -0.708661 -0.440945 0.551181 
vn -0.708661 -0.606299 0.370079 
vn -0.708661 -0.692913 0.141732 
vn -0.708661 -0.700787 -0.102362 
vn -0.708661 -0.622047 -0.338583 
vn -0.708661 -0.464567 -0.527559 
vn -0.708661 -0.259843 -0.653543 
vn -0.708661 -0.015748 -0.708661 
vn -0.968504 0.0708661 -0.220472 
vn -0.708661 0.228346 -0.669291 
vn -0.708661 -0.015748 -0.708661 
vn -0.968504 -0.015748 -0.23622 
vn -0.968504 0.141732 -0.188976 
vn -0.708661 0.440945 -0.551181 
vn -0.968504 0.19685 -0.125984 
vn -0.708661 0.606299 -0.370079 
vn -0.968504 0.228346 -0.0551181 
vn -0.708661 0.692913 -0.141732 
vn -0.968504 0.23622 0.023622 
vn -0.708661 0.700787 0.102362 
vn -0.968504 0.212598 0.102362 
vn -0.708661 0.622047 0.338583 
vn -0.968504 0.15748 0.173228 
vn -0.708661 0.464567 0.527559 
vn -0.968504 0.0944882 0.212598 
vn -0.708661 0.259843 0.653543 
vn -0.968504 0.015748 0.23622 
vn -0.708661 0.015748 0.708661 
vn -0.968504 -0.0708661 0.220472 
vn -0.708661 -0.228346 0.669291 
vn -0.968504 -0.141732 0.188976 
vn -0.708661 -0.440945 0.551181 
vn -0.968504 -0.19685 0.125984 
vn -0.708661 -0.606299 0.370079 
vn -0.968504 -0.228346 0.0551181 
vn -0.708661 -0.692913 0.141732 
vn -0.968504 -0.23622 -0.023622 
vn -0.708661 -0.700787 -0.102362 
vn -0.968504 -0.212598 -0.102362 
vn -0.708661 -0.622047 -0.338583 
vn -0.968504 -0.15748 -0.173228 
vn -0.708661 -0.464567 -0.527559 
vn -0.968504 -0.0944882 -0.212598 
vn -0.708661 -0.259843 -0.653543 
vn -1 0 0 

vt 0.848385 0.80609 
vt 0.864613 0.80609 
vt 0.863634 0.816807 
vt 0.860816 0.826232 
vt 0.856499 0.833228 
vt 0.851203 0.83695 
vt 0.845567 0.83695 
vt 0.840271 0.833228 
vt 0.835954 0.826232 
vt 0.833136 0.816807 
vt 0.832158 0.80609 
vt 0.833136 0.795372 
vt 0.835954 0.785947 
vt 0.840271 0.778952 
vt 0.845567 0.77523 
vt 0.851203 0.77523 
vt 0.856499 0.778952 
vt 0.860816 0.785947 
vt 0.863634 0.795372 
vt 0.865293 0.817973 
vt 0.866378 0.80609 
vt 0.862169 0.828423 
vt 0.857382 0.83618 
vt 0.85151 0.840307 
vt 0.845261 0.840307 
vt 0.839389 0.83618 
vt 0.834602 0.828423 
vt 0.831477 0.817973 
vt 0.830392 0.80609 
vt 0.831477 0.794206 
vt 0.834602 0.783756 
vt 0.839389 0.775999 
vt 0.845261 0.771872 
vt 0.85151 0.771872 
vt 0.857382 0.776 
vt 0.862169 0.783756 
vt 0.865293 0.794206 
vt 0.764089 0.938974 
vt 0.764089 0.942066 
vt 0.760111 0.942066 
vt 0.760111 0.938974 
vt 0.768041 0.938974 
vt 0.768041 0.942066 
vt 0.771953 0.938974 
vt 0.771953 0.942066 
vt 0.775831 0.938974 
vt 0.775831 0.942066 
vt 0.779695 0.938974 
vt 0.779695 0.942066 
vt 0.783573 0.938974 
vt 0.783573 0.942066 
vt 0.787485 0.938974 
vt 0.787485 0.942066 
vt 0.791437 0.938974 
vt 0.791437 0.942066 
vt 0.795415 0.938974 
vt 0.795415 0.942066 
vt 0.799393 0.938974 
vt 0.799393 0.942066 
vt 0.803345 0.938974 
vt 0.803345 0.942066 
vt 0.807257 0.938974 
vt 0.807257 0.942066 
vt 0.811135 0.938974 
vt 0.811135 0.942066 
vt 0.814999 0.938974 
vt 0.814999 0.942066 
vt 0.818877 0.938974 
vt 0.818877 0.942066 
vt 0.822789 0.938974 
vt 0.822789 0.942066 
vt 0.826741 0.938974 
vt 0.826741 0.942066 
vt 0.756133 0.942066 
vt 0.756133 0.938974 
vt 0.764089 0.930228 
vt 0.760111 0.930228 
vt 0.768041 0.930228 
vt 0.771953 0.930228 
vt 0.775831 0.930228 
vt 0.779695 0.930228 
vt 0.783573 0.930228 
vt 0.787485 0.930228 
vt 0.791437 0.930228 
vt 0.795415 0.930228 
vt 0.799393 0.930228 
vt 0.803345 0.930228 
vt 0.807257 0.930228 
vt 0.811135 0.930228 
vt 0.814999 0.930228 
vt 0.818877 0.930228 
vt 0.822789 0.930228 
vt 0.826741 0.930228 
vt 0.756133 0.930228 
vt 0.764089 0.927135 
vt 0.760111 0.927135 
vt 0.768041 0.927135 
vt 0.771953 0.927135 
vt 0.775831 0.927135 
vt 0.779695 0.927135 
vt 0.783573 0.927135 
vt 0.787485 0.927135 
vt 0.791437 0.927135 
vt 0.795415 0.927135 
vt 0.799393 0.927135 
vt 0.803345 0.927135 
vt 0.807257 0.927135 
vt 0.811135 0.927135 
vt 0.814999 0.927135 
vt 0.818877 0.927135 
vt 0.822789 0.927135 
vt 0.826741 0.927135 
vt 0.756133 0.927135 
vt 0.772722 0.848644 
vt 0.773604 0.848024 
vt 0.774181 0.854345 
vt 0.773242 0.854345 
vt 0.771223 0.84363 
vt 0.771942 0.842465 
vt 0.768927 0.839909 
vt 0.769396 0.838339 
vt 0.766109 0.83793 
vt 0.766273 0.836144 
vt 0.763112 0.83793 
vt 0.762949 0.836144 
vt 0.760295 0.839909 
vt 0.759825 0.838339 
vt 0.757998 0.84363 
vt 0.757279 0.842465 
vt 0.756499 0.848644 
vt 0.755617 0.848024 
vt 0.755979 0.854345 
vt 0.75504 0.854345 
vt 0.756499 0.860045 
vt 0.755617 0.860666 
vt 0.757998 0.865058 
vt 0.757279 0.866224 
vt 0.760295 0.868779 
vt 0.759825 0.87035 
vt 0.763112 0.870759 
vt 0.762949 0.872545 
vt 0.766109 0.870759 
vt 0.766273 0.872545 
vt 0.768927 0.868779 
vt 0.769396 0.87035 
vt 0.771223 0.865058 
vt 0.771942 0.866224 
vt 0.772722 0.860045 
vt 0.773604 0.860666 
vt 0.764611 0.854345 
vt 0.826467 0.900343 
vt 0.826467 0.901972 
vt 0.755859 0.901972 
vt 0.755859 0.900343 
vt 0.826467 0.895371 
vt 0.755859 0.895371 
vt 0.826467 0.887484 
vt 0.755859 0.887484 
vt 0.826467 0.877264 
vt 0.755859 0.877264 
vt 0.826467 0.864988 
vt 0.755859 0.864988 
vt 0.826467 0.850701 
vt 0.755859 0.850701 
vt 0.826467 0.834402 
vt 0.755859 0.834402 
vt 0.826467 0.818026 
vt 0.755859 0.818026 
vt 0.826467 0.803549 
vt 0.755859 0.803549 
vt 0.826467 0.791026 
vt 0.755859 0.791026 
vt 0.826467 0.780553 
vt 0.755859 0.780553 
vt 0.826467 0.772423 
vt 0.755859 0.772423 
vt 0.826467 0.767265 
vt 0.755859 0.767265 
vt 0.826467 0.765625 
vt 0.755859 0.765625 
vt 0.789644 0.948763 
vt 0.79948 0.948763 
vt 0.79948 0.953446 
vt 0.789644 0.953446 
vt 0.79948 0.957203 
vt 0.789644 0.957203 
vt 0.807013 0.82365 
vt 0.807013 0.842643 
vt 0.805277 0.842643 
vt 0.805277 0.82365 
vt 0.80289 0.842643 
vt 0.80289 0.82365 
vt 0.799876 0.842643 
vt 0.799876 0.82365 
vt 0.796262 0.842643 
vt 0.796262 0.82365 
vt 0.792073 0.842643 
vt 0.792073 0.82365 
vt 0.78786 0.842643 
vt 0.78786 0.82365 
vt 0.784188 0.842643 
vt 0.784188 0.82365 
vt 0.781095 0.842643 
vt 0.781095 0.82365 
vt 0.778621 0.842643 
vt 0.778621 0.82365 
vt 0.776805 0.842643 
vt 0.776805 0.82365 
vt 0.818054 0.964849 
vt 0.827889 0.964849 
vt 0.827889 0.968606 
vt 0.818054 0.968606 
vt 0.827889 0.973289 
vt 0.818054 0.973289 
vt 0.863769 0.867855 
vt 0.86341 0.863172 
vt 0.864742 0.862311 
vt 0.865159 0.867458 
vt 0.81311 0.959514 
vt 0.813469 0.954831 
vt 0.814859 0.955229 
vt 0.814442 0.960375 
vt 0.759943 0.966602 
vt 0.769778 0.966602 
vt 0.769778 0.969286 
vt 0.759943 0.969286 
vt 0.86235 0.859415 
vt 0.863444 0.857714 
vt 0.81205 0.963271 
vt 0.813144 0.964973 
vt 0.860613 0.85651 
vt 0.861376 0.854231 
vt 0.810314 0.966176 
vt 0.811076 0.968456 
vt 0.858226 0.854381 
vt 0.85869 0.85182 
vt 0.807926 0.968305 
vt 0.80839 0.970866 
vt 0.855213 0.852953 
vt 0.855461 0.850283 
vt 0.804913 0.969733 
vt 0.805161 0.972404 
vt 0.851599 0.852152 
vt 0.851701 0.849446 
vt 0.801299 0.970535 
vt 0.801401 0.973241 
vt 0.847409 0.851901 
vt 0.847409 0.849188 
vt 0.797109 0.970785 
vt 0.797109 0.973499 
vt 0.843197 0.852152 
vt 0.843096 0.849445 
vt 0.792897 0.970535 
vt 0.792796 0.973241 
vt 0.839525 0.852953 
vt 0.839282 0.850281 
vt 0.789225 0.969733 
vt 0.788982 0.972406 
vt 0.836432 0.854381 
vt 0.83598 0.851811 
vt 0.786132 0.968305 
vt 0.785681 0.970875 
vt 0.833958 0.85651 
vt 0.833217 0.854205 
vt 0.783658 0.966176 
vt 0.782917 0.968481 
vt 0.832142 0.859415 
vt 0.831067 0.857667 
vt 0.781842 0.963271 
vt 0.780767 0.96502 
vt 0.831023 0.863172 
vt 0.829698 0.86227 
vt 0.780723 0.959514 
vt 0.779398 0.960416 
vt 0.830642 0.867855 
vt 0.829254 0.867433 
vt 0.770051 0.979414 
vt 0.760216 0.979414 
vt 0.760216 0.976734 
vt 0.770051 0.976734 
vt 0.780342 0.954831 
vt 0.778954 0.955253 
vt 0.808776 0.792266 
vt 0.817407 0.792266 
vt 0.816887 0.797967 
vt 0.815388 0.80298 
vt 0.813092 0.806701 
vt 0.810275 0.80868 
vt 0.807277 0.80868 
vt 0.80446 0.806701 
vt 0.802163 0.80298 
vt 0.800664 0.797967 
vt 0.800144 0.792266 
vt 0.800664 0.786565 
vt 0.802163 0.781552 
vt 0.80446 0.777831 
vt 0.807277 0.775851 
vt 0.810275 0.775851 
vt 0.813092 0.777831 
vt 0.815388 0.781552 
vt 0.816887 0.786565 
vt 0.817769 0.798587 
vt 0.818346 0.792266 
vt 0.816107 0.804145 
vt 0.813561 0.808271 
vt 0.810438 0.810466 
vt 0.807114 0.810466 
vt 0.80399 0.808271 
vt 0.801444 0.804145 
vt 0.799782 0.798587 
vt 0.799205 0.792266 
vt 0.799782 0.785945 
vt 0.801444 0.780386 
vt 0.80399 0.77626 
vt 0.807114 0.774065 
vt 0.810438 0.774065 
vt 0.813561 0.77626 
vt 0.816107 0.780386 
vt 0.817769 0.785945 
vt 0.759838 0.91919 
vt 0.759838 0.922283 
vt 0.755859 0.922283 
vt 0.755859 0.91919 
vt 0.76379 0.91919 
vt 0.76379 0.922283 
vt 0.767702 0.91919 
vt 0.767702 0.922283 
vt 0.771579 0.91919 
vt 0.771579 0.922283 
vt 0.775444 0.91919 
vt 0.775444 0.922283 
vt 0.779321 0.91919 
vt 0.779321 0.922283 
vt 0.783233 0.91919 
vt 0.783233 0.922283 
vt 0.787185 0.91919 
vt 0.787185 0.922283 
vt 0.791163 0.91919 
vt 0.791163 0.922283 
vt 0.795142 0.91919 
vt 0.795142 0.922283 
vt 0.799094 0.91919 
vt 0.799094 0.922283 
vt 0.803006 0.91919 
vt 0.803006 0.922283 
vt 0.806883 0.91919 
vt 0.806883 0.922283 
vt 0.810748 0.91919 
vt 0.810748 0.922283 
vt 0.814625 0.91919 
vt 0.814625 0.922283 
vt 0.818537 0.91919 
vt 0.818537 0.922283 
vt 0.822489 0.91919 
vt 0.822489 0.922283 
vt 0.826467 0.91919 
vt 0.826467 0.922283 
vt 0.759838 0.910444 
vt 0.755859 0.910444 
vt 0.76379 0.910444 
vt 0.767702 0.910444 
vt 0.771579 0.910444 
vt 0.775444 0.910444 
vt 0.779321 0.910444 
vt 0.783233 0.910444 
vt 0.787185 0.910444 
vt 0.791163 0.910444 
vt 0.795142 0.910444 
vt 0.799094 0.910444 
vt 0.803006 0.910444 
vt 0.806883 0.910444 
vt 0.810748 0.910444 
vt 0.814625 0.910444 
vt 0.818537 0.910444 
vt 0.822489 0.910444 
vt 0.826467 0.910444 
vt 0.759838 0.907352 
vt 0.755859 0.907352 
vt 0.76379 0.907352 
vt 0.767702 0.907352 
vt 0.771579 0.907352 
vt 0.775444 0.907352 
vt 0.779321 0.907352 
vt 0.783233 0.907352 
vt 0.787185 0.907352 
vt 0.791163 0.907352 
vt 0.795142 0.907352 
vt 0.799094 0.907352 
vt 0.803006 0.907352 
vt 0.806883 0.907352 
vt 0.810748 0.907352 
vt 0.814625 0.907352 
vt 0.818537 0.907352 
vt 0.822489 0.907352 
vt 0.826467 0.907352 
vt 0.832692 0.95423 
vt 0.830878 0.955169 
vt 0.830299 0.94238 
vt 0.832169 0.942697 
vt 0.835226 0.964723 
vt 0.833687 0.966803 
vt 0.839465 0.972909 
vt 0.838388 0.97588 
vt 0.844899 0.977802 
vt 0.844413 0.981305 
vt 0.850872 0.978811 
vt 0.851035 0.982424 
vt 0.856663 0.975815 
vt 0.857457 0.979102 
vt 0.861574 0.969174 
vt 0.862902 0.971738 
vt 0.865013 0.95969 
vt 0.866715 0.961223 
vt 0.866565 0.948507 
vt 0.868436 0.948824 
vt 0.866042 0.936974 
vt 0.867856 0.936035 
vt 0.863509 0.926481 
vt 0.865047 0.924401 
vt 0.859269 0.918294 
vt 0.860346 0.915324 
vt 0.853835 0.913402 
vt 0.854321 0.909899 
vt 0.847863 0.912392 
vt 0.847699 0.90878 
vt 0.842071 0.915389 
vt 0.841278 0.912102 
vt 0.83716 0.92203 
vt 0.835832 0.919465 
vt 0.833721 0.931513 
vt 0.832019 0.929981 
vt 0.849367 0.945602 

usemtl Handle2Mtl

f 5630/5630/5630 5631/5631/5631 5632/5632/5632 
f 5630/5630/5630 5632/5632/5632 5633/5633/5633 
f 5630/5630/5630 5633/5633/5633 5634/5634/5634 
f 5630/5630/5630 5634/5634/5634 5635/5635/5635 
f 5630/5630/5630 5635/5635/5635 5636/5636/5636 
f 5630/5630/5630 5636/5636/5636 5637/5637/5637 
f 5630/5630/5630 5637/5637/5637 5638/5638/5638 
f 5630/5630/5630 5638/5638/5638 5639/5639/5639 
f 5630/5630/5630 5639/5639/5639 5640/5640/5640 
f 5630/5630/5630 5640/5640/5640 5641/5641/5641 
f 5630/5630/5630 5641/5641/5641 5642/5642/5642 
f 5630/5630/5630 5642/5642/5642 5643/5643/5643 
f 5630/5630/5630 5643/5643/5643 5644/5644/5644 
f 5630/5630/5630 5644/5644/5644 5645/5645/5645 
f 5630/5630/5630 5645/5645/5645 5646/5646/5646 
f 5630/5630/5630 5646/5646/5646 5647/5647/5647 
f 5630/5630/5630 5647/5647/5647 5648/5648/5648 
f 5630/5630/5630 5648/5648/5648 5631/5631/5631 
f 5649/5649/5649 5632/5632/5632 5631/5631/5631 
f 5631/5631/5631 5650/5650/5650 5649/5649/5649 
f 5651/5651/5651 5633/5633/5633 5632/5632/5632 
f 5632/5632/5632 5649/5649/5649 5651/5651/5651 
f 5652/5652/5652 5634/5634/5634 5633/5633/5633 
f 5633/5633/5633 5651/5651/5651 5652/5652/5652 
f 5653/5653/5653 5635/5635/5635 5634/5634/5634 
f 5634/5634/5634 5652/5652/5652 5653/5653/5653 
f 5654/5654/5654 5636/5636/5636 5635/5635/5635 
f 5635/5635/5635 5653/5653/5653 5654/5654/5654 
f 5655/5655/5655 5637/5637/5637 5636/5636/5636 
f 5636/5636/5636 5654/5654/5654 5655/5655/5655 
f 5656/5656/5656 5638/5638/5638 5637/5637/5637 
f 5637/5637/5637 5655/5655/5655 5656/5656/5656 
f 5657/5657/5657 5639/5639/5639 5638/5638/5638 
f 5638/5638/5638 5656/5656/5656 5657/5657/5657 
f 5658/5658/5658 5640/5640/5640 5639/5639/5639 
f 5639/5639/5639 5657/5657/5657 5658/5658/5658 
f 5659/5659/5659 5641/5641/5641 5640/5640/5640 
f 5640/5640/5640 5658/5658/5658 5659/5659/5659 
f 5660/5660/5660 5642/5642/5642 5641/5641/5641 
f 5641/5641/5641 5659/5659/5659 5660/5660/5660 
f 5661/5661/5661 5643/5643/5643 5642/5642/5642 
f 5642/5642/5642 5660/5660/5660 5661/5661/5661 
f 5662/5662/5662 5644/5644/5644 5643/5643/5643 
f 5643/5643/5643 5661/5661/5661 5662/5662/5662 
f 5663/5663/5663 5645/5645/5645 5644/5644/5644 
f 5644/5644/5644 5662/5662/5662 5663/5663/5663 
f 5664/5664/5664 5646/5646/5646 5645/5645/5645 
f 5645/5645/5645 5663/5663/5663 5664/5664/5664 
f 5665/5665/5665 5647/5647/5647 5646/5646/5646 
f 5646/5646/5646 5664/5664/5664 5665/5665/5665 
f 5666/5666/5666 5648/5648/5648 5647/5647/5647 
f 5647/5647/5647 5665/5665/5665 5666/5666/5666 
f 5650/5650/5650 5631/5631/5631 5648/5648/5648 
f 5648/5648/5648 5666/5666/5666 5650/5650/5650 
f 5667/5667/5667 5668/5668/5668 5669/5669/5669 
f 5669/5669/5669 5670/5670/5670 5667/5667/5667 
f 5671/5671/5671 5672/5672/5672 5668/5668/5668 
f 5668/5668/5668 5667/5667/5667 5671/5671/5671 
f 5673/5673/5673 5674/5674/5674 5672/5672/5672 
f 5672/5672/5672 5671/5671/5671 5673/5673/5673 
f 5675/5675/5675 5676/5676/5676 5674/5674/5674 
f 5674/5674/5674 5673/5673/5673 5675/5675/5675 
f 5677/5677/5677 5678/5678/5678 5676/5676/5676 
f 5676/5676/5676 5675/5675/5675 5677/5677/5677 
f 5679/5679/5679 5680/5680/5680 5678/5678/5678 
f 5678/5678/5678 5677/5677/5677 5679/5679/5679 
f 5681/5681/5681 5682/5682/5682 5680/5680/5680 
f 5680/5680/5680 5679/5679/5679 5681/5681/5681 
f 5683/5683/5683 5684/5684/5684 5682/5682/5682 
f 5682/5682/5682 5681/5681/5681 5683/5683/5683 
f 5685/5685/5685 5686/5686/5686 5684/5684/5684 
f 5684/5684/5684 5683/5683/5683 5685/5685/5685 
f 5687/5687/5687 5688/5688/5688 5686/5686/5686 
f 5686/5686/5686 5685/5685/5685 5687/5687/5687 
f 5689/5689/5689 5690/5690/5690 5688/5688/5688 
f 5688/5688/5688 5687/5687/5687 5689/5689/5689 
f 5691/5691/5691 5692/5692/5692 5690/5690/5690 
f 5690/5690/5690 5689/5689/5689 5691/5691/5691 
f 5693/5693/5693 5694/5694/5694 5692/5692/5692 
f 5692/5692/5692 5691/5691/5691 5693/5693/5693 
f 5695/5695/5695 5696/5696/5696 5694/5694/5694 
f 5694/5694/5694 5693/5693/5693 5695/5695/5695 
f 5697/5697/5697 5698/5698/5698 5696/5696/5696 
f 5696/5696/5696 5695/5695/5695 5697/5697/5697 
f 5699/5699/5699 5700/5700/5700 5698/5698/5698 
f 5698/5698/5698 5697/5697/5697 5699/5699/5699 
f 5701/5701/5701 5702/5702/5702 5700/5700/5700 
f 5700/5700/5700 5699/5699/5699 5701/5701/5701 
f 5670/5670/5670 5669/5669/5669 5703/5703/5703 
f 5703/5703/5703 5704/5704/5704 5670/5670/5670 
f 5705/5705/5705 5667/5667/5667 5670/5670/5670 
f 5670/5670/5670 5706/5706/5706 5705/5705/5705 
f 5707/5707/5707 5671/5671/5671 5667/5667/5667 
f 5667/5667/5667 5705/5705/5705 5707/5707/5707 
f 5708/5708/5708 5673/5673/5673 5671/5671/5671 
f 5671/5671/5671 5707/5707/5707 5708/5708/5708 
f 5709/5709/5709 5675/5675/5675 5673/5673/5673 
f 5673/5673/5673 5708/5708/5708 5709/5709/5709 
f 5710/5710/5710 5677/5677/5677 5675/5675/5675 
f 5675/5675/5675 5709/5709/5709 5710/5710/5710 
f 5711/5711/5711 5679/5679/5679 5677/5677/5677 
f 5677/5677/5677 5710/5710/5710 5711/5711/5711 
f 5712/5712/5712 5681/5681/5681 5679/5679/5679 
f 5679/5679/5679 5711/5711/5711 5712/5712/5712 
f 5713/5713/5713 5683/5683/5683 5681/5681/5681 
f 5681/5681/5681 5712/5712/5712 5713/5713/5713 
f 5714/5714/5714 5685/5685/5685 5683/5683/5683 
f 5683/5683/5683 5713/5713/5713 5714/5714/5714 
f 5715/5715/5715 5687/5687/5687 5685/5685/5685 
f 5685/5685/5685 5714/5714/5714 5715/5715/5715 
f 5716/5716/5716 5689/5689/5689 5687/5687/5687 
f 5687/5687/5687 5715/5715/5715 5716/5716/5716 
f 5717/5717/5717 5691/5691/5691 5689/5689/5689 
f 5689/5689/5689 5716/5716/5716 5717/5717/5717 
f 5718/5718/5718 5693/5693/5693 5691/5691/5691 
f 5691/5691/5691 5717/5717/5717 5718/5718/5718 
f 5719/5719/5719 5695/5695/5695 5693/5693/5693 
f 5693/5693/5693 5718/5718/5718 5719/5719/5719 
f 5720/5720/5720 5697/5697/5697 5695/5695/5695 
f 5695/5695/5695 5719/5719/5719 5720/5720/5720 
f 5721/5721/5721 5699/5699/5699 5697/5697/5697 
f 5697/5697/5697 5720/5720/5720 5721/5721/5721 
f 5722/5722/5722 5701/5701/5701 5699/5699/5699 
f 5699/5699/5699 5721/5721/5721 5722/5722/5722 
f 5706/5706/5706 5670/5670/5670 5704/5704/5704 
f 5704/5704/5704 5723/5723/5723 5706/5706/5706 
f 5724/5724/5724 5705/5705/5705 5706/5706/5706 
f 5706/5706/5706 5725/5725/5725 5724/5724/5724 
f 5726/5726/5726 5707/5707/5707 5705/5705/5705 
f 5705/5705/5705 5724/5724/5724 5726/5726/5726 
f 5727/5727/5727 5708/5708/5708 5707/5707/5707 
f 5707/5707/5707 5726/5726/5726 5727/5727/5727 
f 5728/5728/5728 5709/5709/5709 5708/5708/5708 
f 5708/5708/5708 5727/5727/5727 5728/5728/5728 
f 5729/5729/5729 5710/5710/5710 5709/5709/5709 
f 5709/5709/5709 5728/5728/5728 5729/5729/5729 
f 5730/5730/5730 5711/5711/5711 5710/5710/5710 
f 5710/5710/5710 5729/5729/5729 5730/5730/5730 
f 5731/5731/5731 5712/5712/5712 5711/5711/5711 
f 5711/5711/5711 5730/5730/5730 5731/5731/5731 
f 5732/5732/5732 5713/5713/5713 5712/5712/5712 
f 5712/5712/5712 5731/5731/5731 5732/5732/5732 
f 5733/5733/5733 5714/5714/5714 5713/5713/5713 
f 5713/5713/5713 5732/5732/5732 5733/5733/5733 
f 5734/5734/5734 5715/5715/5715 5714/5714/5714 
f 5714/5714/5714 5733/5733/5733 5734/5734/5734 
f 5735/5735/5735 5716/5716/5716 5715/5715/5715 
f 5715/5715/5715 5734/5734/5734 5735/5735/5735 
f 5736/5736/5736 5717/5717/5717 5716/5716/5716 
f 5716/5716/5716 5735/5735/5735 5736/5736/5736 
f 5737/5737/5737 5718/5718/5718 5717/5717/5717 
f 5717/5717/5717 5736/5736/5736 5737/5737/5737 
f 5738/5738/5738 5719/5719/5719 5718/5718/5718 
f 5718/5718/5718 5737/5737/5737 5738/5738/5738 
f 5739/5739/5739 5720/5720/5720 5719/5719/5719 
f 5719/5719/5719 5738/5738/5738 5739/5739/5739 
f 5740/5740/5740 5721/5721/5721 5720/5720/5720 
f 5720/5720/5720 5739/5739/5739 5740/5740/5740 
f 5741/5741/5741 5722/5722/5722 5721/5721/5721 
f 5721/5721/5721 5740/5740/5740 5741/5741/5741 
f 5725/5725/5725 5706/5706/5706 5723/5723/5723 
f 5723/5723/5723 5742/5742/5742 5725/5725/5725 
f 5743/5743/5743 5744/5744/5744 5745/5745/5745 
f 5745/5745/5745 5746/5746/5746 5743/5743/5743 
f 5747/5747/5747 5748/5748/5748 5744/5744/5744 
f 5744/5744/5744 5743/5743/5743 5747/5747/5747 
f 5749/5749/5749 5750/5750/5750 5748/5748/5748 
f 5748/5748/5748 5747/5747/5747 5749/5749/5749 
f 5751/5751/5751 5752/5752/5752 5750/5750/5750 
f 5750/5750/5750 5749/5749/5749 5751/5751/5751 
f 5753/5753/5753 5754/5754/5754 5752/5752/5752 
f 5752/5752/5752 5751/5751/5751 5753/5753/5753 
f 5755/5755/5755 5756/5756/5756 5754/5754/5754 
f 5754/5754/5754 5753/5753/5753 5755/5755/5755 
f 5757/5757/5757 5758/5758/5758 5756/5756/5756 
f 5756/5756/5756 5755/5755/5755 5757/5757/5757 
f 5759/5759/5759 5760/5760/5760 5758/5758/5758 
f 5758/5758/5758 5757/5757/5757 5759/5759/5759 
f 5761/5761/5761 5762/5762/5762 5760/5760/5760 
f 5760/5760/5760 5759/5759/5759 5761/5761/5761 
f 5763/5763/5763 5764/5764/5764 5762/5762/5762 
f 5762/5762/5762 5761/5761/5761 5763/5763/5763 
f 5765/5765/5765 5766/5766/5766 5764/5764/5764 
f 5764/5764/5764 5763/5763/5763 5765/5765/5765 
f 5767/5767/5767 5768/5768/5768 5766/5766/5766 
f 5766/5766/5766 5765/5765/5765 5767/5767/5767 
f 5769/5769/5769 5770/5770/5770 5768/5768/5768 
f 5768/5768/5768 5767/5767/5767 5769/5769/5769 
f 5771/5771/5771 5772/5772/5772 5770/5770/5770 
f 5770/5770/5770 5769/5769/5769 5771/5771/5771 
f 5773/5773/5773 5774/5774/5774 5772/5772/5772 
f 5772/5772/5772 5771/5771/5771 5773/5773/5773 
f 5775/5775/5775 5776/5776/5776 5774/5774/5774 
f 5774/5774/5774 5773/5773/5773 5775/5775/5775 
f 5777/5777/5777 5778/5778/5778 5776/5776/5776 
f 5776/5776/5776 5775/5775/5775 5777/5777/5777 
f 5746/5746/5746 5745/5745/5745 5778/5778/5778 
f 5778/5778/5778 5777/5777/5777 5746/5746/5746 
f 5746/5746/5746 5779/5779/5779 5743/5743/5743 
f 5743/5743/5743 5779/5779/5779 5747/5747/5747 
f 5747/5747/5747 5779/5779/5779 5749/5749/5749 
f 5749/5749/5749 5779/5779/5779 5751/5751/5751 
f 5751/5751/5751 5779/5779/5779 5753/5753/5753 
f 5753/5753/5753 5779/5779/5779 5755/5755/5755 
f 5755/5755/5755 5779/5779/5779 5757/5757/5757 
f 5757/5757/5757 5779/5779/5779 5759/5759/5759 
f 5759/5759/5759 5779/5779/5779 5761/5761/5761 
f 5761/5761/5761 5779/5779/5779 5763/5763/5763 
f 5763/5763/5763 5779/5779/5779 5765/5765/5765 
f 5765/5765/5765 5779/5779/5779 5767/5767/5767 
f 5767/5767/5767 5779/5779/5779 5769/5769/5769 
f 5769/5769/5769 5779/5779/5779 5771/5771/5771 
f 5771/5771/5771 5779/5779/5779 5773/5773/5773 
f 5773/5773/5773 5779/5779/5779 5775/5775/5775 
f 5775/5775/5775 5779/5779/5779 5777/5777/5777 
f 5777/5777/5777 5779/5779/5779 5746/5746/5746 
f 5780/5780/5780 5781/5781/5781 5782/5782/5782 
f 5782/5782/5782 5783/5783/5783 5780/5780/5780 
f 5784/5784/5784 5780/5780/5780 5783/5783/5783 
f 5783/5783/5783 5785/5785/5785 5784/5784/5784 
f 5786/5786/5786 5784/5784/5784 5785/5785/5785 
f 5785/5785/5785 5787/5787/5787 5786/5786/5786 
f 5788/5788/5788 5786/5786/5786 5787/5787/5787 
f 5787/5787/5787 5789/5789/5789 5788/5788/5788 
f 5790/5790/5790 5788/5788/5788 5789/5789/5789 
f 5789/5789/5789 5791/5791/5791 5790/5790/5790 
f 5792/5792/5792 5790/5790/5790 5791/5791/5791 
f 5791/5791/5791 5793/5793/5793 5792/5792/5792 
f 5794/5794/5794 5792/5792/5792 5793/5793/5793 
f 5793/5793/5793 5795/5795/5795 5794/5794/5794 
f 5796/5796/5796 5794/5794/5794 5795/5795/5795 
f 5795/5795/5795 5797/5797/5797 5796/5796/5796 
f 5798/5798/5798 5796/5796/5796 5797/5797/5797 
f 5797/5797/5797 5799/5799/5799 5798/5798/5798 
f 5800/5800/5800 5798/5798/5798 5799/5799/5799 
f 5799/5799/5799 5801/5801/5801 5800/5800/5800 
f 5802/5802/5802 5800/5800/5800 5801/5801/5801 
f 5801/5801/5801 5803/5803/5803 5802/5802/5802 
f 5804/5804/5804 5802/5802/5802 5803/5803/5803 
f 5803/5803/5803 5805/5805/5805 5804/5804/5804 
f 5806/5806/5806 5804/5804/5804 5805/5805/5805 
f 5805/5805/5805 5807/5807/5807 5806/5806/5806 
f 5808/5808/5808 5806/5806/5806 5807/5807/5807 
f 5807/5807/5807 5809/5809/5809 5808/5808/5808 
f 5810/5810/5810 5811/5811/5811 5812/5812/5812 
f 5812/5812/5812 5813/5813/5813 5810/5810/5810 
f 5813/5813/5813 5812/5812/5812 5814/5814/5814 
f 5814/5814/5814 5815/5815/5815 5813/5813/5813 
f 5816/5816/5816 5817/5817/5817 5818/5818/5818 
f 5818/5818/5818 5819/5819/5819 5816/5816/5816 
f 5819/5819/5819 5818/5818/5818 5820/5820/5820 
f 5820/5820/5820 5821/5821/5821 5819/5819/5819 
f 5821/5821/5821 5820/5820/5820 5822/5822/5822 
f 5822/5822/5822 5823/5823/5823 5821/5821/5821 
f 5823/5823/5823 5822/5822/5822 5824/5824/5824 
f 5824/5824/5824 5825/5825/5825 5823/5823/5823 
f 5825/5825/5825 5824/5824/5824 5826/5826/5826 
f 5826/5826/5826 5827/5827/5827 5825/5825/5825 
f 5827/5827/5827 5826/5826/5826 5828/5828/5828 
f 5828/5828/5828 5829/5829/5829 5827/5827/5827 
f 5829/5829/5829 5828/5828/5828 5830/5830/5830 
f 5830/5830/5830 5831/5831/5831 5829/5829/5829 
f 5831/5831/5831 5830/5830/5830 5832/5832/5832 
f 5832/5832/5832 5833/5833/5833 5831/5831/5831 
f 5833/5833/5833 5832/5832/5832 5834/5834/5834 
f 5834/5834/5834 5835/5835/5835 5833/5833/5833 
f 5835/5835/5835 5834/5834/5834 5836/5836/5836 
f 5836/5836/5836 5837/5837/5837 5835/5835/5835 
f 5838/5838/5838 5839/5839/5839 5840/5840/5840 
f 5840/5840/5840 5841/5841/5841 5838/5838/5838 
f 5841/5841/5841 5840/5840/5840 5842/5842/5842 
f 5842/5842/5842 5843/5843/5843 5841/5841/5841 
f 5844/5844/5844 5845/5845/5845 5846/5846/5846 
f 5846/5846/5846 5847/5847/5847 5844/5844/5844 
f 5848/5848/5848 5849/5849/5849 5850/5850/5850 
f 5850/5850/5850 5851/5851/5851 5848/5848/5848 
f 5852/5852/5852 5853/5853/5853 5854/5854/5854 
f 5854/5854/5854 5855/5855/5855 5852/5852/5852 
f 5845/5845/5845 5856/5856/5856 5857/5857/5857 
f 5857/5857/5857 5846/5846/5846 5845/5845/5845 
f 5858/5858/5858 5848/5848/5848 5851/5851/5851 
f 5851/5851/5851 5859/5859/5859 5858/5858/5858 
f 5856/5856/5856 5860/5860/5860 5861/5861/5861 
f 5861/5861/5861 5857/5857/5857 5856/5856/5856 
f 5862/5862/5862 5858/5858/5858 5859/5859/5859 
f 5859/5859/5859 5863/5863/5863 5862/5862/5862 
f 5860/5860/5860 5864/5864/5864 5865/5865/5865 
f 5865/5865/5865 5861/5861/5861 5860/5860/5860 
f 5866/5866/5866 5862/5862/5862 5863/5863/5863 
f 5863/5863/5863 5867/5867/5867 5866/5866/5866 
f 5864/5864/5864 5868/5868/5868 5869/5869/5869 
f 5869/5869/5869 5865/5865/5865 5864/5864/5864 
f 5870/5870/5870 5866/5866/5866 5867/5867/5867 
f 5867/5867/5867 5871/5871/5871 5870/5870/5870 
f 5868/5868/5868 5872/5872/5872 5873/5873/5873 
f 5873/5873/5873 5869/5869/5869 5868/5868/5868 
f 5874/5874/5874 5870/5870/5870 5871/5871/5871 
f 5871/5871/5871 5875/5875/5875 5874/5874/5874 
f 5872/5872/5872 5876/5876/5876 5877/5877/5877 
f 5877/5877/5877 5873/5873/5873 5872/5872/5872 
f 5878/5878/5878 5874/5874/5874 5875/5875/5875 
f 5875/5875/5875 5879/5879/5879 5878/5878/5878 
f 5876/5876/5876 5880/5880/5880 5881/5881/5881 
f 5881/5881/5881 5877/5877/5877 5876/5876/5876 
f 5882/5882/5882 5878/5878/5878 5879/5879/5879 
f 5879/5879/5879 5883/5883/5883 5882/5882/5882 
f 5880/5880/5880 5884/5884/5884 5885/5885/5885 
f 5885/5885/5885 5881/5881/5881 5880/5880/5880 
f 5886/5886/5886 5882/5882/5882 5883/5883/5883 
f 5883/5883/5883 5887/5887/5887 5886/5886/5886 
f 5884/5884/5884 5888/5888/5888 5889/5889/5889 
f 5889/5889/5889 5885/5885/5885 5884/5884/5884 
f 5890/5890/5890 5886/5886/5886 5887/5887/5887 
f 5887/5887/5887 5891/5891/5891 5890/5890/5890 
f 5888/5888/5888 5892/5892/5892 5893/5893/5893 
f 5893/5893/5893 5889/5889/5889 5888/5888/5888 
f 5894/5894/5894 5890/5890/5890 5891/5891/5891 
f 5891/5891/5891 5895/5895/5895 5894/5894/5894 
f 5892/5892/5892 5896/5896/5896 5897/5897/5897 
f 5897/5897/5897 5893/5893/5893 5892/5892/5892 
f 5898/5898/5898 5894/5894/5894 5895/5895/5895 
f 5895/5895/5895 5899/5899/5899 5898/5898/5898 
f 5896/5896/5896 5900/5900/5900 5901/5901/5901 
f 5901/5901/5901 5897/5897/5897 5896/5896/5896 
f 5902/5902/5902 5898/5898/5898 5899/5899/5899 
f 5899/5899/5899 5903/5903/5903 5902/5902/5902 
f 5900/5900/5900 5904/5904/5904 5905/5905/5905 
f 5905/5905/5905 5901/5901/5901 5900/5900/5900 
f 5906/5906/5906 5907/5907/5907 5908/5908/5908 
f 5908/5908/5908 5909/5909/5909 5906/5906/5906 
f 5910/5910/5910 5902/5902/5902 5903/5903/5903 
f 5903/5903/5903 5911/5911/5911 5910/5910/5910 
f 5912/5912/5912 5913/5913/5913 5914/5914/5914 
f 5912/5912/5912 5914/5914/5914 5915/5915/5915 
f 5912/5912/5912 5915/5915/5915 5916/5916/5916 
f 5912/5912/5912 5916/5916/5916 5917/5917/5917 
f 5912/5912/5912 5917/5917/5917 5918/5918/5918 
f 5912/5912/5912 5918/5918/5918 5919/5919/5919 
f 5912/5912/5912 5919/5919/5919 5920/5920/5920 
f 5912/5912/5912 5920/5920/5920 5921/5921/5921 
f 5912/5912/5912 5921/5921/5921 5922/5922/5922 
f 5912/5912/5912 5922/5922/5922 5923/5923/5923 
f 5912/5912/5912 5923/5923/5923 5924/5924/5924 
f 5912/5912/5912 5924/5924/5924 5925/5925/5925 
f 5912/5912/5912 5925/5925/5925 5926/5926/5926 
f 5912/5912/5912 5926/5926/5926 5927/5927/5927 
f 5912/5912/5912 5927/5927/5927 5928/5928/5928 
f 5912/5912/5912 5928/5928/5928 5929/5929/5929 
f 5912/5912/5912 5929/5929/5929 5930/5930/5930 
f 5912/5912/5912 5930/5930/5930 5913/5913/5913 
f 5931/5931/5931 5914/5914/5914 5913/5913/5913 
f 5913/5913/5913 5932/5932/5932 5931/5931/5931 
f 5933/5933/5933 5915/5915/5915 5914/5914/5914 
f 5914/5914/5914 5931/5931/5931 5933/5933/5933 
f 5934/5934/5934 5916/5916/5916 5915/5915/5915 
f 5915/5915/5915 5933/5933/5933 5934/5934/5934 
f 5935/5935/5935 5917/5917/5917 5916/5916/5916 
f 5916/5916/5916 5934/5934/5934 5935/5935/5935 
f 5936/5936/5936 5918/5918/5918 5917/5917/5917 
f 5917/5917/5917 5935/5935/5935 5936/5936/5936 
f 5937/5937/5937 5919/5919/5919 5918/5918/5918 
f 5918/5918/5918 5936/5936/5936 5937/5937/5937 
f 5938/5938/5938 5920/5920/5920 5919/5919/5919 
f 5919/5919/5919 5937/5937/5937 5938/5938/5938 
f 5939/5939/5939 5921/5921/5921 5920/5920/5920 
f 5920/5920/5920 5938/5938/5938 5939/5939/5939 
f 5940/5940/5940 5922/5922/5922 5921/5921/5921 
f 5921/5921/5921 5939/5939/5939 5940/5940/5940 
f 5941/5941/5941 5923/5923/5923 5922/5922/5922 
f 5922/5922/5922 5940/5940/5940 5941/5941/5941 
f 5942/5942/5942 5924/5924/5924 5923/5923/5923 
f 5923/5923/5923 5941/5941/5941 5942/5942/5942 
f 5943/5943/5943 5925/5925/5925 5924/5924/5924 
f 5924/5924/5924 5942/5942/5942 5943/5943/5943 
f 5944/5944/5944 5926/5926/5926 5925/5925/5925 
f 5925/5925/5925 5943/5943/5943 5944/5944/5944 
f 5945/5945/5945 5927/5927/5927 5926/5926/5926 
f 5926/5926/5926 5944/5944/5944 5945/5945/5945 
f 5946/5946/5946 5928/5928/5928 5927/5927/5927 
f 5927/5927/5927 5945/5945/5945 5946/5946/5946 
f 5947/5947/5947 5929/5929/5929 5928/5928/5928 
f 5928/5928/5928 5946/5946/5946 5947/5947/5947 
f 5948/5948/5948 5930/5930/5930 5929/5929/5929 
f 5929/5929/5929 5947/5947/5947 5948/5948/5948 
f 5932/5932/5932 5913/5913/5913 5930/5930/5930 
f 5930/5930/5930 5948/5948/5948 5932/5932/5932 
f 5949/5949/5949 5950/5950/5950 5951/5951/5951 
f 5951/5951/5951 5952/5952/5952 5949/5949/5949 
f 5953/5953/5953 5954/5954/5954 5950/5950/5950 
f 5950/5950/5950 5949/5949/5949 5953/5953/5953 
f 5955/5955/5955 5956/5956/5956 5954/5954/5954 
f 5954/5954/5954 5953/5953/5953 5955/5955/5955 
f 5957/5957/5957 5958/5958/5958 5956/5956/5956 
f 5956/5956/5956 5955/5955/5955 5957/5957/5957 
f 5959/5959/5959 5960/5960/5960 5958/5958/5958 
f 5958/5958/5958 5957/5957/5957 5959/5959/5959 
f 5961/5961/5961 5962/5962/5962 5960/5960/5960 
f 5960/5960/5960 5959/5959/5959 5961/5961/5961 
f 5963/5963/5963 5964/5964/5964 5962/5962/5962 
f 5962/5962/5962 5961/5961/5961 5963/5963/5963 
f 5965/5965/5965 5966/5966/5966 5964/5964/5964 
f 5964/5964/5964 5963/5963/5963 5965/5965/5965 
f 5967/5967/5967 5968/5968/5968 5966/5966/5966 
f 5966/5966/5966 5965/5965/5965 5967/5967/5967 
f 5969/5969/5969 5970/5970/5970 5968/5968/5968 
f 5968/5968/5968 5967/5967/5967 5969/5969/5969 
f 5971/5971/5971 5972/5972/5972 5970/5970/5970 
f 5970/5970/5970 5969/5969/5969 5971/5971/5971 
f 5973/5973/5973 5974/5974/5974 5972/5972/5972 
f 5972/5972/5972 5971/5971/5971 5973/5973/5973 
f 5975/5975/5975 5976/5976/5976 5974/5974/5974 
f 5974/5974/5974 5973/5973/5973 5975/5975/5975 
f 5977/5977/5977 5978/5978/5978 5976/5976/5976 
f 5976/5976/5976 5975/5975/5975 5977/5977/5977 
f 5979/5979/5979 5980/5980/5980 5978/5978/5978 
f 5978/5978/5978 5977/5977/5977 5979/5979/5979 
f 5981/5981/5981 5982/5982/5982 5980/5980/5980 
f 5980/5980/5980 5979/5979/5979 5981/5981/5981 
f 5983/5983/5983 5984/5984/5984 5982/5982/5982 
f 5982/5982/5982 5981/5981/5981 5983/5983/5983 
f 5985/5985/5985 5986/5986/5986 5984/5984/5984 
f 5984/5984/5984 5983/5983/5983 5985/5985/5985 
f 5987/5987/5987 5949/5949/5949 5952/5952/5952 
f 5952/5952/5952 5988/5988/5988 5987/5987/5987 
f 5989/5989/5989 5953/5953/5953 5949/5949/5949 
f 5949/5949/5949 5987/5987/5987 5989/5989/5989 
f 5990/5990/5990 5955/5955/5955 5953/5953/5953 
f 5953/5953/5953 5989/5989/5989 5990/5990/5990 
f 5991/5991/5991 5957/5957/5957 5955/5955/5955 
f 5955/5955/5955 5990/5990/5990 5991/5991/5991 
f 5992/5992/5992 5959/5959/5959 5957/5957/5957 
f 5957/5957/5957 5991/5991/5991 5992/5992/5992 
f 5993/5993/5993 5961/5961/5961 5959/5959/5959 
f 5959/5959/5959 5992/5992/5992 5993/5993/5993 
f 5994/5994/5994 5963/5963/5963 5961/5961/5961 
f 5961/5961/5961 5993/5993/5993 5994/5994/5994 
f 5995/5995/5995 5965/5965/5965 5963/5963/5963 
f 5963/5963/5963 5994/5994/5994 5995/5995/5995 
f 5996/5996/5996 5967/5967/5967 5965/5965/5965 
f 5965/5965/5965 5995/5995/5995 5996/5996/5996 
f 5997/5997/5997 5969/5969/5969 5967/5967/5967 
f 5967/5967/5967 5996/5996/5996 5997/5997/5997 
f 5998/5998/5998 5971/5971/5971 5969/5969/5969 
f 5969/5969/5969 5997/5997/5997 5998/5998/5998 
f 5999/5999/5999 5973/5973/5973 5971/5971/5971 
f 5971/5971/5971 5998/5998/5998 5999/5999/5999 
f 6000/6000/6000 5975/5975/5975 5973/5973/5973 
f 5973/5973/5973 5999/5999/5999 6000/6000/6000 
f 6001/6001/6001 5977/5977/5977 5975/5975/5975 
f 5975/5975/5975 6000/6000/6000 6001/6001/6001 
f 6002/6002/6002 5979/5979/5979 5977/5977/5977 
f 5977/5977/5977 6001/6001/6001 6002/6002/6002 
f 6003/6003/6003 5981/5981/5981 5979/5979/5979 
f 5979/5979/5979 6002/6002/6002 6003/6003/6003 
f 6004/6004/6004 5983/5983/5983 5981/5981/5981 
f 5981/5981/5981 6003/6003/6003 6004/6004/6004 
f 6005/6005/6005 5985/5985/5985 5983/5983/5983 
f 5983/5983/5983 6004/6004/6004 6005/6005/6005 
f 6006/6006/6006 5987/5987/5987 5988/5988/5988 
f 5988/5988/5988 6007/6007/6007 6006/6006/6006 
f 6008/6008/6008 5989/5989/5989 5987/5987/5987 
f 5987/5987/5987 6006/6006/6006 6008/6008/6008 
f 6009/6009/6009 5990/5990/5990 5989/5989/5989 
f 5989/5989/5989 6008/6008/6008 6009/6009/6009 
f 6010/6010/6010 5991/5991/5991 5990/5990/5990 
f 5990/5990/5990 6009/6009/6009 6010/6010/6010 
f 6011/6011/6011 5992/5992/5992 5991/5991/5991 
f 5991/5991/5991 6010/6010/6010 6011/6011/6011 
f 6012/6012/6012 5993/5993/5993 5992/5992/5992 
f 5992/5992/5992 6011/6011/6011 6012/6012/6012 
f 6013/6013/6013 5994/5994/5994 5993/5993/5993 
f 5993/5993/5993 6012/6012/6012 6013/6013/6013 
f 6014/6014/6014 5995/5995/5995 5994/5994/5994 
f 5994/5994/5994 6013/6013/6013 6014/6014/6014 
f 6015/6015/6015 5996/5996/5996 5995/5995/5995 
f 5995/5995/5995 6014/6014/6014 6015/6015/6015 
f 6016/6016/6016 5997/5997/5997 5996/5996/5996 
f 5996/5996/5996 6015/6015/6015 6016/6016/6016 
f 6017/6017/6017 5998/5998/5998 5997/5997/5997 
f 5997/5997/5997 6016/6016/6016 6017/6017/6017 
f 6018/6018/6018 5999/5999/5999 5998/5998/5998 
f 5998/5998/5998 6017/6017/6017 6018/6018/6018 
f 6019/6019/6019 6000/6000/6000 5999/5999/5999 
f 5999/5999/5999 6018/6018/6018 6019/6019/6019 
f 6020/6020/6020 6001/6001/6001 6000/6000/6000 
f 6000/6000/6000 6019/6019/6019 6020/6020/6020 
f 6021/6021/6021 6002/6002/6002 6001/6001/6001 
f 6001/6001/6001 6020/6020/6020 6021/6021/6021 
f 6022/6022/6022 6003/6003/6003 6002/6002/6002 
f 6002/6002/6002 6021/6021/6021 6022/6022/6022 
f 6023/6023/6023 6004/6004/6004 6003/6003/6003 
f 6003/6003/6003 6022/6022/6022 6023/6023/6023 
f 6024/6024/6024 6005/6005/6005 6004/6004/6004 
f 6004/6004/6004 6023/6023/6023 6024/6024/6024 
f 6025/6025/6025 6026/6026/6026 6027/6027/6027 
f 6027/6027/6027 6028/6028/6028 6025/6025/6025 
f 6029/6029/6029 6030/6030/6030 6026/6026/6026 
f 6026/6026/6026 6025/6025/6025 6029/6029/6029 
f 6031/6031/6031 6032/6032/6032 6030/6030/6030 
f 6030/6030/6030 6029/6029/6029 6031/6031/6031 
f 6033/6033/6033 6034/6034/6034 6032/6032/6032 
f 6032/6032/6032 6031/6031/6031 6033/6033/6033 
f 6035/6035/6035 6036/6036/6036 6034/6034/6034 
f 6034/6034/6034 6033/6033/6033 6035/6035/6035 
f 6037/6037/6037 6038/6038/6038 6036/6036/6036 
f 6036/6036/6036 6035/6035/6035 6037/6037/6037 
f 6039/6039/6039 6040/6040/6040 6038/6038/6038 
f 6038/6038/6038 6037/6037/6037 6039/6039/6039 
f 6041/6041/6041 6042/6042/6042 6040/6040/6040 
f 6040/6040/6040 6039/6039/6039 6041/6041/6041 
f 6043/6043/6043 6044/6044/6044 6042/6042/6042 
f 6042/6042/6042 6041/6041/6041 6043/6043/6043 
f 6045/6045/6045 6046/6046/6046 6044/6044/6044 
f 6044/6044/6044 6043/6043/6043 6045/6045/6045 
f 6047/6047/6047 6048/6048/6048 6046/6046/6046 
f 6046/6046/6046 6045/6045/6045 6047/6047/6047 
f 6049/6049/6049 6050/6050/6050 6048/6048/6048 
f 6048/6048/6048 6047/6047/6047 6049/6049/6049 
f 6051/6051/6051 6052/6052/6052 6050/6050/6050 
f 6050/6050/6050 6049/6049/6049 6051/6051/6051 
f 6053/6053/6053 6054/6054/6054 6052/6052/6052 
f 6052/6052/6052 6051/6051/6051 6053/6053/6053 
f 6055/6055/6055 6056/6056/6056 6054/6054/6054 
f 6054/6054/6054 6053/6053/6053 6055/6055/6055 
f 6057/6057/6057 6058/6058/6058 6056/6056/6056 
f 6056/6056/6056 6055/6055/6055 6057/6057/6057 
f 6059/6059/6059 6060/6060/6060 6058/6058/6058 
f 6058/6058/6058 6057/6057/6057 6059/6059/6059 
f 6028/6028/6028 6027/6027/6027 6060/6060/6060 
f 6060/6060/6060 6059/6059/6059 6028/6028/6028 
f 6028/6028/6028 6061/6061/6061 6025/6025/6025 
f 6025/6025/6025 6061/6061/6061 6029/6029/6029 
f 6029/6029/6029 6061/6061/6061 6031/6031/6031 
f 6031/6031/6031 6061/6061/6061 6033/6033/6033 
f 6033/6033/6033 6061/6061/6061 6035/6035/6035 
f 6035/6035/6035 6061/6061/6061 6037/6037/6037 
f 6037/6037/6037 6061/6061/6061 6039/6039/6039 
f 6039/6039/6039 6061/6061/6061 6041/6041/6041 
f 6041/6041/6041 6061/6061/6061 6043/6043/6043 
f 6043/6043/6043 6061/6061/6061 6045/6045/6045 
f 6045/6045/6045 6061/6061/6061 6047/6047/6047 
f 6047/6047/6047 6061/6061/6061 6049/6049/6049 
f 6049/6049/6049 6061/6061/6061 6051/6051/6051 
f 6051/6051/6051 6061/6061/6061 6053/6053/6053 
f 6053/6053/6053 6061/6061/6061 6055/6055/6055 
f 6055/6055/6055 6061/6061/6061 6057/6057/6057 
f 6057/6057/6057 6061/6061/6061 6059/6059/6059 
f 6059/6059/6059 6061/6061/6061 6028/6028/6028 

g Handle3

v -0.0378085 102.226 0.349425 
v -0.002527 102.211 0.349325 
v -0.0115125 102.202 0.34368 
v -0.0381305 102.213 0.343705 
v -0.0510405 102.213 0.343695 
v -0.0513045 102.226 0.34938 
v -0.036864 102.236 0.36086 
v 0.004081 102.219 0.36061 
v -0.052134 102.236 0.360755 
v -0.0368895 102.198 0.3418 
v 0.00213149 102.179 0.3436 
v -0.044595 102.16 0.3418 
v -0.0913145 102.179 0.3435 
v -0.077663 102.202 0.343615 
v 0.0158175 102.185 0.349005 
v 0.0258115 102.189 0.35981 
v -0.0450215 102.073 0.389585 
v -0.0778555 102.08 0.389515 
v -0.076397 102.084 0.37001 
v -0.0447885 102.078 0.370055 
v -0.0738325 102.09 0.355905 
v -0.044692 102.084 0.355925 
v -0.0787215 102.076 0.41418 
v -0.045489 102.069 0.41428 
v -0.079509 102.069 0.44377 
v -0.0462885 102.062 0.44389 
v 0.0059775 102.16 0.343515 
v 0.020779 102.16 0.348645 
v 0.031572 102.16 0.358915 
v 0.03804 102.159 0.376035 
v 0.0411485 102.158 0.399155 
v 0.0344945 102.125 0.396025 
v 0.031676 102.128 0.37408 
v 0.031572 102.16 0.358915 
v 0.025737 102.13 0.35794 
v 0.0418625 102.154 0.427435 
v 0.035083 102.121 0.423135 
v 0.0411475 102.147 0.460035 
v 0.034332 102.114 0.454755 
v 0.00212449 102.14 0.343415 
v 0.0157875 102.135 0.348255 
v 0.025737 102.13 0.35794 
v -0.0525695 102.242 0.379705 
v -0.0969795 102.224 0.378035 
v -0.098968 102.225 0.402355 
v -0.052836 102.243 0.40503 
v -0.052134 102.236 0.360755 
v -0.0931215 102.219 0.35992 
v -0.0359725 102.243 0.40537 
v -0.036236 102.242 0.37992 
v -0.036864 102.236 0.36086 
v -0.099877 102.222 0.43184 
v -0.053159 102.241 0.435515 
v -0.053764 102.233 0.46995 
v -0.100497 102.215 0.46544 
v -0.036121 102.24 0.43598 
v -0.0367285 102.233 0.470525 
v -0.0088415 102.124 0.343325 
v 0.00160399 102.114 0.34789 
v 0.009195 102.106 0.35703 
v 0.010022 102.224 0.404565 
v 0.0080885 102.223 0.379415 
v 0.004081 102.219 0.36061 
v 0.010408 102.221 0.434875 
v 0.00977249 102.213 0.469165 
v -0.0252505 102.113 0.343255 
v -0.0196135 102.099 0.34761 
v -0.0155365 102.089 0.35632 
v -0.124156 102.127 0.392805 
v -0.130573 102.159 0.39567 
v -0.127231 102.16 0.373855 
v -0.121014 102.129 0.372065 
v -0.120763 102.16 0.35783 
v -0.115002 102.131 0.356935 
v -0.13199 102.156 0.422645 
v -0.125536 102.123 0.41871 
v -0.13268 102.149 0.454155 
v -0.126264 102.116 0.449325 
v -0.044605 102.109 0.343215 
v -0.044634 102.094 0.34745 
v -0.044692 102.084 0.355925 
v -0.0131505 102.084 0.37084 
v -0.0121405 102.08 0.390845 
v -0.0155365 102.089 0.35632 
v -0.0121915 102.075 0.416015 
v -0.012988 102.068 0.44602 
v -0.0639575 102.113 0.34321 
v -0.0696485 102.099 0.347445 
v -0.0738325 102.09 0.355905 
v 0.031824 102.191 0.37782 
v 0.034731 102.191 0.402015 
v 0.0258115 102.189 0.35981 
v 0.0354085 102.187 0.43137 
v 0.0347315 102.18 0.464865 
v -0.0803625 102.124 0.343245 
v -0.090849 102.114 0.347585 
v -0.098522 102.106 0.35626 
v -0.091322 102.14 0.343315 
v -0.105008 102.135 0.347855 
v -0.115002 102.131 0.356935 
v -0.105644 102.099 0.390645 
v -0.103164 102.102 0.370715 
v -0.098522 102.106 0.35626 
v -0.106831 102.095 0.41574 
v -0.107593 102.088 0.44568 
v -0.095168 102.16 0.343405 
v -0.109969 102.16 0.34821 
v -0.120763 102.16 0.35783 
v 0.0137 102.101 0.372255 
v 0.0157815 102.098 0.39311 
v 0.009195 102.106 0.35703 
v 0.0161015 102.094 0.419125 
v 0.015322 102.086 0.449835 
v -0.104978 102.185 0.348605 
v -0.114928 102.189 0.358805 
v 0.034731 102.191 0.402015 
v 0.031824 102.191 0.37782 
v 0.0258115 102.189 0.35981 
v 0.0354085 102.187 0.43137 
v 0.0347315 102.18 0.464865 
v -0.086603 102.211 0.34905 
v -0.0931215 102.219 0.35992 
v -0.123919 102.192 0.398795 
v -0.120866 102.192 0.37581 
v -0.114928 102.189 0.358805 
v -0.12521 102.189 0.426945 
v -0.125864 102.182 0.459435 
v -0.105644 102.099 0.390645 
v -0.103164 102.102 0.370715 
v -0.098522 102.106 0.35626 
v -0.106831 102.095 0.41574 
v -0.107593 102.088 0.44568 
v -0.0589925 102.211 0.343675 
v -0.1088 102.076 0.48016 
v -0.110649 102.059 0.518025 
v -0.129289 102.087 0.52228 
v -0.12745 102.104 0.484215 
v -0.131976 102.065 0.562445 
v -0.113339 102.037 0.55812 
v -0.135704 102.038 0.60361 
v -0.117067 102.01 0.599285 
v 0.01225 102.058 0.522875 
v -0.016075 102.039 0.518425 
v -0.0142155 102.056 0.48054 
v 0.0141045 102.074 0.48478 
v 0.0095585 102.036 0.563045 
v -0.0187685 102.017 0.558525 
v 0.0058305 102.008 0.60421 
v -0.0224965 101.99 0.59969 
v 0.033576 102.168 0.501475 
v 0.0086415 102.201 0.50626 
v 0.00682999 102.184 0.54543 
v 0.031752 102.151 0.54041 
v 0.004153 102.162 0.58596 
v 0.029071 102.129 0.58086 
v 0.000424996 102.135 0.627125 
v 0.0253425 102.101 0.622025 
v -0.127006 102.17 0.495445 
v -0.128823 102.153 0.534075 
v -0.103425 102.186 0.54108 
v -0.101619 102.203 0.502115 
v -0.106101 102.164 0.58154 
v -0.131502 102.131 0.574425 
v -0.109829 102.137 0.622705 
v -0.13523 102.104 0.615591 
v -0.0807305 102.057 0.47804 
v -0.0825875 102.04 0.5158 
v -0.110649 102.059 0.518025 
v -0.1088 102.076 0.48016 
v -0.113339 102.037 0.55812 
v -0.08528 102.018 0.555855 
v -0.117067 102.01 0.599285 
v -0.089008 101.991 0.597025 
v 0.031286 102.085 0.528615 
v 0.0331315 102.102 0.490245 
v 0.028597 102.063 0.56888 
v 0.024869 102.036 0.610045 
v -0.133844 102.137 0.48958 
v -0.135671 102.12 0.527915 
v -0.138354 102.098 0.56817 
v -0.142082 102.071 0.609335 
v -0.0475175 102.05 0.47817 
v -0.0493775 102.033 0.51594 
v -0.052071 102.011 0.556 
v -0.0557995 101.984 0.597165 
v 0.038134 102.118 0.534775 
v 0.039969 102.135 0.49611 
v 0.035449 102.096 0.575135 
v 0.031721 102.069 0.6163 
v -0.056679 102.204 0.54634 
v -0.0548765 102.221 0.50713 
v -0.0396455 102.204 0.547015 
v -0.0378425 102.221 0.507765 
v -0.059353 102.182 0.586885 
v -0.063081 102.155 0.62805 
v -0.04232 102.182 0.58757 
v -0.046048 102.155 0.628735 
v 0.031752 102.151 0.54041 
v 0.033576 102.168 0.501475 
v 0.029071 102.129 0.58086 
v 0.0253425 102.101 0.622025 
v -0.122032 101.978 0.64037 
v -0.127881 101.941 0.68107 
v -0.146518 101.969 0.68539 
v -0.140669 102.006 0.644691 
v -0.152901 101.931 0.72541 
v -0.134264 101.903 0.721091 
v -0.159467 101.892 0.76445 
v -0.14083 101.864 0.760131 
v 0.020378 102.069 0.663105 
v -0.00454001 102.103 0.668205 
v -0.0103895 102.066 0.708905 
v 0.0145285 102.032 0.703805 
v -0.0167725 102.028 0.748925 
v 0.00814499 101.994 0.743825 
v -0.023338 101.989 0.787966 
v 0.00158 101.955 0.782866 
v -0.0939725 101.959 0.638105 
v -0.099822 101.922 0.678805 
v -0.127881 101.941 0.68107 
v -0.122032 101.978 0.64037 
v -0.134264 101.903 0.721091 
v -0.106206 101.884 0.718826 
v -0.14083 101.864 0.760131 
v -0.112771 101.845 0.757865 
v -0.060764 101.952 0.638245 
v -0.0666135 101.915 0.678946 
v -0.072997 101.877 0.718966 
v -0.079562 101.838 0.758005 
v -0.0738955 102.086 0.70983 
v -0.068046 102.122 0.669135 
v -0.114794 102.104 0.663785 
v -0.120643 102.068 0.704485 
v -0.0568625 102.086 0.710515 
v -0.051013 102.122 0.669815 
v -0.0802785 102.048 0.74985 
v -0.127027 102.029 0.744506 
v -0.086844 102.008 0.78889 
v -0.133592 101.99 0.783545 
v -0.0632455 102.047 0.750535 
v -0.069811 102.008 0.789575 
v -0.033311 101.921 0.681471 
v -0.0274615 101.958 0.64077 
v -0.039694 101.883 0.721491 
v -0.0462595 101.844 0.76053 
v -0.00498401 101.939 0.685995 
v 0.000865489 101.976 0.645295 
v -0.011367 101.901 0.726016 
v -0.0179325 101.862 0.765056 
v -0.140195 102.071 0.65667 
v -0.146044 102.035 0.69737 
v -0.152428 101.996 0.73739 
v -0.158993 101.957 0.77643 
v 0.0140545 101.967 0.691825 
v 0.0199045 102.003 0.651125 
v 0.00767149 101.928 0.731845 
v 0.00110599 101.889 0.770885 
v -0.147047 102.038 0.650415 
v -0.152896 102.002 0.691115 
v -0.159279 101.964 0.731135 
v -0.165845 101.924 0.770175 
v 0.0209065 102 0.69808 
v 0.026756 102.036 0.65738 
v 0.0145235 101.961 0.7381 
v 0.00795799 101.922 0.77714 
v 0.0145285 102.032 0.703805 
v 0.020378 102.069 0.663105 
v 0.00814499 101.994 0.743825 
v 0.00158 101.955 0.782866 
v -0.0118375 101.814 0.845901 
v -0.030847 101.786 0.840011 
v -0.0243285 101.824 0.802815 
v -0.00529 101.851 0.80865 
v -0.0188585 101.776 0.883395 
v -0.0377795 101.748 0.877345 
v -0.026673 101.736 0.921906 
v -0.0454185 101.71 0.915535 
v -0.172241 101.886 0.80794 
v -0.178531 101.849 0.845271 
v -0.17169 101.881 0.851591 
v -0.165389 101.919 0.814196 
v -0.177971 101.843 0.889531 
v -0.184781 101.811 0.883016 
v -0.184306 101.803 0.928926 
v -0.191052 101.771 0.92202 
v -0.00499651 101.846 0.852216 
v 0.001562 101.884 0.814906 
v -0.012049 101.808 0.88991 
v -0.0199265 101.768 0.928805 
v -0.165863 101.854 0.802215 
v -0.172163 101.816 0.839481 
v -0.178442 101.778 0.877025 
v -0.184772 101.739 0.915635 
v -0.0113645 101.879 0.858011 
v -0.00481601 101.917 0.82063 
v -0.0183875 101.841 0.8959 
v -0.0262065 101.8 0.93519 
v -0.147226 101.826 0.79789 
v -0.153555 101.788 0.835101 
v -0.15992 101.75 0.872475 
v -0.166422 101.711 0.910735 
v -0.00481601 101.917 0.82063 
v -0.029734 101.951 0.82573 
v -0.036244 101.913 0.863181 
v -0.0113645 101.879 0.858011 
v -0.043152 101.874 0.901276 
v -0.0183875 101.841 0.8959 
v -0.0507405 101.834 0.940985 
v -0.0262065 101.8 0.93519 
v -0.119167 101.807 0.795625 
v -0.125539 101.769 0.832795 
v -0.153555 101.788 0.835101 
v -0.147226 101.826 0.79789 
v -0.15992 101.75 0.872475 
v -0.132034 101.731 0.87005 
v -0.166422 101.711 0.910735 
v -0.138796 101.693 0.90807 
v -0.085958 101.8 0.795771 
v -0.092382 101.762 0.83292 
v -0.0990295 101.724 0.870126 
v -0.106099 101.686 0.908051 
v -0.0996525 101.933 0.864151 
v -0.09324 101.97 0.826655 
v -0.139988 101.952 0.821311 
v -0.146328 101.914 0.85877 
v -0.0826455 101.932 0.86483 
v -0.076207 101.97 0.82734 
v -0.106267 101.894 0.90238 
v -0.152727 101.876 0.896906 
v -0.113269 101.853 0.942361 
v -0.159296 101.835 0.93668 
v -0.0893385 101.894 0.903055 
v -0.0964975 101.853 0.943025 
v -0.0591305 101.768 0.835456 
v -0.0526555 101.806 0.798295 
v -0.065932 101.73 0.87269 
v -0.073309 101.692 0.910671 
v -0.112604 101.763 1.03023 
v -0.068569 101.744 1.02718 
v -0.0592935 101.79 0.983271 
v -0.104335 101.809 0.985736 
v -0.120843 101.81 0.98509 
v -0.128753 101.763 1.0296 
v -0.121059 101.713 1.07554 
v -0.078324 101.695 1.07179 
v -0.129454 101.659 1.12069 
v -0.0883165 101.641 1.11614 
v -0.136761 101.713 1.07492 
v -0.144628 101.66 1.12007 
v -0.0905025 101.61 0.98999 
v -0.122087 101.605 0.987131 
v -0.113786 101.646 0.947361 
v -0.081509 101.652 0.950075 
v -0.100261 101.567 1.02951 
v -0.130997 101.562 1.02644 
v -0.110754 101.521 1.0677 
v -0.140513 101.517 1.06436 
v -0.06362 101.627 0.99568 
v -0.0540545 101.669 0.955281 
v -0.0740445 101.582 1.03583 
v -0.0852605 101.536 1.07481 
v -0.190769 101.761 0.97068 
v -0.197231 101.716 1.01382 
v -0.173102 101.746 1.02312 
v -0.166151 101.792 0.97908 
v -0.179961 101.698 1.0678 
v -0.203562 101.669 1.05735 
v -0.186539 101.646 1.11215 
v -0.209632 101.619 1.10028 
v -0.0455305 101.652 1.00333 
v -0.0356025 101.695 0.962185 
v -0.05634 101.606 1.04444 
v -0.067914 101.558 1.0846 
v -0.19741 101.729 0.96313 
v -0.203773 101.686 1.00537 
v -0.21006 101.64 1.04774 
v -0.216191 101.592 1.0893 
v -0.0389885 101.682 1.01179 
v -0.028962 101.727 0.969735 
v -0.0498415 101.635 1.05404 
v -0.0613545 101.585 1.09558 
v -0.191229 101.698 0.95608 
v -0.197772 101.655 0.997401 
v -0.204363 101.611 1.03863 
v -0.210964 101.565 1.07879 
v -0.0449905 101.713 1.01974 
v -0.0351435 101.758 0.976786 
v -0.055539 101.664 1.06316 
v -0.066582 101.612 1.10609 
v -0.173166 101.671 0.950611 
v -0.18014 101.629 0.99114 
v -0.187337 101.586 1.03138 
v -0.194746 101.541 1.07036 
v -0.0351435 101.758 0.976786 
v -0.0449905 101.713 1.01974 
v -0.055539 101.664 1.06316 
v -0.066582 101.612 1.10609 
v -0.145971 101.653 0.947546 
v -0.153563 101.611 0.98753 
v -0.18014 101.629 0.99114 
v -0.173166 101.671 0.950611 
v -0.187337 101.586 1.03138 
v -0.161574 101.569 1.0271 
v -0.194746 101.541 1.07036 
v -0.170007 101.524 1.0653 
v -0.0779105 101.557 1.14761 
v -0.098304 101.584 1.15928 
v -0.107842 101.524 1.20053 
v -0.0888565 101.498 1.18714 
v -0.116483 101.462 1.23922 
v -0.098752 101.438 1.22408 
v -0.123783 101.401 1.27466 
v -0.106929 101.378 1.25786 
v -0.178866 101.478 1.1012 
v -0.187556 101.431 1.13469 
v -0.209766 101.447 1.14158 
v -0.202359 101.495 1.10715 
v -0.216555 101.397 1.17352 
v -0.195485 101.382 1.16567 
v -0.222318 101.346 1.20281 
v -0.216555 101.397 1.17352 
v -0.195485 101.382 1.16567 
v -0.20206 101.332 1.19403 
v -0.150631 101.471 1.09998 
v -0.160595 101.423 1.13318 
v -0.169653 101.374 1.16383 
v -0.169653 101.374 1.16383 
v -0.177049 101.323 1.19184 
v -0.159113 101.543 1.20626 
v -0.152117 101.603 1.16408 
v -0.192647 101.591 1.15517 
v -0.198297 101.534 1.19629 
v -0.145139 101.541 1.20691 
v -0.137542 101.602 1.16472 
v -0.165503 101.482 1.24591 
v -0.203501 101.476 1.2349 
v -0.171173 101.42 1.28233 
v -0.208272 101.416 1.27043 
v -0.15206 101.48 1.24657 
v -0.15812 101.418 1.28298 
v -0.132988 101.425 1.13726 
v -0.121953 101.474 1.10368 
v -0.142991 101.374 1.16827 
v -0.142991 101.374 1.16827 
v -0.151091 101.322 1.19658 
v -0.108938 101.435 1.14632 
v -0.097198 101.486 1.11173 
v -0.119558 101.382 1.17834 
v -0.119558 101.382 1.17834 
v -0.128139 101.328 1.20753 
v -0.21531 101.567 1.14163 
v -0.220594 101.514 1.18096 
v -0.225485 101.458 1.2178 
v -0.229979 101.401 1.2517 
v -0.0921055 101.452 1.15898 
v -0.0801355 101.506 1.1229 
v -0.102922 101.397 1.19248 
v -0.102922 101.397 1.19248 
v -0.111687 101.341 1.22302 
v -0.222082 101.543 1.12903 
v -0.227646 101.491 1.16662 
v -0.232791 101.438 1.20173 
v -0.237427 101.384 1.23403 
v -0.0850535 101.475 1.17332 
v -0.0733625 101.531 1.1355 
v -0.095616 101.417 1.20854 
v -0.095616 101.417 1.20854 
v -0.104238 101.359 1.24069 
v -0.217535 101.517 1.11692 
v -0.223844 101.468 1.15279 
v -0.229656 101.417 1.18618 
v -0.234737 101.364 1.21686 
v -0.0888565 101.498 1.18714 
v -0.0779105 101.557 1.14761 
v -0.098752 101.438 1.22408 
v -0.098752 101.438 1.22408 
v -0.106929 101.378 1.25786 
v -0.202359 101.495 1.10715 
v -0.209766 101.447 1.14158 
v -0.216555 101.397 1.17352 
v -0.222318 101.346 1.20281 
v -0.241462 101.327 1.26317 
v -0.245135 101.27 1.29005 
v -0.237786 101.284 1.31015 
v -0.234074 101.343 1.28221 
v -0.237427 101.384 1.23403 
v -0.229979 101.401 1.2517 
v -0.241132 101.224 1.33631 
v -0.24868 101.211 1.31554 
v -0.244128 101.164 1.36149 
v -0.252334 101.15 1.34053 
v -0.114143 101.245 1.29474 
v -0.121492 101.23 1.27465 
v -0.117498 101.286 1.25024 
v -0.110108 101.302 1.26929 
v -0.117259 101.186 1.31746 
v -0.124807 101.172 1.29669 
v -0.120373 101.125 1.33784 
v -0.128579 101.112 1.31688 
v -0.238853 101.31 1.2446 
v -0.242513 101.253 1.27031 
v -0.234737 101.364 1.21686 
v -0.246224 101.195 1.29492 
v -0.250495 101.135 1.31935 
v -0.116765 101.261 1.31449 
v -0.112718 101.32 1.28787 
v -0.119715 101.202 1.33808 
v -0.122213 101.14 1.35902 
v -0.226642 101.293 1.22931 
v -0.230319 101.238 1.25393 
v -0.222318 101.346 1.20281 
v -0.234139 101.18 1.27759 
v -0.238891 101.12 1.3012 
v -0.112718 101.32 1.28787 
v -0.129295 101.34 1.30617 
v -0.133317 101.28 1.33413 
v -0.116765 101.261 1.31449 
v -0.106929 101.378 1.25786 
v -0.123783 101.401 1.27466 
v -0.136143 101.22 1.35891 
v -0.119715 101.202 1.33808 
v -0.138069 101.158 1.38089 
v -0.122213 101.14 1.35902 
v -0.206689 101.279 1.21965 
v -0.21041 101.225 1.24341 
v -0.230319 101.238 1.25393 
v -0.226642 101.293 1.22931 
v -0.234139 101.18 1.27759 
v -0.214263 101.168 1.26618 
v -0.238891 101.12 1.3012 
v -0.219288 101.108 1.28883 
v -0.182031 101.271 1.21707 
v -0.185816 101.217 1.24034 
v -0.189623 101.16 1.26243 
v -0.194672 101.101 1.28413 
v -0.176008 101.359 1.31485 
v -0.212622 101.356 1.30229 
v -0.216413 101.296 1.33115 
v -0.179912 101.299 1.34397 
v -0.171173 101.42 1.28233 
v -0.208272 101.416 1.27043 
v -0.167074 101.296 1.34443 
v -0.163135 101.357 1.31545 
v -0.15812 101.418 1.28298 
v -0.219511 101.236 1.35769 
v -0.182789 101.238 1.37022 
v -0.221779 101.174 1.38259 
v -0.184542 101.176 1.39411 
v -0.169909 101.235 1.3704 
v -0.17161 101.173 1.39384 
v -0.156422 101.269 1.22198 
v -0.160281 101.215 1.2452 
v -0.16397 101.158 1.26691 
v -0.168789 101.099 1.2878 
v -0.137694 101.22 1.25725 
v -0.133761 101.275 1.23364 
v -0.14121 101.163 1.27894 
v -0.14558 101.103 1.2993 
v -0.184582 100.968 1.32961 
v -0.210911 100.971 1.32891 
v -0.202181 101.037 1.30623 
v -0.176038 101.035 1.30858 
v -0.193286 100.9 1.35129 
v -0.219623 100.903 1.35232 
v -0.227077 100.834 1.37663 
v -0.201016 100.83 1.374 
v -0.159782 100.971 1.33839 
v -0.152077 101.038 1.31891 
v -0.167779 100.902 1.35836 
v -0.175152 100.832 1.37942 
v -0.24679 101.102 1.38651 
v -0.248962 101.038 1.41148 
v -0.223624 101.048 1.42991 
v -0.223082 101.112 1.40653 
v -0.223611 100.983 1.45313 
v -0.250484 100.973 1.43655 
v -0.223247 100.914 1.47659 
v -0.251203 100.904 1.46184 
v -0.140286 100.98 1.35392 
v -0.133945 101.047 1.33568 
v -0.146985 100.911 1.37245 
v -0.153423 100.841 1.39209 
v -0.256333 101.089 1.36588 
v -0.260185 101.025 1.39157 
v -0.2634 100.959 1.41758 
v -0.265488 100.891 1.44386 
v -0.129063 100.993 1.37383 
v -0.124403 101.061 1.35631 
v -0.134069 100.924 1.39142 
v -0.139137 100.854 1.41006 
v -0.255832 101.073 1.34452 
v -0.261427 101.009 1.37031 
v -0.266472 100.943 1.39661 
v -0.270156 100.875 1.42332 
v -0.12782 101.009 1.3951 
v -0.124903 101.076 1.37766 
v -0.130998 100.94 1.41239 
v -0.13447 100.87 1.43061 
v -0.245365 101.058 1.32568 
v -0.252499 100.994 1.35093 
v -0.25923 100.927 1.37685 
v -0.264495 100.859 1.40333 
v -0.124903 101.076 1.37766 
v -0.139391 101.094 1.40046 
v -0.140445 101.028 1.41866 
v -0.12782 101.009 1.3951 
v -0.141568 100.96 1.43654 
v -0.130998 100.94 1.41239 
v -0.143095 100.89 1.45514 
v -0.13447 100.87 1.43061 
v -0.226526 101.046 1.31224 
v -0.234761 100.98 1.3364 
v -0.252499 100.994 1.35093 
v -0.245365 101.058 1.32568 
v -0.25923 100.927 1.37685 
v -0.242779 100.913 1.3613 
v -0.264495 100.859 1.40333 
v -0.249368 100.844 1.38693 
v -0.185076 101.113 1.41615 
v -0.184841 101.048 1.43711 
v -0.171991 101.045 1.43537 
v -0.172147 101.11 1.41522 
v -0.184286 100.982 1.45771 
v -0.183861 100.912 1.4787 
v -0.171611 100.978 1.45514 
v -0.171478 100.909 1.47539 
v -0.13827 100.799 1.45083 
v -0.145364 100.819 1.47552 
v -0.14858 100.747 1.49752 
v -0.142728 100.728 1.47306 
v -0.152949 100.676 1.521 
v -0.148176 100.659 1.4973 
v -0.158677 100.608 1.54578 
v -0.154945 100.593 1.52355 
v -0.253312 100.774 1.4133 
v -0.255094 100.705 1.44085 
v -0.267832 100.718 1.45801 
v -0.267232 100.788 1.43026 
v -0.266688 100.65 1.4869 
v -0.255194 100.638 1.47 
v -0.264191 100.585 1.51729 
v -0.254092 100.574 1.5012 
v -0.232034 100.765 1.40202 
v -0.235038 100.696 1.42895 
v -0.236632 100.63 1.45792 
v -0.237361 100.567 1.48939 
v -0.184016 100.84 1.50084 
v -0.22274 100.842 1.50069 
v -0.222145 100.768 1.52523 
v -0.18482 100.767 1.52384 
v -0.173455 100.764 1.51956 
v -0.172063 100.837 1.49695 
v -0.221518 100.696 1.55001 
v -0.18634 100.694 1.54747 
v -0.188644 100.625 1.57143 
v -0.220915 100.626 1.57483 
v -0.175747 100.691 1.54298 
v -0.179028 100.622 1.56695 
v -0.206636 100.76 1.39812 
v -0.210717 100.692 1.42413 
v -0.21383 100.626 1.45249 
v -0.216546 100.563 1.48368 
v -0.185832 100.694 1.42713 
v -0.180983 100.763 1.40221 
v -0.190256 100.628 1.45456 
v -0.194815 100.565 1.48492 
v -0.250959 100.833 1.48748 
v -0.249867 100.76 1.5134 
v -0.248039 100.688 1.53955 
v -0.245589 100.619 1.56585 
v -0.164173 100.702 1.43748 
v -0.158983 100.771 1.41367 
v -0.169501 100.635 1.4638 
v -0.175478 100.571 1.49293 
v -0.265958 100.82 1.47041 
v -0.265002 100.748 1.49728 
v -0.262815 100.677 1.52454 
v -0.259589 100.609 1.55228 
v -0.149037 100.714 1.45361 
v -0.143984 100.783 1.43074 
v -0.154725 100.646 1.47881 
v -0.161477 100.581 1.5065 
v -0.271672 100.804 1.45032 
v -0.271311 100.733 1.47782 
v -0.269364 100.664 1.50606 
v -0.266122 100.597 1.53523 
v -0.142728 100.728 1.47306 
v -0.13827 100.799 1.45083 
v -0.148176 100.659 1.4973 
v -0.154945 100.593 1.52355 
v -0.267232 100.788 1.43026 
v -0.267832 100.718 1.45801 
v -0.266688 100.65 1.4869 
v -0.264191 100.585 1.51729 
v -0.255518 100.546 1.58056 
v -0.250894 100.49 1.60724 
v -0.239373 100.497 1.61677 
v -0.242629 100.554 1.59223 
v -0.23603 100.449 1.63756 
v -0.246009 100.443 1.63018 
v -0.232812 100.412 1.65267 
v -0.241158 100.407 1.64724 
v -0.178683 100.467 1.56716 
v -0.190205 100.459 1.55763 
v -0.182611 100.512 1.52515 
v -0.169722 100.521 1.53682 
v -0.187586 100.422 1.59491 
v -0.197566 100.416 1.58753 
v -0.195653 100.389 1.61745 
v -0.203999 100.384 1.61202 
v -0.261876 100.535 1.56557 
v -0.256918 100.48 1.59467 
v -0.251543 100.435 1.62013 
v -0.24604 100.401 1.63954 
v -0.172659 100.476 1.57973 
v -0.163364 100.531 1.55181 
v -0.182053 100.43 1.60496 
v -0.190771 100.395 1.62515 
v -0.260735 100.524 1.54953 
v -0.25653 100.471 1.58096 
v -0.251786 100.427 1.60891 
v -0.246715 100.394 1.63075 
v -0.163364 100.531 1.55181 
v -0.16597 100.545 1.57173 
v -0.174147 100.488 1.59681 
v -0.172659 100.476 1.57973 
v -0.18253 100.44 1.61898 
v -0.182053 100.43 1.60496 
v -0.190439 100.404 1.63619 
v -0.190771 100.395 1.62515 
v -0.252269 100.515 1.53488 
v -0.249786 100.462 1.56819 
v -0.25653 100.471 1.58096 
v -0.260735 100.524 1.54953 
v -0.251786 100.427 1.60891 
v -0.246703 100.419 1.59825 
v -0.246715 100.394 1.63075 
v -0.24308 100.387 1.6222 
v -0.237714 100.456 1.55832 
v -0.237767 100.508 1.52386 
v -0.237067 100.414 1.58977 
v -0.235689 100.383 1.61519 
v -0.195506 100.501 1.61792 
v -0.1918 100.559 1.59549 
v -0.220396 100.56 1.59949 
v -0.219968 100.502 1.62225 
v -0.188421 100.499 1.61398 
v -0.183391 100.557 1.5912 
v -0.199459 100.452 1.63699 
v -0.219645 100.453 1.6414 
v -0.203359 100.414 1.651 
v -0.219438 100.415 1.65519 
v -0.193702 100.449 1.63351 
v -0.198819 100.412 1.64802 
v -0.222152 100.454 1.55285 
v -0.219436 100.505 1.51814 
v -0.224345 100.411 1.58475 
v -0.225666 100.381 1.6108 
v -0.205469 100.455 1.55261 
v -0.200068 100.507 1.5186 
v -0.210474 100.412 1.58397 
v -0.214538 100.381 1.60968 
v -0.207211 100.375 1.65829 
v -0.203022 100.37 1.65164 
v -0.197194 100.382 1.64643 
v -0.203359 100.388 1.65575 
v -0.190439 100.404 1.63619 
v -0.198819 100.412 1.64802 
v -0.206902 100.39 1.65823 
v -0.210326 100.377 1.66057 
v -0.203359 100.414 1.651 
v -0.210265 100.369 1.65721 
v -0.213868 100.371 1.6599 
v -0.219113 100.378 1.66337 
v -0.227198 100.376 1.66183 
v -0.220013 100.363 1.65215 
v -0.20444 100.365 1.64525 
v -0.198037 100.375 1.63794 
v -0.190771 100.395 1.62515 
v -0.207536 100.361 1.64119 
v -0.202109 100.37 1.63218 
v -0.195653 100.389 1.61745 
v -0.212507 100.358 1.63849 
v -0.208809 100.366 1.62827 
v -0.203999 100.384 1.61202 
v -0.218596 100.357 1.63758 
v -0.217117 100.363 1.62678 
v -0.214538 100.381 1.60968 
v -0.224877 100.357 1.63858 
v -0.225767 100.363 1.62794 
v -0.225666 100.381 1.6108 
v -0.230393 100.358 1.64135 
v -0.233444 100.365 1.63159 
v -0.235689 100.383 1.61519 
v -0.234304 100.361 1.64545 
v -0.238978 100.369 1.63716 
v -0.24308 100.387 1.6222 
v -0.236015 100.365 1.65027 
v -0.241527 100.374 1.64381 
v -0.246715 100.394 1.63075 
v -0.235265 100.369 1.65508 
v -0.240703 100.38 1.65052 
v -0.24604 100.401 1.63954 
v -0.232169 100.373 1.65914 
v -0.236631 100.385 1.65627 
v -0.241158 100.407 1.64724 
v -0.229931 100.389 1.66019 
v -0.232812 100.412 1.65267 
v -0.219359 100.392 1.66191 
v -0.219438 100.415 1.65519 
v -0.208531 100.416 1.61888 
v -0.0797415 100.44 1.64328 
v -0.075198 100.416 1.61888 
v -0.208531 100.416 1.61888 
v -0.0930615 100.463 1.66602 
v -0.0797415 100.44 1.64328 
v -0.11425 100.483 1.68554 
v -0.141864 100.498 1.70053 
v -0.11425 100.483 1.68554 
v -0.174021 100.507 1.70994 
v -0.208531 100.51 1.71316 
v -0.243039 100.507 1.70994 
v -0.208531 100.51 1.71316 
v -0.275196 100.498 1.70053 
v -0.30281 100.483 1.68554 
v -0.323999 100.463 1.66602 
v -0.30281 100.483 1.68554 
v -0.337319 100.44 1.64328 
v -0.323999 100.463 1.66602 
v -0.341862 100.416 1.61888 
v -0.337319 100.44 1.64328 
v -0.337319 100.391 1.59447 
v -0.324 100.369 1.57174 
v -0.337319 100.391 1.59447 
v -0.30281 100.349 1.55221 
v -0.324 100.369 1.57174 
v -0.275196 100.334 1.53723 
v -0.30281 100.349 1.55221 
v -0.243039 100.325 1.52781 
v -0.275196 100.334 1.53723 
v -0.208531 100.322 1.5246 
v -0.174021 100.325 1.52781 
v -0.208531 100.322 1.5246 
v -0.141864 100.334 1.53723 
v -0.174021 100.325 1.52781 
v -0.11425 100.349 1.55221 
v -0.141864 100.334 1.53723 
v -0.0930615 100.369 1.57174 
v -0.0797415 100.391 1.59447 
v -0.0797415 100.391 1.59447 
v -0.075198 100.416 1.61888 
v -0.105499 100.388 1.68626 
v -0.101865 100.368 1.66674 
v -0.0797415 100.44 1.64328 
v -0.116155 100.406 1.70445 
v -0.0930615 100.463 1.66602 
v -0.133106 100.421 1.72008 
v -0.11425 100.483 1.68554 
v -0.155197 100.433 1.73206 
v -0.141864 100.498 1.70053 
v -0.180923 100.441 1.73959 
v -0.174021 100.507 1.70994 
v -0.208531 100.443 1.74217 
v -0.208531 100.51 1.71316 
v -0.208531 100.51 1.71316 
v -0.236138 100.441 1.73959 
v -0.208531 100.443 1.74217 
v -0.243039 100.507 1.70994 
v -0.261863 100.433 1.73206 
v -0.275196 100.498 1.70053 
v -0.283955 100.421 1.72008 
v -0.30281 100.483 1.68554 
v -0.300906 100.406 1.70445 
v -0.323999 100.463 1.66602 
v -0.311562 100.388 1.68626 
v -0.337319 100.44 1.64328 
v -0.315196 100.368 1.66674 
v -0.341862 100.416 1.61888 
v -0.311562 100.349 1.64722 
v -0.337319 100.391 1.59447 
v -0.300906 100.33 1.62903 
v -0.324 100.369 1.57174 
v -0.283955 100.315 1.6134 
v -0.30281 100.349 1.55221 
v -0.261863 100.303 1.60142 
v -0.275196 100.334 1.53723 
v -0.236138 100.295 1.59389 
v -0.243039 100.325 1.52781 
v -0.208531 100.293 1.59132 
v -0.208531 100.322 1.5246 
v -0.208531 100.322 1.5246 
v -0.180923 100.295 1.59389 
v -0.208531 100.293 1.59132 
v -0.174021 100.325 1.52781 
v -0.155198 100.303 1.60142 
v -0.141864 100.334 1.53723 
v -0.133106 100.315 1.6134 
v -0.11425 100.349 1.55221 
v -0.116155 100.33 1.62903 
v -0.0930615 100.369 1.57174 
v -0.105499 100.349 1.64722 
v -0.0797415 100.391 1.59447 
v -0.131257 100.335 1.72924 
v -0.128531 100.32 1.71461 
v -0.139249 100.348 1.74289 
v -0.151962 100.36 1.75461 
v -0.168531 100.369 1.7636 
v -0.187825 100.375 1.76925 
v -0.208531 100.377 1.77118 
v -0.229236 100.375 1.76925 
v -0.208531 100.377 1.77118 
v -0.24853 100.369 1.7636 
v -0.265099 100.36 1.75461 
v -0.277812 100.348 1.74289 
v -0.285803 100.335 1.72924 
v -0.28853 100.32 1.71461 
v -0.285803 100.306 1.69997 
v -0.277812 100.292 1.68632 
v -0.265099 100.28 1.67461 
v -0.24853 100.271 1.66562 
v -0.229236 100.266 1.65997 
v -0.208531 100.264 1.65804 
v -0.187825 100.266 1.65997 
v -0.208531 100.264 1.65804 
v -0.168531 100.271 1.66562 
v -0.151962 100.28 1.67461 
v -0.139249 100.292 1.68632 
v -0.131257 100.306 1.69997 
v -0.157015 100.282 1.77223 
v -0.155197 100.272 1.76247 
v -0.162343 100.291 1.78133 
v -0.170818 100.299 1.78913 
v -0.181864 100.305 1.79513 
v -0.194727 100.309 1.7989 
v -0.208531 100.31 1.80018 
v -0.222334 100.309 1.7989 
v -0.208531 100.31 1.80018 
v -0.235197 100.305 1.79513 
v -0.246243 100.299 1.78913 
v -0.254718 100.291 1.78133 
v -0.260046 100.282 1.77223 
v -0.261863 100.272 1.76247 
v -0.260046 100.263 1.75271 
v -0.254718 100.253 1.74362 
v -0.246243 100.246 1.73581 
v -0.235197 100.24 1.72981 
v -0.222334 100.236 1.72605 
v -0.208531 100.235 1.72476 
v -0.194727 100.236 1.72605 
v -0.208531 100.235 1.72476 
v -0.181864 100.24 1.72981 
v -0.170818 100.246 1.73581 
v -0.162343 100.253 1.74362 
v -0.157015 100.263 1.75271 
v -0.182773 100.229 1.81522 
v -0.181864 100.224 1.81034 
v -0.185437 100.234 1.81977 
v -0.189674 100.238 1.82367 
v -0.195197 100.241 1.82667 
v -0.201629 100.243 1.82855 
v -0.208531 100.243 1.82919 
v -0.215432 100.243 1.82855 
v -0.208531 100.243 1.82919 
v -0.221864 100.241 1.82667 
v -0.227387 100.238 1.82367 
v -0.231624 100.234 1.81977 
v -0.234288 100.229 1.81522 
v -0.235197 100.224 1.81034 
v -0.234288 100.22 1.80545 
v -0.231624 100.215 1.8009 
v -0.227387 100.211 1.797 
v -0.221864 100.208 1.79401 
v -0.215432 100.206 1.79212 
v -0.208531 100.206 1.79148 
v -0.201629 100.206 1.79212 
v -0.208531 100.206 1.79148 
v -0.195197 100.208 1.79401 
v -0.189674 100.211 1.797 
v -0.185437 100.215 1.8009 
v -0.182773 100.22 1.80545 
v -0.181864 100.224 1.81034 
v -0.208531 100.177 1.8582 
v -0.208531 100.177 1.8582 
v -0.208531 100.177 1.8582 
v -0.182773 100.229 1.81522 
v -0.208531 100.177 1.8582 
v -0.208531 100.177 1.8582 
v -0.185437 100.234 1.81977 
v -0.208531 100.177 1.8582 
v -0.208531 100.177 1.8582 
v -0.189674 100.238 1.82367 
v -0.208531 100.177 1.8582 
v -0.208531 100.177 1.8582 
v -0.195197 100.241 1.82667 
v -0.208531 100.177 1.8582 
v -0.208531 100.177 1.8582 
v -0.201629 100.243 1.82855 
v -0.208531 100.177 1.8582 
v -0.208531 100.177 1.8582 
v -0.208531 100.177 1.8582 
v -0.208531 100.177 1.8582 
v -0.208531 100.177 1.8582 
v -0.208531 100.177 1.8582 
v -0.208531 100.177 1.8582 
v -0.208531 100.177 1.8582 
v -0.208531 100.177 1.8582 
v -0.208531 100.177 1.8582 
v -0.208531 100.177 1.8582 
v -0.208531 100.177 1.8582 
v -0.208531 100.177 1.8582 
v -0.208531 100.177 1.8582 
v -0.208531 100.177 1.8582 
v -0.208531 100.177 1.8582 
v -0.201629 100.206 1.79212 
v -0.208531 100.177 1.8582 
v -0.208531 100.177 1.8582 
v -0.195197 100.208 1.79401 
v -0.208531 100.177 1.8582 
v -0.208531 100.177 1.8582 
v -0.189674 100.211 1.797 
v -0.208531 100.177 1.8582 
v -0.208531 100.177 1.8582 
v -0.185437 100.215 1.8009 
v -0.208531 100.177 1.8582 
v -0.208531 100.177 1.8582 
v -0.182773 100.22 1.80545 
v -0.208531 100.177 1.8582 
v -0.208531 100.177 1.8582 

vn -0.0393701 0.590551 -0.80315 
vn 0.440945 0.385827 -0.811024 
vn 0.204724 0.15748 -0.968504 
vn -0.0393701 0.259843 -0.968504 
vn 0.0393701 0.259843 -0.968504 
vn 0.0472441 0.590551 -0.80315 
vn 0.015748 0.874016 -0.488189 
vn 0.598425 0.629921 -0.488189 
vn -0.00787402 0.874016 -0.488189 
vn 0.015748 0.0787402 -1 
vn 0.188976 0.0787402 -0.976378 
vn 0 0 -1 
vn -0.181102 0.0787402 -0.984252 
vn -0.19685 0.149606 -0.968504 
vn 0.496063 0.220472 -0.84252 
vn 0.779528 0.338583 -0.519685 
vn 0 -0.984252 -0.188976 
vn -0.385827 -0.905512 -0.188976 
vn -0.370079 -0.88189 -0.299213 
vn 0 -0.952756 -0.299213 
vn -0.307087 -0.732283 -0.606299 
vn 0 -0.795276 -0.606299 
vn -0.385827 -0.905512 -0.19685 
vn -0.00787402 -0.976378 -0.204724 
vn -0.377953 -0.88189 -0.267717 
vn 0 -0.96063 -0.275591 
vn 0.19685 0 -0.984252 
vn 0.527559 0.00787402 -0.850394 
vn 0.84252 0.015748 -0.543307 
vn 0.968504 0.00787402 -0.23622 
vn 1 0 -0.0787402 
vn 0.92126 -0.377953 -0.11811 
vn 0.897638 -0.362205 -0.259843 
vn 0.84252 0.015748 -0.543307 
vn 0.771654 -0.299213 -0.566929 
vn 1 0 0 
vn 0.92126 -0.377953 -0.0708661 
vn 1 -0.00787402 0.023622 
vn 0.92126 -0.377953 -0.0787402 
vn 0.173228 -0.0708661 -0.984252 
vn 0.472441 -0.181102 -0.866142 
vn 0.771654 -0.299213 -0.566929 
vn -0.0551181 0.984252 -0.181102 
vn -0.637795 0.748031 -0.204724 
vn -0.629921 0.771654 -0.015748 
vn -0.0787402 1 0.015748 
vn -0.00787402 0.874016 -0.488189 
vn -0.590551 0.629921 -0.503937 
vn 0.0944882 0.992126 0.015748 
vn 0.0708661 0.984252 -0.181102 
vn 0.015748 0.874016 -0.488189 
vn -0.629921 0.771654 0.102362 
vn -0.0944882 0.984252 0.149606 
vn -0.0944882 0.96063 0.251969 
vn -0.629921 0.755906 0.188976 
vn 0.102362 0.984252 0.149606 
vn 0.102362 0.96063 0.259843 
vn 0.125984 -0.11811 -0.984252 
vn 0.346457 -0.338583 -0.874016 
vn 0.582677 -0.566929 -0.582677 
vn 0.645669 0.76378 0 
vn 0.645669 0.740157 -0.188976 
vn 0.598425 0.629921 -0.488189 
vn 0.637795 0.76378 0.125984 
vn 0.629921 0.740157 0.220472 
vn 0.0629921 -0.15748 -0.984252 
vn 0.188976 -0.433071 -0.88189 
vn 0.314961 -0.740157 -0.598425 
vn -0.92126 -0.370079 -0.133858 
vn -0.992126 0.015748 -0.0944882 
vn -0.968504 0.015748 -0.259843 
vn -0.889764 -0.354331 -0.275591 
vn -0.826772 0.015748 -0.566929 
vn -0.755906 -0.299213 -0.582677 
vn -1 0.00787402 -0.0314961 
vn -0.92126 -0.370079 -0.102362 
vn -1 0.00787402 -0.023622 
vn -0.92126 -0.362205 -0.125984 
vn 0 -0.165354 -0.984252 
vn 0 -0.464567 -0.889764 
vn 0 -0.795276 -0.606299 
vn 0.370079 -0.88189 -0.291339 
vn 0.377953 -0.905512 -0.181102 
vn 0.314961 -0.740157 -0.598425 
vn 0.377953 -0.905512 -0.181102 
vn 0.377953 -0.889764 -0.244094 
vn -0.0629921 -0.149606 -0.984252 
vn -0.181102 -0.425197 -0.889764 
vn -0.307087 -0.732283 -0.606299 
vn 0.897638 0.377953 -0.212598 
vn 0.92126 0.385827 -0.0393701 
vn 0.779528 0.338583 -0.519685 
vn 0.92126 0.377953 0.0629921 
vn 0.92126 0.362205 0.125984 
vn -0.11811 -0.11811 -0.984252 
vn -0.338583 -0.322835 -0.88189 
vn -0.574803 -0.559055 -0.598425 
vn -0.165354 -0.0629921 -0.984252 
vn -0.448819 -0.173228 -0.874016 
vn -0.755906 -0.299213 -0.582677 
vn -0.700787 -0.692913 -0.165354 
vn -0.685039 -0.669291 -0.291339 
vn -0.574803 -0.559055 -0.598425 
vn -0.708661 -0.685039 -0.15748 
vn -0.708661 -0.677165 -0.212598 
vn -0.181102 0 -0.984252 
vn -0.503937 0.015748 -0.866142 
vn -0.826772 0.015748 -0.566929 
vn 0.685039 -0.677165 -0.283465 
vn 0.700787 -0.692913 -0.149606 
vn 0.582677 -0.566929 -0.582677 
vn 0.700787 -0.700787 -0.133858 
vn 0.700787 -0.692913 -0.173228 
vn -0.480315 0.212598 -0.850394 
vn -0.76378 0.338583 -0.543307 
vn 0.92126 0.385827 -0.0393701 
vn 0.897638 0.377953 -0.212598 
vn 0.779528 0.338583 -0.519685 
vn 0.92126 0.377953 0.0629921 
vn 0.92126 0.362205 0.125984 
vn -0.425197 0.385827 -0.818898 
vn -0.590551 0.629921 -0.503937 
vn -0.92126 0.393701 -0.0629921 
vn -0.889764 0.385827 -0.23622 
vn -0.76378 0.338583 -0.543307 
vn -0.92126 0.385827 0.0314961 
vn -0.92126 0.385827 0.0787402 
vn -0.700787 -0.692913 -0.165354 
vn -0.685039 -0.669291 -0.291339 
vn -0.574803 -0.559055 -0.598425 
vn -0.708661 -0.685039 -0.15748 
vn -0.708661 -0.677165 -0.212598 
vn -0.133858 0.220472 -0.968504 
vn -0.700787 -0.653543 -0.283465 
vn -0.685039 -0.637795 -0.354331 
vn -0.913386 -0.338583 -0.220472 
vn -0.92126 -0.354331 -0.173228 
vn -0.905512 -0.330709 -0.267717 
vn -0.669291 -0.606299 -0.417323 
vn -0.897638 -0.314961 -0.322835 
vn -0.653543 -0.582677 -0.488189 
vn 0.700787 -0.661417 -0.283465 
vn 0.377953 -0.84252 -0.393701 
vn 0.377953 -0.866142 -0.322835 
vn 0.700787 -0.677165 -0.23622 
vn 0.692913 -0.637795 -0.330709 
vn 0.370079 -0.811024 -0.456693 
vn 0.685039 -0.622047 -0.377953 
vn 0.362205 -0.771654 -0.519685 
vn 0.92126 0.354331 0.173228 
vn 0.622047 0.724409 0.299213 
vn 0.614173 0.692913 0.370079 
vn 0.913386 0.338583 0.220472 
vn 0.598425 0.669291 0.448819 
vn 0.905512 0.330709 0.267717 
vn 0.574803 0.629921 0.519685 
vn 0.889764 0.314961 0.322835 
vn -0.92126 0.377953 0.110236 
vn -0.92126 0.370079 0.133858 
vn -0.622047 0.716535 0.314961 
vn -0.622047 0.740157 0.251969 
vn -0.614173 0.692913 0.370079 
vn -0.92126 0.370079 0.149606 
vn -0.606299 0.669291 0.425197 
vn -0.913386 0.362205 0.165354 
vn -0.377953 -0.858268 -0.354331 
vn -0.362205 -0.826772 -0.433071 
vn -0.685039 -0.637795 -0.354331 
vn -0.700787 -0.653543 -0.283465 
vn -0.669291 -0.606299 -0.417323 
vn -0.354331 -0.787402 -0.503937 
vn -0.653543 -0.582677 -0.488189 
vn -0.338583 -0.748031 -0.574803 
vn 0.92126 -0.370079 -0.125984 
vn 0.92126 -0.370079 -0.110236 
vn 0.92126 -0.362205 -0.149606 
vn 0.92126 -0.362205 -0.165354 
vn -1 0.015748 -0.0314961 
vn -1 0.015748 -0.0472441 
vn -1 0.023622 -0.0629921 
vn -0.992126 0.023622 -0.0866142 
vn 0 -0.929134 -0.370079 
vn 0.00787402 -0.897638 -0.440945 
vn 0.00787402 -0.858268 -0.519685 
vn 0.015748 -0.811024 -0.590551 
vn 1 -0.015748 0.0472441 
vn 1 -0.00787402 0.0393701 
vn 1 -0.015748 0.0708661 
vn 0.992126 -0.023622 0.0866142 
vn -0.102362 0.897638 0.433071 
vn -0.0944882 0.929134 0.346457 
vn 0.0866142 0.897638 0.440945 
vn 0.0944882 0.929134 0.354331 
vn -0.102362 0.858268 0.503937 
vn -0.102362 0.811024 0.574803 
vn 0.0866142 0.850394 0.519685 
vn 0.0787402 0.80315 0.590551 
vn 0.913386 0.338583 0.220472 
vn 0.92126 0.354331 0.173228 
vn 0.905512 0.330709 0.267717 
vn 0.889764 0.314961 0.322835 
vn -0.629921 -0.551181 -0.543307 
vn -0.614173 -0.527559 -0.582677 
vn -0.866142 -0.291339 -0.401575 
vn -0.88189 -0.299213 -0.370079 
vn -0.858268 -0.283465 -0.417323 
vn -0.606299 -0.519685 -0.606299 
vn -0.858268 -0.283465 -0.425197 
vn -0.598425 -0.511811 -0.614173 
vn 0.88189 0.299213 0.370079 
vn 0.559055 0.598425 0.574803 
vn 0.543307 0.574803 0.614173 
vn 0.866142 0.291339 0.401575 
vn 0.535433 0.559055 0.637795 
vn 0.858268 0.283465 0.417323 
vn 0.527559 0.551181 0.645669 
vn 0.858268 0.283465 0.425197 
vn -0.322835 -0.700787 -0.637795 
vn -0.307087 -0.677165 -0.669291 
vn -0.614173 -0.527559 -0.582677 
vn -0.629921 -0.551181 -0.543307 
vn -0.606299 -0.519685 -0.606299 
vn -0.299213 -0.653543 -0.692913 
vn -0.598425 -0.511811 -0.614173 
vn -0.299213 -0.645669 -0.700787 
vn 0.015748 -0.76378 -0.645669 
vn 0.015748 -0.732283 -0.677165 
vn 0.015748 -0.716535 -0.700787 
vn 0.015748 -0.708661 -0.708661 
vn -0.102362 0.740157 0.669291 
vn -0.102362 0.76378 0.629921 
vn -0.598425 0.645669 0.464567 
vn -0.590551 0.629921 0.496063 
vn 0.0629921 0.724409 0.685039 
vn 0.0708661 0.755906 0.645669 
vn -0.102362 0.716535 0.685039 
vn -0.590551 0.622047 0.511811 
vn -0.102362 0.708661 0.692913 
vn -0.582677 0.622047 0.519685 
vn 0.0629921 0.708661 0.700787 
vn 0.0629921 0.700787 0.708661 
vn 0.346457 -0.708661 -0.606299 
vn 0.354331 -0.740157 -0.574803 
vn 0.346457 -0.700787 -0.629921 
vn 0.346457 -0.692913 -0.637795 
vn 0.669291 -0.590551 -0.448819 
vn 0.677165 -0.606299 -0.417323 
vn 0.661417 -0.582677 -0.464567 
vn 0.661417 -0.582677 -0.472441 
vn -0.913386 0.362205 0.181102 
vn -0.913386 0.354331 0.188976 
vn -0.913386 0.354331 0.19685 
vn -0.913386 0.354331 0.19685 
vn 0.913386 -0.354331 -0.188976 
vn 0.913386 -0.354331 -0.181102 
vn 0.913386 -0.354331 -0.19685 
vn 0.913386 -0.354331 -0.19685 
vn -0.992126 0.0314961 -0.110236 
vn -0.992126 0.0314961 -0.11811 
vn -0.992126 0.0314961 -0.133858 
vn -0.992126 0.0314961 -0.133858 
vn 0.992126 -0.0314961 0.125984 
vn 0.992126 -0.023622 0.110236 
vn 0.992126 -0.0314961 0.133858 
vn 0.992126 -0.0314961 0.133858 
vn 0.866142 0.291339 0.401575 
vn 0.88189 0.299213 0.370079 
vn 0.858268 0.283465 0.417323 
vn 0.858268 0.283465 0.425197 
vn 0.913386 -0.354331 -0.188976 
vn 0.661417 -0.582677 -0.472441 
vn 0.661417 -0.582677 -0.472441 
vn 0.913386 -0.354331 -0.19685 
vn 0.913386 -0.354331 -0.181102 
vn 0.669291 -0.582677 -0.464567 
vn 0.92126 -0.362205 -0.173228 
vn 0.669291 -0.582677 -0.456693 
vn -0.992126 0.0314961 -0.133858 
vn -0.992126 0.0314961 -0.133858 
vn -0.913386 0.354331 0.204724 
vn -0.913386 0.354331 0.204724 
vn -0.913386 0.354331 0.204724 
vn -0.992126 0.0314961 -0.125984 
vn -0.913386 0.346457 0.212598 
vn -0.992126 0.0314961 -0.125984 
vn 0.992126 -0.0314961 0.141732 
vn 0.992126 -0.0314961 0.141732 
vn 0.984252 -0.0393701 0.15748 
vn 0.984252 -0.0393701 0.165354 
vn -0.858268 -0.283465 -0.425197 
vn -0.858268 -0.283465 -0.425197 
vn -0.858268 -0.275591 -0.425197 
vn -0.866142 -0.275591 -0.417323 
vn 0.858268 0.275591 0.433071 
vn 0.858268 0.283465 0.433071 
vn 0.850394 0.275591 0.440945 
vn 0.850394 0.267717 0.448819 
vn -0.598425 -0.511811 -0.614173 
vn -0.598425 -0.511811 -0.614173 
vn -0.606299 -0.503937 -0.614173 
vn -0.606299 -0.503937 -0.614173 
vn 0.858268 0.283465 0.433071 
vn 0.527559 0.551181 0.645669 
vn 0.527559 0.551181 0.645669 
vn 0.858268 0.275591 0.433071 
vn 0.527559 0.543307 0.653543 
vn 0.850394 0.275591 0.440945 
vn 0.527559 0.543307 0.653543 
vn 0.850394 0.267717 0.448819 
vn -0.299213 -0.645669 -0.700787 
vn -0.299213 -0.645669 -0.700787 
vn -0.598425 -0.511811 -0.614173 
vn -0.598425 -0.511811 -0.614173 
vn -0.606299 -0.503937 -0.614173 
vn -0.299213 -0.645669 -0.700787 
vn -0.606299 -0.503937 -0.614173 
vn -0.299213 -0.645669 -0.700787 
vn 0.015748 -0.708661 -0.708661 
vn 0.015748 -0.700787 -0.708661 
vn 0.015748 -0.700787 -0.708661 
vn 0.015748 -0.700787 -0.708661 
vn -0.102362 0.708661 0.700787 
vn -0.102362 0.708661 0.700787 
vn -0.582677 0.622047 0.527559 
vn -0.582677 0.614173 0.527559 
vn 0.0629921 0.692913 0.716535 
vn 0.0629921 0.700787 0.716535 
vn -0.102362 0.708661 0.700787 
vn -0.582677 0.614173 0.527559 
vn -0.102362 0.708661 0.700787 
vn -0.590551 0.614173 0.527559 
vn 0.0629921 0.692913 0.716535 
vn 0.0629921 0.692913 0.716535 
vn 0.346457 -0.692913 -0.637795 
vn 0.346457 -0.692913 -0.637795 
vn 0.346457 -0.692913 -0.637795 
vn 0.346457 -0.692913 -0.629921 
vn 0.0708661 0.669291 0.740157 
vn 0.535433 0.511811 0.669291 
vn 0.535433 0.527559 0.661417 
vn 0.0629921 0.685039 0.724409 
vn -0.102362 0.700787 0.708661 
vn -0.0944882 0.685039 0.716535 
vn 0.0708661 0.645669 0.755906 
vn 0.543307 0.488189 0.685039 
vn 0.0866142 0.614173 0.779528 
vn 0.551181 0.448819 0.700787 
vn -0.0944882 0.661417 0.740157 
vn -0.0866142 0.629921 0.771654 
vn 0.346457 -0.677165 -0.645669 
vn 0.015748 -0.685039 -0.724409 
vn 0.015748 -0.700787 -0.716535 
vn 0.346457 -0.692913 -0.629921 
vn 0.346457 -0.661417 -0.661417 
vn 0.00787402 -0.661417 -0.748031 
vn 0.338583 -0.637795 -0.692913 
vn 0 -0.629921 -0.779528 
vn 0.677165 -0.582677 -0.456693 
vn 0.677165 -0.582677 -0.448819 
vn 0.677165 -0.566929 -0.472441 
vn 0.669291 -0.551181 -0.496063 
vn -0.913386 0.346457 0.212598 
vn -0.913386 0.338583 0.228346 
vn -0.590551 0.598425 0.543307 
vn -0.590551 0.606299 0.527559 
vn -0.590551 0.582677 0.566929 
vn -0.913386 0.330709 0.244094 
vn -0.582677 0.559055 0.590551 
vn -0.905512 0.330709 0.267717 
vn 0.92126 -0.362205 -0.15748 
vn 0.92126 -0.362205 -0.15748 
vn 0.913386 -0.362205 -0.165354 
vn 0.913386 -0.362205 -0.188976 
vn -0.992126 0.0314961 -0.11811 
vn -0.992126 0.0393701 -0.110236 
vn -0.992126 0.0472441 -0.0944882 
vn -0.992126 0.0551181 -0.0787402 
vn 0.984252 -0.0551181 0.181102 
vn 0.984252 -0.0472441 0.173228 
vn 0.984252 -0.0708661 0.181102 
vn 0.984252 -0.0944882 0.165354 
vn -0.866142 -0.267717 -0.417323 
vn -0.874016 -0.259843 -0.409449 
vn -0.88189 -0.244094 -0.409449 
vn -0.889764 -0.212598 -0.409449 
vn 0.858268 0.23622 0.464567 
vn 0.850394 0.251969 0.456693 
vn 0.858268 0.220472 0.464567 
vn 0.866142 0.188976 0.464567 
vn -0.614173 -0.496063 -0.614173 
vn -0.622047 -0.480315 -0.622047 
vn -0.629921 -0.456693 -0.629921 
vn -0.637795 -0.425197 -0.637795 
vn 0.850394 0.251969 0.456693 
vn 0.858268 0.23622 0.464567 
vn 0.858268 0.220472 0.464567 
vn 0.866142 0.188976 0.464567 
vn -0.307087 -0.637795 -0.708661 
vn -0.314961 -0.622047 -0.716535 
vn -0.622047 -0.480315 -0.622047 
vn -0.614173 -0.496063 -0.614173 
vn -0.629921 -0.456693 -0.629921 
vn -0.322835 -0.598425 -0.740157 
vn -0.637795 -0.425197 -0.637795 
vn -0.330709 -0.559055 -0.755906 
vn 0.874016 0.149606 0.456693 
vn 0.574803 0.417323 0.708661 
vn 0.598425 0.377953 0.708661 
vn 0.897638 0.11811 0.425197 
vn 0.622047 0.346457 0.700787 
vn 0.913386 0.0944882 0.393701 
vn 0.645669 0.314961 0.700787 
vn 0.929134 0.0866142 0.354331 
vn -0.346457 -0.519685 -0.779528 
vn -0.362205 -0.472441 -0.80315 
vn -0.677165 -0.346457 -0.653543 
vn -0.653543 -0.385827 -0.645669 
vn -0.700787 -0.307087 -0.645669 
vn -0.385827 -0.433071 -0.818898 
vn -0.716535 -0.275591 -0.637795 
vn -0.700787 -0.307087 -0.645669 
vn -0.385827 -0.433071 -0.818898 
vn -0.393701 -0.393701 -0.826772 
vn -0.015748 -0.590551 -0.811024 
vn -0.023622 -0.543307 -0.834646 
vn -0.0314961 -0.503937 -0.866142 
vn -0.0314961 -0.503937 -0.866142 
vn -0.0393701 -0.456693 -0.889764 
vn -0.0629921 0.566929 0.826772 
vn -0.0708661 0.598425 0.795276 
vn -0.574803 0.527559 0.622047 
vn -0.566929 0.503937 0.653543 
vn 0.110236 0.543307 0.834646 
vn 0.0944882 0.582677 0.811024 
vn -0.0551181 0.527559 0.850394 
vn -0.559055 0.472441 0.677165 
vn -0.0472441 0.496063 0.866142 
vn -0.566929 0.440945 0.700787 
vn 0.125984 0.511811 0.850394 
vn 0.133858 0.472441 0.866142 
vn 0.322835 -0.559055 -0.76378 
vn 0.330709 -0.598425 -0.732283 
vn 0.314961 -0.511811 -0.795276 
vn 0.314961 -0.511811 -0.795276 
vn 0.314961 -0.464567 -0.826772 
vn 0.645669 -0.503937 -0.574803 
vn 0.653543 -0.535433 -0.535433 
vn 0.637795 -0.464567 -0.606299 
vn 0.637795 -0.464567 -0.606299 
vn 0.637795 -0.417323 -0.645669 
vn -0.897638 0.322835 0.299213 
vn -0.889764 0.314961 0.330709 
vn -0.88189 0.299213 0.354331 
vn -0.88189 0.275591 0.377953 
vn 0.897638 -0.354331 -0.267717 
vn 0.905512 -0.362205 -0.220472 
vn 0.889764 -0.338583 -0.314961 
vn 0.889764 -0.338583 -0.314961 
vn 0.88189 -0.299213 -0.354331 
vn -0.992126 0.0708661 -0.0551181 
vn -1 0.0866142 -0.023622 
vn -0.992126 0.0944882 0.00787402 
vn -0.992126 0.0944882 0.0314961 
vn 0.984252 -0.125984 0.0944882 
vn 0.984252 -0.110236 0.141732 
vn 0.992126 -0.133858 0.0472441 
vn 0.992126 -0.133858 0.0472441 
vn 0.992126 -0.125984 0 
vn -0.897638 -0.188976 -0.401575 
vn -0.913386 -0.149606 -0.377953 
vn -0.929134 -0.125984 -0.354331 
vn -0.937008 -0.102362 -0.338583 
vn 0.897638 0.11811 0.425197 
vn 0.874016 0.149606 0.456693 
vn 0.913386 0.0944882 0.393701 
vn 0.913386 0.0944882 0.393701 
vn 0.929134 0.0866142 0.354331 
vn -0.653543 -0.385827 -0.645669 
vn -0.677165 -0.346457 -0.653543 
vn -0.700787 -0.307087 -0.645669 
vn -0.716535 -0.275591 -0.637795 
vn -0.992126 0.0866142 0.0472441 
vn -0.992126 0.0866142 0.0551181 
vn -0.88189 0.23622 0.401575 
vn -0.88189 0.251969 0.393701 
vn -0.992126 0.0944882 0.0314961 
vn -0.88189 0.275591 0.377953 
vn -0.88189 0.220472 0.417323 
vn -0.992126 0.0866142 0.0629921 
vn -0.866142 0.220472 0.448819 
vn -0.992126 0.102362 0.0944882 
vn 0.992126 -0.0866142 -0.0551181 
vn 0.88189 -0.220472 -0.409449 
vn 0.88189 -0.259843 -0.385827 
vn 0.992126 -0.102362 -0.0314961 
vn 0.992126 -0.0787402 -0.0708661 
vn 0.88189 -0.204724 -0.425197 
vn 0.992126 -0.0866142 -0.102362 
vn 0.866142 -0.204724 -0.456693 
vn -0.944882 -0.0866142 -0.322835 
vn -0.944882 -0.0787402 -0.314961 
vn -0.937008 -0.102362 -0.338583 
vn -0.952756 -0.0629921 -0.307087 
vn -0.96063 -0.0393701 -0.291339 
vn 0.944882 0.0787402 0.314961 
vn 0.937008 0.0787402 0.330709 
vn 0.952756 0.0708661 0.307087 
vn 0.96063 0.0472441 0.283465 
vn -0.732283 -0.244094 -0.637795 
vn -0.740157 -0.228346 -0.637795 
vn -0.716535 -0.275591 -0.637795 
vn -0.748031 -0.204724 -0.629921 
vn -0.76378 -0.173228 -0.622047 
vn 0.937008 0.0787402 0.330709 
vn 0.661417 0.291339 0.692913 
vn 0.669291 0.267717 0.692913 
vn 0.944882 0.0787402 0.314961 
vn 0.929134 0.0866142 0.354331 
vn 0.645669 0.314961 0.700787 
vn 0.677165 0.244094 0.692913 
vn 0.952756 0.0708661 0.307087 
vn 0.700787 0.212598 0.685039 
vn 0.96063 0.0472441 0.283465 
vn -0.409449 -0.354331 -0.84252 
vn -0.417323 -0.330709 -0.850394 
vn -0.740157 -0.228346 -0.637795 
vn -0.732283 -0.244094 -0.637795 
vn -0.748031 -0.204724 -0.629921 
vn -0.425197 -0.299213 -0.850394 
vn -0.76378 -0.173228 -0.622047 
vn -0.456693 -0.275591 -0.850394 
vn -0.0393701 -0.409449 -0.913386 
vn -0.0393701 -0.377953 -0.929134 
vn -0.0551181 -0.346457 -0.937008 
vn -0.0866142 -0.322835 -0.944882 
vn -0.0472441 0.456693 0.889764 
vn -0.566929 0.401575 0.716535 
vn -0.574803 0.370079 0.732283 
vn -0.0472441 0.417323 0.905512 
vn -0.0472441 0.496063 0.866142 
vn -0.566929 0.440945 0.700787 
vn 0.141732 0.401575 0.905512 
vn 0.141732 0.440945 0.889764 
vn 0.133858 0.472441 0.866142 
vn -0.566929 0.338583 0.748031 
vn -0.0314961 0.377953 0.92126 
vn -0.535433 0.322835 0.779528 
vn -0.00787402 0.346457 0.937008 
vn 0.15748 0.362205 0.92126 
vn 0.181102 0.330709 0.929134 
vn 0.322835 -0.417323 -0.850394 
vn 0.322835 -0.370079 -0.866142 
vn 0.314961 -0.346457 -0.88189 
vn 0.283465 -0.330709 -0.897638 
vn 0.645669 -0.322835 -0.692913 
vn 0.645669 -0.362205 -0.669291 
vn 0.637795 -0.299213 -0.708661 
vn 0.614173 -0.291339 -0.732283 
vn 0.173228 -0.314961 -0.929134 
vn -0.19685 -0.299213 -0.937008 
vn -0.133858 -0.307087 -0.944882 
vn 0.23622 -0.322835 -0.913386 
vn 0.102362 -0.314961 -0.944882 
vn -0.259843 -0.291339 -0.92126 
vn -0.322835 -0.291339 -0.897638 
vn 0.0393701 -0.322835 -0.944882 
vn 0.519685 -0.291339 -0.80315 
vn 0.574803 -0.291339 -0.76378 
vn 0.456693 -0.299213 -0.834646 
vn 0.401575 -0.307087 -0.858268 
vn -0.84252 0.228346 0.488189 
vn -0.80315 0.23622 0.551181 
vn -0.433071 0.307087 0.84252 
vn -0.496063 0.314961 0.811024 
vn -0.370079 0.307087 0.874016 
vn -0.755906 0.244094 0.606299 
vn -0.314961 0.299213 0.897638 
vn -0.716535 0.244094 0.661417 
vn 0.80315 -0.228346 -0.551181 
vn 0.84252 -0.212598 -0.496063 
vn 0.755906 -0.23622 -0.606299 
vn 0.716535 -0.251969 -0.653543 
vn -0.984252 0.11811 0.133858 
vn -0.968504 0.133858 0.204724 
vn -0.952756 0.141732 0.275591 
vn -0.929134 0.149606 0.338583 
vn 0.968504 -0.125984 -0.212598 
vn 0.984252 -0.102362 -0.141732 
vn 0.952756 -0.141732 -0.275591 
vn 0.929134 -0.15748 -0.330709 
vn -0.968504 -0.015748 -0.244094 
vn -0.984252 0.00787402 -0.188976 
vn -0.992126 0.015748 -0.11811 
vn -1 0.023622 -0.0472441 
vn 0.984252 0 0.181102 
vn 0.968504 0.023622 0.244094 
vn 0.992126 -0.015748 0.11811 
vn 1 -0.0393701 0.0551181 
vn -0.795276 -0.149606 -0.590551 
vn -0.826772 -0.125984 -0.543307 
vn -0.866142 -0.110236 -0.488189 
vn -0.897638 -0.110236 -0.425197 
vn 0.968504 0.023622 0.244094 
vn 0.732283 0.181102 0.661417 
vn 0.771654 0.15748 0.622047 
vn 0.984252 0 0.181102 
vn 0.811024 0.133858 0.574803 
vn 0.992126 -0.015748 0.11811 
vn 0.84252 0.11811 0.519685 
vn 1 -0.0393701 0.0551181 
vn -0.496063 -0.251969 -0.834646 
vn -0.551181 -0.228346 -0.80315 
vn -0.826772 -0.125984 -0.543307 
vn -0.795276 -0.149606 -0.590551 
vn -0.866142 -0.110236 -0.488189 
vn -0.606299 -0.220472 -0.76378 
vn -0.897638 -0.110236 -0.425197 
vn -0.653543 -0.220472 -0.724409 
vn 0.0393701 0.322835 0.944882 
vn 0.102362 0.299213 0.944882 
vn 0.291339 0.275591 0.913386 
vn 0.228346 0.299213 0.929134 
vn 0.173228 0.291339 0.944882 
vn 0.228346 0.283465 0.929134 
vn 0.346457 0.267717 0.897638 
vn 0.409449 0.259843 0.874016 
vn 1 -0.0551181 0.015748 
vn 0.874016 0.110236 0.480315 
vn 0.889764 0.0944882 0.448819 
vn 1 -0.0787402 -0.015748 
vn 0.905512 0.0787402 0.425197 
vn 0.992126 -0.102362 -0.0314961 
vn 0.913386 0.0629921 0.401575 
vn 0.992126 -0.133858 -0.0393701 
vn -0.700787 -0.23622 -0.677165 
vn -0.732283 -0.251969 -0.637795 
vn -0.937008 -0.133858 -0.314961 
vn -0.92126 -0.11811 -0.362205 
vn -0.952756 -0.149606 -0.275591 
vn -0.755906 -0.275591 -0.590551 
vn -0.96063 -0.15748 -0.228346 
vn -0.779528 -0.307087 -0.551181 
vn -0.377953 -0.307087 -0.874016 
vn -0.417323 -0.338583 -0.84252 
vn -0.448819 -0.370079 -0.811024 
vn -0.480315 -0.417323 -0.771654 
vn 0.275591 0.283465 0.92126 
vn -0.267717 0.307087 0.913386 
vn -0.228346 0.307087 0.92126 
vn 0.314961 0.283465 0.905512 
vn 0.488189 0.251969 0.834646 
vn 0.456693 0.251969 0.858268 
vn -0.204724 0.322835 0.929134 
vn 0.354331 0.291339 0.889764 
vn 0.385827 0.299213 0.874016 
vn -0.173228 0.338583 0.929134 
vn 0.519685 0.251969 0.811024 
vn 0.551181 0.251969 0.795276 
vn -0.00787402 -0.338583 -0.937008 
vn -0.0472441 -0.370079 -0.929134 
vn -0.0787402 -0.417323 -0.905512 
vn -0.110236 -0.472441 -0.874016 
vn 0.322835 -0.362205 -0.874016 
vn 0.354331 -0.330709 -0.874016 
vn 0.299213 -0.409449 -0.858268 
vn 0.275591 -0.464567 -0.84252 
vn -0.677165 0.244094 0.692913 
vn -0.653543 0.244094 0.716535 
vn -0.629921 0.251969 0.732283 
vn -0.614173 0.267717 0.748031 
vn 0.661417 -0.307087 -0.685039 
vn 0.685039 -0.275591 -0.677165 
vn 0.645669 -0.346457 -0.685039 
vn 0.622047 -0.401575 -0.669291 
vn -0.905512 0.141732 0.393701 
vn -0.889764 0.141732 0.425197 
vn -0.88189 0.141732 0.456693 
vn -0.866142 0.15748 0.472441 
vn 0.897638 -0.204724 -0.385827 
vn 0.913386 -0.181102 -0.370079 
vn 0.889764 -0.23622 -0.393701 
vn 0.874016 -0.283465 -0.385827 
vn -1 0.015748 0.015748 
vn -1 0.00787402 0.0629921 
vn -0.992126 0 0.0944882 
vn -0.992126 0 0.125984 
vn 1 -0.0787402 -0.015748 
vn 1 -0.0551181 0.015748 
vn 0.992126 -0.102362 -0.0314961 
vn 0.992126 -0.133858 -0.0393701 
vn -0.92126 -0.11811 -0.362205 
vn -0.937008 -0.133858 -0.314961 
vn -0.952756 -0.149606 -0.275591 
vn -0.96063 -0.15748 -0.228346 
vn -0.850394 0.165354 0.496063 
vn -0.834646 0.181102 0.527559 
vn -0.559055 0.299213 0.779528 
vn -0.590551 0.283465 0.755906 
vn -0.511811 0.299213 0.80315 
vn -0.80315 0.181102 0.566929 
vn -0.464567 0.267717 0.84252 
vn -0.76378 0.149606 0.629921 
vn 0.84252 -0.377953 -0.385827 
vn 0.574803 -0.503937 -0.645669 
vn 0.606299 -0.456693 -0.653543 
vn 0.858268 -0.330709 -0.385827 
vn 0.818898 -0.425197 -0.385827 
vn 0.543307 -0.559055 -0.629921 
vn 0.787402 -0.488189 -0.370079 
vn 0.503937 -0.614173 -0.606299 
vn -0.984252 0.00787402 0.165354 
vn -0.976378 0.00787402 0.204724 
vn -0.968504 0.00787402 0.251969 
vn -0.944882 -0.015748 0.322835 
vn 0.976378 -0.212598 -0.0629921 
vn 0.984252 -0.173228 -0.0472441 
vn 0.96063 -0.259843 -0.0708661 
vn 0.944882 -0.322835 -0.0629921 
vn -0.968504 -0.173228 -0.188976 
vn -0.976378 -0.173228 -0.141732 
vn -0.976378 -0.181102 -0.0866142 
vn -0.976378 -0.212598 -0.015748 
vn 0.984252 -0.173228 -0.0472441 
vn 0.92126 0.0393701 0.377953 
vn 0.937008 0.00787402 0.354331 
vn 0.976378 -0.212598 -0.0629921 
vn 0.944882 -0.0314961 0.322835 
vn 0.96063 -0.259843 -0.0708661 
vn 0.952756 -0.11811 0.283465 
vn 0.944882 -0.322835 -0.0629921 
vn -0.795276 -0.330709 -0.503937 
vn -0.818898 -0.354331 -0.456693 
vn -0.976378 -0.173228 -0.141732 
vn -0.968504 -0.173228 -0.188976 
vn -0.976378 -0.181102 -0.0866142 
vn -0.834646 -0.370079 -0.401575 
vn -0.976378 -0.212598 -0.015748 
vn -0.858268 -0.401575 -0.330709 
vn -0.535433 -0.488189 -0.685039 
vn -0.503937 -0.456693 -0.732283 
vn -0.566929 -0.511811 -0.637795 
vn -0.598425 -0.551181 -0.582677 
vn 0.456693 0.291339 0.84252 
vn 0.417323 0.299213 0.858268 
vn -0.141732 0.354331 0.92126 
vn -0.110236 0.362205 0.929134 
vn 0.606299 0.244094 0.76378 
vn 0.574803 0.251969 0.779528 
vn 0.503937 0.267717 0.818898 
vn -0.0866142 0.354331 0.929134 
vn 0.566929 0.19685 0.80315 
vn -0.0787402 0.307087 0.944882 
vn 0.614173 0.220472 0.755906 
vn 0.606299 0.181102 0.771654 
vn -0.173228 -0.566929 -0.80315 
vn -0.141732 -0.527559 -0.84252 
vn -0.212598 -0.598425 -0.771654 
vn -0.251969 -0.645669 -0.716535 
vn 0.220472 -0.574803 -0.787402 
vn 0.251969 -0.527559 -0.811024 
vn 0.181102 -0.614173 -0.76378 
vn 0.141732 -0.669291 -0.724409 
vn 0.448819 -0.188976 0.874016 
vn 0.779528 -0.496063 0.377953 
vn 0.929134 -0.267717 0.244094 
vn 0.535433 0.0866142 0.84252 
vn 0.952756 -0.11811 0.283465 
vn 0.606299 0.181102 0.771654 
vn 0.637795 0.0551181 0.76378 
vn 0.566929 -0.228346 0.787402 
vn 0.566929 0.19685 0.80315 
vn 0.393701 -0.551181 0.732283 
vn 0.275591 -0.496063 0.818898 
vn -0.0629921 -0.11811 0.992126 
vn -0.244094 -0.188976 0.952756 
vn 0.110236 -0.76378 0.637795 
vn 0.724409 -0.645669 0.23622 
vn 0.905512 -0.433071 0 
vn 0.944882 -0.322835 -0.0629921 
vn 0.614173 -0.787402 0.023622 
vn 0.748031 -0.598425 -0.291339 
vn 0.787402 -0.488189 -0.370079 
vn 0.401575 -0.905512 -0.149606 
vn 0.464567 -0.716535 -0.511811 
vn 0.503937 -0.614173 -0.606299 
vn 0.110236 -0.968504 -0.23622 
vn 0.110236 -0.771654 -0.622047 
vn 0.141732 -0.669291 -0.724409 
vn -0.204724 -0.952756 -0.212598 
vn -0.267717 -0.748031 -0.606299 
vn -0.251969 -0.645669 -0.716535 
vn -0.480315 -0.874016 -0.0866142 
vn -0.606299 -0.645669 -0.456693 
vn -0.598425 -0.551181 -0.582677 
vn -0.661417 -0.740157 0.125984 
vn -0.84252 -0.496063 -0.204724 
vn -0.858268 -0.401575 -0.330709 
vn -0.724409 -0.566929 0.385827 
vn -0.944882 -0.307087 0.110236 
vn -0.976378 -0.212598 -0.015748 
vn -0.661417 -0.409449 0.629921 
vn -0.889764 -0.11811 0.433071 
vn -0.944882 -0.015748 0.322835 
vn -0.488189 -0.275591 0.826772 
vn -0.692913 0.0472441 0.716535 
vn -0.76378 0.149606 0.629921 
vn -0.401575 0.149606 0.905512 
vn -0.464567 0.267717 0.84252 
vn -0.11811 0.188976 0.976378 
vn -0.0787402 0.307087 0.944882 
vn 0 0.708661 -0.708661 
vn 0 0.708661 -0.708661 
vn 0 0.708661 -0.708661 
vn 0 0.708661 -0.708661 
vn 0 0.708661 -0.708661 
vn 0 0.708661 -0.708661 
vn 0 0.708661 -0.708661 
vn 0 0.708661 -0.708661 
vn 0 0.708661 -0.708661 
vn 0 0.708661 -0.708661 
vn 0 0.708661 -0.708661 
vn 0 0.708661 -0.708661 
vn 0 0.708661 -0.708661 
vn 0 0.708661 -0.708661 
vn 0 0.708661 -0.708661 
vn 0 0.708661 -0.708661 
vn 0 0.708661 -0.708661 
vn 0 0.708661 -0.708661 
vn 0 0.708661 -0.708661 
vn 0 0.708661 -0.708661 
vn 0 0.708661 -0.708661 
vn 0 0.708661 -0.708661 
vn 0 0.708661 -0.708661 
vn 0 0.708661 -0.708661 
vn 0 0.708661 -0.708661 
vn 0 0.708661 -0.708661 
vn 0 0.708661 -0.708661 
vn 0 0.708661 -0.708661 
vn 0 0.708661 -0.708661 
vn 0 0.708661 -0.708661 
vn 0 0.708661 -0.708661 
vn 0 0.708661 -0.708661 
vn 0 0.708661 -0.708661 
vn 0 0.708661 -0.708661 
vn 0 0.708661 -0.708661 
vn 0 0.708661 -0.708661 
vn 0 0.708661 -0.708661 
vn 0 0.708661 -0.708661 
vn 0 0.708661 -0.708661 
vn 0 0.708661 -0.708661 
vn 0.929134 -0.259843 0.259843 
vn 0.897638 -0.0866142 0.433071 
vn 0.929134 -0.259843 0.259843 
vn 0.897638 -0.0866142 0.433071 
vn 0.80315 0.0708661 0.590551 
vn 0.80315 0.0708661 0.590551 
vn 0.661417 0.204724 0.724409 
vn 0.661417 0.204724 0.724409 
vn 0.464567 0.307087 0.826772 
vn 0.464567 0.307087 0.826772 
vn 0.244094 0.377953 0.897638 
vn 0.244094 0.377953 0.897638 
vn 0 0.401575 0.913386 
vn 0 0.401575 0.913386 
vn 0 0.401575 0.913386 
vn -0.244094 0.377953 0.897638 
vn 0 0.401575 0.913386 
vn -0.244094 0.377953 0.897638 
vn -0.464567 0.307087 0.826772 
vn -0.464567 0.307087 0.826772 
vn -0.661417 0.204724 0.724409 
vn -0.661417 0.204724 0.724409 
vn -0.80315 0.0708661 0.590551 
vn -0.80315 0.0708661 0.590551 
vn -0.897638 -0.0866142 0.433071 
vn -0.897638 -0.0866142 0.433071 
vn -0.929134 -0.259843 0.259843 
vn -0.929134 -0.259843 0.259843 
vn -0.897638 -0.433071 0.0866142 
vn -0.897638 -0.433071 0.0866142 
vn -0.80315 -0.590551 -0.0708661 
vn -0.80315 -0.590551 -0.0708661 
vn -0.661417 -0.724409 -0.204724 
vn -0.661417 -0.724409 -0.204724 
vn -0.464567 -0.826772 -0.307087 
vn -0.464567 -0.826772 -0.307087 
vn -0.244094 -0.897638 -0.377953 
vn -0.244094 -0.897638 -0.377953 
vn 0 -0.913386 -0.401575 
vn 0 -0.913386 -0.401575 
vn 0 -0.913386 -0.401575 
vn 0.244094 -0.897638 -0.377953 
vn 0 -0.913386 -0.401575 
vn 0.244094 -0.897638 -0.377953 
vn 0.464567 -0.826772 -0.307087 
vn 0.464567 -0.826772 -0.307087 
vn 0.661417 -0.724409 -0.204724 
vn 0.661417 -0.724409 -0.204724 
vn 0.80315 -0.590551 -0.0708661 
vn 0.80315 -0.590551 -0.0708661 
vn 0.897638 -0.433071 0.0866142 
vn 0.897638 -0.433071 0.0866142 
vn 0.897638 -0.0866142 0.433071 
vn 0.929134 -0.259843 0.259843 
vn 0.80315 0.0708661 0.590551 
vn 0.661417 0.204724 0.724409 
vn 0.464567 0.307087 0.826772 
vn 0.244094 0.377953 0.897638 
vn 0 0.401575 0.913386 
vn -0.244094 0.377953 0.897638 
vn 0 0.401575 0.913386 
vn -0.464567 0.307087 0.826772 
vn -0.661417 0.204724 0.724409 
vn -0.80315 0.0708661 0.590551 
vn -0.897638 -0.0866142 0.433071 
vn -0.929134 -0.259843 0.259843 
vn -0.897638 -0.433071 0.0866142 
vn -0.80315 -0.590551 -0.0708661 
vn -0.661417 -0.724409 -0.204724 
vn -0.464567 -0.826772 -0.307087 
vn -0.244094 -0.897638 -0.377953 
vn 0 -0.913386 -0.401575 
vn 0.244094 -0.897638 -0.377953 
vn 0 -0.913386 -0.401575 
vn 0.464567 -0.826772 -0.307087 
vn 0.661417 -0.724409 -0.204724 
vn 0.80315 -0.590551 -0.0708661 
vn 0.897638 -0.433071 0.0866142 
vn 0.897638 -0.0866142 0.433071 
vn 0.929134 -0.259843 0.259843 
vn 0.80315 0.0708661 0.590551 
vn 0.661417 0.204724 0.724409 
vn 0.464567 0.307087 0.826772 
vn 0.244094 0.377953 0.897638 
vn 0 0.401575 0.913386 
vn -0.244094 0.377953 0.897638 
vn 0 0.401575 0.913386 
vn -0.464567 0.307087 0.826772 
vn -0.661417 0.204724 0.724409 
vn -0.80315 0.0708661 0.590551 
vn -0.897638 -0.0866142 0.433071 
vn -0.929134 -0.259843 0.259843 
vn -0.897638 -0.433071 0.0866142 
vn -0.80315 -0.590551 -0.0708661 
vn -0.661417 -0.724409 -0.204724 
vn -0.464567 -0.826772 -0.307087 
vn -0.244094 -0.897638 -0.377953 
vn 0 -0.913386 -0.401575 
vn 0.244094 -0.897638 -0.377953 
vn 0 -0.913386 -0.401575 
vn 0.464567 -0.826772 -0.307087 
vn 0.661417 -0.724409 -0.204724 
vn 0.80315 -0.590551 -0.0708661 
vn 0.897638 -0.433071 0.0866142 
vn 0.897638 -0.0866142 0.433071 
vn 0.929134 -0.259843 0.259843 
vn 0.80315 0.0708661 0.590551 
vn 0.661417 0.204724 0.724409 
vn 0.464567 0.307087 0.826772 
vn 0.244094 0.377953 0.897638 
vn 0 0.401575 0.913386 
vn -0.244094 0.377953 0.897638 
vn 0 0.401575 0.913386 
vn -0.464567 0.307087 0.826772 
vn -0.661417 0.204724 0.724409 
vn -0.80315 0.0708661 0.590551 
vn -0.897638 -0.0866142 0.433071 
vn -0.929134 -0.259843 0.259843 
vn -0.897638 -0.433071 0.0866142 
vn -0.80315 -0.590551 -0.0708661 
vn -0.661417 -0.724409 -0.204724 
vn -0.464567 -0.826772 -0.307087 
vn -0.244094 -0.897638 -0.377953 
vn 0 -0.913386 -0.401575 
vn 0.244094 -0.897638 -0.377953 
vn 0 -0.913386 -0.401575 
vn 0.464567 -0.826772 -0.307087 
vn 0.661417 -0.724409 -0.204724 
vn 0.80315 -0.590551 -0.0708661 
vn 0.897638 -0.433071 0.0866142 
vn 0.929134 -0.259843 0.259843 
vn 0.92126 -0.173228 0.346457 
vn 0.92126 -0.346457 0.173228 
vn 0.92126 -0.173228 0.346457 
vn 0.897638 -0.0866142 0.433071 
vn 0.858268 -0.00787402 0.511811 
vn 0.858268 -0.00787402 0.511811 
vn 0.80315 0.0708661 0.590551 
vn 0.740157 0.141732 0.661417 
vn 0.740157 0.141732 0.661417 
vn 0.661417 0.204724 0.724409 
vn 0.566929 0.267717 0.779528 
vn 0.566929 0.267717 0.779528 
vn 0.464567 0.307087 0.826772 
vn 0.354331 0.354331 0.866142 
vn 0.354331 0.354331 0.866142 
vn 0.244094 0.377953 0.897638 
vn 0.11811 0.393701 0.913386 
vn 0.11811 0.393701 0.913386 
vn -0.11811 0.393701 0.913386 
vn -0.354331 0.354331 0.866142 
vn -0.566929 0.267717 0.779528 
vn -0.740157 0.141732 0.661417 
vn -0.858268 -0.00787402 0.511811 
vn -0.92126 -0.173228 0.346457 
vn -0.92126 -0.346457 0.173228 
vn -0.858268 -0.511811 0.00787402 
vn -0.740157 -0.661417 -0.141732 
vn -0.566929 -0.779528 -0.267717 
vn -0.354331 -0.866142 -0.354331 
vn -0.11811 -0.913386 -0.393701 
vn 0.11811 -0.913386 -0.393701 
vn 0.11811 -0.913386 -0.393701 
vn 0.244094 -0.897638 -0.377953 
vn 0.354331 -0.866142 -0.354331 
vn 0.354331 -0.866142 -0.354331 
vn 0.464567 -0.826772 -0.307087 
vn 0.566929 -0.779528 -0.267717 
vn 0.566929 -0.779528 -0.267717 
vn 0.661417 -0.724409 -0.204724 
vn 0.740157 -0.661417 -0.141732 
vn 0.740157 -0.661417 -0.141732 
vn 0.80315 -0.590551 -0.0708661 
vn 0.858268 -0.511811 0.00787402 
vn 0.858268 -0.511811 0.00787402 
vn 0.897638 -0.433071 0.0866142 
vn 0.92126 -0.346457 0.173228 
vn -1 0 0 

vt 0.934642 0.0302031 
vt 0.931806 0.0385938 
vt 0.93376 0.0395312 
vt 0.935833 0.0334375 
vt 0.937215 0.0316563 
vt 0.936143 0.0282812 
vt 0.933355 0.0270625 
vt 0.929829 0.0374687 
vt 0.935142 0.0247188 
vt 0.936786 0.0368125 
vt 0.933927 0.0462344 
vt 0.940313 0.04375 
vt 0.943935 0.0331094 
vt 0.940837 0.0302031 
vt 0.931711 0.047125 
vt 0.929566 0.0479687 
vt 0.82247 0.45119 
vt 0.823653 0.447857 
vt 0.82093 0.447379 
vt 0.819739 0.450589 
vt 0.818427 0.446902 
vt 0.817181 0.449968 
vt 0.826729 0.448397 
vt 0.82564 0.451819 
vt 0.830396 0.448948 
vt 0.829379 0.452462 
vt 0.934904 0.050875 
vt 0.933021 0.0533594 
vt 0.931211 0.0557032 
vt 0.812872 0.463081 
vt 0.815813 0.464182 
vt 0.817684 0.460999 
vt 0.814814 0.45999 
vt 0.81008 0.461939 
vt 0.812119 0.458962 
vt 0.8191 0.465221 
vt 0.820922 0.461969 
vt 0.822883 0.466182 
vt 0.824702 0.46288 
vt 0.936691 0.0543907 
vt 0.935428 0.0580938 
vt 0.934237 0.0616562 
vt 0.806265 0.339071 
vt 0.807499 0.333948 
vt 0.810382 0.33503 
vt 0.809298 0.340015 
vt 0.803278 0.338164 
vt 0.80471 0.332848 
vt 0.809037 0.341712 
vt 0.805931 0.340821 
vt 0.802916 0.339973 
vt 0.81348 0.336078 
vt 0.812498 0.34092 
vt 0.815957 0.341827 
vt 0.81684 0.337066 
vt 0.812287 0.34256 
vt 0.815748 0.343436 
vt 0.93905 0.0563125 
vt 0.938597 0.0606719 
vt 0.938168 0.0648906 
vt 0.808392 0.346851 
vt 0.805203 0.346169 
vt 0.802109 0.345468 
vt 0.811765 0.347621 
vt 0.815373 0.348391 
vt 0.9416 0.0563125 
vt 0.942029 0.0606719 
vt 0.942457 0.0648906 
vt 0.81386 0.324386 
vt 0.812685 0.327659 
vt 0.810042 0.326484 
vt 0.811311 0.323223 
vt 0.807544 0.325265 
vt 0.808929 0.322021 
vt 0.815589 0.328806 
vt 0.816715 0.325558 
vt 0.818918 0.329917 
vt 0.820022 0.326665 
vt 0.943935 0.0543907 
vt 0.945198 0.0580938 
vt 0.946413 0.0616562 
vt 0.818305 0.453775 
vt 0.82109 0.454519 
vt 0.815715 0.453009 
vt 0.82429 0.45527 
vt 0.82808 0.456006 
vt 0.945722 0.050875 
vt 0.947628 0.0533594 
vt 0.949439 0.0557032 
vt 0.810862 0.466155 
vt 0.813895 0.467321 
vt 0.807955 0.464926 
vt 0.817252 0.468427 
vt 0.821059 0.46941 
vt 0.946699 0.0462344 
vt 0.948939 0.047125 
vt 0.951083 0.0479687 
vt 0.946699 0.0412188 
vt 0.948939 0.040375 
vt 0.951083 0.0395312 
vt 0.815108 0.321091 
vt 0.812652 0.319941 
vt 0.81034 0.318748 
vt 0.817894 0.322223 
vt 0.821177 0.323327 
vt 0.945722 0.036625 
vt 0.947628 0.0341406 
vt 0.949439 0.03175 
vt 0.816649 0.45691 
vt 0.819466 0.457801 
vt 0.814005 0.456001 
vt 0.822697 0.458672 
vt 0.826492 0.459482 
vt 0.945198 0.0293593 
vt 0.946413 0.0257969 
vt 0.808 0.351269 
vt 0.804784 0.350646 
vt 0.801662 0.350036 
vt 0.811448 0.351954 
vt 0.815175 0.352709 
vt 0.941171 0.0263125 
vt 0.941385 0.0222812 
vt 0.81158 0.330942 
vt 0.808842 0.329785 
vt 0.806201 0.328579 
vt 0.814557 0.332036 
vt 0.817889 0.333115 
vt 0.824644 0.444595 
vt 0.821992 0.444183 
vt 0.819539 0.4438 
vt 0.827626 0.445045 
vt 0.83116 0.445561 
vt 0.938168 0.0308594 
vt 0.8251 0.32436 
vt 0.829593 0.325312 
vt 0.828414 0.328647 
vt 0.823945 0.327698 
vt 0.833387 0.329444 
vt 0.834636 0.326118 
vt 0.838794 0.330079 
vt 0.840113 0.326762 
vt 0.836301 0.460965 
vt 0.837971 0.457405 
vt 0.832677 0.45673 
vt 0.831051 0.460285 
vt 0.84215 0.461455 
vt 0.843864 0.457916 
vt 0.848486 0.461745 
vt 0.850247 0.45825 
vt 0.819346 0.353523 
vt 0.819306 0.349236 
vt 0.823616 0.350101 
vt 0.823889 0.35442 
vt 0.828327 0.350957 
vt 0.828882 0.355282 
vt 0.833417 0.351769 
vt 0.834276 0.356136 
vt 0.821698 0.33407 
vt 0.825959 0.334959 
vt 0.824751 0.338826 
vt 0.820605 0.337983 
vt 0.829303 0.339566 
vt 0.830677 0.33569 
vt 0.83431 0.340179 
vt 0.83585 0.336294 
vt 0.834832 0.449565 
vt 0.839945 0.45016 
vt 0.840311 0.446716 
vt 0.835417 0.446123 
vt 0.845766 0.447199 
vt 0.845642 0.450667 
vt 0.851734 0.447528 
vt 0.851828 0.450997 
vt 0.834359 0.464379 
vt 0.829218 0.463688 
vt 0.840098 0.464857 
vt 0.846344 0.465106 
vt 0.822771 0.33094 
vt 0.827149 0.331846 
vt 0.832006 0.332627 
vt 0.837318 0.333249 
vt 0.833928 0.453117 
vt 0.839174 0.453747 
vt 0.845026 0.454287 
vt 0.851364 0.454601 
vt 0.832409 0.46767 
vt 0.827336 0.467021 
vt 0.838015 0.468138 
vt 0.844151 0.468374 
vt 0.823823 0.343549 
vt 0.819724 0.342713 
vt 0.823686 0.345136 
vt 0.819563 0.344297 
vt 0.828326 0.344314 
vt 0.833235 0.345008 
vt 0.828211 0.345936 
vt 0.833118 0.34666 
vt 0.8305 0.470932 
vt 0.82549 0.470252 
vt 0.836061 0.471379 
vt 0.842085 0.471578 
vt 0.84598 0.327176 
vt 0.852135 0.327471 
vt 0.850719 0.330838 
vt 0.844635 0.330521 
vt 0.856951 0.331049 
vt 0.858416 0.327657 
vt 0.863184 0.331229 
vt 0.864697 0.327812 
vt 0.840077 0.356887 
vt 0.838958 0.352517 
vt 0.844789 0.353146 
vt 0.846186 0.357585 
vt 0.85081 0.353738 
vt 0.852418 0.358205 
vt 0.85686 0.354239 
vt 0.858653 0.358763 
vt 0.858413 0.451086 
vt 0.865268 0.450997 
vt 0.864783 0.447569 
vt 0.858123 0.447638 
vt 0.871585 0.447336 
vt 0.872202 0.450775 
vt 0.878384 0.447054 
vt 0.879086 0.450458 
vt 0.858078 0.454676 
vt 0.865019 0.454553 
vt 0.872061 0.454319 
vt 0.87901 0.453995 
vt 0.844272 0.346056 
vt 0.838598 0.345574 
vt 0.839727 0.340626 
vt 0.845478 0.340992 
vt 0.844173 0.347806 
vt 0.838479 0.347258 
vt 0.850141 0.346438 
vt 0.851422 0.34129 
vt 0.856081 0.346799 
vt 0.857416 0.341532 
vt 0.850061 0.348253 
vt 0.855999 0.348645 
vt 0.864008 0.45814 
vt 0.857004 0.458296 
vt 0.871068 0.457855 
vt 0.878038 0.45753 
vt 0.862221 0.461588 
vt 0.855219 0.461768 
vt 0.869278 0.461253 
vt 0.87629 0.460899 
vt 0.841432 0.336731 
vt 0.847304 0.337052 
vt 0.853368 0.337303 
vt 0.85946 0.337495 
vt 0.859963 0.464862 
vt 0.853008 0.465087 
vt 0.867019 0.464503 
vt 0.874007 0.464126 
vt 0.843043 0.333675 
vt 0.849057 0.333982 
vt 0.855193 0.334212 
vt 0.861378 0.334416 
vt 0.857612 0.468047 
vt 0.850747 0.468312 
vt 0.8646 0.467671 
vt 0.871542 0.467248 
vt 0.85537 0.471246 
vt 0.84857 0.471503 
vt 0.862292 0.470851 
vt 0.86919 0.470433 
vt 0.8874 0.463459 
vt 0.889685 0.460256 
vt 0.88302 0.460574 
vt 0.880735 0.463777 
vt 0.894149 0.463108 
vt 0.896414 0.459932 
vt 0.901118 0.462758 
vt 0.903361 0.459584 
vt 0.867445 0.334605 
vt 0.873511 0.334825 
vt 0.871496 0.337954 
vt 0.865455 0.337705 
vt 0.877701 0.338224 
vt 0.879739 0.335099 
vt 0.884186 0.338532 
vt 0.886201 0.335404 
vt 0.884954 0.466555 
vt 0.878291 0.466897 
vt 0.891727 0.466225 
vt 0.898759 0.465844 
vt 0.869301 0.331392 
vt 0.875413 0.331619 
vt 0.881643 0.331861 
vt 0.888103 0.332197 
vt 0.882579 0.469718 
vt 0.875894 0.470062 
vt 0.889394 0.469359 
vt 0.896471 0.468997 
vt 0.870837 0.327979 
vt 0.876998 0.328181 
vt 0.883228 0.328423 
vt 0.889688 0.328759 
vt 0.864797 0.359277 
vt 0.862865 0.354703 
vt 0.868921 0.355111 
vt 0.870921 0.359725 
vt 0.875168 0.35545 
vt 0.877215 0.36007 
vt 0.881772 0.355742 
vt 0.883821 0.360332 
vt 0.885796 0.450161 
vt 0.892415 0.449823 
vt 0.891623 0.446379 
vt 0.885027 0.446739 
vt 0.898308 0.446035 
vt 0.899143 0.449474 
vt 0.905231 0.445664 
vt 0.906066 0.449104 
vt 0.885763 0.453693 
vt 0.892406 0.453378 
vt 0.899135 0.453029 
vt 0.906058 0.452659 
vt 0.867986 0.347492 
vt 0.861998 0.347156 
vt 0.863339 0.341796 
vt 0.869354 0.342072 
vt 0.867904 0.349369 
vt 0.861915 0.349034 
vt 0.874189 0.347793 
vt 0.875535 0.34234 
vt 0.880744 0.348111 
vt 0.882066 0.342685 
vt 0.874128 0.349705 
vt 0.880683 0.350023 
vt 0.891456 0.45691 
vt 0.88479 0.457203 
vt 0.898163 0.456563 
vt 0.905109 0.456215 
vt 0.895259 0.350573 
vt 0.89631 0.356129 
vt 0.888827 0.35597 
vt 0.887758 0.350316 
vt 0.887794 0.348432 
vt 0.89527 0.348716 
vt 0.90314 0.350785 
vt 0.904222 0.356221 
vt 0.911375 0.350984 
vt 0.912489 0.356266 
vt 0.903124 0.348989 
vt 0.91131 0.349212 
vt 0.92001 0.455238 
vt 0.92092 0.45176 
vt 0.91335 0.452249 
vt 0.912421 0.455778 
vt 0.927852 0.45457 
vt 0.928653 0.451104 
vt 0.935853 0.453687 
vt 0.936486 0.450313 
vt 0.918328 0.458624 
vt 0.910673 0.459147 
vt 0.926255 0.457923 
vt 0.93445 0.456993 
vt 0.89109 0.338928 
vt 0.898323 0.339337 
vt 0.896397 0.34339 
vt 0.889043 0.343028 
vt 0.904103 0.343769 
vt 0.905864 0.339725 
vt 0.91207 0.34412 
vt 0.913571 0.340104 
vt 0.916174 0.461813 
vt 0.908453 0.462343 
vt 0.924209 0.4611 
vt 0.932579 0.460177 
vt 0.893035 0.335791 
vt 0.900173 0.336218 
vt 0.907547 0.336646 
vt 0.915088 0.337034 
vt 0.913969 0.464908 
vt 0.906161 0.465447 
vt 0.922157 0.464203 
vt 0.930679 0.463263 
vt 0.89489 0.332578 
vt 0.901956 0.333027 
vt 0.909211 0.333471 
vt 0.916585 0.333899 
vt 0.911941 0.468033 
vt 0.904001 0.468562 
vt 0.920259 0.467314 
vt 0.928976 0.466354 
vt 0.89645 0.329168 
vt 0.903444 0.329639 
vt 0.910602 0.330132 
vt 0.917879 0.33061 
vt 0.890854 0.360525 
vt 0.898296 0.360585 
vt 0.906117 0.360601 
vt 0.914321 0.360511 
vt 0.913338 0.448721 
vt 0.920867 0.448261 
vt 0.920037 0.444896 
vt 0.912505 0.445307 
vt 0.927696 0.444422 
vt 0.928564 0.447709 
vt 0.935411 0.443817 
vt 0.936292 0.446979 
vt 0.922834 0.360369 
vt 0.921067 0.356226 
vt 0.929837 0.356118 
vt 0.931538 0.360189 
vt 0.938631 0.356014 
vt 0.940291 0.359984 
vt 0.94733 0.355928 
vt 0.948919 0.359889 
vt 0.94401 0.446101 
vt 0.951695 0.445077 
vt 0.950678 0.442154 
vt 0.943049 0.443048 
vt 0.958323 0.441185 
vt 0.959395 0.443953 
vt 0.824096 0.393408 
vt 0.816985 0.393283 
vt 0.817398 0.395296 
vt 0.824564 0.395365 
vt 0.944347 0.449296 
vt 0.952219 0.448128 
vt 0.960085 0.446886 
vt 0.817432 0.397371 
vt 0.824755 0.397395 
vt 0.928399 0.349502 
vt 0.919759 0.349375 
vt 0.920255 0.344374 
vt 0.92856 0.344581 
vt 0.928587 0.351165 
vt 0.919897 0.351094 
vt 0.937067 0.349538 
vt 0.936917 0.344701 
vt 0.945643 0.34953 
vt 0.945256 0.344724 
vt 0.937303 0.351175 
vt 0.945952 0.351146 
vt 0.952093 0.451273 
vt 0.943945 0.452545 
vt 0.960236 0.449927 
vt 0.816979 0.399447 
vt 0.824502 0.399439 
vt 0.951335 0.454436 
vt 0.942844 0.455795 
vt 0.959822 0.453003 
vt 0.815977 0.401513 
vt 0.823782 0.401484 
vt 0.921446 0.34041 
vt 0.929397 0.340633 
vt 0.937423 0.340771 
vt 0.945479 0.340788 
vt 0.950072 0.457554 
vt 0.941255 0.458948 
vt 0.958882 0.456062 
vt 0.814523 0.403509 
vt 0.822612 0.403494 
vt 0.922704 0.337337 
vt 0.930396 0.337556 
vt 0.938165 0.33766 
vt 0.945988 0.337645 
vt 0.948649 0.46059 
vt 0.939572 0.462011 
vt 0.957743 0.459092 
vt 0.812879 0.405452 
vt 0.821192 0.405437 
vt 0.924011 0.334239 
vt 0.93149 0.334461 
vt 0.939024 0.334564 
vt 0.946636 0.334521 
vt 0.947335 0.463614 
vt 0.938064 0.465081 
vt 0.956603 0.462097 
vt 0.811273 0.407357 
vt 0.819751 0.407364 
vt 0.925161 0.330994 
vt 0.932496 0.33126 
vt 0.939863 0.331403 
vt 0.947333 0.331372 
vt 0.820837 0.390756 
vt 0.828817 0.390655 
vt 0.82826 0.394142 
vt 0.820187 0.394142 
vt 0.812995 0.390756 
vt 0.81216 0.394074 
vt 0.836449 0.394108 
vt 0.83696 0.390553 
vt 0.844801 0.394108 
vt 0.845335 0.390519 
vt 0.837046 0.405583 
vt 0.838136 0.403596 
vt 0.830426 0.40355 
vt 0.82921 0.405512 
vt 0.844916 0.405601 
vt 0.845904 0.403605 
vt 0.852975 0.405486 
vt 0.853901 0.403477 
vt 0.821695 0.387371 
vt 0.829536 0.387235 
vt 0.813993 0.387438 
vt 0.837633 0.387033 
vt 0.846008 0.386897 
vt 0.835889 0.407524 
vt 0.82791 0.407429 
vt 0.843823 0.407571 
vt 0.851906 0.407488 
vt 0.822576 0.383986 
vt 0.830325 0.383748 
vt 0.815037 0.384053 
vt 0.838329 0.383478 
vt 0.846704 0.383275 
vt 0.821857 0.414726 
vt 0.820767 0.41046 
vt 0.829049 0.410663 
vt 0.830093 0.414996 
vt 0.813506 0.414556 
vt 0.812346 0.41029 
vt 0.837378 0.410968 
vt 0.838398 0.415369 
vt 0.845845 0.41134 
vt 0.846912 0.415809 
vt 0.831793 0.395465 
vt 0.83916 0.395519 
vt 0.838674 0.39358 
vt 0.831306 0.393509 
vt 0.846274 0.393533 
vt 0.846762 0.395489 
vt 0.854202 0.393325 
vt 0.854693 0.395315 
vt 0.832041 0.397455 
vt 0.839429 0.397509 
vt 0.847032 0.397495 
vt 0.854985 0.397337 
vt 0.819746 0.403587 
vt 0.819723 0.398408 
vt 0.827912 0.398475 
vt 0.828028 0.403723 
vt 0.811371 0.403418 
vt 0.81151 0.398306 
vt 0.828191 0.405449 
vt 0.819908 0.405314 
vt 0.811487 0.405145 
vt 0.836148 0.398543 
vt 0.83631 0.403892 
vt 0.8445 0.398644 
vt 0.844685 0.404129 
vt 0.836496 0.405653 
vt 0.844894 0.405923 
vt 0.831929 0.39949 
vt 0.839397 0.399537 
vt 0.847022 0.399539 
vt 0.854977 0.399397 
vt 0.83896 0.401578 
vt 0.831392 0.401538 
vt 0.846646 0.401575 
vt 0.854603 0.40145 
vt 0.872133 0.398614 
vt 0.872119 0.396538 
vt 0.863385 0.396992 
vt 0.863377 0.399053 
vt 0.881087 0.398143 
vt 0.881074 0.396067 
vt 0.89014 0.395691 
vt 0.890132 0.397751 
vt 0.87176 0.400684 
vt 0.863025 0.401121 
vt 0.880717 0.400231 
vt 0.889759 0.399822 
vt 0.853385 0.394243 
vt 0.86227 0.394447 
vt 0.861829 0.399153 
vt 0.853014 0.398882 
vt 0.870993 0.399491 
vt 0.871503 0.394717 
vt 0.880644 0.399796 
vt 0.881224 0.395022 
vt 0.871064 0.402761 
vt 0.862327 0.403181 
vt 0.879999 0.402292 
vt 0.88904 0.401867 
vt 0.853965 0.390553 
vt 0.862943 0.390723 
vt 0.872292 0.39096 
vt 0.882059 0.391264 
vt 0.870059 0.404793 
vt 0.861362 0.40521 
vt 0.878974 0.404325 
vt 0.888033 0.403881 
vt 0.85473 0.386897 
vt 0.863824 0.387033 
vt 0.87329 0.387269 
vt 0.883103 0.387608 
vt 0.868889 0.406802 
vt 0.860253 0.407215 
vt 0.877764 0.406338 
vt 0.886841 0.405875 
vt 0.855519 0.383241 
vt 0.864729 0.383342 
vt 0.87431 0.383545 
vt 0.884216 0.383918 
vt 0.855821 0.41635 
vt 0.854591 0.411814 
vt 0.863662 0.412322 
vt 0.865077 0.416892 
vt 0.873035 0.412762 
vt 0.874635 0.417366 
vt 0.882755 0.413067 
vt 0.884449 0.417637 
vt 0.86305 0.394939 
vt 0.871763 0.394487 
vt 0.871146 0.392455 
vt 0.862516 0.392935 
vt 0.880062 0.392005 
vt 0.880698 0.394018 
vt 0.889194 0.391674 
vt 0.889788 0.393674 
vt 0.853246 0.404468 
vt 0.862085 0.404874 
vt 0.862363 0.406736 
vt 0.853501 0.40633 
vt 0.871271 0.405246 
vt 0.880899 0.405551 
vt 0.871573 0.407142 
vt 0.881224 0.407481 
vt 0.894471 0.417671 
vt 0.892847 0.413168 
vt 0.903054 0.412999 
vt 0.904562 0.417366 
vt 0.913216 0.412559 
vt 0.914538 0.416757 
vt 0.923145 0.411848 
vt 0.924282 0.415741 
vt 0.898941 0.393546 
vt 0.908049 0.393575 
vt 0.907792 0.391687 
vt 0.898491 0.39157 
vt 0.916967 0.391967 
vt 0.917032 0.393767 
vt 0.92587 0.392368 
vt 0.925783 0.39406 
vt 0.899187 0.39552 
vt 0.908147 0.395492 
vt 0.916978 0.395575 
vt 0.925612 0.395724 
vt 0.89106 0.40572 
vt 0.890875 0.400032 
vt 0.901384 0.400236 
vt 0.9015 0.405788 
vt 0.901755 0.407616 
vt 0.891362 0.407616 
vt 0.91187 0.400405 
vt 0.911916 0.405686 
vt 0.922077 0.405449 
vt 0.922077 0.400574 
vt 0.912125 0.407413 
vt 0.922217 0.407074 
vt 0.899131 0.397516 
vt 0.908024 0.397425 
vt 0.916782 0.397394 
vt 0.92536 0.397394 
vt 0.907656 0.399341 
vt 0.898754 0.399535 
vt 0.916443 0.399207 
vt 0.925027 0.39907 
vt 0.891455 0.395327 
vt 0.901941 0.395665 
vt 0.912403 0.396071 
vt 0.922565 0.396545 
vt 0.907085 0.401256 
vt 0.898089 0.401525 
vt 0.915962 0.401012 
vt 0.924633 0.400733 
vt 0.89229 0.391637 
vt 0.902706 0.392077 
vt 0.9131 0.392619 
vt 0.923168 0.393363 
vt 0.906349 0.403149 
vt 0.897199 0.403497 
vt 0.915379 0.402809 
vt 0.924198 0.4024 
vt 0.893311 0.38798 
vt 0.903657 0.388522 
vt 0.913912 0.389233 
vt 0.923887 0.390215 
vt 0.905473 0.405052 
vt 0.896145 0.405447 
vt 0.914713 0.404595 
vt 0.923723 0.404069 
vt 0.894378 0.384358 
vt 0.904655 0.385001 
vt 0.914793 0.385881 
vt 0.924629 0.387066 
vt 0.93268 0.394278 
vt 0.941797 0.395361 
vt 0.94131 0.397798 
vt 0.932146 0.397121 
vt 0.950172 0.398543 
vt 0.950613 0.396545 
vt 0.958895 0.399322 
vt 0.959289 0.397798 
vt 0.940916 0.401308 
vt 0.941227 0.400008 
vt 0.933033 0.400389 
vt 0.932681 0.401879 
vt 0.949001 0.400663 
vt 0.949295 0.399586 
vt 0.956984 0.400008 
vt 0.9573 0.399151 
vt 0.933306 0.391467 
vt 0.942354 0.392957 
vt 0.951123 0.394582 
vt 0.959753 0.396309 
vt 0.940624 0.402589 
vt 0.932311 0.403387 
vt 0.948728 0.401739 
vt 0.956726 0.400845 
vt 0.933979 0.388657 
vt 0.942934 0.390553 
vt 0.951657 0.392619 
vt 0.96024 0.394819 
vt 0.933608 0.414286 
vt 0.93261 0.410832 
vt 0.941727 0.409579 
vt 0.942632 0.412559 
vt 0.950613 0.408158 
vt 0.951471 0.410561 
vt 0.959405 0.406668 
vt 0.960217 0.408496 
vt 0.934215 0.394411 
vt 0.942389 0.394815 
vt 0.942598 0.393506 
vt 0.934402 0.392899 
vt 0.950615 0.39416 
vt 0.950424 0.395247 
vt 0.958515 0.394857 
vt 0.95836 0.395702 
vt 0.942161 0.396126 
vt 0.933986 0.395909 
vt 0.950193 0.396336 
vt 0.958167 0.396568 
vt 0.940892 0.404637 
vt 0.931682 0.405111 
vt 0.931705 0.400743 
vt 0.940915 0.400913 
vt 0.941008 0.405889 
vt 0.931821 0.406532 
vt 0.949847 0.404129 
vt 0.949847 0.401082 
vt 0.95864 0.403587 
vt 0.958616 0.401252 
vt 0.94994 0.405145 
vt 0.958755 0.404366 
vt 0.94187 0.397424 
vt 0.933717 0.39741 
vt 0.949922 0.397429 
vt 0.957913 0.397438 
vt 0.941558 0.398707 
vt 0.933385 0.398899 
vt 0.949628 0.398506 
vt 0.957616 0.398294 
vt 0.965523 0.064 
vt 0.964522 0.0542032 
vt 0.961782 0.0533125 
vt 0.963164 0.0669062 
vt 0.95897 0.0527031 
vt 0.960686 0.0695782 
vt 0.964522 0.0708907 
vt 0.966786 0.0677031 
vt 0.96233 0.0744063 
vt 0.967644 0.0607656 
vt 0.969121 0.065125 
vt 0.971027 0.0732813 
vt 0.975698 0.0728594 
vt 0.973958 0.0556093 
vt 0.966524 0.0458593 
vt 0.963927 0.0424375 
vt 0.961448 0.0391563 
vt 0.969002 0.0409844 
vt 0.967263 0.035875 
vt 0.965595 0.031 
vt 0.972219 0.0383594 
vt 0.971599 0.0323125 
vt 0.971027 0.0265468 
vt 0.975698 0.0383594 
vt 0.976317 0.0323125 
vt 0.976889 0.0265468 
vt 0.978938 0.0409844 
vt 0.980654 0.035875 
vt 0.982322 0.031 
vt 0.981393 0.0458593 
vt 0.98399 0.0424375 
vt 0.986468 0.0391563 
vt 0.982727 0.0521875 
vt 0.985801 0.0509688 
vt 0.988732 0.0498438 
vt 0.982727 0.0590312 
vt 0.985801 0.06025 
vt 0.988732 0.061375 
vt 0.981393 0.0653594 
vt 0.98399 0.0687813 
vt 0.986468 0.0720625 
vt 0.978938 0.0702344 
vt 0.980654 0.0753437 
vt 0.982322 0.0802187 
vt 0.976317 0.0789062 
vt 0.976889 0.0846719 
vt 0.970384 0.078625 
vt 0.969598 0.0839688 
vt 0.942849 0.347567 
vt 0.941848 0.350144 
vt 0.942849 0.347567 
vt 0.942842 0.34757 
vt 0.944777 0.352548 
vt 0.943844 0.350147 
vt 0.945578 0.35461 
vt 0.939499 0.356189 
vt 0.940113 0.354607 
vt 0.939112 0.357184 
vt 0.93898 0.357523 
vt 0.946579 0.357187 
vt 0.946711 0.357526 
vt 0.946193 0.356192 
vt 0.945578 0.35461 
vt 0.940915 0.352545 
vt 0.940113 0.354607 
vt 0.943844 0.350147 
vt 0.944777 0.352548 
vt 0.942849 0.347567 
vt 0.941848 0.350144 
vt 0.94385 0.34499 
vt 0.940908 0.342592 
vt 0.941841 0.344993 
vt 0.945585 0.340527 
vt 0.944784 0.342589 
vt 0.939492 0.338948 
vt 0.940107 0.34053 
vt 0.946586 0.337951 
vt 0.946199 0.338945 
vt 0.946718 0.337611 
vt 0.939106 0.337953 
vt 0.938974 0.337614 
vt 0.946199 0.338945 
vt 0.946586 0.337951 
vt 0.940107 0.34053 
vt 0.939492 0.338948 
vt 0.940908 0.342592 
vt 0.941841 0.344993 
vt 0.94385 0.34499 
vt 0.942849 0.347567 
vt 0.915206 0.349259 
vt 0.916007 0.347197 
vt 0.941848 0.350144 
vt 0.91446 0.35118 
vt 0.940915 0.352545 
vt 0.913819 0.352829 
vt 0.940113 0.354607 
vt 0.913327 0.354095 
vt 0.939499 0.356189 
vt 0.913018 0.354891 
vt 0.939112 0.357184 
vt 0.912912 0.355162 
vt 0.93898 0.357523 
vt 0.946711 0.357526 
vt 0.91899 0.355633 
vt 0.919096 0.355904 
vt 0.946579 0.357187 
vt 0.918681 0.354837 
vt 0.946193 0.356192 
vt 0.918189 0.353572 
vt 0.945578 0.35461 
vt 0.917548 0.351922 
vt 0.944777 0.352548 
vt 0.916802 0.350001 
vt 0.943844 0.350147 
vt 0.916001 0.34794 
vt 0.942842 0.34757 
vt 0.9152 0.345878 
vt 0.941841 0.344993 
vt 0.914453 0.343957 
vt 0.940908 0.342592 
vt 0.913812 0.342308 
vt 0.940107 0.34053 
vt 0.91332 0.341042 
vt 0.939492 0.338948 
vt 0.913011 0.340246 
vt 0.939106 0.337953 
vt 0.912906 0.339975 
vt 0.938974 0.337614 
vt 0.946718 0.337611 
vt 0.918997 0.339504 
vt 0.919102 0.339233 
vt 0.946586 0.337951 
vt 0.918688 0.3403 
vt 0.946199 0.338945 
vt 0.918196 0.341566 
vt 0.945585 0.340527 
vt 0.917555 0.343215 
vt 0.944784 0.342589 
vt 0.916808 0.345136 
vt 0.94385 0.34499 
vt 0.888565 0.348374 
vt 0.889166 0.346827 
vt 0.888005 0.349814 
vt 0.887524 0.351051 
vt 0.887155 0.352001 
vt 0.886924 0.352598 
vt 0.886845 0.352801 
vt 0.891401 0.354079 
vt 0.89148 0.354283 
vt 0.891169 0.353483 
vt 0.8908 0.352533 
vt 0.89032 0.351296 
vt 0.88976 0.349855 
vt 0.889159 0.34831 
vt 0.888558 0.346764 
vt 0.887998 0.345323 
vt 0.887518 0.344086 
vt 0.887149 0.343136 
vt 0.886917 0.34254 
vt 0.886838 0.342336 
vt 0.891408 0.341058 
vt 0.891487 0.340854 
vt 0.891176 0.341654 
vt 0.890807 0.342603 
vt 0.890326 0.34384 
vt 0.889767 0.345281 
vt 0.861923 0.347488 
vt 0.862324 0.346457 
vt 0.86155 0.348449 
vt 0.86123 0.349274 
vt 0.860984 0.349907 
vt 0.860829 0.350304 
vt 0.860777 0.35044 
vt 0.863812 0.352526 
vt 0.863865 0.352662 
vt 0.863658 0.352128 
vt 0.863412 0.351495 
vt 0.863091 0.350671 
vt 0.862718 0.34971 
vt 0.862318 0.348679 
vt 0.861917 0.347649 
vt 0.861544 0.346688 
vt 0.861223 0.345864 
vt 0.860977 0.34523 
vt 0.860823 0.344833 
vt 0.86077 0.344697 
vt 0.863819 0.342611 
vt 0.863871 0.342475 
vt 0.863664 0.343009 
vt 0.863418 0.343642 
vt 0.863098 0.344466 
vt 0.862724 0.345427 
vt 0.835282 0.346603 
vt 0.835482 0.346088 
vt 0.835095 0.347083 
vt 0.834935 0.347496 
vt 0.834812 0.347812 
vt 0.834735 0.348011 
vt 0.834709 0.348079 
vt 0.836223 0.350973 
vt 0.83625 0.35104 
vt 0.836146 0.350774 
vt 0.836023 0.350457 
vt 0.835863 0.350045 
vt 0.835676 0.349564 
vt 0.835476 0.349049 
vt 0.835275 0.348534 
vt 0.835089 0.348054 
vt 0.834929 0.347641 
vt 0.834806 0.347325 
vt 0.834728 0.347126 
vt 0.834702 0.347058 
vt 0.83623 0.344164 
vt 0.836256 0.344096 
vt 0.836152 0.344363 
vt 0.836029 0.34468 
vt 0.835869 0.345092 
vt 0.835682 0.345572 
vt 0.835476 0.349049 
vt 0.808634 0.349419 
vt 0.808634 0.349419 
vt 0.808641 0.345718 
vt 0.835676 0.349564 
vt 0.808634 0.349419 
vt 0.808641 0.345718 
vt 0.835863 0.350045 
vt 0.808634 0.349419 
vt 0.808641 0.345718 
vt 0.836023 0.350457 
vt 0.808634 0.349419 
vt 0.808641 0.345718 
vt 0.836146 0.350774 
vt 0.808634 0.349419 
vt 0.808641 0.345718 
vt 0.836223 0.350973 
vt 0.808634 0.349419 
vt 0.808641 0.345718 
vt 0.808634 0.349419 
vt 0.808634 0.349419 
vt 0.808634 0.349419 
vt 0.808634 0.349419 
vt 0.808634 0.349419 
vt 0.808634 0.349419 
vt 0.808634 0.349419 
vt 0.808634 0.349419 
vt 0.808634 0.349419 
vt 0.808634 0.349419 
vt 0.808634 0.349419 
vt 0.808634 0.349419 
vt 0.808634 0.349419 
vt 0.808641 0.345718 
vt 0.834728 0.347126 
vt 0.808634 0.349419 
vt 0.808641 0.345718 
vt 0.834806 0.347325 
vt 0.808634 0.349419 
vt 0.808641 0.345718 
vt 0.834929 0.347641 
vt 0.808634 0.349419 
vt 0.808641 0.345718 
vt 0.835089 0.348054 
vt 0.808634 0.349419 
vt 0.808641 0.345718 
vt 0.835275 0.348534 
vt 0.808641 0.345718 
vt 0.808634 0.349419 

usemtl Handle2Mtl

f 6062/6062/6062 6063/6063/6063 6064/6064/6064 
f 6064/6064/6064 6065/6065/6065 6062/6062/6062 
f 6065/6065/6065 6066/6066/6066 6067/6067/6067 
f 6067/6067/6067 6062/6062/6062 6065/6065/6065 
f 6068/6068/6068 6069/6069/6069 6063/6063/6063 
f 6063/6063/6063 6062/6062/6062 6068/6068/6068 
f 6062/6062/6062 6067/6067/6067 6070/6070/6070 
f 6070/6070/6070 6068/6068/6068 6062/6062/6062 
f 6071/6071/6071 6065/6065/6065 6064/6064/6064 
f 6066/6066/6066 6065/6065/6065 6071/6071/6071 
f 6071/6071/6071 6064/6064/6064 6072/6072/6072 
f 6072/6072/6072 6073/6073/6073 6074/6074/6074 
f 6071/6071/6071 6072/6072/6072 6074/6074/6074 
f 6066/6066/6066 6071/6071/6071 6074/6074/6074 
f 6066/6066/6066 6074/6074/6074 6075/6075/6075 
f 6064/6064/6064 6063/6063/6063 6076/6076/6076 
f 6076/6076/6076 6072/6072/6072 6064/6064/6064 
f 6063/6063/6063 6069/6069/6069 6077/6077/6077 
f 6077/6077/6077 6076/6076/6076 6063/6063/6063 
f 6078/6078/6078 6079/6079/6079 6080/6080/6080 
f 6080/6080/6080 6081/6081/6081 6078/6078/6078 
f 6081/6081/6081 6080/6080/6080 6082/6082/6082 
f 6082/6082/6082 6083/6083/6083 6081/6081/6081 
f 6084/6084/6084 6079/6079/6079 6078/6078/6078 
f 6078/6078/6078 6085/6085/6085 6084/6084/6084 
f 6086/6086/6086 6084/6084/6084 6085/6085/6085 
f 6085/6085/6085 6087/6087/6087 6086/6086/6086 
f 6073/6073/6073 6072/6072/6072 6088/6088/6088 
f 6088/6088/6088 6072/6072/6072 6076/6076/6076 
f 6076/6076/6076 6089/6089/6089 6088/6088/6088 
f 6090/6090/6090 6089/6089/6089 6076/6076/6076 
f 6076/6076/6076 6077/6077/6077 6090/6090/6090 
f 6091/6091/6091 6092/6092/6092 6093/6093/6093 
f 6093/6093/6093 6094/6094/6094 6091/6091/6091 
f 6095/6095/6095 6091/6091/6091 6094/6094/6094 
f 6094/6094/6094 6096/6096/6096 6095/6095/6095 
f 6093/6093/6093 6092/6092/6092 6097/6097/6097 
f 6097/6097/6097 6098/6098/6098 6093/6093/6093 
f 6098/6098/6098 6097/6097/6097 6099/6099/6099 
f 6099/6099/6099 6100/6100/6100 6098/6098/6098 
f 6073/6073/6073 6088/6088/6088 6101/6101/6101 
f 6101/6101/6101 6088/6088/6088 6089/6089/6089 
f 6089/6089/6089 6102/6102/6102 6101/6101/6101 
f 6103/6103/6103 6102/6102/6102 6089/6089/6089 
f 6089/6089/6089 6090/6090/6090 6103/6103/6103 
f 6104/6104/6104 6105/6105/6105 6106/6106/6106 
f 6106/6106/6106 6107/6107/6107 6104/6104/6104 
f 6108/6108/6108 6109/6109/6109 6105/6105/6105 
f 6105/6105/6105 6104/6104/6104 6108/6108/6108 
f 6107/6107/6107 6110/6110/6110 6111/6111/6111 
f 6111/6111/6111 6104/6104/6104 6107/6107/6107 
f 6112/6112/6112 6108/6108/6108 6104/6104/6104 
f 6104/6104/6104 6111/6111/6111 6112/6112/6112 
f 6107/6107/6107 6106/6106/6106 6113/6113/6113 
f 6113/6113/6113 6114/6114/6114 6107/6107/6107 
f 6115/6115/6115 6114/6114/6114 6113/6113/6113 
f 6113/6113/6113 6116/6116/6116 6115/6115/6115 
f 6114/6114/6114 6117/6117/6117 6110/6110/6110 
f 6110/6110/6110 6107/6107/6107 6114/6114/6114 
f 6115/6115/6115 6118/6118/6118 6117/6117/6117 
f 6117/6117/6117 6114/6114/6114 6115/6115/6115 
f 6073/6073/6073 6101/6101/6101 6119/6119/6119 
f 6119/6119/6119 6101/6101/6101 6102/6102/6102 
f 6102/6102/6102 6120/6120/6120 6119/6119/6119 
f 6121/6121/6121 6120/6120/6120 6102/6102/6102 
f 6102/6102/6102 6103/6103/6103 6121/6121/6121 
f 6110/6110/6110 6122/6122/6122 6123/6123/6123 
f 6123/6123/6123 6111/6111/6111 6110/6110/6110 
f 6112/6112/6112 6111/6111/6111 6123/6123/6123 
f 6123/6123/6123 6124/6124/6124 6112/6112/6112 
f 6117/6117/6117 6125/6125/6125 6122/6122/6122 
f 6122/6122/6122 6110/6110/6110 6117/6117/6117 
f 6118/6118/6118 6126/6126/6126 6125/6125/6125 
f 6125/6125/6125 6117/6117/6117 6118/6118/6118 
f 6073/6073/6073 6119/6119/6119 6127/6127/6127 
f 6127/6127/6127 6119/6119/6119 6120/6120/6120 
f 6120/6120/6120 6128/6128/6128 6127/6127/6127 
f 6129/6129/6129 6128/6128/6128 6120/6120/6120 
f 6120/6120/6120 6121/6121/6121 6129/6129/6129 
f 6130/6130/6130 6131/6131/6131 6132/6132/6132 
f 6132/6132/6132 6133/6133/6133 6130/6130/6130 
f 6133/6133/6133 6132/6132/6132 6134/6134/6134 
f 6134/6134/6134 6135/6135/6135 6133/6133/6133 
f 6136/6136/6136 6131/6131/6131 6130/6130/6130 
f 6130/6130/6130 6137/6137/6137 6136/6136/6136 
f 6138/6138/6138 6136/6136/6136 6137/6137/6137 
f 6137/6137/6137 6139/6139/6139 6138/6138/6138 
f 6073/6073/6073 6127/6127/6127 6140/6140/6140 
f 6140/6140/6140 6127/6127/6127 6128/6128/6128 
f 6128/6128/6128 6141/6141/6141 6140/6140/6140 
f 6141/6141/6141 6128/6128/6128 6129/6129/6129 
f 6129/6129/6129 6142/6142/6142 6141/6141/6141 
f 6143/6143/6143 6144/6144/6144 6078/6078/6078 
f 6078/6078/6078 6081/6081/6081 6143/6143/6143 
f 6145/6145/6145 6143/6143/6143 6081/6081/6081 
f 6081/6081/6081 6083/6083/6083 6145/6145/6145 
f 6078/6078/6078 6144/6144/6144 6146/6146/6146 
f 6146/6146/6146 6085/6085/6085 6078/6078/6078 
f 6085/6085/6085 6146/6146/6146 6147/6147/6147 
f 6147/6147/6147 6087/6087/6087 6085/6085/6085 
f 6073/6073/6073 6140/6140/6140 6148/6148/6148 
f 6148/6148/6148 6140/6140/6140 6141/6141/6141 
f 6141/6141/6141 6149/6149/6149 6148/6148/6148 
f 6150/6150/6150 6149/6149/6149 6141/6141/6141 
f 6141/6141/6141 6142/6142/6142 6150/6150/6150 
f 6151/6151/6151 6152/6152/6152 6092/6092/6092 
f 6092/6092/6092 6091/6091/6091 6151/6151/6151 
f 6153/6153/6153 6151/6151/6151 6091/6091/6091 
f 6091/6091/6091 6095/6095/6095 6153/6153/6153 
f 6092/6092/6092 6152/6152/6152 6154/6154/6154 
f 6154/6154/6154 6097/6097/6097 6092/6092/6092 
f 6097/6097/6097 6154/6154/6154 6155/6155/6155 
f 6155/6155/6155 6099/6099/6099 6097/6097/6097 
f 6073/6073/6073 6148/6148/6148 6156/6156/6156 
f 6156/6156/6156 6148/6148/6148 6149/6149/6149 
f 6149/6149/6149 6157/6157/6157 6156/6156/6156 
f 6157/6157/6157 6149/6149/6149 6150/6150/6150 
f 6150/6150/6150 6158/6158/6158 6157/6157/6157 
f 6073/6073/6073 6156/6156/6156 6159/6159/6159 
f 6159/6159/6159 6156/6156/6156 6157/6157/6157 
f 6157/6157/6157 6160/6160/6160 6159/6159/6159 
f 6160/6160/6160 6157/6157/6157 6158/6158/6158 
f 6158/6158/6158 6161/6161/6161 6160/6160/6160 
f 6162/6162/6162 6130/6130/6130 6133/6133/6133 
f 6133/6133/6133 6163/6163/6163 6162/6162/6162 
f 6135/6135/6135 6164/6164/6164 6163/6163/6163 
f 6163/6163/6163 6133/6133/6133 6135/6135/6135 
f 6137/6137/6137 6130/6130/6130 6162/6162/6162 
f 6162/6162/6162 6165/6165/6165 6137/6137/6137 
f 6139/6139/6139 6137/6137/6137 6165/6165/6165 
f 6165/6165/6165 6166/6166/6166 6139/6139/6139 
f 6073/6073/6073 6159/6159/6159 6167/6167/6167 
f 6167/6167/6167 6159/6159/6159 6160/6160/6160 
f 6160/6160/6160 6168/6168/6168 6167/6167/6167 
f 6161/6161/6161 6169/6169/6169 6168/6168/6168 
f 6168/6168/6168 6160/6160/6160 6161/6161/6161 
f 6170/6170/6170 6171/6171/6171 6144/6144/6144 
f 6144/6144/6144 6143/6143/6143 6170/6170/6170 
f 6172/6172/6172 6170/6170/6170 6143/6143/6143 
f 6143/6143/6143 6145/6145/6145 6172/6172/6172 
f 6144/6144/6144 6171/6171/6171 6173/6173/6173 
f 6173/6173/6173 6146/6146/6146 6144/6144/6144 
f 6146/6146/6146 6173/6173/6173 6174/6174/6174 
f 6174/6174/6174 6147/6147/6147 6146/6146/6146 
f 6073/6073/6073 6167/6167/6167 6074/6074/6074 
f 6074/6074/6074 6167/6167/6167 6168/6168/6168 
f 6168/6168/6168 6175/6175/6175 6074/6074/6074 
f 6175/6175/6175 6168/6168/6168 6169/6169/6169 
f 6169/6169/6169 6176/6176/6176 6175/6175/6175 
f 6123/6123/6123 6122/6122/6122 6177/6177/6177 
f 6177/6177/6177 6178/6178/6178 6123/6123/6123 
f 6124/6124/6124 6123/6123/6123 6178/6178/6178 
f 6178/6178/6178 6179/6179/6179 6124/6124/6124 
f 6177/6177/6177 6122/6122/6122 6125/6125/6125 
f 6125/6125/6125 6180/6180/6180 6177/6177/6177 
f 6180/6180/6180 6125/6125/6125 6126/6126/6126 
f 6126/6126/6126 6181/6181/6181 6180/6180/6180 
f 6175/6175/6175 6182/6182/6182 6075/6075/6075 
f 6075/6075/6075 6074/6074/6074 6175/6175/6175 
f 6182/6182/6182 6175/6175/6175 6176/6176/6176 
f 6176/6176/6176 6183/6183/6183 6182/6182/6182 
f 6184/6184/6184 6106/6106/6106 6105/6105/6105 
f 6105/6105/6105 6185/6185/6185 6184/6184/6184 
f 6109/6109/6109 6186/6186/6186 6185/6185/6185 
f 6185/6185/6185 6105/6105/6105 6109/6109/6109 
f 6106/6106/6106 6184/6184/6184 6187/6187/6187 
f 6187/6187/6187 6113/6113/6113 6106/6106/6106 
f 6116/6116/6116 6113/6113/6113 6187/6187/6187 
f 6187/6187/6187 6188/6188/6188 6116/6116/6116 
f 6079/6079/6079 6189/6189/6189 6190/6190/6190 
f 6190/6190/6190 6080/6080/6080 6079/6079/6079 
f 6191/6191/6191 6082/6082/6082 6080/6080/6080 
f 6080/6080/6080 6190/6190/6190 6191/6191/6191 
f 6192/6192/6192 6189/6189/6189 6079/6079/6079 
f 6079/6079/6079 6084/6084/6084 6192/6192/6192 
f 6193/6193/6193 6192/6192/6192 6084/6084/6084 
f 6084/6084/6084 6086/6086/6086 6193/6193/6193 
f 6194/6194/6194 6066/6066/6066 6075/6075/6075 
f 6067/6067/6067 6066/6066/6066 6194/6194/6194 
f 6067/6067/6067 6194/6194/6194 6075/6075/6075 
f 6067/6067/6067 6075/6075/6075 6182/6182/6182 
f 6183/6183/6183 6070/6070/6070 6067/6067/6067 
f 6067/6067/6067 6182/6182/6182 6183/6183/6183 
f 6094/6094/6094 6093/6093/6093 6171/6171/6171 
f 6171/6171/6171 6170/6170/6170 6094/6094/6094 
f 6096/6096/6096 6094/6094/6094 6170/6170/6170 
f 6170/6170/6170 6172/6172/6172 6096/6096/6096 
f 6171/6171/6171 6093/6093/6093 6098/6098/6098 
f 6098/6098/6098 6173/6173/6173 6171/6171/6171 
f 6173/6173/6173 6098/6098/6098 6100/6100/6100 
f 6100/6100/6100 6174/6174/6174 6173/6173/6173 
f 6131/6131/6131 6184/6184/6184 6185/6185/6185 
f 6185/6185/6185 6132/6132/6132 6131/6131/6131 
f 6186/6186/6186 6134/6134/6134 6132/6132/6132 
f 6132/6132/6132 6185/6185/6185 6186/6186/6186 
f 6187/6187/6187 6184/6184/6184 6131/6131/6131 
f 6131/6131/6131 6136/6136/6136 6187/6187/6187 
f 6188/6188/6188 6187/6187/6187 6136/6136/6136 
f 6136/6136/6136 6138/6138/6138 6188/6188/6188 
f 6195/6195/6195 6196/6196/6196 6197/6197/6197 
f 6197/6197/6197 6198/6198/6198 6195/6195/6195 
f 6166/6166/6166 6195/6195/6195 6198/6198/6198 
f 6198/6198/6198 6139/6139/6139 6166/6166/6166 
f 6199/6199/6199 6197/6197/6197 6196/6196/6196 
f 6196/6196/6196 6200/6200/6200 6199/6199/6199 
f 6201/6201/6201 6199/6199/6199 6200/6200/6200 
f 6200/6200/6200 6202/6202/6202 6201/6201/6201 
f 6203/6203/6203 6204/6204/6204 6205/6205/6205 
f 6205/6205/6205 6206/6206/6206 6203/6203/6203 
f 6147/6147/6147 6174/6174/6174 6206/6206/6206 
f 6206/6206/6206 6205/6205/6205 6147/6147/6147 
f 6204/6204/6204 6203/6203/6203 6207/6207/6207 
f 6207/6207/6207 6208/6208/6208 6204/6204/6204 
f 6208/6208/6208 6207/6207/6207 6209/6209/6209 
f 6209/6209/6209 6210/6210/6210 6208/6208/6208 
f 6211/6211/6211 6212/6212/6212 6213/6213/6213 
f 6213/6213/6213 6214/6214/6214 6211/6211/6211 
f 6181/6181/6181 6126/6126/6126 6212/6212/6212 
f 6212/6212/6212 6211/6211/6211 6181/6181/6181 
f 6214/6214/6214 6213/6213/6213 6215/6215/6215 
f 6215/6215/6215 6216/6216/6216 6214/6214/6214 
f 6216/6216/6216 6215/6215/6215 6217/6217/6217 
f 6217/6217/6217 6218/6218/6218 6216/6216/6216 
f 6219/6219/6219 6220/6220/6220 6221/6221/6221 
f 6221/6221/6221 6222/6222/6222 6219/6219/6219 
f 6188/6188/6188 6219/6219/6219 6222/6222/6222 
f 6222/6222/6222 6116/6116/6116 6188/6188/6188 
f 6223/6223/6223 6221/6221/6221 6220/6220/6220 
f 6220/6220/6220 6224/6224/6224 6223/6223/6223 
f 6225/6225/6225 6223/6223/6223 6224/6224/6224 
f 6224/6224/6224 6226/6226/6226 6225/6225/6225 
f 6227/6227/6227 6228/6228/6228 6229/6229/6229 
f 6229/6229/6229 6230/6230/6230 6227/6227/6227 
f 6086/6086/6086 6227/6227/6227 6230/6230/6230 
f 6230/6230/6230 6193/6193/6193 6086/6086/6086 
f 6231/6231/6231 6229/6229/6229 6228/6228/6228 
f 6228/6228/6228 6232/6232/6232 6231/6231/6231 
f 6233/6233/6233 6231/6231/6231 6232/6232/6232 
f 6232/6232/6232 6234/6234/6234 6233/6233/6233 
f 6235/6235/6235 6203/6203/6203 6206/6206/6206 
f 6206/6206/6206 6236/6236/6236 6235/6235/6235 
f 6174/6174/6174 6100/6100/6100 6236/6236/6236 
f 6236/6236/6236 6206/6206/6206 6174/6174/6174 
f 6203/6203/6203 6235/6235/6235 6237/6237/6237 
f 6237/6237/6237 6207/6207/6207 6203/6203/6203 
f 6207/6207/6207 6237/6237/6237 6238/6238/6238 
f 6238/6238/6238 6209/6209/6209 6207/6207/6207 
f 6239/6239/6239 6240/6240/6240 6220/6220/6220 
f 6220/6220/6220 6219/6219/6219 6239/6239/6239 
f 6138/6138/6138 6239/6239/6239 6219/6219/6219 
f 6219/6219/6219 6188/6188/6188 6138/6138/6138 
f 6224/6224/6224 6220/6220/6220 6240/6240/6240 
f 6240/6240/6240 6241/6241/6241 6224/6224/6224 
f 6226/6226/6226 6224/6224/6224 6241/6241/6241 
f 6241/6241/6241 6242/6242/6242 6226/6226/6226 
f 6243/6243/6243 6244/6244/6244 6228/6228/6228 
f 6228/6228/6228 6227/6227/6227 6243/6243/6243 
f 6087/6087/6087 6243/6243/6243 6227/6227/6227 
f 6227/6227/6227 6086/6086/6086 6087/6087/6087 
f 6232/6232/6232 6228/6228/6228 6244/6244/6244 
f 6244/6244/6244 6245/6245/6245 6232/6232/6232 
f 6234/6234/6234 6232/6232/6232 6245/6245/6245 
f 6245/6245/6245 6246/6246/6246 6234/6234/6234 
f 6247/6247/6247 6235/6235/6235 6236/6236/6236 
f 6236/6236/6236 6248/6248/6248 6247/6247/6247 
f 6100/6100/6100 6099/6099/6099 6248/6248/6248 
f 6248/6248/6248 6236/6236/6236 6100/6100/6100 
f 6235/6235/6235 6247/6247/6247 6249/6249/6249 
f 6249/6249/6249 6237/6237/6237 6235/6235/6235 
f 6237/6237/6237 6249/6249/6249 6250/6250/6250 
f 6250/6250/6250 6238/6238/6238 6237/6237/6237 
f 6251/6251/6251 6252/6252/6252 6222/6222/6222 
f 6222/6222/6222 6221/6221/6221 6251/6251/6251 
f 6252/6252/6252 6115/6115/6115 6116/6116/6116 
f 6116/6116/6116 6222/6222/6222 6252/6252/6252 
f 6251/6251/6251 6253/6253/6253 6254/6254/6254 
f 6254/6254/6254 6252/6252/6252 6251/6251/6251 
f 6118/6118/6118 6115/6115/6115 6252/6252/6252 
f 6252/6252/6252 6254/6254/6254 6118/6118/6118 
f 6255/6255/6255 6251/6251/6251 6221/6221/6221 
f 6221/6221/6221 6223/6223/6223 6255/6255/6255 
f 6256/6256/6256 6255/6255/6255 6223/6223/6223 
f 6223/6223/6223 6225/6225/6225 6256/6256/6256 
f 6251/6251/6251 6255/6255/6255 6257/6257/6257 
f 6257/6257/6257 6253/6253/6253 6251/6251/6251 
f 6255/6255/6255 6256/6256/6256 6258/6258/6258 
f 6258/6258/6258 6257/6257/6257 6255/6255/6255 
f 6253/6253/6253 6213/6213/6213 6212/6212/6212 
f 6212/6212/6212 6254/6254/6254 6253/6253/6253 
f 6126/6126/6126 6118/6118/6118 6254/6254/6254 
f 6254/6254/6254 6212/6212/6212 6126/6126/6126 
f 6213/6213/6213 6253/6253/6253 6257/6257/6257 
f 6257/6257/6257 6215/6215/6215 6213/6213/6213 
f 6215/6215/6215 6257/6257/6257 6258/6258/6258 
f 6258/6258/6258 6217/6217/6217 6215/6215/6215 
f 6198/6198/6198 6197/6197/6197 6240/6240/6240 
f 6240/6240/6240 6239/6239/6239 6198/6198/6198 
f 6139/6139/6139 6198/6198/6198 6239/6239/6239 
f 6239/6239/6239 6138/6138/6138 6139/6139/6139 
f 6241/6241/6241 6240/6240/6240 6197/6197/6197 
f 6197/6197/6197 6199/6199/6199 6241/6241/6241 
f 6242/6242/6242 6241/6241/6241 6199/6199/6199 
f 6199/6199/6199 6201/6201/6201 6242/6242/6242 
f 6204/6204/6204 6244/6244/6244 6243/6243/6243 
f 6243/6243/6243 6205/6205/6205 6204/6204/6204 
f 6087/6087/6087 6147/6147/6147 6205/6205/6205 
f 6205/6205/6205 6243/6243/6243 6087/6087/6087 
f 6244/6244/6244 6204/6204/6204 6208/6208/6208 
f 6208/6208/6208 6245/6245/6245 6244/6244/6244 
f 6245/6245/6245 6208/6208/6208 6210/6210/6210 
f 6210/6210/6210 6246/6246/6246 6245/6245/6245 
f 6259/6259/6259 6247/6247/6247 6248/6248/6248 
f 6248/6248/6248 6260/6260/6260 6259/6259/6259 
f 6099/6099/6099 6155/6155/6155 6260/6260/6260 
f 6260/6260/6260 6248/6248/6248 6099/6099/6099 
f 6247/6247/6247 6259/6259/6259 6261/6261/6261 
f 6261/6261/6261 6249/6249/6249 6247/6247/6247 
f 6249/6249/6249 6261/6261/6261 6262/6262/6262 
f 6262/6262/6262 6250/6250/6250 6249/6249/6249 
f 6263/6263/6263 6264/6264/6264 6265/6265/6265 
f 6265/6265/6265 6266/6266/6266 6263/6263/6263 
f 6202/6202/6202 6263/6263/6263 6266/6266/6266 
f 6266/6266/6266 6201/6201/6201 6202/6202/6202 
f 6267/6267/6267 6265/6265/6265 6264/6264/6264 
f 6264/6264/6264 6268/6268/6268 6267/6267/6267 
f 6269/6269/6269 6267/6267/6267 6268/6268/6268 
f 6268/6268/6268 6270/6270/6270 6269/6269/6269 
f 6271/6271/6271 6272/6272/6272 6273/6273/6273 
f 6273/6273/6273 6274/6274/6274 6271/6271/6271 
f 6218/6218/6218 6217/6217/6217 6272/6272/6272 
f 6272/6272/6272 6271/6271/6271 6218/6218/6218 
f 6274/6274/6274 6273/6273/6273 6275/6275/6275 
f 6275/6275/6275 6276/6276/6276 6274/6274/6274 
f 6276/6276/6276 6275/6275/6275 6277/6277/6277 
f 6277/6277/6277 6278/6278/6278 6276/6276/6276 
f 6279/6279/6279 6280/6280/6280 6281/6281/6281 
f 6281/6281/6281 6282/6282/6282 6279/6279/6279 
f 6234/6234/6234 6279/6279/6279 6282/6282/6282 
f 6282/6282/6282 6233/6233/6233 6234/6234/6234 
f 6283/6283/6283 6281/6281/6281 6280/6280/6280 
f 6280/6280/6280 6284/6284/6284 6283/6283/6283 
f 6285/6285/6285 6283/6283/6283 6284/6284/6284 
f 6284/6284/6284 6286/6286/6286 6285/6285/6285 
f 6287/6287/6287 6288/6288/6288 6280/6280/6280 
f 6280/6280/6280 6279/6279/6279 6287/6287/6287 
f 6246/6246/6246 6287/6287/6287 6279/6279/6279 
f 6279/6279/6279 6234/6234/6234 6246/6246/6246 
f 6284/6284/6284 6280/6280/6280 6288/6288/6288 
f 6288/6288/6288 6289/6289/6289 6284/6284/6284 
f 6286/6286/6286 6284/6284/6284 6289/6289/6289 
f 6289/6289/6289 6290/6290/6290 6286/6286/6286 
f 6291/6291/6291 6292/6292/6292 6293/6293/6293 
f 6293/6293/6293 6294/6294/6294 6291/6291/6291 
f 6292/6292/6292 6256/6256/6256 6225/6225/6225 
f 6225/6225/6225 6293/6293/6293 6292/6292/6292 
f 6292/6292/6292 6291/6291/6291 6295/6295/6295 
f 6295/6295/6295 6296/6296/6296 6292/6292/6292 
f 6256/6256/6256 6292/6292/6292 6296/6296/6296 
f 6296/6296/6296 6258/6258/6258 6256/6256/6256 
f 6297/6297/6297 6291/6291/6291 6294/6294/6294 
f 6294/6294/6294 6298/6298/6298 6297/6297/6297 
f 6299/6299/6299 6297/6297/6297 6298/6298/6298 
f 6298/6298/6298 6300/6300/6300 6299/6299/6299 
f 6291/6291/6291 6297/6297/6297 6301/6301/6301 
f 6301/6301/6301 6295/6295/6295 6291/6291/6291 
f 6297/6297/6297 6299/6299/6299 6302/6302/6302 
f 6302/6302/6302 6301/6301/6301 6297/6297/6297 
f 6295/6295/6295 6273/6273/6273 6272/6272/6272 
f 6272/6272/6272 6296/6296/6296 6295/6295/6295 
f 6217/6217/6217 6258/6258/6258 6296/6296/6296 
f 6296/6296/6296 6272/6272/6272 6217/6217/6217 
f 6273/6273/6273 6295/6295/6295 6301/6301/6301 
f 6301/6301/6301 6275/6275/6275 6273/6273/6273 
f 6275/6275/6275 6301/6301/6301 6302/6302/6302 
f 6302/6302/6302 6277/6277/6277 6275/6275/6275 
f 6303/6303/6303 6288/6288/6288 6287/6287/6287 
f 6287/6287/6287 6304/6304/6304 6303/6303/6303 
f 6246/6246/6246 6210/6210/6210 6304/6304/6304 
f 6304/6304/6304 6287/6287/6287 6246/6246/6246 
f 6288/6288/6288 6303/6303/6303 6305/6305/6305 
f 6305/6305/6305 6289/6289/6289 6288/6288/6288 
f 6289/6289/6289 6305/6305/6305 6306/6306/6306 
f 6306/6306/6306 6290/6290/6290 6289/6289/6289 
f 6307/6307/6307 6303/6303/6303 6304/6304/6304 
f 6304/6304/6304 6308/6308/6308 6307/6307/6307 
f 6210/6210/6210 6209/6209/6209 6308/6308/6308 
f 6308/6308/6308 6304/6304/6304 6210/6210/6210 
f 6303/6303/6303 6307/6307/6307 6309/6309/6309 
f 6309/6309/6309 6305/6305/6305 6303/6303/6303 
f 6305/6305/6305 6309/6309/6309 6310/6310/6310 
f 6310/6310/6310 6306/6306/6306 6305/6305/6305 
f 6311/6311/6311 6312/6312/6312 6294/6294/6294 
f 6294/6294/6294 6293/6293/6293 6311/6311/6311 
f 6226/6226/6226 6311/6311/6311 6293/6293/6293 
f 6293/6293/6293 6225/6225/6225 6226/6226/6226 
f 6298/6298/6298 6294/6294/6294 6312/6312/6312 
f 6312/6312/6312 6313/6313/6313 6298/6298/6298 
f 6300/6300/6300 6298/6298/6298 6313/6313/6313 
f 6313/6313/6313 6314/6314/6314 6300/6300/6300 
f 6315/6315/6315 6307/6307/6307 6308/6308/6308 
f 6308/6308/6308 6316/6316/6316 6315/6315/6315 
f 6209/6209/6209 6238/6238/6238 6316/6316/6316 
f 6316/6316/6316 6308/6308/6308 6209/6209/6209 
f 6307/6307/6307 6315/6315/6315 6317/6317/6317 
f 6317/6317/6317 6309/6309/6309 6307/6307/6307 
f 6309/6309/6309 6317/6317/6317 6318/6318/6318 
f 6318/6318/6318 6310/6310/6310 6309/6309/6309 
f 6319/6319/6319 6320/6320/6320 6312/6312/6312 
f 6312/6312/6312 6311/6311/6311 6319/6319/6319 
f 6242/6242/6242 6319/6319/6319 6311/6311/6311 
f 6311/6311/6311 6226/6226/6226 6242/6242/6242 
f 6313/6313/6313 6312/6312/6312 6320/6320/6320 
f 6320/6320/6320 6321/6321/6321 6313/6313/6313 
f 6314/6314/6314 6313/6313/6313 6321/6321/6321 
f 6321/6321/6321 6322/6322/6322 6314/6314/6314 
f 6323/6323/6323 6315/6315/6315 6316/6316/6316 
f 6316/6316/6316 6324/6324/6324 6323/6323/6323 
f 6238/6238/6238 6250/6250/6250 6324/6324/6324 
f 6324/6324/6324 6316/6316/6316 6238/6238/6238 
f 6315/6315/6315 6323/6323/6323 6325/6325/6325 
f 6325/6325/6325 6317/6317/6317 6315/6315/6315 
f 6317/6317/6317 6325/6325/6325 6326/6326/6326 
f 6326/6326/6326 6318/6318/6318 6317/6317/6317 
f 6266/6266/6266 6265/6265/6265 6320/6320/6320 
f 6320/6320/6320 6319/6319/6319 6266/6266/6266 
f 6201/6201/6201 6266/6266/6266 6319/6319/6319 
f 6319/6319/6319 6242/6242/6242 6201/6201/6201 
f 6321/6321/6321 6320/6320/6320 6265/6265/6265 
f 6265/6265/6265 6267/6267/6267 6321/6321/6321 
f 6322/6322/6322 6321/6321/6321 6267/6267/6267 
f 6267/6267/6267 6269/6269/6269 6322/6322/6322 
f 6327/6327/6327 6323/6323/6323 6324/6324/6324 
f 6324/6324/6324 6328/6328/6328 6327/6327/6327 
f 6250/6250/6250 6262/6262/6262 6328/6328/6328 
f 6328/6328/6328 6324/6324/6324 6250/6250/6250 
f 6323/6323/6323 6327/6327/6327 6329/6329/6329 
f 6329/6329/6329 6325/6325/6325 6323/6323/6323 
f 6325/6325/6325 6329/6329/6329 6330/6330/6330 
f 6330/6330/6330 6326/6326/6326 6325/6325/6325 
f 6331/6331/6331 6332/6332/6332 6333/6333/6333 
f 6333/6333/6333 6334/6334/6334 6331/6331/6331 
f 6310/6310/6310 6318/6318/6318 6334/6334/6334 
f 6334/6334/6334 6333/6333/6333 6310/6310/6310 
f 6332/6332/6332 6331/6331/6331 6335/6335/6335 
f 6335/6335/6335 6336/6336/6336 6332/6332/6332 
f 6336/6336/6336 6335/6335/6335 6337/6337/6337 
f 6337/6337/6337 6338/6338/6338 6336/6336/6336 
f 6339/6339/6339 6340/6340/6340 6341/6341/6341 
f 6341/6341/6341 6342/6342/6342 6339/6339/6339 
f 6322/6322/6322 6339/6339/6339 6342/6342/6342 
f 6342/6342/6342 6314/6314/6314 6322/6322/6322 
f 6343/6343/6343 6341/6341/6341 6340/6340/6340 
f 6340/6340/6340 6344/6344/6344 6343/6343/6343 
f 6345/6345/6345 6343/6343/6343 6344/6344/6344 
f 6344/6344/6344 6346/6346/6346 6345/6345/6345 
f 6347/6347/6347 6331/6331/6331 6334/6334/6334 
f 6334/6334/6334 6348/6348/6348 6347/6347/6347 
f 6318/6318/6318 6326/6326/6326 6348/6348/6348 
f 6348/6348/6348 6334/6334/6334 6318/6318/6318 
f 6331/6331/6331 6347/6347/6347 6349/6349/6349 
f 6349/6349/6349 6335/6335/6335 6331/6331/6331 
f 6335/6335/6335 6349/6349/6349 6350/6350/6350 
f 6350/6350/6350 6337/6337/6337 6335/6335/6335 
f 6351/6351/6351 6352/6352/6352 6340/6340/6340 
f 6340/6340/6340 6339/6339/6339 6351/6351/6351 
f 6269/6269/6269 6351/6351/6351 6339/6339/6339 
f 6339/6339/6339 6322/6322/6322 6269/6269/6269 
f 6344/6344/6344 6340/6340/6340 6352/6352/6352 
f 6352/6352/6352 6353/6353/6353 6344/6344/6344 
f 6346/6346/6346 6344/6344/6344 6353/6353/6353 
f 6353/6353/6353 6354/6354/6354 6346/6346/6346 
f 6355/6355/6355 6347/6347/6347 6348/6348/6348 
f 6348/6348/6348 6356/6356/6356 6355/6355/6355 
f 6326/6326/6326 6330/6330/6330 6356/6356/6356 
f 6356/6356/6356 6348/6348/6348 6326/6326/6326 
f 6347/6347/6347 6355/6355/6355 6357/6357/6357 
f 6357/6357/6357 6349/6349/6349 6347/6347/6347 
f 6349/6349/6349 6357/6357/6357 6358/6358/6358 
f 6358/6358/6358 6350/6350/6350 6349/6349/6349 
f 6359/6359/6359 6360/6360/6360 6352/6352/6352 
f 6352/6352/6352 6351/6351/6351 6359/6359/6359 
f 6270/6270/6270 6359/6359/6359 6351/6351/6351 
f 6351/6351/6351 6269/6269/6269 6270/6270/6270 
f 6353/6353/6353 6352/6352/6352 6360/6360/6360 
f 6360/6360/6360 6361/6361/6361 6353/6353/6353 
f 6354/6354/6354 6353/6353/6353 6361/6361/6361 
f 6361/6361/6361 6362/6362/6362 6354/6354/6354 
f 6363/6363/6363 6364/6364/6364 6365/6365/6365 
f 6365/6365/6365 6366/6366/6366 6363/6363/6363 
f 6278/6278/6278 6277/6277/6277 6364/6364/6364 
f 6364/6364/6364 6363/6363/6363 6278/6278/6278 
f 6366/6366/6366 6365/6365/6365 6367/6367/6367 
f 6367/6367/6367 6368/6368/6368 6366/6366/6366 
f 6368/6368/6368 6367/6367/6367 6369/6369/6369 
f 6369/6369/6369 6370/6370/6370 6368/6368/6368 
f 6371/6371/6371 6372/6372/6372 6373/6373/6373 
f 6373/6373/6373 6374/6374/6374 6371/6371/6371 
f 6286/6286/6286 6371/6371/6371 6374/6374/6374 
f 6374/6374/6374 6285/6285/6285 6286/6286/6286 
f 6375/6375/6375 6373/6373/6373 6372/6372/6372 
f 6372/6372/6372 6376/6376/6376 6375/6375/6375 
f 6377/6377/6377 6375/6375/6375 6376/6376/6376 
f 6376/6376/6376 6378/6378/6378 6377/6377/6377 
f 6379/6379/6379 6380/6380/6380 6372/6372/6372 
f 6372/6372/6372 6371/6371/6371 6379/6379/6379 
f 6290/6290/6290 6379/6379/6379 6371/6371/6371 
f 6371/6371/6371 6286/6286/6286 6290/6290/6290 
f 6376/6376/6376 6372/6372/6372 6380/6380/6380 
f 6380/6380/6380 6381/6381/6381 6376/6376/6376 
f 6378/6378/6378 6376/6376/6376 6381/6381/6381 
f 6381/6381/6381 6382/6382/6382 6378/6378/6378 
f 6383/6383/6383 6384/6384/6384 6385/6385/6385 
f 6385/6385/6385 6386/6386/6386 6383/6383/6383 
f 6384/6384/6384 6299/6299/6299 6300/6300/6300 
f 6300/6300/6300 6385/6385/6385 6384/6384/6384 
f 6384/6384/6384 6383/6383/6383 6387/6387/6387 
f 6387/6387/6387 6388/6388/6388 6384/6384/6384 
f 6299/6299/6299 6384/6384/6384 6388/6388/6388 
f 6388/6388/6388 6302/6302/6302 6299/6299/6299 
f 6389/6389/6389 6383/6383/6383 6386/6386/6386 
f 6386/6386/6386 6390/6390/6390 6389/6389/6389 
f 6391/6391/6391 6389/6389/6389 6390/6390/6390 
f 6390/6390/6390 6392/6392/6392 6391/6391/6391 
f 6383/6383/6383 6389/6389/6389 6393/6393/6393 
f 6393/6393/6393 6387/6387/6387 6383/6383/6383 
f 6389/6389/6389 6391/6391/6391 6394/6394/6394 
f 6394/6394/6394 6393/6393/6393 6389/6389/6389 
f 6387/6387/6387 6365/6365/6365 6364/6364/6364 
f 6364/6364/6364 6388/6388/6388 6387/6387/6387 
f 6277/6277/6277 6302/6302/6302 6388/6388/6388 
f 6388/6388/6388 6364/6364/6364 6277/6277/6277 
f 6365/6365/6365 6387/6387/6387 6393/6393/6393 
f 6393/6393/6393 6367/6367/6367 6365/6365/6365 
f 6367/6367/6367 6393/6393/6393 6394/6394/6394 
f 6394/6394/6394 6369/6369/6369 6367/6367/6367 
f 6395/6395/6395 6380/6380/6380 6379/6379/6379 
f 6379/6379/6379 6396/6396/6396 6395/6395/6395 
f 6290/6290/6290 6306/6306/6306 6396/6396/6396 
f 6396/6396/6396 6379/6379/6379 6290/6290/6290 
f 6380/6380/6380 6395/6395/6395 6397/6397/6397 
f 6397/6397/6397 6381/6381/6381 6380/6380/6380 
f 6381/6381/6381 6397/6397/6397 6398/6398/6398 
f 6398/6398/6398 6382/6382/6382 6381/6381/6381 
f 6332/6332/6332 6395/6395/6395 6396/6396/6396 
f 6396/6396/6396 6333/6333/6333 6332/6332/6332 
f 6306/6306/6306 6310/6310/6310 6333/6333/6333 
f 6333/6333/6333 6396/6396/6396 6306/6306/6306 
f 6395/6395/6395 6332/6332/6332 6336/6336/6336 
f 6336/6336/6336 6397/6397/6397 6395/6395/6395 
f 6397/6397/6397 6336/6336/6336 6338/6338/6338 
f 6338/6338/6338 6398/6398/6398 6397/6397/6397 
f 6342/6342/6342 6341/6341/6341 6386/6386/6386 
f 6386/6386/6386 6385/6385/6385 6342/6342/6342 
f 6314/6314/6314 6342/6342/6342 6385/6385/6385 
f 6385/6385/6385 6300/6300/6300 6314/6314/6314 
f 6390/6390/6390 6386/6386/6386 6341/6341/6341 
f 6341/6341/6341 6343/6343/6343 6390/6390/6390 
f 6392/6392/6392 6390/6390/6390 6343/6343/6343 
f 6343/6343/6343 6345/6345/6345 6392/6392/6392 
f 6399/6399/6399 6400/6400/6400 6401/6401/6401 
f 6401/6401/6401 6402/6402/6402 6399/6399/6399 
f 6369/6369/6369 6394/6394/6394 6402/6402/6402 
f 6402/6402/6402 6401/6401/6401 6369/6369/6369 
f 6399/6399/6399 6402/6402/6402 6403/6403/6403 
f 6403/6403/6403 6404/6404/6404 6399/6399/6399 
f 6402/6402/6402 6394/6394/6394 6391/6391/6391 
f 6391/6391/6391 6403/6403/6403 6402/6402/6402 
f 6405/6405/6405 6406/6406/6406 6400/6400/6400 
f 6400/6400/6400 6399/6399/6399 6405/6405/6405 
f 6407/6407/6407 6408/6408/6408 6406/6406/6406 
f 6406/6406/6406 6405/6405/6405 6407/6407/6407 
f 6405/6405/6405 6399/6399/6399 6404/6404/6404 
f 6404/6404/6404 6409/6409/6409 6405/6405/6405 
f 6407/6407/6407 6405/6405/6405 6409/6409/6409 
f 6409/6409/6409 6410/6410/6410 6407/6407/6407 
f 6411/6411/6411 6412/6412/6412 6413/6413/6413 
f 6413/6413/6413 6414/6414/6414 6411/6411/6411 
f 6382/6382/6382 6398/6398/6398 6414/6414/6414 
f 6414/6414/6414 6413/6413/6413 6382/6382/6382 
f 6412/6412/6412 6411/6411/6411 6415/6415/6415 
f 6415/6415/6415 6416/6416/6416 6412/6412/6412 
f 6416/6416/6416 6415/6415/6415 6417/6417/6417 
f 6417/6417/6417 6418/6418/6418 6416/6416/6416 
f 6419/6419/6419 6411/6411/6411 6414/6414/6414 
f 6414/6414/6414 6420/6420/6420 6419/6419/6419 
f 6398/6398/6398 6338/6338/6338 6420/6420/6420 
f 6420/6420/6420 6414/6414/6414 6398/6398/6398 
f 6411/6411/6411 6419/6419/6419 6421/6421/6421 
f 6421/6421/6421 6415/6415/6415 6411/6411/6411 
f 6415/6415/6415 6421/6421/6421 6422/6422/6422 
f 6422/6422/6422 6417/6417/6417 6415/6415/6415 
f 6423/6423/6423 6424/6424/6424 6425/6425/6425 
f 6425/6425/6425 6426/6426/6426 6423/6423/6423 
f 6345/6345/6345 6423/6423/6423 6426/6426/6426 
f 6426/6426/6426 6392/6392/6392 6345/6345/6345 
f 6427/6427/6427 6425/6425/6425 6424/6424/6424 
f 6424/6424/6424 6428/6428/6428 6427/6427/6427 
f 6429/6429/6429 6427/6427/6427 6428/6428/6428 
f 6428/6428/6428 6430/6430/6430 6429/6429/6429 
f 6431/6431/6431 6419/6419/6419 6420/6420/6420 
f 6420/6420/6420 6432/6432/6432 6431/6431/6431 
f 6338/6338/6338 6337/6337/6337 6432/6432/6432 
f 6432/6432/6432 6420/6420/6420 6338/6338/6338 
f 6419/6419/6419 6431/6431/6431 6433/6433/6433 
f 6433/6433/6433 6421/6421/6421 6419/6419/6419 
f 6421/6421/6421 6433/6433/6433 6434/6434/6434 
f 6434/6434/6434 6422/6422/6422 6421/6421/6421 
f 6435/6435/6435 6436/6436/6436 6424/6424/6424 
f 6424/6424/6424 6423/6423/6423 6435/6435/6435 
f 6346/6346/6346 6435/6435/6435 6423/6423/6423 
f 6423/6423/6423 6345/6345/6345 6346/6346/6346 
f 6428/6428/6428 6424/6424/6424 6436/6436/6436 
f 6436/6436/6436 6437/6437/6437 6428/6428/6428 
f 6430/6430/6430 6428/6428/6428 6437/6437/6437 
f 6437/6437/6437 6438/6438/6438 6430/6430/6430 
f 6439/6439/6439 6431/6431/6431 6432/6432/6432 
f 6432/6432/6432 6440/6440/6440 6439/6439/6439 
f 6337/6337/6337 6350/6350/6350 6440/6440/6440 
f 6440/6440/6440 6432/6432/6432 6337/6337/6337 
f 6431/6431/6431 6439/6439/6439 6441/6441/6441 
f 6441/6441/6441 6433/6433/6433 6431/6431/6431 
f 6433/6433/6433 6441/6441/6441 6442/6442/6442 
f 6442/6442/6442 6434/6434/6434 6433/6433/6433 
f 6443/6443/6443 6444/6444/6444 6436/6436/6436 
f 6436/6436/6436 6435/6435/6435 6443/6443/6443 
f 6354/6354/6354 6443/6443/6443 6435/6435/6435 
f 6435/6435/6435 6346/6346/6346 6354/6354/6354 
f 6437/6437/6437 6436/6436/6436 6444/6444/6444 
f 6444/6444/6444 6445/6445/6445 6437/6437/6437 
f 6438/6438/6438 6437/6437/6437 6445/6445/6445 
f 6445/6445/6445 6446/6446/6446 6438/6438/6438 
f 6447/6447/6447 6439/6439/6439 6440/6440/6440 
f 6440/6440/6440 6448/6448/6448 6447/6447/6447 
f 6350/6350/6350 6358/6358/6358 6448/6448/6448 
f 6448/6448/6448 6440/6440/6440 6350/6350/6350 
f 6439/6439/6439 6447/6447/6447 6449/6449/6449 
f 6449/6449/6449 6441/6441/6441 6439/6439/6439 
f 6441/6441/6441 6449/6449/6449 6450/6450/6450 
f 6450/6450/6450 6442/6442/6442 6441/6441/6441 
f 6451/6451/6451 6452/6452/6452 6444/6444/6444 
f 6444/6444/6444 6443/6443/6443 6451/6451/6451 
f 6362/6362/6362 6451/6451/6451 6443/6443/6443 
f 6443/6443/6443 6354/6354/6354 6362/6362/6362 
f 6445/6445/6445 6444/6444/6444 6452/6452/6452 
f 6452/6452/6452 6453/6453/6453 6445/6445/6445 
f 6446/6446/6446 6445/6445/6445 6453/6453/6453 
f 6453/6453/6453 6454/6454/6454 6446/6446/6446 
f 6455/6455/6455 6401/6401/6401 6400/6400/6400 
f 6400/6400/6400 6456/6456/6456 6455/6455/6455 
f 6370/6370/6370 6369/6369/6369 6401/6401/6401 
f 6401/6401/6401 6455/6455/6455 6370/6370/6370 
f 6456/6456/6456 6400/6400/6400 6406/6406/6406 
f 6406/6406/6406 6457/6457/6457 6456/6456/6456 
f 6457/6457/6457 6406/6406/6406 6408/6408/6408 
f 6408/6408/6408 6458/6458/6458 6457/6457/6457 
f 6459/6459/6459 6460/6460/6460 6461/6461/6461 
f 6461/6461/6461 6462/6462/6462 6459/6459/6459 
f 6378/6378/6378 6459/6459/6459 6462/6462/6462 
f 6462/6462/6462 6377/6377/6377 6378/6378/6378 
f 6463/6463/6463 6461/6461/6461 6460/6460/6460 
f 6460/6460/6460 6464/6464/6464 6463/6463/6463 
f 6465/6465/6465 6463/6463/6463 6464/6464/6464 
f 6464/6464/6464 6466/6466/6466 6465/6465/6465 
f 6413/6413/6413 6412/6412/6412 6460/6460/6460 
f 6460/6460/6460 6459/6459/6459 6413/6413/6413 
f 6382/6382/6382 6413/6413/6413 6459/6459/6459 
f 6459/6459/6459 6378/6378/6378 6382/6382/6382 
f 6460/6460/6460 6412/6412/6412 6416/6416/6416 
f 6416/6416/6416 6464/6464/6464 6460/6460/6460 
f 6464/6464/6464 6416/6416/6416 6418/6418/6418 
f 6418/6418/6418 6466/6466/6466 6464/6464/6464 
f 6404/6404/6404 6403/6403/6403 6426/6426/6426 
f 6426/6426/6426 6425/6425/6425 6404/6404/6404 
f 6403/6403/6403 6391/6391/6391 6392/6392/6392 
f 6392/6392/6392 6426/6426/6426 6403/6403/6403 
f 6409/6409/6409 6404/6404/6404 6425/6425/6425 
f 6425/6425/6425 6427/6427/6427 6409/6409/6409 
f 6410/6410/6410 6409/6409/6409 6427/6427/6427 
f 6427/6427/6427 6429/6429/6429 6410/6410/6410 
f 6467/6467/6467 6468/6468/6468 6469/6469/6469 
f 6469/6469/6469 6470/6470/6470 6467/6467/6467 
f 6458/6458/6458 6408/6408/6408 6468/6468/6468 
f 6468/6468/6468 6467/6467/6467 6458/6458/6458 
f 6470/6470/6470 6469/6469/6469 6471/6471/6471 
f 6471/6471/6471 6472/6472/6472 6470/6470/6470 
f 6472/6472/6472 6471/6471/6471 6473/6473/6473 
f 6473/6473/6473 6474/6474/6474 6472/6472/6472 
f 6475/6475/6475 6476/6476/6476 6477/6477/6477 
f 6477/6477/6477 6478/6478/6478 6475/6475/6475 
f 6466/6466/6466 6475/6475/6475 6478/6478/6478 
f 6478/6478/6478 6465/6465/6465 6466/6466/6466 
f 6479/6479/6479 6477/6477/6477 6476/6476/6476 
f 6476/6476/6476 6480/6480/6480 6479/6479/6479 
f 6481/6481/6481 6482/6482/6482 6483/6483/6483 
f 6483/6483/6483 6484/6484/6484 6481/6481/6481 
f 6485/6485/6485 6486/6486/6486 6476/6476/6476 
f 6476/6476/6476 6475/6475/6475 6485/6485/6485 
f 6418/6418/6418 6485/6485/6485 6475/6475/6475 
f 6475/6475/6475 6466/6466/6466 6418/6418/6418 
f 6480/6480/6480 6476/6476/6476 6486/6486/6486 
f 6486/6486/6486 6487/6487/6487 6480/6480/6480 
f 6484/6484/6484 6483/6483/6483 6488/6488/6488 
f 6488/6488/6488 6489/6489/6489 6484/6484/6484 
f 6490/6490/6490 6491/6491/6491 6492/6492/6492 
f 6492/6492/6492 6493/6493/6493 6490/6490/6490 
f 6491/6491/6491 6410/6410/6410 6429/6429/6429 
f 6429/6429/6429 6492/6492/6492 6491/6491/6491 
f 6490/6490/6490 6494/6494/6494 6495/6495/6495 
f 6495/6495/6495 6491/6491/6491 6490/6490/6490 
f 6410/6410/6410 6491/6491/6491 6495/6495/6495 
f 6495/6495/6495 6407/6407/6407 6410/6410/6410 
f 6496/6496/6496 6490/6490/6490 6493/6493/6493 
f 6493/6493/6493 6497/6497/6497 6496/6496/6496 
f 6498/6498/6498 6496/6496/6496 6497/6497/6497 
f 6497/6497/6497 6499/6499/6499 6498/6498/6498 
f 6496/6496/6496 6500/6500/6500 6494/6494/6494 
f 6494/6494/6494 6490/6490/6490 6496/6496/6496 
f 6498/6498/6498 6501/6501/6501 6500/6500/6500 
f 6500/6500/6500 6496/6496/6496 6498/6498/6498 
f 6494/6494/6494 6469/6469/6469 6468/6468/6468 
f 6468/6468/6468 6495/6495/6495 6494/6494/6494 
f 6408/6408/6408 6407/6407/6407 6495/6495/6495 
f 6495/6495/6495 6468/6468/6468 6408/6408/6408 
f 6469/6469/6469 6494/6494/6494 6500/6500/6500 
f 6500/6500/6500 6471/6471/6471 6469/6469/6469 
f 6471/6471/6471 6500/6500/6500 6501/6501/6501 
f 6501/6501/6501 6473/6473/6473 6471/6471/6471 
f 6502/6502/6502 6486/6486/6486 6485/6485/6485 
f 6485/6485/6485 6503/6503/6503 6502/6502/6502 
f 6418/6418/6418 6417/6417/6417 6503/6503/6503 
f 6503/6503/6503 6485/6485/6485 6418/6418/6418 
f 6486/6486/6486 6502/6502/6502 6504/6504/6504 
f 6504/6504/6504 6487/6487/6487 6486/6486/6486 
f 6488/6488/6488 6505/6505/6505 6506/6506/6506 
f 6506/6506/6506 6489/6489/6489 6488/6488/6488 
f 6507/6507/6507 6502/6502/6502 6503/6503/6503 
f 6503/6503/6503 6508/6508/6508 6507/6507/6507 
f 6417/6417/6417 6422/6422/6422 6508/6508/6508 
f 6508/6508/6508 6503/6503/6503 6417/6417/6417 
f 6502/6502/6502 6507/6507/6507 6509/6509/6509 
f 6509/6509/6509 6504/6504/6504 6502/6502/6502 
f 6505/6505/6505 6510/6510/6510 6511/6511/6511 
f 6511/6511/6511 6506/6506/6506 6505/6505/6505 
f 6512/6512/6512 6513/6513/6513 6493/6493/6493 
f 6493/6493/6493 6492/6492/6492 6512/6512/6512 
f 6430/6430/6430 6512/6512/6512 6492/6492/6492 
f 6492/6492/6492 6429/6429/6429 6430/6430/6430 
f 6497/6497/6497 6493/6493/6493 6513/6513/6513 
f 6513/6513/6513 6514/6514/6514 6497/6497/6497 
f 6499/6499/6499 6497/6497/6497 6514/6514/6514 
f 6514/6514/6514 6515/6515/6515 6499/6499/6499 
f 6516/6516/6516 6507/6507/6507 6508/6508/6508 
f 6508/6508/6508 6517/6517/6517 6516/6516/6516 
f 6422/6422/6422 6434/6434/6434 6517/6517/6517 
f 6517/6517/6517 6508/6508/6508 6422/6422/6422 
f 6507/6507/6507 6516/6516/6516 6518/6518/6518 
f 6518/6518/6518 6509/6509/6509 6507/6507/6507 
f 6510/6510/6510 6519/6519/6519 6520/6520/6520 
f 6520/6520/6520 6511/6511/6511 6510/6510/6510 
f 6521/6521/6521 6522/6522/6522 6513/6513/6513 
f 6513/6513/6513 6512/6512/6512 6521/6521/6521 
f 6438/6438/6438 6521/6521/6521 6512/6512/6512 
f 6512/6512/6512 6430/6430/6430 6438/6438/6438 
f 6514/6514/6514 6513/6513/6513 6522/6522/6522 
f 6522/6522/6522 6523/6523/6523 6514/6514/6514 
f 6515/6515/6515 6514/6514/6514 6523/6523/6523 
f 6523/6523/6523 6524/6524/6524 6515/6515/6515 
f 6525/6525/6525 6516/6516/6516 6517/6517/6517 
f 6517/6517/6517 6526/6526/6526 6525/6525/6525 
f 6434/6434/6434 6442/6442/6442 6526/6526/6526 
f 6526/6526/6526 6517/6517/6517 6434/6434/6434 
f 6516/6516/6516 6525/6525/6525 6527/6527/6527 
f 6527/6527/6527 6518/6518/6518 6516/6516/6516 
f 6519/6519/6519 6528/6528/6528 6529/6529/6529 
f 6529/6529/6529 6520/6520/6520 6519/6519/6519 
f 6530/6530/6530 6531/6531/6531 6522/6522/6522 
f 6522/6522/6522 6521/6521/6521 6530/6530/6530 
f 6446/6446/6446 6530/6530/6530 6521/6521/6521 
f 6521/6521/6521 6438/6438/6438 6446/6446/6446 
f 6523/6523/6523 6522/6522/6522 6531/6531/6531 
f 6531/6531/6531 6532/6532/6532 6523/6523/6523 
f 6524/6524/6524 6523/6523/6523 6532/6532/6532 
f 6532/6532/6532 6533/6533/6533 6524/6524/6524 
f 6534/6534/6534 6525/6525/6525 6526/6526/6526 
f 6526/6526/6526 6535/6535/6535 6534/6534/6534 
f 6442/6442/6442 6450/6450/6450 6535/6535/6535 
f 6535/6535/6535 6526/6526/6526 6442/6442/6442 
f 6525/6525/6525 6534/6534/6534 6536/6536/6536 
f 6536/6536/6536 6527/6527/6527 6525/6525/6525 
f 6528/6528/6528 6537/6537/6537 6538/6538/6538 
f 6538/6538/6538 6529/6529/6529 6528/6528/6528 
f 6539/6539/6539 6540/6540/6540 6531/6531/6531 
f 6531/6531/6531 6530/6530/6530 6539/6539/6539 
f 6454/6454/6454 6539/6539/6539 6530/6530/6530 
f 6530/6530/6530 6446/6446/6446 6454/6454/6454 
f 6532/6532/6532 6531/6531/6531 6540/6540/6540 
f 6540/6540/6540 6541/6541/6541 6532/6532/6532 
f 6533/6533/6533 6532/6532/6532 6541/6541/6541 
f 6541/6541/6541 6542/6542/6542 6533/6533/6533 
f 6543/6543/6543 6544/6544/6544 6545/6545/6545 
f 6545/6545/6545 6546/6546/6546 6543/6543/6543 
f 6547/6547/6547 6543/6543/6543 6546/6546/6546 
f 6546/6546/6546 6548/6548/6548 6547/6547/6547 
f 6549/6549/6549 6545/6545/6545 6544/6544/6544 
f 6544/6544/6544 6550/6550/6550 6549/6549/6549 
f 6551/6551/6551 6549/6549/6549 6550/6550/6550 
f 6550/6550/6550 6552/6552/6552 6551/6551/6551 
f 6553/6553/6553 6554/6554/6554 6555/6555/6555 
f 6555/6555/6555 6556/6556/6556 6553/6553/6553 
f 6520/6520/6520 6529/6529/6529 6556/6556/6556 
f 6556/6556/6556 6555/6555/6555 6520/6520/6520 
f 6554/6554/6554 6553/6553/6553 6557/6557/6557 
f 6557/6557/6557 6558/6558/6558 6554/6554/6554 
f 6558/6558/6558 6557/6557/6557 6559/6559/6559 
f 6559/6559/6559 6560/6560/6560 6558/6558/6558 
f 6561/6561/6561 6562/6562/6562 6544/6544/6544 
f 6544/6544/6544 6543/6543/6543 6561/6561/6561 
f 6563/6563/6563 6561/6561/6561 6543/6543/6543 
f 6543/6543/6543 6547/6547/6547 6563/6563/6563 
f 6550/6550/6550 6544/6544/6544 6562/6562/6562 
f 6562/6562/6562 6564/6564/6564 6550/6550/6550 
f 6552/6552/6552 6550/6550/6550 6564/6564/6564 
f 6564/6564/6564 6565/6565/6565 6552/6552/6552 
f 6566/6566/6566 6553/6553/6553 6556/6556/6556 
f 6556/6556/6556 6567/6567/6567 6566/6566/6566 
f 6529/6529/6529 6538/6538/6538 6567/6567/6567 
f 6567/6567/6567 6556/6556/6556 6529/6529/6529 
f 6553/6553/6553 6566/6566/6566 6568/6568/6568 
f 6568/6568/6568 6557/6557/6557 6553/6553/6553 
f 6557/6557/6557 6568/6568/6568 6569/6569/6569 
f 6569/6569/6569 6559/6559/6559 6557/6557/6557 
f 6570/6570/6570 6571/6571/6571 6562/6562/6562 
f 6562/6562/6562 6561/6561/6561 6570/6570/6570 
f 6572/6572/6572 6570/6570/6570 6561/6561/6561 
f 6561/6561/6561 6563/6563/6563 6572/6572/6572 
f 6564/6564/6564 6562/6562/6562 6571/6571/6571 
f 6571/6571/6571 6573/6573/6573 6564/6564/6564 
f 6565/6565/6565 6564/6564/6564 6573/6573/6573 
f 6573/6573/6573 6574/6574/6574 6565/6565/6565 
f 6575/6575/6575 6576/6576/6576 6577/6577/6577 
f 6577/6577/6577 6578/6578/6578 6575/6575/6575 
f 6579/6579/6579 6580/6580/6580 6576/6576/6576 
f 6576/6576/6576 6575/6575/6575 6579/6579/6579 
f 6578/6578/6578 6577/6577/6577 6581/6581/6581 
f 6581/6581/6581 6582/6582/6582 6578/6578/6578 
f 6582/6582/6582 6581/6581/6581 6583/6583/6583 
f 6583/6583/6583 6584/6584/6584 6582/6582/6582 
f 6585/6585/6585 6586/6586/6586 6587/6587/6587 
f 6587/6587/6587 6588/6588/6588 6585/6585/6585 
f 6484/6484/6484 6585/6585/6585 6588/6588/6588 
f 6588/6588/6588 6481/6481/6481 6484/6484/6484 
f 6589/6589/6589 6587/6587/6587 6586/6586/6586 
f 6586/6586/6586 6590/6590/6590 6589/6589/6589 
f 6591/6591/6591 6589/6589/6589 6590/6590/6590 
f 6590/6590/6590 6592/6592/6592 6591/6591/6591 
f 6593/6593/6593 6594/6594/6594 6586/6586/6586 
f 6586/6586/6586 6585/6585/6585 6593/6593/6593 
f 6489/6489/6489 6593/6593/6593 6585/6585/6585 
f 6585/6585/6585 6484/6484/6484 6489/6489/6489 
f 6590/6590/6590 6586/6586/6586 6594/6594/6594 
f 6594/6594/6594 6595/6595/6595 6590/6590/6590 
f 6592/6592/6592 6590/6590/6590 6595/6595/6595 
f 6595/6595/6595 6596/6596/6596 6592/6592/6592 
f 6597/6597/6597 6598/6598/6598 6599/6599/6599 
f 6599/6599/6599 6600/6600/6600 6597/6597/6597 
f 6601/6601/6601 6602/6602/6602 6598/6598/6598 
f 6598/6598/6598 6597/6597/6597 6601/6601/6601 
f 6600/6600/6600 6603/6603/6603 6604/6604/6604 
f 6604/6604/6604 6597/6597/6597 6600/6600/6600 
f 6605/6605/6605 6601/6601/6601 6597/6597/6597 
f 6597/6597/6597 6604/6604/6604 6605/6605/6605 
f 6600/6600/6600 6599/6599/6599 6606/6606/6606 
f 6606/6606/6606 6607/6607/6607 6600/6600/6600 
f 6607/6607/6607 6606/6606/6606 6608/6608/6608 
f 6608/6608/6608 6609/6609/6609 6607/6607/6607 
f 6607/6607/6607 6610/6610/6610 6603/6603/6603 
f 6603/6603/6603 6600/6600/6600 6607/6607/6607 
f 6609/6609/6609 6611/6611/6611 6610/6610/6610 
f 6610/6610/6610 6607/6607/6607 6609/6609/6609 
f 6603/6603/6603 6577/6577/6577 6576/6576/6576 
f 6576/6576/6576 6604/6604/6604 6603/6603/6603 
f 6580/6580/6580 6605/6605/6605 6604/6604/6604 
f 6604/6604/6604 6576/6576/6576 6580/6580/6580 
f 6577/6577/6577 6603/6603/6603 6610/6610/6610 
f 6610/6610/6610 6581/6581/6581 6577/6577/6577 
f 6581/6581/6581 6610/6610/6610 6611/6611/6611 
f 6611/6611/6611 6583/6583/6583 6581/6581/6581 
f 6612/6612/6612 6613/6613/6613 6594/6594/6594 
f 6594/6594/6594 6593/6593/6593 6612/6612/6612 
f 6506/6506/6506 6612/6612/6612 6593/6593/6593 
f 6593/6593/6593 6489/6489/6489 6506/6506/6506 
f 6595/6595/6595 6594/6594/6594 6613/6613/6613 
f 6613/6613/6613 6614/6614/6614 6595/6595/6595 
f 6596/6596/6596 6595/6595/6595 6614/6614/6614 
f 6614/6614/6614 6615/6615/6615 6596/6596/6596 
f 6616/6616/6616 6613/6613/6613 6612/6612/6612 
f 6612/6612/6612 6617/6617/6617 6616/6616/6616 
f 6506/6506/6506 6511/6511/6511 6617/6617/6617 
f 6617/6617/6617 6612/6612/6612 6506/6506/6506 
f 6613/6613/6613 6616/6616/6616 6618/6618/6618 
f 6618/6618/6618 6614/6614/6614 6613/6613/6613 
f 6614/6614/6614 6618/6618/6618 6619/6619/6619 
f 6619/6619/6619 6615/6615/6615 6614/6614/6614 
f 6546/6546/6546 6545/6545/6545 6599/6599/6599 
f 6599/6599/6599 6598/6598/6598 6546/6546/6546 
f 6548/6548/6548 6546/6546/6546 6598/6598/6598 
f 6598/6598/6598 6602/6602/6602 6548/6548/6548 
f 6606/6606/6606 6599/6599/6599 6545/6545/6545 
f 6545/6545/6545 6549/6549/6549 6606/6606/6606 
f 6608/6608/6608 6606/6606/6606 6549/6549/6549 
f 6549/6549/6549 6551/6551/6551 6608/6608/6608 
f 6554/6554/6554 6616/6616/6616 6617/6617/6617 
f 6617/6617/6617 6555/6555/6555 6554/6554/6554 
f 6511/6511/6511 6520/6520/6520 6555/6555/6555 
f 6555/6555/6555 6617/6617/6617 6511/6511/6511 
f 6616/6616/6616 6554/6554/6554 6558/6558/6558 
f 6558/6558/6558 6618/6618/6618 6616/6616/6616 
f 6618/6618/6618 6558/6558/6558 6560/6560/6560 
f 6560/6560/6560 6619/6619/6619 6618/6618/6618 
f 6620/6620/6620 6621/6621/6621 6622/6622/6622 
f 6622/6622/6622 6623/6623/6623 6620/6620/6620 
f 6615/6615/6615 6623/6623/6623 6622/6622/6622 
f 6622/6622/6622 6596/6596/6596 6615/6615/6615 
f 6621/6621/6621 6620/6620/6620 6624/6624/6624 
f 6624/6624/6624 6625/6625/6625 6621/6621/6621 
f 6626/6626/6626 6625/6625/6625 6624/6624/6624 
f 6624/6624/6624 6627/6627/6627 6626/6626/6626 
f 6628/6628/6628 6620/6620/6620 6623/6623/6623 
f 6623/6623/6623 6629/6629/6629 6628/6628/6628 
f 6615/6615/6615 6619/6619/6619 6629/6629/6629 
f 6629/6629/6629 6623/6623/6623 6615/6615/6615 
f 6620/6620/6620 6628/6628/6628 6630/6630/6630 
f 6630/6630/6630 6624/6624/6624 6620/6620/6620 
f 6624/6624/6624 6630/6630/6630 6631/6631/6631 
f 6631/6631/6631 6627/6627/6627 6624/6624/6624 
f 6632/6632/6632 6633/6633/6633 6634/6634/6634 
f 6634/6634/6634 6635/6635/6635 6632/6632/6632 
f 6551/6551/6551 6632/6632/6632 6635/6635/6635 
f 6635/6635/6635 6608/6608/6608 6551/6551/6551 
f 6636/6636/6636 6634/6634/6634 6633/6633/6633 
f 6633/6633/6633 6637/6637/6637 6636/6636/6636 
f 6638/6638/6638 6636/6636/6636 6637/6637/6637 
f 6637/6637/6637 6639/6639/6639 6638/6638/6638 
f 6640/6640/6640 6628/6628/6628 6629/6629/6629 
f 6629/6629/6629 6641/6641/6641 6640/6640/6640 
f 6619/6619/6619 6560/6560/6560 6641/6641/6641 
f 6641/6641/6641 6629/6629/6629 6619/6619/6619 
f 6628/6628/6628 6640/6640/6640 6642/6642/6642 
f 6642/6642/6642 6630/6630/6630 6628/6628/6628 
f 6630/6630/6630 6642/6642/6642 6643/6643/6643 
f 6643/6643/6643 6631/6631/6631 6630/6630/6630 
f 6644/6644/6644 6645/6645/6645 6633/6633/6633 
f 6633/6633/6633 6632/6632/6632 6644/6644/6644 
f 6552/6552/6552 6644/6644/6644 6632/6632/6632 
f 6632/6632/6632 6551/6551/6551 6552/6552/6552 
f 6637/6637/6637 6633/6633/6633 6645/6645/6645 
f 6645/6645/6645 6646/6646/6646 6637/6637/6637 
f 6639/6639/6639 6637/6637/6637 6646/6646/6646 
f 6646/6646/6646 6647/6647/6647 6639/6639/6639 
f 6648/6648/6648 6640/6640/6640 6641/6641/6641 
f 6641/6641/6641 6649/6649/6649 6648/6648/6648 
f 6560/6560/6560 6559/6559/6559 6649/6649/6649 
f 6649/6649/6649 6641/6641/6641 6560/6560/6560 
f 6640/6640/6640 6648/6648/6648 6650/6650/6650 
f 6650/6650/6650 6642/6642/6642 6640/6640/6640 
f 6642/6642/6642 6650/6650/6650 6651/6651/6651 
f 6651/6651/6651 6643/6643/6643 6642/6642/6642 
f 6652/6652/6652 6653/6653/6653 6645/6645/6645 
f 6645/6645/6645 6644/6644/6644 6652/6652/6652 
f 6565/6565/6565 6652/6652/6652 6644/6644/6644 
f 6644/6644/6644 6552/6552/6552 6565/6565/6565 
f 6646/6646/6646 6645/6645/6645 6653/6653/6653 
f 6653/6653/6653 6654/6654/6654 6646/6646/6646 
f 6647/6647/6647 6646/6646/6646 6654/6654/6654 
f 6654/6654/6654 6655/6655/6655 6647/6647/6647 
f 6656/6656/6656 6648/6648/6648 6649/6649/6649 
f 6649/6649/6649 6657/6657/6657 6656/6656/6656 
f 6559/6559/6559 6569/6569/6569 6657/6657/6657 
f 6657/6657/6657 6649/6649/6649 6559/6559/6559 
f 6648/6648/6648 6656/6656/6656 6658/6658/6658 
f 6658/6658/6658 6650/6650/6650 6648/6648/6648 
f 6650/6650/6650 6658/6658/6658 6659/6659/6659 
f 6659/6659/6659 6651/6651/6651 6650/6650/6650 
f 6660/6660/6660 6661/6661/6661 6653/6653/6653 
f 6653/6653/6653 6652/6652/6652 6660/6660/6660 
f 6574/6574/6574 6660/6660/6660 6652/6652/6652 
f 6652/6652/6652 6565/6565/6565 6574/6574/6574 
f 6654/6654/6654 6653/6653/6653 6661/6661/6661 
f 6661/6661/6661 6662/6662/6662 6654/6654/6654 
f 6655/6655/6655 6654/6654/6654 6662/6662/6662 
f 6662/6662/6662 6663/6663/6663 6655/6655/6655 
f 6664/6664/6664 6665/6665/6665 6666/6666/6666 
f 6666/6666/6666 6667/6667/6667 6664/6664/6664 
f 6584/6584/6584 6583/6583/6583 6665/6665/6665 
f 6665/6665/6665 6664/6664/6664 6584/6584/6584 
f 6667/6667/6667 6666/6666/6666 6668/6668/6668 
f 6668/6668/6668 6669/6669/6669 6667/6667/6667 
f 6669/6669/6669 6668/6668/6668 6670/6670/6670 
f 6670/6670/6670 6671/6671/6671 6669/6669/6669 
f 6672/6672/6672 6673/6673/6673 6674/6674/6674 
f 6674/6674/6674 6675/6675/6675 6672/6672/6672 
f 6592/6592/6592 6672/6672/6672 6675/6675/6675 
f 6675/6675/6675 6591/6591/6591 6592/6592/6592 
f 6676/6676/6676 6674/6674/6674 6673/6673/6673 
f 6673/6673/6673 6677/6677/6677 6676/6676/6676 
f 6678/6678/6678 6676/6676/6676 6677/6677/6677 
f 6677/6677/6677 6679/6679/6679 6678/6678/6678 
f 6622/6622/6622 6621/6621/6621 6673/6673/6673 
f 6673/6673/6673 6672/6672/6672 6622/6622/6622 
f 6596/6596/6596 6622/6622/6622 6672/6672/6672 
f 6672/6672/6672 6592/6592/6592 6596/6596/6596 
f 6677/6677/6677 6673/6673/6673 6621/6621/6621 
f 6621/6621/6621 6625/6625/6625 6677/6677/6677 
f 6679/6679/6679 6677/6677/6677 6625/6625/6625 
f 6625/6625/6625 6626/6626/6626 6679/6679/6679 
f 6680/6680/6680 6635/6635/6635 6634/6634/6634 
f 6634/6634/6634 6681/6681/6681 6680/6680/6680 
f 6635/6635/6635 6680/6680/6680 6609/6609/6609 
f 6609/6609/6609 6608/6608/6608 6635/6635/6635 
f 6681/6681/6681 6682/6682/6682 6683/6683/6683 
f 6683/6683/6683 6680/6680/6680 6681/6681/6681 
f 6611/6611/6611 6609/6609/6609 6680/6680/6680 
f 6680/6680/6680 6683/6683/6683 6611/6611/6611 
f 6681/6681/6681 6634/6634/6634 6636/6636/6636 
f 6636/6636/6636 6684/6684/6684 6681/6681/6681 
f 6684/6684/6684 6636/6636/6636 6638/6638/6638 
f 6638/6638/6638 6685/6685/6685 6684/6684/6684 
f 6684/6684/6684 6686/6686/6686 6682/6682/6682 
f 6682/6682/6682 6681/6681/6681 6684/6684/6684 
f 6685/6685/6685 6687/6687/6687 6686/6686/6686 
f 6686/6686/6686 6684/6684/6684 6685/6685/6685 
f 6682/6682/6682 6666/6666/6666 6665/6665/6665 
f 6665/6665/6665 6683/6683/6683 6682/6682/6682 
f 6583/6583/6583 6611/6611/6611 6683/6683/6683 
f 6683/6683/6683 6665/6665/6665 6583/6583/6583 
f 6666/6666/6666 6682/6682/6682 6686/6686/6686 
f 6686/6686/6686 6668/6668/6668 6666/6666/6666 
f 6668/6668/6668 6686/6686/6686 6687/6687/6687 
f 6687/6687/6687 6670/6670/6670 6668/6668/6668 
f 6688/6688/6688 6689/6689/6689 6690/6690/6690 
f 6690/6690/6690 6691/6691/6691 6688/6688/6688 
f 6671/6671/6671 6670/6670/6670 6689/6689/6689 
f 6689/6689/6689 6688/6688/6688 6671/6671/6671 
f 6691/6691/6691 6690/6690/6690 6692/6692/6692 
f 6692/6692/6692 6693/6693/6693 6691/6691/6691 
f 6693/6693/6693 6692/6692/6692 6694/6694/6694 
f 6694/6694/6694 6695/6695/6695 6693/6693/6693 
f 6696/6696/6696 6697/6697/6697 6698/6698/6698 
f 6698/6698/6698 6699/6699/6699 6696/6696/6696 
f 6679/6679/6679 6696/6696/6696 6699/6699/6699 
f 6699/6699/6699 6678/6678/6678 6679/6679/6679 
f 6700/6700/6700 6698/6698/6698 6697/6697/6697 
f 6697/6697/6697 6701/6701/6701 6700/6700/6700 
f 6702/6702/6702 6700/6700/6700 6701/6701/6701 
f 6701/6701/6701 6703/6703/6703 6702/6702/6702 
f 6704/6704/6704 6705/6705/6705 6697/6697/6697 
f 6697/6697/6697 6696/6696/6696 6704/6704/6704 
f 6626/6626/6626 6704/6704/6704 6696/6696/6696 
f 6696/6696/6696 6679/6679/6679 6626/6626/6626 
f 6701/6701/6701 6697/6697/6697 6705/6705/6705 
f 6705/6705/6705 6706/6706/6706 6701/6701/6701 
f 6703/6703/6703 6701/6701/6701 6706/6706/6706 
f 6706/6706/6706 6707/6707/6707 6703/6703/6703 
f 6708/6708/6708 6709/6709/6709 6710/6710/6710 
f 6710/6710/6710 6711/6711/6711 6708/6708/6708 
f 6685/6685/6685 6638/6638/6638 6709/6709/6709 
f 6709/6709/6709 6708/6708/6708 6685/6685/6685 
f 6711/6711/6711 6712/6712/6712 6713/6713/6713 
f 6713/6713/6713 6708/6708/6708 6711/6711/6711 
f 6687/6687/6687 6685/6685/6685 6708/6708/6708 
f 6708/6708/6708 6713/6713/6713 6687/6687/6687 
f 6711/6711/6711 6710/6710/6710 6714/6714/6714 
f 6714/6714/6714 6715/6715/6715 6711/6711/6711 
f 6716/6716/6716 6715/6715/6715 6714/6714/6714 
f 6714/6714/6714 6717/6717/6717 6716/6716/6716 
f 6715/6715/6715 6718/6718/6718 6712/6712/6712 
f 6712/6712/6712 6711/6711/6711 6715/6715/6715 
f 6716/6716/6716 6719/6719/6719 6718/6718/6718 
f 6718/6718/6718 6715/6715/6715 6716/6716/6716 
f 6712/6712/6712 6690/6690/6690 6689/6689/6689 
f 6689/6689/6689 6713/6713/6713 6712/6712/6712 
f 6670/6670/6670 6687/6687/6687 6713/6713/6713 
f 6713/6713/6713 6689/6689/6689 6670/6670/6670 
f 6690/6690/6690 6712/6712/6712 6718/6718/6718 
f 6718/6718/6718 6692/6692/6692 6690/6690/6690 
f 6692/6692/6692 6718/6718/6718 6719/6719/6719 
f 6719/6719/6719 6694/6694/6694 6692/6692/6692 
f 6720/6720/6720 6721/6721/6721 6705/6705/6705 
f 6705/6705/6705 6704/6704/6704 6720/6720/6720 
f 6627/6627/6627 6720/6720/6720 6704/6704/6704 
f 6704/6704/6704 6626/6626/6626 6627/6627/6627 
f 6706/6706/6706 6705/6705/6705 6721/6721/6721 
f 6721/6721/6721 6722/6722/6722 6706/6706/6706 
f 6706/6706/6706 6722/6722/6722 6723/6723/6723 
f 6723/6723/6723 6707/6707/6707 6706/6706/6706 
f 6724/6724/6724 6721/6721/6721 6720/6720/6720 
f 6720/6720/6720 6725/6725/6725 6724/6724/6724 
f 6627/6627/6627 6631/6631/6631 6725/6725/6725 
f 6725/6725/6725 6720/6720/6720 6627/6627/6627 
f 6721/6721/6721 6724/6724/6724 6726/6726/6726 
f 6726/6726/6726 6722/6722/6722 6721/6721/6721 
f 6722/6722/6722 6726/6726/6726 6727/6727/6727 
f 6727/6727/6727 6723/6723/6723 6722/6722/6722 
f 6728/6728/6728 6729/6729/6729 6710/6710/6710 
f 6710/6710/6710 6709/6709/6709 6728/6728/6728 
f 6639/6639/6639 6728/6728/6728 6709/6709/6709 
f 6709/6709/6709 6638/6638/6638 6639/6639/6639 
f 6714/6714/6714 6710/6710/6710 6729/6729/6729 
f 6729/6729/6729 6730/6730/6730 6714/6714/6714 
f 6717/6717/6717 6714/6714/6714 6730/6730/6730 
f 6730/6730/6730 6731/6731/6731 6717/6717/6717 
f 6732/6732/6732 6724/6724/6724 6725/6725/6725 
f 6725/6725/6725 6733/6733/6733 6732/6732/6732 
f 6631/6631/6631 6643/6643/6643 6733/6733/6733 
f 6733/6733/6733 6725/6725/6725 6631/6631/6631 
f 6724/6724/6724 6732/6732/6732 6734/6734/6734 
f 6734/6734/6734 6726/6726/6726 6724/6724/6724 
f 6726/6726/6726 6734/6734/6734 6735/6735/6735 
f 6735/6735/6735 6727/6727/6727 6726/6726/6726 
f 6736/6736/6736 6737/6737/6737 6729/6729/6729 
f 6729/6729/6729 6728/6728/6728 6736/6736/6736 
f 6647/6647/6647 6736/6736/6736 6728/6728/6728 
f 6728/6728/6728 6639/6639/6639 6647/6647/6647 
f 6730/6730/6730 6729/6729/6729 6737/6737/6737 
f 6737/6737/6737 6738/6738/6738 6730/6730/6730 
f 6731/6731/6731 6730/6730/6730 6738/6738/6738 
f 6738/6738/6738 6739/6739/6739 6731/6731/6731 
f 6740/6740/6740 6732/6732/6732 6733/6733/6733 
f 6733/6733/6733 6741/6741/6741 6740/6740/6740 
f 6643/6643/6643 6651/6651/6651 6741/6741/6741 
f 6741/6741/6741 6733/6733/6733 6643/6643/6643 
f 6732/6732/6732 6740/6740/6740 6742/6742/6742 
f 6742/6742/6742 6734/6734/6734 6732/6732/6732 
f 6734/6734/6734 6742/6742/6742 6743/6743/6743 
f 6743/6743/6743 6735/6735/6735 6734/6734/6734 
f 6744/6744/6744 6745/6745/6745 6737/6737/6737 
f 6737/6737/6737 6736/6736/6736 6744/6744/6744 
f 6655/6655/6655 6744/6744/6744 6736/6736/6736 
f 6736/6736/6736 6647/6647/6647 6655/6655/6655 
f 6738/6738/6738 6737/6737/6737 6745/6745/6745 
f 6745/6745/6745 6746/6746/6746 6738/6738/6738 
f 6739/6739/6739 6738/6738/6738 6746/6746/6746 
f 6746/6746/6746 6747/6747/6747 6739/6739/6739 
f 6748/6748/6748 6740/6740/6740 6741/6741/6741 
f 6741/6741/6741 6749/6749/6749 6748/6748/6748 
f 6651/6651/6651 6659/6659/6659 6749/6749/6749 
f 6749/6749/6749 6741/6741/6741 6651/6651/6651 
f 6740/6740/6740 6748/6748/6748 6750/6750/6750 
f 6750/6750/6750 6742/6742/6742 6740/6740/6740 
f 6742/6742/6742 6750/6750/6750 6751/6751/6751 
f 6751/6751/6751 6743/6743/6743 6742/6742/6742 
f 6752/6752/6752 6753/6753/6753 6745/6745/6745 
f 6745/6745/6745 6744/6744/6744 6752/6752/6752 
f 6663/6663/6663 6752/6752/6752 6744/6744/6744 
f 6744/6744/6744 6655/6655/6655 6663/6663/6663 
f 6746/6746/6746 6745/6745/6745 6753/6753/6753 
f 6753/6753/6753 6754/6754/6754 6746/6746/6746 
f 6747/6747/6747 6746/6746/6746 6754/6754/6754 
f 6754/6754/6754 6755/6755/6755 6747/6747/6747 
f 6756/6756/6756 6757/6757/6757 6758/6758/6758 
f 6758/6758/6758 6759/6759/6759 6756/6756/6756 
f 6739/6739/6739 6756/6756/6756 6759/6759/6759 
f 6759/6759/6759 6731/6731/6731 6739/6739/6739 
f 6760/6760/6760 6758/6758/6758 6757/6757/6757 
f 6757/6757/6757 6761/6761/6761 6760/6760/6760 
f 6762/6762/6762 6760/6760/6760 6761/6761/6761 
f 6761/6761/6761 6763/6763/6763 6762/6762/6762 
f 6764/6764/6764 6765/6765/6765 6766/6766/6766 
f 6766/6766/6766 6767/6767/6767 6764/6764/6764 
f 6735/6735/6735 6743/6743/6743 6767/6767/6767 
f 6767/6767/6767 6766/6766/6766 6735/6735/6735 
f 6765/6765/6765 6764/6764/6764 6768/6768/6768 
f 6768/6768/6768 6769/6769/6769 6765/6765/6765 
f 6769/6769/6769 6768/6768/6768 6770/6770/6770 
f 6770/6770/6770 6771/6771/6771 6769/6769/6769 
f 6772/6772/6772 6773/6773/6773 6757/6757/6757 
f 6757/6757/6757 6756/6756/6756 6772/6772/6772 
f 6747/6747/6747 6772/6772/6772 6756/6756/6756 
f 6756/6756/6756 6739/6739/6739 6747/6747/6747 
f 6761/6761/6761 6757/6757/6757 6773/6773/6773 
f 6773/6773/6773 6774/6774/6774 6761/6761/6761 
f 6763/6763/6763 6761/6761/6761 6774/6774/6774 
f 6774/6774/6774 6775/6775/6775 6763/6763/6763 
f 6776/6776/6776 6764/6764/6764 6767/6767/6767 
f 6767/6767/6767 6777/6777/6777 6776/6776/6776 
f 6743/6743/6743 6751/6751/6751 6777/6777/6777 
f 6777/6777/6777 6767/6767/6767 6743/6743/6743 
f 6764/6764/6764 6776/6776/6776 6778/6778/6778 
f 6778/6778/6778 6768/6768/6768 6764/6764/6764 
f 6768/6768/6768 6778/6778/6778 6779/6779/6779 
f 6779/6779/6779 6770/6770/6770 6768/6768/6768 
f 6780/6780/6780 6781/6781/6781 6773/6773/6773 
f 6773/6773/6773 6772/6772/6772 6780/6780/6780 
f 6755/6755/6755 6780/6780/6780 6772/6772/6772 
f 6772/6772/6772 6747/6747/6747 6755/6755/6755 
f 6774/6774/6774 6773/6773/6773 6781/6781/6781 
f 6781/6781/6781 6782/6782/6782 6774/6774/6774 
f 6775/6775/6775 6774/6774/6774 6782/6782/6782 
f 6782/6782/6782 6783/6783/6783 6775/6775/6775 
f 6784/6784/6784 6785/6785/6785 6786/6786/6786 
f 6786/6786/6786 6787/6787/6787 6784/6784/6784 
f 6695/6695/6695 6694/6694/6694 6785/6785/6785 
f 6785/6785/6785 6784/6784/6784 6695/6695/6695 
f 6787/6787/6787 6786/6786/6786 6788/6788/6788 
f 6788/6788/6788 6789/6789/6789 6787/6787/6787 
f 6789/6789/6789 6788/6788/6788 6790/6790/6790 
f 6790/6790/6790 6791/6791/6791 6789/6789/6789 
f 6792/6792/6792 6793/6793/6793 6794/6794/6794 
f 6794/6794/6794 6795/6795/6795 6792/6792/6792 
f 6703/6703/6703 6792/6792/6792 6795/6795/6795 
f 6795/6795/6795 6702/6702/6702 6703/6703/6703 
f 6796/6796/6796 6794/6794/6794 6793/6793/6793 
f 6793/6793/6793 6797/6797/6797 6796/6796/6796 
f 6798/6798/6798 6796/6796/6796 6797/6797/6797 
f 6797/6797/6797 6799/6799/6799 6798/6798/6798 
f 6800/6800/6800 6793/6793/6793 6792/6792/6792 
f 6792/6792/6792 6801/6801/6801 6800/6800/6800 
f 6707/6707/6707 6801/6801/6801 6792/6792/6792 
f 6792/6792/6792 6703/6703/6703 6707/6707/6707 
f 6793/6793/6793 6800/6800/6800 6802/6802/6802 
f 6802/6802/6802 6797/6797/6797 6793/6793/6793 
f 6797/6797/6797 6802/6802/6802 6803/6803/6803 
f 6803/6803/6803 6799/6799/6799 6797/6797/6797 
f 6804/6804/6804 6805/6805/6805 6806/6806/6806 
f 6806/6806/6806 6807/6807/6807 6804/6804/6804 
f 6805/6805/6805 6716/6716/6716 6717/6717/6717 
f 6717/6717/6717 6806/6806/6806 6805/6805/6805 
f 6804/6804/6804 6808/6808/6808 6809/6809/6809 
f 6809/6809/6809 6805/6805/6805 6804/6804/6804 
f 6719/6719/6719 6716/6716/6716 6805/6805/6805 
f 6805/6805/6805 6809/6809/6809 6719/6719/6719 
f 6810/6810/6810 6804/6804/6804 6807/6807/6807 
f 6807/6807/6807 6811/6811/6811 6810/6810/6810 
f 6812/6812/6812 6810/6810/6810 6811/6811/6811 
f 6811/6811/6811 6813/6813/6813 6812/6812/6812 
f 6810/6810/6810 6814/6814/6814 6808/6808/6808 
f 6808/6808/6808 6804/6804/6804 6810/6810/6810 
f 6812/6812/6812 6815/6815/6815 6814/6814/6814 
f 6814/6814/6814 6810/6810/6810 6812/6812/6812 
f 6808/6808/6808 6786/6786/6786 6785/6785/6785 
f 6785/6785/6785 6809/6809/6809 6808/6808/6808 
f 6694/6694/6694 6719/6719/6719 6809/6809/6809 
f 6809/6809/6809 6785/6785/6785 6694/6694/6694 
f 6786/6786/6786 6808/6808/6808 6814/6814/6814 
f 6814/6814/6814 6788/6788/6788 6786/6786/6786 
f 6788/6788/6788 6814/6814/6814 6815/6815/6815 
f 6815/6815/6815 6790/6790/6790 6788/6788/6788 
f 6816/6816/6816 6800/6800/6800 6801/6801/6801 
f 6801/6801/6801 6817/6817/6817 6816/6816/6816 
f 6707/6707/6707 6723/6723/6723 6817/6817/6817 
f 6817/6817/6817 6801/6801/6801 6707/6707/6707 
f 6800/6800/6800 6816/6816/6816 6818/6818/6818 
f 6818/6818/6818 6802/6802/6802 6800/6800/6800 
f 6802/6802/6802 6818/6818/6818 6819/6819/6819 
f 6819/6819/6819 6803/6803/6803 6802/6802/6802 
f 6820/6820/6820 6816/6816/6816 6817/6817/6817 
f 6817/6817/6817 6821/6821/6821 6820/6820/6820 
f 6723/6723/6723 6727/6727/6727 6821/6821/6821 
f 6821/6821/6821 6817/6817/6817 6723/6723/6723 
f 6816/6816/6816 6820/6820/6820 6822/6822/6822 
f 6822/6822/6822 6818/6818/6818 6816/6816/6816 
f 6818/6818/6818 6822/6822/6822 6823/6823/6823 
f 6823/6823/6823 6819/6819/6819 6818/6818/6818 
f 6759/6759/6759 6758/6758/6758 6807/6807/6807 
f 6807/6807/6807 6806/6806/6806 6759/6759/6759 
f 6731/6731/6731 6759/6759/6759 6806/6806/6806 
f 6806/6806/6806 6717/6717/6717 6731/6731/6731 
f 6811/6811/6811 6807/6807/6807 6758/6758/6758 
f 6758/6758/6758 6760/6760/6760 6811/6811/6811 
f 6813/6813/6813 6811/6811/6811 6760/6760/6760 
f 6760/6760/6760 6762/6762/6762 6813/6813/6813 
f 6765/6765/6765 6820/6820/6820 6821/6821/6821 
f 6821/6821/6821 6766/6766/6766 6765/6765/6765 
f 6727/6727/6727 6735/6735/6735 6766/6766/6766 
f 6766/6766/6766 6821/6821/6821 6727/6727/6727 
f 6820/6820/6820 6765/6765/6765 6769/6769/6769 
f 6769/6769/6769 6822/6822/6822 6820/6820/6820 
f 6822/6822/6822 6769/6769/6769 6771/6771/6771 
f 6771/6771/6771 6823/6823/6823 6822/6822/6822 
f 6824/6824/6824 6825/6825/6825 6826/6826/6826 
f 6826/6826/6826 6827/6827/6827 6824/6824/6824 
f 6828/6828/6828 6829/6829/6829 6827/6827/6827 
f 6827/6827/6827 6826/6826/6826 6828/6828/6828 
f 6827/6827/6827 6830/6830/6830 6831/6831/6831 
f 6831/6831/6831 6824/6824/6824 6827/6827/6827 
f 6829/6829/6829 6832/6832/6832 6830/6830/6830 
f 6830/6830/6830 6827/6827/6827 6829/6829/6829 
f 6824/6824/6824 6833/6833/6833 6825/6825/6825 
f 6833/6833/6833 6824/6824/6824 6831/6831/6831 
f 6833/6833/6833 6831/6831/6831 6834/6834/6834 
f 6834/6834/6834 6835/6835/6835 6836/6836/6836 
f 6836/6836/6836 6837/6837/6837 6838/6838/6838 
f 6834/6834/6834 6836/6836/6836 6838/6838/6838 
f 6833/6833/6833 6834/6834/6834 6838/6838/6838 
f 6833/6833/6833 6838/6838/6838 6825/6825/6825 
f 6825/6825/6825 6838/6838/6838 6839/6839/6839 
f 6839/6839/6839 6826/6826/6826 6825/6825/6825 
f 6840/6840/6840 6828/6828/6828 6826/6826/6826 
f 6826/6826/6826 6839/6839/6839 6840/6840/6840 
f 6838/6838/6838 6841/6841/6841 6842/6842/6842 
f 6842/6842/6842 6839/6839/6839 6838/6838/6838 
f 6843/6843/6843 6840/6840/6840 6839/6839/6839 
f 6839/6839/6839 6842/6842/6842 6843/6843/6843 
f 6841/6841/6841 6838/6838/6838 6837/6837/6837 
f 6841/6841/6841 6844/6844/6844 6845/6845/6845 
f 6845/6845/6845 6842/6842/6842 6841/6841/6841 
f 6846/6846/6846 6843/6843/6843 6842/6842/6842 
f 6842/6842/6842 6845/6845/6845 6846/6846/6846 
f 6844/6844/6844 6841/6841/6841 6837/6837/6837 
f 6844/6844/6844 6847/6847/6847 6848/6848/6848 
f 6848/6848/6848 6845/6845/6845 6844/6844/6844 
f 6849/6849/6849 6846/6846/6846 6845/6845/6845 
f 6845/6845/6845 6848/6848/6848 6849/6849/6849 
f 6847/6847/6847 6844/6844/6844 6837/6837/6837 
f 6847/6847/6847 6850/6850/6850 6851/6851/6851 
f 6851/6851/6851 6848/6848/6848 6847/6847/6847 
f 6852/6852/6852 6849/6849/6849 6848/6848/6848 
f 6848/6848/6848 6851/6851/6851 6852/6852/6852 
f 6850/6850/6850 6847/6847/6847 6837/6837/6837 
f 6850/6850/6850 6853/6853/6853 6854/6854/6854 
f 6854/6854/6854 6851/6851/6851 6850/6850/6850 
f 6855/6855/6855 6852/6852/6852 6851/6851/6851 
f 6851/6851/6851 6854/6854/6854 6855/6855/6855 
f 6853/6853/6853 6850/6850/6850 6837/6837/6837 
f 6853/6853/6853 6856/6856/6856 6857/6857/6857 
f 6857/6857/6857 6854/6854/6854 6853/6853/6853 
f 6858/6858/6858 6855/6855/6855 6854/6854/6854 
f 6854/6854/6854 6857/6857/6857 6858/6858/6858 
f 6856/6856/6856 6853/6853/6853 6837/6837/6837 
f 6857/6857/6857 6856/6856/6856 6859/6859/6859 
f 6859/6859/6859 6860/6860/6860 6857/6857/6857 
f 6858/6858/6858 6857/6857/6857 6860/6860/6860 
f 6860/6860/6860 6861/6861/6861 6858/6858/6858 
f 6859/6859/6859 6856/6856/6856 6837/6837/6837 
f 6860/6860/6860 6859/6859/6859 6862/6862/6862 
f 6862/6862/6862 6863/6863/6863 6860/6860/6860 
f 6861/6861/6861 6860/6860/6860 6863/6863/6863 
f 6863/6863/6863 6864/6864/6864 6861/6861/6861 
f 6862/6862/6862 6859/6859/6859 6837/6837/6837 
f 6863/6863/6863 6862/6862/6862 6865/6865/6865 
f 6865/6865/6865 6866/6866/6866 6863/6863/6863 
f 6864/6864/6864 6863/6863/6863 6866/6866/6866 
f 6866/6866/6866 6867/6867/6867 6864/6864/6864 
f 6865/6865/6865 6862/6862/6862 6837/6837/6837 
f 6866/6866/6866 6865/6865/6865 6836/6836/6836 
f 6836/6836/6836 6868/6868/6868 6866/6866/6866 
f 6867/6867/6867 6866/6866/6866 6868/6868/6868 
f 6868/6868/6868 6869/6869/6869 6867/6867/6867 
f 6836/6836/6836 6865/6865/6865 6837/6837/6837 
f 6868/6868/6868 6836/6836/6836 6835/6835/6835 
f 6835/6835/6835 6870/6870/6870 6868/6868/6868 
f 6869/6869/6869 6868/6868/6868 6870/6870/6870 
f 6870/6870/6870 6871/6871/6871 6869/6869/6869 
f 6831/6831/6831 6830/6830/6830 6870/6870/6870 
f 6870/6870/6870 6835/6835/6835 6831/6831/6831 
f 6830/6830/6830 6832/6832/6832 6871/6871/6871 
f 6871/6871/6871 6870/6870/6870 6830/6830/6830 
f 6834/6834/6834 6831/6831/6831 6835/6835/6835 
f 6872/6872/6872 6873/6873/6873 6874/6874/6874 
f 6875/6875/6875 6876/6876/6876 6877/6877/6877 
f 6875/6875/6875 6878/6878/6878 6876/6876/6876 
f 6872/6872/6872 6879/6879/6879 6880/6880/6880 
f 6872/6872/6872 6881/6881/6881 6879/6879/6879 
f 6872/6872/6872 6882/6882/6882 6881/6881/6881 
f 6875/6875/6875 6883/6883/6883 6884/6884/6884 
f 6875/6875/6875 6885/6885/6885 6883/6883/6883 
f 6875/6875/6875 6886/6886/6886 6885/6885/6885 
f 6872/6872/6872 6887/6887/6887 6888/6888/6888 
f 6875/6875/6875 6889/6889/6889 6890/6890/6890 
f 6872/6872/6872 6891/6891/6891 6892/6892/6892 
f 6872/6872/6872 6893/6893/6893 6891/6891/6891 
f 6875/6875/6875 6894/6894/6894 6895/6895/6895 
f 6872/6872/6872 6896/6896/6896 6897/6897/6897 
f 6875/6875/6875 6898/6898/6898 6899/6899/6899 
f 6872/6872/6872 6900/6900/6900 6901/6901/6901 
f 6872/6872/6872 6902/6902/6902 6900/6900/6900 
f 6875/6875/6875 6903/6903/6903 6904/6904/6904 
f 6872/6872/6872 6905/6905/6905 6906/6906/6906 
f 6875/6875/6875 6907/6907/6907 6908/6908/6908 
f 6875/6875/6875 6909/6909/6909 6907/6907/6907 
f 6875/6875/6875 6910/6910/6910 6909/6909/6909 
f 6872/6872/6872 6874/6874/6874 6911/6911/6911 
f 6912/6912/6912 6913/6913/6913 6914/6914/6914 
f 6912/6912/6912 6915/6915/6915 6913/6913/6913 
f 6915/6915/6915 6916/6916/6916 6913/6913/6913 
f 6915/6915/6915 6917/6917/6917 6916/6916/6916 
f 6917/6917/6917 6918/6918/6918 6916/6916/6916 
f 6917/6917/6917 6919/6919/6919 6918/6918/6918 
f 6919/6919/6919 6920/6920/6920 6918/6918/6918 
f 6919/6919/6919 6921/6921/6921 6920/6920/6920 
f 6921/6921/6921 6922/6922/6922 6920/6920/6920 
f 6921/6921/6921 6923/6923/6923 6922/6922/6922 
f 6923/6923/6923 6924/6924/6924 6922/6922/6922 
f 6923/6923/6923 6925/6925/6925 6924/6924/6924 
f 6926/6926/6926 6927/6927/6927 6928/6928/6928 
f 6926/6926/6926 6929/6929/6929 6927/6927/6927 
f 6929/6929/6929 6930/6930/6930 6927/6927/6927 
f 6929/6929/6929 6931/6931/6931 6930/6930/6930 
f 6931/6931/6931 6932/6932/6932 6930/6930/6930 
f 6931/6931/6931 6933/6933/6933 6932/6932/6932 
f 6933/6933/6933 6934/6934/6934 6932/6932/6932 
f 6933/6933/6933 6935/6935/6935 6934/6934/6934 
f 6935/6935/6935 6936/6936/6936 6934/6934/6934 
f 6935/6935/6935 6937/6937/6937 6936/6936/6936 
f 6937/6937/6937 6938/6938/6938 6936/6936/6936 
f 6937/6937/6937 6939/6939/6939 6938/6938/6938 
f 6939/6939/6939 6940/6940/6940 6938/6938/6938 
f 6939/6939/6939 6941/6941/6941 6940/6940/6940 
f 6941/6941/6941 6942/6942/6942 6940/6940/6940 
f 6941/6941/6941 6943/6943/6943 6942/6942/6942 
f 6943/6943/6943 6944/6944/6944 6942/6942/6942 
f 6943/6943/6943 6945/6945/6945 6944/6944/6944 
f 6945/6945/6945 6946/6946/6946 6944/6944/6944 
f 6945/6945/6945 6947/6947/6947 6946/6946/6946 
f 6947/6947/6947 6948/6948/6948 6946/6946/6946 
f 6947/6947/6947 6949/6949/6949 6948/6948/6948 
f 6949/6949/6949 6950/6950/6950 6948/6948/6948 
f 6949/6949/6949 6951/6951/6951 6950/6950/6950 
f 6952/6952/6952 6953/6953/6953 6954/6954/6954 
f 6952/6952/6952 6955/6955/6955 6953/6953/6953 
f 6955/6955/6955 6956/6956/6956 6953/6953/6953 
f 6955/6955/6955 6957/6957/6957 6956/6956/6956 
f 6957/6957/6957 6958/6958/6958 6956/6956/6956 
f 6957/6957/6957 6959/6959/6959 6958/6958/6958 
f 6959/6959/6959 6960/6960/6960 6958/6958/6958 
f 6959/6959/6959 6961/6961/6961 6960/6960/6960 
f 6961/6961/6961 6962/6962/6962 6960/6960/6960 
f 6961/6961/6961 6963/6963/6963 6962/6962/6962 
f 6963/6963/6963 6914/6914/6914 6962/6962/6962 
f 6963/6963/6963 6912/6912/6912 6914/6914/6914 
f 6914/6914/6914 6964/6964/6964 6965/6965/6965 
f 6914/6914/6914 6913/6913/6913 6964/6964/6964 
f 6913/6913/6913 6966/6966/6966 6964/6964/6964 
f 6913/6913/6913 6916/6916/6916 6966/6966/6966 
f 6916/6916/6916 6967/6967/6967 6966/6966/6966 
f 6916/6916/6916 6918/6918/6918 6967/6967/6967 
f 6918/6918/6918 6968/6968/6968 6967/6967/6967 
f 6918/6918/6918 6920/6920/6920 6968/6968/6968 
f 6920/6920/6920 6969/6969/6969 6968/6968/6968 
f 6920/6920/6920 6922/6922/6922 6969/6969/6969 
f 6922/6922/6922 6970/6970/6970 6969/6969/6969 
f 6922/6922/6922 6924/6924/6924 6970/6970/6970 
f 6928/6928/6928 6971/6971/6971 6972/6972/6972 
f 6928/6928/6928 6927/6927/6927 6971/6971/6971 
f 6927/6927/6927 6973/6973/6973 6971/6971/6971 
f 6927/6927/6927 6930/6930/6930 6973/6973/6973 
f 6930/6930/6930 6974/6974/6974 6973/6973/6973 
f 6930/6930/6930 6932/6932/6932 6974/6974/6974 
f 6932/6932/6932 6975/6975/6975 6974/6974/6974 
f 6932/6932/6932 6934/6934/6934 6975/6975/6975 
f 6934/6934/6934 6976/6976/6976 6975/6975/6975 
f 6934/6934/6934 6936/6936/6936 6976/6976/6976 
f 6936/6936/6936 6977/6977/6977 6976/6976/6976 
f 6936/6936/6936 6938/6938/6938 6977/6977/6977 
f 6938/6938/6938 6978/6978/6978 6977/6977/6977 
f 6938/6938/6938 6940/6940/6940 6978/6978/6978 
f 6940/6940/6940 6979/6979/6979 6978/6978/6978 
f 6940/6940/6940 6942/6942/6942 6979/6979/6979 
f 6942/6942/6942 6980/6980/6980 6979/6979/6979 
f 6942/6942/6942 6944/6944/6944 6980/6980/6980 
f 6944/6944/6944 6981/6981/6981 6980/6980/6980 
f 6944/6944/6944 6946/6946/6946 6981/6981/6981 
f 6946/6946/6946 6982/6982/6982 6981/6981/6981 
f 6946/6946/6946 6948/6948/6948 6982/6982/6982 
f 6948/6948/6948 6983/6983/6983 6982/6982/6982 
f 6948/6948/6948 6950/6950/6950 6983/6983/6983 
f 6954/6954/6954 6984/6984/6984 6985/6985/6985 
f 6954/6954/6954 6953/6953/6953 6984/6984/6984 
f 6953/6953/6953 6986/6986/6986 6984/6984/6984 
f 6953/6953/6953 6956/6956/6956 6986/6986/6986 
f 6956/6956/6956 6987/6987/6987 6986/6986/6986 
f 6956/6956/6956 6958/6958/6958 6987/6987/6987 
f 6958/6958/6958 6988/6988/6988 6987/6987/6987 
f 6958/6958/6958 6960/6960/6960 6988/6988/6988 
f 6960/6960/6960 6989/6989/6989 6988/6988/6988 
f 6960/6960/6960 6962/6962/6962 6989/6989/6989 
f 6962/6962/6962 6965/6965/6965 6989/6989/6989 
f 6962/6962/6962 6914/6914/6914 6965/6965/6965 
f 6965/6965/6965 6990/6990/6990 6991/6991/6991 
f 6965/6965/6965 6964/6964/6964 6990/6990/6990 
f 6964/6964/6964 6992/6992/6992 6990/6990/6990 
f 6964/6964/6964 6966/6966/6966 6992/6992/6992 
f 6966/6966/6966 6993/6993/6993 6992/6992/6992 
f 6966/6966/6966 6967/6967/6967 6993/6993/6993 
f 6967/6967/6967 6994/6994/6994 6993/6993/6993 
f 6967/6967/6967 6968/6968/6968 6994/6994/6994 
f 6968/6968/6968 6995/6995/6995 6994/6994/6994 
f 6968/6968/6968 6969/6969/6969 6995/6995/6995 
f 6969/6969/6969 6996/6996/6996 6995/6995/6995 
f 6969/6969/6969 6970/6970/6970 6996/6996/6996 
f 6972/6972/6972 6997/6997/6997 6998/6998/6998 
f 6972/6972/6972 6971/6971/6971 6997/6997/6997 
f 6971/6971/6971 6999/6999/6999 6997/6997/6997 
f 6971/6971/6971 6973/6973/6973 6999/6999/6999 
f 6973/6973/6973 7000/7000/7000 6999/6999/6999 
f 6973/6973/6973 6974/6974/6974 7000/7000/7000 
f 6974/6974/6974 7001/7001/7001 7000/7000/7000 
f 6974/6974/6974 6975/6975/6975 7001/7001/7001 
f 6975/6975/6975 7002/7002/7002 7001/7001/7001 
f 6975/6975/6975 6976/6976/6976 7002/7002/7002 
f 6976/6976/6976 7003/7003/7003 7002/7002/7002 
f 6976/6976/6976 6977/6977/6977 7003/7003/7003 
f 6977/6977/6977 7004/7004/7004 7003/7003/7003 
f 6977/6977/6977 6978/6978/6978 7004/7004/7004 
f 6978/6978/6978 7005/7005/7005 7004/7004/7004 
f 6978/6978/6978 6979/6979/6979 7005/7005/7005 
f 6979/6979/6979 7006/7006/7006 7005/7005/7005 
f 6979/6979/6979 6980/6980/6980 7006/7006/7006 
f 6980/6980/6980 7007/7007/7007 7006/7006/7006 
f 6980/6980/6980 6981/6981/6981 7007/7007/7007 
f 6981/6981/6981 7008/7008/7008 7007/7007/7007 
f 6981/6981/6981 6982/6982/6982 7008/7008/7008 
f 6982/6982/6982 7009/7009/7009 7008/7008/7008 
f 6982/6982/6982 6983/6983/6983 7009/7009/7009 
f 6985/6985/6985 7010/7010/7010 7011/7011/7011 
f 6985/6985/6985 6984/6984/6984 7010/7010/7010 
f 6984/6984/6984 7012/7012/7012 7010/7010/7010 
f 6984/6984/6984 6986/6986/6986 7012/7012/7012 
f 6986/6986/6986 7013/7013/7013 7012/7012/7012 
f 6986/6986/6986 6987/6987/6987 7013/7013/7013 
f 6987/6987/6987 7014/7014/7014 7013/7013/7013 
f 6987/6987/6987 6988/6988/6988 7014/7014/7014 
f 6988/6988/6988 7015/7015/7015 7014/7014/7014 
f 6988/6988/6988 6989/6989/6989 7015/7015/7015 
f 6989/6989/6989 6991/6991/6991 7015/7015/7015 
f 6989/6989/6989 6965/6965/6965 6991/6991/6991 
f 6991/6991/6991 7016/7016/7016 7017/7017/7017 
f 6991/6991/6991 6990/6990/6990 7016/7016/7016 
f 6990/6990/6990 7018/7018/7018 7016/7016/7016 
f 6990/6990/6990 6992/6992/6992 7018/7018/7018 
f 6992/6992/6992 7019/7019/7019 7018/7018/7018 
f 6992/6992/6992 6993/6993/6993 7019/7019/7019 
f 6993/6993/6993 7020/7020/7020 7019/7019/7019 
f 6993/6993/6993 6994/6994/6994 7020/7020/7020 
f 6994/6994/6994 7021/7021/7021 7020/7020/7020 
f 6994/6994/6994 6995/6995/6995 7021/7021/7021 
f 6995/6995/6995 7022/7022/7022 7021/7021/7021 
f 6995/6995/6995 6996/6996/6996 7022/7022/7022 
f 6998/6998/6998 7023/7023/7023 7024/7024/7024 
f 6998/6998/6998 6997/6997/6997 7023/7023/7023 
f 6997/6997/6997 7025/7025/7025 7023/7023/7023 
f 6997/6997/6997 6999/6999/6999 7025/7025/7025 
f 6999/6999/6999 7026/7026/7026 7025/7025/7025 
f 6999/6999/6999 7000/7000/7000 7026/7026/7026 
f 7000/7000/7000 7027/7027/7027 7026/7026/7026 
f 7000/7000/7000 7001/7001/7001 7027/7027/7027 
f 7001/7001/7001 7028/7028/7028 7027/7027/7027 
f 7001/7001/7001 7002/7002/7002 7028/7028/7028 
f 7002/7002/7002 7029/7029/7029 7028/7028/7028 
f 7002/7002/7002 7003/7003/7003 7029/7029/7029 
f 7003/7003/7003 7030/7030/7030 7029/7029/7029 
f 7003/7003/7003 7004/7004/7004 7030/7030/7030 
f 7004/7004/7004 7031/7031/7031 7030/7030/7030 
f 7004/7004/7004 7005/7005/7005 7031/7031/7031 
f 7005/7005/7005 7032/7032/7032 7031/7031/7031 
f 7005/7005/7005 7006/7006/7006 7032/7032/7032 
f 7006/7006/7006 7033/7033/7033 7032/7032/7032 
f 7006/7006/7006 7007/7007/7007 7033/7033/7033 
f 7007/7007/7007 7034/7034/7034 7033/7033/7033 
f 7007/7007/7007 7008/7008/7008 7034/7034/7034 
f 7008/7008/7008 7035/7035/7035 7034/7034/7034 
f 7008/7008/7008 7009/7009/7009 7035/7035/7035 
f 7011/7011/7011 7036/7036/7036 7037/7037/7037 
f 7011/7011/7011 7010/7010/7010 7036/7036/7036 
f 7010/7010/7010 7038/7038/7038 7036/7036/7036 
f 7010/7010/7010 7012/7012/7012 7038/7038/7038 
f 7012/7012/7012 7039/7039/7039 7038/7038/7038 
f 7012/7012/7012 7013/7013/7013 7039/7039/7039 
f 7013/7013/7013 7040/7040/7040 7039/7039/7039 
f 7013/7013/7013 7014/7014/7014 7040/7040/7040 
f 7014/7014/7014 7041/7041/7041 7040/7040/7040 
f 7014/7014/7014 7015/7015/7015 7041/7041/7041 
f 7015/7015/7015 7017/7017/7017 7041/7041/7041 
f 7015/7015/7015 6991/6991/6991 7017/7017/7017 
f 7042/7042/7042 7043/7043/7043 7044/7044/7044 
f 7017/7017/7017 7016/7016/7016 7045/7045/7045 
f 7046/7046/7046 7047/7047/7047 7043/7043/7043 
f 7016/7016/7016 7018/7018/7018 7048/7048/7048 
f 7049/7049/7049 7050/7050/7050 7047/7047/7047 
f 7018/7018/7018 7019/7019/7019 7051/7051/7051 
f 7052/7052/7052 7053/7053/7053 7050/7050/7050 
f 7019/7019/7019 7020/7020/7020 7054/7054/7054 
f 7055/7055/7055 7056/7056/7056 7053/7053/7053 
f 7020/7020/7020 7021/7021/7021 7057/7057/7057 
f 7058/7058/7058 7059/7059/7059 7056/7056/7056 
f 7021/7021/7021 7022/7022/7022 7060/7060/7060 
f 7024/7024/7024 7061/7061/7061 7059/7059/7059 
f 7024/7024/7024 7023/7023/7023 7061/7061/7061 
f 7023/7023/7023 7062/7062/7062 7061/7061/7061 
f 7023/7023/7023 7025/7025/7025 7062/7062/7062 
f 7025/7025/7025 7063/7063/7063 7062/7062/7062 
f 7025/7025/7025 7026/7026/7026 7063/7063/7063 
f 7026/7026/7026 7064/7064/7064 7063/7063/7063 
f 7026/7026/7026 7027/7027/7027 7064/7064/7064 
f 7027/7027/7027 7065/7065/7065 7064/7064/7064 
f 7027/7027/7027 7028/7028/7028 7065/7065/7065 
f 7028/7028/7028 7066/7066/7066 7065/7065/7065 
f 7028/7028/7028 7029/7029/7029 7066/7066/7066 
f 7029/7029/7029 7067/7067/7067 7066/7066/7066 
f 7029/7029/7029 7030/7030/7030 7067/7067/7067 
f 7030/7030/7030 7068/7068/7068 7067/7067/7067 
f 7030/7030/7030 7031/7031/7031 7068/7068/7068 
f 7031/7031/7031 7069/7069/7069 7068/7068/7068 
f 7031/7031/7031 7032/7032/7032 7069/7069/7069 
f 7032/7032/7032 7070/7070/7070 7069/7069/7069 
f 7032/7032/7032 7033/7033/7033 7070/7070/7070 
f 7033/7033/7033 7071/7071/7071 7070/7070/7070 
f 7033/7033/7033 7034/7034/7034 7071/7071/7071 
f 7034/7034/7034 7072/7072/7072 7071/7071/7071 
f 7034/7034/7034 7035/7035/7035 7072/7072/7072 
f 7035/7035/7035 7073/7073/7073 7072/7072/7072 
f 7037/7037/7037 7036/7036/7036 7074/7074/7074 
f 7075/7075/7075 7076/7076/7076 7073/7073/7073 
f 7036/7036/7036 7038/7038/7038 7077/7077/7077 
f 7078/7078/7078 7079/7079/7079 7076/7076/7076 
f 7038/7038/7038 7039/7039/7039 7080/7080/7080 
f 7081/7081/7081 7082/7082/7082 7079/7079/7079 
f 7039/7039/7039 7040/7040/7040 7083/7083/7083 
f 7084/7084/7084 7085/7085/7085 7082/7082/7082 
f 7040/7040/7040 7041/7041/7041 7086/7086/7086 
f 7087/7087/7087 7044/7044/7044 7085/7085/7085 
f 7041/7041/7041 7017/7017/7017 7088/7088/7088 
f 7089/7089/7089 7089/7089/7089 7089/7089/7089 
f 7089/7089/7089 7089/7089/7089 7089/7089/7089 
f 7089/7089/7089 7089/7089/7089 7089/7089/7089 
f 7089/7089/7089 7089/7089/7089 7089/7089/7089 
f 7089/7089/7089 7089/7089/7089 7089/7089/7089 
f 7089/7089/7089 7089/7089/7089 7089/7089/7089 
f 7089/7089/7089 7089/7089/7089 7089/7089/7089 
f 7089/7089/7089 7089/7089/7089 7089/7089/7089 
f 7089/7089/7089 7089/7089/7089 7089/7089/7089 
f 7089/7089/7089 7089/7089/7089 7089/7089/7089 
f 7089/7089/7089 7089/7089/7089 7089/7089/7089 
f 7089/7089/7089 7089/7089/7089 7089/7089/7089 
f 7089/7089/7089 7089/7089/7089 7089/7089/7089 
f 7089/7089/7089 7089/7089/7089 7089/7089/7089 
f 7089/7089/7089 7089/7089/7089 7089/7089/7089 
f 7089/7089/7089 7089/7089/7089 7089/7089/7089 
f 7089/7089/7089 7089/7089/7089 7089/7089/7089 
f 7089/7089/7089 7089/7089/7089 7089/7089/7089 
f 7089/7089/7089 7089/7089/7089 7089/7089/7089 
f 7089/7089/7089 7089/7089/7089 7089/7089/7089 
f 7089/7089/7089 7089/7089/7089 7089/7089/7089 
f 7089/7089/7089 7089/7089/7089 7089/7089/7089 
f 7089/7089/7089 7089/7089/7089 7089/7089/7089 
f 7089/7089/7089 7089/7089/7089 7089/7089/7089 

g Handle4

v -0.0702002 105.157 -0.576141 
v -0.0561897 105.37 -0.384086 
v -0.28347 105.337 -0.280204 
v -0.399242 105.113 -0.42272 
v -0.404628 105.299 -0.0639872 
v -0.571765 105.064 -0.108712 
v -0.353619 105.271 0.141479 
v -0.539021 105.027 0.260633 
v -0.188649 105.262 0.323435 
v -0.301927 105.016 0.521217 
v 0.0423286 105.034 0.597482 
v 0.0513964 105.276 0.375878 
v 0.379613 105.076 0.441463 
v 0.255235 105.308 0.31744 
v 0.565851 105.126 0.13398 
v 0.382086 105.346 0.103932 
v 0.533346 105.165 -0.22873 
v 0.358038 105.375 -0.145307 
v 0.421984 105.171 -0.379264 
v 0.285982 105.38 -0.256181 
v 0.288975 105.177 -0.502643 
v 0.190048 105.385 -0.332793 
v 0.0730018 105.377 -0.376488 
v 0.112118 105.167 -0.555082 
v -0.0691581 104.945 -0.614953 
v -0.416178 104.908 -0.452717 
v -0.598026 104.867 -0.121406 
v -0.552871 104.829 0.249471 
v -0.302983 104.807 0.524222 
v 0.0599643 104.834 0.604518 
v 0.404889 104.877 0.458524 
v 0.601561 104.919 0.134267 
v 0.567667 104.974 -0.248493 
v 0.448575 104.969 -0.404563 
v 0.309913 104.963 -0.537649 
v 0.121732 104.954 -0.590212 
v -0.0729737 104.862 -0.635035 
v -0.434921 104.807 -0.468553 
v -0.627743 104.783 -0.123845 
v -0.582935 104.757 0.265764 
v -0.320622 104.739 0.555411 
v 0.0614198 104.76 0.638533 
v 0.421995 104.788 0.482785 
v 0.624617 104.814 0.142744 
v 0.587254 104.865 -0.254712 
v 0.463349 104.877 -0.415715 
v 0.319734 104.889 -0.55389 
v 0.12452 104.875 -0.608434 
v -0.0258188 104.87 -0.995708 
v 0.162932 104.92 -1.04975 
v 0.160411 104.907 -1.04052 
v -0.0207853 104.858 -0.993506 
v -0.634602 104.802 -0.129165 
v -0.437213 104.819 -0.477012 
v -0.434921 104.807 -0.468553 
v -0.627743 104.783 -0.123845 
v -0.590969 104.776 0.266887 
v -0.582935 104.757 0.265764 
v -0.324421 104.76 0.562085 
v -0.320622 104.739 0.555411 
v 0.0614198 104.76 0.638533 
v 0.064524 104.778 0.645718 
v 0.421995 104.788 0.482785 
v 0.433721 104.804 0.487936 
v 0.624617 104.814 0.142744 
v 0.632577 104.829 0.143126 
v 0.879206 104.885 -0.474197 
v 0.870804 104.873 -0.472165 
v 0.824072 104.921 -0.663148 
v 0.830634 104.934 -0.66977 
v 0.692769 104.955 -0.812147 
v 0.69784 104.967 -0.818451 
v 0.353649 104.958 -1.00833 
v 0.543139 104.98 -0.94059 
v 0.539724 104.97 -0.934825 
v 0.350644 104.946 -1.00069 
v -0.412177 105.042 -0.457497 
v -0.0643884 105.042 -0.612343 
v -0.0680645 104.889 -0.646392 
v -0.434416 104.83 -0.482077 
v -0.602528 105.042 -0.127799 
v -0.412177 105.042 -0.457497 
v -0.434416 104.83 -0.482077 
v -0.63407 104.82 -0.134477 
v -0.591818 104.793 0.26377 
v -0.567425 105.038 0.270059 
v -0.323878 104.78 0.561244 
v -0.318177 105.042 0.551372 
v 0.0677158 104.793 0.64461 
v 0.0588489 105.043 0.622638 
v 0.441214 104.819 0.486417 
v 0.412177 105.042 0.458041 
v 0.635136 104.843 0.140424 
v 0.602528 105.042 0.128343 
v 0.602528 105.042 0.128343 
v 0.635136 104.843 0.140424 
v 0.594261 104.893 -0.264217 
v 0.562734 105.042 -0.250273 
v 0.469697 104.906 -0.425208 
v 0.445126 105.042 -0.403269 
v 0.123263 105.042 -0.586706 
v 0.307995 105.042 -0.533191 
v 0.3254 104.92 -0.563366 
v 0.129796 104.904 -0.61888 
v -0.0627062 105.215 -0.596339 
v -0.401409 105.215 -0.445537 
v -0.401409 105.215 -0.445537 
v -0.586787 105.215 -0.124453 
v -0.548033 105.215 0.244273 
v -0.299948 105.215 0.519796 
v 0.0627061 105.215 0.596883 
v 0.401409 105.215 0.446082 
v 0.586787 105.215 0.124997 
v 0.586787 105.215 0.124997 
v 0.548033 105.215 -0.243728 
v 0.434845 105.215 -0.39506 
v 0.299948 105.215 -0.519252 
v 0.121298 105.215 -0.573546 
v -0.0540525 105.374 -0.514001 
v -0.346011 105.374 -0.384012 
v -0.346011 105.374 -0.384012 
v -0.505806 105.374 -0.10724 
v -0.468756 105.374 0.204286 
v -0.254907 105.374 0.441785 
v 0.0581775 105.374 0.507401 
v 0.346011 105.374 0.384557 
v 0.505806 105.374 0.107785 
v 0.505806 105.374 0.107785 
v 0.472401 105.374 -0.210054 
v 0.377756 105.374 -0.345565 
v 0.258552 105.374 -0.447554 
v 0.107278 105.374 -0.499065 
v -0.034377 105.487 -0.317756 
v -0.0458499 105.438 -0.433188 
v -0.292173 105.438 -0.323518 
v -0.215717 105.487 -0.237018 
v -0.215717 105.487 -0.237018 
v -0.292173 105.438 -0.323518 
v -0.42699 105.438 -0.0900079 
v -0.314967 105.487 -0.0651116 
v -0.384528 105.438 0.15342 
v -0.2852 105.487 0.116682 
v -0.204107 105.438 0.353796 
v -0.152377 105.487 0.264196 
v 0.0417863 105.487 0.305467 
v 0.0596344 105.438 0.409857 
v 0.214108 105.487 0.24035 
v 0.29168 105.438 0.324916 
v 0.313358 105.487 0.0684434 
v 0.426497 105.438 0.0914062 
v 0.292609 105.487 -0.128971 
v 0.313358 105.487 0.0684434 
v 0.426497 105.438 0.0914062 
v 0.398313 105.438 -0.176751 
v 0.320516 105.438 -0.294637 
v 0.235973 105.487 -0.216858 
v 0.159786 105.487 -0.276486 
v 0.217892 105.438 -0.377128 
v 0.0921744 105.438 -0.423898 
v 0.0678265 105.487 -0.311942 
v -0.0148969 105.438 0.0218825 
v -0.0061597 105.56 -0.0429088 
v -0.0300119 105.561 -0.0327487 
v 2.17187e-05 105.559 0.000216652 
v -0.0438637 105.561 -0.00878854 
v -0.0409756 105.561 0.01869 
v -0.0224878 105.561 0.0392222 
v 0.00453754 105.561 0.044967 
v 0.0297783 105.561 0.0337287 
v 0.0435941 105.561 0.0097951 
v 0.0409733 105.56 -0.0168425 
v 0.021512 105.561 -0.0370176 
v 0.0338319 105.56 -0.0282922 
v 0.00780425 105.56 -0.042321 
v -0.371788 104.811 -0.497563 
v -0.0724338 104.864 -0.637223 
v -0.0729737 104.862 -0.635035 
v -0.434921 104.807 -0.468553 
v -0.371788 104.811 -0.497563 
v -0.37382 104.822 -0.505303 
v -0.37134 104.831 -0.509508 
v -0.0680979 104.887 -0.647254 
v 0.624617 104.814 0.142744 
v 0.587254 104.865 -0.254712 
v 0.589037 104.868 -0.256056 
v 0.618495 104.818 0.0594168 
v 0.627785 104.842 0.0573665 
v 0.595226 104.892 -0.264451 
v 0.625766 104.831 0.0595634 
v 0.618495 104.818 0.0594168 
v 0.463349 104.877 -0.415715 
v 0.464826 104.879 -0.417339 
v 0.470431 104.905 -0.425719 
v 0.125359 104.877 -0.610484 
v 0.320892 104.89 -0.555796 
v 0.319734 104.889 -0.55389 
v 0.12452 104.875 -0.608434 
v 0.130019 104.902 -0.61971 
v 0.325896 104.917 -0.564165 
v -0.312615 104.811 -0.604933 
v 0.0182262 104.864 -0.79425 
v -0.312615 104.811 -0.604933 
v -0.371788 104.811 -0.497563 
v -0.37382 104.822 -0.505303 
v -0.314379 104.822 -0.613167 
v -0.312167 104.831 -0.616878 
v 0.0225646 104.887 -0.804286 
v 0.684847 104.818 -0.0388666 
v 0.679699 104.868 -0.413088 
v 0.694137 104.842 -0.0409174 
v 0.685889 104.892 -0.421483 
v 0.595226 104.892 -0.264451 
v 0.627785 104.842 0.0573665 
v 0.684847 104.818 -0.0388666 
v 0.692423 104.831 -0.0391695 
v 0.625766 104.831 0.0595634 
v 0.618495 104.818 0.0594168 
v 0.547614 104.88 -0.560731 
v 0.553221 104.906 -0.569116 
v 0.208691 104.881 -0.75482 
v 0.411552 104.89 -0.712824 
v 0.213353 104.906 -0.764051 
v 0.416558 104.917 -0.721197 
v -0.120421 104.831 -0.906422 
v -0.227528 104.831 -0.765357 
v 0.0885696 104.887 -0.91861 
v 0.134977 104.902 -0.99899 
v -0.120835 104.811 -0.894456 
v -0.227977 104.811 -0.75341 
v -0.229355 104.822 -0.762324 
v -0.121858 104.822 -0.903823 
v -0.120835 104.811 -0.894456 
v 0.130641 104.872 -0.988959 
v 0.119034 104.864 -0.968854 
v -0.227977 104.811 -0.75341 
v 0.320874 104.903 -0.949126 
v 0.509954 104.927 -0.883262 
v 0.498344 104.905 -0.863153 
v 0.309266 104.887 -0.929021 
v 0.794302 104.879 -0.611585 
v 0.782692 104.868 -0.591476 
v 0.651391 104.889 -0.740479 
v 0.662998 104.907 -0.760584 
v 0.840559 104.818 -0.330648 
v 0.757226 104.818 -0.165412 
v 0.840559 104.818 -0.330648 
v 0.845165 104.831 -0.332267 
v 0.765131 104.831 -0.166293 
v 0.757226 104.818 -0.165412 
v 0.843233 104.842 -0.33303 
v 0.800491 104.91 -0.61998 
v 0.759321 104.892 -0.548672 
v 0.766516 104.842 -0.167462 
v 0.668606 104.936 -0.768969 
v 0.638398 104.915 -0.716648 
v 0.325536 104.929 -0.958357 
v 0.294716 104.912 -0.904975 
v 0.488001 104.917 -0.844939 
v 0.514961 104.943 -0.891635 
v 0.354119 104.967 -1.00786 
v 0.542281 104.988 -0.938955 
v -0.0248688 104.879 -0.997914 
v 0.164747 104.93 -1.05055 
v 0.880263 104.896 -0.474118 
v 0.830261 104.945 -0.671543 
v 0.697171 104.977 -0.818445 
v -0.00766406 105.526 -0.0539421 
v -0.00877066 105.525 -0.0831755 
v -0.056145 105.525 -0.0620827 
v -0.0373577 105.526 -0.0413303 
v -0.0373577 105.526 -0.0413303 
v -0.056145 105.525 -0.0620827 
v -0.0820738 105.525 -0.0171728 
v -0.0546287 105.526 -0.011416 
v -0.0766532 105.525 0.0344005 
v -0.0510174 105.526 0.0229359 
v -0.0419538 105.525 0.0729383 
v -0.027905 105.526 0.0486051 
v 0.00877067 105.525 0.08372 
v 0.00588111 105.526 0.0557868 
v 0.0561448 105.525 0.0626277 
v 0.0374367 105.526 0.041738 
v 0.0820738 105.525 0.0177173 
v 0.0547077 105.526 0.0118237 
v 0.0515471 105.526 -0.0213818 
v 0.0547077 105.526 0.0118237 
v 0.0820738 105.525 0.0177173 
v 0.0766532 105.525 -0.033856 
v 0.0425954 105.526 -0.0355152 
v 0.0628612 105.525 -0.0585556 
v 0.0419537 105.525 -0.0723938 
v 0.0273652 105.526 -0.0469866 
v 0.0188642 105.525 -0.0832754 
v 0.0098027 105.526 -0.0530635 
v -0.00907161 105.541 -0.0650582 
v -0.00766406 105.526 -0.0539421 
v -0.0373577 105.526 -0.0413303 
v -0.044837 105.541 -0.0498458 
v -0.065625 105.541 -0.0138619 
v -0.0546287 105.526 -0.011416 
v -0.0510174 105.526 0.0229359 
v -0.0612845 105.541 0.0274351 
v -0.027905 105.526 0.0486051 
v -0.0334988 105.541 0.0582938 
v 0.00588111 105.526 0.0557868 
v 0.00711849 105.541 0.0669276 
v 0.0374367 105.526 0.041738 
v 0.045053 105.541 0.0500381 
v 0.0547077 105.526 0.0118237 
v 0.065816 105.541 0.0140726 
v 0.0515471 105.526 -0.0213818 
v 0.0619542 105.541 -0.0258995 
v 0.0512063 105.541 -0.0429907 
v 0.0425954 105.526 -0.0355152 
v 0.0329218 105.541 -0.056676 
v 0.0273652 105.526 -0.0469866 
v 0.011921 105.541 -0.0640815 
v 0.0098027 105.526 -0.0530635 
v 0.542281 104.988 -0.938955 
v 0.697171 104.977 -0.818445 
v 0.830261 104.945 -0.671543 
v 0.880263 104.896 -0.474118 
v 0.843233 104.842 -0.33303 
v 0.766516 104.842 -0.167462 
v 0.694137 104.842 -0.0409174 
v 0.627785 104.842 0.0573665 
v 0.627785 104.842 0.0573665 
v -0.37134 104.831 -0.509508 
v -0.37134 104.831 -0.509508 
v -0.312167 104.831 -0.616878 
v -0.227528 104.831 -0.765357 
v -0.120421 104.831 -0.906422 
v -0.0248688 104.879 -0.997914 
v 0.164747 104.93 -1.05055 
v 0.354119 104.967 -1.00786 

vn 0.393701 -0.629921 0.669291 
vn 0.393701 -0.629921 0.669291 
vn 0.393701 -0.629921 0.669291 
vn 0.393701 -0.629921 0.669291 
vn 0.748031 -0.590551 0.314961 
vn 0.748031 -0.590551 0.314961 
vn 0.811024 -0.519685 -0.275591 
vn 0.755906 -0.637795 -0.133858 
vn 0.535433 -0.661417 -0.519685 
vn 0.535433 -0.661417 -0.519685 
vn 0.19685 -0.669291 -0.716535 
vn 0.19685 -0.669291 -0.716535 
vn -0.251969 -0.645669 -0.716535 
vn -0.15748 -0.527559 -0.834646 
vn -0.637795 -0.598425 -0.480315 
vn -0.637795 -0.598425 -0.488189 
vn -0.771654 -0.637795 0 
vn -0.771654 -0.637795 0 
vn -0.606299 -0.677165 0.425197 
vn -0.645669 -0.653543 0.393701 
vn -0.220472 -0.677165 0.700787 
vn -0.220472 -0.677165 0.700787 
vn -0.220472 -0.677165 0.700787 
vn -0.181102 -0.653543 0.732283 
vn 0.433071 -0.15748 0.889764 
vn 0.433071 -0.165354 0.889764 
vn 0.874016 -0.149606 0.464567 
vn 0.992126 -0.0629921 -0.125984 
vn 0.740157 -0.015748 -0.677165 
vn 0.220472 -0.015748 -0.976378 
vn -0.385827 -0.0629921 -0.92126 
vn -0.834646 -0.149606 -0.527559 
vn -0.984252 -0.173228 0.0629921 
vn -0.779528 -0.181102 0.598425 
vn -0.267717 -0.181102 0.944882 
vn -0.259843 -0.165354 0.952756 
vn 0.433071 -0.228346 0.874016 
vn 0.433071 -0.220472 0.874016 
vn 0.84252 -0.307087 0.448819 
vn 0.905512 -0.409449 -0.133858 
vn 0.645669 -0.448819 -0.614173 
vn 0.212598 -0.456693 -0.866142 
vn -0.338583 -0.393701 -0.850394 
vn -0.811024 -0.291339 -0.503937 
vn -0.976378 -0.212598 0.0629921 
vn -0.787402 -0.173228 0.590551 
vn -0.251969 -0.244094 0.937008 
vn -0.244094 -0.228346 0.944882 
vn -0.0866142 -0.566929 -0.818898 
vn -0.0866142 -0.566929 -0.818898 
vn -0.0866142 -0.566929 -0.818898 
vn -0.181102 -0.23622 -0.952756 
vn -0.755906 -0.472441 -0.448819 
vn -0.755906 -0.472441 -0.448819 
vn 0.433071 -0.220472 0.874016 
vn 0.84252 -0.307087 0.448819 
vn -0.944882 -0.307087 0.0866142 
vn 0.905512 -0.409449 -0.133858 
vn -0.708661 -0.338583 0.622047 
vn 0.645669 -0.448819 -0.614173 
vn 0.212598 -0.456693 -0.866142 
vn -0.181102 -0.346457 0.92126 
vn -0.338583 -0.393701 -0.850394 
vn 0.370079 -0.519685 0.771654 
vn -0.811024 -0.291339 -0.503937 
vn 0.795276 -0.425197 0.433071 
vn 0.755906 -0.559055 -0.322835 
vn 0.755906 -0.559055 -0.322835 
vn 0.755906 -0.559055 -0.322835 
vn 0.771654 -0.543307 -0.330709 
vn 0.543307 -0.574803 -0.614173 
vn 0.543307 -0.566929 -0.614173 
vn 0.338583 -0.559055 -0.755906 
vn 0.338583 -0.559055 -0.755906 
vn 0.338583 -0.559055 -0.755906 
vn 0.330709 -0.582677 -0.740157 
vn -0.401575 0.204724 -0.889764 
vn -0.401575 0.204724 -0.889764 
vn -0.401575 0.204724 -0.889764 
vn -0.425197 0.149606 -0.889764 
vn -0.858268 0.149606 -0.496063 
vn -0.401575 0.204724 -0.889764 
vn -0.425197 0.149606 -0.889764 
vn -0.858268 0.133858 -0.488189 
vn -0.984252 0.133858 0.110236 
vn -0.992126 0.0944882 0.0866142 
vn -0.740157 0.0551181 0.669291 
vn -0.748031 0.0393701 0.661417 
vn -0.212598 0.0393701 0.976378 
vn -0.188976 0.0787402 0.976378 
vn 0.385827 0.0944882 0.92126 
vn 0.417323 0.165354 0.889764 
vn 0.850394 0.173228 0.488189 
vn 0.850394 0.173228 0.496063 
vn 0.850394 0.173228 0.496063 
vn 0.850394 0.173228 0.488189 
vn 0.984252 0.15748 -0.0787402 
vn 0.968504 0.212598 -0.102362 
vn 0.779528 0.220472 -0.582677 
vn 0.771654 0.23622 -0.590551 
vn 0.267717 0.267717 -0.929134 
vn 0.267717 0.267717 -0.929134 
vn 0.267717 0.267717 -0.929134 
vn 0.251969 0.228346 -0.937008 
vn -0.401575 0.0866142 -0.913386 
vn -0.401575 0.0866142 -0.913386 
vn -0.401575 0.0866142 -0.913386 
vn -0.866142 0.0866142 -0.496063 
vn -0.992126 0.0866142 0.102362 
vn -0.732283 0.173228 0.661417 
vn -0.204724 0.149606 0.968504 
vn 0.401575 0.0866142 0.913386 
vn 0.866142 0.0866142 0.496063 
vn 0.866142 0.0866142 0.496063 
vn 0.992126 0.0866142 -0.102362 
vn 0.795276 0.0787402 -0.598425 
vn 0.275591 0.0866142 -0.952756 
vn 0.291339 0.0787402 -0.952756 
vn -0.362205 0.440945 -0.818898 
vn -0.362205 0.440945 -0.818898 
vn -0.362205 0.440945 -0.818898 
vn -0.779528 0.440945 -0.448819 
vn -0.889764 0.440945 0.102362 
vn -0.653543 0.472441 0.590551 
vn -0.181102 0.480315 0.858268 
vn 0.354331 0.440945 0.826772 
vn 0.779528 0.440945 0.448819 
vn 0.779528 0.440945 0.448819 
vn 0.889764 0.440945 -0.0944882 
vn 0.740157 0.425197 -0.519685 
vn 0.259843 0.448819 -0.850394 
vn 0.291339 0.425197 -0.858268 
vn -0.165354 0.913386 -0.370079 
vn -0.165354 0.913386 -0.370079 
vn -0.165354 0.913386 -0.370079 
vn -0.165354 0.913386 -0.370079 
vn -0.165354 0.913386 -0.370079 
vn -0.165354 0.913386 -0.370079 
vn -0.354331 0.913386 -0.204724 
vn -0.354331 0.913386 -0.204724 
vn -0.409449 0.905512 0.0708661 
vn -0.417323 0.905512 0.0708661 
vn -0.330709 0.897638 0.299213 
vn -0.330709 0.897638 0.299213 
vn -0.0944882 0.897638 0.433071 
vn -0.0944882 0.897638 0.433071 
vn 0.149606 0.905512 0.401575 
vn 0.141732 0.905512 0.393701 
vn 0.354331 0.913386 0.204724 
vn 0.354331 0.913386 0.204724 
vn 0.401575 0.913386 -0.0393701 
vn 0.354331 0.913386 0.204724 
vn 0.354331 0.913386 0.204724 
vn 0.401575 0.913386 -0.0393701 
vn 0.330709 0.92126 -0.212598 
vn 0.330709 0.92126 -0.212598 
vn 0.133858 0.92126 -0.370079 
vn 0.133858 0.92126 -0.370079 
vn 0.133858 0.92126 -0.370079 
vn 0.141732 0.92126 -0.370079 
vn 0.204724 -0.968504 0.141732 
vn 0.015748 1 0.0314961 
vn 0.015748 1 0.0314961 
vn 0.015748 1 0.0314961 
vn 0.0314961 1 0.015748 
vn 0.0314961 1 0 
vn 0.023622 1 -0.023622 
vn 0.00787402 1 -0.0314961 
vn -0.015748 1 -0.0314961 
vn -0.0314961 1 -0.015748 
vn -0.0314961 1 0 
vn -0.023622 1 0.023622 
vn 0.0393701 1 -0.0314961 
vn 0.00787402 1 -0.0551181 
vn -0.188976 -0.716535 -0.677165 
vn -0.188976 -0.716535 -0.677165 
vn 0.433071 -0.228346 0.874016 
vn 0.433071 -0.220472 0.874016 
vn -0.188976 -0.716535 -0.677165 
vn -0.307087 -0.606299 -0.732283 
vn -0.393701 -0.0866142 -0.913386 
vn -0.433071 0.535433 -0.724409 
vn -0.811024 -0.291339 -0.503937 
vn -0.976378 -0.212598 0.0629921 
vn 0.755906 -0.629921 -0.15748 
vn -0.976378 -0.188976 0.0629921 
vn 0.629921 0.771654 0.0551181 
vn 0.629921 0.771654 0.0551181 
vn 0.88189 -0.456693 -0.0787402 
vn -0.976378 -0.188976 0.0629921 
vn -0.787402 -0.173228 0.590551 
vn 0.480315 -0.771654 -0.425197 
vn 0.708661 0.488189 -0.503937 
vn 0.181102 -0.889764 -0.417323 
vn 0.181102 -0.889764 -0.417323 
vn -0.251969 -0.244094 0.937008 
vn -0.244094 -0.228346 0.944882 
vn 0.212598 0.433071 -0.874016 
vn 0.228346 0.346457 -0.905512 
vn 0.228346 -0.96063 0.133858 
vn 0.228346 -0.96063 0.133858 
vn 0.228346 -0.96063 0.133858 
vn -0.188976 -0.716535 -0.677165 
vn -0.307087 -0.606299 -0.732283 
vn -0.771654 -0.464567 -0.425197 
vn -0.23622 0.96063 -0.133858 
vn -0.23622 0.96063 -0.141732 
vn -0.19685 -0.968504 -0.133858 
vn -0.220472 -0.968504 -0.125984 
vn 0.212598 0.968504 0.125984 
vn 0.212598 0.968504 0.125984 
vn 0.629921 0.771654 0.0551181 
vn 0.629921 0.771654 0.0551181 
vn -0.19685 -0.968504 -0.133858 
vn 0.740157 -0.440945 0.503937 
vn 0.88189 -0.456693 -0.0787402 
vn -0.976378 -0.188976 0.0629921 
vn -0.0472441 -1 -0.0393701 
vn 0.0551181 1 0.0393701 
vn 0.0393701 -1 0.023622 
vn 0.0393701 -1 0.023622 
vn -0.0787402 1 -0.00787402 
vn -0.0472441 1 -0.023622 
vn -0.267717 0.944882 -0.204724 
vn -0.267717 0.944882 -0.204724 
vn -0.267717 0.944882 -0.204724 
vn -0.259843 0.968504 0.023622 
vn -0.677165 -0.527559 -0.511811 
vn -0.677165 -0.527559 -0.511811 
vn -0.677165 -0.527559 -0.511811 
vn -0.677165 -0.527559 -0.511811 
vn -0.677165 -0.527559 -0.511811 
vn 0.110236 -0.944882 -0.307087 
vn 0.110236 -0.944882 -0.307087 
vn -0.677165 -0.527559 -0.511811 
vn 0.307087 -0.724409 -0.622047 
vn 0.307087 -0.724409 -0.622047 
vn 0.307087 -0.724409 -0.622047 
vn 0.251969 -0.826772 -0.496063 
vn 0.259843 -0.897638 -0.354331 
vn 0.259843 -0.897638 -0.354331 
vn 0.259843 -0.897638 -0.354331 
vn 0.370079 -0.795276 -0.472441 
vn -0.251969 -0.96063 -0.125984 
vn -0.251969 -0.96063 -0.125984 
vn -0.251969 -0.96063 -0.125984 
vn 0.866142 -0.267717 0.417323 
vn 0.866142 -0.267717 0.417323 
vn -0.251969 -0.96063 -0.125984 
vn -0.015748 0.968504 0.23622 
vn -0.015748 0.968504 0.23622 
vn -0.015748 0.968504 0.23622 
vn 0.259843 0.96063 0.11811 
vn -0.149606 0.944882 0.299213 
vn -0.149606 0.944882 0.299213 
vn -0.102362 0.96063 0.244094 
vn -0.102362 0.96063 0.244094 
vn -0.102362 0.96063 0.244094 
vn -0.19685 0.905512 0.377953 
vn -0.23622 0.834646 0.503937 
vn -0.291339 0.771654 0.566929 
vn -0.125984 0.929134 0.354331 
vn -0.125984 0.897638 0.425197 
vn -0.433071 0.84252 0.314961 
vn -0.433071 0.84252 0.314961 
vn -0.330709 0.818898 0.472441 
vn -0.015748 1 -0.0314961 
vn -0.015748 1 -0.0314961 
vn -0.015748 1 -0.0314961 
vn -0.015748 1 -0.0393701 
vn -0.015748 1 -0.0393701 
vn -0.015748 1 -0.0314961 
vn -0.0314961 1 -0.023622 
vn -0.0314961 1 -0.023622 
vn -0.0393701 1 0.00787402 
vn -0.0393701 1 0.00787402 
vn -0.0314961 1 0.023622 
vn -0.0314961 1 0.023622 
vn -0.00787402 1 0.0393701 
vn -0.00787402 1 0.0393701 
vn 0.015748 1 0.0393701 
vn 0.015748 1 0.0393701 
vn 0.0314961 1 0.023622 
vn 0.0314961 1 0.023622 
vn 0.0393701 1 -0.00787402 
vn 0.0314961 1 0.023622 
vn 0.0314961 1 0.023622 
vn 0.0393701 1 0 
vn 0.023622 1 -0.023622 
vn 0.023622 1 -0.015748 
vn 0.015748 1 -0.023622 
vn 0.015748 1 -0.023622 
vn 0.015748 1 -0.023622 
vn 0.00787402 1 -0.023622 
vn -0.322835 -0.566929 -0.755906 
vn -0.015748 1 -0.0314961 
vn -0.015748 1 -0.0393701 
vn -0.322835 -0.566929 -0.755906 
vn -0.716535 -0.566929 -0.409449 
vn -0.0314961 1 -0.023622 
vn -0.0393701 1 0.00787402 
vn -0.818898 -0.566929 0.0866142 
vn -0.0314961 1 0.023622 
vn -0.614173 -0.566929 0.551181 
vn -0.00787402 1 0.0393701 
vn -0.173228 -0.566929 0.811024 
vn 0.015748 1 0.0393701 
vn 0.338583 -0.566929 0.755906 
vn 0.0314961 1 0.023622 
vn 0.716535 -0.566929 0.409449 
vn 0.0393701 1 -0.00787402 
vn 0.818898 -0.566929 -0.0787402 
vn 0.692913 -0.582677 -0.425197 
vn 0.023622 1 -0.023622 
vn 0.488189 -0.582677 -0.653543 
vn 0.015748 1 -0.023622 
vn 0.267717 -0.574803 -0.771654 
vn 0.00787402 1 -0.023622 
vn -0.291339 0.771654 0.566929 
vn -0.330709 0.818898 0.472441 
vn -0.433071 0.84252 0.314961 
vn -0.433071 0.84252 0.314961 
vn -0.015748 0.968504 0.23622 
vn 0.259843 0.96063 0.11811 
vn 0.212598 0.968504 0.125984 
vn 0.629921 0.771654 0.0551181 
vn 0.629921 0.771654 0.0551181 
vn -0.393701 -0.0866142 -0.913386 
vn -0.393701 -0.0866142 -0.913386 
vn -0.23622 0.96063 -0.133858 
vn -0.267717 0.944882 -0.204724 
vn -0.267717 0.944882 -0.204724 
vn -0.125984 0.929134 0.354331 
vn -0.125984 0.897638 0.425197 
vn -0.23622 0.834646 0.503937 

vt 0.907413 0.705362 
vt 0.90332 0.703078 
vt 0.903139 0.696559 
vt 0.907162 0.69374 
vt 0.901044 0.69129 
vt 0.903648 0.684141 
vt 0.898055 0.690082 
vt 0.897489 0.680051 
vt 0.894661 0.692475 
vt 0.89156 0.68391 
vt 0.888014 0.693947 
vt 0.892724 0.6984 
vt 0.88837 0.706648 
vt 0.892775 0.704358 
vt 0.892336 0.715926 
vt 0.895039 0.70936 
vt 0.898202 0.718995 
vt 0.898297 0.710909 
vt 0.901272 0.717719 
vt 0.900023 0.710217 
vt 0.903986 0.715089 
vt 0.901456 0.708581 
vt 0.902585 0.706173 
vt 0.906013 0.710531 
vt 0.911451 0.706939 
vt 0.910968 0.690864 
vt 0.906021 0.67759 
vt 0.897731 0.671635 
vt 0.888924 0.676354 
vt 0.88376 0.691203 
vt 0.884123 0.70877 
vt 0.889522 0.72236 
vt 0.897999 0.726668 
vt 0.902622 0.72569 
vt 0.906755 0.721696 
vt 0.909819 0.714953 
vt 0.913484 0.707266 
vt 0.9132 0.688763 
vt 0.907146 0.673898 
vt 0.89763 0.667703 
vt 0.887754 0.6732 
vt 0.881787 0.689684 
vt 0.881787 0.709729 
vt 0.887661 0.726239 
vt 0.897635 0.732026 
vt 0.903341 0.730319 
vt 0.907994 0.724587 
vt 0.91166 0.716842 
vt 0.970556 0.571896 
vt 0.964897 0.572561 
vt 0.965091 0.571329 
vt 0.970762 0.570213 
vt 0.886195 0.608126 
vt 0.885887 0.632428 
vt 0.884218 0.630798 
vt 0.884695 0.607019 
vt 0.887949 0.585635 
vt 0.886575 0.584229 
vt 0.89272 0.565404 
vt 0.891498 0.563627 
vt 0.899502 0.548298 
vt 0.900557 0.550298 
vt 0.908372 0.538121 
vt 0.909485 0.540111 
vt 0.917907 0.527256 
vt 0.91894 0.529605 
vt 0.941581 0.57332 
vt 0.941115 0.571721 
vt 0.946367 0.572818 
vt 0.946546 0.574017 
vt 0.950998 0.572723 
vt 0.951076 0.573884 
vt 0.960091 0.57313 
vt 0.955469 0.574019 
vt 0.955466 0.572903 
vt 0.960154 0.571884 
vt 0.987422 0.668142 
vt 0.970077 0.647148 
vt 0.974296 0.630981 
vt 0.993493 0.649476 
vt 0.894109 0.610476 
vt 0.894894 0.633605 
vt 0.887312 0.634383 
vt 0.887674 0.609499 
vt 0.889249 0.587146 
vt 0.895604 0.590432 
vt 0.893912 0.567154 
vt 0.89949 0.574556 
vt 0.901686 0.552252 
vt 0.905597 0.561582 
vt 0.910731 0.541943 
vt 0.913573 0.551392 
vt 0.920011 0.531566 
vt 0.923265 0.542235 
vt 0.906597 0.659711 
vt 0.900731 0.63919 
vt 0.924574 0.624433 
vt 0.927161 0.641606 
vt 0.937009 0.622614 
vt 0.937976 0.637955 
vt 0.959462 0.640482 
vt 0.948688 0.636899 
vt 0.949112 0.622542 
vt 0.961334 0.624993 
vt 0.96608 0.663687 
vt 0.982274 0.683883 
vt 0.900993 0.631638 
vt 0.898841 0.610498 
vt 0.899607 0.593432 
vt 0.902861 0.578979 
vt 0.908267 0.567466 
vt 0.915534 0.558846 
vt 0.925443 0.552098 
vt 0.911573 0.677805 
vt 0.929837 0.659325 
vt 0.939115 0.65553 
vt 0.948151 0.654862 
vt 0.957251 0.6577 
vt 0.96224 0.678797 
vt 0.9754 0.698664 
vt 0.906659 0.62654 
vt 0.903367 0.609746 
vt 0.903574 0.595554 
vt 0.906157 0.583229 
vt 0.910801 0.573494 
vt 0.917146 0.566747 
vt 0.926375 0.563715 
vt 0.918337 0.693833 
vt 0.93264 0.675657 
vt 0.940343 0.671959 
vt 0.94767 0.671178 
vt 0.955015 0.673687 
vt 0.956806 0.698077 
vt 0.959904 0.687333 
vt 0.970743 0.705588 
vt 0.964519 0.713076 
vt 0.912218 0.616824 
vt 0.909315 0.622566 
vt 0.905912 0.608715 
vt 0.909056 0.606866 
vt 0.906121 0.597035 
vt 0.908942 0.597511 
vt 0.908382 0.585916 
vt 0.910665 0.58864 
vt 0.914111 0.581849 
vt 0.912613 0.577229 
vt 0.918591 0.577891 
vt 0.917895 0.571579 
vt 0.924937 0.578588 
vt 0.926021 0.570365 
vt 0.937082 0.696121 
vt 0.928644 0.70959 
vt 0.922766 0.701343 
vt 0.934503 0.6848 
vt 0.941121 0.681069 
vt 0.942186 0.692847 
vt 0.947071 0.692335 
vt 0.947383 0.680461 
vt 0.953683 0.682544 
vt 0.95198 0.693933 
vt 0.898038 0.700516 
vt 0.891217 0.527728 
vt 0.891035 0.526704 
vt 0.891997 0.526664 
vt 0.891206 0.525612 
vt 0.89167 0.524917 
vt 0.892256 0.524873 
vt 0.892745 0.525495 
vt 0.892957 0.526552 
vt 0.892813 0.527657 
vt 0.892372 0.528392 
vt 0.891741 0.52843 
vt 0.892077 0.528534 
vt 0.89144 0.528153 
vt 0.983908 0.532509 
vt 0.972736 0.542303 
vt 0.972893 0.53963 
vt 0.984689 0.529415 
vt 0.881705 0.649029 
vt 0.883402 0.65045 
vt 0.988286 0.639765 
vt 0.973204 0.625702 
vt 0.927001 0.5396 
vt 0.937228 0.544599 
vt 0.93729 0.547299 
vt 0.928305 0.542157 
vt 0.911629 0.629184 
vt 0.924055 0.621287 
vt 0.925532 0.519516 
vt 0.924641 0.517248 
vt 0.946174 0.543248 
vt 0.946337 0.545456 
vt 0.938847 0.619435 
vt 0.963597 0.542895 
vt 0.954893 0.545748 
vt 0.954841 0.543651 
vt 0.963682 0.540577 
vt 0.960974 0.621771 
vt 0.950051 0.619628 
vt 0.982016 0.539889 
vt 0.969338 0.555332 
vt 0.988871 0.598623 
vt 0.993597 0.609473 
vt 0.992503 0.610065 
vt 0.98771 0.599201 
vt 0.983264 0.618497 
vt 0.96712 0.604772 
vt 0.930345 0.548811 
vt 0.941585 0.558199 
vt 0.919525 0.610242 
vt 0.936349 0.602975 
vt 0.931154 0.614262 
vt 0.914862 0.618885 
vt 0.923072 0.59677 
vt 0.923905 0.597513 
vt 0.919498 0.60722 
vt 0.918698 0.606507 
vt 0.948483 0.556485 
vt 0.943729 0.600193 
vt 0.962105 0.555142 
vt 0.955237 0.558315 
vt 0.959131 0.603244 
vt 0.951016 0.601085 
vt 0.971406 0.592759 
vt 0.978019 0.600957 
vt 0.963192 0.594118 
vt 0.961504 0.589826 
vt 0.977788 0.575943 
vt 0.983641 0.586507 
vt 0.982441 0.58723 
vt 0.976705 0.577008 
vt 0.974692 0.562958 
vt 0.966001 0.568468 
vt 0.966483 0.566736 
vt 0.978948 0.552106 
vt 0.960563 0.568387 
vt 0.955435 0.569554 
vt 0.955415 0.567994 
vt 0.960728 0.566922 
vt 0.945342 0.569817 
vt 0.944908 0.568211 
vt 0.950342 0.567855 
vt 0.950537 0.569285 
vt 0.937181 0.566586 
vt 0.93359 0.557519 
vt 0.933975 0.576098 
vt 0.934805 0.577341 
vt 0.928915 0.587386 
vt 0.928021 0.586499 
vt 0.93145 0.588585 
vt 0.941463 0.58799 
vt 0.939771 0.590573 
vt 0.926446 0.598201 
vt 0.946378 0.589452 
vt 0.94578 0.591881 
vt 0.956273 0.590274 
vt 0.956795 0.593035 
vt 0.951137 0.592255 
vt 0.951181 0.59 
vt 0.955782 0.58623 
vt 0.951233 0.586287 
vt 0.965803 0.586537 
vt 0.960483 0.586361 
vt 0.937695 0.583966 
vt 0.942493 0.585086 
vt 0.946939 0.585582 
vt 0.948467 0.721543 
vt 0.949462 0.718598 
vt 0.951269 0.723491 
vt 0.949645 0.724549 
vt 0.917379 0.60234 
vt 0.916886 0.603886 
vt 0.915789 0.601361 
vt 0.916625 0.60064 
vt 0.915585 0.59824 
vt 0.91648 0.598445 
vt 0.916188 0.595379 
vt 0.916927 0.596386 
vt 0.917418 0.593361 
vt 0.917837 0.594947 
vt 0.91905 0.592652 
vt 0.919011 0.594488 
vt 0.920745 0.593684 
vt 0.920163 0.595241 
vt 0.94404 0.720852 
vt 0.942608 0.723654 
vt 0.941083 0.72215 
vt 0.943254 0.717864 
vt 0.945041 0.720128 
vt 0.944806 0.716417 
vt 0.946399 0.716424 
vt 0.946298 0.720023 
vt 0.948002 0.716837 
vt 0.947483 0.72055 
vt 0.890638 0.528416 
vt 0.890014 0.529113 
vt 0.889682 0.52658 
vt 0.890377 0.526635 
vt 0.890686 0.524824 
vt 0.890142 0.524006 
vt 0.89129 0.522422 
vt 0.891488 0.523696 
vt 0.8927 0.522422 
vt 0.89248 0.523681 
vt 0.893845 0.524003 
vt 0.89329 0.524783 
vt 0.894303 0.526563 
vt 0.893619 0.526585 
vt 0.893919 0.529153 
vt 0.893351 0.528429 
vt 0.892882 0.530851 
vt 0.892602 0.529637 
vt 0.892112 0.529867 
vt 0.892157 0.531226 
vt 0.891525 0.529735 
vt 0.891297 0.531059 
vt 0.891004 0.529203 
vt 0.890541 0.530297 
vt 0.955474 0.575122 
vt 0.951166 0.575052 
vt 0.946713 0.575212 
vt 0.941884 0.574803 
vt 0.935473 0.5788 
vt 0.929699 0.588507 
vt 0.925339 0.59745 
vt 0.920298 0.60794 
vt 0.926415 0.520927 
vt 0.884538 0.652274 
vt 0.991494 0.610467 
vt 0.986698 0.599727 
vt 0.981457 0.587983 
vt 0.975819 0.577956 
vt 0.970012 0.573225 
vt 0.964701 0.573833 
vt 0.960008 0.574395 

usemtl Handle2Mtl

f 7090/7090/7090 7091/7091/7091 7092/7092/7092 
f 7092/7092/7092 7093/7093/7093 7090/7090/7090 
f 7093/7093/7093 7092/7092/7092 7094/7094/7094 
f 7094/7094/7094 7095/7095/7095 7093/7093/7093 
f 7095/7095/7095 7094/7094/7094 7096/7096/7096 
f 7096/7096/7096 7097/7097/7097 7095/7095/7095 
f 7097/7097/7097 7096/7096/7096 7098/7098/7098 
f 7098/7098/7098 7099/7099/7099 7097/7097/7097 
f 7100/7100/7100 7099/7099/7099 7098/7098/7098 
f 7098/7098/7098 7101/7101/7101 7100/7100/7100 
f 7102/7102/7102 7100/7100/7100 7101/7101/7101 
f 7101/7101/7101 7103/7103/7103 7102/7102/7102 
f 7104/7104/7104 7102/7102/7102 7103/7103/7103 
f 7103/7103/7103 7105/7105/7105 7104/7104/7104 
f 7106/7106/7106 7104/7104/7104 7105/7105/7105 
f 7105/7105/7105 7107/7107/7107 7106/7106/7106 
f 7108/7108/7108 7106/7106/7106 7107/7107/7107 
f 7107/7107/7107 7109/7109/7109 7108/7108/7108 
f 7110/7110/7110 7111/7111/7111 7112/7112/7112 
f 7112/7112/7112 7113/7113/7113 7110/7110/7110 
f 7114/7114/7114 7090/7090/7090 7093/7093/7093 
f 7093/7093/7093 7115/7115/7115 7114/7114/7114 
f 7115/7115/7115 7093/7093/7093 7095/7095/7095 
f 7095/7095/7095 7116/7116/7116 7115/7115/7115 
f 7116/7116/7116 7095/7095/7095 7097/7097/7097 
f 7097/7097/7097 7117/7117/7117 7116/7116/7116 
f 7117/7117/7117 7097/7097/7097 7099/7099/7099 
f 7099/7099/7099 7118/7118/7118 7117/7117/7117 
f 7119/7119/7119 7118/7118/7118 7099/7099/7099 
f 7099/7099/7099 7100/7100/7100 7119/7119/7119 
f 7120/7120/7120 7119/7119/7119 7100/7100/7100 
f 7100/7100/7100 7102/7102/7102 7120/7120/7120 
f 7121/7121/7121 7120/7120/7120 7102/7102/7102 
f 7102/7102/7102 7104/7104/7104 7121/7121/7121 
f 7122/7122/7122 7121/7121/7121 7104/7104/7104 
f 7104/7104/7104 7106/7106/7106 7122/7122/7122 
f 7122/7122/7122 7106/7106/7106 7108/7108/7108 
f 7108/7108/7108 7123/7123/7123 7122/7122/7122 
f 7124/7124/7124 7110/7110/7110 7113/7113/7113 
f 7113/7113/7113 7125/7125/7125 7124/7124/7124 
f 7126/7126/7126 7114/7114/7114 7115/7115/7115 
f 7115/7115/7115 7127/7127/7127 7126/7126/7126 
f 7127/7127/7127 7115/7115/7115 7116/7116/7116 
f 7116/7116/7116 7128/7128/7128 7127/7127/7127 
f 7128/7128/7128 7116/7116/7116 7117/7117/7117 
f 7117/7117/7117 7129/7129/7129 7128/7128/7128 
f 7129/7129/7129 7117/7117/7117 7118/7118/7118 
f 7118/7118/7118 7130/7130/7130 7129/7129/7129 
f 7131/7131/7131 7130/7130/7130 7118/7118/7118 
f 7118/7118/7118 7119/7119/7119 7131/7131/7131 
f 7132/7132/7132 7131/7131/7131 7119/7119/7119 
f 7119/7119/7119 7120/7120/7120 7132/7132/7132 
f 7133/7133/7133 7132/7132/7132 7120/7120/7120 
f 7120/7120/7120 7121/7121/7121 7133/7133/7133 
f 7134/7134/7134 7133/7133/7133 7121/7121/7121 
f 7121/7121/7121 7122/7122/7122 7134/7134/7134 
f 7135/7135/7135 7134/7134/7134 7122/7122/7122 
f 7122/7122/7122 7123/7123/7123 7135/7135/7135 
f 7136/7136/7136 7124/7124/7124 7125/7125/7125 
f 7125/7125/7125 7137/7137/7137 7136/7136/7136 
f 7138/7138/7138 7139/7139/7139 7140/7140/7140 
f 7140/7140/7140 7141/7141/7141 7138/7138/7138 
f 7142/7142/7142 7143/7143/7143 7144/7144/7144 
f 7144/7144/7144 7145/7145/7145 7142/7142/7142 
f 7146/7146/7146 7142/7142/7142 7145/7145/7145 
f 7145/7145/7145 7147/7147/7147 7146/7146/7146 
f 7148/7148/7148 7146/7146/7146 7147/7147/7147 
f 7147/7147/7147 7149/7149/7149 7148/7148/7148 
f 7148/7148/7148 7149/7149/7149 7150/7150/7150 
f 7150/7150/7150 7151/7151/7151 7148/7148/7148 
f 7151/7151/7151 7150/7150/7150 7152/7152/7152 
f 7152/7152/7152 7153/7153/7153 7151/7151/7151 
f 7153/7153/7153 7152/7152/7152 7154/7154/7154 
f 7154/7154/7154 7155/7155/7155 7153/7153/7153 
f 7156/7156/7156 7157/7157/7157 7158/7158/7158 
f 7158/7158/7158 7159/7159/7159 7156/7156/7156 
f 7159/7159/7159 7158/7158/7158 7160/7160/7160 
f 7160/7160/7160 7161/7161/7161 7159/7159/7159 
f 7162/7162/7162 7163/7163/7163 7164/7164/7164 
f 7164/7164/7164 7165/7165/7165 7162/7162/7162 
f 7166/7166/7166 7167/7167/7167 7168/7168/7168 
f 7168/7168/7168 7169/7169/7169 7166/7166/7166 
f 7170/7170/7170 7171/7171/7171 7172/7172/7172 
f 7172/7172/7172 7173/7173/7173 7170/7170/7170 
f 7170/7170/7170 7173/7173/7173 7174/7174/7174 
f 7174/7174/7174 7175/7175/7175 7170/7170/7170 
f 7175/7175/7175 7174/7174/7174 7176/7176/7176 
f 7176/7176/7176 7177/7177/7177 7175/7175/7175 
f 7177/7177/7177 7176/7176/7176 7178/7178/7178 
f 7178/7178/7178 7179/7179/7179 7177/7177/7177 
f 7179/7179/7179 7178/7178/7178 7180/7180/7180 
f 7180/7180/7180 7181/7181/7181 7179/7179/7179 
f 7181/7181/7181 7180/7180/7180 7182/7182/7182 
f 7182/7182/7182 7183/7183/7183 7181/7181/7181 
f 7184/7184/7184 7185/7185/7185 7186/7186/7186 
f 7186/7186/7186 7187/7187/7187 7184/7184/7184 
f 7187/7187/7187 7186/7186/7186 7188/7188/7188 
f 7188/7188/7188 7189/7189/7189 7187/7187/7187 
f 7190/7190/7190 7191/7191/7191 7192/7192/7192 
f 7192/7192/7192 7193/7193/7193 7190/7190/7190 
f 7194/7194/7194 7167/7167/7167 7166/7166/7166 
f 7166/7166/7166 7195/7195/7195 7194/7194/7194 
f 7196/7196/7196 7171/7171/7171 7170/7170/7170 
f 7170/7170/7170 7197/7197/7197 7196/7196/7196 
f 7198/7198/7198 7197/7197/7197 7170/7170/7170 
f 7170/7170/7170 7175/7175/7175 7198/7198/7198 
f 7199/7199/7199 7198/7198/7198 7175/7175/7175 
f 7175/7175/7175 7177/7177/7177 7199/7199/7199 
f 7199/7199/7199 7177/7177/7177 7179/7179/7179 
f 7179/7179/7179 7200/7200/7200 7199/7199/7199 
f 7200/7200/7200 7179/7179/7179 7181/7181/7181 
f 7181/7181/7181 7201/7201/7201 7200/7200/7200 
f 7201/7201/7201 7181/7181/7181 7183/7183/7183 
f 7183/7183/7183 7202/7202/7202 7201/7201/7201 
f 7203/7203/7203 7184/7184/7184 7187/7187/7187 
f 7187/7187/7187 7204/7204/7204 7203/7203/7203 
f 7204/7204/7204 7187/7187/7187 7189/7189/7189 
f 7189/7189/7189 7205/7205/7205 7204/7204/7204 
f 7206/7206/7206 7191/7191/7191 7190/7190/7190 
f 7190/7190/7190 7207/7207/7207 7206/7206/7206 
f 7208/7208/7208 7194/7194/7194 7195/7195/7195 
f 7195/7195/7195 7209/7209/7209 7208/7208/7208 
f 7210/7210/7210 7196/7196/7196 7197/7197/7197 
f 7197/7197/7197 7211/7211/7211 7210/7210/7210 
f 7212/7212/7212 7211/7211/7211 7197/7197/7197 
f 7197/7197/7197 7198/7198/7198 7212/7212/7212 
f 7213/7213/7213 7212/7212/7212 7198/7198/7198 
f 7198/7198/7198 7199/7199/7199 7213/7213/7213 
f 7213/7213/7213 7199/7199/7199 7200/7200/7200 
f 7200/7200/7200 7214/7214/7214 7213/7213/7213 
f 7214/7214/7214 7200/7200/7200 7201/7201/7201 
f 7201/7201/7201 7215/7215/7215 7214/7214/7214 
f 7215/7215/7215 7201/7201/7201 7202/7202/7202 
f 7202/7202/7202 7216/7216/7216 7215/7215/7215 
f 7217/7217/7217 7203/7203/7203 7204/7204/7204 
f 7204/7204/7204 7218/7218/7218 7217/7217/7217 
f 7218/7218/7218 7204/7204/7204 7205/7205/7205 
f 7205/7205/7205 7219/7219/7219 7218/7218/7218 
f 7220/7220/7220 7206/7206/7206 7207/7207/7207 
f 7207/7207/7207 7221/7221/7221 7220/7220/7220 
f 7222/7222/7222 7223/7223/7223 7224/7224/7224 
f 7224/7224/7224 7225/7225/7225 7222/7222/7222 
f 7226/7226/7226 7227/7227/7227 7228/7228/7228 
f 7228/7228/7228 7229/7229/7229 7226/7226/7226 
f 7229/7229/7229 7228/7228/7228 7230/7230/7230 
f 7230/7230/7230 7231/7231/7231 7229/7229/7229 
f 7231/7231/7231 7230/7230/7230 7232/7232/7232 
f 7232/7232/7232 7233/7233/7233 7231/7231/7231 
f 7234/7234/7234 7233/7233/7233 7232/7232/7232 
f 7232/7232/7232 7235/7235/7235 7234/7234/7234 
f 7236/7236/7236 7234/7234/7234 7235/7235/7235 
f 7235/7235/7235 7237/7237/7237 7236/7236/7236 
f 7238/7238/7238 7236/7236/7236 7237/7237/7237 
f 7237/7237/7237 7239/7239/7239 7238/7238/7238 
f 7240/7240/7240 7241/7241/7241 7242/7242/7242 
f 7242/7242/7242 7243/7243/7243 7240/7240/7240 
f 7240/7240/7240 7243/7243/7243 7244/7244/7244 
f 7244/7244/7244 7245/7245/7245 7240/7240/7240 
f 7246/7246/7246 7247/7247/7247 7248/7248/7248 
f 7248/7248/7248 7249/7249/7249 7246/7246/7246 
f 7092/7092/7092 7091/7091/7091 7250/7250/7250 
f 7094/7094/7094 7092/7092/7092 7250/7250/7250 
f 7096/7096/7096 7094/7094/7094 7250/7250/7250 
f 7098/7098/7098 7096/7096/7096 7250/7250/7250 
f 7101/7101/7101 7098/7098/7098 7250/7250/7250 
f 7103/7103/7103 7101/7101/7101 7250/7250/7250 
f 7105/7105/7105 7103/7103/7103 7250/7250/7250 
f 7107/7107/7107 7105/7105/7105 7250/7250/7250 
f 7107/7107/7107 7250/7250/7250 7111/7111/7111 
f 7111/7111/7111 7109/7109/7109 7107/7107/7107 
f 7111/7111/7111 7250/7250/7250 7091/7091/7091 
f 7091/7091/7091 7112/7112/7112 7111/7111/7111 
f 7251/7251/7251 7252/7252/7252 7253/7253/7253 
f 7252/7252/7252 7254/7254/7254 7253/7253/7253 
f 7254/7254/7254 7255/7255/7255 7253/7253/7253 
f 7255/7255/7255 7256/7256/7256 7253/7253/7253 
f 7256/7256/7256 7257/7257/7257 7253/7253/7253 
f 7257/7257/7257 7258/7258/7258 7253/7253/7253 
f 7258/7258/7258 7259/7259/7259 7253/7253/7253 
f 7259/7259/7259 7260/7260/7260 7253/7253/7253 
f 7261/7261/7261 7253/7253/7253 7260/7260/7260 
f 7260/7260/7260 7262/7262/7262 7261/7261/7261 
f 7251/7251/7251 7253/7253/7253 7261/7261/7261 
f 7261/7261/7261 7263/7263/7263 7251/7251/7251 
f 7264/7264/7264 7265/7265/7265 7266/7266/7266 
f 7266/7266/7266 7267/7267/7267 7264/7264/7264 
f 7268/7268/7268 7144/7144/7144 7143/7143/7143 
f 7143/7143/7143 7269/7269/7269 7268/7268/7268 
f 7270/7270/7270 7169/7169/7169 7168/7168/7168 
f 7168/7168/7168 7271/7271/7271 7270/7270/7270 
f 7272/7272/7272 7273/7273/7273 7274/7274/7274 
f 7274/7274/7274 7275/7275/7275 7272/7272/7272 
f 7276/7276/7276 7277/7277/7277 7186/7186/7186 
f 7186/7186/7186 7185/7185/7185 7276/7276/7276 
f 7278/7278/7278 7155/7155/7155 7154/7154/7154 
f 7154/7154/7154 7279/7279/7279 7278/7278/7278 
f 7274/7274/7274 7273/7273/7273 7280/7280/7280 
f 7280/7280/7280 7281/7281/7281 7274/7274/7274 
f 7282/7282/7282 7188/7188/7188 7186/7186/7186 
f 7186/7186/7186 7277/7277/7277 7282/7282/7282 
f 7283/7283/7283 7284/7284/7284 7285/7285/7285 
f 7285/7285/7285 7286/7286/7286 7283/7283/7283 
f 7287/7287/7287 7193/7193/7193 7192/7192/7192 
f 7192/7192/7192 7288/7288/7288 7287/7287/7287 
f 7289/7289/7289 7290/7290/7290 7265/7265/7265 
f 7265/7265/7265 7264/7264/7264 7289/7289/7289 
f 7291/7291/7291 7292/7292/7292 7293/7293/7293 
f 7293/7293/7293 7294/7294/7294 7291/7291/7291 
f 7295/7295/7295 7270/7270/7270 7271/7271/7271 
f 7271/7271/7271 7296/7296/7296 7295/7295/7295 
f 7297/7297/7297 7275/7275/7275 7274/7274/7274 
f 7274/7274/7274 7298/7298/7298 7297/7297/7297 
f 7299/7299/7299 7300/7300/7300 7301/7301/7301 
f 7301/7301/7301 7302/7302/7302 7299/7299/7299 
f 7303/7303/7303 7304/7304/7304 7305/7305/7305 
f 7305/7305/7305 7306/7306/7306 7303/7303/7303 
f 7298/7298/7298 7274/7274/7274 7281/7281/7281 
f 7281/7281/7281 7307/7307/7307 7298/7298/7298 
f 7300/7300/7300 7308/7308/7308 7282/7282/7282 
f 7282/7282/7282 7301/7301/7301 7300/7300/7300 
f 7309/7309/7309 7310/7310/7310 7284/7284/7284 
f 7284/7284/7284 7283/7283/7283 7309/7309/7309 
f 7311/7311/7311 7287/7287/7287 7288/7288/7288 
f 7288/7288/7288 7312/7312/7312 7311/7311/7311 
f 7313/7313/7313 7314/7314/7314 7315/7315/7315 
f 7315/7315/7315 7316/7316/7316 7313/7313/7313 
f 7317/7317/7317 7318/7318/7318 7319/7319/7319 
f 7319/7319/7319 7320/7320/7320 7317/7317/7317 
f 7321/7321/7321 7322/7322/7322 7323/7323/7323 
f 7323/7323/7323 7324/7324/7324 7321/7321/7321 
f 7325/7325/7325 7326/7326/7326 7327/7327/7327 
f 7327/7327/7327 7328/7328/7328 7325/7325/7325 
f 7329/7329/7329 7330/7330/7330 7331/7331/7331 
f 7331/7331/7331 7332/7332/7332 7329/7329/7329 
f 7333/7333/7333 7334/7334/7334 7330/7330/7330 
f 7330/7330/7330 7329/7329/7329 7333/7333/7333 
f 7335/7335/7335 7336/7336/7336 7337/7337/7337 
f 7337/7337/7337 7338/7338/7338 7335/7335/7335 
f 7339/7339/7339 7340/7340/7340 7341/7341/7341 
f 7341/7341/7341 7342/7342/7342 7339/7339/7339 
f 7340/7340/7340 7343/7343/7343 7344/7344/7344 
f 7344/7344/7344 7341/7341/7341 7340/7340/7340 
f 7345/7345/7345 7346/7346/7346 7347/7347/7347 
f 7347/7347/7347 7348/7348/7348 7345/7345/7345 
f 7314/7314/7314 7295/7295/7295 7296/7296/7296 
f 7296/7296/7296 7315/7315/7315 7314/7314/7314 
f 7318/7318/7318 7291/7291/7291 7294/7294/7294 
f 7294/7294/7294 7319/7319/7319 7318/7318/7318 
f 7324/7324/7324 7323/7323/7323 7290/7290/7290 
f 7290/7290/7290 7289/7289/7289 7324/7324/7324 
f 7328/7328/7328 7327/7327/7327 7310/7310/7310 
f 7310/7310/7310 7309/7309/7309 7328/7328/7328 
f 7330/7330/7330 7298/7298/7298 7307/7307/7307 
f 7307/7307/7307 7331/7331/7331 7330/7330/7330 
f 7334/7334/7334 7297/7297/7297 7298/7298/7298 
f 7298/7298/7298 7330/7330/7330 7334/7334/7334 
f 7338/7338/7338 7337/7337/7337 7304/7304/7304 
f 7304/7304/7304 7303/7303/7303 7338/7338/7338 
f 7342/7342/7342 7341/7341/7341 7300/7300/7300 
f 7300/7300/7300 7299/7299/7299 7342/7342/7342 
f 7341/7341/7341 7344/7344/7344 7308/7308/7308 
f 7308/7308/7308 7300/7300/7300 7341/7341/7341 
f 7346/7346/7346 7311/7311/7311 7312/7312/7312 
f 7312/7312/7312 7347/7347/7347 7346/7346/7346 
f 7349/7349/7349 7345/7345/7345 7348/7348/7348 
f 7348/7348/7348 7350/7350/7350 7349/7349/7349 
f 7351/7351/7351 7313/7313/7313 7316/7316/7316 
f 7316/7316/7316 7352/7352/7352 7351/7351/7351 
f 7141/7141/7141 7317/7317/7317 7320/7320/7320 
f 7320/7320/7320 7138/7138/7138 7141/7141/7141 
f 7141/7141/7141 7140/7140/7140 7322/7322/7322 
f 7322/7322/7322 7321/7321/7321 7141/7141/7141 
f 7165/7165/7165 7164/7164/7164 7326/7326/7326 
f 7326/7326/7326 7325/7325/7325 7165/7165/7165 
f 7158/7158/7158 7329/7329/7329 7332/7332/7332 
f 7332/7332/7332 7160/7160/7160 7158/7158/7158 
f 7157/7157/7157 7333/7333/7333 7329/7329/7329 
f 7329/7329/7329 7158/7158/7158 7157/7157/7157 
f 7157/7157/7157 7156/7156/7156 7336/7336/7336 
f 7336/7336/7336 7335/7335/7335 7157/7157/7157 
f 7353/7353/7353 7354/7354/7354 7340/7340/7340 
f 7340/7340/7340 7339/7339/7339 7353/7353/7353 
f 7354/7354/7354 7355/7355/7355 7343/7343/7343 
f 7343/7343/7343 7340/7340/7340 7354/7354/7354 
f 7113/7113/7113 7112/7112/7112 7091/7091/7091 
f 7091/7091/7091 7090/7090/7090 7113/7113/7113 
f 7090/7090/7090 7114/7114/7114 7125/7125/7125 
f 7125/7125/7125 7113/7113/7113 7090/7090/7090 
f 7114/7114/7114 7126/7126/7126 7137/7137/7137 
f 7137/7137/7137 7125/7125/7125 7114/7114/7114 
f 7265/7265/7265 7283/7283/7283 7286/7286/7286 
f 7286/7286/7286 7266/7266/7266 7265/7265/7265 
f 7290/7290/7290 7309/7309/7309 7283/7283/7283 
f 7283/7283/7283 7265/7265/7265 7290/7290/7290 
f 7323/7323/7323 7328/7328/7328 7309/7309/7309 
f 7309/7309/7309 7290/7290/7290 7323/7323/7323 
f 7322/7322/7322 7325/7325/7325 7328/7328/7328 
f 7328/7328/7328 7323/7323/7323 7322/7322/7322 
f 7140/7140/7140 7165/7165/7165 7325/7325/7325 
f 7325/7325/7325 7322/7322/7322 7140/7140/7140 
f 7139/7139/7139 7162/7162/7162 7165/7165/7165 
f 7165/7165/7165 7140/7140/7140 7139/7139/7139 
f 7352/7352/7352 7316/7316/7316 7345/7345/7345 
f 7345/7345/7345 7349/7349/7349 7352/7352/7352 
f 7316/7316/7316 7315/7315/7315 7346/7346/7346 
f 7346/7346/7346 7345/7345/7345 7316/7316/7316 
f 7315/7315/7315 7296/7296/7296 7311/7311/7311 
f 7311/7311/7311 7346/7346/7346 7315/7315/7315 
f 7296/7296/7296 7271/7271/7271 7287/7287/7287 
f 7287/7287/7287 7311/7311/7311 7296/7296/7296 
f 7271/7271/7271 7168/7168/7168 7193/7193/7193 
f 7193/7193/7193 7287/7287/7287 7271/7271/7271 
f 7167/7167/7167 7190/7190/7190 7193/7193/7193 
f 7193/7193/7193 7168/7168/7168 7167/7167/7167 
f 7194/7194/7194 7207/7207/7207 7190/7190/7190 
f 7190/7190/7190 7167/7167/7167 7194/7194/7194 
f 7208/7208/7208 7221/7221/7221 7207/7207/7207 
f 7207/7207/7207 7194/7194/7194 7208/7208/7208 
f 7248/7248/7248 7223/7223/7223 7222/7222/7222 
f 7222/7222/7222 7249/7249/7249 7248/7248/7248 
f 7108/7108/7108 7109/7109/7109 7111/7111/7111 
f 7111/7111/7111 7110/7110/7110 7108/7108/7108 
f 7110/7110/7110 7124/7124/7124 7123/7123/7123 
f 7123/7123/7123 7108/7108/7108 7110/7110/7110 
f 7136/7136/7136 7135/7135/7135 7123/7123/7123 
f 7123/7123/7123 7124/7124/7124 7136/7136/7136 
f 7284/7284/7284 7281/7281/7281 7280/7280/7280 
f 7280/7280/7280 7285/7285/7285 7284/7284/7284 
f 7284/7284/7284 7310/7310/7310 7307/7307/7307 
f 7307/7307/7307 7281/7281/7281 7284/7284/7284 
f 7310/7310/7310 7327/7327/7327 7331/7331/7331 
f 7331/7331/7331 7307/7307/7307 7310/7310/7310 
f 7327/7327/7327 7326/7326/7326 7332/7332/7332 
f 7332/7332/7332 7331/7331/7331 7327/7327/7327 
f 7326/7326/7326 7164/7164/7164 7160/7160/7160 
f 7160/7160/7160 7332/7332/7332 7326/7326/7326 
f 7164/7164/7164 7163/7163/7163 7161/7161/7161 
f 7161/7161/7161 7160/7160/7160 7164/7164/7164 
f 7355/7355/7355 7350/7350/7350 7348/7348/7348 
f 7348/7348/7348 7343/7343/7343 7355/7355/7355 
f 7343/7343/7343 7348/7348/7348 7347/7347/7347 
f 7347/7347/7347 7344/7344/7344 7343/7343/7343 
f 7344/7344/7344 7347/7347/7347 7312/7312/7312 
f 7312/7312/7312 7308/7308/7308 7344/7344/7344 
f 7308/7308/7308 7312/7312/7312 7288/7288/7288 
f 7288/7288/7288 7282/7282/7282 7308/7308/7308 
f 7288/7288/7288 7192/7192/7192 7188/7188/7188 
f 7188/7188/7188 7282/7282/7282 7288/7288/7288 
f 7192/7192/7192 7191/7191/7191 7189/7189/7189 
f 7189/7189/7189 7188/7188/7188 7192/7192/7192 
f 7206/7206/7206 7205/7205/7205 7189/7189/7189 
f 7189/7189/7189 7191/7191/7191 7206/7206/7206 
f 7220/7220/7220 7219/7219/7219 7205/7205/7205 
f 7205/7205/7205 7206/7206/7206 7220/7220/7220 
f 7246/7246/7246 7245/7245/7245 7244/7244/7244 
f 7244/7244/7244 7247/7247/7247 7246/7246/7246 
f 7356/7356/7356 7357/7357/7357 7358/7358/7358 
f 7358/7358/7358 7359/7359/7359 7356/7356/7356 
f 7360/7360/7360 7361/7361/7361 7362/7362/7362 
f 7362/7362/7362 7363/7363/7363 7360/7360/7360 
f 7363/7363/7363 7362/7362/7362 7364/7364/7364 
f 7364/7364/7364 7365/7365/7365 7363/7363/7363 
f 7365/7365/7365 7364/7364/7364 7366/7366/7366 
f 7366/7366/7366 7367/7367/7367 7365/7365/7365 
f 7367/7367/7367 7366/7366/7366 7368/7368/7368 
f 7368/7368/7368 7369/7369/7369 7367/7367/7367 
f 7369/7369/7369 7368/7368/7368 7370/7370/7370 
f 7370/7370/7370 7371/7371/7371 7369/7369/7369 
f 7371/7371/7371 7370/7370/7370 7372/7372/7372 
f 7372/7372/7372 7373/7373/7373 7371/7371/7371 
f 7374/7374/7374 7375/7375/7375 7376/7376/7376 
f 7376/7376/7376 7377/7377/7377 7374/7374/7374 
f 7378/7378/7378 7374/7374/7374 7377/7377/7377 
f 7377/7377/7377 7379/7379/7379 7378/7378/7378 
f 7378/7378/7378 7379/7379/7379 7380/7380/7380 
f 7380/7380/7380 7381/7381/7381 7378/7378/7378 
f 7381/7381/7381 7380/7380/7380 7382/7382/7382 
f 7382/7382/7382 7383/7383/7383 7381/7381/7381 
f 7383/7383/7383 7382/7382/7382 7357/7357/7357 
f 7357/7357/7357 7356/7356/7356 7383/7383/7383 
f 7384/7384/7384 7385/7385/7385 7386/7386/7386 
f 7386/7386/7386 7387/7387/7387 7384/7384/7384 
f 7388/7388/7388 7387/7387/7387 7386/7386/7386 
f 7386/7386/7386 7389/7389/7389 7388/7388/7388 
f 7388/7388/7388 7389/7389/7389 7390/7390/7390 
f 7390/7390/7390 7391/7391/7391 7388/7388/7388 
f 7391/7391/7391 7390/7390/7390 7392/7392/7392 
f 7392/7392/7392 7393/7393/7393 7391/7391/7391 
f 7393/7393/7393 7392/7392/7392 7394/7394/7394 
f 7394/7394/7394 7395/7395/7395 7393/7393/7393 
f 7395/7395/7395 7394/7394/7394 7396/7396/7396 
f 7396/7396/7396 7397/7397/7397 7395/7395/7395 
f 7397/7397/7397 7396/7396/7396 7398/7398/7398 
f 7398/7398/7398 7399/7399/7399 7397/7397/7397 
f 7399/7399/7399 7398/7398/7398 7400/7400/7400 
f 7400/7400/7400 7401/7401/7401 7399/7399/7399 
f 7402/7402/7402 7401/7401/7401 7400/7400/7400 
f 7400/7400/7400 7403/7403/7403 7402/7402/7402 
f 7404/7404/7404 7402/7402/7402 7403/7403/7403 
f 7403/7403/7403 7405/7405/7405 7404/7404/7404 
f 7406/7406/7406 7404/7404/7404 7405/7405/7405 
f 7405/7405/7405 7407/7407/7407 7406/7406/7406 
f 7406/7406/7406 7407/7407/7407 7385/7385/7385 
f 7385/7385/7385 7384/7384/7384 7406/7406/7406 
f 7252/7252/7252 7251/7251/7251 7384/7384/7384 
f 7384/7384/7384 7387/7387/7387 7252/7252/7252 
f 7252/7252/7252 7387/7387/7387 7388/7388/7388 
f 7388/7388/7388 7254/7254/7254 7252/7252/7252 
f 7254/7254/7254 7388/7388/7388 7391/7391/7391 
f 7391/7391/7391 7255/7255/7255 7254/7254/7254 
f 7255/7255/7255 7391/7391/7391 7393/7393/7393 
f 7393/7393/7393 7256/7256/7256 7255/7255/7255 
f 7256/7256/7256 7393/7393/7393 7395/7395/7395 
f 7395/7395/7395 7257/7257/7257 7256/7256/7256 
f 7258/7258/7258 7257/7257/7257 7395/7395/7395 
f 7395/7395/7395 7397/7397/7397 7258/7258/7258 
f 7259/7259/7259 7258/7258/7258 7397/7397/7397 
f 7397/7397/7397 7399/7399/7399 7259/7259/7259 
f 7260/7260/7260 7259/7259/7259 7399/7399/7399 
f 7399/7399/7399 7401/7401/7401 7260/7260/7260 
f 7260/7260/7260 7401/7401/7401 7402/7402/7402 
f 7402/7402/7402 7262/7262/7262 7260/7260/7260 
f 7262/7262/7262 7402/7402/7402 7404/7404/7404 
f 7404/7404/7404 7261/7261/7261 7262/7262/7262 
f 7261/7261/7261 7404/7404/7404 7406/7406/7406 
f 7406/7406/7406 7263/7263/7263 7261/7261/7261 
f 7251/7251/7251 7263/7263/7263 7406/7406/7406 
f 7406/7406/7406 7384/7384/7384 7251/7251/7251 
f 7163/7163/7163 7408/7408/7408 7409/7409/7409 
f 7409/7409/7409 7161/7161/7161 7163/7163/7163 
f 7410/7410/7410 7159/7159/7159 7161/7161/7161 
f 7161/7161/7161 7409/7409/7409 7410/7410/7410 
f 7411/7411/7411 7156/7156/7156 7159/7159/7159 
f 7159/7159/7159 7410/7410/7410 7411/7411/7411 
f 7156/7156/7156 7411/7411/7411 7412/7412/7412 
f 7412/7412/7412 7336/7336/7336 7156/7156/7156 
f 7336/7336/7336 7412/7412/7412 7413/7413/7413 
f 7413/7413/7413 7337/7337/7337 7336/7336/7336 
f 7337/7337/7337 7413/7413/7413 7414/7414/7414 
f 7414/7414/7414 7304/7304/7304 7337/7337/7337 
f 7304/7304/7304 7414/7414/7414 7415/7415/7415 
f 7415/7415/7415 7305/7305/7305 7304/7304/7304 
f 7278/7278/7278 7416/7416/7416 7182/7182/7182 
f 7182/7182/7182 7155/7155/7155 7278/7278/7278 
f 7180/7180/7180 7153/7153/7153 7155/7155/7155 
f 7155/7155/7155 7182/7182/7182 7180/7180/7180 
f 7178/7178/7178 7151/7151/7151 7153/7153/7153 
f 7153/7153/7153 7180/7180/7180 7178/7178/7178 
f 7176/7176/7176 7148/7148/7148 7151/7151/7151 
f 7151/7151/7151 7178/7178/7178 7176/7176/7176 
f 7176/7176/7176 7174/7174/7174 7146/7146/7146 
f 7146/7146/7146 7148/7148/7148 7176/7176/7176 
f 7174/7174/7174 7173/7173/7173 7142/7142/7142 
f 7142/7142/7142 7146/7146/7146 7174/7174/7174 
f 7173/7173/7173 7172/7172/7172 7143/7143/7143 
f 7143/7143/7143 7142/7142/7142 7173/7173/7173 
f 7172/7172/7172 7417/7417/7417 7269/7269/7269 
f 7269/7269/7269 7143/7143/7143 7172/7172/7172 
f 7418/7418/7418 7419/7419/7419 7294/7294/7294 
f 7294/7294/7294 7293/7293/7293 7418/7418/7418 
f 7419/7419/7419 7420/7420/7420 7319/7319/7319 
f 7319/7319/7319 7294/7294/7294 7419/7419/7419 
f 7420/7420/7420 7421/7421/7421 7320/7320/7320 
f 7320/7320/7320 7319/7319/7319 7420/7420/7420 
f 7421/7421/7421 7422/7422/7422 7138/7138/7138 
f 7138/7138/7138 7320/7320/7320 7421/7421/7421 
f 7422/7422/7422 7423/7423/7423 7139/7139/7139 
f 7139/7139/7139 7138/7138/7138 7422/7422/7422 
f 7423/7423/7423 7424/7424/7424 7162/7162/7162 
f 7162/7162/7162 7139/7139/7139 7423/7423/7423 
f 7424/7424/7424 7408/7408/7408 7163/7163/7163 
f 7163/7163/7163 7162/7162/7162 7424/7424/7424 
f 7247/7247/7247 7220/7220/7220 7221/7221/7221 
f 7221/7221/7221 7248/7248/7248 7247/7247/7247 
f 7221/7221/7221 7208/7208/7208 7223/7223/7223 
f 7223/7223/7223 7248/7248/7248 7221/7221/7221 
f 7223/7223/7223 7208/7208/7208 7209/7209/7209 
f 7209/7209/7209 7224/7224/7224 7223/7223/7223 
f 7227/7227/7227 7210/7210/7210 7211/7211/7211 
f 7211/7211/7211 7228/7228/7228 7227/7227/7227 
f 7230/7230/7230 7228/7228/7228 7211/7211/7211 
f 7211/7211/7211 7212/7212/7212 7230/7230/7230 
f 7232/7232/7232 7230/7230/7230 7212/7212/7212 
f 7212/7212/7212 7213/7213/7213 7232/7232/7232 
f 7232/7232/7232 7213/7213/7213 7214/7214/7214 
f 7214/7214/7214 7235/7235/7235 7232/7232/7232 
f 7235/7235/7235 7214/7214/7214 7215/7215/7215 
f 7215/7215/7215 7237/7237/7237 7235/7235/7235 
f 7237/7237/7237 7215/7215/7215 7216/7216/7216 
f 7216/7216/7216 7239/7239/7239 7237/7237/7237 
f 7242/7242/7242 7217/7217/7217 7218/7218/7218 
f 7218/7218/7218 7243/7243/7243 7242/7242/7242 
f 7243/7243/7243 7218/7218/7218 7219/7219/7219 
f 7219/7219/7219 7244/7244/7244 7243/7243/7243 
f 7219/7219/7219 7220/7220/7220 7247/7247/7247 
f 7247/7247/7247 7244/7244/7244 7219/7219/7219 
f 7382/7382/7382 7380/7380/7380 7246/7246/7246 
f 7246/7246/7246 7249/7249/7249 7382/7382/7382 
f 7246/7246/7246 7380/7380/7380 7379/7379/7379 
f 7379/7379/7379 7245/7245/7245 7246/7246/7246 
f 7379/7379/7379 7377/7377/7377 7240/7240/7240 
f 7240/7240/7240 7245/7245/7245 7379/7379/7379 
f 7376/7376/7376 7241/7241/7241 7240/7240/7240 
f 7240/7240/7240 7377/7377/7377 7376/7376/7376 
f 7370/7370/7370 7236/7236/7236 7238/7238/7238 
f 7238/7238/7238 7372/7372/7372 7370/7370/7370 
f 7370/7370/7370 7368/7368/7368 7234/7234/7234 
f 7234/7234/7234 7236/7236/7236 7370/7370/7370 
f 7368/7368/7368 7366/7366/7366 7233/7233/7233 
f 7233/7233/7233 7234/7234/7234 7368/7368/7368 
f 7364/7364/7364 7231/7231/7231 7233/7233/7233 
f 7233/7233/7233 7366/7366/7366 7364/7364/7364 
f 7362/7362/7362 7229/7229/7229 7231/7231/7231 
f 7231/7231/7231 7364/7364/7364 7362/7362/7362 
f 7362/7362/7362 7361/7361/7361 7226/7226/7226 
f 7226/7226/7226 7229/7229/7229 7362/7362/7362 
f 7357/7357/7357 7222/7222/7222 7225/7225/7225 
f 7225/7225/7225 7358/7358/7358 7357/7357/7357 
f 7357/7357/7357 7382/7382/7382 7249/7249/7249 
f 7249/7249/7249 7222/7222/7222 7357/7357/7357 

g Handle5

v -0.464781 105.176 -0.252172 
v -0.467457 105.304 -0.357442 
v -0.449678 105.155 -0.304739 
v -0.481648 105.32 -0.302935 
v -0.451197 105.205 -0.203537 
v -0.465583 105.336 -0.249007 
v -0.41257 105.235 -0.171869 
v -0.423565 105.348 -0.210108 
v -0.359248 105.259 -0.165652 
v -0.366853 105.352 -0.196659 
v -0.305519 105.268 -0.186553 
v -0.310642 105.348 -0.212266 
v -0.265781 105.262 -0.228969 
v -0.269995 105.337 -0.252744 
v -0.25068 105.241 -0.281538 
v -0.255803 105.322 -0.307251 
v -0.264263 105.212 -0.330171 
v -0.271868 105.306 -0.361178 
v -0.302891 105.182 -0.361839 
v -0.313886 105.294 -0.400078 
v -0.356212 105.158 -0.368056 
v -0.370598 105.289 -0.413526 
v -0.409942 105.149 -0.347157 
v -0.426809 105.293 -0.39792 
v -0.451297 105.438 -0.385983 
v -0.464817 105.451 -0.334067 
v -0.450103 105.459 -0.281696 
v -0.411095 105.461 -0.2429 
v -0.358248 105.457 -0.228076 
v -0.305719 105.447 -0.241196 
v -0.267587 105.434 -0.278744 
v -0.254068 105.422 -0.33066 
v -0.268784 105.413 -0.383033 
v -0.307791 105.411 -0.421828 
v -0.360639 105.415 -0.436652 
v -0.413164 105.425 -0.423531 
v -0.404164 105.576 -0.39774 
v -0.417876 105.584 -0.348468 
v -0.406793 105.582 -0.297951 
v -0.373884 105.57 -0.259725 
v -0.327966 105.552 -0.24403 
v -0.281342 105.532 -0.255073 
v -0.246504 105.516 -0.289895 
v -0.23279 105.508 -0.339166 
v -0.243873 105.511 -0.389683 
v -0.276782 105.522 -0.42791 
v -0.3227 105.54 -0.443604 
v -0.369325 105.56 -0.432561 
v -0.318264 105.697 -0.382323 
v -0.331925 105.701 -0.339764 
v -0.32717 105.69 -0.296367 
v -0.305271 105.669 -0.263765 
v -0.272097 105.641 -0.25069 
v -0.236538 105.616 -0.260647 
v -0.208121 105.599 -0.290968 
v -0.19446 105.595 -0.333528 
v -0.199216 105.605 -0.376923 
v -0.221115 105.627 -0.409527 
v -0.254289 105.654 -0.422601 
v -0.289847 105.68 -0.412645 
v -0.0690494 105.824 -0.278913 
v 0.492384 105.155 0.23916 
v 0.546915 105.304 0.228207 
v 0.454411 105.176 0.278524 
v 0.506807 105.32 0.267749 
v 0.4055 105.205 0.291077 
v 0.452072 105.336 0.280801 
v 0.358761 105.235 0.273459 
v 0.397374 105.348 0.263862 
v 0.326716 105.259 0.230389 
v 0.357371 105.352 0.221472 
v 0.317952 105.268 0.173408 
v 0.342781 105.348 0.164989 
v 0.334816 105.262 0.117786 
v 0.357513 105.337 0.109548 
v 0.372792 105.241 0.0784233 
v 0.397621 105.322 0.0700037 
v 0.421701 105.212 0.0658707 
v 0.452356 105.306 0.0569532 
v 0.46844 105.182 0.0834888 
v 0.507053 105.294 0.0738918 
v 0.500485 105.158 0.126558 
v 0.547057 105.289 0.116282 
v 0.50925 105.149 0.183539 
v 0.561647 105.293 0.172765 
v 0.563553 105.438 0.199941 
v 0.525352 105.451 0.237608 
v 0.47264 105.459 0.25105 
v 0.419538 105.461 0.236666 
v 0.380277 105.457 0.198311 
v 0.365375 105.447 0.14626 
v 0.378826 105.434 0.0944628 
v 0.417027 105.422 0.0567968 
v 0.469741 105.413 0.0433547 
v 0.522842 105.411 0.0577388 
v 0.562104 105.415 0.0960943 
v 0.577004 105.425 0.148143 
v 0.550164 105.576 0.153241 
v 0.514354 105.584 0.189755 
v 0.465063 105.582 0.205415 
v 0.415503 105.57 0.196028 
v 0.378952 105.552 0.164109 
v 0.365203 105.532 0.11821 
v 0.377942 105.516 0.0706288 
v 0.413755 105.508 0.0341167 
v 0.463045 105.511 0.0184565 
v 0.512605 105.522 0.0278425 
v 0.549155 105.54 0.059762 
v 0.562905 105.56 0.105662 
v 0.493867 105.697 0.0865609 
v 0.46384 105.701 0.119671 
v 0.423879 105.69 0.137251 
v 0.384695 105.669 0.134587 
v 0.356785 105.641 0.112395 
v 0.347629 105.616 0.0766218 
v 0.359679 105.599 0.0368515 
v 0.389707 105.595 0.00374135 
v 0.429666 105.605 -0.0138379 
v 0.468851 105.627 -0.0111745 
v 0.496761 105.654 0.0110173 
v 0.505917 105.68 0.04679 
v 0.279703 105.824 -0.0775605 

vn -0.992126 -0.110236 0.015748 
vn -0.874016 -0.125984 -0.472441 
vn -0.866142 -0.251969 -0.433071 
vn -1 0.00787402 0.00787402 
vn -0.874016 0.0629921 0.472441 
vn -0.866142 0.15748 0.480315 
vn -0.519685 0.228346 0.818898 
vn -0.496063 0.259843 0.826772 
vn -0.015748 0.314961 0.952756 
vn 0.00787402 0.299213 0.952756 
vn 0.503937 0.299213 0.811024 
vn 0.511811 0.251969 0.818898 
vn 0.874016 0.19685 0.448819 
vn 0.874016 0.149606 0.464567 
vn 1 0.0472441 -0.0393701 
vn 1 0.015748 -0.023622 
vn 0.84252 -0.110236 -0.527559 
vn 0.850394 -0.110236 -0.511811 
vn 0.440945 -0.251969 -0.858268 
vn 0.472441 -0.212598 -0.858268 
vn -0.0629921 -0.330709 -0.944882 
vn -0.0314961 -0.259843 -0.968504 
vn -0.535433 -0.330709 -0.779528 
vn -0.519685 -0.228346 -0.818898 
vn -0.84252 0.11811 -0.519685 
vn -0.976378 0.220472 -0.0472441 
vn -0.850394 0.291339 0.440945 
vn -0.496063 0.291339 0.818898 
vn 0 0.228346 0.976378 
vn 0.496063 0.110236 0.858268 
vn 0.866142 -0.015748 0.503937 
vn 0.992126 -0.125984 0 
vn 0.850394 -0.188976 -0.496063 
vn 0.472441 -0.181102 -0.858268 
vn -0.015748 -0.11811 -0.992126 
vn -0.496063 -0.00787402 -0.866142 
vn -0.748031 0.385827 -0.543307 
vn -0.88189 0.464567 -0.0629921 
vn -0.787402 0.440945 0.433071 
vn -0.472441 0.322835 0.818898 
vn -0.015748 0.125984 0.992126 
vn 0.448819 -0.0787402 0.889764 
vn 0.811024 -0.244094 0.535433 
vn 0.944882 -0.322835 0.0314961 
vn 0.834646 -0.283465 -0.480315 
vn 0.496063 -0.149606 -0.850394 
vn 0.0472441 0.0393701 -1 
vn -0.409449 0.23622 -0.88189 
vn -0.488189 0.724409 -0.488189 
vn -0.637795 0.771654 -0.023622 
vn -0.590551 0.661417 0.464567 
vn -0.362205 0.417323 0.834646 
vn 0.00787402 0.102362 0.992126 
vn 0.409449 -0.19685 0.889764 
vn 0.740157 -0.409449 0.543307 
vn 0.889764 -0.448819 0.0472441 
vn 0.834646 -0.314961 -0.448819 
vn 0.582677 -0.0551181 -0.811024 
vn 0.204724 0.251969 -0.944882 
vn -0.181102 0.535433 -0.826772 
vn 0.716535 0.669291 0.204724 
vn 0.80315 -0.251969 0.535433 
vn 0.84252 -0.125984 0.519685 
vn 0.480315 -0.110236 0.874016 
vn 0.496063 0.00787402 0.866142 
vn 0.0314961 0.0629921 1 
vn 0.015748 0.15748 0.984252 
vn -0.448819 0.228346 0.866142 
vn -0.464567 0.259843 0.84252 
vn -0.818898 0.314961 0.488189 
vn -0.826772 0.299213 0.472441 
vn -0.952756 0.299213 -0.0314961 
vn -0.968504 0.251969 -0.0314961 
vn -0.826772 0.19685 -0.527559 
vn -0.834646 0.149606 -0.527559 
vn -0.464567 0.0472441 -0.88189 
vn -0.472441 0.015748 -0.88189 
vn 0.0393701 -0.110236 -0.992126 
vn 0.015748 -0.110236 -0.992126 
vn 0.519685 -0.251969 -0.818898 
vn 0.503937 -0.212598 -0.834646 
vn 0.84252 -0.330709 -0.417323 
vn 0.850394 -0.259843 -0.456693 
vn 0.937008 -0.330709 0.0787402 
vn 0.976378 -0.228346 0.0393701 
vn 0.874016 0.11811 0.472441 
vn 0.527559 0.220472 0.818898 
vn 0.0393701 0.291339 0.952756 
vn -0.464567 0.291339 0.834646 
vn -0.84252 0.228346 0.488189 
vn -0.992126 0.110236 0 
vn -0.866142 -0.015748 -0.496063 
vn -0.496063 -0.125984 -0.858268 
vn 0.00787402 -0.188976 -0.984252 
vn 0.511811 -0.181102 -0.84252 
vn 0.866142 -0.11811 -0.480315 
vn 1 -0.00787402 0 
vn 0.84252 0.385827 0.377953 
vn 0.496063 0.464567 0.732283 
vn 0.015748 0.440945 0.897638 
vn -0.480315 0.322835 0.818898 
vn -0.850394 0.125984 0.511811 
vn -0.992126 -0.0787402 0.0551181 
vn -0.866142 -0.244094 -0.433071 
vn -0.503937 -0.322835 -0.80315 
vn 0 -0.283465 -0.96063 
vn 0.488189 -0.149606 -0.858268 
vn 0.84252 0.0393701 -0.535433 
vn 0.968504 0.23622 -0.0866142 
vn 0.669291 0.724409 0.181102 
vn 0.338583 0.771654 0.543307 
vn -0.102362 0.661417 0.740157 
vn -0.543307 0.417323 0.724409 
vn -0.866142 0.102362 0.488189 
vn -0.976378 -0.19685 0.0944882 
vn -0.834646 -0.409449 -0.370079 
vn -0.488189 -0.448819 -0.748031 
vn -0.023622 -0.314961 -0.944882 
vn 0.409449 -0.0551181 -0.905512 
vn 0.716535 0.251969 -0.653543 
vn 0.80315 0.535433 -0.251969 
vn -0.535433 0.669291 -0.511811 

vt 0.853895 0.639943 
vt 0.838861 0.576131 
vt 0.783082 0.644429 
vt 0.791823 0.555022 
vt 0.807693 0.65853 
vt 0.85276 0.540425 
vt 0.857863 0.713154 
vt 0.781258 0.549722 
vt 0.794751 0.570426 
vt 0.823037 0.580421 
vt 0.861832 0.647483 
vt 0.770695 0.624293 
vt 0.810071 0.718371 
vt 0.841584 0.674068 
vt 0.861832 0.727344 
vt 0.770695 0.704155 
vt 0.794751 0.708751 
vt 0.823037 0.718743 
vt 0.857863 0.654127 
vt 0.781258 0.709448 
vt 0.807693 0.578107 
vt 0.85276 0.678749 
vt 0.853895 0.719804 
vt 0.791823 0.634885 
vt 0.834571 0.692497 
vt 0.793092 0.658696 
vt 0.856522 0.62932 
vt 0.788424 0.616718 
vt 0.83361 0.62428 
vt 0.783758 0.649968 
vt 0.853237 0.682413 
vt 0.783758 0.725185 
vt 0.83361 0.535818 
vt 0.788424 0.548409 
vt 0.856522 0.540858 
vt 0.793092 0.73392 
vt 0.789824 0.612999 
vt 0.863534 0.550019 
vt 0.8189 0.716442 
vt 0.757931 0.670826 
vt 0.810242 0.644158 
vt 0.765608 0.643578 
vt 0.830026 0.646818 
vt 0.765608 0.714285 
vt 0.810242 0.547867 
vt 0.757931 0.593485 
vt 0.8189 0.62015 
vt 0.863534 0.620723 
vt 0.784039 0.689351 
vt 0.762646 0.624788 
vt 0.84287 0.558679 
vt 0.79771 0.709573 
vt 0.865832 0.658128 
vt 0.832774 0.636891 
vt 0.79744 0.62911 
vt 0.832774 0.698165 
vt 0.865832 0.545512 
vt 0.79771 0.613377 
vt 0.84287 0.664816 
vt 0.762646 0.686062 
vt 0.772012 0.548322 
vt 0.783082 0.644429 
vt 0.838861 0.576131 
vt 0.853895 0.639943 
vt 0.791823 0.555022 
vt 0.807693 0.65853 
vt 0.85276 0.540425 
vt 0.857863 0.713154 
vt 0.781258 0.549722 
vt 0.794751 0.570426 
vt 0.823037 0.580421 
vt 0.861832 0.647483 
vt 0.770695 0.624293 
vt 0.810071 0.718371 
vt 0.841584 0.674068 
vt 0.861832 0.727344 
vt 0.770695 0.704155 
vt 0.794751 0.708751 
vt 0.823037 0.718743 
vt 0.857863 0.654127 
vt 0.781258 0.709448 
vt 0.807693 0.578107 
vt 0.85276 0.678749 
vt 0.853895 0.719804 
vt 0.791823 0.634885 
vt 0.834571 0.692497 
vt 0.793092 0.658696 
vt 0.856522 0.62932 
vt 0.788424 0.616718 
vt 0.83361 0.62428 
vt 0.783758 0.649968 
vt 0.853237 0.682413 
vt 0.783758 0.725185 
vt 0.83361 0.535818 
vt 0.788424 0.548409 
vt 0.856522 0.540858 
vt 0.793092 0.73392 
vt 0.789824 0.612999 
vt 0.863534 0.550019 
vt 0.8189 0.716442 
vt 0.757931 0.670826 
vt 0.810242 0.644158 
vt 0.765608 0.643578 
vt 0.830026 0.646818 
vt 0.765608 0.714285 
vt 0.810242 0.547867 
vt 0.757931 0.593485 
vt 0.8189 0.62015 
vt 0.863534 0.620723 
vt 0.784039 0.689351 
vt 0.762646 0.624788 
vt 0.84287 0.558679 
vt 0.79771 0.709573 
vt 0.865832 0.658128 
vt 0.832774 0.636891 
vt 0.79744 0.62911 
vt 0.832774 0.698165 
vt 0.865832 0.545512 
vt 0.79771 0.613377 
vt 0.84287 0.664816 
vt 0.762646 0.686062 
vt 0.772012 0.548322 

usemtl Handle2Mtl

f 7425/7425/7425 7426/7426/7426 7427/7427/7427 
f 7426/7426/7426 7425/7425/7425 7428/7428/7428 
f 7429/7429/7429 7428/7428/7428 7425/7425/7425 
f 7428/7428/7428 7429/7429/7429 7430/7430/7430 
f 7431/7431/7431 7430/7430/7430 7429/7429/7429 
f 7430/7430/7430 7431/7431/7431 7432/7432/7432 
f 7433/7433/7433 7432/7432/7432 7431/7431/7431 
f 7432/7432/7432 7433/7433/7433 7434/7434/7434 
f 7435/7435/7435 7434/7434/7434 7433/7433/7433 
f 7434/7434/7434 7435/7435/7435 7436/7436/7436 
f 7437/7437/7437 7436/7436/7436 7435/7435/7435 
f 7436/7436/7436 7437/7437/7437 7438/7438/7438 
f 7439/7439/7439 7438/7438/7438 7437/7437/7437 
f 7438/7438/7438 7439/7439/7439 7440/7440/7440 
f 7441/7441/7441 7440/7440/7440 7439/7439/7439 
f 7440/7440/7440 7441/7441/7441 7442/7442/7442 
f 7443/7443/7443 7442/7442/7442 7441/7441/7441 
f 7442/7442/7442 7443/7443/7443 7444/7444/7444 
f 7445/7445/7445 7444/7444/7444 7443/7443/7443 
f 7444/7444/7444 7445/7445/7445 7446/7446/7446 
f 7447/7447/7447 7446/7446/7446 7445/7445/7445 
f 7446/7446/7446 7447/7447/7447 7448/7448/7448 
f 7427/7427/7427 7448/7448/7448 7447/7447/7447 
f 7448/7448/7448 7427/7427/7427 7426/7426/7426 
f 7428/7428/7428 7449/7449/7449 7426/7426/7426 
f 7449/7449/7449 7428/7428/7428 7450/7450/7450 
f 7430/7430/7430 7450/7450/7450 7428/7428/7428 
f 7450/7450/7450 7430/7430/7430 7451/7451/7451 
f 7432/7432/7432 7451/7451/7451 7430/7430/7430 
f 7451/7451/7451 7432/7432/7432 7452/7452/7452 
f 7434/7434/7434 7452/7452/7452 7432/7432/7432 
f 7452/7452/7452 7434/7434/7434 7453/7453/7453 
f 7436/7436/7436 7453/7453/7453 7434/7434/7434 
f 7453/7453/7453 7436/7436/7436 7454/7454/7454 
f 7438/7438/7438 7454/7454/7454 7436/7436/7436 
f 7454/7454/7454 7438/7438/7438 7455/7455/7455 
f 7440/7440/7440 7455/7455/7455 7438/7438/7438 
f 7455/7455/7455 7440/7440/7440 7456/7456/7456 
f 7442/7442/7442 7456/7456/7456 7440/7440/7440 
f 7456/7456/7456 7442/7442/7442 7457/7457/7457 
f 7444/7444/7444 7457/7457/7457 7442/7442/7442 
f 7457/7457/7457 7444/7444/7444 7458/7458/7458 
f 7446/7446/7446 7458/7458/7458 7444/7444/7444 
f 7458/7458/7458 7446/7446/7446 7459/7459/7459 
f 7448/7448/7448 7459/7459/7459 7446/7446/7446 
f 7459/7459/7459 7448/7448/7448 7460/7460/7460 
f 7426/7426/7426 7460/7460/7460 7448/7448/7448 
f 7460/7460/7460 7426/7426/7426 7449/7449/7449 
f 7450/7450/7450 7461/7461/7461 7449/7449/7449 
f 7461/7461/7461 7450/7450/7450 7462/7462/7462 
f 7451/7451/7451 7462/7462/7462 7450/7450/7450 
f 7462/7462/7462 7451/7451/7451 7463/7463/7463 
f 7452/7452/7452 7463/7463/7463 7451/7451/7451 
f 7463/7463/7463 7452/7452/7452 7464/7464/7464 
f 7453/7453/7453 7464/7464/7464 7452/7452/7452 
f 7464/7464/7464 7453/7453/7453 7465/7465/7465 
f 7454/7454/7454 7465/7465/7465 7453/7453/7453 
f 7465/7465/7465 7454/7454/7454 7466/7466/7466 
f 7455/7455/7455 7466/7466/7466 7454/7454/7454 
f 7466/7466/7466 7455/7455/7455 7467/7467/7467 
f 7456/7456/7456 7467/7467/7467 7455/7455/7455 
f 7467/7467/7467 7456/7456/7456 7468/7468/7468 
f 7457/7457/7457 7468/7468/7468 7456/7456/7456 
f 7468/7468/7468 7457/7457/7457 7469/7469/7469 
f 7458/7458/7458 7469/7469/7469 7457/7457/7457 
f 7469/7469/7469 7458/7458/7458 7470/7470/7470 
f 7459/7459/7459 7470/7470/7470 7458/7458/7458 
f 7470/7470/7470 7459/7459/7459 7471/7471/7471 
f 7460/7460/7460 7471/7471/7471 7459/7459/7459 
f 7471/7471/7471 7460/7460/7460 7472/7472/7472 
f 7449/7449/7449 7472/7472/7472 7460/7460/7460 
f 7472/7472/7472 7449/7449/7449 7461/7461/7461 
f 7462/7462/7462 7473/7473/7473 7461/7461/7461 
f 7473/7473/7473 7462/7462/7462 7474/7474/7474 
f 7463/7463/7463 7474/7474/7474 7462/7462/7462 
f 7474/7474/7474 7463/7463/7463 7475/7475/7475 
f 7464/7464/7464 7475/7475/7475 7463/7463/7463 
f 7475/7475/7475 7464/7464/7464 7476/7476/7476 
f 7465/7465/7465 7476/7476/7476 7464/7464/7464 
f 7476/7476/7476 7465/7465/7465 7477/7477/7477 
f 7466/7466/7466 7477/7477/7477 7465/7465/7465 
f 7477/7477/7477 7466/7466/7466 7478/7478/7478 
f 7467/7467/7467 7478/7478/7478 7466/7466/7466 
f 7478/7478/7478 7467/7467/7467 7479/7479/7479 
f 7468/7468/7468 7479/7479/7479 7467/7467/7467 
f 7479/7479/7479 7468/7468/7468 7480/7480/7480 
f 7469/7469/7469 7480/7480/7480 7468/7468/7468 
f 7480/7480/7480 7469/7469/7469 7481/7481/7481 
f 7470/7470/7470 7481/7481/7481 7469/7469/7469 
f 7481/7481/7481 7470/7470/7470 7482/7482/7482 
f 7471/7471/7471 7482/7482/7482 7470/7470/7470 
f 7482/7482/7482 7471/7471/7471 7483/7483/7483 
f 7472/7472/7472 7483/7483/7483 7471/7471/7471 
f 7483/7483/7483 7472/7472/7472 7484/7484/7484 
f 7461/7461/7461 7484/7484/7484 7472/7472/7472 
f 7484/7484/7484 7461/7461/7461 7473/7473/7473 
f 7473/7473/7473 7474/7474/7474 7485/7485/7485 
f 7474/7474/7474 7475/7475/7475 7485/7485/7485 
f 7475/7475/7475 7476/7476/7476 7485/7485/7485 
f 7476/7476/7476 7477/7477/7477 7485/7485/7485 
f 7477/7477/7477 7478/7478/7478 7485/7485/7485 
f 7478/7478/7478 7479/7479/7479 7485/7485/7485 
f 7479/7479/7479 7480/7480/7480 7485/7485/7485 
f 7480/7480/7480 7481/7481/7481 7485/7485/7485 
f 7481/7481/7481 7482/7482/7482 7485/7485/7485 
f 7482/7482/7482 7483/7483/7483 7485/7485/7485 
f 7483/7483/7483 7484/7484/7484 7485/7485/7485 
f 7484/7484/7484 7473/7473/7473 7485/7485/7485 
f 7486/7486/7486 7487/7487/7487 7488/7488/7488 
f 7489/7489/7489 7488/7488/7488 7487/7487/7487 
f 7488/7488/7488 7489/7489/7489 7490/7490/7490 
f 7491/7491/7491 7490/7490/7490 7489/7489/7489 
f 7490/7490/7490 7491/7491/7491 7492/7492/7492 
f 7493/7493/7493 7492/7492/7492 7491/7491/7491 
f 7492/7492/7492 7493/7493/7493 7494/7494/7494 
f 7495/7495/7495 7494/7494/7494 7493/7493/7493 
f 7494/7494/7494 7495/7495/7495 7496/7496/7496 
f 7497/7497/7497 7496/7496/7496 7495/7495/7495 
f 7496/7496/7496 7497/7497/7497 7498/7498/7498 
f 7499/7499/7499 7498/7498/7498 7497/7497/7497 
f 7498/7498/7498 7499/7499/7499 7500/7500/7500 
f 7501/7501/7501 7500/7500/7500 7499/7499/7499 
f 7500/7500/7500 7501/7501/7501 7502/7502/7502 
f 7503/7503/7503 7502/7502/7502 7501/7501/7501 
f 7502/7502/7502 7503/7503/7503 7504/7504/7504 
f 7505/7505/7505 7504/7504/7504 7503/7503/7503 
f 7504/7504/7504 7505/7505/7505 7506/7506/7506 
f 7507/7507/7507 7506/7506/7506 7505/7505/7505 
f 7506/7506/7506 7507/7507/7507 7508/7508/7508 
f 7509/7509/7509 7508/7508/7508 7507/7507/7507 
f 7508/7508/7508 7509/7509/7509 7486/7486/7486 
f 7487/7487/7487 7486/7486/7486 7509/7509/7509 
f 7487/7487/7487 7510/7510/7510 7489/7489/7489 
f 7511/7511/7511 7489/7489/7489 7510/7510/7510 
f 7489/7489/7489 7511/7511/7511 7491/7491/7491 
f 7512/7512/7512 7491/7491/7491 7511/7511/7511 
f 7491/7491/7491 7512/7512/7512 7493/7493/7493 
f 7513/7513/7513 7493/7493/7493 7512/7512/7512 
f 7493/7493/7493 7513/7513/7513 7495/7495/7495 
f 7514/7514/7514 7495/7495/7495 7513/7513/7513 
f 7495/7495/7495 7514/7514/7514 7497/7497/7497 
f 7515/7515/7515 7497/7497/7497 7514/7514/7514 
f 7497/7497/7497 7515/7515/7515 7499/7499/7499 
f 7516/7516/7516 7499/7499/7499 7515/7515/7515 
f 7499/7499/7499 7516/7516/7516 7501/7501/7501 
f 7517/7517/7517 7501/7501/7501 7516/7516/7516 
f 7501/7501/7501 7517/7517/7517 7503/7503/7503 
f 7518/7518/7518 7503/7503/7503 7517/7517/7517 
f 7503/7503/7503 7518/7518/7518 7505/7505/7505 
f 7519/7519/7519 7505/7505/7505 7518/7518/7518 
f 7505/7505/7505 7519/7519/7519 7507/7507/7507 
f 7520/7520/7520 7507/7507/7507 7519/7519/7519 
f 7507/7507/7507 7520/7520/7520 7509/7509/7509 
f 7521/7521/7521 7509/7509/7509 7520/7520/7520 
f 7509/7509/7509 7521/7521/7521 7487/7487/7487 
f 7510/7510/7510 7487/7487/7487 7521/7521/7521 
f 7510/7510/7510 7522/7522/7522 7511/7511/7511 
f 7523/7523/7523 7511/7511/7511 7522/7522/7522 
f 7511/7511/7511 7523/7523/7523 7512/7512/7512 
f 7524/7524/7524 7512/7512/7512 7523/7523/7523 
f 7512/7512/7512 7524/7524/7524 7513/7513/7513 
f 7525/7525/7525 7513/7513/7513 7524/7524/7524 
f 7513/7513/7513 7525/7525/7525 7514/7514/7514 
f 7526/7526/7526 7514/7514/7514 7525/7525/7525 
f 7514/7514/7514 7526/7526/7526 7515/7515/7515 
f 7527/7527/7527 7515/7515/7515 7526/7526/7526 
f 7515/7515/7515 7527/7527/7527 7516/7516/7516 
f 7528/7528/7528 7516/7516/7516 7527/7527/7527 
f 7516/7516/7516 7528/7528/7528 7517/7517/7517 
f 7529/7529/7529 7517/7517/7517 7528/7528/7528 
f 7517/7517/7517 7529/7529/7529 7518/7518/7518 
f 7530/7530/7530 7518/7518/7518 7529/7529/7529 
f 7518/7518/7518 7530/7530/7530 7519/7519/7519 
f 7531/7531/7531 7519/7519/7519 7530/7530/7530 
f 7519/7519/7519 7531/7531/7531 7520/7520/7520 
f 7532/7532/7532 7520/7520/7520 7531/7531/7531 
f 7520/7520/7520 7532/7532/7532 7521/7521/7521 
f 7533/7533/7533 7521/7521/7521 7532/7532/7532 
f 7521/7521/7521 7533/7533/7533 7510/7510/7510 
f 7522/7522/7522 7510/7510/7510 7533/7533/7533 
f 7522/7522/7522 7534/7534/7534 7523/7523/7523 
f 7535/7535/7535 7523/7523/7523 7534/7534/7534 
f 7523/7523/7523 7535/7535/7535 7524/7524/7524 
f 7536/7536/7536 7524/7524/7524 7535/7535/7535 
f 7524/7524/7524 7536/7536/7536 7525/7525/7525 
f 7537/7537/7537 7525/7525/7525 7536/7536/7536 
f 7525/7525/7525 7537/7537/7537 7526/7526/7526 
f 7538/7538/7538 7526/7526/7526 7537/7537/7537 
f 7526/7526/7526 7538/7538/7538 7527/7527/7527 
f 7539/7539/7539 7527/7527/7527 7538/7538/7538 
f 7527/7527/7527 7539/7539/7539 7528/7528/7528 
f 7540/7540/7540 7528/7528/7528 7539/7539/7539 
f 7528/7528/7528 7540/7540/7540 7529/7529/7529 
f 7541/7541/7541 7529/7529/7529 7540/7540/7540 
f 7529/7529/7529 7541/7541/7541 7530/7530/7530 
f 7542/7542/7542 7530/7530/7530 7541/7541/7541 
f 7530/7530/7530 7542/7542/7542 7531/7531/7531 
f 7543/7543/7543 7531/7531/7531 7542/7542/7542 
f 7531/7531/7531 7543/7543/7543 7532/7532/7532 
f 7544/7544/7544 7532/7532/7532 7543/7543/7543 
f 7532/7532/7532 7544/7544/7544 7533/7533/7533 
f 7545/7545/7545 7533/7533/7533 7544/7544/7544 
f 7533/7533/7533 7545/7545/7545 7522/7522/7522 
f 7534/7534/7534 7522/7522/7522 7545/7545/7545 
f 7546/7546/7546 7535/7535/7535 7534/7534/7534 
f 7546/7546/7546 7536/7536/7536 7535/7535/7535 
f 7546/7546/7546 7537/7537/7537 7536/7536/7536 
f 7546/7546/7546 7538/7538/7538 7537/7537/7537 
f 7546/7546/7546 7539/7539/7539 7538/7538/7538 
f 7546/7546/7546 7540/7540/7540 7539/7539/7539 
f 7546/7546/7546 7541/7541/7541 7540/7540/7540 
f 7546/7546/7546 7542/7542/7542 7541/7541/7541 
f 7546/7546/7546 7543/7543/7543 7542/7542/7542 
f 7546/7546/7546 7544/7544/7544 7543/7543/7543 
f 7546/7546/7546 7545/7545/7545 7544/7544/7544 
f 7546/7546/7546 7534/7534/7534 7545/7545/7545 

g Player1

v 0.065 101.945 0.5 
v 0.065 100.075 0.5 
v 0.935 100.075 0.5 
v 0.935 101.945 0.5 
v 0.065 102.01 0.435 
v 0 101.945 0.435 
v 0 100.075 0.435 
v 0.065 100.01 0.435 
v 0.935 100.01 0.435 
v 1 100.075 0.435 
v 1 101.945 0.435 
v 0.935 102.01 0.435 
v 0.065 102.01 0.435 
v 0.065 102.01 -0.435 
v 0 101.945 -0.435 
v 0 101.945 0.435 
v 0 100.075 -0.435 
v 0 100.075 0.435 
v 0.065 100.01 -0.435 
v 0.065 100.01 0.435 
v 0.065 100.01 0.435 
v 0.065 100.01 -0.435 
v 0.935 100.01 -0.435 
v 0.935 100.01 0.435 
v 0.935 100.01 0.435 
v 0.935 100.01 -0.435 
v 1 100.075 -0.435 
v 1 101.945 -0.435 
v 0.935 102.01 -0.435 
v 0.935 102.01 0.435 
v 0.935 102.01 0.435 
v 0.935 102.01 -0.435 
v 0.065 102.01 -0.435 
v 0.065 102.01 0.435 
v 0.065 102.01 -0.435 
v 0.065 101.945 -0.5 
v 0.065 100.075 -0.5 
v 0.065 100.01 -0.435 
v 0.935 100.075 -0.5 
v 0.935 100.01 -0.435 
v 0.935 101.945 -0.5 
v 0.935 102.01 -0.435 

vn 0 0 1 
vn 0 0 1 
vn 0 0 1 
vn 0 0 1 
vn 0 1 0 
vn -1 0 0 
vn -1 0 0 
vn 0 -1 0 
vn 0 -1 0 
vn 1 0 0 
vn 1 0 0 
vn 0 1 0 
vn 0 1 0 
vn 0 1 0 
vn -1 0 0 
vn -1 0 0 
vn -1 0 0 
vn -1 0 0 
vn 0 -1 0 
vn 0 -1 0 
vn 0 -1 0 
vn 0 -1 0 
vn 0 -1 0 
vn 0 -1 0 
vn 0 -1 0 
vn 0 -1 0 
vn 1 0 0 
vn 1 0 0 
vn 0 1 0 
vn 0 1 0 
vn 0 1 0 
vn 0 1 0 
vn 0 1 0 
vn 0 1 0 
vn 0 1 0 
vn 0 0 -1 
vn 0 0 -1 
vn 0 -1 0 
vn 0 0 -1 
vn 0 -1 0 
vn 0 0 -1 
vn 0 1 0 

vt 0.555176 0.871094 
vt 0.464356 0.871094 
vt 0.464356 0.753906 
vt 0.555176 0.753906 
vt 0.558106 0.871094 
vt 0.555176 0.878906 
vt 0.464356 0.878906 
vt 0.461426 0.871094 
vt 0.461426 0.753906 
vt 0.464356 0.746094 
vt 0.555176 0.746094 
vt 0.558106 0.753906 
vt 0.558106 0.378906 
vt 0.558106 0.496094 
vt 0.555176 0.496094 
vt 0.555176 0.378906 
vt 0.464356 0.496094 
vt 0.464356 0.378906 
vt 0.461426 0.496094 
vt 0.461426 0.378906 
vt 0.496582 0.238281 
vt 0.496582 0.355469 
vt 0.452637 0.355469 
vt 0.452637 0.238281 
vt 0.461426 0.746094 
vt 0.461426 0.628906 
vt 0.464356 0.628906 
vt 0.555176 0.628906 
vt 0.558106 0.628906 
vt 0.558106 0.746094 
vt 0.347168 0.355469 
vt 0.347168 0.238281 
vt 0.391113 0.238281 
vt 0.391113 0.355469 
vt 0.558106 0.503906 
vt 0.555176 0.503906 
vt 0.464356 0.503906 
vt 0.461426 0.503906 
vt 0.464356 0.621094 
vt 0.461426 0.621094 
vt 0.555176 0.621094 
vt 0.558106 0.621094 

usemtl Handle2Mtl

f 7547/7547/7547 7548/7548/7548 7549/7549/7549 
f 7547/7547/7547 7549/7549/7549 7550/7550/7550 
f 7547/7547/7547 7551/7551/7551 7552/7552/7552 
f 7547/7547/7547 7552/7552/7552 7553/7553/7553 
f 7547/7547/7547 7553/7553/7553 7548/7548/7548 
f 7548/7548/7548 7553/7553/7553 7554/7554/7554 
f 7548/7548/7548 7554/7554/7554 7555/7555/7555 
f 7548/7548/7548 7555/7555/7555 7549/7549/7549 
f 7549/7549/7549 7555/7555/7555 7556/7556/7556 
f 7549/7549/7549 7556/7556/7556 7557/7557/7557 
f 7549/7549/7549 7557/7557/7557 7550/7550/7550 
f 7550/7550/7550 7557/7557/7557 7558/7558/7558 
f 7550/7550/7550 7558/7558/7558 7551/7551/7551 
f 7550/7550/7550 7551/7551/7551 7547/7547/7547 
f 7559/7559/7559 7560/7560/7560 7561/7561/7561 
f 7559/7559/7559 7561/7561/7561 7562/7562/7562 
f 7562/7562/7562 7561/7561/7561 7563/7563/7563 
f 7562/7562/7562 7563/7563/7563 7564/7564/7564 
f 7564/7564/7564 7563/7563/7563 7565/7565/7565 
f 7564/7564/7564 7565/7565/7565 7566/7566/7566 
f 7567/7567/7567 7568/7568/7568 7569/7569/7569 
f 7567/7567/7567 7569/7569/7569 7570/7570/7570 
f 7571/7571/7571 7572/7572/7572 7573/7573/7573 
f 7571/7571/7571 7573/7573/7573 7556/7556/7556 
f 7556/7556/7556 7573/7573/7573 7574/7574/7574 
f 7556/7556/7556 7574/7574/7574 7557/7557/7557 
f 7557/7557/7557 7574/7574/7574 7575/7575/7575 
f 7557/7557/7557 7575/7575/7575 7576/7576/7576 
f 7577/7577/7577 7578/7578/7578 7579/7579/7579 
f 7577/7577/7577 7579/7579/7579 7580/7580/7580 
f 7581/7581/7581 7582/7582/7582 7561/7561/7561 
f 7561/7561/7561 7582/7582/7582 7583/7583/7583 
f 7561/7561/7561 7583/7583/7583 7563/7563/7563 
f 7563/7563/7563 7583/7583/7583 7584/7584/7584 
f 7584/7584/7584 7583/7583/7583 7585/7585/7585 
f 7584/7584/7584 7585/7585/7585 7586/7586/7586 
f 7586/7586/7586 7585/7585/7585 7573/7573/7573 
f 7573/7573/7573 7585/7585/7585 7587/7587/7587 
f 7573/7573/7573 7587/7587/7587 7574/7574/7574 
f 7574/7574/7574 7587/7587/7587 7588/7588/7588 
f 7588/7588/7588 7587/7587/7587 7582/7582/7582 
f 7588/7588/7588 7582/7582/7582 7581/7581/7581 
f 7587/7587/7587 7585/7585/7585 7583/7583/7583 
f 7587/7587/7587 7583/7583/7583 7582/7582/7582 

g Player2

v -0.935 101.945 0.5 
v -0.935 100.075 0.5 
v -0.065 100.075 0.5 
v -0.065 101.945 0.5 
v -0.935 102.01 0.435 
v -1 101.945 0.435 
v -1 100.075 0.435 
v -0.935 100.01 0.435 
v -0.065 100.01 0.435 
v 0 100.075 0.435 
v 0 101.945 0.435 
v -0.065 102.01 0.435 
v -0.935 102.01 0.435 
v -0.935 102.01 -0.435 
v -1 101.945 -0.435 
v -1 100.075 -0.435 
v -0.935 100.01 -0.435 
v -0.935 100.01 0.435 
v -0.935 100.01 0.435 
v -0.935 100.01 -0.435 
v -0.065 100.01 -0.435 
v -0.065 100.01 0.435 
v -0.065 100.01 0.435 
v -0.065 100.01 -0.435 
v 0 100.075 -0.435 
v 0 100.075 0.435 
v 0 101.945 -0.435 
v 0 101.945 0.435 
v -0.065 102.01 -0.435 
v -0.065 102.01 0.435 
v -0.065 102.01 0.435 
v -0.065 102.01 -0.435 
v -0.935 102.01 -0.435 
v -0.935 102.01 0.435 
v -0.935 102.01 -0.435 
v -0.935 101.945 -0.5 
v -0.935 100.075 -0.5 
v -0.935 100.01 -0.435 
v -0.065 100.075 -0.5 
v -0.065 100.01 -0.435 
v -0.065 101.945 -0.5 
v -0.065 102.01 -0.435 

vn 0 0 1 
vn 0 0 1 
vn 0 0 1 
vn 0 0 1 
vn 0 1 0 
vn -1 0 0 
vn -1 0 0 
vn 0 -1 0 
vn 0 -1 0 
vn 1 0 0 
vn 1 0 0 
vn 0 1 0 
vn 0 1 0 
vn 0 1 0 
vn -1 0 0 
vn -1 0 0 
vn 0 -1 0 
vn 0 -1 0 
vn 0 -1 0 
vn 0 -1 0 
vn 0 -1 0 
vn 0 -1 0 
vn 0 -1 0 
vn 0 -1 0 
vn 1 0 0 
vn 1 0 0 
vn 1 0 0 
vn 1 0 0 
vn 0 1 0 
vn 0 1 0 
vn 0 1 0 
vn 0 1 0 
vn 0 1 0 
vn 0 1 0 
vn 0 1 0 
vn 0 0 -1 
vn 0 0 -1 
vn 0 -1 0 
vn 0 0 -1 
vn 0 -1 0 
vn 0 0 -1 
vn 0 1 0 

vt 0.70166 0.621094 
vt 0.61084 0.621094 
vt 0.61084 0.503906 
vt 0.70166 0.503906 
vt 0.70459 0.621094 
vt 0.70166 0.628906 
vt 0.61084 0.628906 
vt 0.60791 0.621094 
vt 0.60791 0.503906 
vt 0.61084 0.496094 
vt 0.70166 0.496094 
vt 0.70459 0.503906 
vt 0.70459 0.628906 
vt 0.70459 0.746094 
vt 0.70166 0.746094 
vt 0.61084 0.746094 
vt 0.60791 0.746094 
vt 0.60791 0.628906 
vt 0.549317 0.238281 
vt 0.549317 0.355469 
vt 0.505371 0.355469 
vt 0.505371 0.238281 
vt 0.60791 0.996094 
vt 0.60791 0.878906 
vt 0.61084 0.878906 
vt 0.61084 0.996094 
vt 0.70166 0.878906 
vt 0.70166 0.996094 
vt 0.70459 0.878906 
vt 0.70459 0.996094 
vt 0.399902 0.355469 
vt 0.399902 0.238281 
vt 0.443848 0.238281 
vt 0.443848 0.355469 
vt 0.70459 0.753906 
vt 0.70166 0.753906 
vt 0.61084 0.753906 
vt 0.60791 0.753906 
vt 0.61084 0.871094 
vt 0.60791 0.871094 
vt 0.70166 0.871094 
vt 0.70459 0.871094 

usemtl Handle2Mtl

f 7589/7589/7589 7590/7590/7590 7591/7591/7591 
f 7589/7589/7589 7591/7591/7591 7592/7592/7592 
f 7589/7589/7589 7593/7593/7593 7594/7594/7594 
f 7589/7589/7589 7594/7594/7594 7595/7595/7595 
f 7589/7589/7589 7595/7595/7595 7590/7590/7590 
f 7590/7590/7590 7595/7595/7595 7596/7596/7596 
f 7590/7590/7590 7596/7596/7596 7597/7597/7597 
f 7590/7590/7590 7597/7597/7597 7591/7591/7591 
f 7591/7591/7591 7597/7597/7597 7598/7598/7598 
f 7591/7591/7591 7598/7598/7598 7599/7599/7599 
f 7591/7591/7591 7599/7599/7599 7592/7592/7592 
f 7592/7592/7592 7599/7599/7599 7600/7600/7600 
f 7592/7592/7592 7600/7600/7600 7593/7593/7593 
f 7592/7592/7592 7593/7593/7593 7589/7589/7589 
f 7601/7601/7601 7602/7602/7602 7603/7603/7603 
f 7601/7601/7601 7603/7603/7603 7594/7594/7594 
f 7594/7594/7594 7603/7603/7603 7604/7604/7604 
f 7594/7594/7594 7604/7604/7604 7595/7595/7595 
f 7595/7595/7595 7604/7604/7604 7605/7605/7605 
f 7595/7595/7595 7605/7605/7605 7606/7606/7606 
f 7607/7607/7607 7608/7608/7608 7609/7609/7609 
f 7607/7607/7607 7609/7609/7609 7610/7610/7610 
f 7611/7611/7611 7612/7612/7612 7613/7613/7613 
f 7611/7611/7611 7613/7613/7613 7614/7614/7614 
f 7614/7614/7614 7613/7613/7613 7615/7615/7615 
f 7614/7614/7614 7615/7615/7615 7616/7616/7616 
f 7616/7616/7616 7615/7615/7615 7617/7617/7617 
f 7616/7616/7616 7617/7617/7617 7618/7618/7618 
f 7619/7619/7619 7620/7620/7620 7621/7621/7621 
f 7619/7619/7619 7621/7621/7621 7622/7622/7622 
f 7623/7623/7623 7624/7624/7624 7603/7603/7603 
f 7603/7603/7603 7624/7624/7624 7625/7625/7625 
f 7603/7603/7603 7625/7625/7625 7604/7604/7604 
f 7604/7604/7604 7625/7625/7625 7626/7626/7626 
f 7626/7626/7626 7625/7625/7625 7627/7627/7627 
f 7626/7626/7626 7627/7627/7627 7628/7628/7628 
f 7628/7628/7628 7627/7627/7627 7613/7613/7613 
f 7613/7613/7613 7627/7627/7627 7629/7629/7629 
f 7613/7613/7613 7629/7629/7629 7615/7615/7615 
f 7615/7615/7615 7629/7629/7629 7630/7630/7630 
f 7630/7630/7630 7629/7629/7629 7624/7624/7624 
f 7630/7630/7630 7624/7624/7624 7623/7623/7623 
f 7629/7629/7629 7627/7627/7627 7625/7625/7625 
f 7629/7629/7629 7625/7625/7625 7624/7624/7624 

g Player3

v 1.065 103.945 0.5 
v 1.065 102.075 0.5 
v 1.935 102.075 0.5 
v 1.935 103.945 0.5 
v 1.065 104.01 0.435 
v 1 103.945 0.435 
v 1 102.075 0.435 
v 1.065 102.01 0.435 
v 1.935 102.01 0.435 
v 2 102.075 0.435 
v 2 103.945 0.435 
v 1.935 104.01 0.435 
v 1.065 104.01 0.435 
v 1.065 104.01 -0.435 
v 1 103.945 -0.435 
v 1 103.945 0.435 
v 1 102.075 -0.435 
v 1 102.075 0.435 
v 1.065 102.01 -0.435 
v 1.065 102.01 0.435 
v 1.065 102.01 0.435 
v 1.065 102.01 -0.435 
v 1.935 102.01 -0.435 
v 1.935 102.01 0.435 
v 1.935 102.01 0.435 
v 1.935 102.01 -0.435 
v 2 102.075 -0.435 
v 2 103.945 -0.435 
v 1.935 104.01 -0.435 
v 1.935 104.01 0.435 
v 1.935 104.01 0.435 
v 1.935 104.01 -0.435 
v 1.065 104.01 -0.435 
v 1.065 104.01 0.435 
v 1.065 104.01 -0.435 
v 1.065 103.945 -0.5 
v 1.065 102.075 -0.5 
v 1.065 102.01 -0.435 
v 1.935 102.075 -0.5 
v 1.935 102.01 -0.435 
v 1.935 103.945 -0.5 
v 1.935 104.01 -0.435 

vn 0 0 1 
vn 0 0 1 
vn 0 0 1 
vn 0 0 1 
vn 0 1 0 
vn -1 0 0 
vn -1 0 0 
vn 0 -1 0 
vn 0 -1 0 
vn 1 0 0 
vn 1 0 0 
vn 0 1 0 
vn 0 1 0 
vn 0 1 0 
vn -1 0 0 
vn -1 0 0 
vn -1 0 0 
vn -1 0 0 
vn 0 -1 0 
vn 0 -1 0 
vn 0 -1 0 
vn 0 -1 0 
vn 0 -1 0 
vn 0 -1 0 
vn 0 -1 0 
vn 0 -1 0 
vn 1 0 0 
vn 1 0 0 
vn 0 1 0 
vn 0 1 0 
vn 0 1 0 
vn 0 1 0 
vn 0 1 0 
vn 0 1 0 
vn 0 1 0 
vn 0 0 -1 
vn 0 0 -1 
vn 0 -1 0 
vn 0 0 -1 
vn 0 -1 0 
vn 0 0 -1 
vn 0 1 0 

vt 0.262207 0.871094 
vt 0.171387 0.871094 
vt 0.171387 0.753906 
vt 0.262207 0.753906 
vt 0.265137 0.871094 
vt 0.262207 0.878906 
vt 0.171387 0.878906 
vt 0.168457 0.871094 
vt 0.168457 0.753906 
vt 0.171387 0.746094 
vt 0.262207 0.746094 
vt 0.265137 0.753906 
vt 0.265137 0.378906 
vt 0.265137 0.496094 
vt 0.262207 0.496094 
vt 0.262207 0.378906 
vt 0.171387 0.496094 
vt 0.171387 0.378906 
vt 0.168457 0.496094 
vt 0.168457 0.378906 
vt 0.602051 0.238281 
vt 0.602051 0.355469 
vt 0.558106 0.355469 
vt 0.558106 0.238281 
vt 0.168457 0.746094 
vt 0.168457 0.628906 
vt 0.171387 0.628906 
vt 0.262207 0.628906 
vt 0.265137 0.628906 
vt 0.265137 0.746094 
vt 0.663574 0.355469 
vt 0.663574 0.238281 
vt 0.707519 0.238281 
vt 0.707519 0.355469 
vt 0.265137 0.503906 
vt 0.262207 0.503906 
vt 0.171387 0.503906 
vt 0.168457 0.503906 
vt 0.171387 0.621094 
vt 0.168457 0.621094 
vt 0.262207 0.621094 
vt 0.265137 0.621094 

usemtl Handle2Mtl

f 7631/7631/7631 7632/7632/7632 7633/7633/7633 
f 7631/7631/7631 7633/7633/7633 7634/7634/7634 
f 7631/7631/7631 7635/7635/7635 7636/7636/7636 
f 7631/7631/7631 7636/7636/7636 7637/7637/7637 
f 7631/7631/7631 7637/7637/7637 7632/7632/7632 
f 7632/7632/7632 7637/7637/7637 7638/7638/7638 
f 7632/7632/7632 7638/7638/7638 7639/7639/7639 
f 7632/7632/7632 7639/7639/7639 7633/7633/7633 
f 7633/7633/7633 7639/7639/7639 7640/7640/7640 
f 7633/7633/7633 7640/7640/7640 7641/7641/7641 
f 7633/7633/7633 7641/7641/7641 7634/7634/7634 
f 7634/7634/7634 7641/7641/7641 7642/7642/7642 
f 7634/7634/7634 7642/7642/7642 7635/7635/7635 
f 7634/7634/7634 7635/7635/7635 7631/7631/7631 
f 7643/7643/7643 7644/7644/7644 7645/7645/7645 
f 7643/7643/7643 7645/7645/7645 7646/7646/7646 
f 7646/7646/7646 7645/7645/7645 7647/7647/7647 
f 7646/7646/7646 7647/7647/7647 7648/7648/7648 
f 7648/7648/7648 7647/7647/7647 7649/7649/7649 
f 7648/7648/7648 7649/7649/7649 7650/7650/7650 
f 7651/7651/7651 7652/7652/7652 7653/7653/7653 
f 7651/7651/7651 7653/7653/7653 7654/7654/7654 
f 7655/7655/7655 7656/7656/7656 7657/7657/7657 
f 7655/7655/7655 7657/7657/7657 7640/7640/7640 
f 7640/7640/7640 7657/7657/7657 7658/7658/7658 
f 7640/7640/7640 7658/7658/7658 7641/7641/7641 
f 7641/7641/7641 7658/7658/7658 7659/7659/7659 
f 7641/7641/7641 7659/7659/7659 7660/7660/7660 
f 7661/7661/7661 7662/7662/7662 7663/7663/7663 
f 7661/7661/7661 7663/7663/7663 7664/7664/7664 
f 7665/7665/7665 7666/7666/7666 7645/7645/7645 
f 7645/7645/7645 7666/7666/7666 7667/7667/7667 
f 7645/7645/7645 7667/7667/7667 7647/7647/7647 
f 7647/7647/7647 7667/7667/7667 7668/7668/7668 
f 7668/7668/7668 7667/7667/7667 7669/7669/7669 
f 7668/7668/7668 7669/7669/7669 7670/7670/7670 
f 7670/7670/7670 7669/7669/7669 7657/7657/7657 
f 7657/7657/7657 7669/7669/7669 7671/7671/7671 
f 7657/7657/7657 7671/7671/7671 7658/7658/7658 
f 7658/7658/7658 7671/7671/7671 7672/7672/7672 
f 7672/7672/7672 7671/7671/7671 7666/7666/7666 
f 7672/7672/7672 7666/7666/7666 7665/7665/7665 
f 7671/7671/7671 7669/7669/7669 7667/7667/7667 
f 7671/7671/7671 7667/7667/7667 7666/7666/7666 

g Player4

v -1.935 103.945 0.5 
v -1.935 102.075 0.5 
v -1.065 102.075 0.5 
v -1.065 103.945 0.5 
v -1.935 104.01 0.435 
v -2 103.945 0.435 
v -2 102.075 0.435 
v -1.935 102.01 0.435 
v -1.065 102.01 0.435 
v -1 102.075 0.435 
v -1 103.945 0.435 
v -1.065 104.01 0.435 
v -1.935 104.01 0.435 
v -1.935 104.01 -0.435 
v -2 103.945 -0.435 
v -2 102.075 -0.435 
v -1.935 102.01 -0.435 
v -1.935 102.01 0.435 
v -1.935 102.01 0.435 
v -1.935 102.01 -0.435 
v -1.065 102.01 -0.435 
v -1.065 102.01 0.435 
v -1.065 102.01 0.435 
v -1.065 102.01 -0.435 
v -1 102.075 -0.435 
v -1 102.075 0.435 
v -1 103.945 -0.435 
v -1 103.945 0.435 
v -1.065 104.01 -0.435 
v -1.065 104.01 0.435 
v -1.065 104.01 0.435 
v -1.065 104.01 -0.435 
v -1.935 104.01 -0.435 
v -1.935 104.01 0.435 
v -1.935 104.01 -0.435 
v -1.935 103.945 -0.5 
v -1.935 102.075 -0.5 
v -1.935 102.01 -0.435 
v -1.065 102.075 -0.5 
v -1.065 102.01 -0.435 
v -1.065 103.945 -0.5 
v -1.065 104.01 -0.435 

vn 0 0 1 
vn 0 0 1 
vn 0 0 1 
vn 0 0 1 
vn 0 1 0 
vn -1 0 0 
vn -1 0 0 
vn 0 -1 0 
vn 0 -1 0 
vn 1 0 0 
vn 1 0 0 
vn 0 1 0 
vn 0 1 0 
vn 0 1 0 
vn -1 0 0 
vn -1 0 0 
vn 0 -1 0 
vn 0 -1 0 
vn 0 -1 0 
vn 0 -1 0 
vn 0 -1 0 
vn 0 -1 0 
vn 0 -1 0 
vn 0 -1 0 
vn 1 0 0 
vn 1 0 0 
vn 1 0 0 
vn 1 0 0 
vn 0 1 0 
vn 0 1 0 
vn 0 1 0 
vn 0 1 0 
vn 0 1 0 
vn 0 1 0 
vn 0 1 0 
vn 0 0 -1 
vn 0 0 -1 
vn 0 -1 0 
vn 0 0 -1 
vn 0 -1 0 
vn 0 0 -1 
vn 0 1 0 

vt 0.408691 0.621094 
vt 0.317871 0.621094 
vt 0.317871 0.503906 
vt 0.408691 0.503906 
vt 0.411621 0.621094 
vt 0.408691 0.628906 
vt 0.317871 0.628906 
vt 0.314941 0.621094 
vt 0.314941 0.503906 
vt 0.317871 0.496094 
vt 0.408691 0.496094 
vt 0.411621 0.503906 
vt 0.411621 0.628906 
vt 0.411621 0.746094 
vt 0.408691 0.746094 
vt 0.317871 0.746094 
vt 0.314941 0.746094 
vt 0.314941 0.628906 
vt 0.654785 0.238281 
vt 0.654785 0.355469 
vt 0.61084 0.355469 
vt 0.61084 0.238281 
vt 0.314941 0.996094 
vt 0.314941 0.878906 
vt 0.317871 0.878906 
vt 0.317871 0.996094 
vt 0.408691 0.878906 
vt 0.408691 0.996094 
vt 0.411621 0.878906 
vt 0.411621 0.996094 
vt 0.14795 0.210937 
vt 0.14795 0.09375 
vt 0.191894 0.09375 
vt 0.191894 0.210937 
vt 0.411621 0.753906 
vt 0.408691 0.753906 
vt 0.317871 0.753906 
vt 0.314941 0.753906 
vt 0.317871 0.871094 
vt 0.314941 0.871094 
vt 0.408691 0.871094 
vt 0.411621 0.871094 

usemtl Handle2Mtl

f 7673/7673/7673 7674/7674/7674 7675/7675/7675 
f 7673/7673/7673 7675/7675/7675 7676/7676/7676 
f 7673/7673/7673 7677/7677/7677 7678/7678/7678 
f 7673/7673/7673 7678/7678/7678 7679/7679/7679 
f 7673/7673/7673 7679/7679/7679 7674/7674/7674 
f 7674/7674/7674 7679/7679/7679 7680/7680/7680 
f 7674/7674/7674 7680/7680/7680 7681/7681/7681 
f 7674/7674/7674 7681/7681/7681 7675/7675/7675 
f 7675/7675/7675 7681/7681/7681 7682/7682/7682 
f 7675/7675/7675 7682/7682/7682 7683/7683/7683 
f 7675/7675/7675 7683/7683/7683 7676/7676/7676 
f 7676/7676/7676 7683/7683/7683 7684/7684/7684 
f 7676/7676/7676 7684/7684/7684 7677/7677/7677 
f 7676/7676/7676 7677/7677/7677 7673/7673/7673 
f 7685/7685/7685 7686/7686/7686 7687/7687/7687 
f 7685/7685/7685 7687/7687/7687 7678/7678/7678 
f 7678/7678/7678 7687/7687/7687 7688/7688/7688 
f 7678/7678/7678 7688/7688/7688 7679/7679/7679 
f 7679/7679/7679 7688/7688/7688 7689/7689/7689 
f 7679/7679/7679 7689/7689/7689 7690/7690/7690 
f 7691/7691/7691 7692/7692/7692 7693/7693/7693 
f 7691/7691/7691 7693/7693/7693 7694/7694/7694 
f 7695/7695/7695 7696/7696/7696 7697/7697/7697 
f 7695/7695/7695 7697/7697/7697 7698/7698/7698 
f 7698/7698/7698 7697/7697/7697 7699/7699/7699 
f 7698/7698/7698 7699/7699/7699 7700/7700/7700 
f 7700/7700/7700 7699/7699/7699 7701/7701/7701 
f 7700/7700/7700 7701/7701/7701 7702/7702/7702 
f 7703/7703/7703 7704/7704/7704 7705/7705/7705 
f 7703/7703/7703 7705/7705/7705 7706/7706/7706 
f 7707/7707/7707 7708/7708/7708 7687/7687/7687 
f 7687/7687/7687 7708/7708/7708 7709/7709/7709 
f 7687/7687/7687 7709/7709/7709 7688/7688/7688 
f 7688/7688/7688 7709/7709/7709 7710/7710/7710 
f 7710/7710/7710 7709/7709/7709 7711/7711/7711 
f 7710/7710/7710 7711/7711/7711 7712/7712/7712 
f 7712/7712/7712 7711/7711/7711 7697/7697/7697 
f 7697/7697/7697 7711/7711/7711 7713/7713/7713 
f 7697/7697/7697 7713/7713/7713 7699/7699/7699 
f 7699/7699/7699 7713/7713/7713 7714/7714/7714 
f 7714/7714/7714 7713/7713/7713 7708/7708/7708 
f 7714/7714/7714 7708/7708/7708 7707/7707/7707 
f 7713/7713/7713 7711/7711/7711 7709/7709/7709 
f 7713/7713/7713 7709/7709/7709 7708/7708/7708 

g Player5

v -0.935 103.945 0.5 
v -0.935 102.075 0.5 
v 0.935 102.075 0.5 
v 0.935 103.945 0.5 
v -0.935 104.01 0.435 
v -1 103.945 0.435 
v -1 102.075 0.435 
v -0.935 102.01 0.435 
v 0.935 102.01 0.435 
v 1 102.075 0.435 
v 1 103.945 0.435 
v 0.935 104.01 0.435 
v -0.935 104.01 0.435 
v -0.935 104.01 -0.435 
v -1 103.945 -0.435 
v -1 102.075 -0.435 
v -0.935 102.01 -0.435 
v -0.935 102.01 0.435 
v -0.935 102.01 0.435 
v -0.935 102.01 -0.435 
v 0.935 102.01 -0.435 
v 0.935 102.01 0.435 
v 0.935 102.01 0.435 
v 0.935 102.01 -0.435 
v 1 102.075 -0.435 
v 1 102.075 0.435 
v 1 103.945 -0.435 
v 1 103.945 0.435 
v 0.935 104.01 -0.435 
v 0.935 104.01 0.435 
v 0.935 104.01 0.435 
v 0.935 104.01 -0.435 
v -0.935 104.01 -0.435 
v -0.935 104.01 0.435 
v -0.935 104.01 -0.435 
v -0.935 103.945 -0.5 
v -0.935 102.075 -0.5 
v -0.935 102.01 -0.435 
v 0.935 102.075 -0.5 
v 0.935 102.01 -0.435 
v 0.935 103.945 -0.5 
v 0.935 104.01 -0.435 

vn 0 0 1 
vn 0 0 1 
vn 0 0 1 
vn 0 0 1 
vn 0 1 0 
vn -1 0 0 
vn -1 0 0 
vn 0 -1 0 
vn 0 -1 0 
vn 1 0 0 
vn 1 0 0 
vn 0 1 0 
vn 0 1 0 
vn 0 1 0 
vn -1 0 0 
vn -1 0 0 
vn 0 -1 0 
vn 0 -1 0 
vn 0 -1 0 
vn 0 -1 0 
vn 0 -1 0 
vn 0 -1 0 
vn 0 -1 0 
vn 0 -1 0 
vn 1 0 0 
vn 1 0 0 
vn 1 0 0 
vn 1 0 0 
vn 0 1 0 
vn 0 1 0 
vn 0 1 0 
vn 0 1 0 
vn 0 1 0 
vn 0 1 0 
vn 0 1 0 
vn 0 0 -1 
vn 0 0 -1 
vn 0 -1 0 
vn 0 0 -1 
vn 0 -1 0 
vn 0 0 -1 
vn 0 1 0 

vt 0.115723 0.496094 
vt 0.0249022 0.496094 
vt 0.0249022 0.253906 
vt 0.115723 0.253906 
vt 0.118652 0.496094 
vt 0.115723 0.503906 
vt 0.0249022 0.503906 
vt 0.0219727 0.496094 
vt 0.0219727 0.253906 
vt 0.0249022 0.246094 
vt 0.115723 0.246094 
vt 0.118652 0.253906 
vt 0.118652 0.503906 
vt 0.118652 0.621094 
vt 0.115723 0.621094 
vt 0.0249022 0.621094 
vt 0.0219727 0.621094 
vt 0.0219727 0.503906 
vt 0.337646 0.240234 
vt 0.337646 0.357422 
vt 0.246826 0.357422 
vt 0.246826 0.240234 
vt 0.0219727 0.996094 
vt 0.0219727 0.878906 
vt 0.0249022 0.878906 
vt 0.0249022 0.996094 
vt 0.115723 0.878906 
vt 0.115723 0.996094 
vt 0.118652 0.878906 
vt 0.118652 0.996094 
vt 0.14795 0.357422 
vt 0.14795 0.240234 
vt 0.238769 0.240234 
vt 0.238769 0.357422 
vt 0.118652 0.628906 
vt 0.115723 0.628906 
vt 0.0249022 0.628906 
vt 0.0219727 0.628906 
vt 0.0249022 0.871094 
vt 0.0219727 0.871094 
vt 0.115723 0.871094 
vt 0.118652 0.871094 

usemtl Handle2Mtl

f 7715/7715/7715 7716/7716/7716 7717/7717/7717 
f 7715/7715/7715 7717/7717/7717 7718/7718/7718 
f 7715/7715/7715 7719/7719/7719 7720/7720/7720 
f 7715/7715/7715 7720/7720/7720 7721/7721/7721 
f 7715/7715/7715 7721/7721/7721 7716/7716/7716 
f 7716/7716/7716 7721/7721/7721 7722/7722/7722 
f 7716/7716/7716 7722/7722/7722 7723/7723/7723 
f 7716/7716/7716 7723/7723/7723 7717/7717/7717 
f 7717/7717/7717 7723/7723/7723 7724/7724/7724 
f 7717/7717/7717 7724/7724/7724 7725/7725/7725 
f 7717/7717/7717 7725/7725/7725 7718/7718/7718 
f 7718/7718/7718 7725/7725/7725 7726/7726/7726 
f 7718/7718/7718 7726/7726/7726 7719/7719/7719 
f 7718/7718/7718 7719/7719/7719 7715/7715/7715 
f 7727/7727/7727 7728/7728/7728 7729/7729/7729 
f 7727/7727/7727 7729/7729/7729 7720/7720/7720 
f 7720/7720/7720 7729/7729/7729 7730/7730/7730 
f 7720/7720/7720 7730/7730/7730 7721/7721/7721 
f 7721/7721/7721 7730/7730/7730 7731/7731/7731 
f 7721/7721/7721 7731/7731/7731 7732/7732/7732 
f 7733/7733/7733 7734/7734/7734 7735/7735/7735 
f 7733/7733/7733 7735/7735/7735 7736/7736/7736 
f 7737/7737/7737 7738/7738/7738 7739/7739/7739 
f 7737/7737/7737 7739/7739/7739 7740/7740/7740 
f 7740/7740/7740 7739/7739/7739 7741/7741/7741 
f 7740/7740/7740 7741/7741/7741 7742/7742/7742 
f 7742/7742/7742 7741/7741/7741 7743/7743/7743 
f 7742/7742/7742 7743/7743/7743 7744/7744/7744 
f 7745/7745/7745 7746/7746/7746 7747/7747/7747 
f 7745/7745/7745 7747/7747/7747 7748/7748/7748 
f 7749/7749/7749 7750/7750/7750 7729/7729/7729 
f 7729/7729/7729 7750/7750/7750 7751/7751/7751 
f 7729/7729/7729 7751/7751/7751 7730/7730/7730 
f 7730/7730/7730 7751/7751/7751 7752/7752/7752 
f 7752/7752/7752 7751/7751/7751 7753/7753/7753 
f 7752/7752/7752 7753/7753/7753 7754/7754/7754 
f 7754/7754/7754 7753/7753/7753 7739/7739/7739 
f 7739/7739/7739 7753/7753/7753 7755/7755/7755 
f 7739/7739/7739 7755/7755/7755 7741/7741/7741 
f 7741/7741/7741 7755/7755/7755 7756/7756/7756 
f 7756/7756/7756 7755/7755/7755 7750/7750/7750 
f 7756/7756/7756 7750/7750/7750 7749/7749/7749 
f 7755/7755/7755 7753/7753/7753 7751/7751/7751 
f 7755/7755/7755 7751/7751/7751 7750/7750/7750 

g Player6

v 0 103.931 0.00343821 
v 0 103.933 0.00243118 
v -0.00171911 103.932 0.00243118 
v 0 103.931 0.00343821 
v -0.00243118 103.931 0.00243118 
v 0 103.931 0.00343821 
v -0.00171911 103.929 0.00243118 
v 0 103.931 0.00343821 
v 0 103.928 0.00243118 
v 0 103.931 0.00343821 
v 0.00171911 103.929 0.00243118 
v 0 103.931 0.00343821 
v 0.00243118 103.931 0.00243118 
v 0 103.931 0.00343821 
v 0.00171911 103.932 0.00243118 
v 0 103.931 0.00343821 
v 0 103.933 0.00243118 
v 0 103.934 0 
v -0.00243118 103.933 0 
v -0.00343821 103.931 0 
v -0.00243118 103.928 0 
v 0 103.927 0 
v 0.00243118 103.928 0 
v 0.00343821 103.931 0 
v 0.00243118 103.933 0 
v 0 103.934 0 
v 0 103.933 -0.00243118 
v -0.00171911 103.932 -0.00243118 
v -0.00243118 103.931 -0.00243118 
v -0.00171911 103.929 -0.00243118 
v 0 103.928 -0.00243118 
v 0.00171911 103.929 -0.00243118 
v 0.00243118 103.931 -0.00243118 
v 0.00171911 103.932 -0.00243118 
v 0 103.933 -0.00243118 
v 0 103.931 -0.00343821 
v 0 103.931 -0.00343821 
v 0 103.931 -0.00343821 
v 0 103.931 -0.00343821 
v 0 103.931 -0.00343821 
v 0 103.931 -0.00343821 
v 0 103.931 -0.00343821 
v 0 103.931 -0.00343821 

vn 0 0 1 
vn 0 0.748031 0.661417 
vn -0.527559 0.527559 0.661417 
vn 0 0 1 
vn -0.748031 0 0.661417 
vn 0 0 1 
vn -0.527559 -0.527559 0.661417 
vn 0 0 1 
vn 0 -0.748031 0.661417 
vn 0 0 1 
vn 0.527559 -0.527559 0.661417 
vn 0 0 1 
vn 0.748031 0 0.661417 
vn 0 0 1 
vn 0.527559 0.527559 0.661417 
vn 0 0 1 
vn 0 0.748031 0.661417 
vn 0 1 0 
vn -0.708661 0.708661 0 
vn -1 0 0 
vn -0.708661 -0.708661 0 
vn 0 -1 0 
vn 0.708661 -0.708661 0 
vn 1 0 0 
vn 0.708661 0.708661 0 
vn 0 1 0 
vn 0 0.748031 -0.661417 
vn -0.527559 0.527559 -0.661417 
vn -0.748031 0 -0.661417 
vn -0.527559 -0.527559 -0.661417 
vn 0 -0.748031 -0.661417 
vn 0.527559 -0.527559 -0.661417 
vn 0.748031 0 -0.661417 
vn 0.527559 0.527559 -0.661417 
vn 0 0.748031 -0.661417 
vn 0 0 -1 
vn 0 0 -1 
vn 0 0 -1 
vn 0 0 -1 
vn 0 0 -1 
vn 0 0 -1 
vn 0 0 -1 
vn 0 0 -1 

vt 0.880859 0.984375 
vt 0.880859 0.929688 
vt 0.89502 0.929688 
vt 0.89502 0.984375 
vt 0.90918 0.929688 
vt 0.90918 0.984375 
vt 0.92334 0.929688 
vt 0.92334 0.984375 
vt 0.9375 0.929688 
vt 0.9375 0.984375 
vt 0.95166 0.929688 
vt 0.95166 0.984375 
vt 0.96582 0.929688 
vt 0.96582 0.984375 
vt 0.97998 0.929688 
vt 0.97998 0.984375 
vt 0.994141 0.929688 
vt 0.880859 0.875 
vt 0.89502 0.875 
vt 0.90918 0.875 
vt 0.92334 0.875 
vt 0.9375 0.875 
vt 0.95166 0.875 
vt 0.96582 0.875 
vt 0.97998 0.875 
vt 0.994141 0.875 
vt 0.880859 0.820312 
vt 0.89502 0.820312 
vt 0.90918 0.820312 
vt 0.92334 0.820312 
vt 0.9375 0.820312 
vt 0.95166 0.820312 
vt 0.96582 0.820312 
vt 0.97998 0.820312 
vt 0.994141 0.820312 
vt 0.880859 0.765625 
vt 0.89502 0.765625 
vt 0.90918 0.765625 
vt 0.92334 0.765625 
vt 0.9375 0.765625 
vt 0.95166 0.765625 
vt 0.96582 0.765625 
vt 0.97998 0.765625 

usemtl Handle2Mtl

f 7757/7757/7757 7758/7758/7758 7759/7759/7759 
f 7760/7760/7760 7759/7759/7759 7761/7761/7761 
f 7762/7762/7762 7761/7761/7761 7763/7763/7763 
f 7764/7764/7764 7763/7763/7763 7765/7765/7765 
f 7766/7766/7766 7765/7765/7765 7767/7767/7767 
f 7768/7768/7768 7767/7767/7767 7769/7769/7769 
f 7770/7770/7770 7769/7769/7769 7771/7771/7771 
f 7772/7772/7772 7771/7771/7771 7773/7773/7773 
f 7758/7758/7758 7774/7774/7774 7775/7775/7775 
f 7758/7758/7758 7775/7775/7775 7759/7759/7759 
f 7759/7759/7759 7775/7775/7775 7776/7776/7776 
f 7759/7759/7759 7776/7776/7776 7761/7761/7761 
f 7761/7761/7761 7776/7776/7776 7777/7777/7777 
f 7761/7761/7761 7777/7777/7777 7763/7763/7763 
f 7763/7763/7763 7777/7777/7777 7778/7778/7778 
f 7763/7763/7763 7778/7778/7778 7765/7765/7765 
f 7765/7765/7765 7778/7778/7778 7779/7779/7779 
f 7765/7765/7765 7779/7779/7779 7767/7767/7767 
f 7767/7767/7767 7779/7779/7779 7780/7780/7780 
f 7767/7767/7767 7780/7780/7780 7769/7769/7769 
f 7769/7769/7769 7780/7780/7780 7781/7781/7781 
f 7769/7769/7769 7781/7781/7781 7771/7771/7771 
f 7771/7771/7771 7781/7781/7781 7782/7782/7782 
f 7771/7771/7771 7782/7782/7782 7773/7773/7773 
f 7774/7774/7774 7783/7783/7783 7784/7784/7784 
f 7774/7774/7774 7784/7784/7784 7775/7775/7775 
f 7775/7775/7775 7784/7784/7784 7785/7785/7785 
f 7775/7775/7775 7785/7785/7785 7776/7776/7776 
f 7776/7776/7776 7785/7785/7785 7786/7786/7786 
f 7776/7776/7776 7786/7786/7786 7777/7777/7777 
f 7777/7777/7777 7786/7786/7786 7787/7787/7787 
f 7777/7777/7777 7787/7787/7787 7778/7778/7778 
f 7778/7778/7778 7787/7787/7787 7788/7788/7788 
f 7778/7778/7778 7788/7788/7788 7779/7779/7779 
f 7779/7779/7779 7788/7788/7788 7789/7789/7789 
f 7779/7779/7779 7789/7789/7789 7780/7780/7780 
f 7780/7780/7780 7789/7789/7789 7790/7790/7790 
f 7780/7780/7780 7790/7790/7790 7781/7781/7781 
f 7781/7781/7781 7790/7790/7790 7791/7791/7791 
f 7781/7781/7781 7791/7791/7791 7782/7782/7782 
f 7792/7792/7792 7784/7784/7784 7783/7783/7783 
f 7793/7793/7793 7785/7785/7785 7784/7784/7784 
f 7794/7794/7794 7786/7786/7786 7785/7785/7785 
f 7795/7795/7795 7787/7787/7787 7786/7786/7786 
f 7796/7796/7796 7788/7788/7788 7787/7787/7787 
f 7797/7797/7797 7789/7789/7789 7788/7788/7788 
f 7798/7798/7798 7790/7790/7790 7789/7789/7789 
f 7799/7799/7799 7791/7791/7791 7790/7790/7790 

