g Handle1

v 0.625168 105.266 -0.280402 
v 0.648378 105.294 -0.232599 
v 0.729299 105.294 -0.310922 
v 0.685045 105.265 -0.361648 
v 0.675352 105.294 -0.171977 
v 0.779443 105.295 -0.248868 
v 0.859075 105.206 -0.621072 
v 0.949242 105.23 -0.600543 
v 0.96057 105.102 -0.785834 
v 0.887076 105.073 -0.818515 
v 1.01931 105.195 -0.554079 
v 1.0202 105.131 -0.687434 
v 0.960815 105.056 -0.816597 
v 0.859715 105.034 -0.870973 
v 1.04371 105.116 -0.687359 
v 0.960815 105.056 -0.816597 
v 0.951387 105.041 -0.725194 
v 0.880546 105.036 -0.773504 
v 1.01368 105.094 -0.642425 
v 0.912154 105.129 -0.568024 
v 0.851557 105.137 -0.576842 
v 1.01278 105.158 -0.50907 
v 0.687946 105.187 -0.34285 
v 0.733231 105.188 -0.285482 
v 0.651036 105.222 -0.215422 
v 0.626796 105.222 -0.269866 
v 0.782349 105.216 -0.230073 
v 0.67698 105.25 -0.161441 
v 1.04605 105.193 -0.529382 
v 0.779394 105.264 -0.208136 
v 0.67816 105.274 -0.162361 
v 0.821306 105.164 -0.62026 
v 0.615797 105.239 -0.297092 
v 0.650819 105.225 -0.353149 
v 0.821306 105.164 -0.62026 
v 0.650819 105.225 -0.353149 
v 0.859956 105.289 -0.426865 
v 0.913285 105.289 -0.365106 
v 0.799576 105.26 -0.479068 
v 0.784676 105.232 -0.484996 
v 0.80147 105.209 -0.466809 
v 0.862876 105.21 -0.407962 
v 0.915179 105.238 -0.352847 
v 0.936923 105.269 -0.344918 
v 0.708391 105.296 0.435625 
v 0.721488 105.359 0.466715 
v 0.848779 105.334 0.349531 
v 0.804578 105.258 0.32101 
v 0.749683 105.391 0.5329 
v 0.901103 105.367 0.402027 
v 1.06316 105.146 0.084457 
v 1.12125 105.206 0.0992602 
v 1.19051 105.016 -0.0795445 
v 1.10384 104.949 -0.0850911 
v 1.21495 105.225 0.128444 
v 1.2531 105.099 -0.0224966 
v 1.21313 104.924 -0.077585 
v 1.09226 104.854 -0.113472 
v 1.2889 105.066 -0.00902805 
v 1.21313 104.924 -0.077585 
v 1.18615 104.951 0.0360347 
v 1.10764 104.912 -0.0162925 
v 1.25689 105.062 0.0463059 
v 1.10511 105.114 0.180525 
v 1.06696 105.109 0.153257 
v 1.21875 105.188 0.197246 
v 0.824145 105.203 0.366406 
v 0.880453 105.245 0.423012 
v 0.742877 105.299 0.516335 
v 0.71936 105.265 0.461072 
v 0.920676 105.312 0.447425 
v 0.760652 105.36 0.558346 
v 1.24966 105.216 0.162552 
v 0.909233 105.366 0.456225 
v 0.756596 105.38 0.54922 
v 0.756596 105.38 0.54922 
v 0.909233 105.366 0.456225 
v 1.03048 105.1 0.102217 
v 0.705285 105.262 0.428342 
v 0.794672 105.217 0.331616 
v 1.03048 105.1 0.102217 
v 1.01717 105.303 0.211168 
v 1.09684 105.335 0.296488 
v 0.959088 105.228 0.179846 
v 0.949291 105.196 0.184374 
v 0.971851 105.192 0.209449 
v 0.949291 105.196 0.184374 
v 1.04071 105.237 0.265761 
v 1.10961 105.299 0.326098 
v 1.12632 105.335 0.322258 
v 0.261797 105.234 -0.562497 
v 0.28745 105.266 -0.522312 
v 0.333846 105.278 -0.632206 
v 0.282337 105.24 -0.665249 
v 0.34514 105.267 -0.483253 
v 0.38041 105.287 -0.625534 
v 0.416619 105.223 -0.954045 
v 0.463605 105.259 -0.953081 
v 0.472132 105.161 -1.16274 
v 0.405693 105.12 -1.17258 
v 0.519878 105.256 -0.959496 
v 0.518608 105.199 -1.105 
v 0.480726 105.078 -1.19581 
v 0.383179 105.042 -1.21787 
v 0.548245 105.151 -1.11429 
v 0.496541 105.056 -1.10448 
v 0.42373 105.042 -1.12953 
v 0.53664 105.121 -1.06196 
v 0.477727 105.142 -0.908836 
v 0.428182 105.147 -0.923403 
v 0.537912 105.178 -0.916455 
v 0.30577 105.155 -0.650513 
v 0.365553 105.162 -0.612257 
v 0.317669 105.187 -0.513931 
v 0.27493 105.186 -0.554235 
v 0.403839 105.202 -0.610795 
v 0.358619 105.219 -0.475193 
v 0.555443 105.222 -0.945429 
v 0.400506 105.253 -0.585422 
v 0.354224 105.245 -0.475551 
v 0.392238 105.172 -0.942885 
v 0.2553 105.205 -0.576704 
v 0.255061 105.189 -0.650227 
v 0.414787 105.293 -0.796467 
v 0.450395 105.288 -0.782658 
v 0.37214 105.262 -0.810351 
v 0.363509 105.229 -0.812417 
v 0.387416 105.206 -0.800739 
v 0.438353 105.207 -0.781647 
v 0.465671 105.232 -0.773045 
v 0.480292 105.268 -0.771089 
v 0.480292 105.268 -0.771089 
v -0.00327741 105.414 -0.846249 
v 0.0140332 105.419 -1.23534 
v -0.0632359 105.45 -1.21923 
v -0.0340358 105.425 -0.853453 
v -0.304897 105.259 -2.05228 
v -0.216804 105.282 -2.08544 
v -0.24689 105.214 -2.10726 
v -0.350995 105.221 -2.07703 
v -0.220391 105.153 -2.0717 
v -0.306044 105.19 -2.0419 
v 0.00664859 105.297 -1.2106 
v -0.00959612 105.369 -0.834895 
v -0.0426506 105.364 -0.83797 
v -0.0733085 105.284 -1.1855 
v 0.0504722 105.386 -0.831358 
v 0.0291813 105.377 -0.831756 
v 0.0787131 105.314 -1.2313 
v 0.113486 105.347 -1.24829 
v 0.0323275 105.399 -0.837404 
v 0.0504722 105.386 -0.831358 
v 0.0831089 105.387 -1.24602 
v -0.105924 105.458 -1.47615 
v 0.035564 105.423 -1.51814 
v 0.00682379 105.404 -1.71055 
v -0.103122 105.401 -1.65269 
v 0.135329 105.371 -1.56653 
v 0.175441 105.332 -1.59032 
v 0.143593 105.297 -1.78245 
v 0.106437 105.351 -1.75639 
v -0.136754 105.357 -1.5146 
v -0.133577 105.308 -1.66544 
v 0.129568 105.294 -1.56328 
v 0.0986027 105.265 -1.75526 
v 0.030214 105.25 -1.49677 
v -0.10902 105.271 -1.44808 
v -0.105716 105.244 -1.62916 
v 0.00380094 105.22 -1.68309 
v -0.187971 105.321 -1.88017 
v -0.0956549 105.351 -1.91926 
v -0.216218 105.266 -1.87239 
v -0.189421 105.233 -1.86705 
v -0.0999276 105.198 -1.89945 
v 0.0320547 105.261 -1.99203 
v 0.00464441 105.225 -1.95523 
v -0.122649 105.188 -2.06509 
v -0.107554 105.213 -2.09779 
v 0.00701524 105.306 -1.9654 
v -0.121527 105.256 -2.07526 
v -0.0670902 105.42 -0.856528 
v -0.116043 105.433 -1.20642 
v -0.352535 105.267 -1.7705 
v -0.348284 105.237 -1.8047 
v -0.418607 105.244 -1.76124 
v -0.417168 105.294 -1.73708 
v -0.348284 105.237 -1.8047 
v -0.353343 105.218 -1.76316 
v -0.419376 105.219 -1.72543 
v -0.123429 105.311 -1.18168 
v -0.073409 105.376 -0.845174 
v -0.127169 105.404 -0.85997 
v -0.22398 105.382 -1.17325 
v -0.192505 105.343 -1.17099 
v -0.109012 105.391 -0.854014 
v -0.105868 105.413 -0.859666 
v -0.188109 105.415 -1.18572 
v -0.266309 105.309 -1.59469 
v -0.328884 105.34 -1.57066 
v -0.253412 105.268 -1.60246 
v -0.26733 105.247 -1.58541 
v -0.253412 105.268 -1.60246 
v -0.330503 105.242 -1.55596 
v -0.437002 105.291 -1.54192 
v -0.471497 105.256 -1.68533 
v -0.449791 105.236 -1.67692 
v -0.408049 105.269 -1.53469 
v -0.407211 105.32 -1.5423 
v -0.448997 105.284 -1.68411 
v -0.437002 105.291 -1.54192 
v -0.136754 105.357 -1.5146 
v -0.176455 105.301 -1.42368 
v -0.276344 105.346 -1.37419 
v -0.322256 105.383 -1.3608 
v -0.275214 105.414 -1.38443 
v -0.174181 105.439 -1.44426 
v 0.713371 104.841 0.182823 
v 0.732276 104.995 0.209648 
v 0.589064 104.956 0.436408 
v 0.592732 104.839 0.404361 
v 0.409033 104.948 0.59161 
v 0.394341 104.841 0.56938 
v 1.58488 105.916 1.16895 
v 1.50588 105.931 1.18844 
v 1.39322 106.054 1.26388 
v 1.43331 106.013 1.28307 
v 1.12558 106.128 1.35884 
v 0.915936 106.136 1.43337 
v 0.939594 106.111 1.47506 
v 1.13189 106.107 1.41453 
v 0.959759 106.044 1.51193 
v 1.11369 106.065 1.46342 
v 1.42277 105.967 1.31689 
v 1.52063 105.875 1.23146 
v 0.547921 105.577 0.306765 
v 0.710271 105.401 0.21703 
v 0.664258 105.445 -0.0334141 
v 0.453875 105.68 0.106074 
v 0.577083 105.486 -0.253525 
v 0.349975 105.745 -0.11134 
v 0.10219 105.819 0.0348713 
v 0.225011 105.747 0.249516 
v 0.336039 105.65 0.444497 
v 0.427216 105.485 -0.444731 
v 0.281499 105.501 -0.6217 
v 0.0764767 105.776 -0.514821 
v 0.210637 105.768 -0.31739 
v -0.146115 105.844 -0.395485 
v -0.0167701 105.842 -0.171629 
v -0.443181 105.512 -1.13088 
v -0.386912 105.435 -1.13962 
v -0.378471 105.334 -1.17771 
v -0.480129 105.351 -1.19005 
v -0.376851 105.258 -1.13661 
v -0.447531 105.259 -1.13093 
v -0.579868 105.262 -1.12865 
v -0.595106 105.364 -1.15807 
v -0.548856 105.538 -1.08319 
v -0.249908 104.889 -0.546697 
v -0.258069 104.989 -0.5638 
v -0.0224934 104.984 -0.648413 
v -0.0232115 104.884 -0.627324 
v 0.278445 105.023 -0.664125 
v 0.244169 104.876 -0.630007 
v 0.486974 105.013 -0.50796 
v 0.465568 104.866 -0.509547 
v 0.626242 105.003 -0.302545 
v 0.630399 104.855 -0.311275 
v 0.34333 105.273 -0.669729 
v 0.480868 105.282 -0.491947 
v 0.64192 105.275 -0.299966 
v 0.73406 105.182 0.209494 
v 0.730896 105.246 -0.0583098 
v 0.732276 104.995 0.209648 
v 0.735577 104.994 -0.060987 
v 0.719697 104.847 -0.0693025 
v 0.713371 104.841 0.182823 
v 0.673652 104.829 0.171977 
v 0.56061 104.827 0.377384 
v 0.571183 105.058 0.385116 
v 0.68522 105.059 0.178813 
v 0.373066 104.828 0.532946 
v 0.381982 105.06 0.541499 
v 0.325576 105.384 0.434284 
v 0.500881 105.354 0.294154 
v 0.598112 105.297 0.159327 
v 0.419431 105.466 0.114165 
v 0.580871 105.359 -0.0042652 
v 0.316016 105.509 -0.101813 
v 0.498889 105.395 -0.21229 
v 0.221524 105.504 0.250705 
v 0.0937553 105.551 0.0282499 
v 0.358731 105.375 -0.389094 
v 0.179418 105.483 -0.301627 
v 0.0604305 105.386 -0.468868 
v 0.223622 105.325 -0.489427 
v -0.0363631 105.523 -0.19605 
v -0.14743 105.419 -0.385136 
v 0.00602338 105.1 -0.593948 
v 0.241594 105.092 -0.58971 
v -0.223889 105.105 -0.508093 
v -0.229522 104.873 -0.51096 
v -0.00112194 104.869 -0.595744 
v 0.233202 104.862 -0.591045 
v 0.438477 104.852 -0.478181 
v 0.44777 105.083 -0.475812 
v 0.593859 104.842 -0.290762 
v 0.603978 105.073 -0.286695 
v 0.689639 105.065 -0.0568059 
v 0.678491 104.834 -0.0623891 
v 0.56061 104.827 0.377384 
v 0.673652 104.829 0.171977 
v 0.373066 104.828 0.532946 
v -0.00112194 104.869 -0.595744 
v -0.229522 104.873 -0.51096 
v 0.233202 104.862 -0.591045 
v 0.438477 104.852 -0.478181 
v 0.593859 104.842 -0.290762 
v 0.678491 104.834 -0.0623891 
v 0.673652 104.829 0.171977 
v 0.73406 105.182 0.209494 
v 0.710271 105.401 0.21703 
v 0.749698 105.44 0.473902 
v 0.807098 105.268 0.4491 
v 0.547921 105.577 0.306765 
v 0.621903 105.562 0.554977 
v 0.336039 105.65 0.444497 
v 0.459246 105.62 0.658552 
v 0.624794 105.081 0.55629 
v 0.460766 105.06 0.677811 
v 0.771075 105.134 0.463631 
v 0.881476 105.43 0.793979 
v 0.937347 105.318 0.779576 
v 0.752266 105.506 0.856445 
v 0.614638 105.547 0.929573 
v 0.779306 105.151 0.897991 
v 0.638034 105.133 0.982335 
v 0.891372 105.203 0.825056 
v 1.05036 105.437 1.04512 
v 0.988472 105.496 1.02983 
v 1.1181 105.679 1.21547 
v 1.1643 105.655 1.254 
v 1.05835 105.69 1.2223 
v 0.906586 105.71 1.26348 
v 0.735152 105.564 1.13758 
v 0.826783 105.717 1.29156 
v 0.814133 105.341 1.28085 
v 0.929607 105.348 1.19922 
v 1.04573 105.64 1.36963 
v 0.917134 105.64 1.45018 
v 1.01987 105.374 1.11475 
v 1.13245 105.639 1.31717 
v 1.50588 105.931 1.18844 
v 1.39322 106.054 1.26388 
v 0.915936 106.136 1.43337 
v 1.12558 106.128 1.35884 
v 1.2642 105.972 1.41716 
v 0.883735 105.538 1.06459 
v 0.985819 105.704 1.23059 
v 1.25005 106.027 1.33734 
v 1.25005 106.027 1.33734 
v 1.28471 106.027 1.36805 
v 0.0847286 105.532 -0.82638 
v -0.0816532 105.722 -0.723623 
v 0.107618 105.325 -0.858587 
v 0.0162491 105.166 -0.833596 
v -0.175855 105.097 -0.809655 
v -0.351649 105.071 -0.72814 
v -0.275854 105.785 -0.618192 
v -0.283069 105.151 -0.921887 
v -0.415886 105.132 -0.841085 
v -0.163731 105.214 -1.00294 
v -0.120954 105.362 -1.05314 
v -0.189186 105.525 -1.04112 
v -0.331765 105.64 -0.977591 
v -0.450024 105.689 -0.916681 
v -0.327923 105.616 -1.00019 
v -0.145152 106.126 -0.991058 
v -0.124581 106.128 -0.981418 
v -0.307476 105.613 -0.990612 
v -0.307476 105.613 -0.990612 
v -0.124581 106.128 -0.981418 
v -0.134349 106.134 -0.961838 
v -0.316689 105.616 -0.969973 
v -0.316689 105.616 -0.969973 
v -0.134349 106.134 -0.961838 
v -0.154919 106.133 -0.971478 
v -0.337137 105.619 -0.97955 
v -0.337137 105.619 -0.97955 
v -0.154919 106.133 -0.971478 
v -0.145152 106.126 -0.991058 
v -0.327923 105.616 -1.00019 
v -0.145152 106.126 -0.991058 
v 0.0350871 106.524 -1.18929 
v 0.0500779 106.527 -1.17246 
v -0.124581 106.128 -0.981418 
v -0.124581 106.128 -0.981418 
v 0.0500779 106.527 -1.17246 
v 0.041169 106.548 -1.16871 
v -0.134349 106.134 -0.961838 
v -0.134349 106.134 -0.961838 
v 0.041169 106.548 -1.16871 
v 0.026174 106.544 -1.18553 
v -0.154919 106.133 -0.971478 
v -0.154919 106.133 -0.971478 
v 0.026174 106.544 -1.18553 
v 0.0350871 106.524 -1.18929 
v -0.145152 106.126 -0.991058 
v 0.0350871 106.524 -1.18929 
v 0.262446 106.619 -1.36835 
v 0.277434 106.623 -1.35152 
v 0.0500779 106.527 -1.17246 
v 0.0500779 106.527 -1.17246 
v 0.277434 106.623 -1.35152 
v 0.268521 106.643 -1.34777 
v 0.041169 106.548 -1.16871 
v 0.041169 106.548 -1.16871 
v 0.268521 106.643 -1.34777 
v 0.253533 106.64 -1.3646 
v 0.026174 106.544 -1.18553 
v 0.026174 106.544 -1.18553 
v 0.253533 106.64 -1.3646 
v 0.262446 106.619 -1.36835 
v 0.0350871 106.524 -1.18929 
v 0.262446 106.619 -1.36835 
v 0.278846 106.64 -1.37163 
v 0.277434 106.623 -1.35152 
v 0.277434 106.623 -1.35152 
v 0.268521 106.643 -1.34777 
v 0.268521 106.643 -1.34777 
v 0.253533 106.64 -1.3646 
v 0.253533 106.64 -1.3646 
v 0.262446 106.619 -1.36835 
v -0.572355 105.688 -1.61487 
v -0.574283 105.724 -1.58543 
v -0.489605 105.695 -1.59682 
v -0.520024 105.67 -1.62191 
v -0.487033 105.607 -1.57455 
v -0.518435 105.616 -1.60815 
v -0.570124 105.582 -1.54941 
v -0.569786 105.6 -1.59261 
v -0.624045 105.654 -1.55613 
v -0.603111 105.645 -1.59677 
v -0.574283 105.724 -1.58543 
v -0.572355 105.688 -1.61487 
v -0.564735 105.735 -1.54291 
v -0.480057 105.706 -1.55429 
v -0.477485 105.618 -1.53203 
v -0.560576 105.593 -1.50688 
v -0.614499 105.666 -1.51361 
v -0.564735 105.735 -1.54291 
v -0.54736 105.717 -1.50356 
v -0.495025 105.699 -1.51059 
v -0.493438 105.645 -1.49683 
v -0.54479 105.629 -1.48129 
v -0.578116 105.674 -1.48545 
v -0.54736 105.717 -1.50356 
v -0.559694 105.64 -1.62001 
v -0.559694 105.64 -1.62001 
v -0.559694 105.64 -1.62001 
v -0.559694 105.64 -1.62001 
v -0.559694 105.64 -1.62001 
v -0.528796 105.676 -1.48241 
v -0.528796 105.676 -1.48241 
v -0.528796 105.676 -1.48241 
v -0.528796 105.676 -1.48241 
v -0.528796 105.676 -1.48241 
v -0.543159 105.664 -1.49669 
v -0.516863 105.663 -1.50242 
v -0.47362 105.714 -1.34347 
v -0.513849 105.715 -1.33471 
v -0.513849 105.715 -1.33471 
v -0.47362 105.714 -1.34347 
v -0.428377 105.491 -1.10271 
v -0.465989 105.492 -1.09452 
v -0.458157 105.508 -1.06049 
v -0.420542 105.507 -1.06868 
v -0.471437 105.755 -1.33833 
v -0.511665 105.756 -1.32957 
v -0.511665 105.756 -1.32957 
v -0.471437 105.755 -1.33833 
v -0.516667 105.69 -1.50473 
v -0.542963 105.691 -1.499 
v -0.516863 105.663 -1.50242 
v -0.516667 105.69 -1.50473 
v -0.47362 105.714 -1.34347 
v -0.47362 105.714 -1.34347 
v -0.420542 105.507 -1.06868 
v -0.428377 105.491 -1.10271 
v -0.542963 105.691 -1.499 
v -0.543159 105.664 -1.49669 
v -0.513849 105.715 -1.33471 
v -0.513849 105.715 -1.33471 
v -0.465989 105.492 -1.09452 
v -0.458157 105.508 -1.06049 
v -0.446043 105.285 0.338734 
v -0.546328 105.286 0.350058 
v -0.523717 105.315 0.413293 
v -0.415492 105.312 0.382294 
v -0.494955 105.316 0.487705 
v -0.376432 105.312 0.435931 
v -0.859399 105.236 0.372166 
v -1.04784 105.106 0.299821 
v -1.05543 105.137 0.37937 
v -0.885988 105.261 0.460179 
v -0.999188 105.166 0.479727 
v -0.881569 105.228 0.544584 
v -1.08063 105.067 0.250501 
v -1.0834 105.091 0.364914 
v -1.01124 105.152 0.500351 
v -1.00655 105.068 0.317193 
v -0.999906 105.074 0.40261 
v -1.0834 105.091 0.364914 
v -0.957901 105.128 0.497101 
v -0.819105 105.166 0.388762 
v -0.841909 105.159 0.445784 
v -0.840282 105.19 0.561958 
v -0.533506 105.208 0.363122 
v -0.438857 105.241 0.346058 
v -0.403779 105.241 0.394237 
v -0.506367 105.209 0.430977 
v -0.369246 105.268 0.443255 
v -0.482137 105.238 0.500771 
v -0.873585 105.226 0.580123 
v -0.370015 105.292 0.44346 
v -0.460437 105.285 0.508457 
v -0.840941 105.192 0.34048 
v -0.522916 105.245 0.325243 
v -0.456513 105.258 0.322679 
v -0.840941 105.192 0.34048 
v -0.522916 105.245 0.325243 
v -0.689456 105.316 0.46866 
v -0.662565 105.316 0.545699 
v -0.705314 105.286 0.390724 
v -0.70374 105.257 0.375274 
v -0.696953 105.234 0.399245 
v -0.676564 105.237 0.481799 
v -0.654205 105.265 0.554221 
v -0.657393 105.296 0.576561 
v 0.133508 105.306 0.767895 
v -0.0147577 105.272 0.794568 
v -0.0101369 105.349 0.845965 
v 0.155528 105.369 0.793822 
v 0.0100785 105.382 0.91702 
v 0.199621 105.401 0.850823 
v -0.351545 105.17 0.902128 
v -0.523789 104.977 0.855641 
v -0.560504 105.046 0.932503 
v -0.366157 105.232 0.958941 
v -0.540165 105.13 1.01397 
v -0.387144 105.252 1.05442 
v -0.545046 104.882 0.832853 
v -0.572441 104.955 0.954436 
v -0.547205 105.098 1.0522 
v -0.467029 104.939 0.893828 
v -0.459878 104.979 0.987405 
v -0.572441 104.955 0.954436 
v -0.4834 105.092 1.05215 
v -0.294784 105.133 0.940316 
v -0.290083 105.138 0.986915 
v -0.330379 105.214 1.09261 
v 0.0133932 105.216 0.835002 
v 0.149288 105.275 0.790561 
v 0.1863 105.309 0.838024 
v 0.0354298 105.259 0.911416 
v 0.215399 105.37 0.873485 
v 0.0382297 105.327 0.957459 
v -0.375133 105.244 1.10165 
v 0.210032 105.39 0.865122 
v 0.0529488 105.38 0.951138 
v 0.210032 105.39 0.865122 
v 0.0529488 105.38 0.951138 
v -0.321041 105.123 0.883367 
v -0.0016859 105.23 0.791888 
v 0.127876 105.272 0.762071 
v -0.321041 105.123 0.883367 
v -0.214808 105.324 0.923225 
v -0.179812 105.357 1.03437 
v -0.214898 105.248 0.858384 
v -0.206888 105.216 0.85262 
v -0.206888 105.216 0.85262 
v -0.196542 105.212 0.884755 
v -0.180954 105.257 0.971854 
v -0.161452 105.321 1.06074 
v -0.172185 105.358 1.07276 
v -0.509976 105.247 -0.116429 
v -0.609077 105.256 -0.150031 
v -0.605182 105.294 -0.0894683 
v -0.487146 105.279 -0.0746124 
v -0.622394 105.304 -0.0459358 
v -0.482064 105.281 -0.00514807 
v -0.926692 105.246 -0.17764 
v -1.11321 105.146 -0.294685 
v -1.13677 105.189 -0.232832 
v -0.948381 105.283 -0.13699 
v -1.10897 105.227 -0.164299 
v -0.982079 105.282 -0.0914039 
v -1.14323 105.068 -0.335641 
v -1.17186 105.106 -0.240653 
v -1.13302 105.18 -0.142551 
v -1.08692 105.068 -0.256408 
v -1.10119 105.083 -0.181029 
v -1.08269 105.148 -0.126027 
v -0.907888 105.169 -0.151184 
v -0.92011 105.166 -0.100917 
v -0.955793 105.204 -0.0531267 
v -0.610204 105.17 -0.1211 
v -0.510605 105.2 -0.100214 
v -0.496978 105.201 -0.0430831 
v -0.6067 105.179 -0.0503167 
v -0.48304 105.233 0.011268 
v -0.623516 105.219 -0.017007 
v -0.988521 105.248 -0.0530574 
v -0.480481 105.259 0.0068896 
v -0.598536 105.27 -0.00799739 
v -0.906191 105.194 -0.192422 
v -0.583772 105.204 -0.1654 
v -0.519806 105.218 -0.12871 
v -0.787464 105.314 -0.101593 
v -0.793405 105.309 -0.0637688 
v -0.779035 105.281 -0.144998 
v -0.777356 105.249 -0.153023 
v -0.779766 105.226 -0.126134 
v -0.788592 105.228 -0.0724996 
v -0.79414 105.253 -0.0449033 
v -0.798808 105.29 -0.0317993 
v -0.798808 105.29 -0.0317993 
v -0.618942 105.424 -0.490408 
v -0.609549 105.435 -0.520819 
v -0.911222 105.464 -0.729114 
v -0.964522 105.435 -0.669757 
v -1.51725 105.28 -1.35157 
v -1.51668 105.241 -1.40329 
v -1.59496 105.237 -1.3281 
v -1.58932 105.306 -1.29216 
v -1.50946 105.21 -1.34635 
v -1.57896 105.176 -1.28648 
v -0.942525 105.314 -0.661999 
v -0.88123 105.298 -0.718541 
v -0.593396 105.374 -0.519651 
v -0.607097 105.38 -0.489553 
v -0.633575 105.397 -0.435994 
v -1.0272 105.366 -0.588993 
v -0.995969 105.333 -0.610158 
v -0.623532 105.388 -0.454502 
v -0.629428 105.41 -0.45493 
v -1.00906 105.405 -0.614774 
v -0.633575 105.397 -0.435994 
v -1.11227 105.476 -0.894503 
v -1.2681 105.421 -0.979364 
v -1.37299 105.427 -0.913047 
v -1.22015 105.444 -0.792371 
v -1.31317 105.396 -0.729332 
v -1.46374 105.378 -0.848864 
v -1.50625 105.325 -0.828877 
v -1.35479 105.358 -0.705882 
v -1.13281 105.374 -0.938908 
v -1.26633 105.328 -1.01074 
v -1.46106 105.292 -0.853805 
v -1.30945 105.319 -0.731558 
v -1.20341 105.271 -0.783762 
v -1.3524 105.244 -0.899239 
v -1.25045 105.263 -0.96753 
v -1.09123 105.288 -0.880387 
v -1.42489 105.342 -1.16526 
v -1.50401 105.376 -1.10526 
v -1.40547 105.287 -1.18504 
v -1.41505 105.254 -1.15866 
v -1.48866 105.222 -1.09679 
v -1.6331 105.289 -1.02961 
v -1.65629 105.24 -1.20265 
v -1.62108 105.214 -1.19903 
v -1.58846 105.253 -1.03445 
v -1.59638 105.333 -1.03868 
v -1.62871 105.282 -1.20414 
v -0.595848 105.429 -0.550917 
v -0.874222 105.446 -0.768208 
v -1.24917 105.282 -1.25226 
v -1.18729 105.307 -1.29197 
v -1.20877 105.258 -1.30454 
v -1.2817 105.253 -1.26521 
v -1.2817 105.253 -1.26521 
v -1.17803 105.232 -1.28695 
v -1.24367 105.233 -1.24857 
v -0.852223 105.324 -0.76045 
v -0.584003 105.384 -0.550062 
v -0.569283 105.411 -0.604438 
v -0.573517 105.399 -0.58554 
v -0.807685 105.354 -0.815433 
v -0.792932 105.392 -0.84441 
v -0.579413 105.421 -0.585967 
v -0.820777 105.426 -0.820049 
v -1.13881 105.324 -1.0904 
v -1.08596 105.353 -1.13308 
v -1.15303 105.283 -1.0825 
v -1.13185 105.262 -1.08574 
v -1.15303 105.283 -1.0825 
v -1.07494 105.255 -1.12569 
v -1.00839 105.301 -1.21167 
v -1.01715 105.279 -1.18265 
v -1.12039 105.247 -1.28933 
v -1.11632 105.268 -1.31264 
v -1.02285 105.33 -1.18647 
v -1.00839 105.301 -1.21167 
v -1.12578 105.295 -1.29294 
v -1.13281 105.374 -0.938908 
v -1.03567 105.316 -0.927071 
v -0.941826 105.357 -0.989556 
v -0.906354 105.394 -1.02321 
v -0.949507 105.426 -0.994707 
v -1.0511 105.454 -0.937421 
v -0.0996696 104.855 0.652743 
v 0.152374 104.847 0.658879 
v 0.18496 104.963 0.669971 
v -0.0819135 105.009 0.680231 
v 0.347484 105.937 1.88413 
v 0.52446 106.029 1.80837 
v 0.528889 106.069 1.76345 
v 0.404173 105.95 1.8252 
v 0.74658 106.135 1.5779 
v 0.791128 106.113 1.61149 
v 0.841481 106.07 1.62075 
v 0.557833 105.982 1.81681 
v 0.432625 105.893 1.8603 
v 0.10915 105.585 0.560365 
v -0.0151585 105.688 0.377165 
v -0.246989 105.46 0.493267 
v -0.0541036 105.414 0.658822 
v -0.149993 105.753 0.17763 
v -0.393127 105.502 0.307235 
v -0.484032 105.5 0.0819503 
v -0.258396 105.776 -0.0462992 
v -0.362294 105.784 -0.261221 
v -0.564236 105.515 -0.132884 
v -0.643548 105.515 -1.01507 
v -0.680521 105.354 -1.07423 
v -0.720978 105.34 -0.979745 
v -0.681163 105.44 -0.969553 
v -0.647933 105.262 -1.0151 
v -0.688143 105.263 -0.956694 
v -0.432963 104.891 -0.390497 
v -0.449023 104.991 -0.401888 
v -0.568872 104.89 -0.160088 
v -0.611749 105.038 -0.149613 
v -0.575231 104.884 0.0920113 
v -0.580757 105.031 0.109164 
v -0.485966 104.874 0.333959 
v -0.472524 105.022 0.332517 
v -0.642554 105.289 -0.0999101 
v -0.556927 105.299 0.107875 
v -0.471121 105.294 0.343347 
v -0.306899 105.264 0.541512 
v -0.0781361 105.196 0.678926 
v -0.318043 105.012 0.547982 
v -0.0819135 105.009 0.680231 
v -0.321102 104.865 0.532256 
v -0.0996696 104.855 0.652743 
v -0.0895671 104.842 0.613101 
v -0.0835016 105.072 0.623117 
v 0.152069 105.065 0.627355 
v 0.14471 104.834 0.617765 
v 0.115953 105.36 0.516633 
v -0.0508094 105.308 0.534389 
v -0.182348 105.372 0.436859 
v 0.00353171 105.473 0.354546 
v -0.320743 105.409 0.261438 
v -0.130855 105.517 0.156468 
v -0.404488 105.388 0.0520301 
v -0.425299 105.336 -0.114365 
v -0.324497 105.393 -0.246389 
v -0.236482 105.49 -0.0612463 
v -0.527127 105.105 -0.145406 
v -0.413091 105.107 -0.35171 
v -0.417022 104.876 -0.355363 
v -0.530017 104.875 -0.149921 
v -0.531547 105.1 0.090212 
v -0.534902 104.869 0.0844094 
v -0.445885 105.091 0.320102 
v -0.450316 104.86 0.312747 
v -0.289678 105.082 0.509217 
v -0.294888 104.851 0.500202 
v 0.14471 104.834 0.617765 
v -0.0895671 104.842 0.613101 
v -0.417022 104.876 -0.355363 
v -0.530017 104.875 -0.149921 
v -0.534902 104.869 0.0844094 
v -0.450316 104.86 0.312747 
v -0.294888 104.851 0.500202 
v -0.0895671 104.842 0.613101 
v -0.0781361 105.196 0.678926 
v 0.0952122 105.28 0.860555 
v 0.149752 105.45 0.820658 
v -0.0541036 105.414 0.658822 
v 0.286887 105.568 0.748608 
v 0.10915 105.585 0.560365 
v 0.274224 105.087 0.758912 
v 0.122329 105.145 0.838592 
v 0.317827 105.329 1.13764 
v 0.361056 105.439 1.09477 
v 0.481586 105.511 1.01289 
v 0.49494 105.155 1.06235 
v 0.377201 105.212 1.12223 
v 0.494541 105.447 1.36637 
v 0.624268 105.664 1.56613 
v 0.614555 105.688 1.5065 
v 0.513689 105.504 1.30424 
v 0.650557 105.697 1.45799 
v 0.762441 105.712 1.34679 
v 0.783198 105.645 1.52136 
v 0.685984 105.352 1.34002 
v 0.694474 105.647 1.57031 
v 0.568475 105.382 1.37565 
v 0.404173 105.95 1.8252 
v 0.528889 106.069 1.76345 
v 0.74658 106.135 1.5779 
v 0.723928 105.981 1.72942 
v 0.69427 105.709 1.3991 
v 0.597138 105.543 1.23023 
v 0.663259 106.037 1.67649 
v 0.671989 106.019 1.72139 
v 0.663259 106.037 1.67649 
v -0.465678 105.729 -0.50167 
v -0.642588 105.545 -0.406007 
v -0.687223 105.339 -0.399193 
v -0.624098 105.177 -0.46349 
v -0.509304 105.102 -0.616929 
v -0.551652 105.155 -0.766651 
v -0.679792 105.222 -0.704672 
v -0.7408 105.373 -0.694884 
v -0.692157 105.533 -0.75041 
v -0.563042 105.644 -0.843918 
v -0.585143 105.621 -0.851522 
v -0.587127 105.618 -0.82898 
v -0.657159 106.137 -0.6736 
v -0.655298 106.135 -0.696205 
v -0.587127 105.618 -0.82898 
v -0.564575 105.62 -0.826701 
v -0.63516 106.143 -0.67238 
v -0.657159 106.137 -0.6736 
v -0.564575 105.62 -0.826701 
v -0.562591 105.623 -0.849243 
v -0.633299 106.141 -0.694985 
v -0.63516 106.143 -0.67238 
v -0.562591 105.623 -0.849243 
v -0.585143 105.621 -0.851522 
v -0.655298 106.135 -0.696205 
v -0.633299 106.141 -0.694985 
v -0.655298 106.135 -0.696205 
v -0.657159 106.137 -0.6736 
v -0.899529 106.543 -0.623604 
v -0.90672 106.54 -0.644943 
v -0.657159 106.137 -0.6736 
v -0.63516 106.143 -0.67238 
v -0.891301 106.564 -0.629759 
v -0.899529 106.543 -0.623604 
v -0.63516 106.143 -0.67238 
v -0.633299 106.141 -0.694985 
v -0.898492 106.56 -0.651098 
v -0.891301 106.564 -0.629759 
v -0.633299 106.141 -0.694985 
v -0.655298 106.135 -0.696205 
v -0.90672 106.54 -0.644943 
v -0.898492 106.56 -0.651098 
v -0.90672 106.54 -0.644943 
v -0.899529 106.543 -0.623604 
v -1.16561 106.647 -0.517473 
v -1.1728 106.644 -0.538812 
v -0.899529 106.543 -0.623604 
v -0.891301 106.564 -0.629759 
v -1.15738 106.668 -0.523628 
v -1.16561 106.647 -0.517473 
v -0.891301 106.564 -0.629759 
v -0.898492 106.56 -0.651098 
v -1.16457 106.664 -0.544967 
v -1.15738 106.668 -0.523628 
v -0.898492 106.56 -0.651098 
v -0.90672 106.54 -0.644943 
v -1.1728 106.644 -0.538812 
v -1.16457 106.664 -0.544967 
v -1.1728 106.644 -0.538812 
v -1.16561 106.647 -0.517473 
v -1.1833 106.665 -0.526542 
v -1.16561 106.647 -0.517473 
v -1.15738 106.668 -0.523628 
v -1.15738 106.668 -0.523628 
v -1.16457 106.664 -0.544967 
v -1.16457 106.664 -0.544967 
v -1.1728 106.644 -0.538812 
v -0.993879 105.695 -1.37125 
v -1.02654 105.678 -1.32916 
v -1.01933 105.704 -1.29065 
v -0.966474 105.731 -1.35875 
v -1.01681 105.624 -1.32011 
v -1.00357 105.616 -1.276 
v -0.978121 105.607 -1.3566 
v -0.940981 105.589 -1.33506 
v -0.963949 105.651 -1.38821 
v -0.918049 105.659 -1.3862 
v -0.993879 105.695 -1.37125 
v -0.966474 105.731 -1.35875 
v -0.986973 105.714 -1.26131 
v -0.934115 105.741 -1.32941 
v -0.971218 105.627 -1.24667 
v -0.908622 105.599 -1.30572 
v -0.885694 105.67 -1.35686 
v -0.934115 105.741 -1.32941 
v -0.941829 105.706 -1.25235 
v -0.909162 105.723 -1.29444 
v -0.932093 105.652 -1.2433 
v -0.893407 105.635 -1.2798 
v -0.879236 105.679 -1.31141 
v -0.909162 105.723 -1.29444 
v -1.00586 105.648 -1.36213 
v -1.00586 105.648 -1.36213 
v -1.00586 105.648 -1.36213 
v -1.00586 105.648 -1.36213 
v -1.00586 105.648 -1.36213 
v -0.901147 105.682 -1.26719 
v -0.901147 105.682 -1.26719 
v -0.901147 105.682 -1.26719 
v -0.901147 105.682 -1.26719 
v -0.901147 105.682 -1.26719 
v -0.906674 105.67 -1.28659 
v -0.779648 105.72 -1.18109 
v -0.807332 105.72 -1.15059 
v -0.924772 105.67 -1.26666 
v -0.779648 105.72 -1.18109 
v -0.601184 105.494 -1.01638 
v -0.627072 105.494 -0.987872 
v -0.807332 105.72 -1.15059 
v -0.575193 105.51 -0.992843 
v -0.775229 105.761 -1.17723 
v -0.802913 105.761 -1.14674 
v -0.601078 105.51 -0.964332 
v -0.775229 105.761 -1.17723 
v -0.908079 105.697 -1.28797 
v -0.926177 105.697 -1.26804 
v -0.802913 105.761 -1.14674 
v -0.924772 105.67 -1.26666 
v -0.807332 105.72 -1.15059 
v -0.926177 105.697 -1.26804 
v -0.807332 105.72 -1.15059 
v -0.627072 105.494 -0.987872 
v -0.601078 105.51 -0.964332 
v -0.908079 105.697 -1.28797 
v -0.779648 105.72 -1.18109 
v -0.906674 105.67 -1.28659 
v -0.575193 105.51 -0.992843 
v -0.601184 105.494 -1.01638 
v -0.779648 105.72 -1.18109 

vn -0.480315 0.771654 -0.417323 
vn -0.141732 0.976378 -0.141732 
vn -0.141732 0.976378 -0.15748 
vn -0.503937 0.724409 -0.472441 
vn 0.354331 0.80315 0.480315 
vn 0.23622 0.929134 0.291339 
vn -0.370079 0.779528 -0.503937 
vn 0.251969 0.897638 -0.370079 
vn 0.314961 0.669291 -0.669291 
vn 0.023622 0.779528 -0.629921 
vn 0.448819 0.84252 -0.291339 
vn 0.480315 0.755906 -0.448819 
vn 0.606299 -0.299213 -0.732283 
vn -0.385827 -0.314961 -0.866142 
vn 0.96063 -0.015748 -0.283465 
vn 0.606299 -0.299213 -0.732283 
vn 0.251969 -0.952756 0.188976 
vn -0.393701 -0.905512 0.173228 
vn 0.543307 -0.795276 0.283465 
vn -0.102362 -0.889764 0.448819 
vn -0.496063 -0.811024 0.307087 
vn 0.472441 -0.724409 0.503937 
vn -0.330709 -0.92126 -0.212598 
vn 0.0551181 -0.976378 0.19685 
vn -0.11811 -0.929134 0.346457 
vn -0.488189 -0.874016 0.015748 
vn 0.417323 -0.700787 0.582677 
vn 0.283465 -0.496063 0.818898 
vn 0.952756 0.291339 0.102362 
vn 0.543307 0.220472 0.811024 
vn 0.472441 0.275591 0.834646 
vn -0.984252 -0.015748 -0.19685 
vn -0.858268 -0.0944882 -0.496063 
vn -0.795276 -0.173228 -0.574803 
vn -0.984252 -0.015748 -0.19685 
vn -0.795276 -0.173228 -0.574803 
vn 0.0393701 0.976378 -0.220472 
vn 0.346457 0.937008 0.0629921 
vn -0.417323 0.787402 -0.456693 
vn -0.858268 -0.0551181 -0.511811 
vn -0.448819 -0.897638 -0.0393701 
vn 0.0472441 -0.96063 0.259843 
vn 0.425197 -0.740157 0.519685 
vn 0.771654 0.251969 0.582677 
vn -0.614173 0.370079 -0.700787 
vn -0.338583 0.771654 -0.535433 
vn -0.338583 0.755906 -0.566929 
vn -0.645669 0.283465 -0.708661 
vn 0.212598 0.976378 0.0708661 
vn -0.00787402 0.976378 -0.228346 
vn -0.511811 0.417323 -0.748031 
vn -0.149606 0.677165 -0.716535 
vn 0.0708661 0.346457 -0.937008 
vn -0.448819 0.322835 -0.834646 
vn 0.330709 0.811024 -0.480315 
vn 0.346457 0.590551 -0.724409 
vn 0.669291 -0.551181 -0.503937 
vn -0.346457 -0.740157 -0.574803 
vn 0.968504 -0.0393701 -0.23622 
vn 0.669291 -0.551181 -0.503937 
vn 0.377953 -0.724409 0.574803 
vn -0.322835 -0.76378 0.559055 
vn 0.76378 -0.440945 0.472441 
vn -0.0708661 -0.653543 0.755906 
vn -0.425197 -0.685039 0.598425 
vn 0.614173 -0.377953 0.692913 
vn -0.0787402 -0.976378 0.212598 
vn 0.330709 -0.732283 0.598425 
vn 0.173228 -0.708661 0.685039 
vn -0.149606 -0.889764 0.425197 
vn 0.519685 -0.330709 0.787402 
vn 0.488189 -0.0314961 0.874016 
vn 0.913386 0.377953 0.141732 
vn 0.456693 0.685039 0.566929 
vn 0.472441 0.685039 0.559055 
vn 0.472441 0.685039 0.559055 
vn 0.456693 0.685039 0.566929 
vn -0.937008 -0.330709 -0.110236 
vn -0.76378 -0.519685 -0.385827 
vn -0.661417 -0.598425 -0.456693 
vn -0.937008 -0.330709 -0.110236 
vn -0.165354 0.80315 -0.574803 
vn 0.141732 0.937008 -0.314961 
vn -0.527559 0.385827 -0.755906 
vn -0.716535 -0.496063 -0.480315 
vn -0.165354 -0.92126 0.362205 
vn -0.716535 -0.496063 -0.480315 
vn 0.0787402 -0.76378 0.637795 
vn 0.440945 -0.425197 0.787402 
vn 0.661417 0.629921 0.409449 
vn -0.755906 0.637795 -0.133858 
vn -0.338583 0.944882 -0.015748 
vn -0.370079 0.929134 -0.0708661 
vn -0.748031 0.606299 -0.267717 
vn 0.566929 0.787402 0.251969 
vn 0.220472 0.96063 0.149606 
vn -0.732283 0.598425 -0.330709 
vn -0.259843 0.905512 -0.330709 
vn 0.015748 0.677165 -0.740157 
vn -0.598425 0.566929 -0.566929 
vn 0.425197 0.889764 -0.181102 
vn 0.370079 0.787402 -0.496063 
vn 0.511811 -0.267717 -0.811024 
vn -0.535433 -0.456693 -0.708661 
vn 0.913386 0.0393701 -0.409449 
vn 0.551181 -0.834646 0.0551181 
vn -0.244094 -0.944882 0.204724 
vn 0.88189 -0.464567 0.0708661 
vn 0.188976 -0.866142 0.464567 
vn -0.425197 -0.834646 0.362205 
vn 0.795276 -0.472441 0.377953 
vn -0.244094 -0.96063 -0.149606 
vn 0.377953 -0.913386 0.149606 
vn 0.141732 -0.929134 0.330709 
vn -0.409449 -0.897638 0.15748 
vn 0.850394 -0.440945 0.275591 
vn 0.850394 -0.307087 0.433071 
vn 0.96063 0.275591 0.0787402 
vn 0.866142 0.354331 0.362205 
vn 0.874016 0.330709 0.346457 
vn -0.976378 -0.220472 0.023622 
vn -0.952756 -0.291339 0.00787402 
vn -0.913386 -0.322835 -0.23622 
vn -0.181102 0.976378 -0.125984 
vn 0.330709 0.937008 0.0629921 
vn -0.716535 0.606299 -0.354331 
vn -0.905512 -0.204724 -0.370079 
vn -0.338583 -0.937008 -0.0708661 
vn 0.338583 -0.913386 0.23622 
vn 0.748031 -0.535433 0.393701 
vn 0.858268 0.377953 0.338583 
vn 0.858268 0.377953 0.338583 
vn 0.362205 0.929134 0.0314961 
vn 0.401575 0.913386 0.0314961 
vn 0.0472441 1 0.0551181 
vn 0.133858 0.992126 0.0551181 
vn -0.551181 0.811024 -0.212598 
vn -0.110236 0.716535 -0.692913 
vn -0.173228 -0.0551181 -0.984252 
vn -0.929134 0 -0.370079 
vn -0.0787402 -0.944882 -0.322835 
vn -0.566929 -0.771654 0.275591 
vn 0.251969 -0.952756 0.173228 
vn 0.15748 -0.968504 0.181102 
vn -0.0944882 -0.968504 0.212598 
vn -0.141732 -0.968504 0.188976 
vn 0.96063 -0.173228 0.204724 
vn 0.275591 -0.944882 0.181102 
vn 0.496063 -0.858268 0.15748 
vn 0.984252 -0.0629921 0.173228 
vn 0.503937 0.866142 0.023622 
vn 0.96063 -0.173228 0.204724 
vn 0.622047 0.779528 0.0629921 
vn -0.133858 0.968504 -0.19685 
vn 0.346457 0.937008 -0.0472441 
vn 0.165354 0.96063 -0.23622 
vn -0.629921 0.76378 -0.15748 
vn 0.582677 0.811024 -0.0551181 
vn 1 0.023622 -0.0472441 
vn 0.944882 -0.125984 -0.291339 
vn 0.551181 0.779528 -0.291339 
vn -0.409449 0.015748 -0.913386 
vn -0.976378 0.0314961 0.19685 
vn 0.574803 -0.811024 0.102362 
vn 0.496063 -0.866142 -0.00787402 
vn 0.228346 -0.96063 0.141732 
vn -0.220472 -0.976378 0.0472441 
vn -0.574803 -0.80315 0.173228 
vn 0.165354 -0.984252 0.0708661 
vn -0.645669 0.76378 0.0708661 
vn -0.0472441 0.952756 -0.299213 
vn -0.897638 0 0.448819 
vn -0.511811 -0.779528 0.362205 
vn 0.0314961 -0.984252 0.173228 
vn 0.755906 -0.0629921 -0.653543 
vn 0.464567 -0.874016 -0.133858 
vn 0.393701 -0.866142 -0.291339 
vn 0.433071 -0.188976 -0.88189 
vn 0.401575 0.755906 -0.511811 
vn 0.267717 0.574803 -0.771654 
vn -0.173228 0.984252 0.0708661 
vn -0.251969 0.968504 0.0708661 
vn 0.251969 0.76378 -0.590551 
vn 0.259843 -0.133858 -0.96063 
vn -0.629921 -0.133858 -0.76378 
vn -0.401575 0.748031 -0.527559 
vn 0.259843 -0.133858 -0.96063 
vn 0.228346 -0.944882 -0.244094 
vn -0.385827 -0.905512 -0.173228 
vn -0.417323 -0.889764 0.188976 
vn -0.393701 -0.889764 0.23622 
vn -0.944882 0.11811 0.307087 
vn -0.92126 0.11811 0.377953 
vn -0.566929 -0.787402 0.251969 
vn -0.503937 -0.826772 0.251969 
vn -0.291339 0.952756 0.0629921 
vn -0.417323 0.897638 0.141732 
vn 0.377953 0.574803 -0.724409 
vn -0.125984 0.913386 -0.377953 
vn 0.818898 -0.283465 -0.496063 
vn 0.417323 -0.905512 -0.11811 
vn 0.818898 -0.283465 -0.496063 
vn -0.0708661 -0.952756 0.307087 
vn -0.929134 0.023622 0.377953 
vn -0.984252 -0.0472441 -0.149606 
vn -0.503937 -0.850394 0.165354 
vn -0.417323 -0.755906 0.496063 
vn -0.543307 0.834646 -0.0551181 
vn -0.677165 0.716535 -0.19685 
vn -0.929134 0.023622 0.377953 
vn -0.409449 0.015748 -0.913386 
vn -0.267717 -0.897638 0.338583 
vn -0.385827 -0.84252 0.377953 
vn -0.874016 0.204724 0.440945 
vn -0.385827 0.92126 0 
vn -0.299213 0.944882 -0.0866142 
vn 0.96063 -0.149606 0.244094 
vn 0.968504 -0.204724 0.141732 
vn 0.692913 -0.448819 0.566929 
vn 0.779528 -0.141732 0.606299 
vn 0.433071 -0.480315 0.76378 
vn 0.637795 -0.220472 0.740157 
vn 0.88189 0.0393701 -0.472441 
vn -0.19685 0.251969 -0.944882 
vn 0.0866142 0.976378 -0.19685 
vn 0.590551 0.606299 0.543307 
vn 0.204724 0.866142 -0.464567 
vn -0.19685 0.913386 -0.362205 
vn 0.330709 0.771654 0.543307 
vn 0.401575 0.787402 0.464567 
vn 0.496063 0.165354 0.850394 
vn 0.354331 0.307087 0.88189 
vn 0.566929 0.0551181 0.826772 
vn 0.677165 -0.535433 0.511811 
vn 0.574803 0.818898 0 
vn 0.905512 0.401575 -0.133858 
vn 0.858268 0.496063 -0.133858 
vn 0.566929 0.826772 0.0629921 
vn 0.748031 0.543307 -0.377953 
vn 0.503937 0.850394 -0.125984 
vn 0.102362 0.984252 0.15748 
vn 0.188976 0.937008 0.291339 
vn 0.141732 0.968504 0.220472 
vn 0.685039 0.511811 -0.519685 
vn 0.677165 0.472441 -0.566929 
vn 0.393701 0.850394 -0.354331 
vn 0.464567 0.850394 -0.251969 
vn -0.0393701 0.992126 -0.102362 
vn 0.0393701 1 0.0314961 
vn 0.102362 0.543307 -0.834646 
vn 0.322835 0.401575 -0.858268 
vn 0.244094 -0.125984 -0.96063 
vn -0.110236 -0.11811 -0.984252 
vn 0.11811 -0.732283 -0.669291 
vn -0.0472441 -0.732283 -0.677165 
vn -0.401575 -0.614173 -0.677165 
vn -0.503937 0.015748 -0.866142 
vn -0.370079 0.645669 -0.669291 
vn -0.338583 -0.188976 -0.92126 
vn -0.385827 -0.653543 -0.653543 
vn -0.0944882 -0.566929 -0.818898 
vn -0.181102 -0.204724 -0.96063 
vn 0.401575 -0.299213 -0.866142 
vn 0.244094 -0.23622 -0.937008 
vn 0.708661 -0.0629921 -0.700787 
vn 0.622047 -0.0787402 -0.779528 
vn 0.874016 0 -0.488189 
vn 0.866142 0.00787402 -0.496063 
vn 0.669291 0.0787402 -0.740157 
vn 0.76378 0.19685 -0.614173 
vn 0.858268 0.173228 -0.480315 
vn 0.984252 0.0866142 -0.149606 
vn 0.968504 0.181102 -0.149606 
vn 0.968504 -0.204724 0.141732 
vn 0.984252 -0.0393701 -0.181102 
vn 0.984252 -0.0944882 -0.173228 
vn 0.96063 -0.149606 0.244094 
vn -0.968504 0.0551181 -0.259843 
vn -0.771654 0.0551181 -0.637795 
vn -0.76378 -0.141732 -0.629921 
vn -0.952756 -0.141732 -0.259843 
vn -0.637795 0.0551181 -0.771654 
vn -0.496063 -0.149606 -0.858268 
vn -0.385827 -0.653543 -0.653543 
vn -0.645669 -0.606299 -0.456693 
vn -0.84252 -0.488189 -0.23622 
vn -0.448819 -0.88189 -0.133858 
vn -0.787402 -0.614173 0.0551181 
vn -0.299213 -0.944882 0.133858 
vn -0.653543 -0.669291 0.346457 
vn -0.188976 -0.937008 -0.299213 
vn -0.0314961 -1 -0.023622 
vn -0.464567 -0.637795 0.614173 
vn -0.141732 -0.905512 0.401575 
vn 0.0551181 -0.661417 0.748031 
vn -0.23622 -0.527559 0.811024 
vn 0.125984 -0.96063 0.251969 
vn 0.346457 -0.700787 0.622047 
vn 0.165354 -0.220472 0.96063 
vn -0.259843 -0.19685 0.944882 
vn 0.488189 -0.228346 0.84252 
vn 0.346457 -0.015748 0.937008 
vn 0.165354 -0.015748 0.984252 
vn -0.259843 0 0.968504 
vn -0.637795 0.015748 0.771654 
vn -0.629921 -0.181102 0.748031 
vn -0.866142 0.0314961 0.503937 
vn -0.858268 -0.173228 0.488189 
vn -0.976378 -0.15748 0.165354 
vn -0.984252 0.0472441 0.165354 
vn -0.771654 0.0551181 -0.637795 
vn -0.968504 0.0551181 -0.259843 
vn -0.637795 0.0551181 -0.771654 
vn 0.165354 -0.015748 0.984252 
vn 0.346457 -0.015748 0.937008 
vn -0.259843 0 0.968504 
vn -0.637795 0.015748 0.771654 
vn -0.866142 0.0314961 0.503937 
vn -0.984252 0.0472441 0.165354 
vn -0.968504 0.0551181 -0.259843 
vn 0.984252 0.0866142 -0.149606 
vn 0.905512 0.401575 -0.133858 
vn 0.771654 0.582677 -0.259843 
vn 0.944882 0.0787402 -0.322835 
vn 0.574803 0.818898 0 
vn 0.488189 0.866142 -0.0787402 
vn 0.141732 0.968504 0.220472 
vn 0.102362 0.984252 0.141732 
vn 0.440945 -0.834646 0.330709 
vn 0.23622 -0.874016 0.425197 
vn 0.811024 -0.582677 0.0551181 
vn 0.637795 0.685039 -0.362205 
vn 0.937008 -0.00787402 -0.346457 
vn 0.330709 0.929134 -0.165354 
vn 0.0472441 1 0.0551181 
vn 0.370079 -0.905512 0.188976 
vn 0.165354 -0.929134 0.314961 
vn 0.700787 -0.716535 -0.023622 
vn 0.92126 -0.0629921 -0.393701 
vn 0.417323 0.661417 -0.622047 
vn 0.267717 0.220472 -0.937008 
vn 0.716535 -0.629921 -0.299213 
vn -0.015748 0.456693 -0.889764 
vn -0.228346 0.582677 -0.779528 
vn -0.188976 0.92126 -0.346457 
vn -0.401575 0.582677 -0.708661 
vn 0.330709 -0.732283 0.598425 
vn 0.488189 -0.732283 0.472441 
vn 0.448819 -0.448819 0.771654 
vn 0.448819 -0.401575 0.795276 
vn 0.740157 -0.645669 0.19685 
vn 0.574803 -0.574803 0.574803 
vn -0.19685 0.251969 -0.944882 
vn 0.0866142 0.976378 -0.19685 
vn -0.19685 0.913386 -0.362205 
vn 0.204724 0.866142 -0.464567 
vn 0.440945 0.00787402 0.897638 
vn 0.0629921 0.866142 -0.496063 
vn -0.165354 0.598425 -0.787402 
vn -0.00787402 0.80315 -0.590551 
vn -0.00787402 0.80315 -0.590551 
vn 0.393701 0.834646 0.385827 
vn 0.614173 0.464567 -0.645669 
vn 0.283465 0.834646 -0.472441 
vn 0.637795 -0.102362 -0.76378 
vn 0.362205 -0.551181 -0.748031 
vn 0.0393701 -0.834646 -0.551181 
vn -0.228346 -0.897638 -0.370079 
vn -0.11811 0.968504 -0.228346 
vn 0.023622 -0.897638 -0.440945 
vn -0.204724 -0.92126 -0.322835 
vn 0.346457 -0.669291 -0.653543 
vn 0.543307 -0.0551181 -0.834646 
vn 0.385827 0.511811 -0.771654 
vn 0.173228 0.779528 -0.606299 
vn -0.204724 0.905512 -0.377953 
vn -0.370079 0.149606 -0.92126 
vn -0.330709 -0.0393701 -0.944882 
vn 0.905512 -0.401575 -0.141732 
vn 0.874016 -0.299213 -0.393701 
vn 0.874016 -0.299213 -0.393701 
vn 0.905512 -0.401575 -0.141732 
vn 0.275591 0.141732 0.952756 
vn 0.267717 -0.110236 0.96063 
vn 0.267717 -0.110236 0.96063 
vn 0.275591 0.141732 0.952756 
vn -0.858268 0.385827 0.330709 
vn -0.905512 0.322835 0.283465 
vn -0.905512 0.322835 0.283465 
vn -0.858268 0.385827 0.330709 
vn -0.330709 -0.0393701 -0.944882 
vn -0.370079 0.149606 -0.92126 
vn -0.330709 -0.0393701 -0.944882 
vn -0.15748 -0.566929 -0.811024 
vn 0.795276 -0.409449 0.448819 
vn 0.905512 -0.401575 -0.141732 
vn 0.905512 -0.401575 -0.141732 
vn 0.795276 -0.409449 0.448819 
vn -0.023622 0.677165 0.732283 
vn 0.275591 0.141732 0.952756 
vn 0.275591 0.141732 0.952756 
vn -0.023622 0.677165 0.732283 
vn -0.811024 0.519685 -0.267717 
vn -0.858268 0.385827 0.330709 
vn -0.858268 0.385827 0.330709 
vn -0.811024 0.519685 -0.267717 
vn -0.15748 -0.566929 -0.811024 
vn -0.330709 -0.0393701 -0.944882 
vn -0.15748 -0.566929 -0.811024 
vn -0.141732 -0.787402 -0.606299 
vn 0.637795 -0.590551 0.496063 
vn 0.795276 -0.409449 0.448819 
vn 0.795276 -0.409449 0.448819 
vn 0.637795 -0.590551 0.496063 
vn 0.228346 0.708661 0.669291 
vn -0.023622 0.677165 0.732283 
vn -0.023622 0.677165 0.732283 
vn 0.228346 0.708661 0.669291 
vn -0.637795 0.590551 -0.496063 
vn -0.811024 0.519685 -0.267717 
vn -0.811024 0.519685 -0.267717 
vn -0.637795 0.590551 -0.496063 
vn -0.141732 -0.787402 -0.606299 
vn -0.15748 -0.566929 -0.811024 
vn -0.141732 -0.787402 -0.606299 
vn 0.645669 0.393701 -0.653543 
vn 0.637795 -0.590551 0.496063 
vn 0.637795 -0.590551 0.496063 
vn 0.228346 0.708661 0.669291 
vn 0.228346 0.708661 0.669291 
vn -0.637795 0.590551 -0.496063 
vn -0.637795 0.590551 -0.496063 
vn -0.141732 -0.787402 -0.606299 
vn -0.370079 0.385827 -0.84252 
vn -0.377953 0.811024 -0.440945 
vn 0.677165 0.448819 -0.582677 
vn 0.314961 0.149606 -0.937008 
vn 0.708661 -0.637795 -0.307087 
vn 0.338583 -0.559055 -0.755906 
vn -0.322835 -0.944882 0 
vn -0.338583 -0.76378 -0.551181 
vn -0.992126 -0.0472441 -0.0787402 
vn -0.779528 -0.173228 -0.606299 
vn -0.377953 0.811024 -0.440945 
vn -0.370079 0.385827 -0.84252 
vn -0.251969 0.96063 0.11811 
vn 0.80315 0.598425 -0.015748 
vn 0.834646 -0.488189 0.259843 
vn -0.19685 -0.795276 0.566929 
vn -0.866142 0.0944882 0.488189 
vn -0.251969 0.96063 0.11811 
vn -0.0393701 0.771654 0.629921 
vn 0.653543 0.535433 0.535433 
vn 0.669291 -0.173228 0.716535 
vn -0.00787402 -0.377953 0.929134 
vn -0.448819 0.204724 0.874016 
vn -0.0393701 0.771654 0.629921 
vn -0.212598 -0.244094 -0.944882 
vn -0.212598 -0.244094 -0.944882 
vn -0.212598 -0.244094 -0.944882 
vn -0.212598 -0.244094 -0.944882 
vn -0.212598 -0.244094 -0.944882 
vn 0.212598 0.244094 0.944882 
vn 0.212598 0.244094 0.944882 
vn 0.212598 0.244094 0.944882 
vn 0.212598 0.244094 0.944882 
vn 0.212598 0.244094 0.944882 
vn -0.606299 -0.724409 0.338583 
vn 0.653543 -0.755906 0.0629921 
vn 0.779528 -0.543307 -0.307087 
vn -0.866142 -0.503937 0.0472441 
vn -0.866142 -0.503937 0.0472441 
vn 0.779528 -0.543307 -0.307087 
vn 0.661417 -0.480315 -0.574803 
vn -0.866142 -0.440945 -0.244094 
vn -0.456693 0.606299 0.653543 
vn 0.716535 0.574803 0.393701 
vn 0.645669 0.76378 0 
vn -0.551181 0.795276 0.259843 
vn -0.551181 0.795276 0.259843 
vn 0.645669 0.76378 0 
vn 0.692913 0.590551 -0.417323 
vn -0.771654 0.629921 -0.102362 
vn 0.653543 -0.755906 0.0629921 
vn 0.692913 0.590551 -0.417323 
vn 0.779528 -0.543307 -0.307087 
vn 0.779528 -0.543307 -0.307087 
vn 0.716535 0.574803 0.393701 
vn 0.661417 -0.480315 -0.574803 
vn -0.771654 0.629921 -0.102362 
vn -0.606299 -0.724409 0.338583 
vn -0.866142 -0.503937 0.0472441 
vn -0.866142 -0.503937 0.0472441 
vn -0.866142 -0.440945 -0.244094 
vn -0.456693 0.606299 0.653543 
vn -0.102362 0.771654 -0.629921 
vn -0.133858 0.716535 -0.685039 
vn -0.0393701 0.976378 -0.220472 
vn -0.0314961 0.976378 -0.212598 
vn 0.165354 0.929134 0.338583 
vn 0.259843 0.80315 0.535433 
vn -0.228346 0.779528 -0.582677 
vn -0.535433 0.787402 -0.299213 
vn -0.724409 0.692913 -0.0708661 
vn -0.417323 0.905512 0.015748 
vn -0.606299 0.771654 0.181102 
vn -0.456693 0.858268 0.23622 
vn -0.566929 -0.307087 -0.76378 
vn -0.944882 -0.275591 0.165354 
vn -0.724409 0.015748 0.685039 
vn 0.322835 -0.913386 -0.23622 
vn 0.015748 -0.944882 0.322835 
vn -0.944882 -0.275591 0.165354 
vn -0.0472441 -0.779528 0.622047 
vn 0.488189 -0.826772 -0.267717 
vn 0.417323 -0.897638 0.149606 
vn 0.181102 -0.716535 0.669291 
vn -0.0472441 -0.92126 -0.377953 
vn 0.23622 -0.88189 -0.401575 
vn 0.338583 -0.937008 0.0866142 
vn 0.11811 -0.976378 0.15748 
vn 0.559055 -0.496063 0.661417 
vn 0.275591 -0.700787 0.661417 
vn -0.377953 0.314961 0.866142 
vn 0.496063 0.275591 0.826772 
vn 0.433071 0.220472 0.874016 
vn 0.322835 -0.0393701 -0.944882 
vn -0.102362 -0.188976 -0.976378 
vn -0.00787402 -0.110236 -0.992126 
vn 0.322835 -0.0393701 -0.944882 
vn -0.102362 -0.188976 -0.976378 
vn -0.188976 0.976378 -0.0944882 
vn -0.0944882 0.944882 0.314961 
vn -0.165354 0.787402 -0.598425 
vn -0.015748 -0.0629921 -1 
vn 0.165354 -0.905512 -0.393701 
vn 0.173228 -0.968504 0.188976 
vn 0.220472 -0.740157 0.637795 
vn 0.125984 0.259843 0.952756 
vn -0.291339 0.362205 -0.88189 
vn -0.283465 0.275591 -0.92126 
vn -0.299213 0.748031 -0.590551 
vn -0.267717 0.771654 -0.574803 
vn -0.165354 0.976378 -0.133858 
vn -0.023622 0.976378 0.204724 
vn -0.385827 0.409449 -0.826772 
vn -0.488189 0.322835 -0.811024 
vn -0.834646 0.362205 -0.409449 
vn -0.527559 0.685039 -0.496063 
vn -0.787402 0.614173 -0.0708661 
vn -0.559055 0.826772 0.0314961 
vn -0.346457 -0.740157 -0.574803 
vn -0.787402 -0.519685 0.338583 
vn -0.692913 -0.015748 0.724409 
vn 0.629921 -0.779528 0.015748 
vn 0.291339 -0.724409 0.629921 
vn -0.787402 -0.519685 0.338583 
vn 0.015748 -0.425197 0.905512 
vn 0.708661 -0.700787 -0.0629921 
vn 0.677165 -0.661417 0.322835 
vn 0.283465 -0.370079 0.88189 
vn 0.204724 -0.976378 0.0472441 
vn 0.417323 -0.905512 0.102362 
vn 0.488189 -0.716535 0.503937 
vn 0.330709 -0.732283 0.590551 
vn 0.511811 -0.0314961 0.858268 
vn 0.417323 -0.330709 0.850394 
vn -0.322835 0.401575 0.858268 
vn 0.267717 0.685039 0.677165 
vn 0.283465 0.685039 0.669291 
vn 0.267717 0.685039 0.677165 
vn 0.283465 0.685039 0.669291 
vn 0.362205 -0.354331 -0.866142 
vn -0.0866142 -0.606299 -0.787402 
vn 0.0314961 -0.535433 -0.84252 
vn 0.362205 -0.354331 -0.866142 
vn -0.393701 0.80315 -0.440945 
vn -0.314961 0.944882 -0.0472441 
vn -0.385827 0.385827 -0.84252 
vn -0.0708661 -0.511811 -0.858268 
vn -0.0708661 -0.511811 -0.858268 
vn 0.370079 -0.929134 0.0551181 
vn 0.496063 -0.771654 0.401575 
vn 0.448819 -0.425197 0.779528 
vn 0.0393701 0.645669 0.76378 
vn 0.275591 0.622047 -0.732283 
vn 0.15748 0.590551 -0.795276 
vn 0.149606 0.913386 -0.370079 
vn 0.181102 0.929134 -0.314961 
vn 0.0472441 0.968504 0.251969 
vn -0.0472441 0.795276 0.606299 
vn 0.0866142 0.582677 -0.80315 
vn -0.181102 0.559055 -0.811024 
vn -0.629921 0.685039 -0.362205 
vn -0.133858 0.905512 -0.409449 
vn -0.590551 0.80315 0.0551181 
vn -0.346457 0.897638 0.259843 
vn -0.362205 -0.464567 -0.811024 
vn -0.968504 -0.244094 0.0472441 
vn -0.811024 0.0708661 0.582677 
vn 0.275591 -0.952756 -0.0944882 
vn -0.251969 -0.818898 0.519685 
vn -0.385827 -0.440945 0.811024 
vn 0.503937 -0.850394 -0.173228 
vn 0.283465 -0.866142 0.409449 
vn -0.0787402 -0.456693 0.889764 
vn -0.0314961 -0.96063 -0.275591 
vn 0.322835 -0.905512 -0.267717 
vn 0.19685 -0.937008 0.299213 
vn -0.0787402 -0.905512 0.409449 
vn -0.0551181 -0.291339 0.952756 
vn -0.19685 -0.425197 0.88189 
vn -0.401575 0.299213 0.866142 
vn -0.125984 0.346457 0.929134 
vn -0.110236 0.370079 0.92126 
vn 0.496063 -0.244094 -0.834646 
vn 0.244094 -0.338583 -0.905512 
vn 0.472441 -0.314961 -0.818898 
vn 0.00787402 0.968504 -0.23622 
vn -0.0866142 0.944882 0.307087 
vn 0.0708661 0.590551 -0.80315 
vn 0.125984 -0.220472 -0.968504 
vn 0.0866142 -0.944882 -0.314961 
vn 0.015748 -0.905512 0.425197 
vn -0.0393701 -0.519685 0.850394 
vn -0.133858 0.393701 0.905512 
vn -0.133858 0.393701 0.905512 
vn -0.133858 0.937008 0.314961 
vn 0.00787402 0.992126 0.125984 
vn 0.0472441 1 0.0551181 
vn -0.149606 0.92126 0.354331 
vn 0.110236 0.795276 -0.590551 
vn 0.141732 -0.023622 -0.992126 
vn -0.771654 -0.0393701 -0.637795 
vn -0.527559 0.724409 -0.448819 
vn 0.503937 -0.795276 -0.338583 
vn -0.259843 -0.937008 -0.212598 
vn 0 -0.944882 0.322835 
vn 0.204724 -0.976378 -0.00787402 
vn 0.212598 -0.976378 0.0393701 
vn 0.0551181 -0.968504 0.244094 
vn -0.307087 -0.149606 0.937008 
vn -0.346457 -0.0472441 0.937008 
vn -0.133858 -0.84252 0.519685 
vn -0.00787402 -0.937008 0.346457 
vn -0.212598 0.874016 0.433071 
vn -0.23622 0.795276 0.559055 
vn -0.307087 -0.149606 0.937008 
vn -0.0787402 0.968504 -0.228346 
vn 0.19685 0.748031 -0.637795 
vn -0.259843 0.968504 0.00787402 
vn -0.19685 0.944882 0.267717 
vn -0.314961 0.826772 0.464567 
vn -0.503937 0.795276 0.322835 
vn -0.732283 -0.0944882 0.677165 
vn -0.543307 0.0472441 0.84252 
vn -0.590551 0.023622 -0.811024 
vn 0.661417 0 -0.748031 
vn -0.275591 -0.858268 0.440945 
vn -0.220472 -0.795276 0.559055 
vn -0.015748 -0.96063 0.283465 
vn -0.0472441 -0.976378 0.19685 
vn 0.417323 -0.818898 -0.401575 
vn 0.125984 -0.976378 -0.149606 
vn 0.401575 0.740157 -0.535433 
vn -0.212598 0.952756 -0.204724 
vn 0.834646 -0.0314961 -0.551181 
vn 0.551181 -0.795276 -0.244094 
vn 0.102362 -0.984252 0.125984 
vn -0.944882 -0.0314961 0.330709 
vn -0.984252 -0.165354 -0.0629921 
vn -0.472441 -0.858268 0.212598 
vn -0.370079 -0.858268 0.346457 
vn -0.622047 0.779528 0.0866142 
vn -0.787402 0.590551 -0.165354 
vn 0.173228 0.976378 -0.133858 
vn 0.212598 0.96063 -0.19685 
vn -0.622047 0.779528 -0.0866142 
vn -0.23622 0.740157 -0.622047 
vn -0.346457 -0.141732 -0.929134 
vn -0.96063 -0.11811 -0.251969 
vn -0.96063 -0.11811 -0.251969 
vn 0.023622 -0.913386 -0.409449 
vn -0.346457 -0.937008 0.0866142 
vn 0.346457 -0.905512 -0.259843 
vn 0.377953 -0.897638 -0.212598 
vn 0.740157 0.0944882 -0.661417 
vn 0.448819 -0.84252 -0.291339 
vn 0.480315 -0.80315 -0.354331 
vn 0.787402 0.0944882 -0.614173 
vn 0.228346 0.944882 -0.23622 
vn 0.354331 0.88189 -0.307087 
vn -0.80315 0.598425 -0.0393701 
vn -0.244094 0.92126 -0.314961 
vn -0.850394 -0.251969 0.464567 
vn -0.330709 -0.889764 0.314961 
vn -0.850394 -0.251969 0.464567 
vn 0.275591 -0.952756 0.102362 
vn 0.787402 0 -0.614173 
vn 0.622047 -0.779528 -0.102362 
vn 0.370079 -0.866142 -0.338583 
vn 0.362205 -0.0708661 -0.929134 
vn 0.244094 0.826772 -0.511811 
vn 0.787402 0 -0.614173 
vn 0.188976 0.700787 -0.692913 
vn -0.590551 0.023622 -0.811024 
vn 0.409449 -0.913386 -0.0472441 
vn 0.496063 -0.858268 -0.133858 
vn 0.818898 0.173228 -0.543307 
vn 0.220472 0.913386 -0.346457 
vn 0.0944882 0.944882 -0.322835 
vn -0.267717 -0.125984 0.952756 
vn 0.133858 -0.133858 0.984252 
vn 0.133858 -0.440945 0.889764 
vn -0.370079 -0.181102 0.913386 
vn -0.84252 0.0629921 0.527559 
vn 0.19685 0.614173 0.76378 
vn -0.188976 0.984252 -0.0393701 
vn -0.716535 0.259843 -0.645669 
vn -0.480315 0.874016 -0.0629921 
vn 0.220472 0.787402 0.574803 
vn 0.598425 0.299213 0.740157 
vn 0.433071 0.0629921 0.897638 
vn 0.0866142 -0.527559 0.84252 
vn -0.267717 0.834646 0.488189 
vn -0.204724 0.834646 0.503937 
vn -0.527559 0.519685 0.669291 
vn -0.559055 0.433071 0.708661 
vn -0.338583 0.866142 0.362205 
vn -0.685039 0.574803 0.448819 
vn -0.779528 0.535433 0.330709 
vn -0.425197 0.866142 0.267717 
vn -0.480315 0.866142 0.149606 
vn -0.818898 0.496063 0.291339 
vn -0.755906 0.559055 -0.338583 
vn -0.80315 -0.102362 -0.590551 
vn -0.96063 -0.102362 -0.267717 
vn -0.889764 0.425197 -0.149606 
vn -0.582677 -0.724409 -0.370079 
vn -0.661417 -0.716535 -0.220472 
vn -0.748031 -0.188976 -0.629921 
vn -0.677165 -0.559055 -0.480315 
vn -0.944882 -0.212598 -0.251969 
vn -0.96063 -0.275591 -0.0787402 
vn -0.984252 -0.0551181 0.149606 
vn -0.96063 -0.0393701 0.267717 
vn -0.858268 0.0314961 0.503937 
vn -0.858268 0.0314961 0.511811 
vn -0.968504 0.110236 0.212598 
vn -0.905512 0.228346 0.346457 
vn -0.84252 0.204724 0.503937 
vn -0.614173 0.204724 0.76378 
vn -0.622047 0.110236 0.779528 
vn -0.645669 -0.015748 0.76378 
vn -0.370079 -0.181102 0.913386 
vn -0.637795 -0.0708661 0.76378 
vn -0.267717 -0.125984 0.952756 
vn 0.259843 0.0314961 -0.968504 
vn 0.251969 -0.165354 -0.952756 
vn -0.173228 -0.15748 -0.976378 
vn -0.165354 0.0472441 -0.984252 
vn -0.0866142 -0.622047 -0.779528 
vn 0.204724 -0.503937 -0.84252 
vn 0.417323 -0.637795 -0.645669 
vn 0.0866142 -0.889764 -0.448819 
vn 0.614173 -0.692913 -0.385827 
vn 0.244094 -0.952756 -0.181102 
vn 0.748031 -0.661417 -0.0866142 
vn 0.811024 -0.551181 0.204724 
vn 0.606299 -0.669291 0.425197 
vn 0.393701 -0.913386 0.0944882 
vn 0.944882 -0.220472 0.251969 
vn 0.748031 -0.228346 0.622047 
vn 0.771654 -0.023622 0.637795 
vn 0.968504 -0.015748 0.259843 
vn 0.96063 -0.212598 -0.173228 
vn 0.984252 -0.00787402 -0.165354 
vn 0.84252 -0.19685 -0.496063 
vn 0.866142 0 -0.496063 
vn 0.622047 -0.181102 -0.76378 
vn 0.637795 0.015748 -0.771654 
vn -0.165354 0.0472441 -0.984252 
vn 0.259843 0.0314961 -0.968504 
vn 0.771654 -0.023622 0.637795 
vn 0.968504 -0.015748 0.259843 
vn 0.984252 -0.00787402 -0.165354 
vn 0.866142 0 -0.496063 
vn 0.637795 0.015748 -0.771654 
vn 0.259843 0.0314961 -0.968504 
vn -0.622047 0.110236 0.779528 
vn -0.748031 0.110236 0.653543 
vn -0.590551 0.606299 0.527559 
vn -0.559055 0.433071 0.708661 
vn -0.291339 0.88189 0.370079 
vn -0.267717 0.834646 0.488189 
vn 0.0393701 -0.826772 0.559055 
vn -0.370079 -0.566929 0.740157 
vn -0.771654 0.015748 0.637795 
vn -0.614173 0.700787 0.362205 
vn -0.283465 0.937008 0.188976 
vn -0.0472441 -0.897638 0.433071 
vn -0.385827 -0.692913 0.606299 
vn -0.795276 -0.0314961 0.598425 
vn -0.629921 -0.606299 0.480315 
vn -0.937008 0.244094 -0.244094 
vn -0.732283 0.685039 0.0393701 
vn -0.748031 0.472441 -0.464567 
vn -0.551181 0.590551 -0.590551 
vn 0.433071 -0.448819 0.779528 
vn 0.149606 -0.724409 0.669291 
vn 0.19685 -0.566929 0.795276 
vn -0.212598 -0.629921 0.748031 
vn -0.716535 0.259843 -0.645669 
vn -0.188976 0.984252 -0.0393701 
vn -0.480315 0.874016 -0.0629921 
vn 0.543307 0.0551181 0.84252 
vn -0.582677 0.606299 -0.543307 
vn -0.440945 0.874016 -0.204724 
vn -0.425197 0.889764 -0.15748 
vn 0.244094 0.787402 0.566929 
vn -0.425197 0.889764 -0.15748 
vn -0.527559 0.850394 0 
vn -0.850394 0.488189 0.19685 
vn -0.984252 -0.0708661 0.173228 
vn -0.84252 -0.535433 -0.0551181 
vn -0.519685 -0.826772 -0.228346 
vn -0.417323 -0.889764 -0.181102 
vn -0.755906 -0.653543 -0.015748 
vn -1 -0.0314961 0.0551181 
vn -0.84252 0.527559 -0.0629921 
vn -0.590551 0.795276 -0.165354 
vn -0.606299 0.149606 -0.779528 
vn -0.779528 -0.267717 0.566929 
vn -0.582677 -0.377953 0.724409 
vn -0.653543 -0.0393701 -0.755906 
vn -0.779528 -0.267717 0.566929 
vn 0.692913 -0.11811 0.716535 
vn 0.692913 0.133858 0.708661 
vn -0.582677 -0.377953 0.724409 
vn 0.692913 -0.11811 0.716535 
vn 0.700787 0.291339 -0.645669 
vn 0.724409 0.354331 -0.582677 
vn 0.692913 0.133858 0.708661 
vn 0.700787 0.291339 -0.645669 
vn -0.606299 0.149606 -0.779528 
vn -0.653543 -0.0393701 -0.755906 
vn 0.724409 0.354331 -0.582677 
vn -0.653543 -0.0393701 -0.755906 
vn -0.582677 -0.377953 0.724409 
vn -0.023622 -0.393701 0.92126 
vn -0.637795 -0.551181 -0.527559 
vn -0.582677 -0.377953 0.724409 
vn 0.692913 0.133858 0.708661 
vn 0.669291 0.669291 0.330709 
vn -0.023622 -0.393701 0.92126 
vn 0.692913 0.133858 0.708661 
vn 0.724409 0.354331 -0.582677 
vn 0.188976 0.503937 -0.84252 
vn 0.669291 0.669291 0.330709 
vn 0.724409 0.354331 -0.582677 
vn -0.653543 -0.0393701 -0.755906 
vn -0.637795 -0.551181 -0.527559 
vn 0.188976 0.503937 -0.84252 
vn -0.637795 -0.551181 -0.527559 
vn -0.023622 -0.393701 0.92126 
vn 0.0944882 -0.574803 0.811024 
vn -0.472441 -0.779528 -0.417323 
vn -0.023622 -0.393701 0.92126 
vn 0.669291 0.669291 0.330709 
vn 0.480315 0.700787 0.527559 
vn 0.0944882 -0.574803 0.811024 
vn 0.669291 0.669291 0.330709 
vn 0.188976 0.503937 -0.84252 
vn -0.0944882 0.574803 -0.811024 
vn 0.480315 0.700787 0.527559 
vn 0.188976 0.503937 -0.84252 
vn -0.637795 -0.551181 -0.527559 
vn -0.472441 -0.779528 -0.417323 
vn -0.0944882 0.574803 -0.811024 
vn -0.472441 -0.779528 -0.417323 
vn 0.0944882 -0.574803 0.811024 
vn -0.874016 0.425197 0.228346 
vn 0.0944882 -0.574803 0.811024 
vn 0.480315 0.700787 0.527559 
vn 0.480315 0.700787 0.527559 
vn -0.0944882 0.574803 -0.811024 
vn -0.0944882 0.574803 -0.811024 
vn -0.472441 -0.779528 -0.417323 
vn -0.535433 0.393701 -0.748031 
vn -0.968504 0.173228 -0.19685 
vn -0.834646 0.472441 0.283465 
vn -0.173228 0.811024 -0.559055 
vn -0.834646 -0.543307 -0.0708661 
vn -0.637795 -0.614173 0.464567 
vn -0.330709 -0.76378 -0.559055 
vn 0.141732 -0.952756 -0.267717 
vn -0.141732 -0.188976 -0.968504 
vn 0.425197 -0.0708661 -0.905512 
vn -0.535433 0.393701 -0.748031 
vn -0.173228 0.811024 -0.559055 
vn -0.401575 0.622047 0.677165 
vn 0.251969 0.952756 -0.173228 
vn -0.204724 -0.472441 0.858268 
vn 0.574803 -0.811024 0.125984 
vn 0.858268 0.0708661 -0.511811 
vn 0.251969 0.952756 -0.173228 
vn 0.15748 0.543307 0.826772 
vn 0.590551 0.76378 0.267717 
vn 0.283465 -0.173228 0.944882 
vn 0.795276 -0.393701 0.464567 
vn 0.984252 0.181102 0.0472441 
vn 0.590551 0.76378 0.267717 
vn -0.716535 -0.23622 -0.653543 
vn -0.716535 -0.23622 -0.653543 
vn -0.716535 -0.23622 -0.653543 
vn -0.716535 -0.23622 -0.653543 
vn -0.716535 -0.23622 -0.653543 
vn 0.716535 0.23622 0.653543 
vn 0.716535 0.23622 0.653543 
vn 0.716535 0.23622 0.653543 
vn 0.716535 0.23622 0.653543 
vn 0.716535 0.23622 0.653543 
vn 0.574803 -0.740157 -0.346457 
vn 0.456693 -0.527559 -0.716535 
vn -0.669291 -0.519685 0.527559 
vn -0.291339 -0.740157 0.614173 
vn 0.456693 -0.527559 -0.716535 
vn 0.212598 -0.464567 -0.858268 
vn -0.84252 -0.456693 0.291339 
vn -0.669291 -0.519685 0.527559 
vn 0.80315 0.590551 -0.0787402 
vn 0.519685 0.771654 -0.354331 
vn -0.299213 0.779528 0.551181 
vn 0 0.590551 0.811024 
vn 0.519685 0.771654 -0.354331 
vn 0.314961 0.606299 -0.732283 
vn -0.692913 0.614173 0.377953 
vn -0.299213 0.779528 0.551181 
vn -0.291339 -0.740157 0.614173 
vn -0.669291 -0.519685 0.527559 
vn -0.692913 0.614173 0.377953 
vn -0.669291 -0.519685 0.527559 
vn -0.84252 -0.456693 0.291339 
vn 0 0.590551 0.811024 
vn 0.314961 0.606299 -0.732283 
vn 0.456693 -0.527559 -0.716535 
vn 0.574803 -0.740157 -0.346457 
vn 0.80315 0.590551 -0.0787402 
vn 0.212598 -0.464567 -0.858268 
vn 0.456693 -0.527559 -0.716535 

vt 0.377913 0.065875 
vt 0.39996 0.047218 
vt 0.416762 0.083149 
vt 0.38289 0.094147 
vt 0.42466 0.034251 
vt 0.449098 0.074248 
vt 0.383772 0.215071 
vt 0.406926 0.220917 
vt 0.373678 0.3153 
vt 0.338068 0.315976 
vt 0.459127 0.234097 
vt 0.422219 0.284137 
vt 0.363542 0.336373 
vt 0.314589 0.331259 
vt 0.431169 0.307029 
vt 0.363543 0.336373 
vt 0.373678 0.3153 
vt 0.338068 0.315976 
vt 0.422219 0.284137 
vt 0.406926 0.220917 
vt 0.382889 0.214848 
vt 0.459127 0.234097 
vt 0.38289 0.094147 
vt 0.416762 0.083149 
vt 0.39996 0.047218 
vt 0.377913 0.065875 
vt 0.449098 0.074248 
vt 0.42466 0.034251 
vt 0.473368 0.237693 
vt 0.464144 0.059022 
vt 0.440162 0.024725 
vt 0.359559 0.208958 
vt 0.364691 0.070952 
vt 0.361715 0.086765 
vt 0.360936 0.209305 
vt 0.361714 0.086765 
vt 0.4275 0.158467 
vt 0.461436 0.150154 
vt 0.391696 0.163067 
vt 0.377756 0.163042 
vt 0.391696 0.163067 
vt 0.4275 0.158467 
vt 0.460598 0.149942 
vt 0.481773 0.147217 
vt 0.236731 0.028917 
vt 0.260988 0.028917 
vt 0.263669 0.107484 
vt 0.230211 0.107484 
vt 0.287394 0.028917 
vt 0.293002 0.107484 
vt 0.2167 0.235685 
vt 0.246916 0.241996 
vt 0.191208 0.319484 
vt 0.15486 0.306035 
vt 0.283479 0.260996 
vt 0.241158 0.316984 
vt 0.171116 0.348984 
vt 0.121829 0.322404 
vt 0.243611 0.3411 
vt 0.171116 0.348983 
vt 0.191208 0.319484 
vt 0.15486 0.306035 
vt 0.241158 0.316984 
vt 0.246916 0.241996 
vt 0.2167 0.235685 
vt 0.283479 0.260996 
vt 0.230421 0.107484 
vt 0.263159 0.107484 
vt 0.260988 0.028917 
vt 0.236731 0.028917 
vt 0.292954 0.107484 
vt 0.287394 0.028917 
vt 0.297002 0.272249 
vt 0.309697 0.093764 
vt 0.295431 0.028917 
vt 0.29543 0.028917 
vt 0.309698 0.093176 
vt 0.197542 0.227397 
vt 0.223775 0.028917 
vt 0.213043 0.107484 
vt 0.196872 0.227568 
vt 0.265775 0.177238 
vt 0.309207 0.177238 
vt 0.229787 0.177238 
vt 0.218043 0.177238 
vt 0.230329 0.177238 
vt 0.217856 0.177238 
vt 0.265775 0.177238 
vt 0.309683 0.177238 
vt 0.323032 0.177238 
vt 0.539993 0.032534 
vt 0.560576 0.021382 
vt 0.568935 0.089093 
vt 0.54299 0.095045 
vt 0.582138 0.008672 
vt 0.585803 0.0716 
vt 0.554039 0.201132 
vt 0.576323 0.201933 
vt 0.556447 0.282655 
vt 0.528069 0.288594 
vt 0.59709 0.210025 
vt 0.584421 0.266401 
vt 0.549475 0.318707 
vt 0.502624 0.316306 
vt 0.597551 0.288028 
vt 0.556447 0.282654 
vt 0.528069 0.288594 
vt 0.584421 0.266401 
vt 0.576323 0.201933 
vt 0.554039 0.201132 
vt 0.59709 0.210025 
vt 0.54299 0.095045 
vt 0.568935 0.089093 
vt 0.560576 0.021382 
vt 0.539993 0.032534 
vt 0.585803 0.0716 
vt 0.582138 0.008672 
vt 0.618052 0.214553 
vt 0.605773 0.060633 
vt 0.592442 0.00651401 
vt 0.529693 0.198035 
vt 0.526539 0.036828 
vt 0.52016 0.087736 
vt 0.575411 0.140761 
vt 0.58988 0.139298 
vt 0.554839 0.143311 
vt 0.538369 0.143373 
vt 0.554839 0.143311 
vt 0.574829 0.142342 
vt 0.589873 0.140975 
vt 0.60526 0.139989 
vt 0.603971 0.138275 
vt 0.95693 0.426688 
vt 0.904842 0.292199 
vt 0.877389 0.310121 
vt 0.945418 0.428979 
vt 0.669902 0.061541 
vt 0.697904 0.044623 
vt 0.676808 0.028213 
vt 0.647689 0.058616 
vt 0.697904 0.044623 
vt 0.669902 0.061541 
vt 0.904842 0.292199 
vt 0.95693 0.426688 
vt 0.945418 0.428979 
vt 0.877389 0.310121 
vt 0.978404 0.422414 
vt 0.968469 0.424391 
vt 0.926063 0.27549 
vt 0.940115 0.264736 
vt 0.968469 0.424391 
vt 0.976516 0.422789 
vt 0.925021 0.277057 
vt 0.827222 0.236339 
vt 0.863128 0.197819 
vt 0.822826 0.142447 
vt 0.795295 0.176565 
vt 0.894122 0.161187 
vt 0.910335 0.144952 
vt 0.870256 0.087564 
vt 0.85575 0.103604 
vt 0.790319 0.200733 
vt 0.761062 0.185551 
vt 0.894122 0.161187 
vt 0.85575 0.103604 
vt 0.863128 0.197819 
vt 0.827222 0.236339 
vt 0.795295 0.176565 
vt 0.822827 0.142447 
vt 0.742034 0.108807 
vt 0.768269 0.083466 
vt 0.711408 0.123605 
vt 0.742034 0.108807 
vt 0.768269 0.083466 
vt 0.80568 0.032648 
vt 0.797051 0.051088 
vt 0.726631 0.031875 
vt 0.727667 0.013876 
vt 0.797051 0.051088 
vt 0.728493 0.031735 
vt 0.933899 0.431271 
vt 0.86603 0.322884 
vt 0.69051 0.15367 
vt 0.68727 0.13829 
vt 0.656989 0.17488 
vt 0.679819 0.188414 
vt 0.687312 0.137917 
vt 0.69051 0.15367 
vt 0.679819 0.188414 
vt 0.86603 0.322884 
vt 0.933899 0.431271 
vt 0.909973 0.436034 
vt 0.827486 0.352772 
vt 0.840504 0.340487 
vt 0.917761 0.434483 
vt 0.917761 0.434483 
vt 0.840504 0.340487 
vt 0.760409 0.209162 
vt 0.733121 0.233959 
vt 0.764021 0.199152 
vt 0.760409 0.209162 
vt 0.765058 0.199569 
vt 0.733121 0.233959 
vt 0.696332 0.261841 
vt 0.65695 0.225206 
vt 0.670871 0.217315 
vt 0.70964 0.255884 
vt 0.70964 0.255884 
vt 0.670871 0.217315 
vt 0.696331 0.261841 
vt 0.795628 0.217812 
vt 0.792222 0.263842 
vt 0.776041 0.291378 
vt 0.768166 0.30386 
vt 0.77604 0.291378 
vt 0.792222 0.263842 
vt 0.719904 0.95326 
vt 0.684812 0.921504 
vt 0.747185 0.871647 
vt 0.764881 0.900752 
vt 0.802335 0.834285 
vt 0.821132 0.858076 
vt 0.578368 0.391152 
vt 0.594004 0.370795 
vt 0.646214 0.361858 
vt 0.63712 0.38472 
vt 0.733744 0.370969 
vt 0.794795 0.390465 
vt 0.785295 0.417573 
vt 0.732641 0.400609 
vt 0.772079 0.44648 
vt 0.735864 0.423929 
vt 0.641445 0.404891 
vt 0.600468 0.410777 
vt 0.121854 0.403967 
vt 0.201802 0.405163 
vt 0.203619 0.480725 
vt 0.104732 0.474406 
vt 0.199394 0.54758 
vt 0.095649 0.545766 
vt 0.020387 0.539408 
vt 0.037512 0.460925 
vt 0.06207 0.400544 
vt 0.195693 0.614623 
vt 0.187833 0.678317 
vt 0.085175 0.684847 
vt 0.087654 0.616691 
vt 0.021454 0.695464 
vt 0.016244 0.614068 
vt 0.139419 0.923895 
vt 0.164642 0.914276 
vt 0.193851 0.921976 
vt 0.18421 0.948405 
vt 0.217608 0.922335 
vt 0.217275 0.942938 
vt 0.2118 0.981359 
vt 0.173886 0.979647 
vt 0.115136 0.947694 
vt 0.421894 0.842901 
vt 0.394749 0.8564 
vt 0.362482 0.788401 
vt 0.391688 0.779184 
vt 0.329495 0.696751 
vt 0.376835 0.702418 
vt 0.334749 0.622388 
vt 0.378007 0.627753 
vt 0.337598 0.550162 
vt 0.380743 0.5508 
vt 0.257351 0.682037 
vt 0.257361 0.618435 
vt 0.261037 0.548603 
vt 0.27143 0.396396 
vt 0.263471 0.476251 
vt 0.326315 0.395143 
vt 0.335573 0.473526 
vt 0.378859 0.474185 
vt 0.377508 0.399529 
vt 0.960689 0.916738 
vt 0.943847 0.942653 
vt 0.92117 0.928517 
vt 0.936171 0.905836 
vt 0.92508 0.965982 
vt 0.902059 0.950176 
vt 0.870809 0.917925 
vt 0.892652 0.904901 
vt 0.909851 0.894528 
vt 0.884449 0.880271 
vt 0.91027 0.875893 
vt 0.882868 0.852974 
vt 0.910592 0.852974 
vt 0.857752 0.888069 
vt 0.852579 0.852974 
vt 0.91027 0.830055 
vt 0.884449 0.825676 
vt 0.892652 0.801046 
vt 0.909851 0.81142 
vt 0.857752 0.817879 
vt 0.870809 0.788023 
vt 0.92117 0.777431 
vt 0.936171 0.800112 
vt 0.902059 0.755771 
vt 0.92508 0.739965 
vt 0.943847 0.763294 
vt 0.960689 0.789209 
vt 0.971726 0.819372 
vt 0.94597 0.825173 
vt 0.975629 0.852974 
vt 0.949857 0.852974 
vt 0.94597 0.880775 
vt 0.971726 0.886576 
vt 0.773195 0.909692 
vt 0.730583 0.959054 
vt 0.827252 0.868773 
vt 0.400863 0.770901 
vt 0.43269 0.835585 
vt 0.389341 0.7013 
vt 0.390666 0.628102 
vt 0.393347 0.550918 
vt 0.391565 0.474034 
vt 0.389981 0.402539 
vt 0.640694 0.903773 
vt 0.588947 0.892849 
vt 0.593105 0.823429 
vt 0.63528 0.825896 
vt 0.521277 0.879537 
vt 0.53309 0.808936 
vt 0.451967 0.857591 
vt 0.481519 0.786737 
vt 0.740724 0.80618 
vt 0.792882 0.782145 
vt 0.678443 0.820424 
vt 0.604383 0.718241 
vt 0.638679 0.724978 
vt 0.560293 0.708514 
vt 0.516959 0.697124 
vt 0.713154 0.721906 
vt 0.756335 0.711168 
vt 0.674831 0.72759 
vt 0.631884 0.632722 
vt 0.609077 0.636397 
vt 0.595588 0.535727 
vt 0.61937 0.532235 
vt 0.579585 0.543968 
vt 0.537358 0.56112 
vt 0.521313 0.637226 
vt 0.515742 0.570108 
vt 0.726911 0.614513 
vt 0.690728 0.623028 
vt 0.671174 0.534285 
vt 0.710201 0.541831 
vt 0.657634 0.629236 
vt 0.636246 0.530269 
vt 0.5692 0.414454 
vt 0.521824 0.411484 
vt 0.410728 0.466154 
vt 0.458918 0.436762 
vt 0.685977 0.422067 
vt 0.565213 0.636217 
vt 0.559403 0.552442 
vt 0.499036 0.445183 
vt 0.689743 0.369924 
vt 0.68266 0.395465 
vt 0.171613 0.755543 
vt 0.093126 0.760803 
vt 0.232219 0.765631 
vt 0.282124 0.791488 
vt 0.318188 0.853433 
vt 0.34642 0.893484 
vt 0.033179 0.77719 
vt 0.289728 0.894882 
vt 0.312714 0.921473 
vt 0.2485 0.856982 
vt 0.204939 0.844241 
vt 0.156166 0.848912 
vt 0.104087 0.866951 
vt 0.069618 0.883489 
vt 0.060933 0.027515 
vt 0.060933 0.094908 
vt 0.087491 0.094908 
vt 0.087491 0.027515 
vt 0.060933 0.027515 
vt 0.060933 0.094908 
vt 0.087491 0.094908 
vt 0.087491 0.027515 
vt 0.060933 0.027515 
vt 0.060933 0.094908 
vt 0.087491 0.094908 
vt 0.087491 0.027515 
vt 0.060933 0.027515 
vt 0.060933 0.094908 
vt 0.087491 0.094908 
vt 0.087491 0.027515 
vt 0.060933 0.027515 
vt 0.060933 0.094908 
vt 0.087491 0.094908 
vt 0.087491 0.027515 
vt 0.060933 0.027515 
vt 0.060933 0.094908 
vt 0.087491 0.094908 
vt 0.087491 0.027515 
vt 0.060933 0.027515 
vt 0.060933 0.094908 
vt 0.087491 0.094908 
vt 0.087491 0.027515 
vt 0.060933 0.027515 
vt 0.060933 0.094908 
vt 0.087491 0.094908 
vt 0.087491 0.027515 
vt 0.060933 0.027515 
vt 0.060933 0.094908 
vt 0.087491 0.094908 
vt 0.087491 0.027515 
vt 0.060933 0.027515 
vt 0.060933 0.094908 
vt 0.087491 0.094908 
vt 0.087491 0.027515 
vt 0.060933 0.027515 
vt 0.060933 0.094908 
vt 0.087491 0.094908 
vt 0.087491 0.027515 
vt 0.060933 0.027515 
vt 0.060933 0.094908 
vt 0.087491 0.094908 
vt 0.087491 0.027515 
vt 0.060933 0.027515 
vt 0.087491 0.094908 
vt 0.087491 0.027515 
vt 0.060933 0.027515 
vt 0.087491 0.027515 
vt 0.060933 0.027515 
vt 0.087491 0.027515 
vt 0.060933 0.027515 
vt 0.087491 0.027515 
vt 0.038986 0.267114 
vt 0.038986 0.279736 
vt 0.051608 0.279736 
vt 0.051608 0.267114 
vt 0.06423 0.279736 
vt 0.06423 0.267114 
vt 0.076853 0.279736 
vt 0.076853 0.267114 
vt 0.089475 0.279736 
vt 0.089475 0.267114 
vt 0.102097 0.279736 
vt 0.102097 0.267114 
vt 0.038986 0.292359 
vt 0.051608 0.292359 
vt 0.06423 0.292359 
vt 0.076853 0.292359 
vt 0.089475 0.292359 
vt 0.102097 0.292359 
vt 0.038986 0.304981 
vt 0.051608 0.304981 
vt 0.06423 0.304981 
vt 0.076853 0.304981 
vt 0.089475 0.304981 
vt 0.102097 0.304981 
vt 0.045297 0.254492 
vt 0.057919 0.254492 
vt 0.070541 0.254492 
vt 0.083164 0.254492 
vt 0.095786 0.254492 
vt 0.045297 0.317603 
vt 0.057919 0.317603 
vt 0.070541 0.317603 
vt 0.083164 0.317603 
vt 0.095786 0.317603 
vt 0.062205 0.140989 
vt 0.09247 0.140989 
vt 0.09247 0.231686 
vt 0.062205 0.231686 
vt 0.062205 0.140989 
vt 0.09247 0.140989 
vt 0.09247 0.231686 
vt 0.062205 0.231686 
vt 0.062205 0.140989 
vt 0.09247 0.140989 
vt 0.09247 0.231686 
vt 0.062205 0.231686 
vt 0.062205 0.140989 
vt 0.09247 0.140989 
vt 0.09247 0.231686 
vt 0.062205 0.231686 
vt 0.062205 0.140989 
vt 0.09247 0.140989 
vt 0.062205 0.231686 
vt 0.062205 0.140989 
vt 0.09247 0.231686 
vt 0.062205 0.231686 
vt 0.062205 0.140989 
vt 0.09247 0.140989 
vt 0.09247 0.231686 
vt 0.09247 0.140989 
vt 0.09247 0.231686 
vt 0.062205 0.231686 
vt 0.377913 0.065875 
vt 0.38289 0.094147 
vt 0.416762 0.083149 
vt 0.39996 0.047218 
vt 0.449098 0.074248 
vt 0.42466 0.034251 
vt 0.383772 0.215071 
vt 0.338068 0.315976 
vt 0.373678 0.3153 
vt 0.406926 0.220917 
vt 0.422219 0.284137 
vt 0.459127 0.234097 
vt 0.314589 0.331259 
vt 0.363542 0.336373 
vt 0.431169 0.307029 
vt 0.338068 0.315976 
vt 0.373678 0.3153 
vt 0.363543 0.336373 
vt 0.422219 0.284137 
vt 0.382889 0.214848 
vt 0.406926 0.220917 
vt 0.459127 0.234097 
vt 0.38289 0.094147 
vt 0.377913 0.065875 
vt 0.39996 0.047218 
vt 0.416762 0.083149 
vt 0.42466 0.034251 
vt 0.449098 0.074248 
vt 0.473368 0.237693 
vt 0.440162 0.024725 
vt 0.464144 0.059022 
vt 0.359559 0.208958 
vt 0.361715 0.086765 
vt 0.364691 0.070952 
vt 0.360936 0.209305 
vt 0.361714 0.086765 
vt 0.4275 0.158467 
vt 0.461436 0.150154 
vt 0.391696 0.163067 
vt 0.377756 0.163042 
vt 0.391696 0.163067 
vt 0.4275 0.158467 
vt 0.460598 0.149942 
vt 0.481773 0.147217 
vt 0.236731 0.028917 
vt 0.230211 0.107484 
vt 0.263669 0.107484 
vt 0.260988 0.028917 
vt 0.293002 0.107484 
vt 0.287394 0.028917 
vt 0.2167 0.235685 
vt 0.15486 0.306035 
vt 0.191208 0.319484 
vt 0.246916 0.241996 
vt 0.241158 0.316984 
vt 0.283479 0.260996 
vt 0.121829 0.322404 
vt 0.171116 0.348984 
vt 0.243611 0.3411 
vt 0.15486 0.306035 
vt 0.191208 0.319484 
vt 0.171116 0.348983 
vt 0.241158 0.316984 
vt 0.2167 0.235685 
vt 0.246916 0.241996 
vt 0.283479 0.260996 
vt 0.230421 0.107484 
vt 0.236731 0.028917 
vt 0.260988 0.028917 
vt 0.263159 0.107484 
vt 0.287394 0.028917 
vt 0.292954 0.107484 
vt 0.297002 0.272249 
vt 0.295431 0.028917 
vt 0.309697 0.093764 
vt 0.29543 0.028917 
vt 0.309698 0.093176 
vt 0.197542 0.227397 
vt 0.213043 0.107484 
vt 0.223775 0.028917 
vt 0.196872 0.227568 
vt 0.265775 0.177238 
vt 0.309207 0.177238 
vt 0.229787 0.177238 
vt 0.218043 0.177238 
vt 0.217856 0.177238 
vt 0.230329 0.177238 
vt 0.265775 0.177238 
vt 0.309683 0.177238 
vt 0.323032 0.177238 
vt 0.539993 0.032534 
vt 0.54299 0.095045 
vt 0.568935 0.089093 
vt 0.560576 0.021382 
vt 0.585803 0.0716 
vt 0.582138 0.008672 
vt 0.554039 0.201132 
vt 0.528069 0.288594 
vt 0.556447 0.282655 
vt 0.576323 0.201933 
vt 0.584421 0.266401 
vt 0.59709 0.210025 
vt 0.502624 0.316306 
vt 0.549475 0.318707 
vt 0.597551 0.288028 
vt 0.528069 0.288594 
vt 0.556447 0.282654 
vt 0.584421 0.266401 
vt 0.554039 0.201132 
vt 0.576323 0.201933 
vt 0.59709 0.210025 
vt 0.54299 0.095045 
vt 0.539993 0.032534 
vt 0.560576 0.021382 
vt 0.568935 0.089093 
vt 0.582138 0.008672 
vt 0.585803 0.0716 
vt 0.618052 0.214553 
vt 0.592442 0.00651401 
vt 0.605773 0.060633 
vt 0.529693 0.198035 
vt 0.52016 0.087736 
vt 0.526539 0.036828 
vt 0.575411 0.140761 
vt 0.58988 0.139298 
vt 0.554839 0.143311 
vt 0.538369 0.143373 
vt 0.554839 0.143311 
vt 0.574829 0.142342 
vt 0.589873 0.140975 
vt 0.60526 0.139989 
vt 0.603971 0.138275 
vt 0.95693 0.426688 
vt 0.945418 0.428979 
vt 0.877389 0.310121 
vt 0.904842 0.292199 
vt 0.669902 0.061541 
vt 0.647689 0.058616 
vt 0.676808 0.028213 
vt 0.697904 0.044623 
vt 0.669902 0.061541 
vt 0.697904 0.044623 
vt 0.904842 0.292199 
vt 0.877389 0.310121 
vt 0.945418 0.428979 
vt 0.95693 0.426688 
vt 0.978404 0.422414 
vt 0.940115 0.264736 
vt 0.926063 0.27549 
vt 0.968469 0.424391 
vt 0.968469 0.424391 
vt 0.925021 0.277057 
vt 0.976516 0.422789 
vt 0.827222 0.236339 
vt 0.795295 0.176565 
vt 0.822826 0.142447 
vt 0.863128 0.197819 
vt 0.894122 0.161187 
vt 0.85575 0.103604 
vt 0.870256 0.087564 
vt 0.910335 0.144952 
vt 0.790319 0.200733 
vt 0.761062 0.185551 
vt 0.85575 0.103604 
vt 0.894122 0.161187 
vt 0.863128 0.197819 
vt 0.822827 0.142447 
vt 0.795295 0.176565 
vt 0.827222 0.236339 
vt 0.742034 0.108807 
vt 0.768269 0.083466 
vt 0.711408 0.123605 
vt 0.742034 0.108807 
vt 0.768269 0.083466 
vt 0.80568 0.032648 
vt 0.727667 0.013876 
vt 0.726631 0.031875 
vt 0.797051 0.051088 
vt 0.797051 0.051088 
vt 0.728493 0.031735 
vt 0.933899 0.431271 
vt 0.86603 0.322884 
vt 0.69051 0.15367 
vt 0.679819 0.188414 
vt 0.656989 0.17488 
vt 0.68727 0.13829 
vt 0.687312 0.137917 
vt 0.679819 0.188414 
vt 0.69051 0.15367 
vt 0.86603 0.322884 
vt 0.933899 0.431271 
vt 0.909973 0.436034 
vt 0.917761 0.434483 
vt 0.840504 0.340487 
vt 0.827486 0.352772 
vt 0.917761 0.434483 
vt 0.840504 0.340487 
vt 0.760409 0.209162 
vt 0.733121 0.233959 
vt 0.764021 0.199152 
vt 0.760409 0.209162 
vt 0.765058 0.199569 
vt 0.733121 0.233959 
vt 0.696332 0.261841 
vt 0.70964 0.255884 
vt 0.670871 0.217315 
vt 0.65695 0.225206 
vt 0.70964 0.255884 
vt 0.696331 0.261841 
vt 0.670871 0.217315 
vt 0.795628 0.217812 
vt 0.792222 0.263842 
vt 0.776041 0.291378 
vt 0.768166 0.30386 
vt 0.77604 0.291378 
vt 0.792222 0.263842 
vt 0.719904 0.95326 
vt 0.764881 0.900752 
vt 0.747185 0.871647 
vt 0.684812 0.921504 
vt 0.578368 0.391152 
vt 0.63712 0.38472 
vt 0.646214 0.361858 
vt 0.594004 0.370795 
vt 0.733744 0.370969 
vt 0.732641 0.400609 
vt 0.735864 0.423929 
vt 0.641445 0.404891 
vt 0.600468 0.410777 
vt 0.121854 0.403967 
vt 0.104732 0.474406 
vt 0.203619 0.480725 
vt 0.201802 0.405163 
vt 0.095649 0.545766 
vt 0.199394 0.54758 
vt 0.195693 0.614623 
vt 0.087654 0.616691 
vt 0.085175 0.684847 
vt 0.187833 0.678317 
vt 0.139419 0.923895 
vt 0.18421 0.948405 
vt 0.193851 0.921976 
vt 0.164642 0.914276 
vt 0.217275 0.942938 
vt 0.217608 0.922335 
vt 0.391688 0.779184 
vt 0.362482 0.788401 
vt 0.376835 0.702418 
vt 0.329495 0.696751 
vt 0.378007 0.627753 
vt 0.334749 0.622388 
vt 0.380743 0.5508 
vt 0.337598 0.550162 
vt 0.257351 0.682037 
vt 0.257361 0.618435 
vt 0.261037 0.548603 
vt 0.263471 0.476251 
vt 0.27143 0.396396 
vt 0.335573 0.473526 
vt 0.326315 0.395143 
vt 0.378859 0.474185 
vt 0.377508 0.399529 
vt 0.960689 0.916738 
vt 0.936171 0.905836 
vt 0.92117 0.928517 
vt 0.943847 0.942653 
vt 0.892652 0.904901 
vt 0.909851 0.894528 
vt 0.91027 0.875893 
vt 0.884449 0.880271 
vt 0.910592 0.852974 
vt 0.882868 0.852974 
vt 0.91027 0.830055 
vt 0.909851 0.81142 
vt 0.892652 0.801046 
vt 0.884449 0.825676 
vt 0.936171 0.800112 
vt 0.92117 0.777431 
vt 0.943847 0.763294 
vt 0.960689 0.789209 
vt 0.94597 0.825173 
vt 0.971726 0.819372 
vt 0.949857 0.852974 
vt 0.975629 0.852974 
vt 0.94597 0.880775 
vt 0.971726 0.886576 
vt 0.773195 0.909692 
vt 0.730583 0.959054 
vt 0.400863 0.770901 
vt 0.389341 0.7013 
vt 0.390666 0.628102 
vt 0.393347 0.550918 
vt 0.391565 0.474034 
vt 0.389981 0.402539 
vt 0.640694 0.903773 
vt 0.63528 0.825896 
vt 0.593105 0.823429 
vt 0.588947 0.892849 
vt 0.53309 0.808936 
vt 0.521277 0.879537 
vt 0.740724 0.80618 
vt 0.678443 0.820424 
vt 0.638679 0.724978 
vt 0.604383 0.718241 
vt 0.560293 0.708514 
vt 0.713154 0.721906 
vt 0.674831 0.72759 
vt 0.631884 0.632722 
vt 0.61937 0.532235 
vt 0.595588 0.535727 
vt 0.609077 0.636397 
vt 0.579585 0.543968 
vt 0.537358 0.56112 
vt 0.671174 0.534285 
vt 0.690728 0.623028 
vt 0.636246 0.530269 
vt 0.657634 0.629236 
vt 0.5692 0.414454 
vt 0.521824 0.411484 
vt 0.458918 0.436762 
vt 0.685977 0.422067 
vt 0.559403 0.552442 
vt 0.565213 0.636217 
vt 0.499036 0.445183 
vt 0.68266 0.395465 
vt 0.689743 0.369924 
vt 0.093126 0.760803 
vt 0.171613 0.755543 
vt 0.232219 0.765631 
vt 0.282124 0.791488 
vt 0.318188 0.853433 
vt 0.289728 0.894882 
vt 0.2485 0.856982 
vt 0.204939 0.844241 
vt 0.156166 0.848912 
vt 0.104087 0.866951 
vt 0.060933 0.027515 
vt 0.087491 0.027515 
vt 0.087491 0.094908 
vt 0.060933 0.094908 
vt 0.060933 0.027515 
vt 0.087491 0.027515 
vt 0.087491 0.094908 
vt 0.060933 0.094908 
vt 0.060933 0.027515 
vt 0.087491 0.027515 
vt 0.087491 0.094908 
vt 0.060933 0.094908 
vt 0.060933 0.027515 
vt 0.087491 0.027515 
vt 0.087491 0.094908 
vt 0.060933 0.094908 
vt 0.060933 0.027515 
vt 0.087491 0.027515 
vt 0.087491 0.094908 
vt 0.060933 0.094908 
vt 0.060933 0.027515 
vt 0.087491 0.027515 
vt 0.087491 0.094908 
vt 0.060933 0.094908 
vt 0.060933 0.027515 
vt 0.087491 0.027515 
vt 0.087491 0.094908 
vt 0.060933 0.094908 
vt 0.060933 0.027515 
vt 0.087491 0.027515 
vt 0.087491 0.094908 
vt 0.060933 0.094908 
vt 0.060933 0.027515 
vt 0.087491 0.027515 
vt 0.087491 0.094908 
vt 0.060933 0.094908 
vt 0.060933 0.027515 
vt 0.087491 0.027515 
vt 0.087491 0.094908 
vt 0.060933 0.094908 
vt 0.060933 0.027515 
vt 0.087491 0.027515 
vt 0.087491 0.094908 
vt 0.060933 0.094908 
vt 0.060933 0.027515 
vt 0.087491 0.027515 
vt 0.087491 0.094908 
vt 0.060933 0.094908 
vt 0.060933 0.027515 
vt 0.087491 0.027515 
vt 0.087491 0.094908 
vt 0.060933 0.027515 
vt 0.087491 0.027515 
vt 0.060933 0.027515 
vt 0.087491 0.027515 
vt 0.060933 0.027515 
vt 0.087491 0.027515 
vt 0.038986 0.267114 
vt 0.051608 0.267114 
vt 0.051608 0.279736 
vt 0.038986 0.279736 
vt 0.06423 0.267114 
vt 0.06423 0.279736 
vt 0.076853 0.267114 
vt 0.076853 0.279736 
vt 0.089475 0.267114 
vt 0.089475 0.279736 
vt 0.102097 0.267114 
vt 0.102097 0.279736 
vt 0.051608 0.292359 
vt 0.038986 0.292359 
vt 0.06423 0.292359 
vt 0.076853 0.292359 
vt 0.089475 0.292359 
vt 0.102097 0.292359 
vt 0.051608 0.304981 
vt 0.038986 0.304981 
vt 0.06423 0.304981 
vt 0.076853 0.304981 
vt 0.089475 0.304981 
vt 0.102097 0.304981 
vt 0.045297 0.254492 
vt 0.057919 0.254492 
vt 0.070541 0.254492 
vt 0.083164 0.254492 
vt 0.095786 0.254492 
vt 0.045297 0.317603 
vt 0.057919 0.317603 
vt 0.070541 0.317603 
vt 0.083164 0.317603 
vt 0.095786 0.317603 
vt 0.062205 0.140989 
vt 0.062205 0.231686 
vt 0.09247 0.231686 
vt 0.09247 0.140989 
vt 0.062205 0.140989 
vt 0.062205 0.231686 
vt 0.09247 0.231686 
vt 0.09247 0.140989 
vt 0.062205 0.140989 
vt 0.062205 0.231686 
vt 0.09247 0.231686 
vt 0.09247 0.140989 
vt 0.062205 0.140989 
vt 0.062205 0.231686 
vt 0.09247 0.231686 
vt 0.09247 0.140989 
vt 0.062205 0.140989 
vt 0.062205 0.231686 
vt 0.09247 0.140989 
vt 0.062205 0.140989 
vt 0.062205 0.231686 
vt 0.09247 0.231686 
vt 0.062205 0.140989 
vt 0.09247 0.231686 
vt 0.09247 0.140989 
vt 0.062205 0.231686 
vt 0.09247 0.231686 
vt 0.09247 0.140989 

usemtl Handle1Mtl

f 1/1/1 2/2/2 3/3/3 
f 1/1/1 3/3/3 4/4/4 
f 2/2/2 5/5/5 6/6/6 
f 2/2/2 6/6/6 3/3/3 
f 7/7/7 8/8/8 9/9/9 
f 7/7/7 9/9/9 10/10/10 
f 8/8/8 11/11/11 12/12/12 
f 8/8/8 12/12/12 9/9/9 
f 10/10/10 9/9/9 13/13/13 
f 10/10/10 13/13/13 14/14/14 
f 9/9/9 12/12/12 15/15/15 
f 9/9/9 15/15/15 13/13/13 
f 14/14/14 16/16/16 17/17/17 
f 14/14/14 17/17/17 18/18/18 
f 16/16/16 15/15/15 19/19/19 
f 16/16/16 19/19/19 17/17/17 
f 18/18/18 17/17/17 20/20/20 
f 18/18/18 20/20/20 21/21/21 
f 17/17/17 19/19/19 22/22/22 
f 17/17/17 22/22/22 20/20/20 
f 23/23/23 24/24/24 25/25/25 
f 23/23/23 25/25/25 26/26/26 
f 24/24/24 27/27/27 28/28/28 
f 24/24/24 28/28/28 25/25/25 
f 22/22/22 19/19/19 15/15/15 
f 22/22/22 15/15/15 29/29/29 
f 28/28/28 27/27/27 30/30/30 
f 28/28/28 30/30/30 31/31/31 
f 29/29/29 15/15/15 12/12/12 
f 29/29/29 12/12/12 11/11/11 
f 31/31/31 30/30/30 6/6/6 
f 31/31/31 6/6/6 5/5/5 
f 18/18/18 21/21/21 32/32/32 
f 18/18/18 32/32/32 14/14/14 
f 23/23/23 26/26/26 33/33/33 
f 23/23/23 33/33/33 34/34/34 
f 14/14/14 35/35/35 7/7/7 
f 14/14/14 7/7/7 10/10/10 
f 36/36/36 33/33/33 1/1/1 
f 36/36/36 1/1/1 4/4/4 
f 37/37/37 38/38/38 11/11/11 
f 37/37/37 11/11/11 8/8/8 
f 39/39/39 37/37/37 8/8/8 
f 39/39/39 8/8/8 7/7/7 
f 35/35/35 40/40/40 39/39/39 
f 35/35/35 39/39/39 7/7/7 
f 21/21/21 41/41/41 40/40/40 
f 21/21/21 40/40/40 32/32/32 
f 21/21/21 20/20/20 42/42/42 
f 21/21/21 42/42/42 41/41/41 
f 20/20/20 22/22/22 43/43/43 
f 20/20/20 43/43/43 42/42/42 
f 44/44/44 43/43/43 22/22/22 
f 44/44/44 22/22/22 29/29/29 
f 38/38/38 44/44/44 29/29/29 
f 38/38/38 29/29/29 11/11/11 
f 3/3/3 6/6/6 38/38/38 
f 3/3/3 38/38/38 37/37/37 
f 4/4/4 3/3/3 37/37/37 
f 4/4/4 37/37/37 39/39/39 
f 40/40/40 36/36/36 4/4/4 
f 40/40/40 4/4/4 39/39/39 
f 41/41/41 23/23/23 34/34/34 
f 41/41/41 34/34/34 40/40/40 
f 41/41/41 42/42/42 24/24/24 
f 41/41/41 24/24/24 23/23/23 
f 42/42/42 43/43/43 27/27/27 
f 42/42/42 27/27/27 24/24/24 
f 30/30/30 27/27/27 43/43/43 
f 30/30/30 43/43/43 44/44/44 
f 6/6/6 30/30/30 44/44/44 
f 6/6/6 44/44/44 38/38/38 
f 45/45/45 46/46/46 47/47/47 
f 45/45/45 47/47/47 48/48/48 
f 46/46/46 49/49/49 50/50/50 
f 46/46/46 50/50/50 47/47/47 
f 51/51/51 52/52/52 53/53/53 
f 51/51/51 53/53/53 54/54/54 
f 52/52/52 55/55/55 56/56/56 
f 52/52/52 56/56/56 53/53/53 
f 54/54/54 53/53/53 57/57/57 
f 54/54/54 57/57/57 58/58/58 
f 53/53/53 56/56/56 59/59/59 
f 53/53/53 59/59/59 57/57/57 
f 58/58/58 60/60/60 61/61/61 
f 58/58/58 61/61/61 62/62/62 
f 60/60/60 59/59/59 63/63/63 
f 60/60/60 63/63/63 61/61/61 
f 62/62/62 61/61/61 64/64/64 
f 62/62/62 64/64/64 65/65/65 
f 61/61/61 63/63/63 66/66/66 
f 61/61/61 66/66/66 64/64/64 
f 67/67/67 68/68/68 69/69/69 
f 67/67/67 69/69/69 70/70/70 
f 68/68/68 71/71/71 72/72/72 
f 68/68/68 72/72/72 69/69/69 
f 66/66/66 63/63/63 59/59/59 
f 66/66/66 59/59/59 73/73/73 
f 72/72/72 71/71/71 74/74/74 
f 72/72/72 74/74/74 75/75/75 
f 73/73/73 59/59/59 56/56/56 
f 73/73/73 56/56/56 55/55/55 
f 76/76/76 77/77/77 50/50/50 
f 76/76/76 50/50/50 49/49/49 
f 62/62/62 65/65/65 78/78/78 
f 62/62/62 78/78/78 58/58/58 
f 67/67/67 70/70/70 79/79/79 
f 67/67/67 79/79/79 80/80/80 
f 58/58/58 81/81/81 51/51/51 
f 58/58/58 51/51/51 54/54/54 
f 80/80/80 79/79/79 45/45/45 
f 80/80/80 45/45/45 48/48/48 
f 82/82/82 83/83/83 55/55/55 
f 82/82/82 55/55/55 52/52/52 
f 84/84/84 82/82/82 52/52/52 
f 84/84/84 52/52/52 51/51/51 
f 81/81/81 85/85/85 84/84/84 
f 81/81/81 84/84/84 51/51/51 
f 65/65/65 86/86/86 87/87/87 
f 65/65/65 87/87/87 78/78/78 
f 65/65/65 64/64/64 88/88/88 
f 65/65/65 88/88/88 86/86/86 
f 64/64/64 66/66/66 89/89/89 
f 64/64/64 89/89/89 88/88/88 
f 90/90/90 89/89/89 66/66/66 
f 90/90/90 66/66/66 73/73/73 
f 83/83/83 90/90/90 73/73/73 
f 83/83/83 73/73/73 55/55/55 
f 47/47/47 50/50/50 83/83/83 
f 47/47/47 83/83/83 82/82/82 
f 48/48/48 47/47/47 82/82/82 
f 48/48/48 82/82/82 84/84/84 
f 85/85/85 80/80/80 48/48/48 
f 85/85/85 48/48/48 84/84/84 
f 86/86/86 67/67/67 80/80/80 
f 86/86/86 80/80/80 87/87/87 
f 86/86/86 88/88/88 68/68/68 
f 86/86/86 68/68/68 67/67/67 
f 88/88/88 89/89/89 71/71/71 
f 88/88/88 71/71/71 68/68/68 
f 74/74/74 71/71/71 89/89/89 
f 74/74/74 89/89/89 90/90/90 
f 50/50/50 77/77/77 90/90/90 
f 50/50/50 90/90/90 83/83/83 
f 91/91/91 92/92/92 93/93/93 
f 91/91/91 93/93/93 94/94/94 
f 92/92/92 95/95/95 96/96/96 
f 92/92/92 96/96/96 93/93/93 
f 97/97/97 98/98/98 99/99/99 
f 97/97/97 99/99/99 100/100/100 
f 98/98/98 101/101/101 102/102/102 
f 98/98/98 102/102/102 99/99/99 
f 100/100/100 99/99/99 103/103/103 
f 100/100/100 103/103/103 104/104/104 
f 99/99/99 102/102/102 105/105/105 
f 99/99/99 105/105/105 103/103/103 
f 104/104/104 103/103/103 106/106/106 
f 104/104/104 106/106/106 107/107/107 
f 103/103/103 105/105/105 108/108/108 
f 103/103/103 108/108/108 106/106/106 
f 107/107/107 106/106/106 109/109/109 
f 107/107/107 109/109/109 110/110/110 
f 106/106/106 108/108/108 111/111/111 
f 106/106/106 111/111/111 109/109/109 
f 112/112/112 113/113/113 114/114/114 
f 112/112/112 114/114/114 115/115/115 
f 113/113/113 116/116/116 117/117/117 
f 113/113/113 117/117/117 114/114/114 
f 111/111/111 108/108/108 105/105/105 
f 111/111/111 105/105/105 118/118/118 
f 117/117/117 116/116/116 119/119/119 
f 117/117/117 119/119/119 120/120/120 
f 118/118/118 105/105/105 102/102/102 
f 118/118/118 102/102/102 101/101/101 
f 120/120/120 119/119/119 96/96/96 
f 120/120/120 96/96/96 95/95/95 
f 107/107/107 110/110/110 121/121/121 
f 107/107/107 121/121/121 104/104/104 
f 112/112/112 115/115/115 122/122/122 
f 112/112/112 122/122/122 123/123/123 
f 104/104/104 121/121/121 97/97/97 
f 104/104/104 97/97/97 100/100/100 
f 123/123/123 122/122/122 91/91/91 
f 123/123/123 91/91/91 94/94/94 
f 124/124/124 125/125/125 101/101/101 
f 124/124/124 101/101/101 98/98/98 
f 126/126/126 124/124/124 98/98/98 
f 126/126/126 98/98/98 97/97/97 
f 121/121/121 127/127/127 126/126/126 
f 121/121/121 126/126/126 97/97/97 
f 110/110/110 128/128/128 127/127/127 
f 110/110/110 127/127/127 121/121/121 
f 110/110/110 109/109/109 129/129/129 
f 110/110/110 129/129/129 128/128/128 
f 109/109/109 111/111/111 130/130/130 
f 109/109/109 130/130/130 129/129/129 
f 131/131/131 130/130/130 111/111/111 
f 131/131/131 111/111/111 118/118/118 
f 125/125/125 132/132/132 118/118/118 
f 125/125/125 118/118/118 101/101/101 
f 93/93/93 96/96/96 125/125/125 
f 93/93/93 125/125/125 124/124/124 
f 94/94/94 93/93/93 124/124/124 
f 94/94/94 124/124/124 126/126/126 
f 127/127/127 123/123/123 94/94/94 
f 127/127/127 94/94/94 126/126/126 
f 128/128/128 112/112/112 123/123/123 
f 128/128/128 123/123/123 127/127/127 
f 128/128/128 129/129/129 113/113/113 
f 128/128/128 113/113/113 112/112/112 
f 129/129/129 130/130/130 116/116/116 
f 129/129/129 116/116/116 113/113/113 
f 119/119/119 116/116/116 130/130/130 
f 119/119/119 130/130/130 131/131/131 
f 96/96/96 119/119/119 132/132/132 
f 96/96/96 132/132/132 125/125/125 
f 133/133/133 134/134/134 135/135/135 
f 133/133/133 135/135/135 136/136/136 
f 137/137/137 138/138/138 139/139/139 
f 137/137/137 139/139/139 140/140/140 
f 140/140/140 139/139/139 141/141/141 
f 140/140/140 141/141/141 142/142/142 
f 143/143/143 144/144/144 145/145/145 
f 143/143/143 145/145/145 146/146/146 
f 147/147/147 148/148/148 149/149/149 
f 147/147/147 149/149/149 150/150/150 
f 151/151/151 152/152/152 150/150/150 
f 151/151/151 150/150/150 153/153/153 
f 154/154/154 155/155/155 156/156/156 
f 154/154/154 156/156/156 157/157/157 
f 158/158/158 159/159/159 160/160/160 
f 158/158/158 160/160/160 161/161/161 
f 162/162/162 154/154/154 157/157/157 
f 162/162/162 157/157/157 163/163/163 
f 159/159/159 164/164/164 165/165/165 
f 159/159/159 165/165/165 160/160/160 
f 166/166/166 167/167/167 168/168/168 
f 166/166/166 168/168/168 169/169/169 
f 167/167/167 162/162/162 163/163/163 
f 167/167/167 163/163/163 168/168/168 
f 170/170/170 171/171/171 138/138/138 
f 170/170/170 138/138/138 137/137/137 
f 172/172/172 170/170/170 137/137/137 
f 172/172/172 137/137/137 140/140/140 
f 173/173/173 172/172/172 140/140/140 
f 173/173/173 140/140/140 142/142/142 
f 174/174/174 173/173/173 142/142/142 
f 174/174/174 142/142/142 141/141/141 
f 175/175/175 176/176/176 177/177/177 
f 175/175/175 177/177/177 178/178/178 
f 179/179/179 175/175/175 178/178/178 
f 179/179/179 178/178/178 180/180/180 
f 151/151/151 153/153/153 134/134/134 
f 151/151/151 134/134/134 133/133/133 
f 156/156/156 155/155/155 158/158/158 
f 156/156/156 158/158/158 161/161/161 
f 138/138/138 171/171/171 179/179/179 
f 138/138/138 179/179/179 180/180/180 
f 139/139/139 138/138/138 180/180/180 
f 139/139/139 180/180/180 178/178/178 
f 141/141/141 139/139/139 178/178/178 
f 141/141/141 178/178/178 177/177/177 
f 176/176/176 174/174/174 141/141/141 
f 176/176/176 141/141/141 177/177/177 
f 164/164/164 166/166/166 169/169/169 
f 164/164/164 169/169/169 165/165/165 
f 149/149/149 148/148/148 144/144/144 
f 149/149/149 144/144/144 143/143/143 
f 163/163/163 157/157/157 170/170/170 
f 163/163/163 170/170/170 172/172/172 
f 168/168/168 163/163/163 172/172/172 
f 168/168/168 172/172/172 173/173/173 
f 169/169/169 168/168/168 173/173/173 
f 169/169/169 173/173/173 174/174/174 
f 165/165/165 169/169/169 174/174/174 
f 165/165/165 174/174/174 176/176/176 
f 160/160/160 165/165/165 176/176/176 
f 160/160/160 176/176/176 175/175/175 
f 161/161/161 160/160/160 175/175/175 
f 161/161/161 175/175/175 179/179/179 
f 171/171/171 156/156/156 161/161/161 
f 171/171/171 161/161/161 179/179/179 
f 157/157/157 156/156/156 171/171/171 
f 157/157/157 171/171/171 170/170/170 
f 181/181/181 136/136/136 135/135/135 
f 181/181/181 135/135/135 182/182/182 
f 183/183/183 184/184/184 185/185/185 
f 183/183/183 185/185/185 186/186/186 
f 187/187/187 188/188/188 189/189/189 
f 187/187/187 189/189/189 185/185/185 
f 190/190/190 146/146/146 145/145/145 
f 190/190/190 145/145/145 191/191/191 
f 192/192/192 193/193/193 194/194/194 
f 192/192/192 194/194/194 195/195/195 
f 196/196/196 197/197/197 193/193/193 
f 196/196/196 193/193/193 192/192/192 
f 198/198/198 183/183/183 186/186/186 
f 198/198/198 186/186/186 199/199/199 
f 200/200/200 184/184/184 183/183/183 
f 200/200/200 183/183/183 198/198/198 
f 201/201/201 188/188/188 187/187/187 
f 201/201/201 187/187/187 202/202/202 
f 203/203/203 189/189/189 188/188/188 
f 203/203/203 188/188/188 201/201/201 
f 204/204/204 205/205/205 206/206/206 
f 204/204/204 206/206/206 207/207/207 
f 208/208/208 209/209/209 205/205/205 
f 208/208/208 205/205/205 210/210/210 
f 196/196/196 181/181/181 182/182/182 
f 196/196/196 182/182/182 197/197/197 
f 186/186/186 209/209/209 208/208/208 
f 186/186/186 208/208/208 199/199/199 
f 185/185/185 205/205/205 209/209/209 
f 185/185/185 209/209/209 186/186/186 
f 189/189/189 206/206/206 205/205/205 
f 189/189/189 205/205/205 185/185/185 
f 207/207/207 206/206/206 189/189/189 
f 207/207/207 189/189/189 203/203/203 
f 194/194/194 190/190/190 191/191/191 
f 194/194/194 191/191/191 195/195/195 
f 200/200/200 198/198/198 154/154/154 
f 200/200/200 154/154/154 211/211/211 
f 201/201/201 200/200/200 211/211/211 
f 201/201/201 211/211/211 167/167/167 
f 203/203/203 201/201/201 167/167/167 
f 203/203/203 167/167/167 212/212/212 
f 207/207/207 203/203/203 212/212/212 
f 207/207/207 212/212/212 213/213/213 
f 204/204/204 207/207/207 213/213/213 
f 204/204/204 213/213/213 214/214/214 
f 208/208/208 210/210/210 214/214/214 
f 208/208/208 214/214/214 215/215/215 
f 199/199/199 208/208/208 215/215/215 
f 199/199/199 215/215/215 216/216/216 
f 154/154/154 198/198/198 199/199/199 
f 154/154/154 199/199/199 216/216/216 
f 182/182/182 135/135/135 154/154/154 
f 182/182/182 154/154/154 216/216/216 
f 197/197/197 182/182/182 216/216/216 
f 197/197/197 216/216/216 215/215/215 
f 193/193/193 197/197/197 215/215/215 
f 193/193/193 215/215/215 214/214/214 
f 194/194/194 193/193/193 214/214/214 
f 194/194/194 214/214/214 213/213/213 
f 213/213/213 212/212/212 190/190/190 
f 213/213/213 190/190/190 194/194/194 
f 212/212/212 167/167/167 146/146/146 
f 212/212/212 146/146/146 190/190/190 
f 166/166/166 143/143/143 146/146/146 
f 166/166/166 146/146/146 167/167/167 
f 164/164/164 149/149/149 143/143/143 
f 164/164/164 143/143/143 166/166/166 
f 150/150/150 149/149/149 164/164/164 
f 150/150/150 164/164/164 159/159/159 
f 153/153/153 150/150/150 159/159/159 
f 153/153/153 159/159/159 158/158/158 
f 134/134/134 153/153/153 158/158/158 
f 134/134/134 158/158/158 155/155/155 
f 135/135/135 134/134/134 155/155/155 
f 135/135/135 155/155/155 154/154/154 
f 217/217/217 218/218/218 219/219/219 
f 217/217/217 219/219/219 220/220/220 
f 219/219/219 221/221/221 222/222/222 
f 219/219/219 222/222/222 220/220/220 
f 223/223/223 224/224/224 225/225/225 
f 223/223/223 225/225/225 226/226/226 
f 227/227/227 228/228/228 229/229/229 
f 227/227/227 229/229/229 230/230/230 
f 229/229/229 231/231/231 232/232/232 
f 229/229/229 232/232/232 230/230/230 
f 233/233/233 234/234/234 223/223/223 
f 233/233/233 223/223/223 226/226/226 
f 235/235/235 236/236/236 237/237/237 
f 235/235/235 237/237/237 238/238/238 
f 237/237/237 239/239/239 240/240/240 
f 237/237/237 240/240/240 238/238/238 
f 240/240/240 241/241/241 242/242/242 
f 240/240/240 242/242/242 238/238/238 
f 242/242/242 243/243/243 235/235/235 
f 242/242/242 235/235/235 238/238/238 
f 244/244/244 245/245/245 246/246/246 
f 244/244/244 246/246/246 247/247/247 
f 246/246/246 248/248/248 249/249/249 
f 246/246/246 249/249/249 247/247/247 
f 249/249/249 241/241/241 240/240/240 
f 249/249/249 240/240/240 247/247/247 
f 240/240/240 239/239/239 244/244/244 
f 240/240/240 244/244/244 247/247/247 
f 250/250/250 251/251/251 252/252/252 
f 250/250/250 252/252/252 253/253/253 
f 252/252/252 254/254/254 255/255/255 
f 252/252/252 255/255/255 253/253/253 
f 255/255/255 256/256/256 257/257/257 
f 255/255/255 257/257/257 253/253/253 
f 257/257/257 258/258/258 250/250/250 
f 257/257/257 250/250/250 253/253/253 
f 259/259/259 260/260/260 261/261/261 
f 259/259/259 261/261/261 262/262/262 
f 261/261/261 263/263/263 264/264/264 
f 261/261/261 264/264/264 262/262/262 
f 264/264/264 263/263/263 265/265/265 
f 264/264/264 265/265/265 266/266/266 
f 265/265/265 267/267/267 268/268/268 
f 265/265/265 268/268/268 266/266/266 
f 269/269/269 245/245/245 244/244/244 
f 269/269/269 244/244/244 270/270/270 
f 244/244/244 239/239/239 271/271/271 
f 244/244/244 271/271/271 270/270/270 
f 271/271/271 267/267/267 265/265/265 
f 271/271/271 265/265/265 270/270/270 
f 265/265/265 263/263/263 269/269/269 
f 265/265/265 269/269/269 270/270/270 
f 237/237/237 236/236/236 272/272/272 
f 237/237/237 272/272/272 273/273/273 
f 272/272/272 274/274/274 275/275/275 
f 272/272/272 275/275/275 273/273/273 
f 275/275/275 267/267/267 271/271/271 
f 275/275/275 271/271/271 273/273/273 
f 271/271/271 239/239/239 237/237/237 
f 271/271/271 237/237/237 273/273/273 
f 268/268/268 267/267/267 275/275/275 
f 268/268/268 275/275/275 276/276/276 
f 275/275/275 274/274/274 277/277/277 
f 275/275/275 277/277/277 276/276/276 
f 278/278/278 279/279/279 280/280/280 
f 278/278/278 280/280/280 281/281/281 
f 280/280/280 279/279/279 282/282/282 
f 280/280/280 282/282/282 283/283/283 
f 284/284/284 285/285/285 280/280/280 
f 284/284/284 280/280/280 283/283/283 
f 281/281/281 280/280/280 285/285/285 
f 281/281/281 285/285/285 286/286/286 
f 285/285/285 287/287/287 288/288/288 
f 285/285/285 288/288/288 286/286/286 
f 288/288/288 287/287/287 289/289/289 
f 288/288/288 289/289/289 290/290/290 
f 289/289/289 287/287/287 291/291/291 
f 289/289/289 291/291/291 292/292/292 
f 291/291/291 287/287/287 285/285/285 
f 291/291/291 285/285/285 284/284/284 
f 293/293/293 294/294/294 295/295/295 
f 293/293/293 295/295/295 296/296/296 
f 295/295/295 294/294/294 297/297/297 
f 295/295/295 297/297/297 298/298/298 
f 297/297/297 294/294/294 289/289/289 
f 297/297/297 289/289/289 292/292/292 
f 289/289/289 294/294/294 293/293/293 
f 289/289/289 293/293/293 290/290/290 
f 296/296/296 295/295/295 299/299/299 
f 296/296/296 299/299/299 300/300/300 
f 301/301/301 299/299/299 295/295/295 
f 301/301/301 295/295/295 298/298/298 
f 302/302/302 303/303/303 299/299/299 
f 302/302/302 299/299/299 301/301/301 
f 299/299/299 303/303/303 304/304/304 
f 299/299/299 304/304/304 300/300/300 
f 304/304/304 305/305/305 306/306/306 
f 304/304/304 306/306/306 300/300/300 
f 306/306/306 305/305/305 307/307/307 
f 306/306/306 307/307/307 308/308/308 
f 290/290/290 293/293/293 306/306/306 
f 290/290/290 306/306/306 308/308/308 
f 296/296/296 300/300/300 306/306/306 
f 296/296/296 306/306/306 293/293/293 
f 281/281/281 286/286/286 288/288/288 
f 281/281/281 288/288/288 309/309/309 
f 290/290/290 308/308/308 309/309/309 
f 290/290/290 309/309/309 288/288/288 
f 307/307/307 310/310/310 309/309/309 
f 307/307/307 309/309/309 308/308/308 
f 309/309/309 310/310/310 278/278/278 
f 309/309/309 278/278/278 281/281/281 
f 311/311/311 312/312/312 217/217/217 
f 311/311/311 217/217/217 220/220/220 
f 313/313/313 311/311/311 220/220/220 
f 313/313/313 220/220/220 222/222/222 
f 314/314/314 315/315/315 259/259/259 
f 314/314/314 259/259/259 262/262/262 
f 316/316/316 314/314/314 262/262/262 
f 316/316/316 262/262/262 264/264/264 
f 317/317/317 316/316/316 264/264/264 
f 317/317/317 264/264/264 266/266/266 
f 318/318/318 317/317/317 266/266/266 
f 318/318/318 266/266/266 268/268/268 
f 319/319/319 318/318/318 268/268/268 
f 319/319/319 268/268/268 276/276/276 
f 320/320/320 319/319/319 276/276/276 
f 320/320/320 276/276/276 277/277/277 
f 321/321/321 322/322/322 323/323/323 
f 321/321/321 323/323/323 324/324/324 
f 322/322/322 325/325/325 326/326/326 
f 322/322/322 326/326/326 323/323/323 
f 325/325/325 327/327/327 328/328/328 
f 325/325/325 328/328/328 326/326/326 
f 221/221/221 219/219/219 329/329/329 
f 221/221/221 329/329/329 330/330/330 
f 219/219/219 218/218/218 331/331/331 
f 219/219/219 331/331/331 329/329/329 
f 218/218/218 321/321/321 324/324/324 
f 218/218/218 324/324/324 331/331/331 
f 324/324/324 323/323/323 332/332/332 
f 324/324/324 332/332/332 333/333/333 
f 323/323/323 326/326/326 334/334/334 
f 323/323/323 334/334/334 332/332/332 
f 326/326/326 328/328/328 335/335/335 
f 326/326/326 335/335/335 334/334/334 
f 330/330/330 329/329/329 336/336/336 
f 330/330/330 336/336/336 337/337/337 
f 329/329/329 331/331/331 338/338/338 
f 329/329/329 338/338/338 336/336/336 
f 331/331/331 324/324/324 333/333/333 
f 331/331/331 333/333/333 338/338/338 
f 339/339/339 340/340/340 341/341/341 
f 339/339/339 341/341/341 342/342/342 
f 340/340/340 343/343/343 341/341/341 
f 344/344/344 345/345/345 346/346/346 
f 347/347/347 348/348/348 349/349/349 
f 347/347/347 349/349/349 350/350/350 
f 348/348/348 351/351/351 352/352/352 
f 348/348/348 352/352/352 349/349/349 
f 351/351/351 339/339/339 342/342/342 
f 351/351/351 342/342/342 352/352/352 
f 342/342/342 341/341/341 353/353/353 
f 342/342/342 353/353/353 223/223/223 
f 341/341/341 343/343/343 354/354/354 
f 341/341/341 354/354/354 353/353/353 
f 346/346/346 355/355/355 356/356/356 
f 346/346/346 356/356/356 344/344/344 
f 232/232/232 350/350/350 349/349/349 
f 232/232/232 349/349/349 357/357/357 
f 233/233/233 352/352/352 234/234/234 
f 352/352/352 342/342/342 223/223/223 
f 352/352/352 223/223/223 234/234/234 
f 340/340/340 358/358/358 359/359/359 
f 340/340/340 359/359/359 343/343/343 
f 354/354/354 343/343/343 359/359/359 
f 354/354/354 359/359/359 360/360/360 
f 226/226/226 225/225/225 361/361/361 
f 226/226/226 361/361/361 362/362/362 
f 357/357/357 233/233/233 226/226/226 
f 357/357/357 226/226/226 362/362/362 
f 349/349/349 352/352/352 233/233/233 
f 349/349/349 233/233/233 357/357/357 
f 230/230/230 232/232/232 357/357/357 
f 230/230/230 357/357/357 362/362/362 
f 361/361/361 227/227/227 230/230/230 
f 361/361/361 230/230/230 362/362/362 
f 344/344/344 356/356/356 360/360/360 
f 344/344/344 360/360/360 359/359/359 
f 358/358/358 345/345/345 344/344/344 
f 358/358/358 344/344/344 359/359/359 
f 232/232/232 231/231/231 350/350/350 
f 246/246/246 245/245/245 363/363/363 
f 246/246/246 363/363/363 364/364/364 
f 245/245/245 269/269/269 365/365/365 
f 245/245/245 365/365/365 363/363/363 
f 269/269/269 263/263/263 366/366/366 
f 269/269/269 366/366/366 365/365/365 
f 263/263/263 261/261/261 367/367/367 
f 263/263/263 367/367/367 366/366/366 
f 261/261/261 260/260/260 368/368/368 
f 261/261/261 368/368/368 367/367/367 
f 248/248/248 246/246/246 364/364/364 
f 248/248/248 364/364/364 369/369/369 
f 370/370/370 371/371/371 256/256/256 
f 370/370/370 256/256/256 255/255/255 
f 372/372/372 370/370/370 255/255/255 
f 372/372/372 255/255/255 254/254/254 
f 373/373/373 372/372/372 254/254/254 
f 373/373/373 254/254/254 252/252/252 
f 374/374/374 373/373/373 252/252/252 
f 374/374/374 252/252/252 251/251/251 
f 375/375/375 374/374/374 251/251/251 
f 375/375/375 251/251/251 250/250/250 
f 376/376/376 375/375/375 250/250/250 
f 376/376/376 250/250/250 258/258/258 
f 367/367/367 368/368/368 371/371/371 
f 367/367/367 371/371/371 370/370/370 
f 366/366/366 367/367/367 370/370/370 
f 366/366/366 370/370/370 372/372/372 
f 365/365/365 366/366/366 372/372/372 
f 365/365/365 372/372/372 373/373/373 
f 363/363/363 365/365/365 373/373/373 
f 363/363/363 373/373/373 374/374/374 
f 364/364/364 363/363/363 374/374/374 
f 364/364/364 374/374/374 375/375/375 
f 369/369/369 364/364/364 375/375/375 
f 369/369/369 375/375/375 376/376/376 
f 334/334/334 335/335/335 345/345/345 
f 334/334/334 345/345/345 358/358/358 
f 332/332/332 334/334/334 358/358/358 
f 332/332/332 358/358/358 340/340/340 
f 333/333/333 332/332/332 340/340/340 
f 333/333/333 340/340/340 339/339/339 
f 338/338/338 333/333/333 339/339/339 
f 338/338/338 339/339/339 351/351/351 
f 336/336/336 338/338/338 351/351/351 
f 336/336/336 351/351/351 348/348/348 
f 337/337/337 336/336/336 348/348/348 
f 337/337/337 348/348/348 347/347/347 
f 377/377/377 378/378/378 379/379/379 
f 377/377/377 379/379/379 380/380/380 
f 381/381/381 382/382/382 383/383/383 
f 381/381/381 383/383/383 384/384/384 
f 385/385/385 386/386/386 387/387/387 
f 385/385/385 387/387/387 388/388/388 
f 389/389/389 390/390/390 391/391/391 
f 389/389/389 391/391/391 392/392/392 
f 393/393/393 394/394/394 395/395/395 
f 393/393/393 395/395/395 396/396/396 
f 397/397/397 398/398/398 399/399/399 
f 397/397/397 399/399/399 400/400/400 
f 401/401/401 402/402/402 403/403/403 
f 401/401/401 403/403/403 404/404/404 
f 405/405/405 406/406/406 407/407/407 
f 405/405/405 407/407/407 408/408/408 
f 409/409/409 410/410/410 411/411/411 
f 409/409/409 411/411/411 412/412/412 
f 413/413/413 414/414/414 415/415/415 
f 413/413/413 415/415/415 416/416/416 
f 417/417/417 418/418/418 419/419/419 
f 417/417/417 419/419/419 420/420/420 
f 421/421/421 422/422/422 423/423/423 
f 421/421/421 423/423/423 424/424/424 
f 425/425/425 426/426/426 427/427/427 
f 428/428/428 426/426/426 429/429/429 
f 430/430/430 426/426/426 431/431/431 
f 432/432/432 426/426/426 433/433/433 
f 434/434/434 435/435/435 436/436/436 
f 434/434/434 436/436/436 437/437/437 
f 437/437/437 436/436/436 438/438/438 
f 437/437/437 438/438/438 439/439/439 
f 439/439/439 438/438/438 440/440/440 
f 439/439/439 440/440/440 441/441/441 
f 441/441/441 440/440/440 442/442/442 
f 441/441/441 442/442/442 443/443/443 
f 443/443/443 442/442/442 444/444/444 
f 443/443/443 444/444/444 445/445/445 
f 435/435/435 446/446/446 447/447/447 
f 435/435/435 447/447/447 436/436/436 
f 436/436/436 447/447/447 448/448/448 
f 436/436/436 448/448/448 438/438/438 
f 438/438/438 448/448/448 449/449/449 
f 438/438/438 449/449/449 440/440/440 
f 440/440/440 449/449/449 450/450/450 
f 440/440/440 450/450/450 442/442/442 
f 442/442/442 450/450/450 451/451/451 
f 442/442/442 451/451/451 444/444/444 
f 446/446/446 452/452/452 453/453/453 
f 446/446/446 453/453/453 447/447/447 
f 447/447/447 453/453/453 454/454/454 
f 447/447/447 454/454/454 448/448/448 
f 448/448/448 454/454/454 455/455/455 
f 448/448/448 455/455/455 449/449/449 
f 449/449/449 455/455/455 456/456/456 
f 449/449/449 456/456/456 450/450/450 
f 450/450/450 456/456/456 457/457/457 
f 450/450/450 457/457/457 451/451/451 
f 437/437/437 458/458/458 434/434/434 
f 439/439/439 459/459/459 437/437/437 
f 441/441/441 460/460/460 439/439/439 
f 443/443/443 461/461/461 441/441/441 
f 445/445/445 462/462/462 443/443/443 
f 452/452/452 463/463/463 453/453/453 
f 453/453/453 464/464/464 454/454/454 
f 454/454/454 465/465/465 455/455/455 
f 455/455/455 466/466/466 456/456/456 
f 456/456/456 467/467/467 457/457/457 
f 468/468/468 469/469/469 470/470/470 
f 468/468/468 470/470/470 471/471/471 
f 472/472/472 473/473/473 474/474/474 
f 472/472/472 474/474/474 475/475/475 
f 476/476/476 477/477/477 478/478/478 
f 476/476/476 478/478/478 479/479/479 
f 480/480/480 481/481/481 482/482/482 
f 480/480/480 482/482/482 483/483/483 
f 484/484/484 485/485/485 478/478/478 
f 484/484/484 478/478/478 486/486/486 
f 487/487/487 481/481/481 488/488/488 
f 487/487/487 488/488/488 489/489/489 
f 490/490/490 491/491/491 492/492/492 
f 490/490/490 492/492/492 479/479/479 
f 480/480/480 493/493/493 494/494/494 
f 480/480/480 494/494/494 495/495/495 
f 496/496/496 497/497/497 498/498/498 
f 496/496/496 498/498/498 499/499/499 
f 499/499/499 498/498/498 500/500/500 
f 499/499/499 500/500/500 501/501/501 
f 502/502/502 503/503/503 504/504/504 
f 502/502/502 504/504/504 505/505/505 
f 505/505/505 504/504/504 506/506/506 
f 505/505/505 506/506/506 507/507/507 
f 503/503/503 508/508/508 509/509/509 
f 503/503/503 509/509/509 504/504/504 
f 504/504/504 509/509/509 510/510/510 
f 504/504/504 510/510/510 506/506/506 
f 508/508/508 511/511/511 512/512/512 
f 508/508/508 512/512/512 513/513/513 
f 513/513/513 512/512/512 514/514/514 
f 513/513/513 514/514/514 510/510/510 
f 511/511/511 515/515/515 516/516/516 
f 511/511/511 516/516/516 512/512/512 
f 512/512/512 516/516/516 517/517/517 
f 512/512/512 517/517/517 514/514/514 
f 518/518/518 519/519/519 520/520/520 
f 518/518/518 520/520/520 521/521/521 
f 521/521/521 520/520/520 522/522/522 
f 521/521/521 522/522/522 523/523/523 
f 517/517/517 524/524/524 510/510/510 
f 517/517/517 510/510/510 514/514/514 
f 522/522/522 525/525/525 526/526/526 
f 522/522/522 526/526/526 523/523/523 
f 524/524/524 507/507/507 506/506/506 
f 524/524/524 506/506/506 510/510/510 
f 525/525/525 501/501/501 500/500/500 
f 525/525/525 500/500/500 526/526/526 
f 511/511/511 508/508/508 527/527/527 
f 511/511/511 527/527/527 515/515/515 
f 518/518/518 528/528/528 529/529/529 
f 518/518/518 529/529/529 519/519/519 
f 508/508/508 503/503/503 502/502/502 
f 508/508/508 502/502/502 530/530/530 
f 531/531/531 497/497/497 496/496/496 
f 531/531/531 496/496/496 529/529/529 
f 532/532/532 505/505/505 507/507/507 
f 532/532/532 507/507/507 533/533/533 
f 534/534/534 502/502/502 505/505/505 
f 534/534/534 505/505/505 532/532/532 
f 530/530/530 502/502/502 534/534/534 
f 530/530/530 534/534/534 535/535/535 
f 515/515/515 527/527/527 535/535/535 
f 515/515/515 535/535/535 536/536/536 
f 515/515/515 536/536/536 537/537/537 
f 515/515/515 537/537/537 516/516/516 
f 516/516/516 537/537/537 538/538/538 
f 516/516/516 538/538/538 517/517/517 
f 539/539/539 524/524/524 517/517/517 
f 539/539/539 517/517/517 538/538/538 
f 533/533/533 507/507/507 524/524/524 
f 533/533/533 524/524/524 539/539/539 
f 498/498/498 532/532/532 533/533/533 
f 498/498/498 533/533/533 500/500/500 
f 497/497/497 534/534/534 532/532/532 
f 497/497/497 532/532/532 498/498/498 
f 535/535/535 534/534/534 497/497/497 
f 535/535/535 497/497/497 531/531/531 
f 536/536/536 535/535/535 528/528/528 
f 536/536/536 528/528/528 518/518/518 
f 536/536/536 518/518/518 521/521/521 
f 536/536/536 521/521/521 537/537/537 
f 537/537/537 521/521/521 523/523/523 
f 537/537/537 523/523/523 538/538/538 
f 526/526/526 539/539/539 538/538/538 
f 526/526/526 538/538/538 523/523/523 
f 500/500/500 533/533/533 539/539/539 
f 500/500/500 539/539/539 526/526/526 
f 540/540/540 541/541/541 542/542/542 
f 540/540/540 542/542/542 543/543/543 
f 543/543/543 542/542/542 544/544/544 
f 543/543/543 544/544/544 545/545/545 
f 546/546/546 547/547/547 548/548/548 
f 546/546/546 548/548/548 549/549/549 
f 549/549/549 548/548/548 550/550/550 
f 549/549/549 550/550/550 551/551/551 
f 547/547/547 552/552/552 553/553/553 
f 547/547/547 553/553/553 548/548/548 
f 548/548/548 553/553/553 554/554/554 
f 548/548/548 554/554/554 550/550/550 
f 552/552/552 555/555/555 556/556/556 
f 552/552/552 556/556/556 557/557/557 
f 557/557/557 556/556/556 558/558/558 
f 557/557/557 558/558/558 554/554/554 
f 555/555/555 559/559/559 560/560/560 
f 555/555/555 560/560/560 556/556/556 
f 556/556/556 560/560/560 561/561/561 
f 556/556/556 561/561/561 558/558/558 
f 562/562/562 563/563/563 564/564/564 
f 562/562/562 564/564/564 565/565/565 
f 565/565/565 564/564/564 566/566/566 
f 565/565/565 566/566/566 567/567/567 
f 561/561/561 568/568/568 554/554/554 
f 561/561/561 554/554/554 558/558/558 
f 566/566/566 569/569/569 570/570/570 
f 566/566/566 570/570/570 567/567/567 
f 568/568/568 551/551/551 550/550/550 
f 568/568/568 550/550/550 554/554/554 
f 571/571/571 545/545/545 544/544/544 
f 571/571/571 544/544/544 572/572/572 
f 555/555/555 552/552/552 573/573/573 
f 555/555/555 573/573/573 559/559/559 
f 562/562/562 574/574/574 575/575/575 
f 562/562/562 575/575/575 563/563/563 
f 552/552/552 547/547/547 546/546/546 
f 552/552/552 546/546/546 576/576/576 
f 574/574/574 541/541/541 540/540/540 
f 574/574/574 540/540/540 575/575/575 
f 577/577/577 549/549/549 551/551/551 
f 577/577/577 551/551/551 578/578/578 
f 579/579/579 546/546/546 549/549/549 
f 579/579/579 549/549/549 577/577/577 
f 576/576/576 546/546/546 579/579/579 
f 576/576/576 579/579/579 580/580/580 
f 559/559/559 573/573/573 581/581/581 
f 559/559/559 581/581/581 582/582/582 
f 559/559/559 582/582/582 583/583/583 
f 559/559/559 583/583/583 560/560/560 
f 560/560/560 583/583/583 584/584/584 
f 560/560/560 584/584/584 561/561/561 
f 585/585/585 568/568/568 561/561/561 
f 585/585/585 561/561/561 584/584/584 
f 578/578/578 551/551/551 568/568/568 
f 578/578/578 568/568/568 585/585/585 
f 542/542/542 577/577/577 578/578/578 
f 542/542/542 578/578/578 544/544/544 
f 541/541/541 579/579/579 577/577/577 
f 541/541/541 577/577/577 542/542/542 
f 580/580/580 579/579/579 541/541/541 
f 580/580/580 541/541/541 574/574/574 
f 582/582/582 581/581/581 574/574/574 
f 582/582/582 574/574/574 562/562/562 
f 582/582/582 562/562/562 565/565/565 
f 582/582/582 565/565/565 583/583/583 
f 583/583/583 565/565/565 567/567/567 
f 583/583/583 567/567/567 584/584/584 
f 570/570/570 585/585/585 584/584/584 
f 570/570/570 584/584/584 567/567/567 
f 544/544/544 578/578/578 585/585/585 
f 544/544/544 585/585/585 572/572/572 
f 586/586/586 587/587/587 588/588/588 
f 586/586/586 588/588/588 589/589/589 
f 589/589/589 588/588/588 590/590/590 
f 589/589/589 590/590/590 591/591/591 
f 592/592/592 593/593/593 594/594/594 
f 592/592/592 594/594/594 595/595/595 
f 595/595/595 594/594/594 596/596/596 
f 595/595/595 596/596/596 597/597/597 
f 593/593/593 598/598/598 599/599/599 
f 593/593/593 599/599/599 594/594/594 
f 594/594/594 599/599/599 600/600/600 
f 594/594/594 600/600/600 596/596/596 
f 598/598/598 601/601/601 602/602/602 
f 598/598/598 602/602/602 599/599/599 
f 599/599/599 602/602/602 603/603/603 
f 599/599/599 603/603/603 600/600/600 
f 601/601/601 604/604/604 605/605/605 
f 601/601/601 605/605/605 602/602/602 
f 602/602/602 605/605/605 606/606/606 
f 602/602/602 606/606/606 603/603/603 
f 607/607/607 608/608/608 609/609/609 
f 607/607/607 609/609/609 610/610/610 
f 610/610/610 609/609/609 611/611/611 
f 610/610/610 611/611/611 612/612/612 
f 606/606/606 613/613/613 600/600/600 
f 606/606/606 600/600/600 603/603/603 
f 611/611/611 614/614/614 615/615/615 
f 611/611/611 615/615/615 612/612/612 
f 613/613/613 597/597/597 596/596/596 
f 613/613/613 596/596/596 600/600/600 
f 614/614/614 591/591/591 590/590/590 
f 614/614/614 590/590/590 615/615/615 
f 601/601/601 598/598/598 616/616/616 
f 601/601/601 616/616/616 604/604/604 
f 607/607/607 617/617/617 618/618/618 
f 607/607/607 618/618/618 608/608/608 
f 598/598/598 593/593/593 592/592/592 
f 598/598/598 592/592/592 616/616/616 
f 617/617/617 587/587/587 586/586/586 
f 617/617/617 586/586/586 618/618/618 
f 619/619/619 595/595/595 597/597/597 
f 619/619/619 597/597/597 620/620/620 
f 621/621/621 592/592/592 595/595/595 
f 621/621/621 595/595/595 619/619/619 
f 616/616/616 592/592/592 621/621/621 
f 616/616/616 621/621/621 622/622/622 
f 604/604/604 616/616/616 622/622/622 
f 604/604/604 622/622/622 623/623/623 
f 604/604/604 623/623/623 624/624/624 
f 604/604/604 624/624/624 605/605/605 
f 605/605/605 624/624/624 625/625/625 
f 605/605/605 625/625/625 606/606/606 
f 626/626/626 613/613/613 606/606/606 
f 626/626/626 606/606/606 625/625/625 
f 620/620/620 597/597/597 613/613/613 
f 620/620/620 613/613/613 627/627/627 
f 588/588/588 619/619/619 620/620/620 
f 588/588/588 620/620/620 590/590/590 
f 587/587/587 621/621/621 619/619/619 
f 587/587/587 619/619/619 588/588/588 
f 622/622/622 621/621/621 587/587/587 
f 622/622/622 587/587/587 617/617/617 
f 623/623/623 622/622/622 617/617/617 
f 623/623/623 617/617/617 607/607/607 
f 623/623/623 607/607/607 610/610/610 
f 623/623/623 610/610/610 624/624/624 
f 624/624/624 610/610/610 612/612/612 
f 624/624/624 612/612/612 625/625/625 
f 615/615/615 626/626/626 625/625/625 
f 615/615/615 625/625/625 612/612/612 
f 590/590/590 620/620/620 627/627/627 
f 590/590/590 627/627/627 615/615/615 
f 628/628/628 629/629/629 630/630/630 
f 628/628/628 630/630/630 631/631/631 
f 632/632/632 633/633/633 634/634/634 
f 632/632/632 634/634/634 635/635/635 
f 633/633/633 636/636/636 637/637/637 
f 633/633/633 637/637/637 634/634/634 
f 638/638/638 639/639/639 640/640/640 
f 638/638/638 640/640/640 641/641/641 
f 642/642/642 643/643/643 644/644/644 
f 642/642/642 644/644/644 645/645/645 
f 646/646/646 647/647/647 643/643/643 
f 646/646/646 643/643/643 648/648/648 
f 649/649/649 650/650/650 651/651/651 
f 649/649/649 651/651/651 652/652/652 
f 653/653/653 654/654/654 655/655/655 
f 653/653/653 655/655/655 656/656/656 
f 657/657/657 658/658/658 650/650/650 
f 657/657/657 650/650/650 649/649/649 
f 656/656/656 655/655/655 659/659/659 
f 656/656/656 659/659/659 660/660/660 
f 661/661/661 662/662/662 663/663/663 
f 661/661/661 663/663/663 664/664/664 
f 664/664/664 663/663/663 658/658/658 
f 664/664/664 658/658/658 657/657/657 
f 665/665/665 632/632/632 635/635/635 
f 665/665/665 635/635/635 666/666/666 
f 667/667/667 633/633/633 632/632/632 
f 667/667/667 632/632/632 665/665/665 
f 668/668/668 636/636/636 633/633/633 
f 668/668/668 633/633/633 667/667/667 
f 669/669/669 637/637/637 636/636/636 
f 669/669/669 636/636/636 668/668/668 
f 670/670/670 671/671/671 672/672/672 
f 670/670/670 672/672/672 673/673/673 
f 674/674/674 675/675/675 671/671/671 
f 674/674/674 671/671/671 670/670/670 
f 646/646/646 628/628/628 631/631/631 
f 646/646/646 631/631/631 647/647/647 
f 651/651/651 654/654/654 653/653/653 
f 651/651/651 653/653/653 652/652/652 
f 635/635/635 675/675/675 674/674/674 
f 635/635/635 674/674/674 666/666/666 
f 634/634/634 671/671/671 675/675/675 
f 634/634/634 675/675/675 635/635/635 
f 637/637/637 672/672/672 671/671/671 
f 637/637/637 671/671/671 634/634/634 
f 673/673/673 672/672/672 637/637/637 
f 673/673/673 637/637/637 669/669/669 
f 660/660/660 659/659/659 662/662/662 
f 660/660/660 662/662/662 661/661/661 
f 644/644/644 638/638/638 641/641/641 
f 644/644/644 641/641/641 645/645/645 
f 658/658/658 667/667/667 665/665/665 
f 658/658/658 665/665/665 650/650/650 
f 663/663/663 668/668/668 667/667/667 
f 663/663/663 667/667/667 658/658/658 
f 662/662/662 669/669/669 668/668/668 
f 662/662/662 668/668/668 663/663/663 
f 659/659/659 673/673/673 669/669/669 
f 659/659/659 669/669/669 662/662/662 
f 655/655/655 670/670/670 673/673/673 
f 655/655/655 673/673/673 659/659/659 
f 654/654/654 674/674/674 670/670/670 
f 654/654/654 670/670/670 655/655/655 
f 666/666/666 674/674/674 654/654/654 
f 666/666/666 654/654/654 651/651/651 
f 650/650/650 665/665/665 666/666/666 
f 650/650/650 666/666/666 651/651/651 
f 676/676/676 677/677/677 630/630/630 
f 676/676/676 630/630/630 629/629/629 
f 678/678/678 679/679/679 680/680/680 
f 678/678/678 680/680/680 681/681/681 
f 682/682/682 680/680/680 683/683/683 
f 682/682/682 683/683/683 684/684/684 
f 685/685/685 686/686/686 640/640/640 
f 685/685/685 640/640/640 639/639/639 
f 687/687/687 688/688/688 689/689/689 
f 687/687/687 689/689/689 690/690/690 
f 691/691/691 687/687/687 690/690/690 
f 691/691/691 690/690/690 692/692/692 
f 693/693/693 694/694/694 679/679/679 
f 693/693/693 679/679/679 678/678/678 
f 695/695/695 693/693/693 678/678/678 
f 695/695/695 678/678/678 681/681/681 
f 696/696/696 697/697/697 682/682/682 
f 696/696/696 682/682/682 684/684/684 
f 698/698/698 696/696/696 684/684/684 
f 698/698/698 684/684/684 683/683/683 
f 699/699/699 700/700/700 701/701/701 
f 699/699/699 701/701/701 702/702/702 
f 703/703/703 704/704/704 702/702/702 
f 703/703/703 702/702/702 705/705/705 
f 691/691/691 692/692/692 677/677/677 
f 691/691/691 677/677/677 676/676/676 
f 679/679/679 694/694/694 703/703/703 
f 679/679/679 703/703/703 705/705/705 
f 680/680/680 679/679/679 705/705/705 
f 680/680/680 705/705/705 702/702/702 
f 683/683/683 680/680/680 702/702/702 
f 683/683/683 702/702/702 701/701/701 
f 700/700/700 698/698/698 683/683/683 
f 700/700/700 683/683/683 701/701/701 
f 689/689/689 688/688/688 686/686/686 
f 689/689/689 686/686/686 685/685/685 
f 695/695/695 706/706/706 649/649/649 
f 695/695/695 649/649/649 693/693/693 
f 696/696/696 664/664/664 706/706/706 
f 696/696/696 706/706/706 695/695/695 
f 698/698/698 707/707/707 664/664/664 
f 698/698/698 664/664/664 696/696/696 
f 700/700/700 708/708/708 707/707/707 
f 700/700/700 707/707/707 698/698/698 
f 699/699/699 709/709/709 708/708/708 
f 699/699/699 708/708/708 700/700/700 
f 703/703/703 710/710/710 709/709/709 
f 703/703/703 709/709/709 704/704/704 
f 694/694/694 711/711/711 710/710/710 
f 694/694/694 710/710/710 703/703/703 
f 649/649/649 711/711/711 694/694/694 
f 649/649/649 694/694/694 693/693/693 
f 677/677/677 711/711/711 649/649/649 
f 677/677/677 649/649/649 630/630/630 
f 692/692/692 710/710/710 711/711/711 
f 692/692/692 711/711/711 677/677/677 
f 690/690/690 709/709/709 710/710/710 
f 690/690/690 710/710/710 692/692/692 
f 689/689/689 708/708/708 709/709/709 
f 689/689/689 709/709/709 690/690/690 
f 708/708/708 689/689/689 685/685/685 
f 708/708/708 685/685/685 707/707/707 
f 707/707/707 685/685/685 639/639/639 
f 707/707/707 639/639/639 664/664/664 
f 661/661/661 664/664/664 639/639/639 
f 661/661/661 639/639/639 638/638/638 
f 660/660/660 661/661/661 638/638/638 
f 660/660/660 638/638/638 644/644/644 
f 643/643/643 656/656/656 660/660/660 
f 643/643/643 660/660/660 644/644/644 
f 647/647/647 653/653/653 656/656/656 
f 647/647/647 656/656/656 643/643/643 
f 631/631/631 652/652/652 653/653/653 
f 631/631/631 653/653/653 647/647/647 
f 630/630/630 649/649/649 652/652/652 
f 630/630/630 652/652/652 631/631/631 
f 712/712/712 713/713/713 714/714/714 
f 712/712/712 714/714/714 715/715/715 
f 714/714/714 713/713/713 222/222/222 
f 714/714/714 222/222/222 221/221/221 
f 716/716/716 717/717/717 718/718/718 
f 716/716/716 718/718/718 719/719/719 
f 720/720/720 721/721/721 229/229/229 
f 720/720/720 229/229/229 228/228/228 
f 229/229/229 721/721/721 722/722/722 
f 229/229/229 722/722/722 231/231/231 
f 723/723/723 717/717/717 716/716/716 
f 723/723/723 716/716/716 724/724/724 
f 725/725/725 726/726/726 727/727/727 
f 725/725/725 727/727/727 728/728/728 
f 727/727/727 726/726/726 729/729/729 
f 727/727/727 729/729/729 730/730/730 
f 729/729/729 726/726/726 242/242/242 
f 729/729/729 242/242/242 241/241/241 
f 242/242/242 726/726/726 725/725/725 
f 242/242/242 725/725/725 243/243/243 
f 731/731/731 732/732/732 733/733/733 
f 731/731/731 733/733/733 734/734/734 
f 733/733/733 732/732/732 249/249/249 
f 733/733/733 249/249/249 248/248/248 
f 249/249/249 732/732/732 729/729/729 
f 249/249/249 729/729/729 241/241/241 
f 729/729/729 732/732/732 731/731/731 
f 729/729/729 731/731/731 730/730/730 
f 735/735/735 736/736/736 737/737/737 
f 735/735/735 737/737/737 738/738/738 
f 737/737/737 736/736/736 739/739/739 
f 737/737/737 739/739/739 740/740/740 
f 739/739/739 736/736/736 257/257/257 
f 739/739/739 257/257/257 256/256/256 
f 257/257/257 736/736/736 735/735/735 
f 257/257/257 735/735/735 258/258/258 
f 259/259/259 741/741/741 742/742/742 
f 259/259/259 742/742/742 260/260/260 
f 742/742/742 741/741/741 743/743/743 
f 742/742/742 743/743/743 744/744/744 
f 743/743/743 745/745/745 746/746/746 
f 743/743/743 746/746/746 744/744/744 
f 746/746/746 745/745/745 747/747/747 
f 746/746/746 747/747/747 748/748/748 
f 749/749/749 750/750/750 731/731/731 
f 749/749/749 731/731/731 734/734/734 
f 731/731/731 750/750/750 751/751/751 
f 731/731/731 751/751/751 730/730/730 
f 751/751/751 750/750/750 746/746/746 
f 751/751/751 746/746/746 748/748/748 
f 746/746/746 750/750/750 749/749/749 
f 746/746/746 749/749/749 744/744/744 
f 727/727/727 752/752/752 753/753/753 
f 727/727/727 753/753/753 728/728/728 
f 753/753/753 752/752/752 754/754/754 
f 753/753/753 754/754/754 755/755/755 
f 754/754/754 752/752/752 751/751/751 
f 754/754/754 751/751/751 748/748/748 
f 751/751/751 752/752/752 727/727/727 
f 751/751/751 727/727/727 730/730/730 
f 747/747/747 756/756/756 754/754/754 
f 747/747/747 754/754/754 748/748/748 
f 754/754/754 756/756/756 757/757/757 
f 754/754/754 757/757/757 755/755/755 
f 758/758/758 759/759/759 760/760/760 
f 758/758/758 760/760/760 761/761/761 
f 760/760/760 283/283/283 282/282/282 
f 760/760/760 282/282/282 761/761/761 
f 284/284/284 283/283/283 760/760/760 
f 284/284/284 760/760/760 762/762/762 
f 759/759/759 763/763/763 762/762/762 
f 759/759/759 762/762/762 760/760/760 
f 762/762/762 763/763/763 764/764/764 
f 762/762/762 764/764/764 765/765/765 
f 764/764/764 766/766/766 767/767/767 
f 764/764/764 767/767/767 765/765/765 
f 767/767/767 292/292/292 291/291/291 
f 767/767/767 291/291/291 765/765/765 
f 291/291/291 284/284/284 762/762/762 
f 291/291/291 762/762/762 765/765/765 
f 768/768/768 769/769/769 770/770/770 
f 768/768/768 770/770/770 771/771/771 
f 770/770/770 298/298/298 297/297/297 
f 770/770/770 297/297/297 771/771/771 
f 297/297/297 292/292/292 767/767/767 
f 297/297/297 767/767/767 771/771/771 
f 767/767/767 766/766/766 768/768/768 
f 767/767/767 768/768/768 771/771/771 
f 769/769/769 772/772/772 773/773/773 
f 769/769/769 773/773/773 770/770/770 
f 301/301/301 298/298/298 770/770/770 
f 301/301/301 770/770/770 773/773/773 
f 302/302/302 301/301/301 773/773/773 
f 302/302/302 773/773/773 774/774/774 
f 773/773/773 772/772/772 775/775/775 
f 773/773/773 775/775/775 774/774/774 
f 775/775/775 772/772/772 776/776/776 
f 775/775/775 776/776/776 777/777/777 
f 776/776/776 778/778/778 779/779/779 
f 776/776/776 779/779/779 777/777/777 
f 766/766/766 778/778/778 776/776/776 
f 766/766/766 776/776/776 768/768/768 
f 769/769/769 768/768/768 776/776/776 
f 769/769/769 776/776/776 772/772/772 
f 759/759/759 780/780/780 764/764/764 
f 759/759/759 764/764/764 763/763/763 
f 766/766/766 764/764/764 780/780/780 
f 766/766/766 780/780/780 778/778/778 
f 779/779/779 778/778/778 780/780/780 
f 779/779/779 780/780/780 781/781/781 
f 780/780/780 759/759/759 758/758/758 
f 780/780/780 758/758/758 781/781/781 
f 782/782/782 713/713/713 712/712/712 
f 782/782/782 712/712/712 783/783/783 
f 313/313/313 222/222/222 713/713/713 
f 313/313/313 713/713/713 782/782/782 
f 784/784/784 741/741/741 259/259/259 
f 784/784/784 259/259/259 315/315/315 
f 785/785/785 743/743/743 741/741/741 
f 785/785/785 741/741/741 784/784/784 
f 786/786/786 745/745/745 743/743/743 
f 786/786/786 743/743/743 785/785/785 
f 787/787/787 747/747/747 745/745/745 
f 787/787/787 745/745/745 786/786/786 
f 788/788/788 756/756/756 747/747/747 
f 788/788/788 747/747/747 787/787/787 
f 789/789/789 757/757/757 756/756/756 
f 789/789/789 756/756/756 788/788/788 
f 790/790/790 791/791/791 792/792/792 
f 790/790/790 792/792/792 793/793/793 
f 793/793/793 792/792/792 794/794/794 
f 793/793/793 794/794/794 795/795/795 
f 795/795/795 794/794/794 328/328/328 
f 795/795/795 328/328/328 327/327/327 
f 221/221/221 330/330/330 796/796/796 
f 221/221/221 796/796/796 714/714/714 
f 714/714/714 796/796/796 797/797/797 
f 714/714/714 797/797/797 715/715/715 
f 715/715/715 797/797/797 791/791/791 
f 715/715/715 791/791/791 790/790/790 
f 791/791/791 798/798/798 799/799/799 
f 791/791/791 799/799/799 792/792/792 
f 792/792/792 799/799/799 800/800/800 
f 792/792/792 800/800/800 794/794/794 
f 794/794/794 800/800/800 335/335/335 
f 794/794/794 335/335/335 328/328/328 
f 330/330/330 337/337/337 801/801/801 
f 330/330/330 801/801/801 796/796/796 
f 796/796/796 801/801/801 802/802/802 
f 796/796/796 802/802/802 797/797/797 
f 797/797/797 802/802/802 798/798/798 
f 797/797/797 798/798/798 791/791/791 
f 803/803/803 804/804/804 805/805/805 
f 803/803/803 805/805/805 806/806/806 
f 806/806/806 805/805/805 807/807/807 
f 808/808/808 346/346/346 345/345/345 
f 347/347/347 350/350/350 809/809/809 
f 347/347/347 809/809/809 810/810/810 
f 810/810/810 809/809/809 811/811/811 
f 810/810/810 811/811/811 812/812/812 
f 812/812/812 811/811/811 804/804/804 
f 812/812/812 804/804/804 803/803/803 
f 804/804/804 716/716/716 813/813/813 
f 804/804/804 813/813/813 805/805/805 
f 805/805/805 813/813/813 814/814/814 
f 805/805/805 814/814/814 807/807/807 
f 346/346/346 808/808/808 815/815/815 
f 346/346/346 815/815/815 355/355/355 
f 722/722/722 816/816/816 809/809/809 
f 722/722/722 809/809/809 350/350/350 
f 723/723/723 724/724/724 811/811/811 
f 811/811/811 724/724/724 716/716/716 
f 811/811/811 716/716/716 804/804/804 
f 806/806/806 807/807/807 817/817/817 
f 806/806/806 817/817/817 818/818/818 
f 814/814/814 819/819/819 817/817/817 
f 814/814/814 817/817/817 807/807/807 
f 717/717/717 820/820/820 821/821/821 
f 717/717/717 821/821/821 718/718/718 
f 816/816/816 820/820/820 717/717/717 
f 816/816/816 717/717/717 723/723/723 
f 809/809/809 816/816/816 723/723/723 
f 809/809/809 723/723/723 811/811/811 
f 721/721/721 820/820/820 816/816/816 
f 721/721/721 816/816/816 722/722/722 
f 821/821/821 820/820/820 721/721/721 
f 821/821/821 721/721/721 720/720/720 
f 808/808/808 817/817/817 819/819/819 
f 808/808/808 819/819/819 815/815/815 
f 818/818/818 817/817/817 808/808/808 
f 818/818/818 808/808/808 345/345/345 
f 722/722/722 350/350/350 231/231/231 
f 733/733/733 822/822/822 823/823/823 
f 733/733/733 823/823/823 734/734/734 
f 734/734/734 823/823/823 824/824/824 
f 734/734/734 824/824/824 749/749/749 
f 749/749/749 824/824/824 825/825/825 
f 749/749/749 825/825/825 744/744/744 
f 744/744/744 825/825/825 826/826/826 
f 744/744/744 826/826/826 742/742/742 
f 742/742/742 826/826/826 368/368/368 
f 742/742/742 368/368/368 260/260/260 
f 248/248/248 369/369/369 822/822/822 
f 248/248/248 822/822/822 733/733/733 
f 827/827/827 739/739/739 256/256/256 
f 827/827/827 256/256/256 371/371/371 
f 828/828/828 740/740/740 739/739/739 
f 828/828/828 739/739/739 827/827/827 
f 829/829/829 737/737/737 740/740/740 
f 829/829/829 740/740/740 828/828/828 
f 830/830/830 738/738/738 737/737/737 
f 830/830/830 737/737/737 829/829/829 
f 831/831/831 735/735/735 738/738/738 
f 831/831/831 738/738/738 830/830/830 
f 376/376/376 258/258/258 735/735/735 
f 376/376/376 735/735/735 831/831/831 
f 826/826/826 827/827/827 371/371/371 
f 826/826/826 371/371/371 368/368/368 
f 825/825/825 828/828/828 827/827/827 
f 825/825/825 827/827/827 826/826/826 
f 824/824/824 829/829/829 828/828/828 
f 824/824/824 828/828/828 825/825/825 
f 823/823/823 830/830/830 829/829/829 
f 823/823/823 829/829/829 824/824/824 
f 822/822/822 831/831/831 830/830/830 
f 822/822/822 830/830/830 823/823/823 
f 369/369/369 376/376/376 831/831/831 
f 369/369/369 831/831/831 822/822/822 
f 800/800/800 818/818/818 345/345/345 
f 800/800/800 345/345/345 335/335/335 
f 799/799/799 806/806/806 818/818/818 
f 799/799/799 818/818/818 800/800/800 
f 798/798/798 803/803/803 806/806/806 
f 798/798/798 806/806/806 799/799/799 
f 802/802/802 812/812/812 803/803/803 
f 802/802/802 803/803/803 798/798/798 
f 801/801/801 810/810/810 812/812/812 
f 801/801/801 812/812/812 802/802/802 
f 337/337/337 347/347/347 810/810/810 
f 337/337/337 810/810/810 801/801/801 
f 832/832/832 833/833/833 834/834/834 
f 832/832/832 834/834/834 835/835/835 
f 836/836/836 837/837/837 838/838/838 
f 836/836/836 838/838/838 839/839/839 
f 840/840/840 841/841/841 842/842/842 
f 840/840/840 842/842/842 843/843/843 
f 844/844/844 845/845/845 846/846/846 
f 844/844/844 846/846/846 847/847/847 
f 848/848/848 849/849/849 850/850/850 
f 848/848/848 850/850/850 851/851/851 
f 852/852/852 853/853/853 854/854/854 
f 852/852/852 854/854/854 855/855/855 
f 856/856/856 857/857/857 858/858/858 
f 856/856/856 858/858/858 859/859/859 
f 860/860/860 861/861/861 862/862/862 
f 860/860/860 862/862/862 863/863/863 
f 864/864/864 865/865/865 866/866/866 
f 864/864/864 866/866/866 867/867/867 
f 868/868/868 869/869/869 870/870/870 
f 868/868/868 870/870/870 871/871/871 
f 872/872/872 873/873/873 874/874/874 
f 872/872/872 874/874/874 875/875/875 
f 876/876/876 877/877/877 878/878/878 
f 876/876/876 878/878/878 879/879/879 
f 880/880/880 881/881/881 882/882/882 
f 883/883/883 884/884/884 882/882/882 
f 885/885/885 886/886/886 882/882/882 
f 887/887/887 888/888/888 882/882/882 
f 889/889/889 890/890/890 891/891/891 
f 889/889/889 891/891/891 892/892/892 
f 890/890/890 893/893/893 894/894/894 
f 890/890/890 894/894/894 891/891/891 
f 893/893/893 895/895/895 896/896/896 
f 893/893/893 896/896/896 894/894/894 
f 895/895/895 897/897/897 898/898/898 
f 895/895/895 898/898/898 896/896/896 
f 897/897/897 899/899/899 900/900/900 
f 897/897/897 900/900/900 898/898/898 
f 892/892/892 891/891/891 901/901/901 
f 892/892/892 901/901/901 902/902/902 
f 891/891/891 894/894/894 903/903/903 
f 891/891/891 903/903/903 901/901/901 
f 894/894/894 896/896/896 904/904/904 
f 894/894/894 904/904/904 903/903/903 
f 896/896/896 898/898/898 905/905/905 
f 896/896/896 905/905/905 904/904/904 
f 898/898/898 900/900/900 906/906/906 
f 898/898/898 906/906/906 905/905/905 
f 902/902/902 901/901/901 907/907/907 
f 902/902/902 907/907/907 908/908/908 
f 901/901/901 903/903/903 909/909/909 
f 901/901/901 909/909/909 907/907/907 
f 903/903/903 904/904/904 910/910/910 
f 903/903/903 910/910/910 909/909/909 
f 904/904/904 905/905/905 911/911/911 
f 904/904/904 911/911/911 910/910/910 
f 905/905/905 906/906/906 912/912/912 
f 905/905/905 912/912/912 911/911/911 
f 890/890/890 889/889/889 913/913/913 
f 893/893/893 890/890/890 914/914/914 
f 895/895/895 893/893/893 915/915/915 
f 897/897/897 895/895/895 916/916/916 
f 899/899/899 897/897/897 917/917/917 
f 908/908/908 907/907/907 918/918/918 
f 907/907/907 909/909/909 919/919/919 
f 909/909/909 910/910/910 920/920/920 
f 910/910/910 911/911/911 921/921/921 
f 911/911/911 912/912/912 922/922/922 
f 923/923/923 924/924/924 925/925/925 
f 923/923/923 925/925/925 926/926/926 
f 927/927/927 928/928/928 929/929/929 
f 927/927/927 929/929/929 930/930/930 
f 931/931/931 932/932/932 933/933/933 
f 931/931/931 933/933/933 934/934/934 
f 935/935/935 936/936/936 937/937/937 
f 935/935/935 937/937/937 938/938/938 
f 939/939/939 940/940/940 933/933/933 
f 939/939/939 933/933/933 941/941/941 
f 942/942/942 943/943/943 944/944/944 
f 942/942/942 944/944/944 938/938/938 
f 945/945/945 932/932/932 946/946/946 
f 945/945/945 946/946/946 947/947/947 
f 935/935/935 948/948/948 949/949/949 
f 935/935/935 949/949/949 950/950/950 

g Handle2

v -0.244188 105.157 -0.551543 
v -0.255402 104.8 -0.560346 
v -0.392431 105.159 -0.434876 
v -0.401423 104.872 -0.441935 
v -0.392431 105.159 -0.434876 
v -0.208276 105.598 -0.502496 
v -0.217728 104.847 -0.496576 
v -0.217728 104.847 -0.496576 
v -0.347584 104.92 -0.390877 
v -0.347584 104.92 -0.390877 
v -0.42208 104.214 -0.458151 
v -0.429492 103.978 -0.46397 
v -0.531485 104.214 -0.304461 
v -0.538897 103.978 -0.31028 
v -0.456087 104.408 -0.409231 
v -0.524073 104.45 -0.298642 
v -0.501836 105.158 -0.281186 
v -0.509249 104.922 -0.287005 
v -0.501836 105.158 -0.281186 
v -0.392431 105.159 -0.434876 
v -0.501836 105.158 -0.281186 
v -0.392431 105.159 -0.434876 
v -0.445064 104.919 -0.253942 
v -0.445064 104.919 -0.253942 
v -0.369821 104.212 -0.408333 
v -0.401123 104.405 -0.354727 
v -0.467301 104.211 -0.271398 
v -0.459889 104.447 -0.265579 
v -0.377233 103.976 -0.414152 
v -0.474713 103.975 -0.277217 
v -0.429492 103.978 -0.46397 
v -0.377233 103.976 -0.414152 
v -0.538897 103.978 -0.31028 
v -0.474713 103.975 -0.277217 
v -0.59319 104.212 -0.126199 
v -0.600603 103.976 -0.132018 
v -0.585778 104.448 -0.120381 
v -0.539553 104.686 -0.252387 
v -0.567181 104.73 -0.119043 
v -0.563542 105.156 -0.102925 
v -0.553373 104.893 -0.120049 
v -0.563542 105.156 -0.102925 
v -0.563542 105.156 -0.102925 
v -0.482463 104.89 -0.106421 
v -0.482463 104.89 -0.106421 
v -0.475443 104.683 -0.219452 
v -0.514868 104.445 -0.106752 
v -0.491511 104.727 -0.108166 
v -0.52228 104.209 -0.112571 
v -0.529692 103.973 -0.118389 
v -0.600603 103.976 -0.132018 
v -0.529692 103.973 -0.118389 
v -0.59319 104.212 -0.126199 
v -0.600603 103.976 -0.132018 
v -0.602199 104.207 0.062189 
v -0.609611 103.971 0.0563703 
v -0.585778 104.448 -0.120381 
v -0.594787 104.443 0.0680077 
v -0.567181 104.73 -0.119043 
v -0.587375 104.679 0.0738263 
v -0.553373 104.893 -0.120049 
v -0.579963 104.915 0.079645 
v -0.563542 105.156 -0.102925 
v -0.57255 105.151 0.0854637 
v -0.57255 105.151 0.0854637 
v -0.57255 105.151 0.0854637 
v -0.508069 104.913 0.0727369 
v -0.508069 104.913 0.0727369 
v -0.491511 104.727 -0.108166 
v -0.515482 104.677 0.0669182 
v -0.514868 104.445 -0.106752 
v -0.522894 104.441 0.0610995 
v -0.52228 104.209 -0.112571 
v -0.530306 104.205 0.0552809 
v -0.529692 103.973 -0.118389 
v -0.537718 103.969 0.0494622 
v -0.609611 103.971 0.0563703 
v -0.537718 103.969 0.0494622 
v -0.557779 104.201 0.245443 
v -0.565191 103.965 0.239625 
v -0.550367 104.437 0.251262 
v -0.542955 104.673 0.257081 
v -0.535543 104.909 0.262899 
v -0.52813 105.146 0.268718 
v -0.52813 105.146 0.268718 
v -0.52813 105.146 0.268718 
v -0.468491 104.908 0.236014 
v -0.468491 104.908 0.236014 
v -0.475903 104.672 0.230195 
v -0.483315 104.436 0.224377 
v -0.490727 104.2 0.218558 
v -0.49814 103.964 0.212739 
v -0.565191 103.965 0.239625 
v -0.49814 103.964 0.212739 
v -0.46353 104.194 0.408718 
v -0.470942 103.958 0.402899 
v -0.751065 104.441 0.367262 
v -0.734217 104.258 0.401843 
v -0.656816 104.434 0.530536 
v -0.685054 104.254 0.487013 
v -0.944351 104.68 0.48908 
v -0.927204 104.507 0.523896 
v -0.850102 104.673 0.652354 
v -0.878041 104.503 0.609066 
v -1.31491 105.225 0.726277 
v -1.251 104.853 0.725634 
v -1.22066 105.218 0.889551 
v -1.20184 104.85 0.810803 
v -0.433881 105.139 0.431993 
v -0.441293 104.902 0.426174 
v -0.433881 105.139 0.431993 
v -0.433881 105.139 0.431993 
v -0.384516 104.902 0.38149 
v -0.384516 104.902 0.38149 
v -0.391928 104.666 0.375671 
v -0.39934 104.43 0.369852 
v -0.406752 104.194 0.364034 
v -0.414165 103.958 0.358215 
v -0.470942 103.958 0.402899 
v -0.414165 103.958 0.358215 
v -0.327087 104.187 0.538785 
v -0.334499 103.951 0.532966 
v -0.456118 104.43 0.414537 
v -0.319674 104.423 0.544604 
v -0.448705 104.666 0.420355 
v -0.312262 104.659 0.550422 
v -0.30485 104.895 0.556241 
v -0.297438 105.131 0.56206 
v -0.297438 105.131 0.56206 
v -0.297438 105.131 0.56206 
v -0.262947 104.895 0.497378 
v -0.262947 104.895 0.497378 
v -0.27036 104.659 0.49156 
v -0.277772 104.423 0.485741 
v -0.285184 104.187 0.479922 
v -0.292596 103.951 0.474104 
v -0.334499 103.951 0.532966 
v -0.292596 103.951 0.474104 
v -0.159503 104.179 0.625107 
v -0.166915 103.943 0.619289 
v -0.152091 104.416 0.630926 
v -0.144678 104.652 0.636745 
v -0.137266 104.888 0.642563 
v -0.129854 105.124 0.648382 
v -0.129854 105.124 0.648382 
v -0.129854 105.124 0.648382 
v -0.113633 104.889 0.574291 
v -0.113633 104.889 0.574291 
v -0.121045 104.653 0.568472 
v -0.128457 104.416 0.562653 
v -0.13587 104.18 0.556835 
v -0.143282 103.944 0.551016 
v -0.166915 103.943 0.619289 
v -0.143282 103.944 0.551016 
v -0.159503 104.179 0.625107 
v -0.166915 103.943 0.619289 
v 0.0256435 104.173 0.660691 
v 0.0182313 103.937 0.654873 
v -0.152091 104.416 0.630926 
v 0.0330557 104.409 0.66651 
v -0.144678 104.652 0.636745 
v 0.0404679 104.645 0.672329 
v -0.137266 104.888 0.642563 
v 0.0478801 104.881 0.678147 
v -0.129854 105.124 0.648382 
v 0.0552923 105.117 0.683966 
v 0.0552923 105.117 0.683966 
v 0.0552923 105.117 0.683966 
v 0.0513297 104.883 0.605994 
v 0.0513297 104.883 0.605994 
v -0.121045 104.653 0.568472 
v -0.113633 104.889 0.574291 
v 0.0439175 104.647 0.600175 
v 0.0513297 104.883 0.605994 
v -0.128457 104.416 0.562653 
v 0.0365053 104.411 0.594357 
v -0.13587 104.18 0.556835 
v 0.0290931 104.174 0.588538 
v -0.143282 103.944 0.551016 
v 0.0216809 103.938 0.582719 
v 0.0182313 103.937 0.654873 
v 0.0216809 103.938 0.582719 
v 0.213355 104.167 0.642655 
v 0.205942 103.931 0.636836 
v 0.220767 104.403 0.648473 
v 0.228179 104.639 0.654292 
v 0.235591 104.875 0.660111 
v 0.243003 105.111 0.665929 
v 0.243003 105.111 0.665929 
v 0.243003 105.111 0.665929 
v 0.218579 104.878 0.589927 
v 0.218579 104.878 0.589927 
v 0.211167 104.642 0.584108 
v 0.218579 104.878 0.589927 
v 0.203755 104.406 0.578289 
v 0.196343 104.17 0.572471 
v 0.188931 103.934 0.566652 
v 0.205942 103.931 0.636836 
v 0.188931 103.934 0.566652 
v 0.388423 104.164 0.57246 
v 0.38101 103.928 0.566642 
v 0.395835 104.4 0.578279 
v 0.403247 104.636 0.584098 
v 0.410659 104.872 0.589916 
v 0.418071 105.108 0.595735 
v 0.418071 105.108 0.595735 
v 0.418071 105.108 0.595735 
v 0.374561 104.874 0.527382 
v 0.374561 104.874 0.527382 
v 0.367149 104.638 0.521563 
v 0.374561 104.874 0.527382 
v 0.359737 104.402 0.515744 
v 0.352325 104.166 0.509926 
v 0.344913 103.93 0.504107 
v 0.38101 103.928 0.566642 
v 0.344913 103.93 0.504107 
v -0.369821 104.212 -0.408333 
v -0.377233 103.976 -0.414152 
v -0.429492 103.978 -0.46397 
v -0.42208 104.214 -0.458151 
v -0.456087 104.408 -0.409231 
v -0.401123 104.405 -0.354727 
v -0.524073 104.45 -0.298642 
v -0.459889 104.447 -0.265579 
v -0.456087 104.408 -0.409231 
v -0.401123 104.405 -0.354727 
v -0.539553 104.686 -0.252387 
v -0.475443 104.683 -0.219452 
v -0.524073 104.45 -0.298642 
v -0.459889 104.447 -0.265579 
v -0.567181 104.73 -0.119043 
v -0.491511 104.727 -0.108166 
v -0.539553 104.686 -0.252387 
v -0.475443 104.683 -0.219452 
v -0.553373 104.893 -0.120049 
v -0.482463 104.89 -0.106421 
v -0.567181 104.73 -0.119043 
v -0.491511 104.727 -0.108166 
v -0.255402 104.8 -0.560346 
v -0.217728 104.847 -0.496576 
v -0.401423 104.872 -0.441935 
v -0.347584 104.92 -0.390877 
v -0.509249 104.922 -0.287005 
v -0.445064 104.919 -0.253942 
v -0.553373 104.893 -0.120049 
v -0.482463 104.89 -0.106421 
v -0.550367 104.437 0.251262 
v -0.557779 104.201 0.245443 
v -0.751065 104.441 0.367262 
v -0.734217 104.258 0.401843 
v -0.542955 104.673 0.257081 
v -0.743653 104.677 0.37308 
v -0.535543 104.909 0.262899 
v -0.736241 104.913 0.378899 
v -0.441293 104.902 0.426174 
v -0.535543 104.909 0.262899 
v -0.641992 104.906 0.542173 
v -0.736241 104.913 0.378899 
v -0.448705 104.666 0.420355 
v -0.441293 104.902 0.426174 
v -0.649404 104.67 0.536355 
v -0.641992 104.906 0.542173 
v -0.456118 104.43 0.414537 
v -0.656816 104.434 0.530536 
v -0.46353 104.194 0.408718 
v -0.685054 104.254 0.487013 
v -0.557779 104.201 0.245443 
v -0.46353 104.194 0.408718 
v -0.734217 104.258 0.401843 
v -0.685054 104.254 0.487013 
v -0.751065 104.441 0.367262 
v -0.656816 104.434 0.530536 
v -0.927204 104.507 0.523896 
v -0.878041 104.503 0.609066 
v -0.944351 104.68 0.48908 
v -0.927204 104.507 0.523896 
v -0.929646 105.149 0.500624 
v -0.641992 104.906 0.542173 
v -0.736241 104.913 0.378899 
v -0.835396 105.142 0.663898 
v -0.929646 105.149 0.500624 
v -0.850102 104.673 0.652354 
v -0.835396 105.142 0.663898 
v -0.878041 104.503 0.609066 
v -0.944351 104.68 0.48908 
v -0.850102 104.673 0.652354 
v -1.251 104.853 0.725634 
v -1.20184 104.85 0.810803 
v -1.31491 105.225 0.726277 
v -1.251 104.853 0.725634 
v -0.835396 105.142 0.663898 
v -0.929646 105.149 0.500624 
v -1.22066 105.218 0.889551 
v -1.31491 105.225 0.726277 
v -1.20184 104.85 0.810803 
v -1.22066 105.218 0.889551 
v -0.392431 105.159 -0.434876 
v -0.258089 105.261 -0.307392 
v -0.208276 105.598 -0.502496 
v -0.156212 105.784 -0.41794 
v -0.217728 104.847 -0.496576 
v -0.156212 105.784 -0.41794 
v -0.347584 104.92 -0.390877 
v -0.258089 105.261 -0.307392 
v -0.258089 105.261 -0.307392 
v -0.258089 105.261 -0.307392 
v -0.501836 105.158 -0.281186 
v -0.501836 105.158 -0.281186 
v -0.392431 105.159 -0.434876 
v -0.445064 104.919 -0.253942 
v -0.445064 104.919 -0.253942 
v -0.258089 105.261 -0.307392 
v -0.563542 105.156 -0.102925 
v -0.383953 105.261 -0.0659027 
v -0.383953 105.261 -0.0659027 
v -0.383953 105.261 -0.0659027 
v -0.383953 105.261 -0.0659027 
v -0.445064 104.919 -0.253942 
v -0.57255 105.151 0.0854637 
v -0.57255 105.151 0.0854637 
v -0.508069 104.913 0.0727369 
v -0.52813 105.146 0.268718 
v -0.356735 105.252 0.204082 
v -0.356735 105.252 0.204082 
v -0.356735 105.252 0.204082 
v -0.356735 105.252 0.204082 
v -0.356735 105.252 0.204082 
v -0.433881 105.139 0.431993 
v -0.433881 105.139 0.431993 
v -0.384516 104.902 0.38149 
v -0.356735 105.252 0.204082 
v -0.297438 105.131 0.56206 
v -0.189034 105.241 0.417326 
v -0.189034 105.241 0.417326 
v -0.189034 105.241 0.417326 
v -0.189034 105.241 0.417326 
v -0.129854 105.124 0.648382 
v -0.129854 105.124 0.648382 
v -0.113633 104.889 0.574291 
v 0.0552923 105.117 0.683966 
v 0.067381 105.231 0.505945 
v 0.067381 105.231 0.505945 
v 0.067381 105.231 0.505945 
v 0.067381 105.231 0.505945 
v -0.113633 104.889 0.574291 
v -0.113633 104.889 0.574291 
v 0.0513297 104.883 0.605994 
v 0.243003 105.111 0.665929 
v 0.243003 105.111 0.665929 
v 0.218579 104.878 0.589927 
v 0.218579 104.878 0.589927 
v 0.418071 105.108 0.595735 
v 0.331359 105.224 0.442269 
v 0.331359 105.224 0.442269 
v 0.331359 105.224 0.442269 
v 0.331359 105.224 0.442269 
v 0.374561 104.874 0.527382 
v -0.177525 105.513 -0.113742 
v -0.258089 105.261 -0.307392 
v -0.501836 105.158 -0.281186 
v -0.177525 105.513 -0.113742 
v -0.445064 104.919 -0.253942 
v -0.258089 105.261 -0.307392 
v -0.177525 105.513 -0.113742 
v -0.501836 105.158 -0.281186 
v -0.383953 105.261 -0.0659027 
v -0.177525 105.513 -0.113742 
v -0.383953 105.261 -0.0659027 
v -0.445064 104.919 -0.253942 
v -0.212358 105.51 0.0637637 
v -0.383953 105.261 -0.0659027 
v -0.57255 105.151 0.0854637 
v -0.212358 105.51 0.0637637 
v -0.212358 105.51 0.0637637 
v -0.57255 105.151 0.0854637 
v -0.356735 105.252 0.204082 
v -0.144499 105.501 0.222309 
v -0.356735 105.252 0.204082 
v -0.433881 105.139 0.431993 
v -0.144499 105.501 0.222309 
v -0.144499 105.501 0.222309 
v -0.433881 105.139 0.431993 
v -0.189034 105.241 0.417326 
v -0.00268888 105.494 0.323242 
v -0.189034 105.241 0.417326 
v -0.129854 105.124 0.648382 
v -0.00268888 105.494 0.323242 
v -0.113633 104.889 0.574291 
v -0.189034 105.241 0.417326 
v -0.00268888 105.494 0.323242 
v -0.129854 105.124 0.648382 
v 0.067381 105.231 0.505945 
v -0.00268888 105.494 0.323242 
v 0.067381 105.231 0.505945 
v -0.113633 104.889 0.574291 
v 0.172077 105.488 0.331118 
v 0.243003 105.111 0.665929 
v 0.172077 105.488 0.331118 
v 0.172077 105.488 0.331118 
v 0.243003 105.111 0.665929 
v 0.331359 105.224 0.442269 
v -0.244188 105.157 -0.551543 
v -0.0691223 105.153 -0.621742 
v -0.255402 104.8 -0.560346 
v -0.0781136 104.867 -0.6288 
v -0.0691223 105.153 -0.621742 
v -0.208276 105.598 -0.502496 
v -0.217728 104.847 -0.496576 
v -0.0595202 104.915 -0.557372 
v -0.0987711 104.209 -0.645016 
v 0.08894 104.203 -0.663053 
v -0.106183 103.973 -0.650835 
v 0.0815278 103.967 -0.668872 
v -0.0344446 104.401 -0.652932 
v 0.0963522 104.439 -0.657234 
v 0.118589 105.148 -0.639778 
v 0.111177 104.912 -0.645597 
v 0.118589 105.148 -0.639778 
v 0.118589 105.148 -0.639778 
v -0.0691223 105.153 -0.621742 
v -0.0691223 105.153 -0.621742 
v 0.107727 104.91 -0.573443 
v -0.0817567 104.207 -0.574828 
v 0.0854907 104.202 -0.590899 
v -0.014725 104.399 -0.578057 
v 0.0929029 104.438 -0.585081 
v -0.089169 103.971 -0.580647 
v 0.0780785 103.966 -0.596718 
v -0.106183 103.973 -0.650835 
v 0.0815278 103.967 -0.668872 
v -0.089169 103.971 -0.580647 
v 0.0780785 103.966 -0.596718 
v 0.274089 104.197 -0.627468 
v 0.266677 103.961 -0.633286 
v 0.281501 104.433 -0.621649 
v 0.150207 104.674 -0.651054 
v 0.280637 104.715 -0.609063 
v 0.303738 105.141 -0.604193 
v 0.277064 104.878 -0.600024 
v 0.303738 105.141 -0.604193 
v 0.303738 105.141 -0.604193 
v 0.25343 104.877 -0.531751 
v 0.257867 104.432 -0.553376 
v 0.146684 104.672 -0.579028 
v 0.252244 104.714 -0.538039 
v 0.250454 104.196 -0.559194 
v 0.243042 103.96 -0.565013 
v 0.266677 103.961 -0.633286 
v 0.243042 103.96 -0.565013 
v 0.274089 104.197 -0.627468 
v 0.441669 104.189 -0.541143 
v 0.266677 103.961 -0.633286 
v 0.434257 103.953 -0.546962 
v 0.281501 104.433 -0.621649 
v 0.449081 104.425 -0.535324 
v 0.280637 104.715 -0.609063 
v 0.456493 104.661 -0.529506 
v 0.277064 104.878 -0.600024 
v 0.463905 104.897 -0.523687 
v 0.471318 105.133 -0.517868 
v 0.471318 105.133 -0.517868 
v 0.422007 104.897 -0.464827 
v 0.252244 104.714 -0.538039 
v 0.414595 104.661 -0.470645 
v 0.25343 104.877 -0.531751 
v 0.422007 104.897 -0.464827 
v 0.257867 104.432 -0.553376 
v 0.407183 104.425 -0.476464 
v 0.250454 104.196 -0.559194 
v 0.399771 104.189 -0.482283 
v 0.243042 103.96 -0.565013 
v 0.392358 103.953 -0.488101 
v 0.434257 103.953 -0.546962 
v 0.392358 103.953 -0.488101 
v 0.578112 104.182 -0.411076 
v 0.5707 103.946 -0.416895 
v 0.585524 104.418 -0.405257 
v 0.592936 104.654 -0.399439 
v 0.600349 104.89 -0.39362 
v 0.607761 105.126 -0.387801 
v 0.607761 105.126 -0.387801 
v 0.543575 104.891 -0.348938 
v 0.536163 104.655 -0.354757 
v 0.543575 104.891 -0.348938 
v 0.528751 104.419 -0.360576 
v 0.521339 104.183 -0.366394 
v 0.513927 103.947 -0.372213 
v 0.5707 103.946 -0.416895 
v 0.513927 103.947 -0.372213 
v 0.672361 104.175 -0.247801 
v 0.664949 103.939 -0.25362 
v 0.786227 104.414 -0.521259 
v 0.880476 104.407 -0.357985 
v 0.803075 104.231 -0.486677 
v 0.852238 104.228 -0.401508 
v 0.994337 104.647 -0.63144 
v 1.08859 104.64 -0.468165 
v 1.01148 104.474 -0.596623 
v 1.06065 104.47 -0.511453 
v 1.39868 105.178 -0.842118 
v 1.49293 105.171 -0.678843 
v 1.35669 104.809 -0.781553 
v 1.40585 104.805 -0.696381 
v 0.70201 105.119 -0.224527 
v 0.694598 104.883 -0.230345 
v 0.70201 105.119 -0.224527 
v 0.627551 104.884 -0.203462 
v 0.620138 104.648 -0.209281 
v 0.627551 104.884 -0.203462 
v 0.612726 104.412 -0.2151 
v 0.605314 104.176 -0.220918 
v 0.597902 103.94 -0.226737 
v 0.664949 103.939 -0.25362 
v 0.597902 103.94 -0.226737 
v 0.716781 104.169 -0.064547 
v 0.709369 103.933 -0.0703657 
v 0.679774 104.411 -0.241983 
v 0.724194 104.405 -0.0587284 
v 0.687186 104.647 -0.236164 
v 0.731606 104.641 -0.0529097 
v 0.739018 104.877 -0.047091 
v 0.74643 105.113 -0.0412724 
v 0.74643 105.113 -0.0412724 
v 0.667129 104.879 -0.0401854 
v 0.659717 104.643 -0.0460041 
v 0.667129 104.879 -0.0401854 
v 0.652305 104.407 -0.0518228 
v 0.644892 104.171 -0.0576414 
v 0.63748 103.935 -0.0634601 
v 0.709369 103.933 -0.0703657 
v 0.63748 103.935 -0.0634601 
v 0.707777 104.165 0.123839 
v 0.700364 103.929 0.11802 
v 0.715189 104.401 0.129658 
v 0.722601 104.637 0.135476 
v 0.730013 104.873 0.141295 
v 0.737425 105.109 0.147114 
v 0.737425 105.109 0.147114 
v 0.659101 104.875 0.127667 
v 0.651689 104.639 0.121849 
v 0.659101 104.875 0.127667 
v 0.644277 104.403 0.11603 
v 0.636865 104.167 0.110211 
v 0.629452 103.931 0.104393 
v 0.700364 103.929 0.11802 
v 0.629452 103.931 0.104393 
v 0.707777 104.165 0.123839 
v 0.646068 104.162 0.302099 
v 0.700364 103.929 0.11802 
v 0.638656 103.926 0.296281 
v 0.715189 104.401 0.129658 
v 0.653481 104.398 0.307918 
v 0.722601 104.637 0.135476 
v 0.660893 104.634 0.313737 
v 0.730013 104.873 0.141295 
v 0.668305 104.87 0.319555 
v 0.737425 105.109 0.147114 
v 0.675717 105.106 0.325374 
v 0.675717 105.106 0.325374 
v 0.675717 105.106 0.325374 
v 0.60412 104.873 0.286493 
v 0.651689 104.639 0.121849 
v 0.596708 104.637 0.280675 
v 0.659101 104.875 0.127667 
v 0.60412 104.873 0.286493 
v 0.644277 104.403 0.11603 
v 0.589296 104.401 0.274856 
v 0.636865 104.167 0.110211 
v 0.581884 104.165 0.269037 
v 0.629452 103.931 0.104393 
v 0.574472 103.929 0.263219 
v 0.638656 103.926 0.296281 
v 0.574472 103.929 0.263219 
v 0.536663 104.162 0.45579 
v 0.529251 103.926 0.449971 
v 0.544075 104.398 0.461608 
v 0.551487 104.634 0.467427 
v 0.558899 104.87 0.473246 
v 0.566311 105.106 0.479064 
v 0.566311 105.106 0.479064 
v 0.566311 105.106 0.479064 
v 0.506643 104.873 0.423432 
v 0.499231 104.637 0.417614 
v 0.506643 104.873 0.423432 
v 0.491819 104.401 0.411795 
v 0.484407 104.165 0.405976 
v 0.476994 103.929 0.400158 
v 0.529251 103.926 0.449971 
v 0.476994 103.929 0.400158 
v 0.388423 104.164 0.57246 
v 0.38101 103.928 0.566642 
v 0.395835 104.4 0.578279 
v 0.403247 104.636 0.584098 
v 0.410659 104.872 0.589916 
v 0.418071 105.108 0.595735 
v 0.418071 105.108 0.595735 
v 0.418071 105.108 0.595735 
v 0.374561 104.874 0.527382 
v 0.367149 104.638 0.521563 
v 0.374561 104.874 0.527382 
v 0.359737 104.402 0.515744 
v 0.352325 104.166 0.509926 
v 0.344913 103.93 0.504107 
v 0.38101 103.928 0.566642 
v 0.344913 103.93 0.504107 
v -0.106183 103.973 -0.650835 
v -0.089169 103.971 -0.580647 
v -0.0817567 104.207 -0.574828 
v -0.0987711 104.209 -0.645016 
v -0.0344446 104.401 -0.652932 
v -0.014725 104.399 -0.578057 
v 0.0963522 104.439 -0.657234 
v -0.0344446 104.401 -0.652932 
v 0.0929029 104.438 -0.585081 
v -0.014725 104.399 -0.578057 
v 0.150207 104.674 -0.651054 
v 0.0963522 104.439 -0.657234 
v 0.146684 104.672 -0.579028 
v 0.0929029 104.438 -0.585081 
v 0.280637 104.715 -0.609063 
v 0.150207 104.674 -0.651054 
v 0.252244 104.714 -0.538039 
v 0.146684 104.672 -0.579028 
v 0.277064 104.878 -0.600024 
v 0.280637 104.715 -0.609063 
v 0.25343 104.877 -0.531751 
v 0.252244 104.714 -0.538039 
v -0.255402 104.8 -0.560346 
v -0.0781136 104.867 -0.6288 
v -0.217728 104.847 -0.496576 
v -0.0595202 104.915 -0.557372 
v 0.111177 104.912 -0.645597 
v 0.107727 104.91 -0.573443 
v 0.277064 104.878 -0.600024 
v 0.25343 104.877 -0.531751 
v 0.585524 104.418 -0.405257 
v 0.786227 104.414 -0.521259 
v 0.578112 104.182 -0.411076 
v 0.803075 104.231 -0.486677 
v 0.592936 104.654 -0.399439 
v 0.793639 104.651 -0.51544 
v 0.600349 104.89 -0.39362 
v 0.801051 104.887 -0.509622 
v 0.694598 104.883 -0.230345 
v 0.895301 104.88 -0.346347 
v 0.600349 104.89 -0.39362 
v 0.801051 104.887 -0.509622 
v 0.687186 104.647 -0.236164 
v 0.887889 104.644 -0.352166 
v 0.694598 104.883 -0.230345 
v 0.895301 104.88 -0.346347 
v 0.679774 104.411 -0.241983 
v 0.880476 104.407 -0.357985 
v 0.672361 104.175 -0.247801 
v 0.852238 104.228 -0.401508 
v 0.578112 104.182 -0.411076 
v 0.803075 104.231 -0.486677 
v 0.672361 104.175 -0.247801 
v 0.852238 104.228 -0.401508 
v 0.786227 104.414 -0.521259 
v 1.01148 104.474 -0.596623 
v 0.880476 104.407 -0.357985 
v 1.06065 104.47 -0.511453 
v 0.994337 104.647 -0.63144 
v 1.01148 104.474 -0.596623 
v 1.00904 105.115 -0.619896 
v 0.895301 104.88 -0.346347 
v 1.10329 105.108 -0.456621 
v 0.801051 104.887 -0.509622 
v 1.00904 105.115 -0.619896 
v 1.08859 104.64 -0.468165 
v 1.10329 105.108 -0.456621 
v 1.06065 104.47 -0.511453 
v 0.994337 104.647 -0.63144 
v 1.35669 104.809 -0.781553 
v 1.08859 104.64 -0.468165 
v 1.40585 104.805 -0.696381 
v 1.39868 105.178 -0.842118 
v 1.35669 104.809 -0.781553 
v 1.10329 105.108 -0.456621 
v 1.49293 105.171 -0.678843 
v 1.00904 105.115 -0.619896 
v 1.39868 105.178 -0.842118 
v 1.40585 104.805 -0.696381 
v 1.49293 105.171 -0.678843 
v -0.0691223 105.153 -0.621742 
v -0.208276 105.598 -0.502496 
v -0.0230612 105.257 -0.443233 
v -0.156212 105.784 -0.41794 
v -0.217728 104.847 -0.496576 
v -0.0595202 104.915 -0.557372 
v -0.156212 105.784 -0.41794 
v -0.0230612 105.257 -0.443233 
v -0.0691223 105.153 -0.621742 
v -0.0230612 105.257 -0.443233 
v 0.118589 105.148 -0.639778 
v 0.118589 105.148 -0.639778 
v -0.0230608 105.257 -0.443233 
v 0.107727 104.91 -0.573443 
v -0.0230608 105.257 -0.443233 
v 0.107727 104.91 -0.573443 
v 0.303738 105.141 -0.604193 
v 0.248915 105.25 -0.431686 
v 0.248915 105.25 -0.431686 
v 0.25343 104.877 -0.531751 
v 0.248915 105.25 -0.431686 
v 0.107727 104.91 -0.573443 
v 0.107727 104.91 -0.573443 
v 0.248915 105.25 -0.431686 
v 0.471318 105.133 -0.517868 
v 0.471318 105.133 -0.517868 
v 0.422007 104.897 -0.464827 
v 0.422007 104.897 -0.464827 
v 0.607761 105.126 -0.387801 
v 0.468997 105.237 -0.273173 
v 0.468997 105.237 -0.273173 
v 0.543575 104.891 -0.348938 
v 0.468997 105.237 -0.273173 
v 0.468997 105.237 -0.273173 
v 0.70201 105.119 -0.224527 
v 0.70201 105.119 -0.224527 
v 0.468997 105.237 -0.273173 
v 0.627551 104.884 -0.203462 
v 0.468997 105.237 -0.273173 
v 0.627551 104.884 -0.203462 
v 0.74643 105.113 -0.0412724 
v 0.569802 105.228 -0.0212646 
v 0.569802 105.228 -0.0212646 
v 0.667129 104.879 -0.0401854 
v 0.569802 105.228 -0.0212646 
v 0.569802 105.228 -0.0212646 
v 0.737425 105.109 0.147114 
v 0.737425 105.109 0.147114 
v 0.659101 104.875 0.127667 
v 0.659101 104.875 0.127667 
v 0.675717 105.106 0.325374 
v 0.518396 105.223 0.245268 
v 0.518396 105.223 0.245268 
v 0.60412 104.873 0.286493 
v 0.518396 105.223 0.245268 
v 0.659101 104.875 0.127667 
v 0.659101 104.875 0.127667 
v 0.518396 105.223 0.245268 
v 0.566311 105.106 0.479064 
v 0.566311 105.106 0.479064 
v 0.506643 104.873 0.423432 
v 0.506643 104.873 0.423432 
v 0.418071 105.108 0.595735 
v 0.331359 105.224 0.442269 
v 0.331359 105.224 0.442269 
v 0.374561 104.874 0.527382 
v 0.331359 105.224 0.442269 
v 0.331359 105.224 0.442269 
v 0.118589 105.148 -0.639778 
v -0.0230608 105.257 -0.443233 
v 0.110975 105.508 -0.280489 
v -0.0230608 105.257 -0.443233 
v 0.107727 104.91 -0.573443 
v 0.110975 105.508 -0.280489 
v 0.248915 105.25 -0.431686 
v 0.118589 105.148 -0.639778 
v 0.110975 105.508 -0.280489 
v 0.107727 104.91 -0.573443 
v 0.248915 105.25 -0.431686 
v 0.110975 105.508 -0.280489 
v 0.471318 105.133 -0.517868 
v 0.282055 105.501 -0.221996 
v 0.282055 105.501 -0.221996 
v 0.468997 105.237 -0.273173 
v 0.70201 105.119 -0.224527 
v 0.468997 105.237 -0.273173 
v 0.385327 105.492 -0.0839188 
v 0.385327 105.492 -0.0839188 
v 0.569802 105.228 -0.0212646 
v 0.70201 105.119 -0.224527 
v 0.385327 105.492 -0.0839188 
v 0.737425 105.109 0.147114 
v 0.569802 105.228 -0.0212646 
v 0.401845 105.487 0.0894305 
v 0.569802 105.228 -0.0212646 
v 0.659101 104.875 0.127667 
v 0.401845 105.487 0.0894305 
v 0.518396 105.223 0.245268 
v 0.737425 105.109 0.147114 
v 0.401845 105.487 0.0894305 
v 0.659101 104.875 0.127667 
v 0.518396 105.223 0.245268 
v 0.401845 105.487 0.0894305 
v 0.566311 105.106 0.479064 
v 0.518396 105.223 0.245268 
v 0.321338 105.486 0.244849 
v 0.321338 105.486 0.244849 
v 0.331359 105.224 0.442269 
v 0.566311 105.106 0.479064 
v 0.321338 105.486 0.244849 

vn -0.614173 0.0866142 -0.779528 
vn -0.614173 0.0393701 -0.787402 
vn -0.614173 0.0393701 -0.787402 
vn -0.700787 0.0393701 -0.708661 
vn -1 -1 -1 
vn -0.614173 0.133858 -0.779528 
vn -1 -1 -1 
vn 0.590551 -0.102362 0.80315 
vn -1 -1 -1 
vn 0.590551 -0.102362 0.80315 
vn -0.818898 0.0314961 -0.574803 
vn -0.811024 0.0393701 -0.582677 
vn -0.889764 0.0393701 -0.456693 
vn -0.811024 0.0393701 -0.582677 
vn -0.858268 -0.015748 -0.519685 
vn -0.92126 0.0314961 -0.385827 
vn -0.811024 0.0393701 -0.582677 
vn -0.897638 0.023622 -0.440945 
vn -1 -1 -1 
vn -1 -1 -1 
vn -0.811024 0.0393701 -0.582677 
vn -0.614173 0.0393701 -0.787402 
vn -1 -1 -1 
vn 0.88189 -0.307087 0.362205 
vn 0.811024 -0.0314961 0.582677 
vn 0.818898 -0.0393701 0.566929 
vn 0.889764 -0.0393701 0.456693 
vn 0.913386 -0.023622 0.393701 
vn 0.811024 -0.0393701 0.582677 
vn 0.811024 -0.0393701 0.582677 
vn -0.811024 0.0393701 -0.582677 
vn 0.811024 -0.0393701 0.582677 
vn -0.811024 0.0393701 -0.582677 
vn 0.811024 -0.0393701 0.582677 
vn -0.984252 0.0393701 -0.188976 
vn -0.944882 0.0393701 -0.322835 
vn -0.984252 0.0472441 -0.188976 
vn -0.984252 -0.023622 -0.19685 
vn -0.984252 0.0472441 -0.149606 
vn -0.952756 0.015748 -0.299213 
vn -0.984252 0.023622 -0.165354 
vn -1 -1 -1 
vn -0.952756 0.015748 -0.299213 
vn 0.992126 -0.0472441 0.133858 
vn 0.944882 -0.267717 0.181102 
vn 0.976378 -0.0551181 0.220472 
vn 0.984252 -0.0472441 0.173228 
vn 0.992126 -0.0629921 0.125984 
vn 0.984252 -0.0393701 0.188976 
vn 0.944882 -0.0393701 0.322835 
vn -0.944882 0.0393701 -0.322835 
vn 0.944882 -0.0393701 0.322835 
vn -0.984252 0.0393701 -0.188976 
vn -0.944882 0.0393701 -0.322835 
vn -0.992126 0.0314961 0.0944882 
vn -1 0.0314961 -0.0472441 
vn -0.984252 0.0472441 -0.188976 
vn -0.992126 0.0314961 0.0944882 
vn -0.984252 0.0472441 -0.149606 
vn -1 0.0314961 0.0787402 
vn -0.984252 0.023622 -0.165354 
vn -1 0.0314961 0.0551181 
vn -0.952756 0.015748 -0.299213 
vn -1 -0.00787402 -0.0866142 
vn -1 -1 -1 
vn -1 -0.00787402 -0.0866142 
vn 1 -0.0314961 -0.0551181 
vn 0.952756 -0.299213 -0.023622 
vn 0.992126 -0.0629921 0.125984 
vn 1 -0.0314961 -0.0551181 
vn 0.984252 -0.0472441 0.173228 
vn 0.992126 -0.0393701 -0.0866142 
vn 0.984252 -0.0393701 0.188976 
vn 0.992126 -0.0314961 -0.0944882 
vn 0.944882 -0.0393701 0.322835 
vn 1 -0.0314961 0.0472441 
vn -1 0.0314961 -0.0472441 
vn 1 -0.0314961 0.0472441 
vn -0.944882 0.023622 0.330709 
vn -0.968504 0.023622 0.23622 
vn -0.968504 0.023622 0.23622 
vn -0.968504 0.023622 0.23622 
vn -0.944882 0.023622 0.330709 
vn -0.968504 0.023622 0.23622 
vn -1 -1 -1 
vn -0.968504 0.023622 0.23622 
vn 0.929134 -0.023622 -0.370079 
vn 0.874016 -0.314961 -0.362205 
vn 0.929134 -0.023622 -0.370079 
vn 0.929134 -0.023622 -0.370079 
vn 0.929134 -0.023622 -0.370079 
vn 0.968504 -0.023622 -0.23622 
vn -0.968504 0.023622 0.23622 
vn 0.968504 -0.023622 -0.23622 
vn -0.755906 0.00787402 0.653543 
vn -0.866142 0.015748 0.503937 
vn -0.866142 0.015748 0.503937 
vn -0.866142 0.015748 0.503937 
vn -0.866142 0.015748 0.503937 
vn -0.866142 0.015748 0.503937 
vn -0.866142 0.015748 0.503937 
vn -0.866142 0.015748 0.503937 
vn -0.866142 0.015748 0.503937 
vn -0.866142 0.015748 0.503937 
vn -0.858268 -0.149606 0.488189 
vn -0.858268 -0.149606 0.488189 
vn -0.858268 -0.149606 0.488189 
vn -0.858268 -0.149606 0.488189 
vn -0.866142 0.015748 0.503937 
vn -0.755906 0.00787402 0.653543 
vn -1 -1 -1 
vn -0.866142 0.015748 0.503937 
vn 0.787402 -0.00787402 -0.622047 
vn 0.740157 -0.307087 -0.598425 
vn 0.787402 -0.00787402 -0.622047 
vn 0.787402 -0.00787402 -0.622047 
vn 0.787402 -0.00787402 -0.622047 
vn 0.866142 -0.015748 -0.503937 
vn -0.866142 0.015748 0.503937 
vn 0.866142 -0.015748 -0.503937 
vn -0.582677 0 0.811024 
vn -0.692913 0 0.724409 
vn -0.692913 0 0.724409 
vn -0.582677 0 0.811024 
vn -0.692913 0 0.724409 
vn -0.582677 0 0.811024 
vn -0.582677 0 0.811024 
vn -0.692913 0 0.724409 
vn -1 -1 -1 
vn -0.692913 0 0.724409 
vn 0.582677 0 -0.811024 
vn 0.543307 -0.299213 -0.787402 
vn 0.582677 0 -0.811024 
vn 0.582677 0 -0.811024 
vn 0.582677 0 -0.811024 
vn 0.692913 0 -0.724409 
vn -0.692913 0 0.724409 
vn 0.692913 0 -0.724409 
vn -0.330709 -0.015748 0.944882 
vn -0.456693 -0.00787402 0.889764 
vn -0.330709 -0.015748 0.944882 
vn -0.330709 -0.015748 0.944882 
vn -0.330709 -0.015748 0.944882 
vn -0.456693 -0.00787402 0.889764 
vn -1 -1 -1 
vn -0.456693 -0.00787402 0.889764 
vn 0.330709 0.015748 -0.944882 
vn 0.299213 -0.283465 -0.905512 
vn 0.330709 0.015748 -0.944882 
vn 0.330709 0.015748 -0.944882 
vn 0.330709 0.015748 -0.944882 
vn 0.456693 0.00787402 -0.889764 
vn -0.456693 -0.00787402 0.889764 
vn 0.456693 0.00787402 -0.889764 
vn -0.330709 -0.015748 0.944882 
vn -0.456693 -0.00787402 0.889764 
vn -0.0472441 -0.023622 1 
vn -0.188976 -0.015748 0.984252 
vn -0.330709 -0.015748 0.944882 
vn -0.0472441 -0.023622 1 
vn -0.330709 -0.015748 0.944882 
vn -0.0472441 -0.023622 1 
vn -0.330709 -0.015748 0.944882 
vn -0.0472441 -0.023622 1 
vn -0.456693 -0.00787402 0.889764 
vn -0.188976 -0.015748 0.984252 
vn -1 -1 -1 
vn -0.188976 -0.015748 0.984252 
vn 0.0472441 0.023622 -1 
vn 0.0393701 -0.275591 -0.96063 
vn 0.330709 0.015748 -0.944882 
vn 0.330709 0.015748 -0.944882 
vn 0.0472441 0.023622 -1 
vn 0.0472441 0.023622 -1 
vn 0.330709 0.015748 -0.944882 
vn 0.0472441 0.023622 -1 
vn 0.330709 0.015748 -0.944882 
vn 0.0472441 0.023622 -1 
vn 0.456693 0.00787402 -0.889764 
vn 0.188976 0.015748 -0.984252 
vn -0.188976 -0.015748 0.984252 
vn 0.188976 0.015748 -0.984252 
vn 0.23622 -0.0314961 0.968504 
vn 0.0944882 -0.023622 0.992126 
vn 0.23622 -0.0314961 0.968504 
vn 0.23622 -0.0314961 0.968504 
vn 0.23622 -0.0314961 0.968504 
vn 0.0944882 -0.023622 0.992126 
vn -1 -1 -1 
vn 0.0944882 -0.023622 0.992126 
vn -0.23622 0.0314961 -0.968504 
vn -0.23622 -0.267717 -0.937008 
vn -0.23622 0.0314961 -0.968504 
vn -0.23622 0.0314961 -0.968504 
vn -0.23622 0.0314961 -0.968504 
vn -0.23622 0.0314961 -0.968504 
vn -0.0944882 0.023622 -0.992126 
vn 0.0944882 -0.023622 0.992126 
vn -0.0944882 0.023622 -0.992126 
vn 0.370079 -0.0314961 0.929134 
vn 0.370079 -0.0314961 0.929134 
vn 0.370079 -0.0314961 0.929134 
vn 0.370079 -0.0314961 0.929134 
vn 0.370079 -0.0314961 0.929134 
vn 0.370079 -0.0314961 0.929134 
vn -1 -1 -1 
vn 0.370079 -0.0314961 0.929134 
vn -0.370079 0.0314961 -0.929134 
vn -0.362205 -0.259843 -0.889764 
vn -0.370079 0.0314961 -0.929134 
vn -0.370079 0.0314961 -0.929134 
vn -0.370079 0.0314961 -0.929134 
vn -0.370079 0.0314961 -0.929134 
vn -0.370079 0.0314961 -0.929134 
vn 0.370079 -0.0314961 0.929134 
vn -0.370079 0.0314961 -0.929134 
vn 0.811024 -0.0314961 0.582677 
vn 0.811024 -0.0393701 0.582677 
vn -0.811024 0.0393701 -0.582677 
vn -0.818898 0.0314961 -0.574803 
vn -0.858268 -0.015748 -0.519685 
vn 0.818898 -0.0393701 0.566929 
vn -0.92126 0.0314961 -0.385827 
vn 0.913386 -0.023622 0.393701 
vn -0.858268 -0.015748 -0.519685 
vn 0.818898 -0.0393701 0.566929 
vn -0.984252 -0.023622 -0.19685 
vn 0.976378 -0.0551181 0.220472 
vn -0.92126 0.0314961 -0.385827 
vn 0.913386 -0.023622 0.393701 
vn -0.984252 0.0472441 -0.149606 
vn 0.992126 -0.0629921 0.125984 
vn -0.984252 -0.023622 -0.19685 
vn 0.976378 -0.0551181 0.220472 
vn -0.984252 0.023622 -0.165354 
vn 0.992126 -0.0472441 0.133858 
vn -0.984252 0.0472441 -0.149606 
vn 0.992126 -0.0629921 0.125984 
vn -0.614173 0.0393701 -0.787402 
vn -1 -1 -1 
vn -0.700787 0.0393701 -0.708661 
vn -1 -1 -1 
vn -0.897638 0.023622 -0.440945 
vn -1 -1 -1 
vn -0.984252 0.023622 -0.165354 
vn 0.992126 -0.0472441 0.133858 
vn -0.968504 0.023622 0.23622 
vn -0.944882 0.023622 0.330709 
vn -0.866142 0.015748 0.503937 
vn -0.866142 0.015748 0.503937 
vn -0.968504 0.023622 0.23622 
vn -0.496063 0.0393701 -0.866142 
vn -0.944882 0.023622 0.330709 
vn -0.496063 0.0393701 -0.866142 
vn -0.755906 0.00787402 0.653543 
vn -0.944882 0.023622 0.330709 
vn 0.0314961 1 0.023622 
vn -0.496063 0.0393701 -0.866142 
vn -0.692913 0 0.724409 
vn -0.755906 0.00787402 0.653543 
vn 0.472441 -0.0629921 0.88189 
vn 0.0314961 1 0.023622 
vn -0.692913 0 0.724409 
vn -0.866142 0.015748 0.503937 
vn -0.755906 0.00787402 0.653543 
vn -0.866142 0.015748 0.503937 
vn -0.944882 0.023622 0.330709 
vn -0.755906 0.00787402 0.653543 
vn -0.866142 0.015748 0.503937 
vn -0.866142 0.015748 0.503937 
vn -0.866142 0.015748 0.503937 
vn -0.866142 0.015748 0.503937 
vn -0.866142 0.015748 0.503937 
vn -0.866142 0.015748 0.503937 
vn -0.866142 0.015748 0.503937 
vn -0.866142 0.015748 0.503937 
vn -0.496063 0.0393701 -0.866142 
vn 0.0314961 1 0.023622 
vn -0.496063 0.0393701 -0.866142 
vn 0.637795 0.692913 -0.338583 
vn -0.496063 0.0393701 -0.866142 
vn -0.866142 0.015748 0.503937 
vn 0.637795 0.692913 -0.338583 
vn -0.866142 0.015748 0.503937 
vn -0.866142 0.015748 0.503937 
vn -0.866142 0.015748 0.503937 
vn -0.858268 -0.149606 0.488189 
vn -0.858268 -0.149606 0.488189 
vn -0.858268 -0.149606 0.488189 
vn -0.858268 -0.149606 0.488189 
vn 0.637795 0.692913 -0.338583 
vn -0.496063 0.0393701 -0.866142 
vn -0.858268 -0.149606 0.488189 
vn -0.858268 -0.149606 0.488189 
vn -0.858268 -0.149606 0.488189 
vn -0.858268 -0.149606 0.488189 
vn -1 -1 -1 
vn -0.811024 0.377953 0.440945 
vn -0.614173 0.133858 -0.779528 
vn -0.968504 0.212598 0.125984 
vn 0.590551 -0.102362 0.80315 
vn -0.968504 0.212598 0.125984 
vn 0.590551 -0.102362 0.80315 
vn -0.811024 0.377953 0.440945 
vn -0.354331 0.685039 -0.637795 
vn -0.811024 0.377953 0.440945 
vn -0.346457 0.637795 -0.685039 
vn -1 -1 -1 
vn -1 -1 -1 
vn 0.874016 -0.440945 0.212598 
vn 0.88189 -0.307087 0.362205 
vn -0.354331 0.685039 -0.637795 
vn -1 -1 -1 
vn -0.472441 0.866142 -0.149606 
vn -1 -1 -1 
vn -1 -1 -1 
vn -0.472441 0.866142 -0.149606 
vn 0.874016 -0.440945 0.212598 
vn -0.669291 0.645669 -0.362205 
vn -1 -1 -1 
vn 0.850394 -0.425197 -0.307087 
vn -1 -1 -1 
vn 0.566929 -0.700787 -0.433071 
vn 0.543307 -0.76378 -0.346457 
vn 0.543307 -0.76378 -0.346457 
vn 0.566929 -0.700787 -0.433071 
vn 0.425197 -0.858268 -0.283465 
vn -0.76378 0.645669 0.0629921 
vn -1 -1 -1 
vn 0.551181 -0.409449 -0.724409 
vn 0.425197 -0.858268 -0.283465 
vn -1 -1 -1 
vn -0.330709 0.850394 0.401575 
vn -1 -1 -1 
vn -1 -1 -1 
vn -0.330709 0.850394 0.401575 
vn -0.614173 0.629921 0.480315 
vn -1 -1 -1 
vn 0.0708661 -0.393701 -0.913386 
vn -1 -1 -1 
vn -0.0708661 0.84252 0.535433 
vn -1 -1 -1 
vn -1 -1 -1 
vn -0.0708661 0.84252 0.535433 
vn 0.0708661 -0.393701 -0.913386 
vn 0.299213 -0.283465 -0.905512 
vn 0.0393701 -0.275591 -0.96063 
vn -0.259843 0.614173 0.748031 
vn -1 -1 -1 
vn -0.433071 -0.377953 -0.818898 
vn -0.23622 -0.267717 -0.937008 
vn -1 -1 -1 
vn 0.220472 0.834646 0.503937 
vn -1 -1 -1 
vn -1 -1 -1 
vn 0.220472 0.834646 0.503937 
vn -0.362205 -0.259843 -0.889764 
vn -0.346457 0.637795 -0.685039 
vn -0.354331 0.685039 -0.637795 
vn -0.346457 0.637795 -0.685039 
vn -0.346457 0.637795 -0.685039 
vn 0.874016 -0.440945 0.212598 
vn -0.354331 0.685039 -0.637795 
vn -0.346457 0.637795 -0.685039 
vn -0.346457 0.637795 -0.685039 
vn -1 -1 -1 
vn -0.346457 0.637795 -0.685039 
vn -1 -1 -1 
vn 0.874016 -0.440945 0.212598 
vn -0.669291 0.645669 -0.362205 
vn -1 -1 -1 
vn -0.669291 0.645669 -0.362205 
vn -0.669291 0.645669 -0.362205 
vn -0.669291 0.645669 -0.362205 
vn -0.669291 0.645669 -0.362205 
vn 0.543307 -0.76378 -0.346457 
vn -0.76378 0.645669 0.0629921 
vn 0.425197 -0.858268 -0.283465 
vn -0.76378 0.645669 0.0629921 
vn -0.76378 0.645669 0.0629921 
vn -0.76378 0.645669 0.0629921 
vn -0.76378 0.645669 0.0629921 
vn -1 -1 -1 
vn -0.614173 0.629921 0.480315 
vn -1 -1 -1 
vn -0.614173 0.629921 0.480315 
vn -0.614173 0.629921 0.480315 
vn 0.0708661 -0.393701 -0.913386 
vn -1 -1 -1 
vn -0.614173 0.629921 0.480315 
vn -0.614173 0.629921 0.480315 
vn -1 -1 -1 
vn -0.614173 0.629921 0.480315 
vn -1 -1 -1 
vn 0.0708661 -0.393701 -0.913386 
vn -0.259843 0.614173 0.748031 
vn -0.259843 0.614173 0.748031 
vn -0.259843 0.614173 0.748031 
vn -0.259843 0.614173 0.748031 
vn -0.259843 0.614173 0.748031 
vn -1 -1 -1 
vn -0.370079 0.0866142 -0.929134 
vn -0.370079 0.0314961 -0.929134 
vn -0.370079 0.0314961 -0.929134 
vn -0.259843 0.0314961 -0.96063 
vn -1 -1 -1 
vn -0.370079 0.133858 -0.92126 
vn -1 -1 -1 
vn -1 -1 -1 
vn -0.0866142 0.015748 -1 
vn 0.0472441 0.023622 -1 
vn -0.0944882 0.023622 -0.992126 
vn -0.0944882 0.023622 -0.992126 
vn -0.023622 -0.0314961 -1 
vn 0.125984 0.015748 -0.992126 
vn 0.0472441 0.023622 -1 
vn 0.0629921 0.00787402 -1 
vn -1 -1 -1 
vn 0.0472441 0.023622 -1 
vn -1 -1 -1 
vn -0.370079 0.0314961 -0.929134 
vn -1 -1 -1 
vn 0.0944882 -0.023622 0.992126 
vn -0.0472441 -0.023622 1 
vn 0.0787402 -0.023622 1 
vn -0.110236 -0.00787402 0.992126 
vn 0.0944882 -0.023622 0.992126 
vn 0.0944882 -0.023622 0.992126 
vn -0.0944882 0.023622 -0.992126 
vn -0.0944882 0.023622 -0.992126 
vn 0.0944882 -0.023622 0.992126 
vn 0.0944882 -0.023622 0.992126 
vn 0.330709 0.015748 -0.944882 
vn 0.188976 0.015748 -0.984252 
vn 0.322835 0.023622 -0.944882 
vn 0.322835 -0.0472441 -0.944882 
vn 0.362205 0.023622 -0.929134 
vn 0.346457 -0.0314961 -0.937008 
vn 0.346457 0 -0.937008 
vn -1 -1 -1 
vn 0.346457 -0.0314961 -0.937008 
vn -1 -1 -1 
vn -0.338583 -0.023622 0.937008 
vn -0.291339 -0.0314961 0.952756 
vn -0.385827 -0.0393701 0.92126 
vn -0.330709 -0.015748 0.944882 
vn -0.188976 -0.015748 0.984252 
vn 0.188976 0.015748 -0.984252 
vn -0.188976 -0.015748 0.984252 
vn 0.330709 0.015748 -0.944882 
vn 0.582677 0 -0.811024 
vn 0.188976 0.015748 -0.984252 
vn 0.456693 0.00787402 -0.889764 
vn 0.322835 0.023622 -0.944882 
vn 0.582677 0 -0.811024 
vn 0.362205 0.023622 -0.929134 
vn 0.566929 0.00787402 -0.826772 
vn 0.346457 0 -0.937008 
vn 0.543307 0.00787402 -0.834646 
vn 0.566929 -0.015748 -0.826772 
vn -1 -1 -1 
vn -1 -1 -1 
vn -0.385827 -0.0393701 0.92126 
vn -0.543307 -0.00787402 0.834646 
vn -1 -1 -1 
vn -1 -1 -1 
vn -0.338583 -0.023622 0.937008 
vn -0.574803 -0.00787402 0.818898 
vn -0.330709 -0.015748 0.944882 
vn -0.582677 0 0.811024 
vn -0.188976 -0.015748 0.984252 
vn -0.456693 -0.00787402 0.889764 
vn 0.456693 0.00787402 -0.889764 
vn -0.456693 -0.00787402 0.889764 
vn 0.755906 -0.00787402 -0.653543 
vn 0.692913 0 -0.724409 
vn 0.692913 0 -0.724409 
vn 0.692913 0 -0.724409 
vn 0.755906 -0.00787402 -0.653543 
vn 0.787402 -0.00787402 -0.622047 
vn -1 -1 -1 
vn -1 -1 -1 
vn -0.787402 0.00787402 0.622047 
vn -1 -1 -1 
vn -0.787402 0.00787402 0.622047 
vn -0.787402 0.00787402 0.622047 
vn -0.692913 0 0.724409 
vn 0.692913 0 -0.724409 
vn -0.692913 0 0.724409 
vn 0.944882 -0.023622 -0.330709 
vn 0.866142 -0.015748 -0.503937 
vn 0.866142 -0.015748 -0.503937 
vn 0.866142 -0.015748 -0.503937 
vn 0.866142 -0.015748 -0.503937 
vn 0.866142 -0.015748 -0.503937 
vn 0.866142 -0.015748 -0.503937 
vn 0.866142 -0.015748 -0.503937 
vn 0.866142 -0.015748 -0.503937 
vn 0.866142 -0.015748 -0.503937 
vn 0.850394 -0.181102 -0.496063 
vn 0.850394 -0.181102 -0.496063 
vn 0.850394 -0.181102 -0.496063 
vn 0.850394 -0.181102 -0.496063 
vn 0.929134 -0.023622 -0.370079 
vn 0.944882 -0.023622 -0.330709 
vn -1 -1 -1 
vn -1 -1 -1 
vn -0.929134 0.023622 0.370079 
vn -1 -1 -1 
vn -0.929134 0.023622 0.370079 
vn -0.929134 0.023622 0.370079 
vn -0.866142 0.015748 0.503937 
vn 0.866142 -0.015748 -0.503937 
vn -0.866142 0.015748 0.503937 
vn 0.992126 -0.0314961 -0.0944882 
vn 0.968504 -0.023622 -0.23622 
vn 0.968504 -0.023622 -0.23622 
vn 0.992126 -0.0314961 -0.0944882 
vn 0.968504 -0.023622 -0.23622 
vn 0.992126 -0.0314961 -0.0944882 
vn 0.992126 -0.0314961 -0.0944882 
vn 0.992126 -0.0314961 -0.0944882 
vn -1 -1 -1 
vn -1 -1 -1 
vn -0.992126 0.0314961 0.0944882 
vn -1 -1 -1 
vn -0.992126 0.0314961 0.0944882 
vn -0.992126 0.0314961 0.0944882 
vn -0.968504 0.023622 0.23622 
vn 0.968504 -0.023622 -0.23622 
vn -0.968504 0.023622 0.23622 
vn 0.984252 -0.0393701 0.188976 
vn 1 -0.0314961 0.0472441 
vn 0.984252 -0.0393701 0.188976 
vn 0.984252 -0.0393701 0.188976 
vn 0.984252 -0.0393701 0.188976 
vn 0.984252 -0.0393701 0.188976 
vn -1 -1 -1 
vn -1 -1 -1 
vn -0.984252 0.0393701 -0.188976 
vn -1 -1 -1 
vn -0.984252 0.0393701 -0.188976 
vn -0.984252 0.0393701 -0.188976 
vn -1 0.0314961 -0.0472441 
vn 1 -0.0314961 0.0472441 
vn -1 0.0314961 -0.0472441 
vn 0.984252 -0.0393701 0.188976 
vn 0.889764 -0.0393701 0.456693 
vn 1 -0.0314961 0.0472441 
vn 0.944882 -0.0393701 0.322835 
vn 0.984252 -0.0393701 0.188976 
vn 0.889764 -0.0393701 0.456693 
vn 0.984252 -0.0393701 0.188976 
vn 0.889764 -0.0393701 0.456693 
vn 0.984252 -0.0393701 0.188976 
vn 0.889764 -0.0393701 0.456693 
vn 0.984252 -0.0393701 0.188976 
vn 0.889764 -0.0393701 0.456693 
vn -1 -1 -1 
vn 0.889764 -0.0393701 0.456693 
vn -1 -1 -1 
vn -0.984252 0.0393701 -0.188976 
vn -0.889764 0.0393701 -0.456693 
vn -1 -1 -1 
vn -1 -1 -1 
vn -0.984252 0.0393701 -0.188976 
vn -0.889764 0.0393701 -0.456693 
vn -0.984252 0.0393701 -0.188976 
vn -0.889764 0.0393701 -0.456693 
vn -1 0.0314961 -0.0472441 
vn -0.944882 0.0393701 -0.322835 
vn 0.944882 -0.0393701 0.322835 
vn -0.944882 0.0393701 -0.322835 
vn 0.724409 -0.0393701 0.692913 
vn 0.811024 -0.0393701 0.582677 
vn 0.724409 -0.0393701 0.692913 
vn 0.724409 -0.0393701 0.692913 
vn 0.724409 -0.0393701 0.692913 
vn 0.724409 -0.0393701 0.692913 
vn -1 -1 -1 
vn 0.724409 -0.0393701 0.692913 
vn -1 -1 -1 
vn -0.724409 0.0393701 -0.692913 
vn -1 -1 -1 
vn -0.724409 0.0393701 -0.692913 
vn -0.724409 0.0393701 -0.692913 
vn -0.811024 0.0393701 -0.582677 
vn 0.811024 -0.0393701 0.582677 
vn -0.811024 0.0393701 -0.582677 
vn 0.614173 -0.0393701 0.787402 
vn 0.614173 -0.0393701 0.787402 
vn 0.614173 -0.0393701 0.787402 
vn 0.614173 -0.0393701 0.787402 
vn 0.614173 -0.0393701 0.787402 
vn 0.614173 -0.0393701 0.787402 
vn -1 -1 -1 
vn 0.614173 -0.0393701 0.787402 
vn -1 -1 -1 
vn -0.614173 0.0393701 -0.787402 
vn -1 -1 -1 
vn -0.614173 0.0393701 -0.787402 
vn -0.614173 0.0393701 -0.787402 
vn -0.614173 0.0393701 -0.787402 
vn 0.614173 -0.0393701 0.787402 
vn -0.614173 0.0393701 -0.787402 
vn -0.0944882 0.023622 -0.992126 
vn 0.0944882 -0.023622 0.992126 
vn 0.0944882 -0.023622 0.992126 
vn -0.0866142 0.015748 -1 
vn -0.023622 -0.0314961 -1 
vn 0.0787402 -0.023622 1 
vn 0.125984 0.015748 -0.992126 
vn -0.023622 -0.0314961 -1 
vn -0.110236 -0.00787402 0.992126 
vn 0.0787402 -0.023622 1 
vn 0.322835 -0.0472441 -0.944882 
vn 0.125984 0.015748 -0.992126 
vn -0.291339 -0.0314961 0.952756 
vn -0.110236 -0.00787402 0.992126 
vn 0.362205 0.023622 -0.929134 
vn 0.322835 -0.0472441 -0.944882 
vn -0.385827 -0.0393701 0.92126 
vn -0.291339 -0.0314961 0.952756 
vn 0.346457 0 -0.937008 
vn 0.362205 0.023622 -0.929134 
vn -1 -1 -1 
vn -0.385827 -0.0393701 0.92126 
vn -0.370079 0.0314961 -0.929134 
vn -0.259843 0.0314961 -0.96063 
vn -1 -1 -1 
vn -1 -1 -1 
vn 0.0629921 0.00787402 -1 
vn -1 -1 -1 
vn 0.346457 0 -0.937008 
vn -1 -1 -1 
vn 0.692913 0 -0.724409 
vn 0.866142 -0.015748 -0.503937 
vn 0.755906 -0.00787402 -0.653543 
vn 0.866142 -0.015748 -0.503937 
vn 0.692913 0 -0.724409 
vn -0.496063 0.0393701 -0.866142 
vn 0.755906 -0.00787402 -0.653543 
vn -0.496063 0.0393701 -0.866142 
vn 0.944882 -0.023622 -0.330709 
vn 0.0314961 1 0.023622 
vn 0.755906 -0.00787402 -0.653543 
vn -0.496063 0.0393701 -0.866142 
vn 0.968504 -0.023622 -0.23622 
vn 0.519685 -0.0629921 0.850394 
vn 0.944882 -0.023622 -0.330709 
vn 0.0314961 1 0.023622 
vn 0.968504 -0.023622 -0.23622 
vn 0.866142 -0.015748 -0.503937 
vn 0.944882 -0.023622 -0.330709 
vn 0.866142 -0.015748 -0.503937 
vn 0.755906 -0.00787402 -0.653543 
vn 0.866142 -0.015748 -0.503937 
vn 0.944882 -0.023622 -0.330709 
vn 0.866142 -0.015748 -0.503937 
vn 0.866142 -0.015748 -0.503937 
vn 0.866142 -0.015748 -0.503937 
vn 0.866142 -0.015748 -0.503937 
vn 0.866142 -0.015748 -0.503937 
vn 0.866142 -0.015748 -0.503937 
vn 0.866142 -0.015748 -0.503937 
vn -0.496063 0.0393701 -0.866142 
vn 0.0314961 1 0.023622 
vn -0.590551 0.716535 0.370079 
vn -0.496063 0.0393701 -0.866142 
vn -0.496063 0.0393701 -0.866142 
vn 0.866142 -0.015748 -0.503937 
vn -0.590551 0.716535 0.370079 
vn 0.866142 -0.015748 -0.503937 
vn 0.866142 -0.015748 -0.503937 
vn 0.850394 -0.181102 -0.496063 
vn 0.866142 -0.015748 -0.503937 
vn 0.850394 -0.181102 -0.496063 
vn 0.850394 -0.181102 -0.496063 
vn 0.850394 -0.181102 -0.496063 
vn -0.590551 0.716535 0.370079 
vn 0.850394 -0.181102 -0.496063 
vn -0.496063 0.0393701 -0.866142 
vn 0.850394 -0.181102 -0.496063 
vn 0.850394 -0.181102 -0.496063 
vn 0.850394 -0.181102 -0.496063 
vn -1 -1 -1 
vn -0.370079 0.133858 -0.92126 
vn 0.795276 0.346457 -0.488189 
vn 0.598425 0.188976 -0.779528 
vn -1 -1 -1 
vn -1 -1 -1 
vn 0.598425 0.188976 -0.779528 
vn 0.795276 0.346457 -0.488189 
vn -1 -1 -1 
vn 0.795276 0.346457 -0.488189 
vn -1 -1 -1 
vn -0.409449 0.637795 -0.653543 
vn -0.354331 0.685039 -0.637795 
vn -1 -1 -1 
vn -0.354331 0.685039 -0.637795 
vn -0.259843 -0.425197 0.866142 
vn -1 -1 -1 
vn 0.125984 0.858268 -0.503937 
vn -1 -1 -1 
vn -1 -1 -1 
vn 0.125984 0.858268 -0.503937 
vn -1 -1 -1 
vn -0.259843 -0.425197 0.866142 
vn -1 -1 -1 
vn -1 -1 -1 
vn 0.0314961 0.637795 -0.771654 
vn -1 -1 -1 
vn -0.700787 -0.401575 0.590551 
vn -1 -1 -1 
vn -0.677165 -0.677165 0.283465 
vn -0.590551 -0.740157 0.307087 
vn -1 -1 -1 
vn -0.677165 -0.677165 0.283465 
vn -0.590551 -0.740157 0.307087 
vn -1 -1 -1 
vn 0.448819 0.622047 -0.637795 
vn -0.480315 -0.84252 0.244094 
vn -1 -1 -1 
vn -0.480315 -0.84252 0.244094 
vn -0.913386 -0.385827 0.11811 
vn -1 -1 -1 
vn 0.535433 0.84252 -0.102362 
vn -1 -1 -1 
vn -1 -1 -1 
vn 0.535433 0.84252 -0.102362 
vn -1 -1 -1 
vn -1 -1 -1 
vn 0.732283 0.606299 -0.299213 
vn -1 -1 -1 
vn -0.84252 -0.377953 -0.393701 
vn -1 -1 -1 
vn 0.519685 0.834646 0.188976 
vn -1 -1 -1 
vn -1 -1 -1 
vn 0.519685 0.834646 0.188976 
vn -1 -1 -1 
vn -0.84252 -0.377953 -0.393701 
vn -1 -1 -1 
vn -1 -1 -1 
vn 0.795276 0.598425 0.133858 
vn -1 -1 -1 
vn -0.503937 -0.377953 -0.779528 
vn -1 -1 -1 
vn 0.346457 0.834646 0.433071 
vn -1 -1 -1 
vn -1 -1 -1 
vn 0.346457 0.834646 0.433071 
vn -1 -1 -1 
vn -0.409449 0.637795 -0.653543 
vn -0.354331 0.685039 -0.637795 
vn -0.409449 0.637795 -0.653543 
vn -0.354331 0.685039 -0.637795 
vn -0.259843 -0.425197 0.866142 
vn -0.409449 0.637795 -0.653543 
vn -1 -1 -1 
vn -0.409449 0.637795 -0.653543 
vn -0.409449 0.637795 -0.653543 
vn -0.259843 -0.425197 0.866142 
vn -1 -1 -1 
vn -0.409449 0.637795 -0.653543 
vn 0.0314961 0.637795 -0.771654 
vn 0.0314961 0.637795 -0.771654 
vn 0.0314961 0.637795 -0.771654 
vn -0.590551 -0.740157 0.307087 
vn 0.448819 0.622047 -0.637795 
vn -0.480315 -0.84252 0.244094 
vn 0.448819 0.622047 -0.637795 
vn 0.448819 0.622047 -0.637795 
vn -1 -1 -1 
vn 0.448819 0.622047 -0.637795 
vn 0.448819 0.622047 -0.637795 
vn 0.732283 0.606299 -0.299213 
vn -1 -1 -1 
vn 0.732283 0.606299 -0.299213 
vn -1 -1 -1 
vn -0.84252 -0.377953 -0.393701 
vn 0.732283 0.606299 -0.299213 
vn -1 -1 -1 
vn 0.732283 0.606299 -0.299213 
vn 0.732283 0.606299 -0.299213 
vn -0.84252 -0.377953 -0.393701 
vn -1 -1 -1 
vn 0.732283 0.606299 -0.299213 
vn 0.795276 0.598425 0.133858 
vn -1 -1 -1 
vn 0.795276 0.598425 0.133858 
vn 0.795276 0.598425 0.133858 
vn -1 -1 -1 
vn 0.795276 0.598425 0.133858 
vn 0.795276 0.598425 0.133858 

vt 0.0664683 0.714795 
vt 0.01 0.714795 
vt 0.0664683 0.7443 
vt 0.021192 0.7443 
vt 0.0664683 0.7443 
vt 0.136453 0.714795 
vt 0.148107 0.196623 
vt 0.148107 0.196623 
vt 0.159299 0.192844 
vt 0.159299 0.192844 
vt 0.0473247 0.823435 
vt 0.01 0.823435 
vt 0.0473247 0.85055 
vt 0.01 0.85055 
vt 0.0779377 0.832409 
vt 0.0846494 0.85055 
vt 0.0664683 0.771415 
vt 0.0291436 0.771415 
vt 0.977617 0.844355 
vt 0.99 0.844355 
vt 0.977617 0.844355 
vt 0.99 0.844355 
vt 0.159299 0.181811 
vt 0.159299 0.181811 
vt 0.812235 0.64996 
vt 0.842848 0.640986 
vt 0.812235 0.625801 
vt 0.84956 0.625801 
vt 0.77491 0.64996 
vt 0.77491 0.625801 
vt 0.473931 0.440618 
vt 0.485248 0.442126 
vt 0.482033 0.411931 
vt 0.492466 0.416566 
vt 0.0473247 0.873078 
vt 0.01 0.873078 
vt 0.0846494 0.873078 
vt 0.121974 0.856878 
vt 0.129302 0.871302 
vt 0.0664683 0.793943 
vt 0.024914 0.790581 
vt 0.958096 0.844355 
vt 0.958096 0.844355 
vt 0.155069 0.164418 
vt 0.155069 0.164418 
vt 0.886885 0.619473 
vt 0.84956 0.605729 
vt 0.894213 0.608374 
vt 0.812235 0.605729 
vt 0.77491 0.605729 
vt 0.497888 0.386689 
vt 0.506593 0.394076 
vt 0.321736 0.00999999 
vt 0.284412 0.00999999 
vt 0.321736 0.0350768 
vt 0.284412 0.0350768 
vt 0.359061 0.00999999 
vt 0.359061 0.0350768 
vt 0.403714 0.00999999 
vt 0.396386 0.0350768 
vt 0.429481 0.00999999 
vt 0.433711 0.0350768 
vt 0.471035 0.00999999 
vt 0.471035 0.0350768 
vt 0.93302 0.844355 
vt 0.93302 0.844355 
vt 0.159299 0.142075 
vt 0.159299 0.142075 
vt 0.129302 0.164418 
vt 0.121974 0.142075 
vt 0.0846494 0.164418 
vt 0.0846494 0.142075 
vt 0.0473247 0.164418 
vt 0.0473247 0.142075 
vt 0.01 0.164418 
vt 0.01 0.142075 
vt 0.520213 0.366936 
vt 0.526484 0.376476 
vt 0.321736 0.0636781 
vt 0.284412 0.0636781 
vt 0.359061 0.0636781 
vt 0.396386 0.0636781 
vt 0.433711 0.0636781 
vt 0.471035 0.0636781 
vt 0.904418 0.844355 
vt 0.904418 0.844355 
vt 0.159299 0.116591 
vt 0.159299 0.116591 
vt 0.121974 0.116591 
vt 0.0846494 0.116591 
vt 0.0473247 0.116591 
vt 0.01 0.116591 
vt 0.547198 0.354273 
vt 0.550528 0.365193 
vt 0.321736 0.0934869 
vt 0.284412 0.0934869 
vt 0.251735 0.196623 
vt 0.244605 0.167946 
vt 0.221926 0.196623 
vt 0.229056 0.167946 
vt 0.836465 0.888862 
vt 0.843595 0.916032 
vt 0.866274 0.888862 
vt 0.859144 0.916032 
vt 0.810712 0.48471 
vt 0.752392 0.49184 
vt 0.810712 0.514519 
vt 0.752392 0.507389 
vt 0.471035 0.0934869 
vt 0.433711 0.0934869 
vt 0.874609 0.844355 
vt 0.874609 0.844355 
vt 0.159299 0.0900321 
vt 0.159299 0.0900321 
vt 0.121974 0.0900321 
vt 0.0846494 0.0900321 
vt 0.0473247 0.0900321 
vt 0.01 0.0900321 
vt 0.576658 0.349725 
vt 0.576776 0.361141 
vt 0.321736 0.122088 
vt 0.284412 0.122088 
vt 0.359061 0.0934869 
vt 0.359061 0.122088 
vt 0.396386 0.0934869 
vt 0.396386 0.122088 
vt 0.433711 0.122088 
vt 0.471035 0.122088 
vt 0.846008 0.844355 
vt 0.846008 0.844355 
vt 0.159299 0.0645486 
vt 0.159299 0.0645486 
vt 0.121974 0.0645486 
vt 0.0846494 0.0645486 
vt 0.0473247 0.0645486 
vt 0.01 0.0645486 
vt 0.606205 0.353662 
vt 0.603103 0.364648 
vt 0.321736 0.147165 
vt 0.284412 0.147165 
vt 0.359061 0.147165 
vt 0.396386 0.147165 
vt 0.433711 0.147165 
vt 0.471035 0.147165 
vt 0.820931 0.844355 
vt 0.820931 0.844355 
vt 0.159299 0.0422055 
vt 0.159299 0.0422055 
vt 0.121974 0.0422055 
vt 0.0846494 0.0422055 
vt 0.0473247 0.0422055 
vt 0.01 0.0422055 
vt 0.633447 0.365763 
vt 0.627375 0.375431 
vt 0.509364 0.472575 
vt 0.47204 0.472575 
vt 0.509364 0.495102 
vt 0.47204 0.495102 
vt 0.546689 0.472575 
vt 0.546689 0.495102 
vt 0.584014 0.472575 
vt 0.584014 0.495102 
vt 0.621339 0.472575 
vt 0.621339 0.495102 
vt 0.658663 0.472575 
vt 0.658663 0.495102 
vt 0.801411 0.844355 
vt 0.801411 0.844355 
vt 0.159299 0.0248129 
vt 0.159299 0.0248129 
vt 0.565423 0.676249 
vt 0.602748 0.676249 
vt 0.565423 0.656177 
vt 0.602748 0.656177 
vt 0.528098 0.676249 
vt 0.528098 0.656177 
vt 0.490773 0.676249 
vt 0.490773 0.656177 
vt 0.453449 0.676249 
vt 0.453449 0.656177 
vt 0.656176 0.385049 
vt 0.647626 0.392615 
vt 0.509364 0.522218 
vt 0.47204 0.522218 
vt 0.546689 0.522218 
vt 0.584014 0.522218 
vt 0.621339 0.522218 
vt 0.658663 0.522218 
vt 0.789028 0.844355 
vt 0.789028 0.844355 
vt 0.159299 0.0137798 
vt 0.159299 0.0137798 
vt 0.565423 0.632018 
vt 0.602748 0.632018 
vt 0.528098 0.632018 
vt 0.490773 0.632018 
vt 0.453449 0.632018 
vt 0.672551 0.409958 
vt 0.662216 0.414808 
vt 0.509364 0.551723 
vt 0.47204 0.551723 
vt 0.546689 0.551723 
vt 0.584014 0.551723 
vt 0.621339 0.551723 
vt 0.658663 0.551723 
vt 0.784786 0.844355 
vt 0.784786 0.844355 
vt 0.159299 0.00999999 
vt 0.159299 0.00999999 
vt 0.565423 0.605729 
vt 0.602748 0.605729 
vt 0.528098 0.605729 
vt 0.490773 0.605729 
vt 0.453449 0.605729 
vt 0.681245 0.438471 
vt 0.669962 0.440212 
vt 0.846975 0.148534 
vt 0.80965 0.148534 
vt 0.80965 0.159488 
vt 0.846975 0.159488 
vt 0.877588 0.156617 
vt 0.877588 0.144806 
vt 0.950449 0.361568 
vt 0.956621 0.371173 
vt 0.96859 0.352057 
vt 0.971806 0.363867 
vt 0.502948 0.431973 
vt 0.501841 0.44149 
vt 0.540453 0.432586 
vt 0.539343 0.442126 
vt 0.922456 0.543095 
vt 0.929932 0.533598 
vt 0.906659 0.52867 
vt 0.91624 0.522498 
vt 0.883063 0.649748 
vt 0.883502 0.638344 
vt 0.857249 0.64996 
vt 0.857731 0.637886 
vt 0.894406 0.798325 
vt 0.889343 0.788092 
vt 0.86608 0.807608 
vt 0.864105 0.796363 
vt 0.836285 0.808534 
vt 0.837558 0.797188 
vt 0.81045 0.799537 
vt 0.814868 0.78901 
vt 0.426243 0.271901 
vt 0.45109 0.244049 
vt 0.398908 0.247515 
vt 0.417998 0.226115 
vt 0.401396 0.299754 
vt 0.374061 0.275368 
vt 0.376549 0.327606 
vt 0.349214 0.303221 
vt 0.158794 0.823435 
vt 0.158794 0.853244 
vt 0.195426 0.823435 
vt 0.195426 0.853244 
vt 0.524949 0.299941 
vt 0.550819 0.326846 
vt 0.551355 0.274551 
vt 0.577225 0.301456 
vt 0.499079 0.273036 
vt 0.525485 0.247646 
vt 0.473209 0.246131 
vt 0.505608 0.226974 
vt 0.755101 0.948163 
vt 0.755101 0.977971 
vt 0.791732 0.955292 
vt 0.791732 0.970842 
vt 0.946548 0.226115 
vt 0.946548 0.255924 
vt 0.98318 0.233245 
vt 0.98318 0.248794 
vt 0.346725 0.250982 
vt 0.364812 0.230707 
vt 0.297429 0.306241 
vt 0.661358 0.932186 
vt 0.661358 0.961995 
vt 0.713231 0.932186 
vt 0.713231 0.961995 
vt 0.57776 0.249161 
vt 0.629086 0.30254 
vt 0.558928 0.229576 
vt 0.923705 0.605729 
vt 0.923704 0.635538 
vt 0.984758 0.612859 
vt 0.984758 0.628408 
vt 0.237333 0.267375 
vt 0.283369 0.230289 
vt 0.139448 0.90257 
vt 0.139448 0.932379 
vt 0.210166 0.90257 
vt 0.210166 0.932379 
vt 0.640299 0.226115 
vt 0.687688 0.261456 
vt 0.551425 0.788092 
vt 0.569795 0.814863 
vt 0.621462 0.788197 
vt 0.651958 0.801651 
vt 0.736403 0.193602 
vt 0.884876 0.193602 
vt 0.747595 0.167314 
vt 0.802276 0.172154 
vt 0.264772 0.494023 
vt 0.264772 0.494023 
vt 0.249716 0.529195 
vt 0.249716 0.529195 
vt 0.237333 0.50208 
vt 0.747595 0.143154 
vt 0.747595 0.143154 
vt 0.802276 0.172154 
vt 0.269237 0.551723 
vt 0.287863 0.530331 
vt 0.287863 0.530331 
vt 0.214206 0.153268 
vt 0.214206 0.153268 
vt 0.159299 0.181811 
vt 0.294314 0.567839 
vt 0.294314 0.567839 
vt 0.159299 0.142075 
vt 0.322915 0.576237 
vt 0.326985 0.547931 
vt 0.326985 0.547931 
vt 0.21398 0.114146 
vt 0.21398 0.114146 
vt 0.326985 0.547931 
vt 0.352724 0.576237 
vt 0.352724 0.576237 
vt 0.159299 0.0900321 
vt 0.21398 0.114146 
vt 0.381325 0.567839 
vt 0.369446 0.541826 
vt 0.369446 0.541826 
vt 0.21398 0.0716854 
vt 0.21398 0.0716854 
vt 0.406402 0.551723 
vt 0.406402 0.551723 
vt 0.159299 0.0422055 
vt 0.425923 0.529195 
vt 0.401866 0.513734 
vt 0.401866 0.513734 
vt 0.898781 0.513734 
vt 0.898781 0.513734 
vt 0.8441 0.543095 
vt 0.8441 0.543095 
vt 0.8441 0.523023 
vt 0.438306 0.50208 
vt 0.438306 0.50208 
vt 0.8441 0.498863 
vt 0.8441 0.498863 
vt 0.442548 0.472575 
vt 0.414039 0.472575 
vt 0.414039 0.472575 
vt 0.898693 0.472575 
vt 0.898693 0.472575 
vt 0.8441 0.472575 
vt 0.416124 0.84422 
vt 0.452374 0.881142 
vt 0.492593 0.869003 
vt 0.700219 0.734911 
vt 0.805378 0.737498 
vt 0.747709 0.714369 
vt 0.265365 0.815368 
vt 0.237333 0.890707 
vt 0.272007 0.866972 
vt 0.108521 0.0336665 
vt 0.0618006 0.0123174 
vt 0.01 0.0319369 
vt 0.417693 0.821803 
vt 0.46438 0.844685 
vt 0.495773 0.822881 
vt 0.25492 0.123449 
vt 0.292734 0.819769 
vt 0.293893 0.899807 
vt 0.314894 0.866074 
vt 0.318737 0.814381 
vt 0.314894 0.866074 
vt 0.350525 0.888262 
vt 0.254493 0.0963597 
vt 0.445253 0.71519 
vt 0.416124 0.790175 
vt 0.450971 0.766709 
vt 0.984989 0.810439 
vt 0.951195 0.788092 
vt 0.916525 0.809657 
vt 0.416124 0.931924 
vt 0.521178 0.933451 
vt 0.463385 0.910634 
vt 0.471546 0.719626 
vt 0.472493 0.799684 
vt 0.493846 0.766082 
vt 0.934413 0.732717 
vt 0.88612 0.714369 
vt 0.83487 0.733661 
vt 0.498159 0.714369 
vt 0.529306 0.78852 
vt 0.939283 0.486196 
vt 0.496543 0.965099 
vt 0.416124 0.962943 
vt 0.449881 0.987806 
vt 0.744624 0.551723 
vt 0.744624 0.522218 
vt 0.688155 0.551723 
vt 0.699347 0.522218 
vt 0.744624 0.522218 
vt 0.814608 0.551723 
vt 0.471035 0.187849 
vt 0.467255 0.176657 
vt 0.274658 0.971569 
vt 0.274658 0.944454 
vt 0.237333 0.971569 
vt 0.237333 0.944454 
vt 0.305271 0.962595 
vt 0.311983 0.944454 
vt 0.744624 0.495102 
vt 0.707299 0.495102 
vt 0.202831 0.226115 
vt 0.202831 0.226115 
vt 0.215214 0.226115 
vt 0.215214 0.226115 
vt 0.456222 0.176657 
vt 0.58875 0.714369 
vt 0.58875 0.738528 
vt 0.619363 0.723343 
vt 0.626075 0.738528 
vt 0.551425 0.714369 
vt 0.551425 0.738528 
vt 0.709807 0.233033 
vt 0.718974 0.261397 
vt 0.721059 0.231104 
vt 0.729227 0.256376 
vt 0.274658 0.921926 
vt 0.237333 0.921926 
vt 0.311983 0.921926 
vt 0.349308 0.938127 
vt 0.356636 0.923702 
vt 0.744624 0.472574 
vt 0.703069 0.475937 
vt 0.183311 0.226115 
vt 0.183311 0.226115 
vt 0.43883 0.180887 
vt 0.626075 0.7586 
vt 0.663399 0.744856 
vt 0.670727 0.755956 
vt 0.58875 0.7586 
vt 0.551425 0.7586 
vt 0.735761 0.286029 
vt 0.744185 0.278323 
vt 0.183311 0.375414 
vt 0.158234 0.375414 
vt 0.183311 0.412739 
vt 0.158234 0.412739 
vt 0.183311 0.338089 
vt 0.158234 0.338089 
vt 0.183311 0.293437 
vt 0.158234 0.300765 
vt 0.183311 0.26767 
vt 0.158234 0.26344 
vt 0.158234 0.226115 
vt 0.158234 0.226115 
vt 0.416487 0.176657 
vt 0.129302 0.434866 
vt 0.121974 0.457209 
vt 0.155069 0.434866 
vt 0.159299 0.457209 
vt 0.0846494 0.434866 
vt 0.0846494 0.457209 
vt 0.0473247 0.434866 
vt 0.0473247 0.457209 
vt 0.01 0.434866 
vt 0.01 0.457209 
vt 0.758808 0.304935 
vt 0.764719 0.295167 
vt 0.129633 0.375414 
vt 0.129633 0.412739 
vt 0.129633 0.338089 
vt 0.129633 0.300765 
vt 0.129633 0.26344 
vt 0.129633 0.226115 
vt 0.129633 0.226115 
vt 0.391003 0.176657 
vt 0.121974 0.482692 
vt 0.159299 0.482692 
vt 0.0846494 0.482692 
vt 0.0473247 0.482692 
vt 0.01 0.482692 
vt 0.786248 0.316581 
vt 0.789167 0.305544 
vt 0.0998239 0.375414 
vt 0.0998239 0.412739 
vt 0.208798 0.58657 
vt 0.17899 0.58657 
vt 0.201669 0.615248 
vt 0.186119 0.615248 
vt 0.708301 0.13361 
vt 0.678492 0.13361 
vt 0.701171 0.16078 
vt 0.685622 0.16078 
vt 0.132557 0.793943 
vt 0.132557 0.764134 
vt 0.0742364 0.786813 
vt 0.0742364 0.771264 
vt 0.0998239 0.226115 
vt 0.0998239 0.26344 
vt 0.0998239 0.226115 
vt 0.364444 0.176657 
vt 0.121974 0.509252 
vt 0.159299 0.509252 
vt 0.0846494 0.509252 
vt 0.0473247 0.509252 
vt 0.01 0.509252 
vt 0.815857 0.320025 
vt 0.815549 0.308612 
vt 0.0712226 0.375414 
vt 0.0712226 0.412739 
vt 0.0998239 0.338089 
vt 0.0712226 0.338089 
vt 0.0998239 0.300765 
vt 0.0712226 0.300765 
vt 0.0712226 0.26344 
vt 0.0712226 0.226115 
vt 0.0712226 0.226115 
vt 0.33896 0.176657 
vt 0.121974 0.534735 
vt 0.159299 0.534735 
vt 0.0846494 0.534735 
vt 0.0473247 0.534735 
vt 0.01 0.534735 
vt 0.845237 0.314987 
vt 0.841726 0.304124 
vt 0.0461458 0.375414 
vt 0.0461458 0.412739 
vt 0.0461458 0.338089 
vt 0.0461458 0.300765 
vt 0.0461458 0.26344 
vt 0.0461458 0.226115 
vt 0.0461458 0.226115 
vt 0.316617 0.176657 
vt 0.121974 0.557078 
vt 0.159299 0.557078 
vt 0.0846494 0.557078 
vt 0.0473247 0.557078 
vt 0.01 0.557078 
vt 0.872008 0.301877 
vt 0.865579 0.292443 
vt 0.274658 0.684877 
vt 0.274658 0.662349 
vt 0.237333 0.684877 
vt 0.237333 0.662349 
vt 0.311983 0.684877 
vt 0.311983 0.662349 
vt 0.349307 0.684877 
vt 0.349307 0.662349 
vt 0.386632 0.684877 
vt 0.386632 0.662349 
vt 0.423957 0.684877 
vt 0.423957 0.662349 
vt 0.0266252 0.226115 
vt 0.0266252 0.226115 
vt 0.299225 0.176657 
vt 0.349308 0.714369 
vt 0.349308 0.734441 
vt 0.386632 0.714369 
vt 0.386632 0.734441 
vt 0.311983 0.714369 
vt 0.311983 0.734441 
vt 0.274658 0.714369 
vt 0.274658 0.734441 
vt 0.237333 0.714369 
vt 0.237333 0.734441 
vt 0.894001 0.281755 
vt 0.885174 0.274514 
vt 0.274658 0.635234 
vt 0.237333 0.635234 
vt 0.311983 0.635234 
vt 0.349307 0.635234 
vt 0.386632 0.635234 
vt 0.423957 0.635234 
vt 0.0142422 0.226115 
vt 0.0142422 0.226115 
vt 0.288192 0.176657 
vt 0.349308 0.758601 
vt 0.386632 0.758601 
vt 0.311983 0.758601 
vt 0.274658 0.758601 
vt 0.237333 0.758601 
vt 0.909433 0.256252 
vt 0.898924 0.251792 
vt 0.274658 0.605729 
vt 0.237333 0.605729 
vt 0.311983 0.605729 
vt 0.349307 0.605729 
vt 0.386632 0.605729 
vt 0.423957 0.605729 
vt 0.01 0.226115 
vt 0.01 0.226115 
vt 0.284412 0.176657 
vt 0.349308 0.78489 
vt 0.386632 0.78489 
vt 0.311983 0.78489 
vt 0.274658 0.78489 
vt 0.237333 0.78489 
vt 0.917056 0.227434 
vt 0.905716 0.226115 
vt 0.573775 0.169376 
vt 0.573775 0.18033 
vt 0.611099 0.18033 
vt 0.611099 0.169376 
vt 0.641712 0.172247 
vt 0.641712 0.184058 
vt 0.0923388 0.842379 
vt 0.112817 0.84286 
vt 0.0936117 0.831034 
vt 0.110462 0.830847 
vt 0.552308 0.406207 
vt 0.589814 0.405664 
vt 0.551218 0.396688 
vt 0.588722 0.396122 
vt 0.319672 0.971569 
vt 0.341062 0.971321 
vt 0.320415 0.959506 
vt 0.338021 0.960337 
vt 0.659577 0.718919 
vt 0.633764 0.718659 
vt 0.659996 0.730325 
vt 0.634223 0.730734 
vt 0.678724 0.856635 
vt 0.707377 0.864853 
vt 0.683401 0.84622 
vt 0.708931 0.853542 
vt 0.737186 0.864665 
vt 0.73549 0.853375 
vt 0.762667 0.85471 
vt 0.757859 0.844355 
vt 0.263203 0.396646 
vt 0.289609 0.371256 
vt 0.237333 0.369741 
vt 0.269732 0.350584 
vt 0.289073 0.423551 
vt 0.315479 0.398161 
vt 0.314943 0.450456 
vt 0.341349 0.425066 
vt 0.202577 0.714795 
vt 0.165945 0.714795 
vt 0.202577 0.744603 
vt 0.165945 0.744603 
vt 0.66459 0.0836383 
vt 0.637255 0.0592526 
vt 0.639743 0.111491 
vt 0.612408 0.0871052 
vt 0.689437 0.0557858 
vt 0.662101 0.0314001 
vt 0.714284 0.0279332 
vt 0.681192 0.00999999 
vt 0.960336 0.657657 
vt 0.923704 0.664786 
vt 0.960336 0.687465 
vt 0.923705 0.680336 
vt 0.251735 0.0627659 
vt 0.244605 0.026134 
vt 0.221926 0.0627659 
vt 0.229056 0.026134 
vt 0.341885 0.372771 
vt 0.323053 0.353186 
vt 0.39321 0.42615 
vt 0.755101 0.918671 
vt 0.806973 0.918671 
vt 0.755101 0.888862 
vt 0.806973 0.888862 
vt 0.609919 0.0348669 
vt 0.560623 0.090126 
vt 0.628006 0.0145918 
vt 0.198229 0.9595 
vt 0.137176 0.96663 
vt 0.198229 0.989309 
vt 0.137176 0.982179 
vt 0.451812 0.385066 
vt 0.404423 0.349725 
vt 0.985085 0.143154 
vt 0.914367 0.143154 
vt 0.985085 0.172963 
vt 0.914367 0.172963 
vt 0.546563 0.0141735 
vt 0.500527 0.05126 
vt 0.01 0.930008 
vt 0.0799844 0.927288 
vt 0.0273566 0.90257 
vt 0.109956 0.912704 
vt 0.500527 0.13361 
vt 0.511719 0.159899 
vt 0.649 0.13361 
vt 0.5664 0.155059 
vt 0.736403 0.084157 
vt 0.763841 0.0922135 
vt 0.748786 0.0570419 
vt 0.748786 0.0570419 
vt 0.763841 0.0922135 
vt 0.511719 0.184058 
vt 0.5664 0.155059 
vt 0.511719 0.184058 
vt 0.768307 0.034514 
vt 0.786933 0.0559064 
vt 0.786933 0.0559064 
vt 0.0272135 0.684738 
vt 0.0406732 0.626083 
vt 0.01 0.67983 
vt 0.01 0.67983 
vt 0.0406732 0.626083 
vt 0.793383 0.0183981 
vt 0.793383 0.0183981 
vt 0.0497052 0.681387 
vt 0.0497052 0.681387 
vt 0.821985 0.00999999 
vt 0.826054 0.0383054 
vt 0.826054 0.0383054 
vt 0.0751691 0.682386 
vt 0.0797558 0.627843 
vt 0.0797558 0.627843 
vt 0.851793 0.00999999 
vt 0.851793 0.00999999 
vt 0.826054 0.0383054 
vt 0.101708 0.683428 
vt 0.0797558 0.627843 
vt 0.101708 0.683428 
vt 0.880395 0.0183981 
vt 0.868515 0.0444104 
vt 0.868515 0.0444104 
vt 0.127172 0.684427 
vt 0.122184 0.629508 
vt 0.122184 0.629508 
vt 0.905472 0.034514 
vt 0.905472 0.034514 
vt 0.149498 0.685303 
vt 0.149498 0.685303 
vt 0.924992 0.057042 
vt 0.900935 0.0725024 
vt 0.900935 0.0725024 
vt 0.88789 0.369797 
vt 0.942571 0.379086 
vt 0.88789 0.349725 
vt 0.88789 0.349725 
vt 0.942571 0.379086 
vt 0.937375 0.084157 
vt 0.937375 0.084157 
vt 0.88789 0.393957 
vt 0.88789 0.393957 
vt 0.941617 0.113662 
vt 0.913108 0.113662 
vt 0.913108 0.113662 
vt 0.88789 0.420245 
vt 0.942483 0.420245 
vt 0.942483 0.420245 
vt 0.617035 0.966699 
vt 0.585881 0.942872 
vt 0.551425 0.965365 
vt 0.609957 0.844355 
vt 0.551425 0.865205 
vt 0.656605 0.866743 
vt 0.749278 0.386111 
vt 0.710737 0.369372 
vt 0.752529 0.438039 
vt 0.01 0.174988 
vt 0.0609916 0.196623 
vt 0.108513 0.177122 
vt 0.764549 0.349725 
vt 0.778568 0.428534 
vt 0.0720655 0.58657 
vt 0.791559 0.378872 
vt 0.822344 0.350337 
vt 0.791559 0.378872 
vt 0.805122 0.428901 
vt 0.0991171 0.588059 
vt 0.710615 0.658156 
vt 0.745418 0.681687 
vt 0.716428 0.606648 
vt 0.865771 0.371012 
vt 0.829903 0.386935 
vt 0.825378 0.438544 
vt 0.0678355 0.9595 
vt 0.01 0.982211 
vt 0.115057 0.980878 
vt 0.696138 0.910067 
vt 0.732982 0.890397 
vt 0.661358 0.888862 
vt 0.68145 0.790867 
vt 0.733384 0.808231 
vt 0.780958 0.788092 
vt 0.632239 0.679822 
vt 0.667741 0.65745 
vt 0.663524 0.605729 
vt 0.983073 0.406624 
vt 0.597161 0.91338 
vt 0.631866 0.88986 
vt 0.551425 0.888862 

usemtl Handle2Mtl

f 951/951/951 952/952/952 953/953/953 
f 954/954/954 953/953/953 952/952/952 
f 955/955/955 956/956/956 953/953/953 
f 951/951/951 953/953/953 956/956/956 
f 957/957/957 958/958/958 959/959/959 
f 960/960/960 959/959/959 958/958/958 
f 961/961/961 962/962/962 963/963/963 
f 964/964/964 963/963/963 962/962/962 
f 965/965/965 961/961/961 966/966/966 
f 963/963/963 966/966/966 961/961/961 
f 953/953/953 954/954/954 967/967/967 
f 968/968/968 967/967/967 954/954/954 
f 969/969/969 970/970/970 971/971/971 
f 972/972/972 971/971/971 970/970/970 
f 973/973/973 959/959/959 974/974/974 
f 960/960/960 974/974/974 959/959/959 
f 975/975/975 976/976/976 977/977/977 
f 978/978/978 977/977/977 976/976/976 
f 979/979/979 975/975/975 980/980/980 
f 977/977/977 980/980/980 975/975/975 
f 981/981/981 982/982/982 983/983/983 
f 984/984/984 983/983/983 982/982/982 
f 963/963/963 964/964/964 985/985/985 
f 986/986/986 985/985/985 964/964/964 
f 966/966/966 963/963/963 987/987/987 
f 985/985/985 987/987/987 963/963/963 
f 988/988/988 966/966/966 989/989/989 
f 987/987/987 989/989/989 966/966/966 
f 967/967/967 968/968/968 990/990/990 
f 991/991/991 990/990/990 968/968/968 
f 992/992/992 969/969/969 993/993/993 
f 971/971/971 993/993/993 969/969/969 
f 994/994/994 973/973/973 995/995/995 
f 974/974/974 995/995/995 973/973/973 
f 978/978/978 996/996/996 997/997/997 
f 998/998/998 997/997/997 996/996/996 
f 977/977/977 978/978/978 999/999/999 
f 997/997/997 999/999/999 978/978/978 
f 980/980/980 977/977/977 1000/1000/1000 
f 999/999/999 1000/1000/1000 977/977/977 
f 983/983/983 984/984/984 1001/1001/1001 
f 1002/1002/1002 1001/1001/1001 984/984/984 
f 1003/1003/1003 1004/1004/1004 1005/1005/1005 
f 1006/1006/1006 1005/1005/1005 1004/1004/1004 
f 1007/1007/1007 1003/1003/1003 1008/1008/1008 
f 1005/1005/1005 1008/1008/1008 1003/1003/1003 
f 1009/1009/1009 1007/1007/1007 1010/1010/1010 
f 1008/1008/1008 1010/1010/1010 1007/1007/1007 
f 1011/1011/1011 1009/1009/1009 1012/1012/1012 
f 1010/1010/1010 1012/1012/1012 1009/1009/1009 
f 1013/1013/1013 1011/1011/1011 1014/1014/1014 
f 1012/1012/1012 1014/1014/1014 1011/1011/1011 
f 1015/1015/1015 992/992/992 1016/1016/1016 
f 993/993/993 1016/1016/1016 992/992/992 
f 994/994/994 995/995/995 1017/1017/1017 
f 1018/1018/1018 1017/1017/1017 995/995/995 
f 1019/1019/1019 994/994/994 1020/1020/1020 
f 1017/1017/1017 1020/1020/1020 994/994/994 
f 1021/1021/1021 1019/1019/1019 1022/1022/1022 
f 1020/1020/1020 1022/1022/1022 1019/1019/1019 
f 1023/1023/1023 1021/1021/1021 1024/1024/1024 
f 1022/1022/1022 1024/1024/1024 1021/1021/1021 
f 1025/1025/1025 1023/1023/1023 1026/1026/1026 
f 1024/1024/1024 1026/1026/1026 1023/1023/1023 
f 1001/1001/1001 1002/1002/1002 1027/1027/1027 
f 1028/1028/1028 1027/1027/1027 1002/1002/1002 
f 1005/1005/1005 1006/1006/1006 1029/1029/1029 
f 1030/1030/1030 1029/1029/1029 1006/1006/1006 
f 1008/1008/1008 1005/1005/1005 1031/1031/1031 
f 1029/1029/1029 1031/1031/1031 1005/1005/1005 
f 1010/1010/1010 1008/1008/1008 1032/1032/1032 
f 1031/1031/1031 1032/1032/1032 1008/1008/1008 
f 1012/1012/1012 1010/1010/1010 1033/1033/1033 
f 1032/1032/1032 1033/1033/1033 1010/1010/1010 
f 1014/1014/1014 1012/1012/1012 1034/1034/1034 
f 1033/1033/1033 1034/1034/1034 1012/1012/1012 
f 1035/1035/1035 1015/1015/1015 1036/1036/1036 
f 1016/1016/1016 1036/1036/1036 1015/1015/1015 
f 1037/1037/1037 1017/1017/1017 1038/1038/1038 
f 1018/1018/1018 1038/1038/1038 1017/1017/1017 
f 1020/1020/1020 1017/1017/1017 1039/1039/1039 
f 1037/1037/1037 1039/1039/1039 1017/1017/1017 
f 1022/1022/1022 1020/1020/1020 1040/1040/1040 
f 1039/1039/1039 1040/1040/1040 1020/1020/1020 
f 1024/1024/1024 1022/1022/1022 1041/1041/1041 
f 1040/1040/1040 1041/1041/1041 1022/1022/1022 
f 1026/1026/1026 1024/1024/1024 1042/1042/1042 
f 1041/1041/1041 1042/1042/1042 1024/1024/1024 
f 1027/1027/1027 1028/1028/1028 1043/1043/1043 
f 1044/1044/1044 1043/1043/1043 1028/1028/1028 
f 1029/1029/1029 1030/1030/1030 1045/1045/1045 
f 1046/1046/1046 1045/1045/1045 1030/1030/1030 
f 1047/1047/1047 1048/1048/1048 1049/1049/1049 
f 1050/1050/1050 1049/1049/1049 1048/1048/1048 
f 1051/1051/1051 1052/1052/1052 1053/1053/1053 
f 1054/1054/1054 1053/1053/1053 1052/1052/1052 
f 1055/1055/1055 1056/1056/1056 1057/1057/1057 
f 1058/1058/1058 1057/1057/1057 1056/1056/1056 
f 1034/1034/1034 1033/1033/1033 1059/1059/1059 
f 1060/1060/1060 1059/1059/1059 1033/1033/1033 
f 1061/1061/1061 1035/1035/1035 1062/1062/1062 
f 1036/1036/1036 1062/1062/1062 1035/1035/1035 
f 1063/1063/1063 1037/1037/1037 1064/1064/1064 
f 1038/1038/1038 1064/1064/1064 1037/1037/1037 
f 1039/1039/1039 1037/1037/1037 1065/1065/1065 
f 1063/1063/1063 1065/1065/1065 1037/1037/1037 
f 1040/1040/1040 1039/1039/1039 1066/1066/1066 
f 1065/1065/1065 1066/1066/1066 1039/1039/1039 
f 1041/1041/1041 1040/1040/1040 1067/1067/1067 
f 1066/1066/1066 1067/1067/1067 1040/1040/1040 
f 1042/1042/1042 1041/1041/1041 1068/1068/1068 
f 1067/1067/1067 1068/1068/1068 1041/1041/1041 
f 1043/1043/1043 1044/1044/1044 1069/1069/1069 
f 1070/1070/1070 1069/1069/1069 1044/1044/1044 
f 1045/1045/1045 1046/1046/1046 1071/1071/1071 
f 1072/1072/1072 1071/1071/1071 1046/1046/1046 
f 1073/1073/1073 1045/1045/1045 1074/1074/1074 
f 1071/1071/1071 1074/1074/1074 1045/1045/1045 
f 1075/1075/1075 1073/1073/1073 1076/1076/1076 
f 1074/1074/1074 1076/1076/1076 1073/1073/1073 
f 1060/1060/1060 1075/1075/1075 1077/1077/1077 
f 1076/1076/1076 1077/1077/1077 1075/1075/1075 
f 1059/1059/1059 1060/1060/1060 1078/1078/1078 
f 1077/1077/1077 1078/1078/1078 1060/1060/1060 
f 1079/1079/1079 1061/1061/1061 1080/1080/1080 
f 1062/1062/1062 1080/1080/1080 1061/1061/1061 
f 1081/1081/1081 1063/1063/1063 1082/1082/1082 
f 1064/1064/1064 1082/1082/1082 1063/1063/1063 
f 1065/1065/1065 1063/1063/1063 1083/1083/1083 
f 1081/1081/1081 1083/1083/1083 1063/1063/1063 
f 1066/1066/1066 1065/1065/1065 1084/1084/1084 
f 1083/1083/1083 1084/1084/1084 1065/1065/1065 
f 1067/1067/1067 1066/1066/1066 1085/1085/1085 
f 1084/1084/1084 1085/1085/1085 1066/1066/1066 
f 1068/1068/1068 1067/1067/1067 1086/1086/1086 
f 1085/1085/1085 1086/1086/1086 1067/1067/1067 
f 1069/1069/1069 1070/1070/1070 1087/1087/1087 
f 1088/1088/1088 1087/1087/1087 1070/1070/1070 
f 1071/1071/1071 1072/1072/1072 1089/1089/1089 
f 1090/1090/1090 1089/1089/1089 1072/1072/1072 
f 1074/1074/1074 1071/1071/1071 1091/1091/1091 
f 1089/1089/1089 1091/1091/1091 1071/1071/1071 
f 1076/1076/1076 1074/1074/1074 1092/1092/1092 
f 1091/1091/1091 1092/1092/1092 1074/1074/1074 
f 1077/1077/1077 1076/1076/1076 1093/1093/1093 
f 1092/1092/1092 1093/1093/1093 1076/1076/1076 
f 1078/1078/1078 1077/1077/1077 1094/1094/1094 
f 1093/1093/1093 1094/1094/1094 1077/1077/1077 
f 1095/1095/1095 1079/1079/1079 1096/1096/1096 
f 1080/1080/1080 1096/1096/1096 1079/1079/1079 
f 1097/1097/1097 1081/1081/1081 1098/1098/1098 
f 1082/1082/1082 1098/1098/1098 1081/1081/1081 
f 1083/1083/1083 1081/1081/1081 1099/1099/1099 
f 1097/1097/1097 1099/1099/1099 1081/1081/1081 
f 1084/1084/1084 1083/1083/1083 1100/1100/1100 
f 1099/1099/1099 1100/1100/1100 1083/1083/1083 
f 1085/1085/1085 1084/1084/1084 1101/1101/1101 
f 1100/1100/1100 1101/1101/1101 1084/1084/1084 
f 1086/1086/1086 1085/1085/1085 1102/1102/1102 
f 1101/1101/1101 1102/1102/1102 1085/1085/1085 
f 1087/1087/1087 1088/1088/1088 1103/1103/1103 
f 1104/1104/1104 1103/1103/1103 1088/1088/1088 
f 1105/1105/1105 1106/1106/1106 1107/1107/1107 
f 1108/1108/1108 1107/1107/1107 1106/1106/1106 
f 1109/1109/1109 1105/1105/1105 1110/1110/1110 
f 1107/1107/1107 1110/1110/1110 1105/1105/1105 
f 1111/1111/1111 1109/1109/1109 1112/1112/1112 
f 1110/1110/1110 1112/1112/1112 1109/1109/1109 
f 1113/1113/1113 1111/1111/1111 1114/1114/1114 
f 1112/1112/1112 1114/1114/1114 1111/1111/1111 
f 1115/1115/1115 1113/1113/1113 1116/1116/1116 
f 1114/1114/1114 1116/1116/1116 1113/1113/1113 
f 1117/1117/1117 1095/1095/1095 1118/1118/1118 
f 1096/1096/1096 1118/1118/1118 1095/1095/1095 
f 1119/1119/1119 1097/1097/1097 1120/1120/1120 
f 1098/1098/1098 1120/1120/1120 1097/1097/1097 
f 1121/1121/1121 1122/1122/1122 1123/1123/1123 
f 1124/1124/1124 1123/1123/1123 1122/1122/1122 
f 1125/1125/1125 1121/1121/1121 1126/1126/1126 
f 1123/1123/1123 1126/1126/1126 1121/1121/1121 
f 1127/1127/1127 1125/1125/1125 1128/1128/1128 
f 1126/1126/1126 1128/1128/1128 1125/1125/1125 
f 1129/1129/1129 1127/1127/1127 1130/1130/1130 
f 1128/1128/1128 1130/1130/1130 1127/1127/1127 
f 1103/1103/1103 1104/1104/1104 1131/1131/1131 
f 1132/1132/1132 1131/1131/1131 1104/1104/1104 
f 1107/1107/1107 1108/1108/1108 1133/1133/1133 
f 1134/1134/1134 1133/1133/1133 1108/1108/1108 
f 1110/1110/1110 1107/1107/1107 1135/1135/1135 
f 1133/1133/1133 1135/1135/1135 1107/1107/1107 
f 1112/1112/1112 1110/1110/1110 1136/1136/1136 
f 1135/1135/1135 1136/1136/1136 1110/1110/1110 
f 1114/1114/1114 1112/1112/1112 1137/1137/1137 
f 1136/1136/1136 1137/1137/1137 1112/1112/1112 
f 1116/1116/1116 1114/1114/1114 1138/1138/1138 
f 1137/1137/1137 1138/1138/1138 1114/1114/1114 
f 1139/1139/1139 1117/1117/1117 1140/1140/1140 
f 1118/1118/1118 1140/1140/1140 1117/1117/1117 
f 1141/1141/1141 1119/1119/1119 1142/1142/1142 
f 1120/1120/1120 1142/1142/1142 1119/1119/1119 
f 1123/1123/1123 1124/1124/1124 1143/1143/1143 
f 1144/1144/1144 1143/1143/1143 1124/1124/1124 
f 1126/1126/1126 1123/1123/1123 1145/1145/1145 
f 1143/1143/1143 1145/1145/1145 1123/1123/1123 
f 1128/1128/1128 1126/1126/1126 1146/1146/1146 
f 1145/1145/1145 1146/1146/1146 1126/1126/1126 
f 1130/1130/1130 1128/1128/1128 1147/1147/1147 
f 1146/1146/1146 1147/1147/1147 1128/1128/1128 
f 1131/1131/1131 1132/1132/1132 1148/1148/1148 
f 1149/1149/1149 1148/1148/1148 1132/1132/1132 
f 1133/1133/1133 1134/1134/1134 1150/1150/1150 
f 1151/1151/1151 1150/1150/1150 1134/1134/1134 
f 1135/1135/1135 1133/1133/1133 1152/1152/1152 
f 1150/1150/1150 1152/1152/1152 1133/1133/1133 
f 1136/1136/1136 1135/1135/1135 1153/1153/1153 
f 1152/1152/1152 1153/1153/1153 1135/1135/1135 
f 1137/1137/1137 1136/1136/1136 1154/1154/1154 
f 1153/1153/1153 1154/1154/1154 1136/1136/1136 
f 1138/1138/1138 1137/1137/1137 1155/1155/1155 
f 1154/1154/1154 1155/1155/1155 1137/1137/1137 
f 1156/1156/1156 1139/1139/1139 1157/1157/1157 
f 1140/1140/1140 1157/1157/1157 1139/1139/1139 
f 1158/1158/1158 1141/1141/1141 1159/1159/1159 
f 1142/1142/1142 1159/1159/1159 1141/1141/1141 
f 1143/1143/1143 1144/1144/1144 1160/1160/1160 
f 1161/1161/1161 1160/1160/1160 1144/1144/1144 
f 1145/1145/1145 1143/1143/1143 1162/1162/1162 
f 1160/1160/1160 1162/1162/1162 1143/1143/1143 
f 1146/1146/1146 1145/1145/1145 1163/1163/1163 
f 1162/1162/1162 1163/1163/1163 1145/1145/1145 
f 1147/1147/1147 1146/1146/1146 1164/1164/1164 
f 1163/1163/1163 1164/1164/1164 1146/1146/1146 
f 1148/1148/1148 1149/1149/1149 1165/1165/1165 
f 1166/1166/1166 1165/1165/1165 1149/1149/1149 
f 1167/1167/1167 1168/1168/1168 1169/1169/1169 
f 1169/1169/1169 1170/1170/1170 1167/1167/1167 
f 1171/1171/1171 1172/1172/1172 1170/1170/1170 
f 1167/1167/1167 1170/1170/1170 1172/1172/1172 
f 1173/1173/1173 1174/1174/1174 1175/1175/1175 
f 1176/1176/1176 1175/1175/1175 1174/1174/1174 
f 1177/1177/1177 1178/1178/1178 1179/1179/1179 
f 1180/1180/1180 1179/1179/1179 1178/1178/1178 
f 1181/1181/1181 1182/1182/1182 1183/1183/1183 
f 1184/1184/1184 1183/1183/1183 1182/1182/1182 
f 1185/1185/1185 1186/1186/1186 1187/1187/1187 
f 1188/1188/1188 1187/1187/1187 1186/1186/1186 
f 1189/1189/1189 1190/1190/1190 1191/1191/1191 
f 1192/1192/1192 1191/1191/1191 1190/1190/1190 
f 1191/1191/1191 1192/1192/1192 1193/1193/1193 
f 1194/1194/1194 1193/1193/1193 1192/1192/1192 
f 1193/1193/1193 1194/1194/1194 1195/1195/1195 
f 1196/1196/1196 1195/1195/1195 1194/1194/1194 
f 1197/1197/1197 1198/1198/1198 1199/1199/1199 
f 1200/1200/1200 1199/1199/1199 1198/1198/1198 
f 1201/1201/1201 1197/1197/1197 1202/1202/1202 
f 1199/1199/1199 1202/1202/1202 1197/1197/1197 
f 1203/1203/1203 1201/1201/1201 1204/1204/1204 
f 1202/1202/1202 1204/1204/1204 1201/1201/1201 
f 1205/1205/1205 1206/1206/1206 1207/1207/1207 
f 1208/1208/1208 1207/1207/1207 1206/1206/1206 
f 1209/1209/1209 1210/1210/1210 1211/1211/1211 
f 1212/1212/1212 1211/1211/1211 1210/1210/1210 
f 1213/1213/1213 1209/1209/1209 1214/1214/1214 
f 1211/1211/1211 1214/1214/1214 1209/1209/1209 
f 1215/1215/1215 1213/1213/1213 1216/1216/1216 
f 1214/1214/1214 1216/1216/1216 1213/1213/1213 
f 1217/1217/1217 1218/1218/1218 1219/1219/1219 
f 1220/1220/1220 1219/1219/1219 1218/1218/1218 
f 1221/1221/1221 1222/1222/1222 1223/1223/1223 
f 1224/1224/1224 1223/1223/1223 1222/1222/1222 
f 1202/1202/1202 1199/1199/1199 1225/1225/1225 
f 1226/1226/1226 1225/1225/1225 1199/1199/1199 
f 1204/1204/1204 1202/1202/1202 1227/1227/1227 
f 1225/1225/1225 1227/1227/1227 1202/1202/1202 
f 1228/1228/1228 1229/1229/1229 1230/1230/1230 
f 1231/1231/1231 1230/1230/1230 1229/1229/1229 
f 1211/1211/1211 1212/1212/1212 1232/1232/1232 
f 1233/1233/1233 1232/1232/1232 1212/1212/1212 
f 1214/1214/1214 1211/1211/1211 1234/1234/1234 
f 1232/1232/1232 1234/1234/1234 1211/1211/1211 
f 1235/1235/1235 1236/1236/1236 1237/1237/1237 
f 1238/1238/1238 1237/1237/1237 1236/1236/1236 
f 1227/1227/1227 1225/1225/1225 1239/1239/1239 
f 1240/1240/1240 1239/1239/1239 1225/1225/1225 
f 1241/1241/1241 1242/1242/1242 1243/1243/1243 
f 1244/1244/1244 1243/1243/1243 1242/1242/1242 
f 1232/1232/1232 1233/1233/1233 1245/1245/1245 
f 1246/1246/1246 1245/1245/1245 1233/1233/1233 
f 1247/1247/1247 1248/1248/1248 1249/1249/1249 
f 1250/1250/1250 1249/1249/1249 1248/1248/1248 
f 1251/1251/1251 1252/1252/1252 1253/1253/1253 
f 1254/1254/1254 1253/1253/1253 1252/1252/1252 
f 1255/1255/1255 1256/1256/1256 1257/1257/1257 
f 1257/1257/1257 1256/1256/1256 1258/1258/1258 
f 1258/1258/1258 1256/1256/1256 1259/1259/1259 
f 1260/1260/1260 1261/1261/1261 1262/1262/1262 
f 1262/1262/1262 1261/1261/1261 1254/1254/1254 
f 1254/1254/1254 1261/1261/1261 1253/1253/1253 
f 1263/1263/1263 1264/1264/1264 1258/1258/1258 
f 1258/1258/1258 1264/1264/1264 1257/1257/1257 
f 1257/1257/1257 1264/1264/1264 1265/1265/1265 
f 1266/1266/1266 1267/1267/1267 1268/1268/1268 
f 1268/1268/1268 1267/1267/1267 974/974/974 
f 974/974/974 1267/1267/1267 995/995/995 
f 1265/1265/1265 1264/1264/1264 1269/1269/1269 
f 1269/1269/1269 1264/1264/1264 1270/1270/1270 
f 1270/1270/1270 1264/1264/1264 1263/1263/1263 
f 1271/1271/1271 1018/1018/1018 1266/1266/1266 
f 1266/1266/1266 1018/1018/1018 1267/1267/1267 
f 1267/1267/1267 1018/1018/1018 995/995/995 
f 1272/1272/1272 1273/1273/1273 1270/1270/1270 
f 1270/1270/1270 1273/1273/1273 1269/1269/1269 
f 1269/1269/1269 1273/1273/1273 1274/1274/1274 
f 1275/1275/1275 1276/1276/1276 1271/1271/1271 
f 1271/1271/1271 1276/1276/1276 1018/1018/1018 
f 1018/1018/1018 1276/1276/1276 1038/1038/1038 
f 1277/1277/1277 1273/1273/1273 1278/1278/1278 
f 1278/1278/1278 1273/1273/1273 1279/1279/1279 
f 1279/1279/1279 1273/1273/1273 1272/1272/1272 
f 1280/1280/1280 1064/1064/1064 1281/1281/1281 
f 1281/1281/1281 1064/1064/1064 1276/1276/1276 
f 1276/1276/1276 1064/1064/1064 1038/1038/1038 
f 1282/1282/1282 1283/1283/1283 1279/1279/1279 
f 1279/1279/1279 1283/1283/1283 1278/1278/1278 
f 1278/1278/1278 1283/1283/1283 1284/1284/1284 
f 1285/1285/1285 1286/1286/1286 1280/1280/1280 
f 1280/1280/1280 1286/1286/1286 1064/1064/1064 
f 1064/1064/1064 1286/1286/1286 1082/1082/1082 
f 1284/1284/1284 1283/1283/1283 1287/1287/1287 
f 1287/1287/1287 1283/1283/1283 1288/1288/1288 
f 1288/1288/1288 1283/1283/1283 1282/1282/1282 
f 1289/1289/1289 1098/1098/1098 1285/1285/1285 
f 1285/1285/1285 1098/1098/1098 1286/1286/1286 
f 1286/1286/1286 1098/1098/1098 1082/1082/1082 
f 1290/1290/1290 1291/1291/1291 1288/1288/1288 
f 1288/1288/1288 1291/1291/1291 1287/1287/1287 
f 1287/1287/1287 1291/1291/1291 1292/1292/1292 
f 1293/1293/1293 1294/1294/1294 1295/1295/1295 
f 1295/1295/1295 1294/1294/1294 1296/1296/1296 
f 1296/1296/1296 1294/1294/1294 1297/1297/1297 
f 1292/1292/1292 1291/1291/1291 1298/1298/1298 
f 1298/1298/1298 1291/1291/1291 1299/1299/1299 
f 1299/1299/1299 1291/1291/1291 1290/1290/1290 
f 1300/1300/1300 1301/1301/1301 1293/1293/1293 
f 1293/1293/1293 1301/1301/1301 1294/1294/1294 
f 1294/1294/1294 1301/1301/1301 1297/1297/1297 
f 1302/1302/1302 1303/1303/1303 1299/1299/1299 
f 1299/1299/1299 1303/1303/1303 1298/1298/1298 
f 1298/1298/1298 1303/1303/1303 1304/1304/1304 
f 1305/1305/1305 1306/1306/1306 1300/1300/1300 
f 1300/1300/1300 1306/1306/1306 1301/1301/1301 
f 1301/1301/1301 1306/1306/1306 1307/1307/1307 
f 1308/1308/1308 1309/1309/1309 1310/1310/1310 
f 1311/1311/1311 1312/1312/1312 1313/1313/1313 
f 1314/1314/1314 1315/1315/1315 1316/1316/1316 
f 1317/1317/1317 1318/1318/1318 1319/1319/1319 
f 1320/1320/1320 1321/1321/1321 1322/1322/1322 
f 1323/1323/1323 1271/1271/1271 1266/1266/1266 
f 1324/1324/1324 1325/1325/1325 1326/1326/1326 
f 1323/1323/1323 1275/1275/1275 1271/1271/1271 
f 1327/1327/1327 1328/1328/1328 1329/1329/1329 
f 1330/1330/1330 1280/1280/1280 1281/1281/1281 
f 1331/1331/1331 1332/1332/1332 1333/1333/1333 
f 1330/1330/1330 1285/1285/1285 1280/1280/1280 
f 1334/1334/1334 1335/1335/1335 1336/1336/1336 
f 1337/1337/1337 1338/1338/1338 1339/1339/1339 
f 1340/1340/1340 1341/1341/1341 1342/1342/1342 
f 1343/1343/1343 1344/1344/1344 1345/1345/1345 
f 1346/1346/1346 1342/1342/1342 1347/1347/1347 
f 1348/1348/1348 1300/1300/1300 1293/1293/1293 
f 1349/1349/1349 1350/1350/1350 1351/1351/1351 
f 1348/1348/1348 1305/1305/1305 1300/1300/1300 
f 1352/1352/1352 1353/1353/1353 1354/1354/1354 
f 1355/1355/1355 1354/1354/1354 1353/1353/1353 
f 1356/1356/1356 1353/1353/1353 1357/1357/1357 
f 1352/1352/1352 1357/1357/1357 1353/1353/1353 
f 1358/1358/1358 1359/1359/1359 1358/1358/1358 
f 1359/1359/1359 1358/1358/1358 1359/1359/1359 
f 1360/1360/1360 1361/1361/1361 1362/1362/1362 
f 1363/1363/1363 1362/1362/1362 1361/1361/1361 
f 1364/1364/1364 1365/1365/1365 1360/1360/1360 
f 1361/1361/1361 1360/1360/1360 1365/1365/1365 
f 1353/1353/1353 1366/1366/1366 1355/1355/1355 
f 1367/1367/1367 1355/1355/1355 1366/1366/1366 
f 1368/1368/1368 1369/1369/1369 1370/1370/1370 
f 1371/1371/1371 1370/1370/1370 1369/1369/1369 
f 1372/1372/1372 1372/1372/1372 1359/1359/1359 
f 1359/1359/1359 1359/1359/1359 1372/1372/1372 
f 1373/1373/1373 1374/1374/1374 1375/1375/1375 
f 1376/1376/1376 1375/1375/1375 1374/1374/1374 
f 1377/1377/1377 1378/1378/1378 1373/1373/1373 
f 1374/1374/1374 1373/1373/1373 1378/1378/1378 
f 1379/1379/1379 1380/1380/1380 1381/1381/1381 
f 1382/1382/1382 1381/1381/1381 1380/1380/1380 
f 1361/1361/1361 1383/1383/1383 1363/1363/1363 
f 1384/1384/1384 1363/1363/1363 1383/1383/1383 
f 1365/1365/1365 1385/1385/1385 1361/1361/1361 
f 1383/1383/1383 1361/1361/1361 1385/1385/1385 
f 1386/1386/1386 1387/1387/1387 1365/1365/1365 
f 1385/1385/1385 1365/1365/1365 1387/1387/1387 
f 1366/1366/1366 1388/1388/1388 1367/1367/1367 
f 1389/1389/1389 1367/1367/1367 1388/1388/1388 
f 1390/1390/1390 1391/1391/1391 1368/1368/1368 
f 1369/1369/1369 1368/1368/1368 1391/1391/1391 
f 1392/1392/1392 1392/1392/1392 1372/1372/1372 
f 1372/1372/1372 1372/1372/1372 1392/1392/1392 
f 1376/1376/1376 1393/1393/1393 1394/1394/1394 
f 1395/1395/1395 1394/1394/1394 1393/1393/1393 
f 1374/1374/1374 1396/1396/1396 1376/1376/1376 
f 1393/1393/1393 1376/1376/1376 1396/1396/1396 
f 1378/1378/1378 1397/1397/1397 1374/1374/1374 
f 1396/1396/1396 1374/1374/1374 1397/1397/1397 
f 1380/1380/1380 1398/1398/1398 1382/1382/1382 
f 1399/1399/1399 1382/1382/1382 1398/1398/1398 
f 1400/1400/1400 1401/1401/1401 1402/1402/1402 
f 1403/1403/1403 1402/1402/1402 1401/1401/1401 
f 1404/1404/1404 1405/1405/1405 1400/1400/1400 
f 1401/1401/1401 1400/1400/1400 1405/1405/1405 
f 1406/1406/1406 1407/1407/1407 1404/1404/1404 
f 1405/1405/1405 1404/1404/1404 1407/1407/1407 
f 1408/1408/1408 1409/1409/1409 1406/1406/1406 
f 1407/1407/1407 1406/1406/1406 1409/1409/1409 
f 1391/1391/1391 1410/1410/1410 1408/1408/1408 
f 1409/1409/1409 1408/1408/1408 1410/1410/1410 
f 1411/1411/1411 1410/1410/1410 1390/1390/1390 
f 1391/1391/1391 1390/1390/1390 1410/1410/1410 
f 1392/1392/1392 1412/1412/1412 1392/1392/1392 
f 1412/1412/1412 1392/1392/1392 1412/1412/1412 
f 1413/1413/1413 1414/1414/1414 1415/1415/1415 
f 1416/1416/1416 1415/1415/1415 1414/1414/1414 
f 1417/1417/1417 1418/1418/1418 1413/1413/1413 
f 1414/1414/1414 1413/1413/1413 1418/1418/1418 
f 1419/1419/1419 1420/1420/1420 1417/1417/1417 
f 1418/1418/1418 1417/1417/1417 1420/1420/1420 
f 1421/1421/1421 1422/1422/1422 1419/1419/1419 
f 1420/1420/1420 1419/1419/1419 1422/1422/1422 
f 1398/1398/1398 1423/1423/1423 1399/1399/1399 
f 1424/1424/1424 1399/1399/1399 1423/1423/1423 
f 1401/1401/1401 1425/1425/1425 1403/1403/1403 
f 1426/1426/1426 1403/1403/1403 1425/1425/1425 
f 1405/1405/1405 1427/1427/1427 1401/1401/1401 
f 1425/1425/1425 1401/1401/1401 1427/1427/1427 
f 1407/1407/1407 1428/1428/1428 1405/1405/1405 
f 1427/1427/1427 1405/1405/1405 1428/1428/1428 
f 1409/1409/1409 1429/1429/1429 1407/1407/1407 
f 1428/1428/1428 1407/1407/1407 1429/1429/1429 
f 1410/1410/1410 1430/1430/1430 1409/1409/1409 
f 1429/1429/1429 1409/1409/1409 1430/1430/1430 
f 1431/1431/1431 1430/1430/1430 1411/1411/1411 
f 1410/1410/1410 1411/1411/1411 1430/1430/1430 
f 1432/1432/1432 1432/1432/1432 1412/1412/1412 
f 1412/1412/1412 1412/1412/1412 1432/1432/1432 
f 1414/1414/1414 1433/1433/1433 1416/1416/1416 
f 1434/1434/1434 1416/1416/1416 1433/1433/1433 
f 1418/1418/1418 1435/1435/1435 1414/1414/1414 
f 1433/1433/1433 1414/1414/1414 1435/1435/1435 
f 1420/1420/1420 1436/1436/1436 1418/1418/1418 
f 1435/1435/1435 1418/1418/1418 1436/1436/1436 
f 1422/1422/1422 1437/1437/1437 1420/1420/1420 
f 1436/1436/1436 1420/1420/1420 1437/1437/1437 
f 1423/1423/1423 1438/1438/1438 1424/1424/1424 
f 1439/1439/1439 1424/1424/1424 1438/1438/1438 
f 1425/1425/1425 1440/1440/1440 1426/1426/1426 
f 1441/1441/1441 1426/1426/1426 1440/1440/1440 
f 1442/1442/1442 1443/1443/1443 1444/1444/1444 
f 1445/1445/1445 1444/1444/1444 1443/1443/1443 
f 1446/1446/1446 1447/1447/1447 1448/1448/1448 
f 1449/1449/1449 1448/1448/1448 1447/1447/1447 
f 1450/1450/1450 1451/1451/1451 1452/1452/1452 
f 1453/1453/1453 1452/1452/1452 1451/1451/1451 
f 1430/1430/1430 1454/1454/1454 1429/1429/1429 
f 1455/1455/1455 1429/1429/1429 1454/1454/1454 
f 1456/1456/1456 1454/1454/1454 1431/1431/1431 
f 1430/1430/1430 1431/1431/1431 1454/1454/1454 
f 1457/1457/1457 1457/1457/1457 1432/1432/1432 
f 1432/1432/1432 1432/1432/1432 1457/1457/1457 
f 1433/1433/1433 1458/1458/1458 1434/1434/1434 
f 1459/1459/1459 1434/1434/1434 1458/1458/1458 
f 1435/1435/1435 1460/1460/1460 1433/1433/1433 
f 1458/1458/1458 1433/1433/1433 1460/1460/1460 
f 1436/1436/1436 1461/1461/1461 1435/1435/1435 
f 1460/1460/1460 1435/1435/1435 1461/1461/1461 
f 1437/1437/1437 1462/1462/1462 1436/1436/1436 
f 1461/1461/1461 1436/1436/1436 1462/1462/1462 
f 1438/1438/1438 1463/1463/1463 1439/1439/1439 
f 1464/1464/1464 1439/1439/1439 1463/1463/1463 
f 1440/1440/1440 1465/1465/1465 1441/1441/1441 
f 1466/1466/1466 1441/1441/1441 1465/1465/1465 
f 1467/1467/1467 1468/1468/1468 1440/1440/1440 
f 1465/1465/1465 1440/1440/1440 1468/1468/1468 
f 1469/1469/1469 1470/1470/1470 1467/1467/1467 
f 1468/1468/1468 1467/1467/1467 1470/1470/1470 
f 1455/1455/1455 1471/1471/1471 1469/1469/1469 
f 1470/1470/1470 1469/1469/1469 1471/1471/1471 
f 1454/1454/1454 1472/1472/1472 1455/1455/1455 
f 1471/1471/1471 1455/1455/1455 1472/1472/1472 
f 1473/1473/1473 1472/1472/1472 1456/1456/1456 
f 1454/1454/1454 1456/1456/1456 1472/1472/1472 
f 1474/1474/1474 1474/1474/1474 1457/1457/1457 
f 1457/1457/1457 1457/1457/1457 1474/1474/1474 
f 1458/1458/1458 1475/1475/1475 1459/1459/1459 
f 1476/1476/1476 1459/1459/1459 1475/1475/1475 
f 1460/1460/1460 1477/1477/1477 1458/1458/1458 
f 1475/1475/1475 1458/1458/1458 1477/1477/1477 
f 1461/1461/1461 1478/1478/1478 1460/1460/1460 
f 1477/1477/1477 1460/1460/1460 1478/1478/1478 
f 1462/1462/1462 1479/1479/1479 1461/1461/1461 
f 1478/1478/1478 1461/1461/1461 1479/1479/1479 
f 1463/1463/1463 1480/1480/1480 1464/1464/1464 
f 1481/1481/1481 1464/1464/1464 1480/1480/1480 
f 1465/1465/1465 1482/1482/1482 1466/1466/1466 
f 1483/1483/1483 1466/1466/1466 1482/1482/1482 
f 1468/1468/1468 1484/1484/1484 1465/1465/1465 
f 1482/1482/1482 1465/1465/1465 1484/1484/1484 
f 1470/1470/1470 1485/1485/1485 1468/1468/1468 
f 1484/1484/1484 1468/1468/1468 1485/1485/1485 
f 1471/1471/1471 1486/1486/1486 1470/1470/1470 
f 1485/1485/1485 1470/1470/1470 1486/1486/1486 
f 1472/1472/1472 1487/1487/1487 1471/1471/1471 
f 1486/1486/1486 1471/1471/1471 1487/1487/1487 
f 1488/1488/1488 1487/1487/1487 1473/1473/1473 
f 1472/1472/1472 1473/1473/1473 1487/1487/1487 
f 1489/1489/1489 1489/1489/1489 1474/1474/1474 
f 1474/1474/1474 1474/1474/1474 1489/1489/1489 
f 1475/1475/1475 1490/1490/1490 1476/1476/1476 
f 1491/1491/1491 1476/1476/1476 1490/1490/1490 
f 1477/1477/1477 1492/1492/1492 1475/1475/1475 
f 1490/1490/1490 1475/1475/1475 1492/1492/1492 
f 1478/1478/1478 1493/1493/1493 1477/1477/1477 
f 1492/1492/1492 1477/1477/1477 1493/1493/1493 
f 1479/1479/1479 1494/1494/1494 1478/1478/1478 
f 1493/1493/1493 1478/1478/1478 1494/1494/1494 
f 1480/1480/1480 1495/1495/1495 1481/1481/1481 
f 1496/1496/1496 1481/1481/1481 1495/1495/1495 
f 1497/1497/1497 1498/1498/1498 1499/1499/1499 
f 1500/1500/1500 1499/1499/1499 1498/1498/1498 
f 1501/1501/1501 1502/1502/1502 1497/1497/1497 
f 1498/1498/1498 1497/1497/1497 1502/1502/1502 
f 1503/1503/1503 1504/1504/1504 1501/1501/1501 
f 1502/1502/1502 1501/1501/1501 1504/1504/1504 
f 1505/1505/1505 1506/1506/1506 1503/1503/1503 
f 1504/1504/1504 1503/1503/1503 1506/1506/1506 
f 1507/1507/1507 1508/1508/1508 1505/1505/1505 
f 1506/1506/1506 1505/1505/1505 1508/1508/1508 
f 1509/1509/1509 1510/1510/1510 1488/1488/1488 
f 1487/1487/1487 1488/1488/1488 1510/1510/1510 
f 1511/1511/1511 1511/1511/1511 1489/1489/1489 
f 1489/1489/1489 1489/1489/1489 1511/1511/1511 
f 1512/1512/1512 1513/1513/1513 1514/1514/1514 
f 1515/1515/1515 1514/1514/1514 1513/1513/1513 
f 1516/1516/1516 1517/1517/1517 1512/1512/1512 
f 1513/1513/1513 1512/1512/1512 1517/1517/1517 
f 1518/1518/1518 1519/1519/1519 1516/1516/1516 
f 1517/1517/1517 1516/1516/1516 1519/1519/1519 
f 1520/1520/1520 1521/1521/1521 1518/1518/1518 
f 1519/1519/1519 1518/1518/1518 1521/1521/1521 
f 1495/1495/1495 1522/1522/1522 1496/1496/1496 
f 1523/1523/1523 1496/1496/1496 1522/1522/1522 
f 1498/1498/1498 1524/1524/1524 1500/1500/1500 
f 1525/1525/1525 1500/1500/1500 1524/1524/1524 
f 1502/1502/1502 1526/1526/1526 1498/1498/1498 
f 1524/1524/1524 1498/1498/1498 1526/1526/1526 
f 1504/1504/1504 1527/1527/1527 1502/1502/1502 
f 1526/1526/1526 1502/1502/1502 1527/1527/1527 
f 1506/1506/1506 1528/1528/1528 1504/1504/1504 
f 1527/1527/1527 1504/1504/1504 1528/1528/1528 
f 1508/1508/1508 1529/1529/1529 1506/1506/1506 
f 1528/1528/1528 1506/1506/1506 1529/1529/1529 
f 1530/1530/1530 1531/1531/1531 1509/1509/1509 
f 1510/1510/1510 1509/1509/1509 1531/1531/1531 
f 1532/1532/1532 1532/1532/1532 1511/1511/1511 
f 1511/1511/1511 1511/1511/1511 1532/1532/1532 
f 1513/1513/1513 1533/1533/1533 1515/1515/1515 
f 1534/1534/1534 1515/1515/1515 1533/1533/1533 
f 1517/1517/1517 1535/1535/1535 1513/1513/1513 
f 1533/1533/1533 1513/1513/1513 1535/1535/1535 
f 1519/1519/1519 1536/1536/1536 1517/1517/1517 
f 1535/1535/1535 1517/1517/1517 1536/1536/1536 
f 1521/1521/1521 1537/1537/1537 1519/1519/1519 
f 1536/1536/1536 1519/1519/1519 1537/1537/1537 
f 1522/1522/1522 1538/1538/1538 1523/1523/1523 
f 1539/1539/1539 1523/1523/1523 1538/1538/1538 
f 1524/1524/1524 1540/1540/1540 1525/1525/1525 
f 1541/1541/1541 1525/1525/1525 1540/1540/1540 
f 1526/1526/1526 1542/1542/1542 1524/1524/1524 
f 1540/1540/1540 1524/1524/1524 1542/1542/1542 
f 1527/1527/1527 1543/1543/1543 1526/1526/1526 
f 1542/1542/1542 1526/1526/1526 1543/1543/1543 
f 1528/1528/1528 1544/1544/1544 1527/1527/1527 
f 1543/1543/1543 1527/1527/1527 1544/1544/1544 
f 1529/1529/1529 1545/1545/1545 1528/1528/1528 
f 1544/1544/1544 1528/1528/1528 1545/1545/1545 
f 1546/1546/1546 1547/1547/1547 1530/1530/1530 
f 1531/1531/1531 1530/1530/1530 1547/1547/1547 
f 1548/1548/1548 1548/1548/1548 1532/1532/1532 
f 1532/1532/1532 1532/1532/1532 1548/1548/1548 
f 1533/1533/1533 1549/1549/1549 1534/1534/1534 
f 1550/1550/1550 1534/1534/1534 1549/1549/1549 
f 1535/1535/1535 1551/1551/1551 1533/1533/1533 
f 1549/1549/1549 1533/1533/1533 1551/1551/1551 
f 1536/1536/1536 1552/1552/1552 1535/1535/1535 
f 1551/1551/1551 1535/1535/1535 1552/1552/1552 
f 1537/1537/1537 1553/1553/1553 1536/1536/1536 
f 1552/1552/1552 1536/1536/1536 1553/1553/1553 
f 1538/1538/1538 1554/1554/1554 1539/1539/1539 
f 1555/1555/1555 1539/1539/1539 1554/1554/1554 
f 1556/1556/1556 1557/1557/1557 1558/1558/1558 
f 1558/1558/1558 1559/1559/1559 1556/1556/1556 
f 1560/1560/1560 1559/1559/1559 1561/1561/1561 
f 1558/1558/1558 1561/1561/1561 1559/1559/1559 
f 1562/1562/1562 1563/1563/1563 1564/1564/1564 
f 1565/1565/1565 1564/1564/1564 1563/1563/1563 
f 1566/1566/1566 1567/1567/1567 1568/1568/1568 
f 1569/1569/1569 1568/1568/1568 1567/1567/1567 
f 1570/1570/1570 1571/1571/1571 1572/1572/1572 
f 1573/1573/1573 1572/1572/1572 1571/1571/1571 
f 1574/1574/1574 1575/1575/1575 1576/1576/1576 
f 1577/1577/1577 1576/1576/1576 1575/1575/1575 
f 1578/1578/1578 1579/1579/1579 1580/1580/1580 
f 1581/1581/1581 1580/1580/1580 1579/1579/1579 
f 1579/1579/1579 1582/1582/1582 1581/1581/1581 
f 1583/1583/1583 1581/1581/1581 1582/1582/1582 
f 1582/1582/1582 1584/1584/1584 1583/1583/1583 
f 1585/1585/1585 1583/1583/1583 1584/1584/1584 
f 1586/1586/1586 1587/1587/1587 1588/1588/1588 
f 1589/1589/1589 1588/1588/1588 1587/1587/1587 
f 1590/1590/1590 1591/1591/1591 1586/1586/1586 
f 1587/1587/1587 1586/1586/1586 1591/1591/1591 
f 1592/1592/1592 1593/1593/1593 1590/1590/1590 
f 1591/1591/1591 1590/1590/1590 1593/1593/1593 
f 1594/1594/1594 1595/1595/1595 1596/1596/1596 
f 1597/1597/1597 1596/1596/1596 1595/1595/1595 
f 1598/1598/1598 1599/1599/1599 1600/1600/1600 
f 1601/1601/1601 1600/1600/1600 1599/1599/1599 
f 1602/1602/1602 1603/1603/1603 1598/1598/1598 
f 1599/1599/1599 1598/1598/1598 1603/1603/1603 
f 1604/1604/1604 1605/1605/1605 1602/1602/1602 
f 1603/1603/1603 1602/1602/1602 1605/1605/1605 
f 1606/1606/1606 1607/1607/1607 1608/1608/1608 
f 1609/1609/1609 1608/1608/1608 1607/1607/1607 
f 1610/1610/1610 1611/1611/1611 1612/1612/1612 
f 1613/1613/1613 1612/1612/1612 1611/1611/1611 
f 1591/1591/1591 1614/1614/1614 1587/1587/1587 
f 1615/1615/1615 1587/1587/1587 1614/1614/1614 
f 1593/1593/1593 1616/1616/1616 1591/1591/1591 
f 1614/1614/1614 1591/1591/1591 1616/1616/1616 
f 1617/1617/1617 1618/1618/1618 1619/1619/1619 
f 1620/1620/1620 1619/1619/1619 1618/1618/1618 
f 1599/1599/1599 1621/1621/1621 1601/1601/1601 
f 1622/1622/1622 1601/1601/1601 1621/1621/1621 
f 1603/1603/1603 1623/1623/1623 1599/1599/1599 
f 1621/1621/1621 1599/1599/1599 1623/1623/1623 
f 1624/1624/1624 1625/1625/1625 1626/1626/1626 
f 1627/1627/1627 1626/1626/1626 1625/1625/1625 
f 1616/1616/1616 1628/1628/1628 1614/1614/1614 
f 1629/1629/1629 1614/1614/1614 1628/1628/1628 
f 1630/1630/1630 1631/1631/1631 1632/1632/1632 
f 1633/1633/1633 1632/1632/1632 1631/1631/1631 
f 1621/1621/1621 1634/1634/1634 1622/1622/1622 
f 1635/1635/1635 1622/1622/1622 1634/1634/1634 
f 1636/1636/1636 1637/1637/1637 1638/1638/1638 
f 1639/1639/1639 1638/1638/1638 1637/1637/1637 
f 1640/1640/1640 1641/1641/1641 1642/1642/1642 
f 1643/1643/1643 1642/1642/1642 1641/1641/1641 
f 1644/1644/1644 1645/1645/1645 1646/1646/1646 
f 1646/1646/1646 1645/1645/1645 1647/1647/1647 
f 1647/1647/1647 1645/1645/1645 1648/1648/1648 
f 1641/1641/1641 1649/1649/1649 1643/1643/1643 
f 1643/1643/1643 1649/1649/1649 1650/1650/1650 
f 1650/1650/1650 1649/1649/1649 1651/1651/1651 
f 1652/1652/1652 1646/1646/1646 1653/1653/1653 
f 1654/1654/1654 1653/1653/1653 1647/1647/1647 
f 1653/1653/1653 1646/1646/1646 1647/1647/1647 
f 1655/1655/1655 1656/1656/1656 1657/1657/1657 
f 1657/1657/1657 1656/1656/1656 1658/1658/1658 
f 1658/1658/1658 1656/1656/1656 1659/1659/1659 
f 1652/1652/1652 1653/1653/1653 1660/1660/1660 
f 1660/1660/1660 1653/1653/1653 1661/1661/1661 
f 1661/1661/1661 1653/1653/1653 1654/1654/1654 
f 1655/1655/1655 1662/1662/1662 1656/1656/1656 
f 1656/1656/1656 1662/1662/1662 1659/1659/1659 
f 1659/1659/1659 1662/1662/1662 1663/1663/1663 
f 1664/1664/1664 1660/1660/1660 1665/1665/1665 
f 1666/1666/1666 1665/1665/1665 1661/1661/1661 
f 1665/1665/1665 1660/1660/1660 1661/1661/1661 
f 1667/1667/1667 1668/1668/1668 1662/1662/1662 
f 1662/1662/1662 1668/1668/1668 1663/1663/1663 
f 1663/1663/1663 1668/1668/1668 1669/1669/1669 
f 1664/1664/1664 1665/1665/1665 1670/1670/1670 
f 1670/1670/1670 1665/1665/1665 1671/1671/1671 
f 1671/1671/1671 1665/1665/1665 1672/1672/1672 
f 1667/1667/1667 1673/1673/1673 1668/1668/1668 
f 1668/1668/1668 1673/1673/1673 1674/1674/1674 
f 1674/1674/1674 1673/1673/1673 1675/1675/1675 
f 1676/1676/1676 1670/1670/1670 1677/1677/1677 
f 1678/1678/1678 1677/1677/1677 1671/1671/1671 
f 1677/1677/1677 1670/1670/1670 1671/1671/1671 
f 1679/1679/1679 1680/1680/1680 1673/1673/1673 
f 1673/1673/1673 1680/1680/1680 1675/1675/1675 
f 1675/1675/1675 1680/1680/1680 1681/1681/1681 
f 1676/1676/1676 1677/1677/1677 1682/1682/1682 
f 1682/1682/1682 1677/1677/1677 1683/1683/1683 
f 1683/1683/1683 1677/1677/1677 1678/1678/1678 
f 1679/1679/1679 1684/1684/1684 1680/1680/1680 
f 1680/1680/1680 1684/1684/1684 1681/1681/1681 
f 1681/1681/1681 1684/1684/1684 1685/1685/1685 
f 1686/1686/1686 1682/1682/1682 1687/1687/1687 
f 1688/1688/1688 1687/1687/1687 1683/1683/1683 
f 1687/1687/1687 1682/1682/1682 1683/1683/1683 
f 1689/1689/1689 1690/1690/1690 1691/1691/1691 
f 1691/1691/1691 1690/1690/1690 1692/1692/1692 
f 1692/1692/1692 1690/1690/1690 1693/1693/1693 
f 1686/1686/1686 1687/1687/1687 1694/1694/1694 
f 1694/1694/1694 1687/1687/1687 1695/1695/1695 
f 1695/1695/1695 1687/1687/1687 1688/1688/1688 
f 1689/1689/1689 1696/1696/1696 1690/1690/1690 
f 1690/1690/1690 1696/1696/1696 1693/1693/1693 
f 1693/1693/1693 1696/1696/1696 1697/1697/1697 
f 1698/1698/1698 1694/1694/1694 1699/1699/1699 
f 1700/1700/1700 1699/1699/1699 1695/1695/1695 
f 1699/1699/1699 1694/1694/1694 1695/1695/1695 
f 1701/1701/1701 1702/1702/1702 1696/1696/1696 
f 1696/1696/1696 1702/1702/1702 1697/1697/1697 
f 1697/1697/1697 1702/1702/1702 1703/1703/1703 
f 1704/1704/1704 1705/1705/1705 1706/1706/1706 
f 1707/1707/1707 1708/1708/1708 1709/1709/1709 
f 1710/1710/1710 1711/1711/1711 1712/1712/1712 
f 1713/1713/1713 1714/1714/1714 1715/1715/1715 
f 1716/1716/1716 1710/1710/1710 1717/1717/1717 
f 1659/1659/1659 1663/1663/1663 1718/1718/1718 
f 1719/1719/1719 1716/1716/1716 1717/1717/1717 
f 1663/1663/1663 1669/1669/1669 1718/1718/1718 
f 1720/1720/1720 1721/1721/1721 1722/1722/1722 
f 1674/1674/1674 1675/1675/1675 1723/1723/1723 
f 1724/1724/1724 1725/1725/1725 1726/1726/1726 
f 1675/1675/1675 1681/1681/1681 1723/1723/1723 
f 1727/1727/1727 1728/1728/1728 1729/1729/1729 
f 1730/1730/1730 1731/1731/1731 1732/1732/1732 
f 1733/1733/1733 1734/1734/1734 1735/1735/1735 
f 1736/1736/1736 1737/1737/1737 1738/1738/1738 
f 1739/1739/1739 1740/1740/1740 1741/1741/1741 
f 1693/1693/1693 1697/1697/1697 1742/1742/1742 
f 1743/1743/1743 1744/1744/1744 1745/1745/1745 
f 1697/1697/1697 1703/1703/1703 1742/1742/1742 

g Player1

v 0.222454 101.087 -0.559839 
v 0.263484 101.046 -0.542426 
v 0.22447 101.052 -0.518534 
v 0.261321 101.092 -0.586337 
v 0.255843 100.977 -0.462931 
v 0.217214 100.988 -0.444462 
v 0.242528 100.922 -0.362572 
v 0.204636 100.939 -0.350898 
v 0.22167 100.89 -0.236374 
v 0.184987 100.911 -0.233157 
v 0.203466 100.877 -0.0895751 
v 0.169183 100.899 -0.0957601 
v 1.12383 101.152 -0.344652 
v 1.09848 101.139 -0.380988 
v 1.13329 101.189 -0.383738 
v 1.10698 101.186 -0.422838 
v 1.09084 101.07 -0.301493 
v 1.11657 101.088 -0.27058 
v 1.07753 101.015 -0.201134 
v 1.10399 101.039 -0.177016 
v 1.05667 100.983 -0.0749359 
v 1.08435 101.011 -0.0592754 
v 1.02175 100.968 0.0686308 
v 1.05052 100.997 0.0746379 
v 0.183606 101.083 -0.533438 
v 0.22447 101.052 -0.518534 
v 0.185704 101.055 -0.494733 
v 0.222454 101.087 -0.559839 
v 0.217214 100.988 -0.444462 
v 0.178807 100.997 -0.425885 
v 0.204636 100.939 -0.350898 
v 0.167028 100.953 -0.339212 
v 0.184987 100.911 -0.233157 
v 0.148619 100.928 -0.230029 
v 0.169183 100.899 -0.0957601 
v 0.135187 100.918 -0.101937 
v 1.12383 101.152 -0.344652 
v 1.15962 101.192 -0.344736 
v 1.14942 101.162 -0.308408 
v 1.13329 101.189 -0.383738 
v 1.11657 101.088 -0.27058 
v 1.14252 101.105 -0.239561 
v 1.10399 101.039 -0.177016 
v 1.13075 101.06 -0.152888 
v 1.08435 101.011 -0.0592754 
v 1.11234 101.036 -0.0437045 
v 1.05052 100.997 0.0746379 
v 1.0796 101.023 0.0806546 
v 0.203466 100.877 -0.0895751 
v 0.143088 100.907 0.0345173 
v 0.169183 100.899 -0.0957601 
v 0.175471 100.886 0.0502263 
v 0.108696 100.93 0.15033 
v 0.13971 100.913 0.174595 
v 0.0864118 100.977 0.238635 
v 0.115568 100.964 0.26966 
v 0.0708906 101.014 0.29732 
v 0.0984199 101.007 0.333727 
v 0.0470616 101.071 0.35659 
v 0.0733924 101.074 0.395591 
v 1.05052 100.997 0.0746379 
v 1.02443 101.005 0.204915 
v 1.02175 100.968 0.0686308 
v 0.993752 100.977 0.208432 
v 1.00805 101.03 0.324211 
v 0.974711 101.006 0.336034 
v 0.98577 101.077 0.412517 
v 0.950569 101.057 0.431098 
v 0.970249 101.114 0.471201 
v 0.933421 101.1 0.495165 
v 0.957898 101.173 0.532691 
v 0.919051 101.168 0.55909 
v 0.169183 100.899 -0.0957601 
v 0.110974 100.925 0.0189155 
v 0.135187 100.918 -0.101937 
v 0.143088 100.907 0.0345173 
v 0.0779677 100.945 0.126071 
v 0.108696 100.93 0.15033 
v 0.0575147 100.987 0.207521 
v 0.0864118 100.977 0.238635 
v 0.0435723 101.019 0.26102 
v 0.0708906 101.014 0.29732 
v 0.0207501 101.068 0.317489 
v 0.0470616 101.071 0.35659 
v 1.05052 100.997 0.0746379 
v 1.05538 101.03 0.201507 
v 1.02443 101.005 0.204915 
v 1.0796 101.023 0.0806546 
v 1.04168 101.052 0.312396 
v 1.00805 101.03 0.324211 
v 1.02123 101.094 0.393846 
v 0.98577 101.077 0.412517 
v 1.00729 101.127 0.447344 
v 0.970249 101.114 0.471201 
v 0.996765 101.177 0.506191 
v 0.957898 101.173 0.532691 
v 0.0140223 101.37 0.355463 
v -0.019017 101.669 0.354336 
v -0.0122986 101.367 0.316411 
v 0.0470616 101.071 0.35659 
v 0.0207501 101.068 0.317489 
v -0.0453475 101.666 0.315333 
v -0.0548499 101.787 0.295261 
v -0.0292199 101.798 0.332956 
v -0.0283877 101.904 0.267665 
v -0.054088 101.885 0.234612 
v -0.0179802 101.987 0.166323 
v -0.0443904 101.961 0.14056 
v 0.00106782 102.037 0.0387807 
v -0.0267209 102.008 0.0223588 
v 0.0263947 102.055 -0.102391 
v -0.00326085 102.025 -0.108596 
v 0.963716 101.476 0.505113 
v 0.930668 101.775 0.504035 
v 0.924859 101.472 0.531564 
v 0.996765 101.177 0.506191 
v 0.957898 101.173 0.532691 
v 0.89182 101.771 0.530436 
v 0.921165 101.895 0.483963 
v 0.881617 101.9 0.509056 
v 0.882449 102.006 0.443765 
v 0.921938 101.994 0.423314 
v 0.892867 102.088 0.342424 
v 0.931647 102.07 0.329263 
v 0.911904 102.139 0.214881 
v 0.949316 102.116 0.211062 
v 0.937231 102.156 0.0737094 
v 0.972765 102.133 0.0801061 
v 0.966989 102.144 -0.0730496 
v 0.937231 102.156 0.0737094 
v 1.00047 102.121 -0.0563441 
v 0.972765 102.133 0.0801061 
v 1.02802 102.079 -0.174321 
v 0.996716 102.098 -0.200244 
v 1.05421 102.006 -0.267737 
v 1.025 102.018 -0.301004 
v 1.0765 101.909 -0.327684 
v 1.04901 101.915 -0.365538 
v 1.09352 101.79 -0.346891 
v 1.06721 101.787 -0.385991 
v 1.10025 101.488 -0.384865 
v 1.12657 101.491 -0.345813 
v 1.15962 101.192 -0.344736 
v 1.13329 101.189 -0.383738 
v 0.0244458 102.013 -0.245047 
v 0.0263947 102.055 -0.102391 
v 0.0561519 102.042 -0.24915 
v -0.00326085 102.025 -0.108596 
v 0.0519783 101.97 -0.363024 
v 0.0858682 101.996 -0.376345 
v 0.0781814 101.897 -0.45644 
v 0.114152 101.917 -0.477105 
v 0.100489 101.801 -0.516387 
v 0.138177 101.813 -0.541638 
v 0.117509 101.681 -0.535593 
v 0.156375 101.685 -0.562092 
v 0.150558 101.382 -0.534515 
v 0.189415 101.386 -0.560965 
v 0.222454 101.087 -0.559839 
v 0.183606 101.083 -0.533438 
v -0.019017 101.669 0.354336 
v 0.0140223 101.37 0.355463 
v 0.0403436 101.373 0.394514 
v 0.0733924 101.074 0.395591 
v 0.0470616 101.071 0.35659 
v 0.00729477 101.672 0.393436 
v -0.00359762 101.81 0.370748 
v -0.0292199 101.798 0.332956 
v -0.00268728 101.923 0.300717 
v -0.0283877 101.904 0.267665 
v 0.00840443 102.013 0.191987 
v -0.0179802 101.987 0.166323 
v 0.0288268 102.067 0.0552995 
v 0.00106782 102.037 0.0387807 
v 0.0560394 102.085 -0.0961865 
v 0.0263947 102.055 -0.102391 
v 0.852954 101.766 0.556935 
v 0.886002 101.467 0.558013 
v 0.924859 101.472 0.531564 
v 0.957898 101.173 0.532691 
v 0.919051 101.168 0.55909 
v 0.89182 101.771 0.530436 
v 0.842061 101.904 0.534247 
v 0.881617 101.9 0.509056 
v 0.842972 102.017 0.464217 
v 0.882449 102.006 0.443765 
v 0.854063 102.107 0.355486 
v 0.892867 102.088 0.342424 
v 0.874486 102.161 0.218799 
v 0.911904 102.139 0.214881 
v 0.901698 102.179 0.0673126 
v 0.937231 102.156 0.0737094 
v 0.0561519 102.042 -0.24915 
v 0.0560394 102.085 -0.0961865 
v 0.0878394 102.072 -0.253156 
v 0.0263947 102.055 -0.102391 
v 0.0858682 101.996 -0.376345 
v 0.119696 102.023 -0.389569 
v 0.114152 101.917 -0.477105 
v 0.150114 101.937 -0.497671 
v 0.138177 101.813 -0.541638 
v 0.175855 101.826 -0.566892 
v 0.156375 101.685 -0.562092 
v 0.195223 101.69 -0.588493 
v 0.189415 101.386 -0.560965 
v 0.228272 101.391 -0.587415 
v 0.222454 101.087 -0.559839 
v 0.261321 101.092 -0.586337 
v 0.965355 102.117 -0.22607 
v 0.933498 102.166 -0.0896573 
v 0.996716 102.098 -0.200244 
v 0.966989 102.144 -0.0730496 
v 0.901698 102.179 0.0673126 
v 0.937231 102.156 0.0737094 
v 1.025 102.018 -0.301004 
v 0.995773 102.031 -0.334172 
v 1.04901 101.915 -0.365538 
v 1.02149 101.92 -0.403293 
v 1.04088 101.784 -0.424994 
v 1.06721 101.787 -0.385991 
v 1.07393 101.485 -0.423916 
v 1.10025 101.488 -0.384865 
v 1.10698 101.186 -0.422838 
v 1.13329 101.189 -0.383738 
v 0.993752 100.977 0.208432 
v 0.584612 100.932 0.129329 
v 1.02175 100.968 0.0686308 
v 0.612606 100.923 -0.0104721 
v 0.203466 100.877 -0.0895751 
v 0.175471 100.886 0.0502263 
v 0.55721 100.959 0.255315 
v 0.974711 101.006 0.336034 
v 0.13971 100.913 0.174595 
v 0.533069 101.011 0.350379 
v 0.950569 101.057 0.431098 
v 0.115568 100.964 0.26966 
v 0.51592 101.054 0.414446 
v 0.933421 101.1 0.495165 
v 0.0984199 101.007 0.333727 
v 0.496222 101.121 0.477341 
v 0.919051 101.168 0.55909 
v 0.0733924 101.074 0.395591 
v 1.09084 101.07 -0.301493 
v 0.673343 101.023 -0.382212 
v 1.09848 101.139 -0.380988 
v 0.68415 101.139 -0.504588 
v 1.10698 101.186 -0.422838 
v 0.680984 101.093 -0.461707 
v 0.263484 101.046 -0.542426 
v 0.261321 101.092 -0.586337 
v 0.255843 100.977 -0.462931 
v 0.660029 100.968 -0.281853 
v 1.07753 101.015 -0.201134 
v 0.242528 100.922 -0.362572 
v 0.63917 100.937 -0.155655 
v 1.05667 100.983 -0.0749359 
v 0.22167 100.89 -0.236374 
v 1.02175 100.968 0.0686308 
v 0.203466 100.877 -0.0895751 
v 0.612606 100.923 -0.0104721 
v 1.0796 101.023 0.0806546 
v 1.07766 101.184 0.0835269 
v 1.05538 101.03 0.201507 
v 0.135187 100.918 -0.101937 
v 0.110974 100.925 0.0189155 
v 0.101643 101.076 -0.105175 
v 1.14942 101.162 -0.308408 
v 1.15962 101.192 -0.344736 
v 1.07766 101.184 0.0835269 
v 1.14252 101.105 -0.239561 
v 1.13075 101.06 -0.152888 
v 1.11234 101.036 -0.0437045 
v 1.0796 101.023 0.0806546 
v 0.996765 101.177 0.506191 
v 1.00729 101.127 0.447344 
v 1.02123 101.094 0.393846 
v 1.04168 101.052 0.312396 
v 1.05538 101.03 0.201507 
v 0.0435723 101.019 0.26102 
v 0.101643 101.076 -0.105175 
v 0.0575147 100.987 0.207521 
v 0.0207501 101.068 0.317489 
v 0.0779677 100.945 0.126071 
v 0.110974 100.925 0.0189155 
v 0.183606 101.083 -0.533438 
v 0.185704 101.055 -0.494733 
v 0.178807 100.997 -0.425885 
v 0.167028 100.953 -0.339212 
v 0.148619 100.928 -0.230029 
v 0.135187 100.918 -0.101937 
v 1.09352 101.79 -0.346891 
v 1.01156 101.782 0.0813713 
v 1.12657 101.491 -0.345813 
v 1.0765 101.909 -0.327684 
v 1.05421 102.006 -0.267737 
v 1.02802 102.079 -0.174321 
v 1.00047 102.121 -0.0563441 
v 0.972765 102.133 0.0801061 
v 0.949316 102.116 0.211062 
v 0.931647 102.07 0.329263 
v 0.921938 101.994 0.423314 
v 0.921165 101.895 0.483963 
v 0.930668 101.775 0.504035 
v 1.04461 101.483 0.0824491 
v 1.15962 101.192 -0.344736 
v 0.963716 101.476 0.505113 
v 1.07766 101.184 0.0835269 
v 0.996765 101.177 0.506191 
v 0.150558 101.382 -0.534515 
v 0.0685937 101.375 -0.106253 
v 0.117509 101.681 -0.535593 
v 0.183606 101.083 -0.533438 
v 0.101643 101.076 -0.105175 
v 0.0207501 101.068 0.317489 
v -0.0122986 101.367 0.316411 
v 0.035545 101.674 -0.107331 
v 0.100489 101.801 -0.516387 
v -0.0453475 101.666 0.315333 
v 0.0781814 101.897 -0.45644 
v -0.0548499 101.787 0.295261 
v 0.0519783 101.97 -0.363024 
v -0.054088 101.885 0.234612 
v 0.0244458 102.013 -0.245047 
v -0.0443904 101.961 0.14056 
v -0.00326085 102.025 -0.108596 
v -0.0267209 102.008 0.0223588 
v 0.463173 101.42 0.476263 
v 0.886002 101.467 0.558013 
v 0.430124 101.719 0.475185 
v 0.919051 101.168 0.55909 
v 0.496222 101.121 0.477341 
v 0.852954 101.766 0.556935 
v 0.0403436 101.373 0.394514 
v 0.0733924 101.074 0.395591 
v 0.00729477 101.672 0.393436 
v 0.419232 101.857 0.452498 
v 0.842061 101.904 0.534247 
v -0.00359762 101.81 0.370748 
v 0.420142 101.97 0.382467 
v 0.842972 102.017 0.464217 
v -0.00268728 101.923 0.300717 
v 0.431234 102.06 0.273737 
v 0.854063 102.107 0.355486 
v 0.00840443 102.013 0.191987 
v 0.451656 102.114 0.137049 
v 0.874486 102.161 0.218799 
v 0.0288268 102.067 0.0552995 
v 0.478869 102.132 -0.0144369 
v 0.901698 102.179 0.0673126 
v 0.0560394 102.085 -0.0961865 
v 0.542525 102.07 -0.30782 
v 0.933498 102.166 -0.0896573 
v 0.965355 102.117 -0.22607 
v 0.478869 102.132 -0.0144369 
v 0.901698 102.179 0.0673126 
v 0.510669 102.119 -0.171407 
v 0.0878394 102.072 -0.253156 
v 0.0560394 102.085 -0.0961865 
v 0.119696 102.023 -0.389569 
v 0.572943 101.984 -0.415921 
v 0.995773 102.031 -0.334172 
v 0.150114 101.937 -0.497671 
v 0.598675 101.873 -0.485093 
v 1.02149 101.92 -0.403293 
v 0.175855 101.826 -0.566892 
v 0.618053 101.737 -0.506743 
v 0.195223 101.69 -0.588493 
v 1.04088 101.784 -0.424994 
v 0.228272 101.391 -0.587415 
v 0.651102 101.438 -0.505666 
v 1.07393 101.485 -0.423916 
v 0.68415 101.139 -0.504588 
v 0.261321 101.092 -0.586337 
v 1.10698 101.186 -0.422838 

vn -0.409449 -0.669291 -0.622047 
vn -0.440945 -0.653543 -0.614173 
vn -0.456693 -0.653543 -0.606299 
vn -0.409449 -0.669291 -0.622047 
vn -0.464567 -0.692913 -0.551181 
vn -0.464567 -0.716535 -0.519685 
vn -0.472441 -0.795276 -0.385827 
vn -0.472441 -0.80315 -0.354331 
vn -0.488189 -0.850394 -0.212598 
vn -0.488189 -0.850394 -0.19685 
vn -0.511811 -0.850394 -0.0944882 
vn -0.511811 -0.850394 -0.0944882 
vn 0.771654 -0.511811 -0.370079 
vn 0.76378 -0.519685 -0.377953 
vn 0.740157 -0.543307 -0.393701 
vn 0.740157 -0.543307 -0.393701 
vn 0.771654 -0.551181 -0.307087 
vn 0.76378 -0.574803 -0.283465 
vn 0.732283 -0.661417 -0.149606 
vn 0.732283 -0.669291 -0.125984 
vn 0.700787 -0.716535 0.015748 
vn 0.692913 -0.716535 0.0314961 
vn 0.677165 -0.724409 0.133858 
vn 0.677165 -0.724409 0.133858 
vn -0.362205 -0.740157 -0.566929 
vn -0.401575 -0.700787 -0.590551 
vn -0.425197 -0.685039 -0.598425 
vn -0.362205 -0.740157 -0.566929 
vn -0.433071 -0.708661 -0.551181 
vn -0.433071 -0.732283 -0.519685 
vn -0.425197 -0.818898 -0.377953 
vn -0.425197 -0.834646 -0.346457 
vn -0.440945 -0.874016 -0.19685 
vn -0.440945 -0.874016 -0.188976 
vn -0.464567 -0.88189 -0.0866142 
vn -0.464567 -0.88189 -0.0866142 
vn 0.732283 -0.574803 -0.370079 
vn 0.692913 -0.622047 -0.362205 
vn 0.748031 -0.551181 -0.370079 
vn 0.692913 -0.622047 -0.362205 
vn 0.748031 -0.582677 -0.322835 
vn 0.740157 -0.606299 -0.291339 
vn 0.700787 -0.692913 -0.165354 
vn 0.692913 -0.708661 -0.133858 
vn 0.661417 -0.755906 0.015748 
vn 0.653543 -0.755906 0.023622 
vn 0.637795 -0.755906 0.133858 
vn 0.637795 -0.755906 0.125984 
vn -0.511811 -0.850394 -0.0944882 
vn -0.527559 -0.850394 -0.015748 
vn -0.511811 -0.850394 -0.0944882 
vn -0.527559 -0.850394 -0.015748 
vn -0.559055 -0.818898 0.11811 
vn -0.574803 -0.811024 0.141732 
vn -0.606299 -0.748031 0.267717 
vn -0.614173 -0.740157 0.283465 
vn -0.622047 -0.692913 0.354331 
vn -0.629921 -0.677165 0.377953 
vn -0.629921 -0.653543 0.417323 
vn -0.629921 -0.653543 0.417323 
vn 0.677165 -0.724409 0.133858 
vn 0.661417 -0.716535 0.212598 
vn 0.677165 -0.724409 0.133858 
vn 0.661417 -0.716535 0.212598 
vn 0.637795 -0.685039 0.346457 
vn 0.637795 -0.669291 0.377953 
vn 0.606299 -0.606299 0.503937 
vn 0.606299 -0.606299 0.519685 
vn 0.582677 -0.559055 0.590551 
vn 0.574803 -0.543307 0.614173 
vn 0.559055 -0.519685 0.645669 
vn 0.559055 -0.519685 0.645669 
vn -0.464567 -0.88189 -0.0866142 
vn -0.480315 -0.88189 -0.015748 
vn -0.464567 -0.88189 -0.0866142 
vn -0.480315 -0.88189 -0.00787402 
vn -0.519685 -0.850394 0.11811 
vn -0.527559 -0.834646 0.149606 
vn -0.574803 -0.771654 0.283465 
vn -0.574803 -0.76378 0.291339 
vn -0.582677 -0.732283 0.354331 
vn -0.590551 -0.716535 0.377953 
vn -0.590551 -0.700787 0.401575 
vn -0.590551 -0.700787 0.401575 
vn 0.637795 -0.755906 0.133858 
vn 0.622047 -0.755906 0.19685 
vn 0.622047 -0.755906 0.204724 
vn 0.637795 -0.755906 0.125984 
vn 0.606299 -0.724409 0.338583 
vn 0.598425 -0.708661 0.370079 
vn 0.582677 -0.637795 0.503937 
vn 0.574803 -0.637795 0.511811 
vn 0.551181 -0.606299 0.574803 
vn 0.543307 -0.590551 0.598425 
vn 0.535433 -0.574803 0.622047 
vn 0.535433 -0.574803 0.622047 
vn -0.818898 -0.0866142 0.559055 
vn -0.826772 -0.0551181 0.559055 
vn -0.818898 -0.0866142 0.559055 
vn -0.826772 -0.0866142 0.559055 
vn -0.826772 -0.0866142 0.559055 
vn -0.826772 -0.0551181 0.559055 
vn -0.834646 0.165354 0.519685 
vn -0.834646 0.149606 0.527559 
vn -0.818898 0.393701 0.409449 
vn -0.818898 0.417323 0.393701 
vn -0.787402 0.566929 0.244094 
vn -0.779528 0.582677 0.228346 
vn -0.740157 0.677165 0.0551181 
vn -0.732283 0.677165 0.0472441 
vn -0.700787 0.708661 -0.11811 
vn -0.700787 0.708661 -0.11811 
vn 0.559055 0.0629921 0.826772 
vn 0.551181 0.102362 0.826772 
vn 0.559055 0.0629921 0.826772 
vn 0.559055 0.0629921 0.826772 
vn 0.559055 0.0629921 0.826772 
vn 0.551181 0.0944882 0.826772 
vn 0.535433 0.314961 0.787402 
vn 0.535433 0.307087 0.787402 
vn 0.511811 0.543307 0.669291 
vn 0.511811 0.559055 0.653543 
vn 0.503937 0.716535 0.488189 
vn 0.503937 0.724409 0.472441 
vn 0.503937 0.811024 0.299213 
vn 0.503937 0.811024 0.283465 
vn 0.527559 0.84252 0.11811 
vn 0.527559 0.84252 0.11811 
vn 0.574803 0.818898 -0.0551181 
vn 0.527559 0.84252 0.11811 
vn 0.566929 0.818898 -0.0472441 
vn 0.527559 0.84252 0.11811 
vn 0.637795 0.740157 -0.228346 
vn 0.645669 0.724409 -0.244094 
vn 0.708661 0.582677 -0.401575 
vn 0.716535 0.559055 -0.409449 
vn 0.779528 0.338583 -0.519685 
vn 0.787402 0.330709 -0.527559 
vn 0.818898 0.125984 -0.559055 
vn 0.818898 0.11811 -0.559055 
vn 0.818898 0.0866142 -0.559055 
vn 0.818898 0.0866142 -0.559055 
vn 0.818898 0.0866142 -0.559055 
vn 0.818898 0.0866142 -0.559055 
vn -0.669291 0.685039 -0.283465 
vn -0.700787 0.708661 -0.11811 
vn -0.669291 0.677165 -0.299213 
vn -0.700787 0.708661 -0.11811 
vn -0.645669 0.598425 -0.480315 
vn -0.645669 0.582677 -0.496063 
vn -0.622047 0.433071 -0.653543 
vn -0.614173 0.409449 -0.669291 
vn -0.590551 0.188976 -0.787402 
vn -0.590551 0.173228 -0.787402 
vn -0.559055 -0.0314961 -0.826772 
vn -0.559055 -0.0314961 -0.826772 
vn -0.559055 -0.0629921 -0.826772 
vn -0.559055 -0.0629921 -0.826772 
vn -0.559055 -0.0629921 -0.826772 
vn -0.559055 -0.0629921 -0.826772 
vn -0.826772 -0.0551181 0.559055 
vn -0.818898 -0.0866142 0.559055 
vn -0.818898 -0.0866142 0.559055 
vn -0.818898 -0.0866142 0.559055 
vn -0.818898 -0.0866142 0.559055 
vn -0.826772 -0.0551181 0.559055 
vn -0.84252 0.149606 0.519685 
vn -0.84252 0.165354 0.519685 
vn -0.818898 0.393701 0.409449 
vn -0.818898 0.409449 0.393701 
vn -0.787402 0.566929 0.244094 
vn -0.779528 0.582677 0.228346 
vn -0.740157 0.669291 0.0551181 
vn -0.740157 0.677165 0.0393701 
vn -0.700787 0.708661 -0.11811 
vn -0.700787 0.708661 -0.11811 
vn 0.551181 0.0944882 0.826772 
vn 0.559055 0.0629921 0.826772 
vn 0.559055 0.0629921 0.826772 
vn 0.559055 0.0629921 0.826772 
vn 0.559055 0.0629921 0.826772 
vn 0.551181 0.102362 0.826772 
vn 0.535433 0.307087 0.787402 
vn 0.535433 0.314961 0.787402 
vn 0.511811 0.543307 0.669291 
vn 0.511811 0.559055 0.653543 
vn 0.503937 0.708661 0.488189 
vn 0.503937 0.724409 0.472441 
vn 0.503937 0.811024 0.299213 
vn 0.503937 0.811024 0.283465 
vn 0.527559 0.84252 0.11811 
vn 0.527559 0.84252 0.11811 
vn -0.677165 0.685039 -0.283465 
vn -0.700787 0.708661 -0.11811 
vn -0.669291 0.677165 -0.299213 
vn -0.700787 0.708661 -0.11811 
vn -0.645669 0.590551 -0.480315 
vn -0.645669 0.582677 -0.496063 
vn -0.622047 0.433071 -0.653543 
vn -0.614173 0.409449 -0.669291 
vn -0.590551 0.188976 -0.787402 
vn -0.590551 0.173228 -0.787402 
vn -0.559055 -0.023622 -0.826772 
vn -0.559055 -0.0314961 -0.826772 
vn -0.559055 -0.0629921 -0.826772 
vn -0.559055 -0.0629921 -0.826772 
vn -0.559055 -0.0629921 -0.826772 
vn -0.559055 -0.0629921 -0.826772 
vn 0.645669 0.724409 -0.244094 
vn 0.574803 0.818898 -0.0551181 
vn 0.637795 0.732283 -0.228346 
vn 0.566929 0.818898 -0.0472441 
vn 0.527559 0.84252 0.11811 
vn 0.527559 0.84252 0.11811 
vn 0.708661 0.574803 -0.401575 
vn 0.716535 0.559055 -0.409449 
vn 0.779528 0.338583 -0.519685 
vn 0.787402 0.330709 -0.527559 
vn 0.818898 0.125984 -0.559055 
vn 0.818898 0.125984 -0.559055 
vn 0.818898 0.0866142 -0.559055 
vn 0.818898 0.0866142 -0.559055 
vn 0.826772 0.0866142 -0.559055 
vn 0.826772 0.0866142 -0.559055 
vn 0.0787402 -0.984252 0.149606 
vn 0.0787402 -0.984252 0.149606 
vn 0.110236 -0.992126 0 
vn 0.110236 -0.992126 0 
vn 0.110236 -0.992126 0 
vn 0.0787402 -0.984252 0.149606 
vn 0.0393701 -0.937008 0.346457 
vn 0.0393701 -0.937008 0.346457 
vn 0.0393701 -0.937008 0.346457 
vn 0 -0.858268 0.511811 
vn 0 -0.858268 0.511811 
vn 0 -0.858268 0.511811 
vn -0.0393701 -0.755906 0.653543 
vn -0.0393701 -0.755906 0.653543 
vn -0.0393701 -0.755906 0.653543 
vn -0.0629921 -0.685039 0.724409 
vn -0.0629921 -0.685039 0.724409 
vn -0.0629921 -0.685039 0.724409 
vn 0.19685 -0.818898 -0.543307 
vn 0.19685 -0.818898 -0.543307 
vn 0.204724 -0.716535 -0.661417 
vn 0.212598 -0.677165 -0.708661 
vn 0.212598 -0.677165 -0.708661 
vn 0.204724 -0.716535 -0.661417 
vn 0.204724 -0.716535 -0.661417 
vn 0.212598 -0.677165 -0.708661 
vn 0.19685 -0.818898 -0.543307 
vn 0.165354 -0.929134 -0.330709 
vn 0.165354 -0.929134 -0.330709 
vn 0.165354 -0.929134 -0.330709 
vn 0.133858 -0.984252 -0.141732 
vn 0.133858 -0.984252 -0.141732 
vn 0.133858 -0.984252 -0.141732 
vn 0.110236 -0.992126 0 
vn 0.110236 -0.992126 0 
vn 0.110236 -0.992126 0 
vn 0.976378 0.00787402 0.228346 
vn 0.976378 0.0314961 0.19685 
vn 0.984252 0.015748 0.188976 
vn -0.968504 -0.204724 -0.149606 
vn -0.96063 -0.19685 -0.188976 
vn -0.968504 -0.188976 -0.173228 
vn 0.984252 -0.0314961 0.181102 
vn 0.976378 -0.110236 0.181102 
vn 0.976378 0.0314961 0.19685 
vn 0.984252 0.0866142 0.173228 
vn 0.984252 0.0787402 0.181102 
vn 0.976378 0.0551181 0.19685 
vn 0.976378 0.00787402 0.228346 
vn 0.984252 0.023622 0.19685 
vn 0.984252 0.023622 0.19685 
vn 0.984252 0.023622 0.188976 
vn 0.984252 0.023622 0.165354 
vn 0.984252 0.015748 0.188976 
vn -0.968504 -0.188976 -0.181102 
vn -0.968504 -0.188976 -0.173228 
vn -0.96063 -0.188976 -0.188976 
vn -0.968504 -0.188976 -0.181102 
vn -0.96063 -0.19685 -0.204724 
vn -0.96063 -0.19685 -0.188976 
vn -0.929134 -0.322835 -0.181102 
vn -0.952756 -0.251969 -0.188976 
vn -0.968504 -0.133858 -0.204724 
vn -0.968504 -0.141732 -0.19685 
vn -0.968504 -0.15748 -0.181102 
vn -0.968504 -0.204724 -0.149606 
vn 0.976378 0.110236 0.188976 
vn 0.976378 0.110236 0.188976 
vn 0.976378 0.110236 0.188976 
vn 0.976378 0.110236 0.188976 
vn 0.976378 0.110236 0.188976 
vn 0.976378 0.110236 0.188976 
vn 0.976378 0.110236 0.188976 
vn 0.976378 0.110236 0.188976 
vn 0.976378 0.110236 0.188976 
vn 0.976378 0.110236 0.188976 
vn 0.976378 0.110236 0.188976 
vn 0.976378 0.110236 0.188976 
vn 0.976378 0.110236 0.188976 
vn 0.976378 0.110236 0.188976 
vn 0.976378 0.110236 0.188976 
vn 0.976378 0.110236 0.188976 
vn 0.976378 0.110236 0.188976 
vn 0.976378 0.110236 0.188976 
vn -0.976378 -0.110236 -0.188976 
vn -0.976378 -0.110236 -0.188976 
vn -0.976378 -0.110236 -0.188976 
vn -0.976378 -0.110236 -0.188976 
vn -0.976378 -0.110236 -0.188976 
vn -0.976378 -0.110236 -0.188976 
vn -0.976378 -0.110236 -0.188976 
vn -0.976378 -0.110236 -0.188976 
vn -0.976378 -0.110236 -0.188976 
vn -0.976378 -0.110236 -0.188976 
vn -0.976378 -0.110236 -0.188976 
vn -0.976378 -0.110236 -0.188976 
vn -0.976378 -0.110236 -0.188976 
vn -0.976378 -0.110236 -0.188976 
vn -0.976378 -0.110236 -0.188976 
vn -0.976378 -0.110236 -0.188976 
vn -0.976378 -0.110236 -0.188976 
vn -0.976378 -0.110236 -0.188976 
vn -0.188976 -0.015748 0.984252 
vn -0.188976 -0.015748 0.984252 
vn -0.19685 0.0314961 0.984252 
vn -0.188976 -0.015748 0.984252 
vn -0.188976 -0.015748 0.984252 
vn -0.19685 0.0314961 0.984252 
vn -0.188976 -0.015748 0.984252 
vn -0.188976 -0.015748 0.984252 
vn -0.19685 0.0314961 0.984252 
vn -0.212598 0.330709 0.92126 
vn -0.212598 0.330709 0.92126 
vn -0.212598 0.330709 0.92126 
vn -0.212598 0.653543 0.724409 
vn -0.212598 0.653543 0.724409 
vn -0.212598 0.653543 0.724409 
vn -0.188976 0.858268 0.480315 
vn -0.188976 0.858268 0.480315 
vn -0.188976 0.858268 0.480315 
vn -0.149606 0.96063 0.220472 
vn -0.149606 0.96063 0.220472 
vn -0.149606 0.96063 0.220472 
vn -0.110236 0.992126 0 
vn -0.110236 0.992126 0 
vn -0.110236 0.992126 0 
vn 0 0.874016 -0.480315 
vn -0.0629921 0.976378 -0.220472 
vn 0 0.874016 -0.480315 
vn -0.110236 0.992126 0 
vn -0.110236 0.992126 0 
vn -0.0629921 0.976378 -0.220472 
vn -0.0629921 0.976378 -0.220472 
vn -0.110236 0.992126 0 
vn 0 0.874016 -0.480315 
vn 0.0629921 0.677165 -0.732283 
vn 0.0629921 0.677165 -0.732283 
vn 0.0629921 0.677165 -0.732283 
vn 0.141732 0.362205 -0.92126 
vn 0.141732 0.362205 -0.92126 
vn 0.141732 0.362205 -0.92126 
vn 0.181102 0.0708661 -0.984252 
vn 0.181102 0.0708661 -0.984252 
vn 0.181102 0.0708661 -0.984252 
vn 0.188976 0.015748 -0.984252 
vn 0.188976 0.015748 -0.984252 
vn 0.188976 0.015748 -0.984252 
vn 0.188976 0.015748 -0.984252 
vn 0.188976 0.015748 -0.984252 
vn 0.188976 0.015748 -0.984252 

vt 0.853593 0.271858 
vt 0.851503 0.276238 
vt 0.853593 0.2761 
vt 0.851503 0.271858 
vt 0.851503 0.282763 
vt 0.853593 0.282818 
vt 0.851503 0.287009 
vt 0.853593 0.287022 
vt 0.851503 0.290483 
vt 0.853593 0.290473 
vt 0.851503 0.294088 
vt 0.853593 0.294093 
vt 0.784183 0.276101 
vt 0.786456 0.276273 
vt 0.784183 0.271858 
vt 0.786456 0.271858 
vt 0.786456 0.282764 
vt 0.784183 0.282818 
vt 0.786456 0.287009 
vt 0.784183 0.287022 
vt 0.786456 0.290483 
vt 0.784183 0.290473 
vt 0.786456 0.293941 
vt 0.784183 0.293935 
vt 0.85558 0.271858 
vt 0.853593 0.2761 
vt 0.85558 0.275928 
vt 0.853593 0.271858 
vt 0.853593 0.282818 
vt 0.85558 0.282809 
vt 0.853593 0.287022 
vt 0.85558 0.287021 
vt 0.853593 0.290473 
vt 0.85558 0.290479 
vt 0.853593 0.294093 
vt 0.85558 0.294099 
vt 0.784183 0.276101 
vt 0.781958 0.271858 
vt 0.781958 0.275933 
vt 0.784183 0.271858 
vt 0.784183 0.282818 
vt 0.781958 0.282809 
vt 0.784183 0.287022 
vt 0.781958 0.287021 
vt 0.784183 0.290473 
vt 0.781958 0.290479 
vt 0.784183 0.293935 
vt 0.781958 0.29393 
vt 0.925689 0.355022 
vt 0.923482 0.338993 
vt 0.923482 0.354938 
vt 0.925689 0.338778 
vt 0.923482 0.31981 
vt 0.925689 0.319725 
vt 0.923482 0.303268 
vt 0.925689 0.303199 
vt 0.923482 0.293071 
vt 0.925689 0.292615 
vt 0.923482 0.271858 
vt 0.925689 0.271858 
vt 0.993145 0.355446 
vt 0.993145 0.339001 
vt 0.991021 0.355498 
vt 0.991021 0.338778 
vt 0.993145 0.31981 
vt 0.991021 0.319725 
vt 0.993145 0.303268 
vt 0.991021 0.303199 
vt 0.993145 0.293071 
vt 0.991021 0.292615 
vt 0.993145 0.271858 
vt 0.991021 0.271858 
vt 0.923482 0.35483 
vt 0.92148 0.338317 
vt 0.92148 0.354154 
vt 0.923482 0.338277 
vt 0.92148 0.319095 
vt 0.923482 0.318955 
vt 0.92148 0.302636 
vt 0.923482 0.302551 
vt 0.92148 0.292735 
vt 0.923482 0.292335 
vt 0.92148 0.271858 
vt 0.923482 0.271858 
vt 0.714244 0.355446 
vt 0.716182 0.339047 
vt 0.714244 0.339001 
vt 0.716182 0.355416 
vt 0.716182 0.319815 
vt 0.714244 0.31981 
vt 0.716182 0.303356 
vt 0.714244 0.303268 
vt 0.716182 0.293455 
vt 0.714244 0.293071 
vt 0.716182 0.271858 
vt 0.714244 0.271858 
vt 0.923482 0.302174 
vt 0.923482 0.332491 
vt 0.92148 0.302195 
vt 0.923482 0.271858 
vt 0.92148 0.271858 
vt 0.92148 0.332532 
vt 0.92148 0.342326 
vt 0.923482 0.34342 
vt 0.923482 0.358006 
vt 0.92148 0.355858 
vt 0.923482 0.369684 
vt 0.92148 0.366778 
vt 0.923482 0.377207 
vt 0.92148 0.373756 
vt 0.923482 0.379762 
vt 0.92148 0.376009 
vt 0.716182 0.302195 
vt 0.716182 0.332532 
vt 0.714244 0.302195 
vt 0.716182 0.271858 
vt 0.714244 0.271858 
vt 0.714244 0.332532 
vt 0.716182 0.341987 
vt 0.714244 0.34325 
vt 0.714244 0.357675 
vt 0.716182 0.355491 
vt 0.714244 0.369342 
vt 0.716182 0.366412 
vt 0.714244 0.37688 
vt 0.716182 0.373398 
vt 0.714244 0.379436 
vt 0.716182 0.37565 
vt 0.784107 0.377894 
vt 0.784093 0.380488 
vt 0.781958 0.374425 
vt 0.781958 0.376894 
vt 0.781958 0.367446 
vt 0.784118 0.37035 
vt 0.781958 0.356516 
vt 0.784144 0.358643 
vt 0.781958 0.34297 
vt 0.784187 0.344046 
vt 0.781958 0.332519 
vt 0.784206 0.332532 
vt 0.784195 0.302195 
vt 0.781958 0.302189 
vt 0.781958 0.271858 
vt 0.784183 0.271858 
vt 0.85558 0.373995 
vt 0.853593 0.379984 
vt 0.853593 0.377389 
vt 0.85558 0.376356 
vt 0.85558 0.366926 
vt 0.853593 0.369861 
vt 0.85558 0.355998 
vt 0.853593 0.358158 
vt 0.85558 0.342447 
vt 0.853593 0.343704 
vt 0.85558 0.332525 
vt 0.853593 0.332532 
vt 0.85558 0.302191 
vt 0.853593 0.302195 
vt 0.853593 0.271858 
vt 0.85558 0.271858 
vt 0.923482 0.332532 
vt 0.923482 0.302195 
vt 0.925689 0.302195 
vt 0.925689 0.271858 
vt 0.923482 0.271858 
vt 0.925689 0.332532 
vt 0.925689 0.344508 
vt 0.923482 0.343417 
vt 0.925689 0.360227 
vt 0.923482 0.358089 
vt 0.925689 0.372751 
vt 0.923482 0.369848 
vt 0.925689 0.380816 
vt 0.923482 0.377375 
vt 0.925689 0.383562 
vt 0.923482 0.379813 
vt 0.991021 0.332531 
vt 0.991021 0.302194 
vt 0.993145 0.302195 
vt 0.993145 0.271858 
vt 0.991021 0.271858 
vt 0.993145 0.332532 
vt 0.991021 0.344508 
vt 0.993145 0.34325 
vt 0.991062 0.359928 
vt 0.993185 0.357675 
vt 0.991094 0.372447 
vt 0.993219 0.369342 
vt 0.991112 0.380513 
vt 0.993236 0.37688 
vt 0.991096 0.383259 
vt 0.993221 0.379436 
vt 0.853593 0.377389 
vt 0.851503 0.383725 
vt 0.851503 0.381032 
vt 0.853593 0.379984 
vt 0.853593 0.369861 
vt 0.851503 0.372956 
vt 0.853593 0.358158 
vt 0.851503 0.36041 
vt 0.853593 0.343704 
vt 0.851503 0.344976 
vt 0.853593 0.332532 
vt 0.851503 0.332532 
vt 0.853593 0.302195 
vt 0.851503 0.302195 
vt 0.853593 0.271858 
vt 0.851503 0.271858 
vt 0.786456 0.373424 
vt 0.786456 0.3815 
vt 0.784118 0.37035 
vt 0.784107 0.377894 
vt 0.786456 0.384327 
vt 0.784093 0.380488 
vt 0.784144 0.358643 
vt 0.786456 0.360872 
vt 0.784187 0.344046 
vt 0.786456 0.345138 
vt 0.786456 0.332532 
vt 0.784206 0.332532 
vt 0.786456 0.302195 
vt 0.784195 0.302195 
vt 0.786456 0.271858 
vt 0.784183 0.271858 
vt 0.991021 0.338778 
vt 0.958355 0.338778 
vt 0.991021 0.355498 
vt 0.958355 0.35526 
vt 0.925689 0.355022 
vt 0.925689 0.338778 
vt 0.958355 0.319725 
vt 0.991021 0.319725 
vt 0.925689 0.319725 
vt 0.958355 0.303199 
vt 0.991021 0.303199 
vt 0.925689 0.303199 
vt 0.958355 0.292615 
vt 0.991021 0.292615 
vt 0.925689 0.292615 
vt 0.958355 0.271858 
vt 0.991021 0.271858 
vt 0.925689 0.271858 
vt 0.786456 0.282764 
vt 0.81898 0.282763 
vt 0.786456 0.276273 
vt 0.81898 0.271858 
vt 0.786456 0.271858 
vt 0.81898 0.276255 
vt 0.851503 0.276238 
vt 0.851503 0.271858 
vt 0.851503 0.282763 
vt 0.81898 0.287009 
vt 0.786456 0.287009 
vt 0.851503 0.287009 
vt 0.81898 0.290483 
vt 0.786456 0.290483 
vt 0.851503 0.290483 
vt 0.786456 0.293941 
vt 0.851503 0.294088 
vt 0.81898 0.294014 
vt 0.749181 0.294014 
vt 0.749181 0.271858 
vt 0.749181 0.294014 
vt 0.889144 0.294014 
vt 0.889144 0.294014 
vt 0.889144 0.271858 
vt 0.781106 0.282677 
vt 0.781958 0.271858 
vt 0.749181 0.271858 
vt 0.776014 0.292244 
vt 0.768738 0.294014 
vt 0.759777 0.294014 
vt 0.749181 0.294014 
vt 0.716182 0.271858 
vt 0.719812 0.289335 
vt 0.723014 0.292363 
vt 0.729778 0.294014 
vt 0.749181 0.294014 
vt 0.917888 0.290312 
vt 0.889144 0.271858 
vt 0.914751 0.293837 
vt 0.92148 0.271858 
vt 0.89931 0.294014 
vt 0.889144 0.294014 
vt 0.85558 0.271858 
vt 0.85664 0.282541 
vt 0.861936 0.293695 
vt 0.869325 0.294014 
vt 0.878426 0.294014 
vt 0.889144 0.294014 
vt 0.781958 0.332519 
vt 0.749212 0.332532 
vt 0.781958 0.302189 
vt 0.780315 0.344287 
vt 0.776393 0.359005 
vt 0.769099 0.370736 
vt 0.759873 0.378282 
vt 0.749213 0.380837 
vt 0.738989 0.378231 
vt 0.72977 0.370647 
vt 0.722445 0.359026 
vt 0.717741 0.344294 
vt 0.716182 0.332532 
vt 0.749197 0.302195 
vt 0.781958 0.271858 
vt 0.716182 0.302195 
vt 0.749181 0.271858 
vt 0.716182 0.271858 
vt 0.85558 0.302191 
vt 0.889143 0.302178 
vt 0.85558 0.332525 
vt 0.85558 0.271858 
vt 0.889144 0.271858 
vt 0.92148 0.271858 
vt 0.92148 0.302195 
vt 0.889141 0.332499 
vt 0.857495 0.344507 
vt 0.92148 0.332532 
vt 0.862173 0.35904 
vt 0.920334 0.344514 
vt 0.869426 0.37079 
vt 0.915674 0.359059 
vt 0.878571 0.378318 
vt 0.908413 0.370761 
vt 0.889139 0.380868 
vt 0.899274 0.378281 
vt 0.958355 0.302195 
vt 0.991021 0.302194 
vt 0.958355 0.332531 
vt 0.991021 0.271858 
vt 0.958355 0.271858 
vt 0.991021 0.332531 
vt 0.925689 0.302195 
vt 0.925689 0.271858 
vt 0.925689 0.332532 
vt 0.958355 0.344508 
vt 0.991021 0.344508 
vt 0.925689 0.344508 
vt 0.958376 0.360078 
vt 0.991062 0.359928 
vt 0.925689 0.360227 
vt 0.958391 0.372599 
vt 0.991094 0.372447 
vt 0.925689 0.372751 
vt 0.9584 0.380664 
vt 0.991112 0.380513 
vt 0.925689 0.380816 
vt 0.958392 0.383411 
vt 0.991096 0.383259 
vt 0.925689 0.383562 
vt 0.81898 0.37319 
vt 0.786456 0.3815 
vt 0.786456 0.373424 
vt 0.81898 0.384026 
vt 0.786456 0.384327 
vt 0.81898 0.381266 
vt 0.851503 0.381032 
vt 0.851503 0.383725 
vt 0.851503 0.372956 
vt 0.81898 0.360641 
vt 0.786456 0.360872 
vt 0.851503 0.36041 
vt 0.81898 0.345057 
vt 0.786456 0.345138 
vt 0.851503 0.344976 
vt 0.81898 0.332532 
vt 0.851503 0.332532 
vt 0.786456 0.332532 
vt 0.851503 0.302195 
vt 0.81898 0.302195 
vt 0.786456 0.302195 
vt 0.81898 0.271858 
vt 0.851503 0.271858 
vt 0.786456 0.271858 

usemtl Player1Mtl

f 1746/1746/1746 1747/1747/1747 1748/1748/1748 
f 1747/1747/1747 1746/1746/1746 1749/1749/1749 
f 1750/1750/1750 1748/1748/1748 1747/1747/1747 
f 1748/1748/1748 1750/1750/1750 1751/1751/1751 
f 1752/1752/1752 1751/1751/1751 1750/1750/1750 
f 1751/1751/1751 1752/1752/1752 1753/1753/1753 
f 1754/1754/1754 1753/1753/1753 1752/1752/1752 
f 1753/1753/1753 1754/1754/1754 1755/1755/1755 
f 1756/1756/1756 1755/1755/1755 1754/1754/1754 
f 1755/1755/1755 1756/1756/1756 1757/1757/1757 
f 1758/1758/1758 1759/1759/1759 1760/1760/1760 
f 1760/1760/1760 1759/1759/1759 1761/1761/1761 
f 1758/1758/1758 1762/1762/1762 1759/1759/1759 
f 1762/1762/1762 1758/1758/1758 1763/1763/1763 
f 1763/1763/1763 1764/1764/1764 1762/1762/1762 
f 1764/1764/1764 1763/1763/1763 1765/1765/1765 
f 1765/1765/1765 1766/1766/1766 1764/1764/1764 
f 1766/1766/1766 1765/1765/1765 1767/1767/1767 
f 1767/1767/1767 1768/1768/1768 1766/1766/1766 
f 1768/1768/1768 1767/1767/1767 1769/1769/1769 
f 1770/1770/1770 1771/1771/1771 1772/1772/1772 
f 1771/1771/1771 1770/1770/1770 1773/1773/1773 
f 1774/1774/1774 1772/1772/1772 1771/1771/1771 
f 1775/1775/1775 1772/1772/1772 1774/1774/1774 
f 1774/1774/1774 1776/1776/1776 1775/1775/1775 
f 1775/1775/1775 1776/1776/1776 1777/1777/1777 
f 1776/1776/1776 1778/1778/1778 1777/1777/1777 
f 1777/1777/1777 1778/1778/1778 1779/1779/1779 
f 1778/1778/1778 1780/1780/1780 1779/1779/1779 
f 1779/1779/1779 1780/1780/1780 1781/1781/1781 
f 1782/1782/1782 1783/1783/1783 1784/1784/1784 
f 1783/1783/1783 1782/1782/1782 1785/1785/1785 
f 1786/1786/1786 1782/1782/1782 1784/1784/1784 
f 1784/1784/1784 1787/1787/1787 1786/1786/1786 
f 1788/1788/1788 1786/1786/1786 1787/1787/1787 
f 1787/1787/1787 1789/1789/1789 1788/1788/1788 
f 1790/1790/1790 1788/1788/1788 1789/1789/1789 
f 1789/1789/1789 1791/1791/1791 1790/1790/1790 
f 1792/1792/1792 1790/1790/1790 1791/1791/1791 
f 1791/1791/1791 1793/1793/1793 1792/1792/1792 
f 1794/1794/1794 1795/1795/1795 1796/1796/1796 
f 1795/1795/1795 1794/1794/1794 1797/1797/1797 
f 1798/1798/1798 1795/1795/1795 1797/1797/1797 
f 1797/1797/1797 1799/1799/1799 1798/1798/1798 
f 1800/1800/1800 1798/1798/1798 1799/1799/1799 
f 1799/1799/1799 1801/1801/1801 1800/1800/1800 
f 1800/1800/1800 1801/1801/1801 1802/1802/1802 
f 1801/1801/1801 1803/1803/1803 1802/1802/1802 
f 1803/1803/1803 1804/1804/1804 1802/1802/1802 
f 1804/1804/1804 1803/1803/1803 1805/1805/1805 
f 1806/1806/1806 1807/1807/1807 1808/1808/1808 
f 1808/1808/1808 1807/1807/1807 1809/1809/1809 
f 1807/1807/1807 1810/1810/1810 1809/1809/1809 
f 1811/1811/1811 1809/1809/1809 1810/1810/1810 
f 1810/1810/1810 1812/1812/1812 1811/1811/1811 
f 1811/1811/1811 1812/1812/1812 1813/1813/1813 
f 1813/1813/1813 1812/1812/1812 1814/1814/1814 
f 1813/1813/1813 1814/1814/1814 1815/1815/1815 
f 1816/1816/1816 1815/1815/1815 1814/1814/1814 
f 1817/1817/1817 1815/1815/1815 1816/1816/1816 
f 1818/1818/1818 1819/1819/1819 1820/1820/1820 
f 1819/1819/1819 1818/1818/1818 1821/1821/1821 
f 1821/1821/1821 1822/1822/1822 1819/1819/1819 
f 1822/1822/1822 1821/1821/1821 1823/1823/1823 
f 1823/1823/1823 1824/1824/1824 1822/1822/1822 
f 1824/1824/1824 1823/1823/1823 1825/1825/1825 
f 1825/1825/1825 1826/1826/1826 1824/1824/1824 
f 1826/1826/1826 1825/1825/1825 1827/1827/1827 
f 1827/1827/1827 1828/1828/1828 1826/1826/1826 
f 1828/1828/1828 1827/1827/1827 1829/1829/1829 
f 1830/1830/1830 1831/1831/1831 1832/1832/1832 
f 1831/1831/1831 1830/1830/1830 1833/1833/1833 
f 1834/1834/1834 1832/1832/1832 1831/1831/1831 
f 1832/1832/1832 1834/1834/1834 1835/1835/1835 
f 1836/1836/1836 1835/1835/1835 1834/1834/1834 
f 1835/1835/1835 1836/1836/1836 1837/1837/1837 
f 1838/1838/1838 1837/1837/1837 1836/1836/1836 
f 1837/1837/1837 1838/1838/1838 1839/1839/1839 
f 1840/1840/1840 1839/1839/1839 1838/1838/1838 
f 1839/1839/1839 1840/1840/1840 1841/1841/1841 
f 1842/1842/1842 1843/1843/1843 1844/1844/1844 
f 1844/1844/1844 1845/1845/1845 1842/1842/1842 
f 1845/1845/1845 1844/1844/1844 1846/1846/1846 
f 1844/1844/1844 1843/1843/1843 1847/1847/1847 
f 1848/1848/1848 1847/1847/1847 1843/1843/1843 
f 1843/1843/1843 1849/1849/1849 1848/1848/1848 
f 1849/1849/1849 1850/1850/1850 1848/1848/1848 
f 1848/1848/1848 1850/1850/1850 1851/1851/1851 
f 1850/1850/1850 1852/1852/1852 1851/1851/1851 
f 1853/1853/1853 1851/1851/1851 1852/1852/1852 
f 1852/1852/1852 1854/1854/1854 1853/1853/1853 
f 1855/1855/1855 1853/1853/1853 1854/1854/1854 
f 1856/1856/1856 1855/1855/1855 1854/1854/1854 
f 1857/1857/1857 1855/1855/1855 1856/1856/1856 
f 1858/1858/1858 1859/1859/1859 1860/1860/1860 
f 1860/1860/1860 1861/1861/1861 1858/1858/1858 
f 1861/1861/1861 1860/1860/1860 1862/1862/1862 
f 1860/1860/1860 1859/1859/1859 1863/1863/1863 
f 1859/1859/1859 1864/1864/1864 1863/1863/1863 
f 1863/1863/1863 1864/1864/1864 1865/1865/1865 
f 1864/1864/1864 1866/1866/1866 1865/1865/1865 
f 1866/1866/1866 1864/1864/1864 1867/1867/1867 
f 1868/1868/1868 1866/1866/1866 1867/1867/1867 
f 1867/1867/1867 1869/1869/1869 1868/1868/1868 
f 1870/1870/1870 1868/1868/1868 1869/1869/1869 
f 1870/1870/1870 1869/1869/1869 1871/1871/1871 
f 1871/1871/1871 1872/1872/1872 1870/1870/1870 
f 1872/1872/1872 1871/1871/1871 1873/1873/1873 
f 1874/1874/1874 1875/1875/1875 1876/1876/1876 
f 1876/1876/1876 1875/1875/1875 1877/1877/1877 
f 1878/1878/1878 1874/1874/1874 1876/1876/1876 
f 1874/1874/1874 1878/1878/1878 1879/1879/1879 
f 1880/1880/1880 1879/1879/1879 1878/1878/1878 
f 1879/1879/1879 1880/1880/1880 1881/1881/1881 
f 1882/1882/1882 1881/1881/1881 1880/1880/1880 
f 1881/1881/1881 1882/1882/1882 1883/1883/1883 
f 1884/1884/1884 1883/1883/1883 1882/1882/1882 
f 1883/1883/1883 1884/1884/1884 1885/1885/1885 
f 1884/1884/1884 1886/1886/1886 1885/1885/1885 
f 1886/1886/1886 1884/1884/1884 1887/1887/1887 
f 1887/1887/1887 1888/1888/1888 1886/1886/1886 
f 1886/1886/1886 1888/1888/1888 1889/1889/1889 
f 1890/1890/1890 1891/1891/1891 1892/1892/1892 
f 1891/1891/1891 1890/1890/1890 1893/1893/1893 
f 1892/1892/1892 1894/1894/1894 1890/1890/1890 
f 1894/1894/1894 1892/1892/1892 1895/1895/1895 
f 1895/1895/1895 1896/1896/1896 1894/1894/1894 
f 1896/1896/1896 1895/1895/1895 1897/1897/1897 
f 1897/1897/1897 1898/1898/1898 1896/1896/1896 
f 1898/1898/1898 1897/1897/1897 1899/1899/1899 
f 1899/1899/1899 1900/1900/1900 1898/1898/1898 
f 1900/1900/1900 1899/1899/1899 1901/1901/1901 
f 1901/1901/1901 1902/1902/1902 1900/1900/1900 
f 1902/1902/1902 1901/1901/1901 1903/1903/1903 
f 1903/1903/1903 1904/1904/1904 1902/1902/1902 
f 1902/1902/1902 1904/1904/1904 1905/1905/1905 
f 1906/1906/1906 1907/1907/1907 1908/1908/1908 
f 1909/1909/1909 1908/1908/1908 1907/1907/1907 
f 1907/1907/1907 1910/1910/1910 1909/1909/1909 
f 1908/1908/1908 1911/1911/1911 1906/1906/1906 
f 1912/1912/1912 1906/1906/1906 1911/1911/1911 
f 1906/1906/1906 1912/1912/1912 1913/1913/1913 
f 1914/1914/1914 1913/1913/1913 1912/1912/1912 
f 1913/1913/1913 1914/1914/1914 1915/1915/1915 
f 1916/1916/1916 1915/1915/1915 1914/1914/1914 
f 1915/1915/1915 1916/1916/1916 1917/1917/1917 
f 1918/1918/1918 1917/1917/1917 1916/1916/1916 
f 1917/1917/1917 1918/1918/1918 1919/1919/1919 
f 1920/1920/1920 1919/1919/1919 1918/1918/1918 
f 1919/1919/1919 1920/1920/1920 1921/1921/1921 
f 1922/1922/1922 1923/1923/1923 1924/1924/1924 
f 1925/1925/1925 1924/1924/1924 1923/1923/1923 
f 1923/1923/1923 1926/1926/1926 1925/1925/1925 
f 1924/1924/1924 1927/1927/1927 1922/1922/1922 
f 1927/1927/1927 1928/1928/1928 1922/1922/1922 
f 1927/1927/1927 1929/1929/1929 1928/1928/1928 
f 1929/1929/1929 1930/1930/1930 1928/1928/1928 
f 1930/1930/1930 1929/1929/1929 1931/1931/1931 
f 1931/1931/1931 1932/1932/1932 1930/1930/1930 
f 1932/1932/1932 1931/1931/1931 1933/1933/1933 
f 1933/1933/1933 1934/1934/1934 1932/1932/1932 
f 1934/1934/1934 1933/1933/1933 1935/1935/1935 
f 1935/1935/1935 1936/1936/1936 1934/1934/1934 
f 1936/1936/1936 1935/1935/1935 1937/1937/1937 
f 1938/1938/1938 1939/1939/1939 1940/1940/1940 
f 1939/1939/1939 1938/1938/1938 1941/1941/1941 
f 1942/1942/1942 1938/1938/1938 1940/1940/1940 
f 1940/1940/1940 1943/1943/1943 1942/1942/1942 
f 1944/1944/1944 1942/1942/1942 1943/1943/1943 
f 1943/1943/1943 1945/1945/1945 1944/1944/1944 
f 1946/1946/1946 1944/1944/1944 1945/1945/1945 
f 1945/1945/1945 1947/1947/1947 1946/1946/1946 
f 1947/1947/1947 1948/1948/1948 1946/1946/1946 
f 1947/1947/1947 1949/1949/1949 1948/1948/1948 
f 1950/1950/1950 1948/1948/1948 1949/1949/1949 
f 1949/1949/1949 1951/1951/1951 1950/1950/1950 
f 1952/1952/1952 1950/1950/1950 1951/1951/1951 
f 1951/1951/1951 1953/1953/1953 1952/1952/1952 
f 1954/1954/1954 1955/1955/1955 1956/1956/1956 
f 1956/1956/1956 1955/1955/1955 1957/1957/1957 
f 1958/1958/1958 1957/1957/1957 1955/1955/1955 
f 1957/1957/1957 1958/1958/1958 1959/1959/1959 
f 1960/1960/1960 1954/1954/1954 1956/1956/1956 
f 1954/1954/1954 1960/1960/1960 1961/1961/1961 
f 1960/1960/1960 1962/1962/1962 1961/1961/1961 
f 1961/1961/1961 1962/1962/1962 1963/1963/1963 
f 1962/1962/1962 1964/1964/1964 1963/1963/1963 
f 1964/1964/1964 1962/1962/1962 1965/1965/1965 
f 1966/1966/1966 1964/1964/1964 1965/1965/1965 
f 1965/1965/1965 1967/1967/1967 1966/1966/1966 
f 1968/1968/1968 1966/1966/1966 1967/1967/1967 
f 1967/1967/1967 1969/1969/1969 1968/1968/1968 
f 1970/1970/1970 1971/1971/1971 1972/1972/1972 
f 1973/1973/1973 1972/1972/1972 1971/1971/1971 
f 1974/1974/1974 1973/1973/1973 1971/1971/1971 
f 1974/1974/1974 1971/1971/1971 1975/1975/1975 
f 1971/1971/1971 1970/1970/1970 1976/1976/1976 
f 1975/1975/1975 1971/1971/1971 1976/1976/1976 
f 1977/1977/1977 1976/1976/1976 1970/1970/1970 
f 1975/1975/1975 1976/1976/1976 1978/1978/1978 
f 1976/1976/1976 1977/1977/1977 1979/1979/1979 
f 1978/1978/1978 1976/1976/1976 1979/1979/1979 
f 1980/1980/1980 1979/1979/1979 1977/1977/1977 
f 1978/1978/1978 1979/1979/1979 1981/1981/1981 
f 1979/1979/1979 1980/1980/1980 1982/1982/1982 
f 1981/1981/1981 1979/1979/1979 1982/1982/1982 
f 1983/1983/1983 1982/1982/1982 1980/1980/1980 
f 1981/1981/1981 1982/1982/1982 1984/1984/1984 
f 1982/1982/1982 1983/1983/1983 1985/1985/1985 
f 1984/1984/1984 1982/1982/1982 1985/1985/1985 
f 1986/1986/1986 1985/1985/1985 1983/1983/1983 
f 1984/1984/1984 1985/1985/1985 1987/1987/1987 
f 1988/1988/1988 1989/1989/1989 1990/1990/1990 
f 1991/1991/1991 1992/1992/1992 1990/1990/1990 
f 1991/1991/1991 1990/1990/1990 1993/1993/1993 
f 1993/1993/1993 1990/1990/1990 1989/1989/1989 
f 1994/1994/1994 1991/1991/1991 1993/1993/1993 
f 1994/1994/1994 1993/1993/1993 1989/1989/1989 
f 1991/1991/1991 1994/1994/1994 1995/1995/1995 
f 1994/1994/1994 1989/1989/1989 1996/1996/1996 
f 1989/1989/1989 1988/1988/1988 1997/1997/1997 
f 1996/1996/1996 1989/1989/1989 1997/1997/1997 
f 1998/1998/1998 1997/1997/1997 1988/1988/1988 
f 1996/1996/1996 1997/1997/1997 1999/1999/1999 
f 1997/1997/1997 1998/1998/1998 2000/2000/2000 
f 1999/1999/1999 1997/1997/1997 2000/2000/2000 
f 2001/2001/2001 2000/2000/2000 1998/1998/1998 
f 1999/1999/1999 2000/2000/2000 2002/2002/2002 
f 2003/2003/2003 2000/2000/2000 2001/2001/2001 
f 2000/2000/2000 2004/2004/2004 2002/2002/2002 
f 2000/2000/2000 2003/2003/2003 2005/2005/2005 
f 2004/2004/2004 2000/2000/2000 2005/2005/2005 
f 2006/2006/2006 2007/2007/2007 2008/2008/2008 
f 2009/2009/2009 2010/2010/2010 2011/2011/2011 
f 2012/2012/2012 2013/2013/2013 2014/2014/2014 
f 2015/2015/2015 2012/2012/2012 2014/2014/2014 
f 2015/2015/2015 2014/2014/2014 2016/2016/2016 
f 2014/2014/2014 2017/2017/2017 2016/2016/2016 
f 2017/2017/2017 2014/2014/2014 2018/2018/2018 
f 2014/2014/2014 2019/2019/2019 2020/2020/2020 
f 2014/2014/2014 2020/2020/2020 2021/2021/2021 
f 2014/2014/2014 2021/2021/2021 2022/2022/2022 
f 2014/2014/2014 2022/2022/2022 2023/2023/2023 
f 2024/2024/2024 2025/2025/2025 2026/2026/2026 
f 2027/2027/2027 2025/2025/2025 2024/2024/2024 
f 2026/2026/2026 2025/2025/2025 2028/2028/2028 
f 2028/2028/2028 2025/2025/2025 2029/2029/2029 
f 2030/2030/2030 2031/2031/2031 2025/2025/2025 
f 2025/2025/2025 2031/2031/2031 2032/2032/2032 
f 2025/2025/2025 2032/2032/2032 2033/2033/2033 
f 2025/2025/2025 2033/2033/2033 2034/2034/2034 
f 2025/2025/2025 2034/2034/2034 2035/2035/2035 
f 2036/2036/2036 2037/2037/2037 2038/2038/2038 
f 2037/2037/2037 2036/2036/2036 2039/2039/2039 
f 2037/2037/2037 2039/2039/2039 2040/2040/2040 
f 2041/2041/2041 2037/2037/2037 2040/2040/2040 
f 2041/2041/2041 2042/2042/2042 2037/2037/2037 
f 2037/2037/2037 2042/2042/2042 2043/2043/2043 
f 2044/2044/2044 2037/2037/2037 2043/2043/2043 
f 2037/2037/2037 2044/2044/2044 2045/2045/2045 
f 2037/2037/2037 2045/2045/2045 2046/2046/2046 
f 2047/2047/2047 2037/2037/2037 2046/2046/2046 
f 2037/2037/2037 2047/2047/2047 2048/2048/2048 
f 2049/2049/2049 2037/2037/2037 2048/2048/2048 
f 2038/2038/2038 2037/2037/2037 2049/2049/2049 
f 2038/2038/2038 2049/2049/2049 2050/2050/2050 
f 2049/2049/2049 2048/2048/2048 2051/2051/2051 
f 2050/2050/2050 2049/2049/2049 2052/2052/2052 
f 2052/2052/2052 2049/2049/2049 2051/2051/2051 
f 2052/2052/2052 2051/2051/2051 2053/2053/2053 
f 2054/2054/2054 2055/2055/2055 2056/2056/2056 
f 2057/2057/2057 2058/2058/2058 2054/2054/2054 
f 2054/2054/2054 2058/2058/2058 2055/2055/2055 
f 2058/2058/2058 2059/2059/2059 2055/2055/2055 
f 2055/2055/2055 2059/2059/2059 2060/2060/2060 
f 2056/2056/2056 2055/2055/2055 2061/2061/2061 
f 2055/2055/2055 2060/2060/2060 2061/2061/2061 
f 2056/2056/2056 2061/2061/2061 2062/2062/2062 
f 2061/2061/2061 2060/2060/2060 2063/2063/2063 
f 2062/2062/2062 2061/2061/2061 2064/2064/2064 
f 2061/2061/2061 2063/2063/2063 2065/2065/2065 
f 2061/2061/2061 2066/2066/2066 2064/2064/2064 
f 2061/2061/2061 2065/2065/2065 2067/2067/2067 
f 2061/2061/2061 2068/2068/2068 2066/2066/2066 
f 2069/2069/2069 2061/2061/2061 2067/2067/2067 
f 2068/2068/2068 2061/2061/2061 2070/2070/2070 
f 2071/2071/2071 2061/2061/2061 2069/2069/2069 
f 2070/2070/2070 2061/2061/2061 2071/2071/2071 
f 2072/2072/2072 2073/2073/2073 2074/2074/2074 
f 2075/2075/2075 2073/2073/2073 2072/2072/2072 
f 2076/2076/2076 2075/2075/2075 2072/2072/2072 
f 2073/2073/2073 2077/2077/2077 2074/2074/2074 
f 2078/2078/2078 2076/2076/2076 2072/2072/2072 
f 2078/2078/2078 2072/2072/2072 2074/2074/2074 
f 2076/2076/2076 2078/2078/2078 2079/2079/2079 
f 2078/2078/2078 2074/2074/2074 2080/2080/2080 
f 2074/2074/2074 2077/2077/2077 2081/2081/2081 
f 2080/2080/2080 2074/2074/2074 2081/2081/2081 
f 2082/2082/2082 2081/2081/2081 2077/2077/2077 
f 2080/2080/2080 2081/2081/2081 2083/2083/2083 
f 2081/2081/2081 2082/2082/2082 2084/2084/2084 
f 2083/2083/2083 2081/2081/2081 2084/2084/2084 
f 2085/2085/2085 2084/2084/2084 2082/2082/2082 
f 2083/2083/2083 2084/2084/2084 2086/2086/2086 
f 2085/2085/2085 2087/2087/2087 2084/2084/2084 
f 2087/2087/2087 2086/2086/2086 2084/2084/2084 
f 2087/2087/2087 2085/2085/2085 2088/2088/2088 
f 2087/2087/2087 2089/2089/2089 2086/2086/2086 
f 2088/2088/2088 2090/2090/2090 2087/2087/2087 
f 2090/2090/2090 2089/2089/2089 2087/2087/2087 
f 2090/2090/2090 2088/2088/2088 2091/2091/2091 
f 2089/2089/2089 2090/2090/2090 2092/2092/2092 
f 2091/2091/2091 2093/2093/2093 2090/2090/2090 
f 2093/2093/2093 2092/2092/2092 2090/2090/2090 
f 2093/2093/2093 2091/2091/2091 2094/2094/2094 
f 2092/2092/2092 2093/2093/2093 2095/2095/2095 
f 2096/2096/2096 2097/2097/2097 2098/2098/2098 
f 2097/2097/2097 2099/2099/2099 2100/2100/2100 
f 2097/2097/2097 2101/2101/2101 2099/2099/2099 
f 2097/2097/2097 2096/2096/2096 2101/2101/2101 
f 2101/2101/2101 2102/2102/2102 2099/2099/2099 
f 2096/2096/2096 2102/2102/2102 2101/2101/2101 
f 2103/2103/2103 2099/2099/2099 2102/2102/2102 
f 2096/2096/2096 2104/2104/2104 2102/2102/2102 
f 2098/2098/2098 2105/2105/2105 2096/2096/2096 
f 2105/2105/2105 2104/2104/2104 2096/2096/2096 
f 2105/2105/2105 2098/2098/2098 2106/2106/2106 
f 2104/2104/2104 2105/2105/2105 2107/2107/2107 
f 2105/2105/2105 2106/2106/2106 2108/2108/2108 
f 2107/2107/2107 2105/2105/2105 2108/2108/2108 
f 2109/2109/2109 2108/2108/2108 2106/2106/2106 
f 2107/2107/2107 2108/2108/2108 2110/2110/2110 
f 2108/2108/2108 2109/2109/2109 2111/2111/2111 
f 2110/2110/2110 2108/2108/2108 2111/2111/2111 
f 2110/2110/2110 2111/2111/2111 2112/2112/2112 
f 2113/2113/2113 2111/2111/2111 2109/2109/2109 
f 2111/2111/2111 2114/2114/2114 2112/2112/2112 
f 2111/2111/2111 2113/2113/2113 2115/2115/2115 
f 2114/2114/2114 2111/2111/2111 2115/2115/2115 
f 2113/2113/2113 2116/2116/2116 2115/2115/2115 
f 2114/2114/2114 2115/2115/2115 2117/2117/2117 
f 2115/2115/2115 2116/2116/2116 2117/2117/2117 
f 2114/2114/2114 2117/2117/2117 2118/2118/2118 
f 2116/2116/2116 2119/2119/2119 2117/2117/2117 

g Player2

v -1.01409 102.024 -0.41186 
v -0.98275 101.987 0.485034 
v -1.00965 102.346 -0.398743 
v -0.978312 102.309 0.498151 
v 1.01584 101.962 0.414186 
v 0.984506 101.999 -0.482708 
v 0.988945 102.322 -0.469588 
v 1.02028 102.285 0.427307 
v -0.919671 101.984 0.535287 
v -0.915294 102.306 0.548406 
v -0.951207 101.985 0.51011 
v -0.9468 102.308 0.523228 
v 1.01584 101.962 0.414186 
v 0.990605 102.284 0.454603 
v 0.986166 101.961 0.441483 
v 1.02028 102.285 0.427307 
v 0.956488 101.961 0.468779 
v 0.960927 102.283 0.481899 
v -0.951207 101.985 0.51011 
v -0.9468 102.308 0.523228 
v -0.98275 101.987 0.485034 
v -0.978312 102.309 0.498151 
v 0.921599 102.002 -0.529767 
v 0.926038 102.324 -0.516646 
v 0.957491 102.323 -0.493117 
v 0.953053 102 -0.506238 
v -1.01409 102.024 -0.41186 
v -1.00965 102.346 -0.398743 
v -0.979916 102.347 -0.424442 
v -0.984324 102.024 -0.437559 
v -0.950183 102.347 -0.45014 
v -0.95456 102.025 -0.463259 
v 0.988945 102.322 -0.469588 
v 0.984506 101.999 -0.482708 
v 0.957491 102.323 -0.493117 
v 0.953053 102 -0.506238 
v 0.986166 101.961 0.441483 
v 0.955071 101.923 0.40056 
v 1.01584 101.962 0.414186 
v 0.956488 101.961 0.468779 
v -0.920129 101.946 0.467034 
v -0.919671 101.984 0.535287 
v -0.951207 101.985 0.51011 
v -0.951207 101.985 0.51011 
v -0.98275 101.987 0.485034 
v -0.920129 101.946 0.467034 
v 0.921599 102.002 -0.529767 
v 0.953053 102 -0.506238 
v 0.924874 101.958 -0.46368 
v 0.924874 101.958 -0.46368 
v 0.953053 102 -0.506238 
v 0.984506 101.999 -0.482708 
v 1.02028 102.285 0.427307 
v 0.960573 102.322 0.416823 
v 0.990605 102.284 0.454603 
v 0.960927 102.283 0.481899 
v -0.984324 102.024 -0.437559 
v -0.950325 101.981 -0.397206 
v -1.01409 102.024 -0.41186 
v -0.95456 102.025 -0.463259 
v -0.915294 102.306 0.548406 
v -0.914689 102.345 0.483295 
v -0.9468 102.308 0.523228 
v -0.914689 102.345 0.483295 
v -0.978312 102.309 0.498151 
v -0.9468 102.308 0.523228 
v 0.924874 101.958 -0.46368 
v 1.01584 101.962 0.414186 
v 0.955071 101.923 0.40056 
v 0.984506 101.999 -0.482708 
v 0.930376 102.358 -0.447418 
v 0.957491 102.323 -0.493117 
v 0.926038 102.324 -0.516646 
v 0.988945 102.322 -0.469588 
v 0.957491 102.323 -0.493117 
v 0.930376 102.358 -0.447418 
v -1.00965 102.346 -0.398743 
v -0.944885 102.381 -0.380946 
v -0.979916 102.347 -0.424442 
v -0.950183 102.347 -0.45014 
v -0.950325 101.981 -0.397206 
v -0.98275 101.987 0.485034 
v -1.01409 102.024 -0.41186 
v -0.920129 101.946 0.467034 
v 0.930376 102.358 -0.447418 
v 1.02028 102.285 0.427307 
v 0.988945 102.322 -0.469588 
v 0.960573 102.322 0.416823 
v -0.944885 102.381 -0.380946 
v -0.978312 102.309 0.498151 
v -0.914689 102.345 0.483295 
v -1.00965 102.346 -0.398743 
v 0.456983 102.33 -0.50002 
v 0.926038 102.324 -0.516646 
v 0.452559 102.008 -0.51314 
v 0.921599 102.002 -0.529767 
v -0.0164805 102.013 -0.496513 
v -0.0120724 102.336 -0.483393 
v -0.48552 102.019 -0.479886 
v -0.481128 102.342 -0.466766 
v -0.95456 102.025 -0.463259 
v -0.950183 102.347 -0.45014 
v 0.487448 101.967 0.485406 
v 0.960927 102.283 0.481899 
v 0.491872 102.289 0.498526 
v 0.956488 101.961 0.468779 
v 0.0184086 101.972 0.502033 
v 0.0228166 102.295 0.515153 
v -0.450631 101.978 0.51866 
v -0.446239 102.301 0.531779 
v -0.919671 101.984 0.535287 
v -0.915294 102.306 0.548406 
v 0.956488 101.961 0.468779 
v 0.486271 101.928 0.417179 
v 0.955071 101.923 0.40056 
v 0.487448 101.967 0.485406 
v 0.0174709 101.934 0.433797 
v 0.0184086 101.972 0.502033 
v -0.451329 101.94 0.450416 
v -0.450631 101.978 0.51866 
v -0.920129 101.946 0.467034 
v -0.919671 101.984 0.535287 
v 0.921599 102.002 -0.529767 
v 0.456074 101.964 -0.447062 
v 0.452559 102.008 -0.51314 
v 0.924874 101.958 -0.46368 
v -0.0127255 101.97 -0.430443 
v -0.0164805 102.013 -0.496513 
v -0.481525 101.976 -0.413825 
v -0.48552 102.019 -0.479886 
v -0.950325 101.981 -0.397206 
v -0.95456 102.025 -0.463259 
v 0.491872 102.289 0.498526 
v 0.960927 102.283 0.481899 
v 0.491757 102.328 0.433441 
v 0.960573 102.322 0.416823 
v 0.0229419 102.334 0.450059 
v 0.0228166 102.295 0.515153 
v -0.445873 102.34 0.466677 
v -0.446239 102.301 0.531779 
v -0.914689 102.345 0.483295 
v -0.915294 102.306 0.548406 
v 0.926038 102.324 -0.516646 
v 0.461561 102.364 -0.4308 
v 0.930376 102.358 -0.447418 
v 0.456983 102.33 -0.50002 
v -0.00725452 102.369 -0.414182 
v -0.0120724 102.336 -0.483393 
v -0.47607 102.375 -0.397564 
v -0.481128 102.342 -0.466766 
v -0.944885 102.381 -0.380946 
v -0.950183 102.347 -0.45014 
v 0.924874 101.958 -0.46368 
v 0.486271 101.928 0.417179 
v 0.456074 101.964 -0.447062 
v 0.955071 101.923 0.40056 
v 0.0174709 101.934 0.433797 
v -0.0127255 101.97 -0.430443 
v -0.451329 101.94 0.450416 
v -0.481525 101.976 -0.413825 
v -0.950325 101.981 -0.397206 
v -0.920129 101.946 0.467034 
v 0.960573 102.322 0.416823 
v 0.930376 102.358 -0.447418 
v 0.461561 102.364 -0.4308 
v 0.491757 102.328 0.433441 
v -0.00725452 102.369 -0.414182 
v 0.0229419 102.334 0.450059 
v -0.47607 102.375 -0.397564 
v -0.445873 102.34 0.466677 
v -0.914689 102.345 0.483295 
v -0.944885 102.381 -0.380946 

vn -1 0.015748 0.0314961 
vn -1 0.015748 0.0314961 
vn -1 0.015748 0.0314961 
vn -1 0.015748 0.0314961 
vn 1 -0.015748 -0.0314961 
vn 1 -0.015748 -0.0314961 
vn 1 -0.015748 -0.0314961 
vn 1 -0.015748 -0.0314961 
vn -0.622047 -0.023622 0.779528 
vn -0.622047 -0.023622 0.779528 
vn -0.622047 -0.023622 0.779528 
vn -0.622047 -0.023622 0.779528 
vn 0.677165 -0.0393701 0.732283 
vn 0.677165 -0.0393701 0.732283 
vn 0.677165 -0.0393701 0.732283 
vn 0.677165 -0.0393701 0.732283 
vn 0.677165 -0.0393701 0.732283 
vn 0.677165 -0.0393701 0.732283 
vn -0.622047 -0.023622 0.779528 
vn -0.622047 -0.023622 0.779528 
vn -0.622047 -0.023622 0.779528 
vn -0.622047 -0.023622 0.779528 
vn 0.598425 0.023622 -0.80315 
vn 0.598425 0.023622 -0.80315 
vn 0.598425 0.023622 -0.80315 
vn 0.598425 0.023622 -0.80315 
vn -0.653543 0.0393701 -0.755906 
vn -0.653543 0.0393701 -0.755906 
vn -0.653543 0.0393701 -0.755906 
vn -0.653543 0.0393701 -0.755906 
vn -0.653543 0.0393701 -0.755906 
vn -0.653543 0.0393701 -0.755906 
vn 0.598425 0.023622 -0.80315 
vn 0.598425 0.023622 -0.80315 
vn 0.598425 0.023622 -0.80315 
vn 0.598425 0.023622 -0.80315 
vn 0.417323 -0.795276 0.433071 
vn 0.417323 -0.795276 0.433071 
vn 0.417323 -0.795276 0.433071 
vn 0.417323 -0.795276 0.433071 
vn -0.393701 -0.80315 0.448819 
vn -0.393701 -0.80315 0.448819 
vn -0.393701 -0.80315 0.448819 
vn -0.393701 -0.80315 0.448819 
vn -0.393701 -0.80315 0.448819 
vn -0.393701 -0.80315 0.448819 
vn 0.362205 -0.771654 -0.527559 
vn 0.362205 -0.771654 -0.527559 
vn 0.362205 -0.771654 -0.527559 
vn 0.362205 -0.771654 -0.527559 
vn 0.362205 -0.771654 -0.527559 
vn 0.362205 -0.771654 -0.527559 
vn 0.409449 0.779528 0.464567 
vn 0.409449 0.779528 0.464567 
vn 0.409449 0.779528 0.464567 
vn 0.409449 0.779528 0.464567 
vn -0.401575 -0.771654 -0.488189 
vn -0.401575 -0.771654 -0.488189 
vn -0.401575 -0.771654 -0.488189 
vn -0.401575 -0.771654 -0.488189 
vn -0.346457 0.80315 0.480315 
vn -0.346457 0.80315 0.480315 
vn -0.346457 0.80315 0.480315 
vn -0.346457 0.80315 0.480315 
vn -0.346457 0.80315 0.480315 
vn -0.346457 0.80315 0.480315 
vn 0.551181 -0.834646 -0.0551181 
vn 0.551181 -0.834646 -0.0551181 
vn 0.551181 -0.834646 -0.0551181 
vn 0.551181 -0.834646 -0.0551181 
vn 0.354331 0.834646 -0.425197 
vn 0.354331 0.834646 -0.425197 
vn 0.354331 0.834646 -0.425197 
vn 0.354331 0.834646 -0.425197 
vn 0.354331 0.834646 -0.425197 
vn 0.354331 0.834646 -0.425197 
vn -0.354331 0.850394 -0.385827 
vn -0.354331 0.850394 -0.385827 
vn -0.354331 0.850394 -0.385827 
vn -0.354331 0.850394 -0.385827 
vn -0.551181 -0.834646 -0.015748 
vn -0.551181 -0.834646 -0.015748 
vn -0.551181 -0.834646 -0.015748 
vn -0.551181 -0.834646 -0.015748 
vn 0.535433 0.850394 0.015748 
vn 0.535433 0.850394 0.015748 
vn 0.535433 0.850394 0.015748 
vn 0.535433 0.850394 0.015748 
vn -0.480315 0.874016 0.0551181 
vn -0.480315 0.874016 0.0551181 
vn -0.480315 0.874016 0.0551181 
vn -0.480315 0.874016 0.0551181 
vn -0.0314961 0.0393701 -1 
vn -0.0314961 0.0393701 -1 
vn -0.0314961 0.0393701 -1 
vn -0.0314961 0.0393701 -1 
vn -0.0314961 0.0393701 -1 
vn -0.0314961 0.0393701 -1 
vn -0.0314961 0.0393701 -1 
vn -0.0314961 0.0393701 -1 
vn -0.0314961 0.0393701 -1 
vn -0.0314961 0.0393701 -1 
vn 0.0314961 -0.0393701 1 
vn 0.0314961 -0.0393701 1 
vn 0.0314961 -0.0393701 1 
vn 0.0314961 -0.0393701 1 
vn 0.0314961 -0.0393701 1 
vn 0.0314961 -0.0393701 1 
vn 0.0314961 -0.0393701 1 
vn 0.0314961 -0.0393701 1 
vn 0.0314961 -0.0393701 1 
vn 0.0314961 -0.0393701 1 
vn 0.00787402 -0.874016 0.488189 
vn 0.00787402 -0.874016 0.488189 
vn 0.00787402 -0.874016 0.488189 
vn 0.00787402 -0.874016 0.488189 
vn 0.00787402 -0.874016 0.488189 
vn 0.00787402 -0.874016 0.488189 
vn 0.00787402 -0.874016 0.488189 
vn 0.00787402 -0.874016 0.488189 
vn 0.00787402 -0.874016 0.488189 
vn 0.00787402 -0.874016 0.488189 
vn -0.0314961 -0.834646 -0.551181 
vn -0.0314961 -0.834646 -0.551181 
vn -0.0314961 -0.834646 -0.551181 
vn -0.0314961 -0.834646 -0.551181 
vn -0.0314961 -0.834646 -0.551181 
vn -0.0314961 -0.834646 -0.551181 
vn -0.0314961 -0.834646 -0.551181 
vn -0.0314961 -0.834646 -0.551181 
vn -0.0314961 -0.834646 -0.551181 
vn -0.0314961 -0.834646 -0.551181 
vn 0.0314961 0.858268 0.511811 
vn 0.0314961 0.858268 0.511811 
vn 0.0314961 0.858268 0.511811 
vn 0.0314961 0.858268 0.511811 
vn 0.0314961 0.858268 0.511811 
vn 0.0314961 0.858268 0.511811 
vn 0.0314961 0.858268 0.511811 
vn 0.0314961 0.858268 0.511811 
vn 0.0314961 0.858268 0.511811 
vn 0.0314961 0.858268 0.511811 
vn -0.00787402 0.897638 -0.433071 
vn -0.00787402 0.897638 -0.433071 
vn -0.00787402 0.897638 -0.433071 
vn -0.00787402 0.897638 -0.433071 
vn -0.00787402 0.897638 -0.433071 
vn -0.00787402 0.897638 -0.433071 
vn -0.00787402 0.897638 -0.433071 
vn -0.00787402 0.897638 -0.433071 
vn -0.00787402 0.897638 -0.433071 
vn -0.00787402 0.897638 -0.433071 
vn -0.015748 -1 -0.0393701 
vn -0.015748 -1 -0.0393701 
vn -0.015748 -1 -0.0393701 
vn -0.015748 -1 -0.0393701 
vn -0.015748 -1 -0.0393701 
vn -0.015748 -1 -0.0393701 
vn -0.015748 -1 -0.0393701 
vn -0.015748 -1 -0.0393701 
vn -0.015748 -1 -0.0393701 
vn -0.015748 -1 -0.0393701 
vn 0.015748 1 0.0393701 
vn 0.015748 1 0.0393701 
vn 0.015748 1 0.0393701 
vn 0.015748 1 0.0393701 
vn 0.015748 1 0.0393701 
vn 0.015748 1 0.0393701 
vn 0.015748 1 0.0393701 
vn 0.015748 1 0.0393701 
vn 0.015748 1 0.0393701 
vn 0.015748 1 0.0393701 

vt 0.144606 0.652426 
vt 0.209286 0.65229 
vt 0.144603 0.691777 
vt 0.209286 0.691778 
vt 0.355051 0.652566 
vt 0.418234 0.652805 
vt 0.418209 0.691751 
vt 0.355175 0.691775 
vt 0.21491 0.652484 
vt 0.214967 0.691778 
vt 0.211995 0.652286 
vt 0.211962 0.691778 
vt 0.355051 0.652566 
vt 0.351694 0.691775 
vt 0.351694 0.652585 
vt 0.355175 0.691775 
vt 0.348715 0.652605 
vt 0.348655 0.691775 
vt 0.211995 0.652286 
vt 0.211962 0.691778 
vt 0.209286 0.65229 
vt 0.209286 0.691778 
vt 0.00523 0.652426 
vt 0.00523 0.691777 
vt 0.00245839 0.691777 
vt 0.00245839 0.652426 
vt 0.144606 0.652426 
vt 0.144603 0.691777 
vt 0.141869 0.691777 
vt 0.141898 0.652426 
vt 0.139135 0.691777 
vt 0.13919 0.652426 
vt 0.418209 0.691751 
vt 0.418234 0.652805 
vt 0.420815 0.691751 
vt 0.420815 0.652805 
vt 0.351694 0.652585 
vt 0.351469 0.644959 
vt 0.355051 0.652566 
vt 0.348715 0.652605 
vt 0.212044 0.644959 
vt 0.21491 0.652484 
vt 0.211995 0.652286 
vt 0.211995 0.652286 
vt 0.209286 0.65229 
vt 0.212044 0.644959 
vt 0.00523 0.652426 
vt 0.00245839 0.652426 
vt 0.00245839 0.644961 
vt 0.420815 0.644959 
vt 0.420815 0.652805 
vt 0.418234 0.652805 
vt 0.355175 0.691775 
vt 0.351694 0.700357 
vt 0.351694 0.691775 
vt 0.348655 0.691775 
vt 0.141898 0.652426 
vt 0.141821 0.644948 
vt 0.144606 0.652426 
vt 0.13919 0.652426 
vt 0.214967 0.691778 
vt 0.211962 0.700357 
vt 0.211962 0.691778 
vt 0.211962 0.700357 
vt 0.209286 0.691778 
vt 0.211962 0.691778 
vt 0.420815 0.644959 
vt 0.355051 0.652566 
vt 0.351469 0.644959 
vt 0.418234 0.652805 
vt 0.00245839 0.700357 
vt 0.00245839 0.691777 
vt 0.00523 0.691777 
vt 0.418209 0.691751 
vt 0.420815 0.691751 
vt 0.420815 0.700357 
vt 0.144603 0.691777 
vt 0.141984 0.700357 
vt 0.141869 0.691777 
vt 0.139135 0.691777 
vt 0.141821 0.644948 
vt 0.209286 0.65229 
vt 0.144606 0.652426 
vt 0.212044 0.644959 
vt 0.420815 0.700357 
vt 0.355175 0.691775 
vt 0.418209 0.691751 
vt 0.351694 0.700357 
vt 0.141984 0.700357 
vt 0.209286 0.691778 
vt 0.211962 0.700357 
vt 0.144603 0.691777 
vt 0.0387061 0.691777 
vt 0.00523 0.691777 
vt 0.0387199 0.652426 
vt 0.00523 0.652426 
vt 0.0722099 0.652426 
vt 0.0721823 0.691777 
vt 0.1057 0.652426 
vt 0.105658 0.691777 
vt 0.13919 0.652426 
vt 0.139135 0.691777 
vt 0.315264 0.652574 
vt 0.348655 0.691775 
vt 0.315233 0.691775 
vt 0.348715 0.652605 
vt 0.281813 0.652544 
vt 0.281811 0.691776 
vt 0.248361 0.652514 
vt 0.248389 0.691777 
vt 0.21491 0.652484 
vt 0.214967 0.691778 
vt 0.348715 0.652605 
vt 0.316613 0.644959 
vt 0.351469 0.644959 
vt 0.315264 0.652574 
vt 0.281756 0.644959 
vt 0.281813 0.652544 
vt 0.2469 0.644959 
vt 0.248361 0.652514 
vt 0.212044 0.644959 
vt 0.21491 0.652484 
vt 0.00523 0.652426 
vt 0.037299 0.644958 
vt 0.0387199 0.652426 
vt 0.00245838 0.644961 
vt 0.0721396 0.644955 
vt 0.0722099 0.652426 
vt 0.10698 0.644951 
vt 0.1057 0.652426 
vt 0.141821 0.644948 
vt 0.13919 0.652426 
vt 0.315233 0.691775 
vt 0.348655 0.691775 
vt 0.316761 0.700357 
vt 0.351694 0.700357 
vt 0.281828 0.700357 
vt 0.281811 0.691776 
vt 0.246895 0.700357 
vt 0.248389 0.691777 
vt 0.211962 0.700357 
vt 0.214967 0.691778 
vt 0.00523 0.691777 
vt 0.0373399 0.700357 
vt 0.00245838 0.700357 
vt 0.0387061 0.691777 
vt 0.0722214 0.700357 
vt 0.0721823 0.691777 
vt 0.107103 0.700357 
vt 0.105658 0.691777 
vt 0.141984 0.700357 
vt 0.139135 0.691777 
vt 0.00245838 0.644175 
vt 0.0372011 0.532313 
vt 0.0371992 0.644209 
vt 0.00245838 0.53232 
vt 0.0719439 0.532307 
vt 0.0719401 0.644243 
vt 0.106687 0.5323 
vt 0.106681 0.644277 
vt 0.141422 0.644311 
vt 0.141429 0.532294 
vt 0.146413 0.637054 
vt 0.146413 0.581416 
vt 0.163691 0.581387 
vt 0.163636 0.637054 
vt 0.180968 0.581358 
vt 0.180859 0.637054 
vt 0.198246 0.581329 
vt 0.198082 0.637054 
vt 0.215305 0.637054 
vt 0.215523 0.581299 

usemtl Player1Mtl

f 2120/2120/2120 2121/2121/2121 2122/2122/2122 
f 2122/2122/2122 2121/2121/2121 2123/2123/2123 
f 2124/2124/2124 2125/2125/2125 2126/2126/2126 
f 2126/2126/2126 2127/2127/2127 2124/2124/2124 
f 2128/2128/2128 2129/2129/2129 2130/2130/2130 
f 2130/2130/2130 2129/2129/2129 2131/2131/2131 
f 2132/2132/2132 2133/2133/2133 2134/2134/2134 
f 2133/2133/2133 2132/2132/2132 2135/2135/2135 
f 2134/2134/2134 2133/2133/2133 2136/2136/2136 
f 2136/2136/2136 2133/2133/2133 2137/2137/2137 
f 2138/2138/2138 2139/2139/2139 2140/2140/2140 
f 2140/2140/2140 2139/2139/2139 2141/2141/2141 
f 2142/2142/2142 2143/2143/2143 2144/2144/2144 
f 2144/2144/2144 2145/2145/2145 2142/2142/2142 
f 2146/2146/2146 2147/2147/2147 2148/2148/2148 
f 2148/2148/2148 2149/2149/2149 2146/2146/2146 
f 2150/2150/2150 2149/2149/2149 2148/2148/2148 
f 2149/2149/2149 2150/2150/2150 2151/2151/2151 
f 2152/2152/2152 2153/2153/2153 2154/2154/2154 
f 2154/2154/2154 2153/2153/2153 2155/2155/2155 
f 2156/2156/2156 2157/2157/2157 2158/2158/2158 
f 2159/2159/2159 2157/2157/2157 2156/2156/2156 
f 2160/2160/2160 2161/2161/2161 2162/2162/2162 
f 2163/2163/2163 2164/2164/2164 2165/2165/2165 
f 2166/2166/2166 2167/2167/2167 2168/2168/2168 
f 2169/2169/2169 2170/2170/2170 2171/2171/2171 
f 2172/2172/2172 2173/2173/2173 2174/2174/2174 
f 2174/2174/2174 2173/2173/2173 2175/2175/2175 
f 2176/2176/2176 2177/2177/2177 2178/2178/2178 
f 2179/2179/2179 2177/2177/2177 2176/2176/2176 
f 2180/2180/2180 2181/2181/2181 2182/2182/2182 
f 2183/2183/2183 2184/2184/2184 2185/2185/2185 
f 2186/2186/2186 2187/2187/2187 2188/2188/2188 
f 2187/2187/2187 2186/2186/2186 2189/2189/2189 
f 2190/2190/2190 2191/2191/2191 2192/2192/2192 
f 2193/2193/2193 2194/2194/2194 2195/2195/2195 
f 2196/2196/2196 2197/2197/2197 2198/2198/2198 
f 2198/2198/2198 2197/2197/2197 2199/2199/2199 
f 2200/2200/2200 2201/2201/2201 2202/2202/2202 
f 2201/2201/2201 2200/2200/2200 2203/2203/2203 
f 2204/2204/2204 2205/2205/2205 2206/2206/2206 
f 2205/2205/2205 2204/2204/2204 2207/2207/2207 
f 2208/2208/2208 2209/2209/2209 2210/2210/2210 
f 2209/2209/2209 2208/2208/2208 2211/2211/2211 
f 2212/2212/2212 2213/2213/2213 2214/2214/2214 
f 2213/2213/2213 2215/2215/2215 2214/2214/2214 
f 2212/2212/2212 2214/2214/2214 2216/2216/2216 
f 2217/2217/2217 2212/2212/2212 2216/2216/2216 
f 2217/2217/2217 2216/2216/2216 2218/2218/2218 
f 2219/2219/2219 2217/2217/2217 2218/2218/2218 
f 2219/2219/2219 2218/2218/2218 2220/2220/2220 
f 2221/2221/2221 2219/2219/2219 2220/2220/2220 
f 2222/2222/2222 2223/2223/2223 2224/2224/2224 
f 2223/2223/2223 2222/2222/2222 2225/2225/2225 
f 2224/2224/2224 2226/2226/2226 2222/2222/2222 
f 2226/2226/2226 2224/2224/2224 2227/2227/2227 
f 2227/2227/2227 2228/2228/2228 2226/2226/2226 
f 2228/2228/2228 2227/2227/2227 2229/2229/2229 
f 2229/2229/2229 2230/2230/2230 2228/2228/2228 
f 2230/2230/2230 2229/2229/2229 2231/2231/2231 
f 2232/2232/2232 2233/2233/2233 2234/2234/2234 
f 2233/2233/2233 2232/2232/2232 2235/2235/2235 
f 2235/2235/2235 2236/2236/2236 2233/2233/2233 
f 2236/2236/2236 2235/2235/2235 2237/2237/2237 
f 2237/2237/2237 2238/2238/2238 2236/2236/2236 
f 2238/2238/2238 2237/2237/2237 2239/2239/2239 
f 2239/2239/2239 2240/2240/2240 2238/2238/2238 
f 2240/2240/2240 2239/2239/2239 2241/2241/2241 
f 2242/2242/2242 2243/2243/2243 2244/2244/2244 
f 2243/2243/2243 2242/2242/2242 2245/2245/2245 
f 2246/2246/2246 2244/2244/2244 2243/2243/2243 
f 2244/2244/2244 2246/2246/2246 2247/2247/2247 
f 2248/2248/2248 2247/2247/2247 2246/2246/2246 
f 2247/2247/2247 2248/2248/2248 2249/2249/2249 
f 2250/2250/2250 2249/2249/2249 2248/2248/2248 
f 2249/2249/2249 2250/2250/2250 2251/2251/2251 
f 2252/2252/2252 2253/2253/2253 2254/2254/2254 
f 2255/2255/2255 2254/2254/2254 2253/2253/2253 
f 2254/2254/2254 2256/2256/2256 2252/2252/2252 
f 2257/2257/2257 2252/2252/2252 2256/2256/2256 
f 2256/2256/2256 2258/2258/2258 2257/2257/2257 
f 2259/2259/2259 2257/2257/2257 2258/2258/2258 
f 2258/2258/2258 2260/2260/2260 2259/2259/2259 
f 2261/2261/2261 2259/2259/2259 2260/2260/2260 
f 2262/2262/2262 2263/2263/2263 2264/2264/2264 
f 2263/2263/2263 2262/2262/2262 2265/2265/2265 
f 2265/2265/2265 2266/2266/2266 2263/2263/2263 
f 2266/2266/2266 2265/2265/2265 2267/2267/2267 
f 2267/2267/2267 2268/2268/2268 2266/2266/2266 
f 2268/2268/2268 2267/2267/2267 2269/2269/2269 
f 2269/2269/2269 2270/2270/2270 2268/2268/2268 
f 2270/2270/2270 2269/2269/2269 2271/2271/2271 
f 2272/2272/2272 2273/2273/2273 2274/2274/2274 
f 2273/2273/2273 2272/2272/2272 2275/2275/2275 
f 2276/2276/2276 2274/2274/2274 2273/2273/2273 
f 2274/2274/2274 2276/2276/2276 2277/2277/2277 
f 2278/2278/2278 2277/2277/2277 2276/2276/2276 
f 2277/2277/2277 2278/2278/2278 2279/2279/2279 
f 2279/2279/2279 2278/2278/2278 2280/2280/2280 
f 2280/2280/2280 2278/2278/2278 2281/2281/2281 
f 2282/2282/2282 2283/2283/2283 2284/2284/2284 
f 2284/2284/2284 2285/2285/2285 2282/2282/2282 
f 2285/2285/2285 2284/2284/2284 2286/2286/2286 
f 2286/2286/2286 2287/2287/2287 2285/2285/2285 
f 2287/2287/2287 2286/2286/2286 2288/2288/2288 
f 2288/2288/2288 2289/2289/2289 2287/2287/2287 
f 2288/2288/2288 2290/2290/2290 2289/2289/2289 
f 2291/2291/2291 2290/2290/2290 2288/2288/2288 

g Player3

v 1.06111 100.263 0.514692 
v 1.06788 100.191 0.440168 
v 1.09932 100.267 0.487227 
v 1.03318 100.188 0.465078 
v 0.998479 100.184 0.489988 
v 1.06111 100.263 0.514692 
v 1.0229 100.259 0.542157 
v 1.03318 100.188 0.465078 
v 0.144833 100.175 0.361525 
v 0.175996 100.105 0.291077 
v 0.200854 100.107 0.325944 
v 0.117475 100.172 0.323099 
v 1.19581 100.211 -0.336619 
v 1.21269 100.287 -0.405713 
v 1.24005 100.289 -0.367287 
v 1.17095 100.209 -0.371484 
v 1.1461 100.207 -0.40635 
v 1.21269 100.287 -0.405713 
v 1.17095 100.209 -0.371484 
v 1.18533 100.285 -0.444138 
v 0.296414 100.198 -0.558881 
v 0.373327 100.132 -0.535529 
v 0.338626 100.129 -0.510619 
v 0.334623 100.202 -0.586345 
v 0.303924 100.125 -0.485709 
v 0.258204 100.194 -0.531416 
v 0.144833 100.175 0.361525 
v 0.22571 100.109 0.360809 
v 0.172191 100.177 0.39995 
v 0.200854 100.107 0.325944 
v 1.19581 100.211 -0.336619 
v 1.16927 100.278 0.0624845 
v 1.13143 100.201 0.0542894 
v 1.24005 100.289 -0.367287 
v 1.06788 100.191 0.440168 
v 1.13143 100.201 0.0542894 
v 1.16927 100.278 0.0624845 
v 1.09932 100.267 0.487227 
v 0.187426 100.183 -0.101644 
v 0.175996 100.105 0.291077 
v 0.117475 100.172 0.323099 
v 0.239546 100.115 -0.0948014 
v 0.303924 100.125 -0.485709 
v 0.187426 100.183 -0.101644 
v 0.258204 100.194 -0.531416 
v 0.239546 100.115 -0.0948014 
v 0.22571 100.109 0.360809 
v 0.612095 100.147 0.425399 
v 0.597545 100.218 0.471054 
v 0.172191 100.177 0.39995 
v 0.998479 100.184 0.489988 
v 1.0229 100.259 0.542157 
v 0.759977 100.243 -0.515242 
v 0.373327 100.132 -0.535529 
v 0.334623 100.202 -0.586345 
v 0.759712 100.17 -0.47094 
v 1.1461 100.207 -0.40635 
v 1.18533 100.285 -0.444138 
v 0.207649 101.138 -0.50804 
v 0.243792 101.15 -0.532882 
v 0.207847 101.097 -0.550396 
v 0.246057 101.101 -0.577861 
v 1.12412 101.186 -0.397229 
v 1.07521 101.231 -0.393898 
v 1.10315 101.224 -0.358345 
v 1.09676 101.184 -0.435654 
v 0.207649 101.138 -0.50804 
v 0.189519 101.196 -0.433206 
v 0.224284 101.213 -0.452674 
v 0.243792 101.15 -0.532882 
v 0.9662 101.211 0.468818 
v 0.933725 101.275 0.426994 
v 0.928299 101.216 0.49373 
v 0.971254 101.265 0.407262 
v 1.00406 101.206 0.443811 
v 0.971254 101.265 0.407262 
v 0.9662 101.211 0.468818 
v 1.00874 101.255 0.387632 
v 0.102302 101.195 0.28801 
v 0.0707012 101.124 0.319123 
v 0.0968761 101.135 0.354746 
v 0.075756 101.178 0.257567 
v 0.0707012 101.124 0.319123 
v 0.075756 101.178 0.257567 
v 0.0444838 101.113 0.283406 
v 0.0491642 101.162 0.227227 
v 1.08502 101.282 -0.283511 
v 1.10315 101.224 -0.358345 
v 1.05571 101.294 -0.313691 
v 1.07521 101.231 -0.393898 
v 0.189519 101.196 -0.433206 
v 0.171464 101.125 -0.483288 
v 0.15474 101.178 -0.413832 
v 0.207649 101.138 -0.50804 
v 1.13104 101.218 -0.322883 
v 1.08502 101.282 -0.283511 
v 1.11431 101.271 -0.253426 
v 1.10315 101.224 -0.358345 
v 0.928299 101.216 0.49373 
v 0.934331 101.159 0.550643 
v 0.97254 101.163 0.523178 
v 0.9662 101.211 0.468818 
v 0.0836244 101.076 0.408436 
v 0.0968761 101.135 0.354746 
v 0.0562664 101.074 0.370011 
v 0.0707012 101.124 0.319123 
v 0.189519 101.196 -0.433206 
v 0.202506 101.264 -0.351471 
v 0.224284 101.213 -0.452674 
v 0.169259 101.242 -0.338943 
v 1.05571 101.294 -0.313691 
v 1.03393 101.344 -0.212487 
v 1.08502 101.282 -0.283511 
v 1.06476 101.329 -0.189249 
v 0.207649 101.138 -0.50804 
v 0.169638 101.093 -0.522929 
v 0.171464 101.125 -0.483288 
v 0.207847 101.097 -0.550396 
v 0.15474 101.178 -0.413832 
v 0.169259 101.242 -0.338943 
v 0.189519 101.196 -0.433206 
v 0.136016 101.22 -0.326318 
v 1.11431 101.271 -0.253426 
v 1.06476 101.329 -0.189249 
v 1.09559 101.313 -0.165912 
v 1.08502 101.282 -0.283511 
v 1.15148 101.189 -0.358801 
v 1.10315 101.224 -0.358345 
v 1.13104 101.218 -0.322883 
v 1.12412 101.186 -0.397229 
v 1.01075 101.167 0.495712 
v 0.9662 101.211 0.468818 
v 0.97254 101.163 0.523178 
v 1.00406 101.206 0.443811 
v 0.0707012 101.124 0.319123 
v 0.0289087 101.072 0.331584 
v 0.0562664 101.074 0.370011 
v 0.0444838 101.113 0.283406 
v 0.946436 101.328 0.32024 
v 0.971254 101.265 0.407262 
v 0.98321 101.314 0.307378 
v 0.933725 101.275 0.426994 
v 0.115013 101.248 0.181256 
v 0.075756 101.178 0.257567 
v 0.102302 101.195 0.28801 
v 0.0877113 101.227 0.157684 
v 0.98321 101.314 0.307378 
v 1.00874 101.255 0.387632 
v 1.02001 101.299 0.294416 
v 0.971254 101.265 0.407262 
v 0.0604361 101.206 0.13401 
v 0.0491642 101.162 0.227227 
v 0.0877113 101.227 0.157684 
v 0.075756 101.178 0.257567 
v 0.136016 101.22 -0.326318 
v 0.146558 101.272 -0.22037 
v 0.169259 101.242 -0.338943 
v 0.115029 101.248 -0.216452 
v 1.09559 101.313 -0.165912 
v 1.04206 101.359 -0.0706748 
v 1.0746 101.34 -0.056046 
v 1.06476 101.329 -0.189249 
v 0.178123 101.296 -0.224387 
v 0.202506 101.264 -0.351471 
v 0.169259 101.242 -0.338943 
v 0.146558 101.272 -0.22037 
v 1.03393 101.344 -0.212487 
v 1.00955 101.377 -0.0854034 
v 1.06476 101.329 -0.189249 
v 1.04206 101.359 -0.0706748 
v 0.962409 101.366 0.202692 
v 0.98321 101.314 0.307378 
v 0.998044 101.349 0.198386 
v 0.946436 101.328 0.32024 
v 0.998044 101.349 0.198386 
v 1.02001 101.299 0.294416 
v 1.03373 101.331 0.193976 
v 0.98321 101.314 0.307378 
v 0.0741516 101.238 0.0335708 
v 0.0604361 101.206 0.13401 
v 0.102546 101.262 0.0486909 
v 0.0877113 101.227 0.157684 
v 0.130986 101.285 0.0637084 
v 0.0877113 101.227 0.157684 
v 0.115013 101.248 0.181256 
v 0.102546 101.262 0.0486909 
v 0.115029 101.248 -0.216452 
v 0.123065 101.28 -0.0846299 
v 0.146558 101.272 -0.22037 
v 0.093203 101.255 -0.0901914 
v 1.04206 101.359 -0.0706748 
v 1.01856 101.367 0.0650648 
v 1.0746 101.34 -0.056046 
v 1.05278 101.348 0.0702143 
v 0.146558 101.272 -0.22037 
v 0.152947 101.305 -0.0790703 
v 0.178123 101.296 -0.224387 
v 0.123065 101.28 -0.0846299 
v 0.98437 101.386 0.0599134 
v 0.998044 101.349 0.198386 
v 1.01856 101.367 0.0650648 
v 0.962409 101.366 0.202692 
v 1.01856 101.367 0.0650648 
v 1.03373 101.331 0.193976 
v 1.05278 101.348 0.0702143 
v 0.998044 101.349 0.198386 
v 0.093203 101.255 -0.0901914 
v 0.0741516 101.238 0.0335708 
v 0.123065 101.28 -0.0846299 
v 0.102546 101.262 0.0486909 
v 0.152947 101.305 -0.0790703 
v 0.102546 101.262 0.0486909 
v 0.130986 101.285 0.0637084 
v 0.123065 101.28 -0.0846299 
v 1.04206 101.359 -0.0706748 
v 0.98437 101.386 0.0599134 
v 1.01856 101.367 0.0650648 
v 1.00955 101.377 -0.0854034 
v 0.200854 100.107 0.325944 
v 0.235409 100.111 0.301922 
v 0.22571 100.109 0.360809 
v 0.175996 100.105 0.291077 
v 0.299105 100.121 -0.0848452 
v 0.239546 100.115 -0.0948014 
v 0.303924 100.125 -0.485709 
v 0.363792 100.131 -0.477627 
v 0.338626 100.129 -0.510619 
v 0.373327 100.132 -0.535529 
v 0.74949 100.168 -0.41224 
v 0.299105 100.121 -0.0848452 
v 0.685201 100.158 -0.0203041 
v 1.13519 100.205 -0.346853 
v 0.235409 100.111 0.301922 
v 1.0713 100.195 0.044237 
v 0.621753 100.148 0.366504 
v 1.0081 100.186 0.431087 
v 0.621753 100.148 0.366504 
v 0.22571 100.109 0.360809 
v 0.235409 100.111 0.301922 
v 0.612095 100.147 0.425399 
v 1.0081 100.186 0.431087 
v 0.998479 100.184 0.489988 
v 1.06788 100.191 0.440168 
v 1.03318 100.188 0.465078 
v 1.0081 100.186 0.431087 
v 1.0713 100.195 0.044237 
v 1.13143 100.201 0.0542894 
v 1.19581 100.211 -0.336619 
v 1.13519 100.205 -0.346853 
v 1.17095 100.209 -0.371484 
v 1.1461 100.207 -0.40635 
v 1.0081 100.186 0.431087 
v 1.03318 100.188 0.465078 
v 0.998479 100.184 0.489988 
v 0.373327 100.132 -0.535529 
v 0.759712 100.17 -0.47094 
v 0.74949 100.168 -0.41224 
v 0.363792 100.131 -0.477627 
v 1.13519 100.205 -0.346853 
v 1.1461 100.207 -0.40635 
v 1.03289 100.942 0.493591 
v 1.01682 100.713 0.518935 
v 1.05503 100.717 0.49147 
v 1.03897 100.488 0.516814 
v 0.994682 100.938 0.521057 
v 1.01075 101.167 0.495712 
v 0.97254 101.163 0.523178 
v 1.07717 100.492 0.489348 
v 1.06111 100.263 0.514692 
v 1.09932 100.267 0.487227 
v 0.994682 100.938 0.521057 
v 0.978615 100.709 0.5464 
v 1.01682 100.713 0.518935 
v 1.00076 100.484 0.544279 
v 0.956473 100.934 0.548522 
v 0.97254 101.163 0.523178 
v 0.934331 101.159 0.550643 
v 1.03897 100.488 0.516814 
v 1.0229 100.259 0.542157 
v 1.06111 100.263 0.514692 
v 0.0510502 100.847 0.329463 
v 0.0731919 100.622 0.327341 
v 0.10055 100.624 0.365768 
v 0.122691 100.399 0.363646 
v 0.0784081 100.849 0.367889 
v 0.0289087 101.072 0.331584 
v 0.0562664 101.074 0.370011 
v 0.0953335 100.397 0.32522 
v 0.144833 100.175 0.361525 
v 0.117475 100.172 0.323099 
v 0.105766 100.851 0.406315 
v 0.0836244 101.076 0.408436 
v 0.0784081 100.849 0.367889 
v 0.127908 100.627 0.404193 
v 0.10055 100.624 0.365768 
v 0.150049 100.402 0.402072 
v 0.122691 100.399 0.363646 
v 0.172191 100.177 0.39995 
v 0.144833 100.175 0.361525 
v 1.14626 100.961 -0.39935 
v 1.19576 100.739 -0.363044 
v 1.1684 100.737 -0.401471 
v 1.2179 100.514 -0.365166 
v 1.17362 100.964 -0.360923 
v 1.12412 101.186 -0.397229 
v 1.15148 101.189 -0.358801 
v 1.19055 100.512 -0.403592 
v 1.24005 100.289 -0.367287 
v 1.21269 100.287 -0.405713 
v 0.229989 100.873 -0.552517 
v 0.252131 100.648 -0.554638 
v 0.213921 100.644 -0.527173 
v 0.236063 100.419 -0.529294 
v 0.191779 100.869 -0.525051 
v 0.207847 101.097 -0.550396 
v 0.169638 101.093 -0.522929 
v 0.274272 100.423 -0.556759 
v 0.258204 100.194 -0.531416 
v 0.296414 100.198 -0.558881 
v 0.268198 100.877 -0.579982 
v 0.29034 100.652 -0.582103 
v 0.252131 100.648 -0.554638 
v 0.274272 100.423 -0.556759 
v 0.229989 100.873 -0.552517 
v 0.246057 101.101 -0.577861 
v 0.207847 101.097 -0.550396 
v 0.312482 100.427 -0.584224 
v 0.296414 100.198 -0.558881 
v 0.334623 100.202 -0.586345 
v 1.11891 100.959 -0.437775 
v 1.1684 100.737 -0.401471 
v 1.14105 100.734 -0.439896 
v 1.19055 100.512 -0.403592 
v 1.14626 100.961 -0.39935 
v 1.09676 101.184 -0.435654 
v 1.12412 101.186 -0.397229 
v 1.16319 100.509 -0.442017 
v 1.21269 100.287 -0.405713 
v 1.18533 100.285 -0.444138 
v 0.243792 101.15 -0.532882 
v 0.659503 101.191 -0.46339 
v 0.67141 101.143 -0.506758 
v 0.246057 101.101 -0.577861 
v 1.07521 101.231 -0.393898 
v 1.09676 101.184 -0.435654 
v 0.508978 101.118 0.47954 
v 0.0968761 101.135 0.354746 
v 0.0836244 101.076 0.408436 
v 0.512588 101.176 0.424238 
v 0.928299 101.216 0.49373 
v 0.934331 101.159 0.550643 
v 0.0968761 101.135 0.354746 
v 0.518013 101.235 0.357502 
v 0.102302 101.195 0.28801 
v 0.512588 101.176 0.424238 
v 0.928299 101.216 0.49373 
v 0.933725 101.275 0.426994 
v 0.224284 101.213 -0.452674 
v 0.659503 101.191 -0.46339 
v 0.243792 101.15 -0.532882 
v 0.639996 101.254 -0.383182 
v 1.05571 101.294 -0.313691 
v 1.07521 101.231 -0.393898 
v 1.00406 101.206 0.443811 
v 1.01075 101.167 0.495712 
v 1.0807 101.178 0.0709705 
v 0.0289087 101.072 0.331584 
v 0.0444838 101.113 0.283406 
v 0.098859 101.082 -0.0931575 
v 0.202506 101.264 -0.351471 
v 0.639996 101.254 -0.383182 
v 0.224284 101.213 -0.452674 
v 0.618217 101.304 -0.281979 
v 1.03393 101.344 -0.212487 
v 1.05571 101.294 -0.313691 
v 0.530724 101.288 0.250748 
v 0.115013 101.248 0.181256 
v 0.102302 101.195 0.28801 
v 0.518013 101.235 0.357502 
v 0.933725 101.275 0.426994 
v 0.946436 101.328 0.32024 
v 1.0807 101.178 0.0709705 
v 1.15148 101.189 -0.358801 
v 1.13104 101.218 -0.322883 
v 1.11431 101.271 -0.253426 
v 0.171464 101.125 -0.483288 
v 0.098859 101.082 -0.0931575 
v 0.15474 101.178 -0.413832 
v 0.169638 101.093 -0.522929 
v 0.618217 101.304 -0.281979 
v 0.202506 101.264 -0.351471 
v 0.178123 101.296 -0.224387 
v 0.593835 101.336 -0.154895 
v 1.00955 101.377 -0.0854034 
v 1.03393 101.344 -0.212487 
v 0.546698 101.326 0.1332 
v 0.130986 101.285 0.0637084 
v 0.115013 101.248 0.181256 
v 0.530724 101.288 0.250748 
v 0.946436 101.328 0.32024 
v 0.962409 101.366 0.202692 
v 0.152947 101.305 -0.0790703 
v 0.568659 101.345 -0.00957845 
v 0.178123 101.296 -0.224387 
v 0.593835 101.336 -0.154895 
v 1.00955 101.377 -0.0854034 
v 0.98437 101.386 0.0599134 
v 0.130986 101.285 0.0637084 
v 0.568659 101.345 -0.00957845 
v 0.152947 101.305 -0.0790703 
v 0.546698 101.326 0.1332 
v 0.962409 101.366 0.202692 
v 0.98437 101.386 0.0599134 
v 1.05278 101.348 0.0702143 
v 1.03373 101.331 0.193976 
v 1.0807 101.178 0.0709705 
v 1.0746 101.34 -0.056046 
v 0.0741516 101.238 0.0335708 
v 0.093203 101.255 -0.0901914 
v 0.098859 101.082 -0.0931575 
v 0.115029 101.248 -0.216452 
v 1.03373 101.331 0.193976 
v 1.02001 101.299 0.294416 
v 1.0807 101.178 0.0709705 
v 0.0604361 101.206 0.13401 
v 0.0741516 101.238 0.0335708 
v 0.098859 101.082 -0.0931575 
v 1.0807 101.178 0.0709705 
v 1.11431 101.271 -0.253426 
v 1.09559 101.313 -0.165912 
v 1.0746 101.34 -0.056046 
v 0.15474 101.178 -0.413832 
v 0.098859 101.082 -0.0931575 
v 0.136016 101.22 -0.326318 
v 0.115029 101.248 -0.216452 
v 1.00874 101.255 0.387632 
v 1.0807 101.178 0.0709705 
v 1.02001 101.299 0.294416 
v 1.00406 101.206 0.443811 
v 0.098859 101.082 -0.0931575 
v 0.0491642 101.162 0.227227 
v 0.0604361 101.206 0.13401 
v 0.0444838 101.113 0.283406 
v 0.553261 100.668 0.475297 
v 0.105766 100.851 0.406315 
v 0.127908 100.627 0.404193 
v 0.575403 100.443 0.473175 
v 0.150049 100.402 0.402072 
v 0.597545 100.218 0.471054 
v 0.172191 100.177 0.39995 
v 1.00076 100.484 0.544279 
v 1.0229 100.259 0.542157 
v 0.978615 100.709 0.5464 
v 0.53112 100.893 0.477418 
v 0.0836244 101.076 0.408436 
v 0.956473 100.934 0.548522 
v 0.508978 101.118 0.47954 
v 0.934331 101.159 0.550643 
v 1.17362 100.964 -0.360923 
v 1.12498 100.728 0.0667275 
v 1.19576 100.739 -0.363044 
v 1.14713 100.503 0.064606 
v 1.2179 100.514 -0.365166 
v 1.16927 100.278 0.0624845 
v 1.24005 100.289 -0.367287 
v 1.09932 100.267 0.487227 
v 1.07717 100.492 0.489348 
v 1.05503 100.717 0.49147 
v 1.10284 100.953 0.068849 
v 1.15148 101.189 -0.358801 
v 1.03289 100.942 0.493591 
v 1.0807 101.178 0.0709705 
v 1.01075 101.167 0.495712 
v 0.213921 100.644 -0.527173 
v 0.143142 100.633 -0.0974006 
v 0.191779 100.869 -0.525051 
v 0.121001 100.858 -0.095279 
v 0.169638 101.093 -0.522929 
v 0.098859 101.082 -0.0931575 
v 0.0510502 100.847 0.329463 
v 0.0289087 101.072 0.331584 
v 0.0731919 100.622 0.327341 
v 0.0953335 100.397 0.32522 
v 0.165284 100.408 -0.0995221 
v 0.117475 100.172 0.323099 
v 0.236063 100.419 -0.529294 
v 0.187426 100.183 -0.101644 
v 0.258204 100.194 -0.531416 
v 0.693552 100.918 -0.508879 
v 0.29034 100.652 -0.582103 
v 0.268198 100.877 -0.579982 
v 0.67141 101.143 -0.506758 
v 0.246057 101.101 -0.577861 
v 1.09676 101.184 -0.435654 
v 1.11891 100.959 -0.437775 
v 0.715693 100.693 -0.511 
v 0.312482 100.427 -0.584224 
v 1.14105 100.734 -0.439896 
v 0.737835 100.468 -0.513121 
v 1.16319 100.509 -0.442017 
v 0.759977 100.243 -0.515242 
v 0.334623 100.202 -0.586345 
v 1.18533 100.285 -0.444138 

vn 0.511811 -0.598425 0.622047 
vn 0.511811 -0.598425 0.622047 
vn 0.511811 -0.598425 0.622047 
vn 0.511811 -0.598425 0.622047 
vn 0.511811 -0.598425 0.622047 
vn 0.511811 -0.598425 0.622047 
vn 0.511811 -0.598425 0.622047 
vn 0.511811 -0.598425 0.622047 
vn -0.559055 -0.700787 0.440945 
vn -0.559055 -0.700787 0.440945 
vn -0.559055 -0.700787 0.440945 
vn -0.559055 -0.700787 0.440945 
vn 0.685039 -0.566929 -0.456693 
vn 0.685039 -0.566929 -0.456693 
vn 0.685039 -0.566929 -0.456693 
vn 0.685039 -0.566929 -0.456693 
vn 0.685039 -0.566929 -0.456693 
vn 0.685039 -0.566929 -0.456693 
vn 0.685039 -0.566929 -0.456693 
vn 0.685039 -0.566929 -0.456693 
vn -0.385827 -0.669291 -0.629921 
vn -0.385827 -0.669291 -0.629921 
vn -0.385827 -0.669291 -0.629921 
vn -0.385827 -0.669291 -0.629921 
vn -0.385827 -0.669291 -0.629921 
vn -0.385827 -0.669291 -0.629921 
vn -0.559055 -0.700787 0.440945 
vn -0.559055 -0.700787 0.440945 
vn -0.559055 -0.700787 0.440945 
vn -0.559055 -0.700787 0.440945 
vn 0.88189 -0.448819 0.133858 
vn 0.88189 -0.448819 0.133858 
vn 0.88189 -0.448819 0.133858 
vn 0.88189 -0.448819 0.133858 
vn 0.88189 -0.448819 0.133858 
vn 0.88189 -0.448819 0.133858 
vn 0.88189 -0.448819 0.133858 
vn 0.88189 -0.448819 0.133858 
vn -0.779528 -0.606299 -0.141732 
vn -0.779528 -0.606299 -0.141732 
vn -0.779528 -0.606299 -0.141732 
vn -0.779528 -0.606299 -0.141732 
vn -0.779528 -0.606299 -0.141732 
vn -0.779528 -0.606299 -0.141732 
vn -0.779528 -0.606299 -0.141732 
vn -0.779528 -0.606299 -0.141732 
vn -0.0866142 -0.551181 0.834646 
vn -0.0866142 -0.551181 0.834646 
vn -0.0866142 -0.551181 0.834646 
vn -0.0866142 -0.551181 0.834646 
vn -0.0866142 -0.551181 0.834646 
vn -0.0866142 -0.551181 0.834646 
vn 0.188976 -0.503937 -0.84252 
vn 0.188976 -0.503937 -0.84252 
vn 0.188976 -0.503937 -0.84252 
vn 0.188976 -0.503937 -0.84252 
vn 0.188976 -0.503937 -0.84252 
vn 0.188976 -0.503937 -0.84252 
vn -0.551181 0.574803 -0.606299 
vn -0.551181 0.574803 -0.606299 
vn -0.551181 0.574803 -0.606299 
vn -0.551181 0.574803 -0.606299 
vn 0.598425 0.685039 -0.409449 
vn 0.598425 0.685039 -0.409449 
vn 0.598425 0.685039 -0.409449 
vn 0.598425 0.685039 -0.409449 
vn -0.598425 0.551181 -0.574803 
vn -0.598425 0.551181 -0.574803 
vn -0.598425 0.551181 -0.574803 
vn -0.598425 0.551181 -0.574803 
vn 0.488189 0.637795 0.598425 
vn 0.488189 0.637795 0.598425 
vn 0.488189 0.637795 0.598425 
vn 0.488189 0.637795 0.598425 
vn 0.480315 0.637795 0.598425 
vn 0.480315 0.637795 0.598425 
vn 0.480315 0.637795 0.598425 
vn 0.480315 0.637795 0.598425 
vn -0.76378 0.511811 0.393701 
vn -0.76378 0.511811 0.393701 
vn -0.76378 0.511811 0.393701 
vn -0.76378 0.511811 0.393701 
vn -0.755906 0.519685 0.393701 
vn -0.755906 0.519685 0.393701 
vn -0.755906 0.519685 0.393701 
vn -0.755906 0.519685 0.393701 
vn 0.637795 0.677165 -0.370079 
vn 0.637795 0.677165 -0.370079 
vn 0.637795 0.677165 -0.370079 
vn 0.637795 0.677165 -0.370079 
vn -0.590551 0.559055 -0.574803 
vn -0.590551 0.559055 -0.574803 
vn -0.590551 0.559055 -0.574803 
vn -0.590551 0.559055 -0.574803 
vn 0.629921 0.685039 -0.370079 
vn 0.629921 0.685039 -0.370079 
vn 0.629921 0.685039 -0.370079 
vn 0.629921 0.685039 -0.370079 
vn 0.425197 0.685039 0.598425 
vn 0.425197 0.685039 0.598425 
vn 0.425197 0.685039 0.598425 
vn 0.425197 0.685039 0.598425 
vn -0.708661 0.574803 0.409449 
vn -0.708661 0.574803 0.409449 
vn -0.708661 0.574803 0.409449 
vn -0.708661 0.574803 0.409449 
vn -0.598425 0.661417 -0.456693 
vn -0.598425 0.661417 -0.456693 
vn -0.598425 0.661417 -0.456693 
vn -0.598425 0.661417 -0.456693 
vn 0.574803 0.771654 -0.259843 
vn 0.574803 0.771654 -0.259843 
vn 0.574803 0.771654 -0.259843 
vn 0.574803 0.771654 -0.259843 
vn -0.527559 0.645669 -0.551181 
vn -0.527559 0.645669 -0.551181 
vn -0.527559 0.645669 -0.551181 
vn -0.527559 0.645669 -0.551181 
vn -0.598425 0.661417 -0.448819 
vn -0.598425 0.661417 -0.448819 
vn -0.598425 0.661417 -0.448819 
vn -0.598425 0.661417 -0.448819 
vn 0.574803 0.779528 -0.259843 
vn 0.574803 0.779528 -0.259843 
vn 0.574803 0.779528 -0.259843 
vn 0.574803 0.779528 -0.259843 
vn 0.551181 0.748031 -0.370079 
vn 0.551181 0.748031 -0.370079 
vn 0.551181 0.748031 -0.370079 
vn 0.551181 0.748031 -0.370079 
vn 0.385827 0.732283 0.559055 
vn 0.385827 0.732283 0.559055 
vn 0.385827 0.732283 0.559055 
vn 0.385827 0.732283 0.559055 
vn -0.677165 0.629921 0.377953 
vn -0.677165 0.629921 0.377953 
vn -0.677165 0.629921 0.377953 
vn -0.677165 0.629921 0.377953 
vn 0.448819 0.779528 0.440945 
vn 0.448819 0.779528 0.440945 
vn 0.448819 0.779528 0.440945 
vn 0.448819 0.779528 0.440945 
vn -0.700787 0.669291 0.244094 
vn -0.700787 0.669291 0.244094 
vn -0.700787 0.669291 0.244094 
vn -0.700787 0.669291 0.244094 
vn 0.448819 0.779528 0.433071 
vn 0.448819 0.779528 0.433071 
vn 0.448819 0.779528 0.433071 
vn 0.448819 0.779528 0.433071 
vn -0.700787 0.669291 0.244094 
vn -0.700787 0.669291 0.244094 
vn -0.700787 0.669291 0.244094 
vn -0.700787 0.669291 0.244094 
vn -0.598425 0.740157 -0.299213 
vn -0.598425 0.740157 -0.299213 
vn -0.598425 0.740157 -0.299213 
vn -0.598425 0.740157 -0.299213 
vn 0.519685 0.850394 -0.110236 
vn 0.519685 0.850394 -0.110236 
vn 0.519685 0.850394 -0.110236 
vn 0.519685 0.850394 -0.110236 
vn -0.598425 0.740157 -0.299213 
vn -0.598425 0.740157 -0.299213 
vn -0.598425 0.740157 -0.299213 
vn -0.598425 0.740157 -0.299213 
vn 0.511811 0.850394 -0.11811 
vn 0.511811 0.850394 -0.11811 
vn 0.511811 0.850394 -0.11811 
vn 0.511811 0.850394 -0.11811 
vn 0.440945 0.834646 0.330709 
vn 0.440945 0.834646 0.330709 
vn 0.440945 0.834646 0.330709 
vn 0.440945 0.834646 0.330709 
vn 0.448819 0.834646 0.322835 
vn 0.448819 0.834646 0.322835 
vn 0.448819 0.834646 0.322835 
vn 0.448819 0.834646 0.322835 
vn -0.677165 0.724409 0.141732 
vn -0.677165 0.724409 0.141732 
vn -0.677165 0.724409 0.141732 
vn -0.677165 0.724409 0.141732 
vn -0.669291 0.724409 0.141732 
vn -0.669291 0.724409 0.141732 
vn -0.669291 0.724409 0.141732 
vn -0.669291 0.724409 0.141732 
vn -0.614173 0.771654 -0.149606 
vn -0.614173 0.771654 -0.149606 
vn -0.614173 0.771654 -0.149606 
vn -0.614173 0.771654 -0.149606 
vn 0.480315 0.874016 0.0314961 
vn 0.480315 0.874016 0.0314961 
vn 0.480315 0.874016 0.0314961 
vn 0.480315 0.874016 0.0314961 
vn -0.614173 0.771654 -0.15748 
vn -0.614173 0.771654 -0.15748 
vn -0.614173 0.771654 -0.15748 
vn -0.614173 0.771654 -0.15748 
vn 0.448819 0.874016 0.188976 
vn 0.448819 0.874016 0.188976 
vn 0.448819 0.874016 0.188976 
vn 0.448819 0.874016 0.188976 
vn 0.456693 0.874016 0.188976 
vn 0.456693 0.874016 0.188976 
vn 0.456693 0.874016 0.188976 
vn 0.456693 0.874016 0.188976 
vn -0.645669 0.76378 0.00787402 
vn -0.645669 0.76378 0.00787402 
vn -0.645669 0.76378 0.00787402 
vn -0.645669 0.76378 0.00787402 
vn -0.637795 0.76378 0.00787402 
vn -0.637795 0.76378 0.00787402 
vn -0.637795 0.76378 0.00787402 
vn -0.637795 0.76378 0.00787402 
vn 0.472441 0.88189 0.0314961 
vn 0.472441 0.88189 0.0314961 
vn 0.472441 0.88189 0.0314961 
vn 0.472441 0.88189 0.0314961 
vn 0.0944882 -0.992126 -0.00787402 
vn 0.0944882 -0.992126 -0.00787402 
vn 0.0944882 -0.992126 -0.00787402 
vn 0.0944882 -0.992126 -0.00787402 
vn 0.0944882 -0.992126 -0.00787402 
vn 0.0944882 -0.992126 -0.00787402 
vn 0.0944882 -0.992126 -0.00787402 
vn 0.0944882 -0.992126 -0.00787402 
vn 0.0944882 -0.992126 -0.00787402 
vn 0.0944882 -0.992126 -0.00787402 
vn 0.0944882 -0.992126 -0.00787402 
vn 0.0944882 -0.992126 -0.00787402 
vn 0.0944882 -0.992126 -0.00787402 
vn 0.0944882 -0.992126 -0.00787402 
vn 0.0944882 -0.992126 -0.00787402 
vn 0.0944882 -0.992126 -0.00787402 
vn 0.0944882 -0.992126 -0.00787402 
vn 0.0944882 -0.992126 -0.00787402 
vn 0.0944882 -0.992126 -0.00787402 
vn 0.0944882 -0.992126 -0.00787402 
vn 0.0944882 -0.992126 -0.00787402 
vn 0.0944882 -0.992126 -0.00787402 
vn 0.0944882 -0.992126 -0.00787402 
vn 0.0944882 -0.992126 -0.00787402 
vn 0.0944882 -0.992126 -0.00787402 
vn 0.0944882 -0.992126 -0.00787402 
vn 0.0944882 -0.992126 -0.00787402 
vn 0.0944882 -0.992126 -0.00787402 
vn 0.0944882 -0.992126 -0.00787402 
vn 0.0944882 -0.992126 -0.00787402 
vn 0.0944882 -0.992126 -0.00787402 
vn 0.0944882 -0.992126 -0.00787402 
vn 0.0944882 -0.992126 -0.00787402 
vn 0.0944882 -0.992126 -0.00787402 
vn 0.0944882 -0.992126 -0.00787402 
vn 0.0944882 -0.992126 -0.00787402 
vn 0.0944882 -0.992126 -0.00787402 
vn 0.0944882 -0.992126 -0.00787402 
vn 0.0944882 -0.992126 -0.00787402 
vn 0.0944882 -0.992126 -0.00787402 
vn 0.0944882 -0.992126 -0.00787402 
vn 0.0944882 -0.992126 -0.00787402 
vn 0.582677 0.0472441 0.811024 
vn 0.582677 0.0472441 0.811024 
vn 0.582677 0.0472441 0.811024 
vn 0.582677 0.0472441 0.811024 
vn 0.582677 0.0472441 0.811024 
vn 0.582677 0.0472441 0.811024 
vn 0.582677 0.0472441 0.811024 
vn 0.582677 0.0472441 0.811024 
vn 0.582677 0.0472441 0.811024 
vn 0.582677 0.0472441 0.811024 
vn 0.582677 0.0472441 0.811024 
vn 0.582677 0.0472441 0.811024 
vn 0.582677 0.0472441 0.811024 
vn 0.582677 0.0472441 0.811024 
vn 0.582677 0.0472441 0.811024 
vn 0.582677 0.0472441 0.811024 
vn 0.582677 0.0472441 0.811024 
vn 0.582677 0.0472441 0.811024 
vn 0.582677 0.0472441 0.811024 
vn 0.582677 0.0472441 0.811024 
vn -0.811024 -0.0866142 0.582677 
vn -0.811024 -0.0866142 0.582677 
vn -0.811024 -0.0866142 0.582677 
vn -0.811024 -0.0866142 0.582677 
vn -0.811024 -0.0866142 0.582677 
vn -0.811024 -0.0866142 0.582677 
vn -0.811024 -0.0866142 0.582677 
vn -0.811024 -0.0866142 0.582677 
vn -0.811024 -0.0866142 0.582677 
vn -0.811024 -0.0866142 0.582677 
vn -0.811024 -0.0866142 0.582677 
vn -0.811024 -0.0866142 0.582677 
vn -0.811024 -0.0866142 0.582677 
vn -0.811024 -0.0866142 0.582677 
vn -0.811024 -0.0866142 0.582677 
vn -0.811024 -0.0866142 0.582677 
vn -0.811024 -0.0866142 0.582677 
vn -0.811024 -0.0866142 0.582677 
vn -0.811024 -0.0866142 0.582677 
vn 0.811024 0.0866142 -0.582677 
vn 0.811024 0.0866142 -0.582677 
vn 0.811024 0.0866142 -0.582677 
vn 0.811024 0.0866142 -0.582677 
vn 0.811024 0.0866142 -0.582677 
vn 0.811024 0.0866142 -0.582677 
vn 0.811024 0.0866142 -0.582677 
vn 0.811024 0.0866142 -0.582677 
vn 0.811024 0.0866142 -0.582677 
vn 0.811024 0.0866142 -0.582677 
vn -0.582677 -0.0472441 -0.811024 
vn -0.582677 -0.0472441 -0.811024 
vn -0.582677 -0.0472441 -0.811024 
vn -0.582677 -0.0472441 -0.811024 
vn -0.582677 -0.0472441 -0.811024 
vn -0.582677 -0.0472441 -0.811024 
vn -0.582677 -0.0472441 -0.811024 
vn -0.582677 -0.0472441 -0.811024 
vn -0.582677 -0.0472441 -0.811024 
vn -0.582677 -0.0472441 -0.811024 
vn -0.582677 -0.0472441 -0.811024 
vn -0.582677 -0.0472441 -0.811024 
vn -0.582677 -0.0472441 -0.811024 
vn -0.582677 -0.0472441 -0.811024 
vn -0.582677 -0.0472441 -0.811024 
vn -0.582677 -0.0472441 -0.811024 
vn -0.582677 -0.0472441 -0.811024 
vn -0.582677 -0.0472441 -0.811024 
vn -0.582677 -0.0472441 -0.811024 
vn -0.582677 -0.0472441 -0.811024 
vn 0.811024 0.0866142 -0.582677 
vn 0.811024 0.0866142 -0.582677 
vn 0.811024 0.0866142 -0.582677 
vn 0.811024 0.0866142 -0.582677 
vn 0.811024 0.0866142 -0.582677 
vn 0.811024 0.0866142 -0.582677 
vn 0.811024 0.0866142 -0.582677 
vn 0.811024 0.0866142 -0.582677 
vn 0.811024 0.0866142 -0.582677 
vn 0.811024 0.0866142 -0.582677 
vn 0.0551181 0.677165 -0.732283 
vn 0.0551181 0.677165 -0.732283 
vn 0.0551181 0.677165 -0.732283 
vn 0.0551181 0.677165 -0.732283 
vn 0.0551181 0.677165 -0.732283 
vn 0.0551181 0.677165 -0.732283 
vn -0.181102 0.685039 0.708661 
vn -0.181102 0.685039 0.708661 
vn -0.181102 0.685039 0.708661 
vn -0.181102 0.685039 0.708661 
vn -0.181102 0.685039 0.708661 
vn -0.181102 0.685039 0.708661 
vn -0.181102 0.740157 0.645669 
vn -0.181102 0.740157 0.645669 
vn -0.181102 0.740157 0.645669 
vn -0.181102 0.740157 0.645669 
vn -0.181102 0.740157 0.645669 
vn -0.181102 0.740157 0.645669 
vn 0.023622 0.787402 -0.614173 
vn 0.023622 0.787402 -0.614173 
vn 0.023622 0.787402 -0.614173 
vn 0.023622 0.787402 -0.614173 
vn 0.023622 0.787402 -0.614173 
vn 0.023622 0.787402 -0.614173 
vn 0.913386 0.370079 0.15748 
vn 0.913386 0.370079 0.15748 
vn 0.913386 0.370079 0.15748 
vn -0.968504 0.181102 -0.15748 
vn -0.968504 0.181102 -0.15748 
vn -0.968504 0.181102 -0.15748 
vn -0.015748 0.897638 -0.448819 
vn -0.015748 0.897638 -0.448819 
vn -0.015748 0.897638 -0.448819 
vn -0.015748 0.897638 -0.448819 
vn -0.015748 0.897638 -0.448819 
vn -0.015748 0.897638 -0.448819 
vn -0.15748 0.889764 0.425197 
vn -0.15748 0.889764 0.425197 
vn -0.15748 0.889764 0.425197 
vn -0.15748 0.889764 0.425197 
vn -0.15748 0.889764 0.425197 
vn -0.15748 0.889764 0.425197 
vn 0.96063 0.244094 0.149606 
vn 0.96063 0.244094 0.149606 
vn 0.96063 0.244094 0.149606 
vn 0.96063 0.244094 0.149606 
vn -0.984252 0.0551181 -0.173228 
vn -0.984252 0.0551181 -0.173228 
vn -0.984252 0.0551181 -0.173228 
vn -0.984252 0.0551181 -0.173228 
vn -0.0472441 0.968504 -0.251969 
vn -0.0472441 0.968504 -0.251969 
vn -0.0472441 0.968504 -0.251969 
vn -0.0472441 0.968504 -0.251969 
vn -0.0472441 0.968504 -0.251969 
vn -0.0472441 0.968504 -0.251969 
vn -0.141732 0.944882 0.283465 
vn -0.141732 0.944882 0.283465 
vn -0.141732 0.944882 0.283465 
vn -0.141732 0.944882 0.283465 
vn -0.141732 0.944882 0.283465 
vn -0.141732 0.944882 0.283465 
vn -0.0866142 0.992126 -0.0787402 
vn -0.0866142 0.992126 -0.0787402 
vn -0.0866142 0.992126 -0.0787402 
vn -0.0866142 0.992126 -0.0787402 
vn -0.0866142 0.992126 -0.0787402 
vn -0.0866142 0.992126 -0.0787402 
vn -0.11811 0.984252 0.11811 
vn -0.11811 0.984252 0.11811 
vn -0.11811 0.984252 0.11811 
vn -0.11811 0.984252 0.11811 
vn -0.11811 0.984252 0.11811 
vn -0.11811 0.984252 0.11811 
vn 0.976378 0.15748 0.165354 
vn 0.976378 0.15748 0.165354 
vn 0.976378 0.15748 0.165354 
vn 0.976378 0.15748 0.165354 
vn -0.984252 -0.0314961 -0.165354 
vn -0.984252 -0.0314961 -0.165354 
vn -0.984252 -0.0314961 -0.165354 
vn -0.984252 -0.0314961 -0.165354 
vn 0.968504 0.149606 0.181102 
vn 0.968504 0.149606 0.181102 
vn 0.968504 0.149606 0.181102 
vn -0.992126 -0.0393701 -0.149606 
vn -0.992126 -0.0393701 -0.149606 
vn -0.992126 -0.0393701 -0.149606 
vn 0.976378 0.149606 0.141732 
vn 0.976378 0.149606 0.141732 
vn 0.976378 0.149606 0.141732 
vn 0.976378 0.149606 0.141732 
vn -0.984252 -0.0472441 -0.181102 
vn -0.984252 -0.0472441 -0.181102 
vn -0.984252 -0.0472441 -0.181102 
vn -0.984252 -0.0472441 -0.181102 
vn 0.976378 0.133858 0.188976 
vn 0.976378 0.133858 0.188976 
vn 0.976378 0.133858 0.188976 
vn 0.976378 0.133858 0.188976 
vn -0.992126 -0.0551181 -0.141732 
vn -0.992126 -0.0551181 -0.141732 
vn -0.992126 -0.0551181 -0.141732 
vn -0.992126 -0.0551181 -0.141732 
vn -0.165354 -0.023622 0.984252 
vn -0.165354 -0.023622 0.984252 
vn -0.165354 -0.023622 0.984252 
vn -0.165354 -0.023622 0.984252 
vn -0.165354 -0.023622 0.984252 
vn -0.165354 -0.023622 0.984252 
vn -0.165354 -0.023622 0.984252 
vn -0.165354 -0.023622 0.984252 
vn -0.165354 -0.023622 0.984252 
vn -0.165354 -0.023622 0.984252 
vn -0.165354 -0.023622 0.984252 
vn -0.165354 -0.023622 0.984252 
vn -0.165354 -0.023622 0.984252 
vn -0.165354 -0.023622 0.984252 
vn -0.165354 -0.023622 0.984252 
vn 0.984252 0.0944882 0.165354 
vn 0.984252 0.0944882 0.165354 
vn 0.984252 0.0944882 0.165354 
vn 0.984252 0.0944882 0.165354 
vn 0.984252 0.0944882 0.165354 
vn 0.984252 0.0944882 0.165354 
vn 0.984252 0.0944882 0.165354 
vn 0.984252 0.0944882 0.165354 
vn 0.984252 0.0944882 0.165354 
vn 0.984252 0.0944882 0.165354 
vn 0.984252 0.0944882 0.165354 
vn 0.984252 0.0944882 0.165354 
vn 0.984252 0.0944882 0.165354 
vn 0.984252 0.0944882 0.165354 
vn 0.984252 0.0944882 0.165354 
vn -0.984252 -0.0944882 -0.165354 
vn -0.984252 -0.0944882 -0.165354 
vn -0.984252 -0.0944882 -0.165354 
vn -0.984252 -0.0944882 -0.165354 
vn -0.984252 -0.0944882 -0.165354 
vn -0.984252 -0.0944882 -0.165354 
vn -0.984252 -0.0944882 -0.165354 
vn -0.984252 -0.0944882 -0.165354 
vn -0.984252 -0.0944882 -0.165354 
vn -0.984252 -0.0944882 -0.165354 
vn -0.984252 -0.0944882 -0.165354 
vn -0.984252 -0.0944882 -0.165354 
vn -0.984252 -0.0944882 -0.165354 
vn -0.984252 -0.0944882 -0.165354 
vn -0.984252 -0.0944882 -0.165354 
vn 0.165354 0.023622 -0.984252 
vn 0.165354 0.023622 -0.984252 
vn 0.165354 0.023622 -0.984252 
vn 0.165354 0.023622 -0.984252 
vn 0.165354 0.023622 -0.984252 
vn 0.165354 0.023622 -0.984252 
vn 0.165354 0.023622 -0.984252 
vn 0.165354 0.023622 -0.984252 
vn 0.165354 0.023622 -0.984252 
vn 0.165354 0.023622 -0.984252 
vn 0.165354 0.023622 -0.984252 
vn 0.165354 0.023622 -0.984252 
vn 0.165354 0.023622 -0.984252 
vn 0.165354 0.023622 -0.984252 
vn 0.165354 0.023622 -0.984252 

vt 0.714244 0.194098 
vt 0.716182 0.187526 
vt 0.716182 0.194097 
vt 0.714244 0.187531 
vt 0.991001 0.187526 
vt 0.993087 0.194098 
vt 0.991001 0.194098 
vt 0.993087 0.187531 
vt 0.923482 0.194058 
vt 0.92148 0.187526 
vt 0.923482 0.187526 
vt 0.92148 0.193993 
vt 0.781899 0.187526 
vt 0.784082 0.194087 
vt 0.781899 0.194088 
vt 0.784082 0.187526 
vt 0.786456 0.187526 
vt 0.784082 0.194087 
vt 0.784082 0.187526 
vt 0.786456 0.194088 
vt 0.853593 0.194087 
vt 0.851503 0.187526 
vt 0.853593 0.187526 
vt 0.851503 0.194088 
vt 0.85558 0.187526 
vt 0.85558 0.194088 
vt 0.923482 0.194045 
vt 0.925689 0.187528 
vt 0.925689 0.194099 
vt 0.923482 0.187528 
vt 0.781899 0.187526 
vt 0.749259 0.194054 
vt 0.749259 0.187526 
vt 0.781899 0.194088 
vt 0.716182 0.187526 
vt 0.749259 0.187526 
vt 0.749259 0.194054 
vt 0.716182 0.194097 
vt 0.888651 0.194054 
vt 0.92148 0.187526 
vt 0.92148 0.193993 
vt 0.888651 0.187527 
vt 0.85558 0.187526 
vt 0.888651 0.194054 
vt 0.85558 0.194088 
vt 0.888651 0.187527 
vt 0.925689 0.187528 
vt 0.958345 0.187527 
vt 0.958345 0.194098 
vt 0.925689 0.194099 
vt 0.991001 0.187526 
vt 0.991001 0.194098 
vt 0.81898 0.194088 
vt 0.851503 0.187526 
vt 0.851503 0.194088 
vt 0.81898 0.187526 
vt 0.786456 0.187526 
vt 0.786456 0.194088 
vt 0.853593 0.258161 
vt 0.851503 0.25797 
vt 0.853593 0.271858 
vt 0.851503 0.271858 
vt 0.784082 0.271858 
vt 0.786456 0.25797 
vt 0.784082 0.258161 
vt 0.786456 0.271858 
vt 0.853593 0.258161 
vt 0.853593 0.23656 
vt 0.851503 0.2365 
vt 0.851503 0.25797 
vt 0.993087 0.255003 
vt 0.991001 0.242926 
vt 0.991001 0.255388 
vt 0.993087 0.242775 
vt 0.714244 0.254973 
vt 0.716182 0.242952 
vt 0.716182 0.255287 
vt 0.714244 0.242807 
vt 0.925689 0.242926 
vt 0.923482 0.255003 
vt 0.925689 0.255388 
vt 0.923482 0.242775 
vt 0.923482 0.25512 
vt 0.923482 0.242785 
vt 0.92148 0.254806 
vt 0.92148 0.242696 
vt 0.784082 0.23656 
vt 0.784082 0.258161 
vt 0.786456 0.2365 
vt 0.786456 0.25797 
vt 0.853593 0.23656 
vt 0.85558 0.258559 
vt 0.85558 0.236405 
vt 0.853593 0.258161 
vt 0.781899 0.258559 
vt 0.784082 0.23656 
vt 0.781899 0.236405 
vt 0.784082 0.258161 
vt 0.991001 0.255388 
vt 0.991001 0.271858 
vt 0.993087 0.271858 
vt 0.993087 0.255003 
vt 0.925689 0.271858 
vt 0.925689 0.255388 
vt 0.923482 0.271858 
vt 0.923482 0.255003 
vt 0.853593 0.23656 
vt 0.851503 0.218405 
vt 0.851503 0.2365 
vt 0.853593 0.218445 
vt 0.786456 0.2365 
vt 0.786456 0.218405 
vt 0.784082 0.23656 
vt 0.784082 0.218445 
vt 0.853593 0.258161 
vt 0.85558 0.271858 
vt 0.85558 0.258559 
vt 0.853593 0.271858 
vt 0.85558 0.236405 
vt 0.853593 0.218445 
vt 0.853593 0.23656 
vt 0.85558 0.218536 
vt 0.781899 0.236405 
vt 0.784082 0.218445 
vt 0.781899 0.218536 
vt 0.784082 0.23656 
vt 0.781899 0.271858 
vt 0.784082 0.258161 
vt 0.781899 0.258559 
vt 0.784082 0.271858 
vt 0.714244 0.271858 
vt 0.716182 0.255287 
vt 0.716182 0.271858 
vt 0.714244 0.254973 
vt 0.923482 0.25512 
vt 0.92148 0.271858 
vt 0.923482 0.271858 
vt 0.92148 0.254806 
vt 0.991001 0.224979 
vt 0.993087 0.242775 
vt 0.993087 0.224545 
vt 0.991001 0.242926 
vt 0.925689 0.224979 
vt 0.923482 0.242775 
vt 0.925689 0.242926 
vt 0.923482 0.224545 
vt 0.716182 0.224947 
vt 0.714244 0.242807 
vt 0.714244 0.224625 
vt 0.716182 0.242952 
vt 0.92148 0.224459 
vt 0.92148 0.242696 
vt 0.923482 0.22478 
vt 0.923482 0.242785 
vt 0.85558 0.218536 
vt 0.853593 0.200216 
vt 0.853593 0.218445 
vt 0.85558 0.200172 
vt 0.781899 0.218536 
vt 0.784082 0.200216 
vt 0.781899 0.20017 
vt 0.784082 0.218445 
vt 0.851503 0.200232 
vt 0.851503 0.218405 
vt 0.853593 0.218445 
vt 0.853593 0.200216 
vt 0.786456 0.218405 
vt 0.786456 0.200232 
vt 0.784082 0.218445 
vt 0.784082 0.200216 
vt 0.991001 0.20896 
vt 0.993087 0.224545 
vt 0.993087 0.208704 
vt 0.991001 0.224979 
vt 0.716182 0.209005 
vt 0.714244 0.224625 
vt 0.714244 0.208704 
vt 0.716182 0.224947 
vt 0.92148 0.2087 
vt 0.92148 0.224459 
vt 0.923482 0.208838 
vt 0.923482 0.22478 
vt 0.925689 0.20896 
vt 0.923482 0.224545 
vt 0.925689 0.224979 
vt 0.923482 0.208704 
vt 0.85558 0.200172 
vt 0.853593 0.187526 
vt 0.853593 0.200216 
vt 0.85558 0.187526 
vt 0.784082 0.200216 
vt 0.784082 0.187526 
vt 0.781899 0.20017 
vt 0.781899 0.187526 
vt 0.853593 0.200216 
vt 0.851503 0.187526 
vt 0.851503 0.200232 
vt 0.853593 0.187526 
vt 0.991001 0.189555 
vt 0.993087 0.208704 
vt 0.993087 0.190488 
vt 0.991001 0.20896 
vt 0.716182 0.189604 
vt 0.714244 0.208704 
vt 0.714244 0.190838 
vt 0.716182 0.209005 
vt 0.92148 0.191718 
vt 0.92148 0.2087 
vt 0.923482 0.190483 
vt 0.923482 0.208838 
vt 0.925689 0.189555 
vt 0.923482 0.208704 
vt 0.925689 0.20896 
vt 0.923482 0.190488 
vt 0.784082 0.200216 
vt 0.786456 0.187526 
vt 0.784082 0.187526 
vt 0.786456 0.200232 
vt 0.786849 0.12518 
vt 0.785698 0.126996 
vt 0.785698 0.123306 
vt 0.788003 0.127057 
vt 0.785698 0.151278 
vt 0.788006 0.151278 
vt 0.788006 0.175819 
vt 0.785698 0.175937 
vt 0.786852 0.177695 
vt 0.785698 0.179572 
vt 0.770744 0.175881 
vt 0.785698 0.151278 
vt 0.770735 0.151278 
vt 0.755791 0.175825 
vt 0.785698 0.126996 
vt 0.755771 0.151278 
vt 0.770725 0.126996 
vt 0.755752 0.126996 
vt 0.770725 0.126996 
vt 0.785698 0.123306 
vt 0.785698 0.126996 
vt 0.770723 0.123306 
vt 0.755752 0.126996 
vt 0.755749 0.123306 
vt 0.753444 0.127057 
vt 0.754597 0.12518 
vt 0.755752 0.126996 
vt 0.755771 0.151278 
vt 0.753441 0.151278 
vt 0.753441 0.175819 
vt 0.755791 0.175825 
vt 0.754595 0.177695 
vt 0.755749 0.179572 
vt 0.755752 0.126996 
vt 0.754597 0.12518 
vt 0.755749 0.123306 
vt 0.785698 0.179572 
vt 0.770723 0.179572 
vt 0.770744 0.175881 
vt 0.785698 0.175937 
vt 0.755791 0.175825 
vt 0.755749 0.179572 
vt 0.716182 0.252418 
vt 0.714244 0.232978 
vt 0.716182 0.232978 
vt 0.714244 0.213538 
vt 0.714244 0.252418 
vt 0.716182 0.271858 
vt 0.714244 0.271858 
vt 0.716182 0.213537 
vt 0.714244 0.194098 
vt 0.716182 0.194097 
vt 0.993087 0.252418 
vt 0.991001 0.232978 
vt 0.993087 0.232978 
vt 0.991001 0.213538 
vt 0.991001 0.252418 
vt 0.993087 0.271858 
vt 0.991001 0.271858 
vt 0.993087 0.213538 
vt 0.991001 0.194098 
vt 0.993087 0.194098 
vt 0.92148 0.252391 
vt 0.92148 0.232925 
vt 0.923482 0.232958 
vt 0.923482 0.213508 
vt 0.923482 0.252408 
vt 0.92148 0.271858 
vt 0.923482 0.271858 
vt 0.92148 0.213459 
vt 0.923482 0.194058 
vt 0.92148 0.193993 
vt 0.925689 0.252418 
vt 0.925689 0.271858 
vt 0.923482 0.252405 
vt 0.925689 0.232978 
vt 0.923482 0.232951 
vt 0.925689 0.213538 
vt 0.923482 0.213498 
vt 0.925689 0.194099 
vt 0.923482 0.194045 
vt 0.784082 0.252415 
vt 0.781899 0.232973 
vt 0.784082 0.232972 
vt 0.781899 0.21353 
vt 0.781899 0.252415 
vt 0.784082 0.271858 
vt 0.781899 0.271858 
vt 0.784082 0.21353 
vt 0.781899 0.194088 
vt 0.784082 0.194087 
vt 0.853593 0.252415 
vt 0.853593 0.232972 
vt 0.85558 0.232973 
vt 0.85558 0.21353 
vt 0.85558 0.252415 
vt 0.853593 0.271858 
vt 0.85558 0.271858 
vt 0.853593 0.21353 
vt 0.85558 0.194088 
vt 0.853593 0.194087 
vt 0.851503 0.252415 
vt 0.851503 0.232973 
vt 0.853593 0.232972 
vt 0.853593 0.21353 
vt 0.853593 0.252415 
vt 0.851503 0.271858 
vt 0.853593 0.271858 
vt 0.851503 0.21353 
vt 0.853593 0.194087 
vt 0.851503 0.194088 
vt 0.786456 0.252415 
vt 0.784082 0.232972 
vt 0.786456 0.232973 
vt 0.784082 0.21353 
vt 0.784082 0.252415 
vt 0.786456 0.271858 
vt 0.784082 0.271858 
vt 0.786456 0.21353 
vt 0.784082 0.194087 
vt 0.786456 0.194088 
vt 0.851503 0.25797 
vt 0.81898 0.25797 
vt 0.81898 0.271858 
vt 0.851503 0.271858 
vt 0.786456 0.25797 
vt 0.786456 0.271858 
vt 0.958345 0.271858 
vt 0.925689 0.255388 
vt 0.925689 0.271858 
vt 0.958345 0.255388 
vt 0.991001 0.255388 
vt 0.991001 0.271858 
vt 0.925689 0.255388 
vt 0.958345 0.242926 
vt 0.925689 0.242926 
vt 0.958345 0.255388 
vt 0.991001 0.255388 
vt 0.991001 0.242926 
vt 0.851503 0.2365 
vt 0.81898 0.25797 
vt 0.851503 0.25797 
vt 0.81898 0.2365 
vt 0.786456 0.2365 
vt 0.786456 0.25797 
vt 0.718666 0.260086 
vt 0.716182 0.271858 
vt 0.749259 0.271858 
vt 0.92148 0.271858 
vt 0.919069 0.25629 
vt 0.888651 0.271858 
vt 0.851503 0.218405 
vt 0.81898 0.2365 
vt 0.851503 0.2365 
vt 0.81898 0.218405 
vt 0.786456 0.218405 
vt 0.786456 0.2365 
vt 0.958345 0.224979 
vt 0.925689 0.224979 
vt 0.925689 0.242926 
vt 0.958345 0.242926 
vt 0.991001 0.242926 
vt 0.991001 0.224979 
vt 0.749259 0.271858 
vt 0.781899 0.271858 
vt 0.78162 0.263231 
vt 0.777485 0.248255 
vt 0.856441 0.261237 
vt 0.888651 0.271858 
vt 0.85977 0.246431 
vt 0.85558 0.271858 
vt 0.81898 0.218405 
vt 0.851503 0.218405 
vt 0.851503 0.200232 
vt 0.81898 0.200232 
vt 0.786456 0.200232 
vt 0.786456 0.218405 
vt 0.958345 0.20896 
vt 0.925689 0.20896 
vt 0.925689 0.224979 
vt 0.958345 0.224979 
vt 0.991001 0.224979 
vt 0.991001 0.20896 
vt 0.851503 0.187526 
vt 0.81898 0.187526 
vt 0.851503 0.200232 
vt 0.81898 0.200232 
vt 0.786456 0.200232 
vt 0.786456 0.187526 
vt 0.925689 0.20896 
vt 0.958345 0.189555 
vt 0.925689 0.189555 
vt 0.958345 0.20896 
vt 0.991001 0.20896 
vt 0.991001 0.189555 
vt 0.749697 0.229909 
vt 0.738741 0.231144 
vt 0.749259 0.271858 
vt 0.760056 0.230771 
vt 0.899045 0.230265 
vt 0.888651 0.22911 
vt 0.888651 0.271858 
vt 0.875592 0.230811 
vt 0.738741 0.231144 
vt 0.730292 0.238003 
vt 0.749259 0.271858 
vt 0.907454 0.236445 
vt 0.899045 0.230265 
vt 0.888651 0.271858 
vt 0.749259 0.271858 
vt 0.777485 0.248255 
vt 0.770342 0.237239 
vt 0.760056 0.230771 
vt 0.85977 0.246431 
vt 0.888651 0.271858 
vt 0.866834 0.235979 
vt 0.875592 0.230811 
vt 0.722485 0.248196 
vt 0.749259 0.271858 
vt 0.730292 0.238003 
vt 0.718666 0.260086 
vt 0.888651 0.271858 
vt 0.915229 0.2455 
vt 0.907454 0.236445 
vt 0.919069 0.25629 
vt 0.958345 0.232978 
vt 0.925689 0.252418 
vt 0.925689 0.232978 
vt 0.958345 0.213538 
vt 0.925689 0.213538 
vt 0.958345 0.194098 
vt 0.925689 0.194099 
vt 0.991001 0.213538 
vt 0.991001 0.194098 
vt 0.991001 0.232978 
vt 0.958345 0.252418 
vt 0.925689 0.271858 
vt 0.991001 0.252418 
vt 0.958345 0.271858 
vt 0.991001 0.271858 
vt 0.781899 0.252415 
vt 0.749259 0.232956 
vt 0.781899 0.232973 
vt 0.749259 0.213505 
vt 0.781899 0.21353 
vt 0.749259 0.194054 
vt 0.781899 0.194088 
vt 0.716182 0.194097 
vt 0.716182 0.213537 
vt 0.716182 0.232978 
vt 0.749259 0.252407 
vt 0.781899 0.271858 
vt 0.716182 0.252418 
vt 0.749259 0.271858 
vt 0.716182 0.271858 
vt 0.85558 0.232973 
vt 0.888651 0.232956 
vt 0.85558 0.252415 
vt 0.888651 0.252407 
vt 0.85558 0.271858 
vt 0.888651 0.271858 
vt 0.92148 0.252391 
vt 0.92148 0.271858 
vt 0.92148 0.232925 
vt 0.92148 0.213459 
vt 0.888651 0.213505 
vt 0.92148 0.193993 
vt 0.85558 0.21353 
vt 0.888651 0.194054 
vt 0.85558 0.194088 
vt 0.81898 0.252415 
vt 0.851503 0.232973 
vt 0.851503 0.252415 
vt 0.81898 0.271858 
vt 0.851503 0.271858 
vt 0.786456 0.271858 
vt 0.786456 0.252415 
vt 0.81898 0.232973 
vt 0.851503 0.21353 
vt 0.786456 0.232973 
vt 0.81898 0.21353 
vt 0.786456 0.21353 
vt 0.81898 0.194088 
vt 0.851503 0.194088 
vt 0.786456 0.194088 

usemtl Player1Mtl

f 2292/2292/2292 2293/2293/2293 2294/2294/2294 
f 2293/2293/2293 2292/2292/2292 2295/2295/2295 
f 2296/2296/2296 2297/2297/2297 2298/2298/2298 
f 2297/2297/2297 2296/2296/2296 2299/2299/2299 
f 2300/2300/2300 2301/2301/2301 2302/2302/2302 
f 2301/2301/2301 2300/2300/2300 2303/2303/2303 
f 2304/2304/2304 2305/2305/2305 2306/2306/2306 
f 2305/2305/2305 2304/2304/2304 2307/2307/2307 
f 2308/2308/2308 2309/2309/2309 2310/2310/2310 
f 2309/2309/2309 2308/2308/2308 2311/2311/2311 
f 2312/2312/2312 2313/2313/2313 2314/2314/2314 
f 2313/2313/2313 2312/2312/2312 2315/2315/2315 
f 2316/2316/2316 2312/2312/2312 2314/2314/2314 
f 2312/2312/2312 2316/2316/2316 2317/2317/2317 
f 2318/2318/2318 2319/2319/2319 2320/2320/2320 
f 2319/2319/2319 2318/2318/2318 2321/2321/2321 
f 2322/2322/2322 2323/2323/2323 2324/2324/2324 
f 2323/2323/2323 2322/2322/2322 2325/2325/2325 
f 2326/2326/2326 2327/2327/2327 2328/2328/2328 
f 2328/2328/2328 2329/2329/2329 2326/2326/2326 
f 2330/2330/2330 2331/2331/2331 2332/2332/2332 
f 2331/2331/2331 2330/2330/2330 2333/2333/2333 
f 2334/2334/2334 2335/2335/2335 2336/2336/2336 
f 2335/2335/2335 2334/2334/2334 2337/2337/2337 
f 2338/2338/2338 2339/2339/2339 2340/2340/2340 
f 2340/2340/2340 2341/2341/2341 2338/2338/2338 
f 2342/2342/2342 2340/2340/2340 2339/2339/2339 
f 2340/2340/2340 2342/2342/2342 2343/2343/2343 
f 2344/2344/2344 2345/2345/2345 2346/2346/2346 
f 2345/2345/2345 2344/2344/2344 2347/2347/2347 
f 2344/2344/2344 2348/2348/2348 2347/2347/2347 
f 2344/2344/2344 2349/2349/2349 2348/2348/2348 
f 2350/2350/2350 2351/2351/2351 2352/2352/2352 
f 2352/2352/2352 2351/2351/2351 2353/2353/2353 
f 2354/2354/2354 2355/2355/2355 2356/2356/2356 
f 2355/2355/2355 2354/2354/2354 2357/2357/2357 
f 2358/2358/2358 2359/2359/2359 2360/2360/2360 
f 2360/2360/2360 2361/2361/2361 2358/2358/2358 
f 2362/2362/2362 2363/2363/2363 2364/2364/2364 
f 2363/2363/2363 2362/2362/2362 2365/2365/2365 
f 2366/2366/2366 2367/2367/2367 2368/2368/2368 
f 2367/2367/2367 2366/2366/2366 2369/2369/2369 
f 2370/2370/2370 2371/2371/2371 2372/2372/2372 
f 2371/2371/2371 2370/2370/2370 2373/2373/2373 
f 2374/2374/2374 2375/2375/2375 2376/2376/2376 
f 2375/2375/2375 2377/2377/2377 2376/2376/2376 
f 2378/2378/2378 2379/2379/2379 2380/2380/2380 
f 2380/2380/2380 2379/2379/2379 2381/2381/2381 
f 2382/2382/2382 2383/2383/2383 2384/2384/2384 
f 2383/2383/2383 2382/2382/2382 2385/2385/2385 
f 2386/2386/2386 2387/2387/2387 2388/2388/2388 
f 2387/2387/2387 2386/2386/2386 2389/2389/2389 
f 2390/2390/2390 2391/2391/2391 2392/2392/2392 
f 2392/2392/2392 2393/2393/2393 2390/2390/2390 
f 2394/2394/2394 2395/2395/2395 2396/2396/2396 
f 2395/2395/2395 2397/2397/2397 2396/2396/2396 
f 2398/2398/2398 2399/2399/2399 2400/2400/2400 
f 2398/2398/2398 2401/2401/2401 2399/2399/2399 
f 2402/2402/2402 2403/2403/2403 2404/2404/2404 
f 2404/2404/2404 2403/2403/2403 2405/2405/2405 
f 2406/2406/2406 2407/2407/2407 2408/2408/2408 
f 2407/2407/2407 2406/2406/2406 2409/2409/2409 
f 2410/2410/2410 2411/2411/2411 2412/2412/2412 
f 2411/2411/2411 2410/2410/2410 2413/2413/2413 
f 2414/2414/2414 2415/2415/2415 2416/2416/2416 
f 2415/2415/2415 2414/2414/2414 2417/2417/2417 
f 2418/2418/2418 2419/2419/2419 2420/2420/2420 
f 2419/2419/2419 2418/2418/2418 2421/2421/2421 
f 2422/2422/2422 2423/2423/2423 2424/2424/2424 
f 2423/2423/2423 2422/2422/2422 2425/2425/2425 
f 2426/2426/2426 2427/2427/2427 2428/2428/2428 
f 2427/2427/2427 2426/2426/2426 2429/2429/2429 
f 2430/2430/2430 2431/2431/2431 2432/2432/2432 
f 2431/2431/2431 2430/2430/2430 2433/2433/2433 
f 2434/2434/2434 2435/2435/2435 2436/2436/2436 
f 2435/2435/2435 2434/2434/2434 2437/2437/2437 
f 2438/2438/2438 2439/2439/2439 2440/2440/2440 
f 2438/2438/2438 2441/2441/2441 2439/2439/2439 
f 2442/2442/2442 2443/2443/2443 2444/2444/2444 
f 2445/2445/2445 2444/2444/2444 2443/2443/2443 
f 2446/2446/2446 2447/2447/2447 2448/2448/2448 
f 2447/2447/2447 2446/2446/2446 2449/2449/2449 
f 2450/2450/2450 2451/2451/2451 2452/2452/2452 
f 2451/2451/2451 2450/2450/2450 2453/2453/2453 
f 2454/2454/2454 2455/2455/2455 2456/2456/2456 
f 2456/2456/2456 2457/2457/2457 2454/2454/2454 
f 2458/2458/2458 2459/2459/2459 2460/2460/2460 
f 2460/2460/2460 2459/2459/2459 2461/2461/2461 
f 2462/2462/2462 2463/2463/2463 2464/2464/2464 
f 2463/2463/2463 2462/2462/2462 2465/2465/2465 
f 2466/2466/2466 2467/2467/2467 2468/2468/2468 
f 2466/2466/2466 2469/2469/2469 2467/2467/2467 
f 2470/2470/2470 2471/2471/2471 2472/2472/2472 
f 2473/2473/2473 2472/2472/2472 2471/2471/2471 
f 2474/2474/2474 2475/2475/2475 2476/2476/2476 
f 2475/2475/2475 2474/2474/2474 2477/2477/2477 
f 2478/2478/2478 2479/2479/2479 2480/2480/2480 
f 2479/2479/2479 2478/2478/2478 2481/2481/2481 
f 2482/2482/2482 2483/2483/2483 2484/2484/2484 
f 2484/2484/2484 2483/2483/2483 2485/2485/2485 
f 2486/2486/2486 2487/2487/2487 2488/2488/2488 
f 2487/2487/2487 2486/2486/2486 2489/2489/2489 
f 2490/2490/2490 2491/2491/2491 2492/2492/2492 
f 2491/2491/2491 2490/2490/2490 2493/2493/2493 
f 2494/2494/2494 2495/2495/2495 2496/2496/2496 
f 2495/2495/2495 2494/2494/2494 2497/2497/2497 
f 2498/2498/2498 2499/2499/2499 2500/2500/2500 
f 2500/2500/2500 2499/2499/2499 2501/2501/2501 
f 2502/2502/2502 2503/2503/2503 2504/2504/2504 
f 2503/2503/2503 2502/2502/2502 2505/2505/2505 
f 2506/2506/2506 2507/2507/2507 2508/2508/2508 
f 2507/2507/2507 2506/2506/2506 2509/2509/2509 
f 2510/2510/2510 2511/2511/2511 2512/2512/2512 
f 2511/2511/2511 2510/2510/2510 2513/2513/2513 
f 2514/2514/2514 2511/2511/2511 2513/2513/2513 
f 2513/2513/2513 2515/2515/2515 2514/2514/2514 
f 2516/2516/2516 2514/2514/2514 2515/2515/2515 
f 2514/2514/2514 2516/2516/2516 2517/2517/2517 
f 2516/2516/2516 2518/2518/2518 2517/2517/2517 
f 2517/2517/2517 2518/2518/2518 2519/2519/2519 
f 2520/2520/2520 2521/2521/2521 2517/2517/2517 
f 2521/2521/2521 2520/2520/2520 2522/2522/2522 
f 2523/2523/2523 2522/2522/2522 2520/2520/2520 
f 2522/2522/2522 2524/2524/2524 2521/2521/2521 
f 2522/2522/2522 2523/2523/2523 2525/2525/2525 
f 2524/2524/2524 2522/2522/2522 2526/2526/2526 
f 2525/2525/2525 2526/2526/2526 2522/2522/2522 
f 2526/2526/2526 2525/2525/2525 2527/2527/2527 
f 2528/2528/2528 2529/2529/2529 2530/2530/2530 
f 2529/2529/2529 2528/2528/2528 2531/2531/2531 
f 2532/2532/2532 2531/2531/2531 2528/2528/2528 
f 2531/2531/2531 2532/2532/2532 2533/2533/2533 
f 2534/2534/2534 2535/2535/2535 2536/2536/2536 
f 2537/2537/2537 2534/2534/2534 2536/2536/2536 
f 2534/2534/2534 2537/2537/2537 2538/2538/2538 
f 2537/2537/2537 2539/2539/2539 2538/2538/2538 
f 2539/2539/2539 2537/2537/2537 2540/2540/2540 
f 2539/2539/2539 2540/2540/2540 2541/2541/2541 
f 2541/2541/2541 2540/2540/2540 2542/2542/2542 
f 2543/2543/2543 2544/2544/2544 2545/2545/2545 
f 2546/2546/2546 2547/2547/2547 2548/2548/2548 
f 2546/2546/2546 2548/2548/2548 2549/2549/2549 
f 2547/2547/2547 2550/2550/2550 2548/2548/2548 
f 2547/2547/2547 2551/2551/2551 2550/2550/2550 
f 2552/2552/2552 2553/2553/2553 2554/2554/2554 
f 2555/2555/2555 2554/2554/2554 2553/2553/2553 
f 2553/2553/2553 2552/2552/2552 2556/2556/2556 
f 2557/2557/2557 2556/2556/2556 2552/2552/2552 
f 2556/2556/2556 2557/2557/2557 2558/2558/2558 
f 2554/2554/2554 2555/2555/2555 2559/2559/2559 
f 2560/2560/2560 2559/2559/2559 2555/2555/2555 
f 2559/2559/2559 2560/2560/2560 2561/2561/2561 
f 2562/2562/2562 2563/2563/2563 2564/2564/2564 
f 2565/2565/2565 2564/2564/2564 2563/2563/2563 
f 2563/2563/2563 2562/2562/2562 2566/2566/2566 
f 2567/2567/2567 2566/2566/2566 2562/2562/2562 
f 2566/2566/2566 2567/2567/2567 2568/2568/2568 
f 2564/2564/2564 2565/2565/2565 2569/2569/2569 
f 2570/2570/2570 2569/2569/2569 2565/2565/2565 
f 2569/2569/2569 2570/2570/2570 2571/2571/2571 
f 2572/2572/2572 2573/2573/2573 2574/2574/2574 
f 2573/2573/2573 2575/2575/2575 2574/2574/2574 
f 2572/2572/2572 2574/2574/2574 2576/2576/2576 
f 2577/2577/2577 2572/2572/2572 2576/2576/2576 
f 2577/2577/2577 2576/2576/2576 2578/2578/2578 
f 2573/2573/2573 2579/2579/2579 2575/2575/2575 
f 2579/2579/2579 2580/2580/2580 2575/2575/2575 
f 2580/2580/2580 2579/2579/2579 2581/2581/2581 
f 2578/2578/2578 2582/2582/2582 2583/2583/2583 
f 2578/2578/2578 2584/2584/2584 2582/2582/2582 
f 2584/2584/2584 2585/2585/2585 2582/2582/2582 
f 2584/2584/2584 2586/2586/2586 2585/2585/2585 
f 2586/2586/2586 2587/2587/2587 2585/2585/2585 
f 2586/2586/2586 2588/2588/2588 2587/2587/2587 
f 2588/2588/2588 2589/2589/2589 2587/2587/2587 
f 2589/2589/2589 2588/2588/2588 2590/2590/2590 
f 2591/2591/2591 2592/2592/2592 2593/2593/2593 
f 2594/2594/2594 2593/2593/2593 2592/2592/2592 
f 2592/2592/2592 2591/2591/2591 2595/2595/2595 
f 2596/2596/2596 2595/2595/2595 2591/2591/2591 
f 2595/2595/2595 2596/2596/2596 2597/2597/2597 
f 2593/2593/2593 2594/2594/2594 2598/2598/2598 
f 2599/2599/2599 2598/2598/2598 2594/2594/2594 
f 2598/2598/2598 2599/2599/2599 2600/2600/2600 
f 2601/2601/2601 2602/2602/2602 2603/2603/2603 
f 2602/2602/2602 2604/2604/2604 2603/2603/2603 
f 2601/2601/2601 2603/2603/2603 2605/2605/2605 
f 2605/2605/2605 2606/2606/2606 2601/2601/2601 
f 2606/2606/2606 2605/2605/2605 2607/2607/2607 
f 2602/2602/2602 2608/2608/2608 2604/2604/2604 
f 2608/2608/2608 2609/2609/2609 2604/2604/2604 
f 2608/2608/2608 2610/2610/2610 2609/2609/2609 
f 2611/2611/2611 2612/2612/2612 2613/2613/2613 
f 2612/2612/2612 2614/2614/2614 2613/2613/2613 
f 2611/2611/2611 2613/2613/2613 2615/2615/2615 
f 2616/2616/2616 2611/2611/2611 2615/2615/2615 
f 2616/2616/2616 2615/2615/2615 2617/2617/2617 
f 2612/2612/2612 2618/2618/2618 2614/2614/2614 
f 2618/2618/2618 2619/2619/2619 2614/2614/2614 
f 2618/2618/2618 2620/2620/2620 2619/2619/2619 
f 2621/2621/2621 2622/2622/2622 2623/2623/2623 
f 2624/2624/2624 2623/2623/2623 2622/2622/2622 
f 2622/2622/2622 2621/2621/2621 2625/2625/2625 
f 2626/2626/2626 2625/2625/2625 2621/2621/2621 
f 2625/2625/2625 2626/2626/2626 2627/2627/2627 
f 2623/2623/2623 2624/2624/2624 2628/2628/2628 
f 2629/2629/2629 2628/2628/2628 2624/2624/2624 
f 2628/2628/2628 2629/2629/2629 2630/2630/2630 
f 2631/2631/2631 2632/2632/2632 2633/2633/2633 
f 2631/2631/2631 2633/2633/2633 2634/2634/2634 
f 2632/2632/2632 2635/2635/2635 2633/2633/2633 
f 2636/2636/2636 2633/2633/2633 2635/2635/2635 
f 2637/2637/2637 2638/2638/2638 2639/2639/2639 
f 2638/2638/2638 2637/2637/2637 2640/2640/2640 
f 2637/2637/2637 2641/2641/2641 2640/2640/2640 
f 2637/2637/2637 2642/2642/2642 2641/2641/2641 
f 2643/2643/2643 2644/2644/2644 2645/2645/2645 
f 2644/2644/2644 2643/2643/2643 2646/2646/2646 
f 2647/2647/2647 2644/2644/2644 2646/2646/2646 
f 2644/2644/2644 2647/2647/2647 2648/2648/2648 
f 2649/2649/2649 2650/2650/2650 2651/2651/2651 
f 2650/2650/2650 2649/2649/2649 2652/2652/2652 
f 2653/2653/2653 2650/2650/2650 2652/2652/2652 
f 2650/2650/2650 2653/2653/2653 2654/2654/2654 
f 2655/2655/2655 2656/2656/2656 2657/2657/2657 
f 2658/2658/2658 2659/2659/2659 2660/2660/2660 
f 2661/2661/2661 2662/2662/2662 2663/2663/2663 
f 2662/2662/2662 2661/2661/2661 2664/2664/2664 
f 2665/2665/2665 2662/2662/2662 2664/2664/2664 
f 2662/2662/2662 2665/2665/2665 2666/2666/2666 
f 2667/2667/2667 2668/2668/2668 2669/2669/2669 
f 2667/2667/2667 2669/2669/2669 2670/2670/2670 
f 2671/2671/2671 2667/2667/2667 2670/2670/2670 
f 2667/2667/2667 2671/2671/2671 2672/2672/2672 
f 2673/2673/2673 2674/2674/2674 2675/2675/2675 
f 2673/2673/2673 2675/2675/2675 2676/2676/2676 
f 2677/2677/2677 2678/2678/2678 2679/2679/2679 
f 2680/2680/2680 2678/2678/2678 2677/2677/2677 
f 2681/2681/2681 2682/2682/2682 2683/2683/2683 
f 2681/2681/2681 2683/2683/2683 2684/2684/2684 
f 2685/2685/2685 2681/2681/2681 2684/2684/2684 
f 2681/2681/2681 2685/2685/2685 2686/2686/2686 
f 2687/2687/2687 2688/2688/2688 2689/2689/2689 
f 2687/2687/2687 2689/2689/2689 2690/2690/2690 
f 2691/2691/2691 2687/2687/2687 2690/2690/2690 
f 2687/2687/2687 2691/2691/2691 2692/2692/2692 
f 2693/2693/2693 2694/2694/2694 2695/2695/2695 
f 2696/2696/2696 2695/2695/2695 2694/2694/2694 
f 2697/2697/2697 2696/2696/2696 2694/2694/2694 
f 2697/2697/2697 2694/2694/2694 2698/2698/2698 
f 2699/2699/2699 2700/2700/2700 2701/2701/2701 
f 2700/2700/2700 2699/2699/2699 2702/2702/2702 
f 2703/2703/2703 2700/2700/2700 2702/2702/2702 
f 2700/2700/2700 2703/2703/2703 2704/2704/2704 
f 2705/2705/2705 2706/2706/2706 2707/2707/2707 
f 2707/2707/2707 2708/2708/2708 2705/2705/2705 
f 2709/2709/2709 2710/2710/2710 2711/2711/2711 
f 2710/2710/2710 2712/2712/2712 2711/2711/2711 
f 2713/2713/2713 2714/2714/2714 2715/2715/2715 
f 2716/2716/2716 2717/2717/2717 2718/2718/2718 
f 2719/2719/2719 2720/2720/2720 2721/2721/2721 
f 2719/2719/2719 2721/2721/2721 2722/2722/2722 
f 2723/2723/2723 2724/2724/2724 2725/2725/2725 
f 2725/2725/2725 2724/2724/2724 2726/2726/2726 
f 2727/2727/2727 2728/2728/2728 2729/2729/2729 
f 2730/2730/2730 2728/2728/2728 2727/2727/2727 
f 2731/2731/2731 2732/2732/2732 2733/2733/2733 
f 2731/2731/2731 2734/2734/2734 2732/2732/2732 
f 2735/2735/2735 2736/2736/2736 2737/2737/2737 
f 2737/2737/2737 2738/2738/2738 2735/2735/2735 
f 2738/2738/2738 2737/2737/2737 2739/2739/2739 
f 2739/2739/2739 2740/2740/2740 2738/2738/2738 
f 2740/2740/2740 2739/2739/2739 2741/2741/2741 
f 2740/2740/2740 2742/2742/2742 2738/2738/2738 
f 2738/2738/2738 2742/2742/2742 2735/2735/2735 
f 2742/2742/2742 2740/2740/2740 2743/2743/2743 
f 2744/2744/2744 2735/2735/2735 2742/2742/2742 
f 2736/2736/2736 2735/2735/2735 2745/2745/2745 
f 2735/2735/2735 2744/2744/2744 2745/2745/2745 
f 2745/2745/2745 2746/2746/2746 2736/2736/2736 
f 2747/2747/2747 2745/2745/2745 2744/2744/2744 
f 2746/2746/2746 2745/2745/2745 2748/2748/2748 
f 2745/2745/2745 2747/2747/2747 2748/2748/2748 
f 2749/2749/2749 2748/2748/2748 2747/2747/2747 
f 2750/2750/2750 2751/2751/2751 2752/2752/2752 
f 2753/2753/2753 2752/2752/2752 2751/2751/2751 
f 2752/2752/2752 2753/2753/2753 2754/2754/2754 
f 2755/2755/2755 2754/2754/2754 2753/2753/2753 
f 2754/2754/2754 2755/2755/2755 2756/2756/2756 
f 2753/2753/2753 2757/2757/2757 2755/2755/2755 
f 2757/2757/2757 2753/2753/2753 2758/2758/2758 
f 2751/2751/2751 2758/2758/2758 2753/2753/2753 
f 2758/2758/2758 2751/2751/2751 2759/2759/2759 
f 2751/2751/2751 2750/2750/2750 2760/2760/2760 
f 2760/2760/2760 2759/2759/2759 2751/2751/2751 
f 2761/2761/2761 2760/2760/2760 2750/2750/2750 
f 2759/2759/2759 2760/2760/2760 2762/2762/2762 
f 2760/2760/2760 2761/2761/2761 2763/2763/2763 
f 2763/2763/2763 2762/2762/2762 2760/2760/2760 
f 2762/2762/2762 2763/2763/2763 2764/2764/2764 
f 2765/2765/2765 2766/2766/2766 2767/2767/2767 
f 2767/2767/2767 2766/2766/2766 2768/2768/2768 
f 2767/2767/2767 2768/2768/2768 2769/2769/2769 
f 2769/2769/2769 2768/2768/2768 2770/2770/2770 
f 2768/2768/2768 2771/2771/2771 2770/2770/2770 
f 2770/2770/2770 2771/2771/2771 2772/2772/2772 
f 2768/2768/2768 2773/2773/2773 2771/2771/2771 
f 2766/2766/2766 2773/2773/2773 2768/2768/2768 
f 2766/2766/2766 2774/2774/2774 2773/2773/2773 
f 2765/2765/2765 2775/2775/2775 2766/2766/2766 
f 2775/2775/2775 2774/2774/2774 2766/2766/2766 
f 2775/2775/2775 2776/2776/2776 2774/2774/2774 
f 2777/2777/2777 2775/2775/2775 2765/2765/2765 
f 2778/2778/2778 2776/2776/2776 2775/2775/2775 
f 2777/2777/2777 2778/2778/2778 2775/2775/2775 
f 2779/2779/2779 2778/2778/2778 2777/2777/2777 
f 2780/2780/2780 2781/2781/2781 2782/2782/2782 
f 2783/2783/2783 2782/2782/2782 2784/2784/2784 
f 2782/2782/2782 2783/2783/2783 2780/2780/2780 
f 2783/2783/2783 2785/2785/2785 2780/2780/2780 
f 2786/2786/2786 2780/2780/2780 2785/2785/2785 
f 2781/2781/2781 2780/2780/2780 2787/2787/2787 
f 2780/2780/2780 2786/2786/2786 2787/2787/2787 
f 2787/2787/2787 2788/2788/2788 2781/2781/2781 
f 2789/2789/2789 2787/2787/2787 2786/2786/2786 
f 2787/2787/2787 2789/2789/2789 2790/2790/2790 
f 2788/2788/2788 2787/2787/2787 2790/2790/2790 
f 2791/2791/2791 2790/2790/2790 2789/2789/2789 
f 2788/2788/2788 2790/2790/2790 2792/2792/2792 
f 2790/2790/2790 2791/2791/2791 2792/2792/2792 
f 2788/2788/2788 2792/2792/2792 2793/2793/2793 
f 2794/2794/2794 2792/2792/2792 2791/2791/2791 

g Player4

v 0.140642 99.9503 0.364996 
v 0.14236 100.14 0.369827 
v 0.114377 99.9513 0.334226 
v 0.116095 100.141 0.339057 
v 0.166907 99.9493 0.395766 
v 0.168625 100.139 0.400597 
v 0.140642 99.9503 0.364996 
v 0.14236 100.14 0.369827 
v 0.257062 99.9726 -0.552314 
v 0.25878 100.162 -0.547484 
v 0.292699 100.162 -0.567072 
v 0.290981 99.9728 -0.571903 
v 0.326602 100.163 -0.586561 
v 0.290981 99.9728 -0.571903 
v 0.292699 100.162 -0.567072 
v 0.324884 99.973 -0.591392 
v 1.06589 99.9382 0.512773 
v 1.06761 100.128 0.517604 
v 1.03001 99.938 0.533617 
v 1.03172 100.128 0.538447 
v 1.10178 99.9384 0.49193 
v 1.1035 100.128 0.496761 
v 1.06589 99.9382 0.512773 
v 1.06761 100.128 0.517604 
v 1.24519 100.149 -0.388622 
v 1.21572 99.9606 -0.423498 
v 1.21744 100.15 -0.418668 
v 1.24347 99.9596 -0.393452 
v 1.21744 100.15 -0.418668 
v 1.21572 99.9606 -0.423498 
v 1.1897 100.151 -0.448711 
v 1.18798 99.9617 -0.453541 
v 0.177239 100.2 0.351676 
v 0.116095 100.141 0.339057 
v 0.14236 100.14 0.369827 
v 0.177239 100.2 0.351676 
v 0.14236 100.14 0.369827 
v 0.168625 100.139 0.400597 
v 0.31915 100.221 -0.535088 
v 0.326602 100.163 -0.586561 
v 0.292699 100.162 -0.567072 
v 0.31915 100.221 -0.535088 
v 0.292699 100.162 -0.567072 
v 0.25878 100.162 -0.547484 
v 1.04041 100.189 0.48954 
v 1.03172 100.128 0.538447 
v 1.06761 100.128 0.517604 
v 1.04041 100.189 0.48954 
v 1.06761 100.128 0.517604 
v 1.1035 100.128 0.496761 
v 1.18225 100.21 -0.397238 
v 1.21744 100.15 -0.418668 
v 1.1897 100.151 -0.448711 
v 1.21744 100.15 -0.418668 
v 1.18225 100.21 -0.397238 
v 1.24519 100.149 -0.388622 
v 0.166907 99.9493 0.395766 
v 0.598456 99.9436 0.464692 
v 0.600174 100.133 0.469522 
v 0.168625 100.139 0.400597 
v 1.03172 100.128 0.538447 
v 1.03001 99.938 0.533617 
v 0.116095 100.141 0.339057 
v 0.187438 100.152 -0.104213 
v 0.18572 99.962 -0.109044 
v 0.114377 99.9513 0.334226 
v 0.257062 99.9726 -0.552314 
v 0.25878 100.162 -0.547484 
v 1.17434 100.139 0.0540696 
v 1.10178 99.9384 0.49193 
v 1.17262 99.949 0.049239 
v 1.1035 100.128 0.496761 
v 1.24519 100.149 -0.388622 
v 1.24347 99.9596 -0.393452 
v 0.326602 100.163 -0.586561 
v 0.758151 100.157 -0.517636 
v 0.756433 99.9673 -0.522467 
v 0.324884 99.973 -0.591392 
v 1.18798 99.9617 -0.453541 
v 1.1897 100.151 -0.448711 
v 0.31915 100.221 -0.535088 
v 0.750699 100.216 -0.466163 
v 0.758151 100.157 -0.517636 
v 0.326602 100.163 -0.586561 
v 1.1897 100.151 -0.448711 
v 1.18225 100.21 -0.397238 
v 0.600174 100.133 0.469522 
v 0.177239 100.2 0.351676 
v 0.168625 100.139 0.400597 
v 0.608823 100.194 0.420608 
v 1.03172 100.128 0.538447 
v 1.04041 100.189 0.48954 
v 0.248194 100.211 -0.0917061 
v 0.116095 100.141 0.339057 
v 0.177239 100.2 0.351676 
v 0.187438 100.152 -0.104213 
v 0.31915 100.221 -0.535088 
v 0.25878 100.162 -0.547484 
v 1.1035 100.128 0.496761 
v 1.17434 100.139 0.0540696 
v 1.11133 100.199 0.0461514 
v 1.04041 100.189 0.48954 
v 1.18225 100.21 -0.397238 
v 1.24519 100.149 -0.388622 
v 0.3537 100.251 0.251486 
v 0.608823 100.194 0.420608 
v 0.637554 100.248 0.296822 
v 0.177239 100.2 0.351676 
v 0.921407 100.244 0.342158 
v 1.04041 100.189 0.48954 
v 0.750699 100.216 -0.466163 
v 0.31915 100.221 -0.535088 
v 0.454632 100.267 -0.37921 
v 0.738485 100.263 -0.333874 
v 1.02234 100.259 -0.288538 
v 1.18225 100.21 -0.397238 
v 0.971873 100.251 0.0268104 
v 0.921407 100.244 0.342158 
v 1.11133 100.199 0.0461514 
v 1.04041 100.189 0.48954 
v 1.02234 100.259 -0.288538 
v 1.18225 100.21 -0.397238 
v 0.3537 100.251 0.251486 
v 0.404166 100.259 -0.0638615 
v 0.248194 100.211 -0.0917061 
v 0.177239 100.2 0.351676 
v 0.454632 100.267 -0.37921 
v 0.31915 100.221 -0.535088 
v 1.02234 100.259 -0.288538 
v 0.687922 100.255 -0.0179994 
v 0.971873 100.251 0.0268104 
v 0.921407 100.244 0.342158 
v 0.738485 100.263 -0.333874 
v 0.454632 100.267 -0.37921 
v 0.637554 100.248 0.296822 
v 0.921407 100.244 0.342158 
v 0.687922 100.255 -0.0179994 
v 0.3537 100.251 0.251486 
v 0.687922 100.255 -0.0179994 
v 0.404166 100.259 -0.0638615 
v 0.3537 100.251 0.251486 
v 0.454632 100.267 -0.37921 
v 1.17999 99.9605 -0.403591 
v 1.21572 99.9606 -0.423498 
v 1.24347 99.9596 -0.393452 
v 1.18798 99.9617 -0.453541 
v 1.17262 99.949 0.049239 
v 0.756433 99.9673 -0.522467 
v 1.10903 99.9498 0.0397912 
v 1.10178 99.9384 0.49193 
v 0.748439 99.9661 -0.472516 
v 0.31689 99.9718 -0.541442 
v 0.324884 99.973 -0.591392 
v 0.290981 99.9728 -0.571903 
v 0.245935 99.9611 -0.0980595 
v 1.03808 99.9392 0.483173 
v 1.06589 99.9382 0.512773 
v 1.03001 99.938 0.533617 
v 0.606529 99.9448 0.414248 
v 0.598456 99.9436 0.464692 
v 0.677484 99.9555 -0.0291342 
v 0.17498 99.9505 0.345323 
v 0.166907 99.9493 0.395766 
v 0.140642 99.9503 0.364996 
v 0.114377 99.9513 0.334226 
v 0.18572 99.962 -0.109044 
v 0.31689 99.9718 -0.541442 
v 0.257062 99.9726 -0.552314 
v 0.290981 99.9728 -0.571903 

vn -0.76378 -0.00787402 0.645669 
vn -0.76378 -0.00787402 0.645669 
vn -0.76378 -0.00787402 0.645669 
vn -0.76378 -0.00787402 0.645669 
vn -0.76378 -0.00787402 0.645669 
vn -0.76378 -0.00787402 0.645669 
vn -0.76378 -0.00787402 0.645669 
vn -0.76378 -0.00787402 0.645669 
vn -0.503937 0.023622 -0.866142 
vn -0.503937 0.023622 -0.866142 
vn -0.503937 0.023622 -0.866142 
vn -0.503937 0.023622 -0.866142 
vn -0.496063 0.023622 -0.866142 
vn -0.496063 0.023622 -0.866142 
vn -0.496063 0.023622 -0.866142 
vn -0.496063 0.023622 -0.866142 
vn 0.503937 -0.023622 0.866142 
vn 0.503937 -0.023622 0.866142 
vn 0.503937 -0.023622 0.866142 
vn 0.503937 -0.023622 0.866142 
vn 0.503937 -0.023622 0.866142 
vn 0.503937 -0.023622 0.866142 
vn 0.503937 -0.023622 0.866142 
vn 0.503937 -0.023622 0.866142 
vn 0.732283 0.00787402 -0.677165 
vn 0.732283 0.00787402 -0.677165 
vn 0.732283 0.00787402 -0.677165 
vn 0.732283 0.00787402 -0.677165 
vn 0.732283 0.00787402 -0.677165 
vn 0.732283 0.00787402 -0.677165 
vn 0.732283 0.00787402 -0.677165 
vn 0.732283 0.00787402 -0.677165 
vn -0.629921 0.535433 0.559055 
vn -0.629921 0.535433 0.559055 
vn -0.629921 0.535433 0.559055 
vn -0.629921 0.535433 0.559055 
vn -0.629921 0.535433 0.559055 
vn -0.629921 0.535433 0.559055 
vn -0.409449 0.574803 -0.708661 
vn -0.409449 0.574803 -0.708661 
vn -0.409449 0.574803 -0.708661 
vn -0.409449 0.574803 -0.708661 
vn -0.409449 0.574803 -0.708661 
vn -0.409449 0.574803 -0.708661 
vn 0.425197 0.527559 0.732283 
vn 0.425197 0.527559 0.732283 
vn 0.425197 0.527559 0.732283 
vn 0.425197 0.527559 0.732283 
vn 0.425197 0.527559 0.732283 
vn 0.425197 0.527559 0.732283 
vn 0.614173 0.559055 -0.551181 
vn 0.614173 0.559055 -0.551181 
vn 0.614173 0.559055 -0.551181 
vn 0.614173 0.559055 -0.551181 
vn 0.614173 0.559055 -0.551181 
vn 0.614173 0.559055 -0.551181 
vn -0.15748 -0.023622 0.984252 
vn -0.15748 -0.023622 0.984252 
vn -0.15748 -0.023622 0.984252 
vn -0.15748 -0.023622 0.984252 
vn -0.15748 -0.023622 0.984252 
vn -0.15748 -0.023622 0.984252 
vn -0.984252 0.015748 -0.15748 
vn -0.984252 0.015748 -0.15748 
vn -0.984252 0.015748 -0.15748 
vn -0.984252 0.015748 -0.15748 
vn -0.984252 0.015748 -0.15748 
vn -0.984252 0.015748 -0.15748 
vn 0.984252 -0.015748 0.15748 
vn 0.984252 -0.015748 0.15748 
vn 0.984252 -0.015748 0.15748 
vn 0.984252 -0.015748 0.15748 
vn 0.984252 -0.015748 0.15748 
vn 0.984252 -0.015748 0.15748 
vn 0.15748 0.023622 -0.984252 
vn 0.15748 0.023622 -0.984252 
vn 0.15748 0.023622 -0.984252 
vn 0.15748 0.023622 -0.984252 
vn 0.15748 0.023622 -0.984252 
vn 0.15748 0.023622 -0.984252 
vn 0.125984 0.661417 -0.740157 
vn 0.125984 0.661417 -0.740157 
vn 0.125984 0.661417 -0.740157 
vn 0.125984 0.661417 -0.740157 
vn 0.125984 0.661417 -0.740157 
vn 0.125984 0.661417 -0.740157 
vn -0.11811 0.629921 0.76378 
vn -0.11811 0.629921 0.76378 
vn -0.11811 0.629921 0.76378 
vn -0.11811 0.629921 0.76378 
vn -0.11811 0.629921 0.76378 
vn -0.11811 0.629921 0.76378 
vn -0.685039 0.724409 -0.0944882 
vn -0.685039 0.724409 -0.0944882 
vn -0.685039 0.724409 -0.0944882 
vn -0.685039 0.724409 -0.0944882 
vn -0.685039 0.724409 -0.0944882 
vn -0.685039 0.724409 -0.0944882 
vn 0.677165 0.724409 0.125984 
vn 0.677165 0.724409 0.125984 
vn 0.677165 0.724409 0.125984 
vn 0.677165 0.724409 0.125984 
vn 0.677165 0.724409 0.125984 
vn 0.677165 0.724409 0.125984 
vn -0.0472441 0.92126 0.385827 
vn -0.0472441 0.92126 0.385827 
vn -0.0472441 0.92126 0.385827 
vn -0.0472441 0.92126 0.385827 
vn -0.0472441 0.92126 0.385827 
vn -0.0472441 0.92126 0.385827 
vn 0.0629921 0.944882 -0.330709 
vn 0.0629921 0.944882 -0.330709 
vn 0.0629921 0.944882 -0.330709 
vn 0.0629921 0.944882 -0.330709 
vn 0.0629921 0.944882 -0.330709 
vn 0.0629921 0.944882 -0.330709 
vn 0.338583 0.937008 0.0787402 
vn 0.338583 0.937008 0.0787402 
vn 0.338583 0.937008 0.0787402 
vn 0.338583 0.937008 0.0787402 
vn 0.338583 0.937008 0.0787402 
vn 0.338583 0.937008 0.0787402 
vn -0.291339 0.952756 -0.023622 
vn -0.291339 0.952756 -0.023622 
vn -0.291339 0.952756 -0.023622 
vn -0.291339 0.952756 -0.023622 
vn -0.291339 0.952756 -0.023622 
vn -0.291339 0.952756 -0.023622 
vn 0.00787402 1 0.023622 
vn 0.00787402 1 0.023622 
vn 0.00787402 1 0.023622 
vn 0.00787402 1 0.023622 
vn 0.00787402 1 0.023622 
vn 0.00787402 1 0.023622 
vn 0.00787402 1 0.023622 
vn 0.00787402 1 0.023622 
vn 0.00787402 1 0.023622 
vn 0.00787402 1 0.023622 
vn 0.00787402 1 0.023622 
vn 0.00787402 1 0.023622 
vn 0.00787402 1 0.023622 
vn 0.00787402 1 0.023622 
vn -0.00787402 -1 -0.023622 
vn -0.00787402 -1 -0.023622 
vn -0.00787402 -1 -0.023622 
vn -0.00787402 -1 -0.023622 
vn -0.00787402 -1 -0.023622 
vn -0.00787402 -1 -0.023622 
vn -0.00787402 -1 -0.023622 
vn -0.00787402 -1 -0.023622 
vn -0.00787402 -1 -0.023622 
vn -0.00787402 -1 -0.023622 
vn -0.00787402 -1 -0.023622 
vn -0.00787402 -1 -0.023622 
vn -0.00787402 -1 -0.023622 
vn -0.00787402 -1 -0.023622 
vn -0.00787402 -1 -0.023622 
vn -0.00787402 -1 -0.023622 
vn -0.00787402 -1 -0.023622 
vn -0.00787402 -1 -0.023622 
vn -0.00787402 -1 -0.023622 
vn -0.00787402 -1 -0.023622 
vn -0.00787402 -1 -0.023622 
vn -0.00787402 -1 -0.023622 
vn -0.00787402 -1 -0.023622 
vn -0.00787402 -1 -0.023622 
vn -0.00787402 -1 -0.023622 
vn -0.00787402 -1 -0.023622 
vn -0.00787402 -1 -0.023622 

vt 0.923431 0.088384 
vt 0.923431 0.112304 
vt 0.92178 0.088384 
vt 0.92178 0.111945 
vt 0.715573 0.0532517 
vt 0.715745 0.0766844 
vt 0.714104 0.0532517 
vt 0.714104 0.0766844 
vt 0.855527 0.088384 
vt 0.855527 0.111744 
vt 0.853761 0.111744 
vt 0.853761 0.088384 
vt 0.851778 0.111744 
vt 0.853761 0.088384 
vt 0.853761 0.111744 
vt 0.85176 0.088384 
vt 0.783557 0.0532517 
vt 0.783557 0.0770173 
vt 0.781736 0.0532517 
vt 0.781736 0.0770173 
vt 0.716215 0.088384 
vt 0.716215 0.111744 
vt 0.714184 0.088384 
vt 0.714184 0.111744 
vt 0.781872 0.111744 
vt 0.784095 0.088384 
vt 0.784095 0.111744 
vt 0.781846 0.088384 
vt 0.784095 0.111744 
vt 0.784095 0.088384 
vt 0.786128 0.111744 
vt 0.786136 0.088384 
vt 0.923431 0.11581 
vt 0.92178 0.111945 
vt 0.923431 0.112304 
vt 0.714104 0.0808079 
vt 0.714104 0.0766844 
vt 0.715745 0.0766844 
vt 0.853761 0.11581 
vt 0.851778 0.111744 
vt 0.853761 0.111744 
vt 0.853761 0.11581 
vt 0.853761 0.111744 
vt 0.855527 0.111744 
vt 0.783557 0.0808079 
vt 0.781736 0.0770173 
vt 0.783557 0.0770173 
vt 0.714184 0.11581 
vt 0.714184 0.111744 
vt 0.716215 0.111744 
vt 0.784095 0.11581 
vt 0.784095 0.111744 
vt 0.786128 0.111744 
vt 0.784095 0.111744 
vt 0.784095 0.11581 
vt 0.781872 0.111744 
vt 0.715573 0.0532517 
vt 0.748654 0.0532517 
vt 0.74874 0.0768509 
vt 0.715745 0.0766844 
vt 0.781736 0.0770173 
vt 0.781736 0.0532517 
vt 0.92178 0.111945 
vt 0.888653 0.111845 
vt 0.888653 0.088384 
vt 0.92178 0.088384 
vt 0.855527 0.088384 
vt 0.855527 0.111744 
vt 0.749043 0.111744 
vt 0.716215 0.088384 
vt 0.749031 0.088384 
vt 0.716215 0.111744 
vt 0.781872 0.111744 
vt 0.781846 0.088384 
vt 0.851778 0.111744 
vt 0.818953 0.111744 
vt 0.818948 0.088384 
vt 0.85176 0.088384 
vt 0.786136 0.088384 
vt 0.786128 0.111744 
vt 0.853761 0.11581 
vt 0.818928 0.11581 
vt 0.818953 0.111744 
vt 0.851778 0.111744 
vt 0.786128 0.111744 
vt 0.784095 0.11581 
vt 0.74874 0.0768509 
vt 0.714104 0.0808079 
vt 0.715745 0.0766844 
vt 0.74883 0.0808079 
vt 0.781736 0.0770173 
vt 0.783557 0.0808079 
vt 0.888596 0.11581 
vt 0.92178 0.111945 
vt 0.923431 0.11581 
vt 0.888653 0.111845 
vt 0.853761 0.11581 
vt 0.855527 0.111744 
vt 0.716215 0.111744 
vt 0.749043 0.111744 
vt 0.74914 0.11581 
vt 0.714184 0.11581 
vt 0.784095 0.11581 
vt 0.781872 0.111744 
vt 0.918171 0.0730234 
vt 0.906271 0.0806128 
vt 0.90611 0.0729932 
vt 0.923411 0.0805248 
vt 0.89405 0.0729631 
vt 0.889131 0.0807009 
vt 0.906265 0.0251644 
vt 0.923393 0.0253288 
vt 0.918205 0.0329752 
vt 0.906128 0.0329858 
vt 0.89405 0.0329963 
vt 0.889137 0.025 
vt 0.89405 0.0529797 
vt 0.89405 0.0729631 
vt 0.889134 0.0528504 
vt 0.889131 0.0807009 
vt 0.89405 0.0329963 
vt 0.889137 0.025 
vt 0.918171 0.0730234 
vt 0.918188 0.0529993 
vt 0.923402 0.0529268 
vt 0.923411 0.0805248 
vt 0.918205 0.0329752 
vt 0.923393 0.0253288 
vt 0.89405 0.0329963 
vt 0.906361 0.052896 
vt 0.89405 0.0529797 
vt 0.89405 0.0729631 
vt 0.906128 0.0329858 
vt 0.918205 0.0329752 
vt 0.90611 0.0729932 
vt 0.89405 0.0729631 
vt 0.906361 0.052896 
vt 0.918171 0.0730234 
vt 0.906361 0.052896 
vt 0.918188 0.0529993 
vt 0.918171 0.0730234 
vt 0.918205 0.0329752 
vt 0.932066 0.110472 
vt 0.930003 0.113228 
vt 0.928009 0.110368 
vt 0.932066 0.115985 
vt 0.928009 0.0600054 
vt 0.962806 0.115921 
vt 0.932066 0.0599765 
vt 0.928008 0.00964314 
vt 0.962836 0.110472 
vt 0.993607 0.110472 
vt 0.993546 0.115857 
vt 0.995473 0.113163 
vt 0.993607 0.0599765 
vt 0.932066 0.00948107 
vt 0.930037 0.00679183 
vt 0.932066 0.00394058 
vt 0.962836 0.00948107 
vt 0.9628 0.00400639 
vt 0.962836 0.0599765 
vt 0.993607 0.00948107 
vt 0.993533 0.00407219 
vt 0.99553 0.00685531 
vt 0.997526 0.00963843 
vt 0.997465 0.0600513 
vt 0.993607 0.110472 
vt 0.997404 0.110464 
vt 0.995473 0.113163 

usemtl Player1Mtl

f 2795/2795/2795 2796/2796/2796 2797/2797/2797 
f 2797/2797/2797 2796/2796/2796 2798/2798/2798 
f 2799/2799/2799 2800/2800/2800 2801/2801/2801 
f 2801/2801/2801 2800/2800/2800 2802/2802/2802 
f 2803/2803/2803 2804/2804/2804 2805/2805/2805 
f 2805/2805/2805 2806/2806/2806 2803/2803/2803 
f 2807/2807/2807 2808/2808/2808 2809/2809/2809 
f 2808/2808/2808 2807/2807/2807 2810/2810/2810 
f 2811/2811/2811 2812/2812/2812 2813/2813/2813 
f 2813/2813/2813 2812/2812/2812 2814/2814/2814 
f 2815/2815/2815 2816/2816/2816 2817/2817/2817 
f 2817/2817/2817 2816/2816/2816 2818/2818/2818 
f 2819/2819/2819 2820/2820/2820 2821/2821/2821 
f 2820/2820/2820 2819/2819/2819 2822/2822/2822 
f 2823/2823/2823 2824/2824/2824 2825/2825/2825 
f 2825/2825/2825 2824/2824/2824 2826/2826/2826 
f 2827/2827/2827 2828/2828/2828 2829/2829/2829 
f 2830/2830/2830 2831/2831/2831 2832/2832/2832 
f 2833/2833/2833 2834/2834/2834 2835/2835/2835 
f 2836/2836/2836 2837/2837/2837 2838/2838/2838 
f 2839/2839/2839 2840/2840/2840 2841/2841/2841 
f 2842/2842/2842 2843/2843/2843 2844/2844/2844 
f 2845/2845/2845 2846/2846/2846 2847/2847/2847 
f 2848/2848/2848 2849/2849/2849 2850/2850/2850 
f 2851/2851/2851 2852/2852/2852 2853/2853/2853 
f 2851/2851/2851 2853/2853/2853 2854/2854/2854 
f 2852/2852/2852 2855/2855/2855 2853/2853/2853 
f 2852/2852/2852 2856/2856/2856 2855/2855/2855 
f 2857/2857/2857 2858/2858/2858 2859/2859/2859 
f 2859/2859/2859 2860/2860/2860 2857/2857/2857 
f 2861/2861/2861 2859/2859/2859 2858/2858/2858 
f 2858/2858/2858 2862/2862/2862 2861/2861/2861 
f 2863/2863/2863 2864/2864/2864 2865/2865/2865 
f 2864/2864/2864 2863/2863/2863 2866/2866/2866 
f 2865/2865/2865 2867/2867/2867 2863/2863/2863 
f 2867/2867/2867 2865/2865/2865 2868/2868/2868 
f 2869/2869/2869 2870/2870/2870 2871/2871/2871 
f 2869/2869/2869 2871/2871/2871 2872/2872/2872 
f 2870/2870/2870 2873/2873/2873 2871/2871/2871 
f 2870/2870/2870 2874/2874/2874 2873/2873/2873 
f 2875/2875/2875 2876/2876/2876 2877/2877/2877 
f 2875/2875/2875 2877/2877/2877 2878/2878/2878 
f 2876/2876/2876 2879/2879/2879 2877/2877/2877 
f 2876/2876/2876 2880/2880/2880 2879/2879/2879 
f 2881/2881/2881 2882/2882/2882 2883/2883/2883 
f 2882/2882/2882 2881/2881/2881 2884/2884/2884 
f 2885/2885/2885 2884/2884/2884 2881/2881/2881 
f 2884/2884/2884 2885/2885/2885 2886/2886/2886 
f 2887/2887/2887 2888/2888/2888 2889/2889/2889 
f 2888/2888/2888 2887/2887/2887 2890/2890/2890 
f 2891/2891/2891 2890/2890/2890 2887/2887/2887 
f 2890/2890/2890 2891/2891/2891 2892/2892/2892 
f 2893/2893/2893 2894/2894/2894 2895/2895/2895 
f 2895/2895/2895 2896/2896/2896 2893/2893/2893 
f 2897/2897/2897 2895/2895/2895 2894/2894/2894 
f 2894/2894/2894 2898/2898/2898 2897/2897/2897 
f 2899/2899/2899 2900/2900/2900 2901/2901/2901 
f 2900/2900/2900 2899/2899/2899 2902/2902/2902 
f 2903/2903/2903 2901/2901/2901 2900/2900/2900 
f 2903/2903/2903 2900/2900/2900 2904/2904/2904 
f 2905/2905/2905 2906/2906/2906 2907/2907/2907 
f 2905/2905/2905 2907/2907/2907 2908/2908/2908 
f 2909/2909/2909 2905/2905/2905 2908/2908/2908 
f 2905/2905/2905 2909/2909/2909 2910/2910/2910 
f 2911/2911/2911 2912/2912/2912 2913/2913/2913 
f 2913/2913/2913 2912/2912/2912 2914/2914/2914 
f 2913/2913/2913 2915/2915/2915 2911/2911/2911 
f 2913/2913/2913 2916/2916/2916 2915/2915/2915 
f 2917/2917/2917 2918/2918/2918 2919/2919/2919 
f 2919/2919/2919 2920/2920/2920 2917/2917/2917 
f 2921/2921/2921 2919/2919/2919 2918/2918/2918 
f 2919/2919/2919 2921/2921/2921 2922/2922/2922 
f 2923/2923/2923 2924/2924/2924 2925/2925/2925 
f 2924/2924/2924 2926/2926/2926 2925/2925/2925 
f 2923/2923/2923 2927/2927/2927 2924/2924/2924 
f 2927/2927/2927 2928/2928/2928 2924/2924/2924 
f 2929/2929/2929 2930/2930/2930 2931/2931/2931 
f 2932/2932/2932 2929/2929/2929 2931/2931/2931 
f 2933/2933/2933 2934/2934/2934 2935/2935/2935 
f 2933/2933/2933 2936/2936/2936 2934/2934/2934 
f 2937/2937/2937 2938/2938/2938 2939/2939/2939 
f 2938/2938/2938 2937/2937/2937 2940/2940/2940 
f 2941/2941/2941 2937/2937/2937 2939/2939/2939 
f 2942/2942/2942 2940/2940/2940 2937/2937/2937 
f 2937/2937/2937 2941/2941/2941 2943/2943/2943 
f 2944/2944/2944 2943/2943/2943 2941/2941/2941 
f 2942/2942/2942 2937/2937/2937 2945/2945/2945 
f 2943/2943/2943 2945/2945/2945 2937/2937/2937 
f 2946/2946/2946 2942/2942/2942 2945/2945/2945 
f 2942/2942/2942 2946/2946/2946 2947/2947/2947 
f 2946/2946/2946 2948/2948/2948 2947/2947/2947 
f 2945/2945/2945 2949/2949/2949 2946/2946/2946 
f 2943/2943/2943 2944/2944/2944 2950/2950/2950 
f 2944/2944/2944 2951/2951/2951 2950/2950/2950 
f 2951/2951/2951 2952/2952/2952 2950/2950/2950 
f 2953/2953/2953 2950/2950/2950 2952/2952/2952 
f 2943/2943/2943 2950/2950/2950 2953/2953/2953 
f 2953/2953/2953 2952/2952/2952 2954/2954/2954 
f 2945/2945/2945 2943/2943/2943 2955/2955/2955 
f 2955/2955/2955 2943/2943/2943 2953/2953/2953 
f 2949/2949/2949 2945/2945/2945 2955/2955/2955 
f 2956/2956/2956 2953/2953/2953 2954/2954/2954 
f 2956/2956/2956 2955/2955/2955 2953/2953/2953 
f 2955/2955/2955 2956/2956/2956 2949/2949/2949 
f 2956/2956/2956 2954/2954/2954 2957/2957/2957 
f 2956/2956/2956 2957/2957/2957 2958/2958/2958 
f 2959/2959/2959 2956/2956/2956 2958/2958/2958 
f 2959/2959/2959 2949/2949/2949 2956/2956/2956 
f 2949/2949/2949 2959/2959/2959 2960/2960/2960 
f 2960/2960/2960 2961/2961/2961 2949/2949/2949 
f 2961/2961/2961 2960/2960/2960 2962/2962/2962 
f 2962/2962/2962 2963/2963/2963 2961/2961/2961 

g Player5

v -0.183461 101.132 -0.552601 
v -0.182619 101.095 -0.512259 
v -0.221707 101.088 -0.535594 
v -0.223012 101.134 -0.578276 
v -0.208547 101.017 -0.458178 
v -0.170291 101.03 -0.440093 
v -0.190166 100.96 -0.359606 
v -0.153075 100.979 -0.348158 
v -0.16507 100.926 -0.234718 
v -0.12957 100.949 -0.231596 
v -0.143325 100.911 -0.0886682 
v -0.110457 100.935 -0.0948755 
v -1.0827 101.138 -0.319684 
v -1.09503 101.176 -0.357568 
v -1.05738 101.128 -0.356799 
v -1.06935 101.175 -0.3972 
v -1.04422 101.057 -0.279383 
v -1.07037 101.073 -0.247518 
v -1.02583 101 -0.180812 
v -1.05315 101.022 -0.155583 
v -1.00074 100.967 -0.0559239 
v -1.02965 100.992 -0.0390213 
v -0.962261 100.95 0.0865462 
v -0.992504 100.977 0.0938418 
v -0.182619 101.095 -0.512259 
v -0.143932 101.129 -0.527022 
v -0.14366 101.1 -0.489068 
v -0.183461 101.132 -0.552601 
v -0.170291 101.03 -0.440093 
v -0.132129 101.041 -0.421957 
v -0.153075 100.979 -0.348158 
v -0.11612 100.995 -0.336764 
v -0.12957 100.949 -0.231596 
v -0.0942324 100.969 -0.228632 
v -0.110457 100.935 -0.0948755 
v -0.0777211 100.955 -0.101143 
v -1.12073 101.176 -0.318032 
v -1.0827 101.138 -0.319684 
v -1.10815 101.146 -0.282712 
v -1.09503 101.176 -0.357568 
v -1.07037 101.073 -0.247518 
v -1.09662 101.087 -0.215601 
v -1.05315 101.022 -0.155583 
v -1.08061 101.041 -0.130408 
v -1.02965 100.992 -0.0390213 
v -1.05872 101.015 -0.022276 
v -0.992504 100.977 0.0938418 
v -1.02289 101.001 0.101079 
v -0.110457 100.935 -0.0948755 
v -0.082352 100.941 0.0350896 
v -0.143325 100.911 -0.0886682 
v -0.113169 100.918 0.0507962 
v -0.0470911 100.963 0.150852 
v -0.0765827 100.943 0.175185 
v -0.025826 101.008 0.239994 
v -0.0536171 100.993 0.271184 
v -0.0113512 101.045 0.299397 
v -0.0377165 101.036 0.336082 
v 0.0103071 101.102 0.35977 
v -0.015394 101.102 0.399303 
v -0.964399 100.983 0.223807 
v -0.992504 100.977 0.0938418 
v -0.962261 100.95 0.0865462 
v -0.932105 100.957 0.226011 
v -0.947169 101.006 0.343427 
v -0.912251 100.983 0.353979 
v -0.925904 101.051 0.432569 
v -0.889286 101.034 0.449978 
v -0.911429 101.088 0.491972 
v -0.873385 101.076 0.514876 
v -0.901258 101.146 0.554803 
v -0.86173 101.143 0.58038 
v -0.110457 100.935 -0.0948755 
v -0.0516461 100.961 0.0194214 
v -0.082352 100.941 0.0350896 
v -0.0777211 100.955 -0.101143 
v -0.0177353 100.98 0.126461 
v -0.0470911 100.963 0.150852 
v 0.00182992 101.021 0.208659 
v -0.025826 101.008 0.239994 
v 0.0149258 101.053 0.262765 
v -0.0113512 101.045 0.299397 
v 0.035987 101.101 0.320136 
v 0.0103071 101.102 0.35977 
v -0.992504 100.977 0.0938418 
v -0.996813 101.007 0.221643 
v -1.02289 101.001 0.101079 
v -0.964399 100.983 0.223807 
v -0.982224 101.026 0.332817 
v -0.947169 101.006 0.343427 
v -0.962659 101.067 0.415015 
v -0.925904 101.051 0.432569 
v -0.949563 101.099 0.469121 
v -0.911429 101.088 0.491972 
v -0.940809 101.148 0.529125 
v -0.901258 101.146 0.554803 
v 0.0517802 101.402 0.326644 
v 0.0418726 101.703 0.372688 
v 0.0260898 101.402 0.366229 
v 0.0103071 101.102 0.35977 
v 0.035987 101.101 0.320136 
v 0.0675734 101.702 0.333153 
v 0.069758 101.823 0.316212 
v 0.0442387 101.832 0.354662 
v 0.0360528 101.94 0.292319 
v 0.0621594 101.923 0.258304 
v 0.0189553 102.024 0.193475 
v 0.0462731 102.001 0.166562 
v -0.00542891 102.077 0.0677202 
v 0.0236669 102.05 0.0500131 
v -0.0344632 102.097 -0.0724408 
v -0.00324982 102.068 -0.0799967 
v -0.885476 101.446 0.561262 
v -0.909223 101.749 0.542142 
v -0.925016 101.449 0.535634 
v -0.940809 101.148 0.529125 
v -0.901258 101.146 0.554803 
v -0.869693 101.746 0.567721 
v -0.907038 101.87 0.525202 
v -0.867327 101.876 0.549695 
v -0.875513 101.983 0.487352 
v -0.914642 101.97 0.467291 
v -0.892615 102.068 0.388506 
v -0.930533 102.048 0.375547 
v -0.916994 102.121 0.262753 
v -0.95314 102.096 0.258998 
v -0.946029 102.14 0.122592 
v -0.980051 102.115 0.12899 
v -0.946029 102.14 0.122592 
v -0.977863 102.13 -0.0238974 
v -1.00967 102.105 -0.00721843 
v -0.980051 102.115 0.12899 
v -1.03701 102.064 -0.125805 
v -1.00735 102.086 -0.151756 
v -1.06076 101.992 -0.220702 
v -1.03299 102.008 -0.254122 
v -1.07865 101.897 -0.282852 
v -1.05226 101.905 -0.321028 
v -1.08914 101.777 -0.305015 
v -1.06346 101.776 -0.344648 
v -1.07924 101.476 -0.351108 
v -1.10493 101.476 -0.311524 
v -1.12073 101.176 -0.318032 
v -1.09503 101.176 -0.357568 
v -0.0662979 102.086 -0.21893 
v -0.0344632 102.097 -0.0724408 
v -0.0328676 102.059 -0.216205 
v -0.00324982 102.068 -0.0799967 
v -0.0601988 102.018 -0.33479 
v -0.0957803 102.042 -0.346787 
v -0.083961 101.946 -0.429689 
v -0.12142 101.964 -0.449152 
v -0.101856 101.85 -0.491841 
v -0.14069 101.861 -0.516061 
v -0.112345 101.73 -0.514005 
v -0.151896 101.732 -0.53968 
v -0.128139 101.43 -0.520513 
v -0.167679 101.432 -0.54614 
v -0.183461 101.132 -0.552601 
v -0.143932 101.129 -0.527022 
v 0.0260898 101.402 0.366229 
v 0.0418726 101.703 0.372688 
v 0.000399113 101.403 0.405812 
v -0.015394 101.102 0.399303 
v 0.0103071 101.102 0.35977 
v 0.0161923 101.703 0.41232 
v 0.0187348 101.841 0.393206 
v 0.0442387 101.832 0.354662 
v 0.00994599 101.956 0.326334 
v 0.0360528 101.94 0.292319 
v -0.00836205 102.048 0.220301 
v 0.0189553 102.024 0.193475 
v -0.0344988 102.104 0.0855266 
v -0.00542891 102.077 0.0677202 
v -0.0656713 102.125 -0.0648827 
v -0.0344632 102.097 -0.0724408 
v -0.845936 101.443 0.586888 
v -0.830143 101.744 0.593397 
v -0.885476 101.446 0.561262 
v -0.901258 101.146 0.554803 
v -0.86173 101.143 0.58038 
v -0.869693 101.746 0.567721 
v -0.827601 101.882 0.574283 
v -0.867327 101.876 0.549695 
v -0.836389 101.997 0.507411 
v -0.875513 101.983 0.487352 
v -0.854697 102.088 0.401377 
v -0.892615 102.068 0.388506 
v -0.880834 102.145 0.266603 
v -0.916994 102.121 0.262753 
v -0.912007 102.166 0.116194 
v -0.946029 102.14 0.122592 
v -0.0662979 102.086 -0.21893 
v -0.0656713 102.125 -0.0648827 
v -0.0344632 102.097 -0.0724408 
v -0.0997077 102.114 -0.221558 
v -0.0957803 102.042 -0.346787 
v -0.13132 102.067 -0.358678 
v -0.12142 101.964 -0.449152 
v -0.158864 101.983 -0.468518 
v -0.14069 101.861 -0.516061 
v -0.179519 101.872 -0.540281 
v -0.151896 101.732 -0.53968 
v -0.191425 101.735 -0.565259 
v -0.167679 101.432 -0.54614 
v -0.207219 101.435 -0.571768 
v -0.183461 101.132 -0.552601 
v -0.223012 101.134 -0.578276 
v -1.00735 102.086 -0.151756 
v -0.946043 102.155 -0.0404815 
v -0.977656 102.107 -0.177601 
v -0.977863 102.13 -0.0238974 
v -0.912007 102.166 0.116194 
v -0.946029 102.14 0.122592 
v -1.03299 102.008 -0.254122 
v -1.0052 102.023 -0.287442 
v -1.05226 101.905 -0.321028 
v -1.02583 101.913 -0.359105 
v -1.03776 101.776 -0.384183 
v -1.06346 101.776 -0.344648 
v -1.05355 101.475 -0.390691 
v -1.07924 101.476 -0.351108 
v -1.06935 101.175 -0.3972 
v -1.09503 101.176 -0.357568 
v -0.962261 100.95 0.0865462 
v -0.552793 100.931 -0.001061 
v -0.522637 100.937 0.138403 
v -0.143325 100.911 -0.0886682 
v -0.932105 100.957 0.226011 
v -0.113169 100.918 0.0507962 
v -0.494417 100.963 0.264582 
v -0.912251 100.983 0.353979 
v -0.0765827 100.943 0.175185 
v -0.471451 101.014 0.360581 
v -0.889286 101.034 0.449978 
v -0.0536171 100.993 0.271184 
v -0.455551 101.056 0.425479 
v -0.873385 101.076 0.514876 
v -0.0377165 101.036 0.336082 
v -0.438562 101.123 0.489842 
v -0.86173 101.143 0.58038 
v -0.015394 101.102 0.399303 
v -0.626381 101.037 -0.36878 
v -1.05738 101.128 -0.356799 
v -0.639541 101.108 -0.446197 
v -0.646179 101.155 -0.487738 
v -1.06935 101.175 -0.3972 
v -0.221707 101.088 -0.535594 
v -0.223012 101.134 -0.578276 
v -1.04422 101.057 -0.279383 
v -0.208547 101.017 -0.458178 
v -0.608001 100.98 -0.270209 
v -1.02583 101 -0.180812 
v -0.190166 100.96 -0.359606 
v -0.582905 100.947 -0.145321 
v -1.00074 100.967 -0.0559239 
v -0.16507 100.926 -0.234718 
v -0.962261 100.95 0.0865462 
v -0.143325 100.911 -0.0886682 
v -0.552793 100.931 -0.001061 
v -1.02289 101.001 0.101079 
v -0.996813 101.007 0.221643 
v -1.03018 101.162 0.108333 
v -0.0533805 101.115 -0.100656 
v 0.035987 101.101 0.320136 
v 0.0149258 101.053 0.262765 
v 0.00182992 101.021 0.208659 
v -0.0177353 100.98 0.126461 
v -0.0516461 100.961 0.0194214 
v -0.0777211 100.955 -0.101143 
v -0.0942324 100.969 -0.228632 
v -0.11612 100.995 -0.336764 
v -0.132129 101.041 -0.421957 
v -0.14366 101.1 -0.489068 
v -0.143932 101.129 -0.527022 
v -1.10815 101.146 -0.282712 
v -1.03018 101.162 0.108333 
v -1.12073 101.176 -0.318032 
v -1.09662 101.087 -0.215601 
v -1.08061 101.041 -0.130408 
v -1.05872 101.015 -0.022276 
v -1.02289 101.001 0.101079 
v -0.996813 101.007 0.221643 
v -0.982224 101.026 0.332817 
v -0.962659 101.067 0.415015 
v -0.949563 101.099 0.469121 
v -0.940809 101.148 0.529125 
v -1.08914 101.777 -0.305015 
v -1.10493 101.476 -0.311524 
v -0.99859 101.763 0.12135 
v -1.07865 101.897 -0.282852 
v -1.06076 101.992 -0.220702 
v -1.03701 102.064 -0.125805 
v -1.00967 102.105 -0.00721843 
v -0.980051 102.115 0.12899 
v -0.95314 102.096 0.258998 
v -0.930533 102.048 0.375547 
v -0.914642 101.97 0.467291 
v -0.907038 101.87 0.525202 
v -0.909223 101.749 0.542142 
v -1.01438 101.462 0.114842 
v -1.12073 101.176 -0.318032 
v -0.925016 101.449 0.535634 
v -1.03018 101.162 0.108333 
v -0.940809 101.148 0.529125 
v -0.128139 101.43 -0.520513 
v -0.112345 101.73 -0.514005 
v -0.0375873 101.416 -0.0941474 
v -0.143932 101.129 -0.527022 
v -0.0533805 101.115 -0.100656 
v 0.035987 101.101 0.320136 
v 0.0517802 101.402 0.326644 
v -0.0217941 101.716 -0.0876389 
v -0.101856 101.85 -0.491841 
v 0.0675734 101.702 0.333153 
v -0.083961 101.946 -0.429689 
v 0.069758 101.823 0.316212 
v -0.0601988 102.018 -0.33479 
v 0.0621594 101.923 0.258304 
v -0.0328676 102.059 -0.216205 
v 0.0462731 102.001 0.166562 
v -0.00324982 102.068 -0.0799967 
v 0.0236669 102.05 0.0500131 
v -0.422769 101.423 0.49635 
v -0.406975 101.723 0.502859 
v -0.845936 101.443 0.586888 
v -0.86173 101.143 0.58038 
v -0.438562 101.123 0.489842 
v -0.830143 101.744 0.593397 
v 0.000399113 101.403 0.405812 
v -0.015394 101.102 0.399303 
v 0.0161923 101.703 0.41232 
v -0.404433 101.862 0.483745 
v -0.827601 101.882 0.574283 
v 0.0187348 101.841 0.393206 
v -0.413222 101.977 0.416872 
v -0.836389 101.997 0.507411 
v 0.00994599 101.956 0.326334 
v -0.43153 102.068 0.310839 
v -0.854697 102.088 0.401377 
v -0.00836205 102.048 0.220301 
v -0.457667 102.124 0.176065 
v -0.880834 102.145 0.266603 
v -0.0344988 102.104 0.0855266 
v -0.488839 102.145 0.0256556 
v -0.912007 102.166 0.116194 
v -0.0656713 102.125 -0.0648827 
v -0.554488 102.087 -0.268139 
v -0.977656 102.107 -0.177601 
v -0.946043 102.155 -0.0404815 
v -0.488839 102.145 0.0256556 
v -0.912007 102.166 0.116194 
v -0.522875 102.135 -0.13102 
v -0.0997077 102.114 -0.221558 
v -0.0656713 102.125 -0.0648827 
v -0.13132 102.067 -0.358678 
v -0.582032 102.003 -0.37798 
v -1.0052 102.023 -0.287442 
v -0.158864 101.983 -0.468518 
v -0.602676 101.892 -0.449693 
v -1.02583 101.913 -0.359105 
v -0.179519 101.872 -0.540281 
v -0.614593 101.755 -0.474721 
v -0.191425 101.735 -0.565259 
v -1.03776 101.776 -0.384183 
v -0.207219 101.435 -0.571768 
v -0.630386 101.455 -0.48123 
v -1.05355 101.475 -0.390691 
v -0.646179 101.155 -0.487738 
v -0.223012 101.134 -0.578276 
v -1.06935 101.175 -0.3972 

vn 0.440945 -0.629921 -0.645669 
vn 0.480315 -0.606299 -0.629921 
vn 0.464567 -0.614173 -0.637795 
vn 0.440945 -0.629921 -0.645669 
vn 0.496063 -0.653543 -0.574803 
vn 0.496063 -0.669291 -0.551181 
vn 0.503937 -0.755906 -0.417323 
vn 0.511811 -0.771654 -0.385827 
vn 0.527559 -0.811024 -0.244094 
vn 0.535433 -0.811024 -0.228346 
vn 0.559055 -0.818898 -0.125984 
vn 0.559055 -0.818898 -0.125984 
vn -0.748031 -0.551181 -0.370079 
vn -0.716535 -0.574803 -0.393701 
vn -0.740157 -0.559055 -0.377953 
vn -0.716535 -0.574803 -0.393701 
vn -0.748031 -0.590551 -0.307087 
vn -0.740157 -0.614173 -0.283465 
vn -0.700787 -0.700787 -0.15748 
vn -0.692913 -0.708661 -0.133858 
vn -0.653543 -0.755906 0.015748 
vn -0.653543 -0.755906 0.023622 
vn -0.629921 -0.76378 0.125984 
vn -0.629921 -0.76378 0.125984 
vn 0.433071 -0.661417 -0.614173 
vn 0.393701 -0.700787 -0.598425 
vn 0.448819 -0.637795 -0.622047 
vn 0.393701 -0.700787 -0.598425 
vn 0.464567 -0.669291 -0.574803 
vn 0.464567 -0.692913 -0.551181 
vn 0.464567 -0.779528 -0.409449 
vn 0.464567 -0.795276 -0.377953 
vn 0.488189 -0.84252 -0.228346 
vn 0.488189 -0.84252 -0.220472 
vn 0.511811 -0.850394 -0.11811 
vn 0.511811 -0.850394 -0.11811 
vn -0.661417 -0.653543 -0.370079 
vn -0.700787 -0.606299 -0.370079 
vn -0.724409 -0.582677 -0.370079 
vn -0.661417 -0.653543 -0.370079 
vn -0.716535 -0.614173 -0.322835 
vn -0.708661 -0.637795 -0.299213 
vn -0.661417 -0.732283 -0.165354 
vn -0.653543 -0.748031 -0.133858 
vn -0.614173 -0.787402 0.00787402 
vn -0.614173 -0.795276 0.015748 
vn -0.590551 -0.795276 0.11811 
vn -0.590551 -0.795276 0.11811 
vn 0.559055 -0.818898 -0.125984 
vn 0.574803 -0.818898 -0.0551181 
vn 0.559055 -0.818898 -0.125984 
vn 0.574803 -0.818898 -0.0472441 
vn 0.614173 -0.787402 0.0787402 
vn 0.622047 -0.779528 0.110236 
vn 0.653543 -0.716535 0.23622 
vn 0.661417 -0.708661 0.251969 
vn 0.669291 -0.669291 0.330709 
vn 0.669291 -0.653543 0.354331 
vn 0.677165 -0.629921 0.385827 
vn 0.677165 -0.629921 0.385827 
vn -0.614173 -0.76378 0.204724 
vn -0.629921 -0.76378 0.125984 
vn -0.629921 -0.76378 0.125984 
vn -0.614173 -0.76378 0.204724 
vn -0.590551 -0.732283 0.338583 
vn -0.590551 -0.716535 0.370079 
vn -0.566929 -0.653543 0.503937 
vn -0.559055 -0.653543 0.511811 
vn -0.535433 -0.606299 0.582677 
vn -0.527559 -0.590551 0.606299 
vn -0.511811 -0.566929 0.637795 
vn -0.511811 -0.566929 0.637795 
vn 0.511811 -0.850394 -0.11811 
vn 0.527559 -0.850394 -0.0472441 
vn 0.527559 -0.850394 -0.0393701 
vn 0.511811 -0.850394 -0.11811 
vn 0.566929 -0.818898 0.0866142 
vn 0.582677 -0.80315 0.11811 
vn 0.622047 -0.740157 0.251969 
vn 0.622047 -0.740157 0.259843 
vn 0.629921 -0.700787 0.322835 
vn 0.637795 -0.692913 0.346457 
vn 0.637795 -0.677165 0.370079 
vn 0.637795 -0.677165 0.370079 
vn -0.590551 -0.795276 0.11811 
vn -0.574803 -0.795276 0.188976 
vn -0.590551 -0.795276 0.11811 
vn -0.574803 -0.795276 0.19685 
vn -0.559055 -0.76378 0.322835 
vn -0.551181 -0.748031 0.362205 
vn -0.535433 -0.685039 0.496063 
vn -0.527559 -0.685039 0.503937 
vn -0.511811 -0.645669 0.566929 
vn -0.496063 -0.637795 0.590551 
vn -0.488189 -0.622047 0.614173 
vn -0.488189 -0.622047 0.614173 
vn 0.834646 -0.0551181 0.543307 
vn 0.834646 -0.023622 0.543307 
vn 0.834646 -0.0551181 0.543307 
vn 0.834646 -0.0551181 0.543307 
vn 0.834646 -0.0551181 0.543307 
vn 0.834646 -0.023622 0.543307 
vn 0.834646 0.19685 0.511811 
vn 0.834646 0.188976 0.511811 
vn 0.80315 0.433071 0.401575 
vn 0.80315 0.448819 0.393701 
vn 0.755906 0.606299 0.244094 
vn 0.748031 0.622047 0.228346 
vn 0.700787 0.716535 0.0629921 
vn 0.692913 0.716535 0.0472441 
vn 0.653543 0.748031 -0.110236 
vn 0.653543 0.748031 -0.110236 
vn -0.543307 0.00787402 0.84252 
vn -0.543307 0.0472441 0.84252 
vn -0.543307 0.00787402 0.84252 
vn -0.543307 0.00787402 0.84252 
vn -0.543307 0.00787402 0.84252 
vn -0.543307 0.0393701 0.84252 
vn -0.535433 0.267717 0.80315 
vn -0.535433 0.251969 0.80315 
vn -0.527559 0.496063 0.692913 
vn -0.527559 0.511811 0.677165 
vn -0.527559 0.669291 0.519685 
vn -0.535433 0.685039 0.503937 
vn -0.543307 0.771654 0.330709 
vn -0.551181 0.771654 0.314961 
vn -0.574803 0.80315 0.149606 
vn -0.574803 0.80315 0.149606 
vn -0.574803 0.80315 0.149606 
vn -0.622047 0.787402 -0.023622 
vn -0.614173 0.787402 -0.015748 
vn -0.574803 0.80315 0.149606 
vn -0.685039 0.700787 -0.19685 
vn -0.685039 0.692913 -0.212598 
vn -0.748031 0.543307 -0.370079 
vn -0.755906 0.527559 -0.385827 
vn -0.811024 0.307087 -0.496063 
vn -0.811024 0.299213 -0.503937 
vn -0.834646 0.0944882 -0.543307 
vn -0.834646 0.0866142 -0.543307 
vn -0.834646 0.0551181 -0.543307 
vn -0.834646 0.0551181 -0.543307 
vn -0.834646 0.0551181 -0.543307 
vn -0.834646 0.0551181 -0.543307 
vn 0.622047 0.724409 -0.291339 
vn 0.653543 0.748031 -0.110236 
vn 0.622047 0.724409 -0.275591 
vn 0.653543 0.748031 -0.110236 
vn 0.598425 0.645669 -0.472441 
vn 0.598425 0.629921 -0.488189 
vn 0.582677 0.480315 -0.653543 
vn 0.574803 0.464567 -0.669291 
vn 0.559055 0.244094 -0.787402 
vn 0.559055 0.228346 -0.795276 
vn 0.543307 0.023622 -0.834646 
vn 0.543307 0.023622 -0.834646 
vn 0.543307 -0.00787402 -0.84252 
vn 0.543307 -0.00787402 -0.84252 
vn 0.543307 -0.00787402 -0.84252 
vn 0.543307 -0.00787402 -0.84252 
vn 0.834646 -0.0551181 0.543307 
vn 0.84252 -0.015748 0.543307 
vn 0.834646 -0.0551181 0.543307 
vn 0.834646 -0.0551181 0.543307 
vn 0.834646 -0.0551181 0.543307 
vn 0.84252 -0.023622 0.543307 
vn 0.834646 0.188976 0.511811 
vn 0.834646 0.19685 0.511811 
vn 0.80315 0.433071 0.401575 
vn 0.80315 0.448819 0.393701 
vn 0.755906 0.606299 0.244094 
vn 0.755906 0.622047 0.228346 
vn 0.700787 0.708661 0.0629921 
vn 0.700787 0.716535 0.0472441 
vn 0.653543 0.748031 -0.110236 
vn 0.653543 0.748031 -0.110236 
vn -0.543307 0.00787402 0.84252 
vn -0.543307 0.0472441 0.84252 
vn -0.543307 0.00787402 0.84252 
vn -0.543307 0.00787402 0.84252 
vn -0.543307 0.00787402 0.84252 
vn -0.543307 0.0472441 0.84252 
vn -0.535433 0.251969 0.80315 
vn -0.535433 0.267717 0.80315 
vn -0.527559 0.496063 0.692913 
vn -0.527559 0.511811 0.677165 
vn -0.535433 0.669291 0.519685 
vn -0.535433 0.677165 0.503937 
vn -0.543307 0.771654 0.322835 
vn -0.551181 0.771654 0.314961 
vn -0.574803 0.80315 0.149606 
vn -0.574803 0.80315 0.149606 
vn 0.629921 0.724409 -0.275591 
vn 0.653543 0.748031 -0.110236 
vn 0.653543 0.748031 -0.110236 
vn 0.622047 0.724409 -0.291339 
vn 0.606299 0.637795 -0.472441 
vn 0.598425 0.629921 -0.488189 
vn 0.582677 0.480315 -0.653543 
vn 0.574803 0.464567 -0.669291 
vn 0.559055 0.244094 -0.787402 
vn 0.559055 0.228346 -0.795276 
vn 0.543307 0.023622 -0.834646 
vn 0.543307 0.023622 -0.834646 
vn 0.543307 -0.00787402 -0.84252 
vn 0.543307 -0.00787402 -0.84252 
vn 0.543307 -0.00787402 -0.84252 
vn 0.543307 -0.00787402 -0.84252 
vn -0.685039 0.700787 -0.19685 
vn -0.622047 0.779528 -0.023622 
vn -0.692913 0.692913 -0.212598 
vn -0.614173 0.787402 -0.015748 
vn -0.574803 0.80315 0.149606 
vn -0.574803 0.80315 0.149606 
vn -0.748031 0.543307 -0.370079 
vn -0.755906 0.527559 -0.385827 
vn -0.811024 0.307087 -0.496063 
vn -0.811024 0.299213 -0.503937 
vn -0.834646 0.0866142 -0.543307 
vn -0.834646 0.0944882 -0.543307 
vn -0.834646 0.0551181 -0.543307 
vn -0.834646 0.0551181 -0.543307 
vn -0.834646 0.0551181 -0.543307 
vn -0.834646 0.0551181 -0.543307 
vn -0.0551181 -1 -0.023622 
vn -0.0551181 -1 -0.023622 
vn -0.023622 -0.992126 0.125984 
vn -0.0551181 -1 -0.023622 
vn -0.023622 -0.992126 0.125984 
vn -0.023622 -0.992126 0.125984 
vn 0.023622 -0.944882 0.322835 
vn 0.023622 -0.944882 0.322835 
vn 0.023622 -0.944882 0.322835 
vn 0.0629921 -0.874016 0.488189 
vn 0.0629921 -0.874016 0.488189 
vn 0.0629921 -0.874016 0.488189 
vn 0.0944882 -0.771654 0.629921 
vn 0.0944882 -0.771654 0.629921 
vn 0.0944882 -0.771654 0.629921 
vn 0.11811 -0.700787 0.700787 
vn 0.11811 -0.700787 0.700787 
vn 0.11811 -0.700787 0.700787 
vn -0.15748 -0.811024 -0.559055 
vn -0.181102 -0.708661 -0.677165 
vn -0.181102 -0.716535 -0.677165 
vn -0.188976 -0.669291 -0.724409 
vn -0.188976 -0.669291 -0.724409 
vn -0.181102 -0.708661 -0.677165 
vn -0.188976 -0.669291 -0.724409 
vn -0.15748 -0.811024 -0.559055 
vn -0.15748 -0.811024 -0.559055 
vn -0.11811 -0.929134 -0.354331 
vn -0.11811 -0.929134 -0.354331 
vn -0.11811 -0.929134 -0.354331 
vn -0.0787402 -0.984252 -0.165354 
vn -0.0866142 -0.984252 -0.165354 
vn -0.0866142 -0.984252 -0.165354 
vn -0.0551181 -1 -0.023622 
vn -0.0551181 -1 -0.023622 
vn -0.0551181 -1 -0.023622 
vn -0.968504 -0.0551181 0.244094 
vn -0.976378 -0.0472441 0.204724 
vn -0.976378 -0.0314961 0.220472 
vn 0.968504 -0.125984 -0.19685 
vn 0.968504 -0.125984 -0.204724 
vn 0.968504 -0.125984 -0.204724 
vn 0.968504 -0.125984 -0.212598 
vn 0.96063 -0.133858 -0.228346 
vn 0.968504 -0.133858 -0.212598 
vn 0.976378 -0.149606 -0.173228 
vn 0.976378 -0.102362 -0.204724 
vn 0.976378 -0.0787402 -0.220472 
vn 0.976378 -0.0708661 -0.220472 
vn 0.96063 -0.188976 -0.212598 
vn 0.944882 -0.259843 -0.212598 
vn -0.976378 -0.0944882 0.19685 
vn -0.976378 -0.0314961 0.220472 
vn -0.968504 -0.173228 0.19685 
vn -0.984252 0.023622 0.19685 
vn -0.976378 0.015748 0.19685 
vn -0.976378 -0.00787402 0.212598 
vn -0.968504 -0.0551181 0.244094 
vn -0.976378 -0.0472441 0.204724 
vn -0.984252 -0.0393701 0.188976 
vn -0.976378 -0.0393701 0.204724 
vn -0.976378 -0.0314961 0.212598 
vn -0.976378 -0.0314961 0.212598 
vn -0.976378 0.0472441 0.212598 
vn -0.976378 0.0472441 0.212598 
vn -0.976378 0.0472441 0.212598 
vn -0.976378 0.0472441 0.212598 
vn -0.976378 0.0472441 0.212598 
vn -0.976378 0.0472441 0.212598 
vn -0.976378 0.0472441 0.212598 
vn -0.976378 0.0472441 0.212598 
vn -0.976378 0.0472441 0.212598 
vn -0.976378 0.0472441 0.212598 
vn -0.976378 0.0472441 0.212598 
vn -0.976378 0.0472441 0.212598 
vn -0.976378 0.0472441 0.212598 
vn -0.976378 0.0472441 0.212598 
vn -0.976378 0.0472441 0.212598 
vn -0.976378 0.0472441 0.212598 
vn -0.976378 0.0472441 0.212598 
vn -0.976378 0.0472441 0.212598 
vn 0.976378 -0.0472441 -0.212598 
vn 0.976378 -0.0472441 -0.212598 
vn 0.976378 -0.0472441 -0.212598 
vn 0.976378 -0.0472441 -0.212598 
vn 0.976378 -0.0472441 -0.212598 
vn 0.976378 -0.0472441 -0.212598 
vn 0.976378 -0.0472441 -0.212598 
vn 0.976378 -0.0472441 -0.212598 
vn 0.976378 -0.0472441 -0.212598 
vn 0.976378 -0.0472441 -0.212598 
vn 0.976378 -0.0472441 -0.212598 
vn 0.976378 -0.0472441 -0.212598 
vn 0.976378 -0.0472441 -0.212598 
vn 0.976378 -0.0472441 -0.212598 
vn 0.976378 -0.0472441 -0.212598 
vn 0.976378 -0.0472441 -0.212598 
vn 0.976378 -0.0472441 -0.212598 
vn 0.976378 -0.0472441 -0.212598 
vn 0.204724 -0.0314961 0.976378 
vn 0.212598 0.015748 0.976378 
vn 0.204724 -0.0314961 0.976378 
vn 0.204724 -0.0314961 0.976378 
vn 0.204724 -0.0314961 0.976378 
vn 0.212598 0.015748 0.976378 
vn 0.204724 -0.0314961 0.976378 
vn 0.204724 -0.0314961 0.976378 
vn 0.212598 0.015748 0.976378 
vn 0.212598 0.314961 0.92126 
vn 0.212598 0.314961 0.92126 
vn 0.212598 0.314961 0.92126 
vn 0.188976 0.645669 0.740157 
vn 0.188976 0.645669 0.740157 
vn 0.188976 0.645669 0.740157 
vn 0.149606 0.858268 0.496063 
vn 0.149606 0.858268 0.496063 
vn 0.149606 0.858268 0.496063 
vn 0.0944882 0.968504 0.244094 
vn 0.0944882 0.968504 0.244094 
vn 0.0944882 0.968504 0.244094 
vn 0.0551181 1 0.023622 
vn 0.0551181 1 0.023622 
vn 0.0551181 1 0.023622 
vn -0.0551181 0.889764 -0.456693 
vn -0.0551181 0.889764 -0.456693 
vn 0.00787402 0.984252 -0.19685 
vn 0.0551181 1 0.023622 
vn 0.0551181 1 0.023622 
vn 0.00787402 0.984252 -0.19685 
vn 0.00787402 0.984252 -0.19685 
vn 0.0551181 1 0.023622 
vn -0.0551181 0.889764 -0.456693 
vn -0.11811 0.692913 -0.708661 
vn -0.11811 0.692913 -0.708661 
vn -0.11811 0.692913 -0.708661 
vn -0.173228 0.377953 -0.905512 
vn -0.173228 0.377953 -0.905512 
vn -0.173228 0.377953 -0.905512 
vn -0.204724 0.0866142 -0.976378 
vn -0.204724 0.0866142 -0.976378 
vn -0.204724 0.0866142 -0.976378 
vn -0.204724 0.0314961 -0.976378 
vn -0.204724 0.0314961 -0.976378 
vn -0.204724 0.0314961 -0.976378 
vn -0.204724 0.0314961 -0.976378 
vn -0.204724 0.0314961 -0.976378 
vn -0.204724 0.0314961 -0.976378 

vt 0.496291 0.271858 
vt 0.496291 0.2761 
vt 0.498381 0.276238 
vt 0.498381 0.271858 
vt 0.498381 0.282763 
vt 0.496291 0.282818 
vt 0.498381 0.287009 
vt 0.496291 0.287022 
vt 0.498381 0.290483 
vt 0.496291 0.290473 
vt 0.498381 0.294088 
vt 0.496291 0.294093 
vt 0.565701 0.276101 
vt 0.565701 0.271858 
vt 0.563428 0.276273 
vt 0.563428 0.271858 
vt 0.563428 0.282764 
vt 0.565701 0.282818 
vt 0.563428 0.287009 
vt 0.565701 0.287022 
vt 0.563428 0.290483 
vt 0.565701 0.290473 
vt 0.563428 0.293941 
vt 0.565701 0.293935 
vt 0.496291 0.2761 
vt 0.494305 0.271858 
vt 0.494305 0.275928 
vt 0.496291 0.271858 
vt 0.496291 0.282818 
vt 0.494305 0.282809 
vt 0.496291 0.287022 
vt 0.494305 0.287021 
vt 0.496291 0.290473 
vt 0.494305 0.290479 
vt 0.496291 0.294093 
vt 0.494305 0.294099 
vt 0.567926 0.271858 
vt 0.565701 0.276101 
vt 0.567926 0.275933 
vt 0.565701 0.271858 
vt 0.565701 0.282818 
vt 0.567926 0.282809 
vt 0.565701 0.287022 
vt 0.567926 0.287021 
vt 0.565701 0.290473 
vt 0.567926 0.290479 
vt 0.565701 0.293935 
vt 0.567926 0.29393 
vt 0.705132 0.354938 
vt 0.705132 0.338993 
vt 0.703038 0.355022 
vt 0.703038 0.338778 
vt 0.705132 0.31981 
vt 0.703038 0.319725 
vt 0.705132 0.303268 
vt 0.703038 0.303199 
vt 0.705132 0.293071 
vt 0.703038 0.292615 
vt 0.705132 0.271858 
vt 0.703038 0.271858 
vt 0.635583 0.339001 
vt 0.635583 0.355446 
vt 0.637707 0.355498 
vt 0.637707 0.338778 
vt 0.635583 0.31981 
vt 0.637707 0.319725 
vt 0.635583 0.303268 
vt 0.637707 0.303199 
vt 0.635583 0.293071 
vt 0.637707 0.292615 
vt 0.635583 0.271858 
vt 0.637707 0.271858 
vt 0.426402 0.35483 
vt 0.428404 0.338317 
vt 0.426402 0.338277 
vt 0.428404 0.354154 
vt 0.428404 0.319095 
vt 0.426402 0.318955 
vt 0.428404 0.302636 
vt 0.426402 0.302551 
vt 0.428404 0.292735 
vt 0.426402 0.292335 
vt 0.428404 0.271858 
vt 0.426402 0.271858 
vt 0.635583 0.355446 
vt 0.63347 0.339047 
vt 0.633474 0.355416 
vt 0.635583 0.339001 
vt 0.63347 0.319815 
vt 0.635583 0.31981 
vt 0.63347 0.303356 
vt 0.635583 0.303268 
vt 0.63347 0.293455 
vt 0.635583 0.293071 
vt 0.63347 0.271858 
vt 0.635583 0.271858 
vt 0.428404 0.302195 
vt 0.426402 0.332491 
vt 0.426402 0.302174 
vt 0.426402 0.271858 
vt 0.428404 0.271858 
vt 0.428404 0.332532 
vt 0.428404 0.342326 
vt 0.426402 0.34342 
vt 0.426402 0.358006 
vt 0.428404 0.355858 
vt 0.426402 0.369684 
vt 0.428404 0.366778 
vt 0.426402 0.377207 
vt 0.428404 0.373756 
vt 0.426402 0.379762 
vt 0.428404 0.376009 
vt 0.635583 0.302195 
vt 0.63347 0.332532 
vt 0.63347 0.302195 
vt 0.63347 0.271858 
vt 0.635583 0.271858 
vt 0.635583 0.332532 
vt 0.63347 0.341987 
vt 0.635583 0.34325 
vt 0.635542 0.357675 
vt 0.633474 0.355491 
vt 0.635509 0.369342 
vt 0.633474 0.366412 
vt 0.635491 0.37688 
vt 0.633474 0.373398 
vt 0.635506 0.379436 
vt 0.633474 0.37565 
vt 0.565791 0.380488 
vt 0.565777 0.377894 
vt 0.567926 0.374425 
vt 0.567926 0.376894 
vt 0.567926 0.367446 
vt 0.565767 0.37035 
vt 0.567926 0.356516 
vt 0.565741 0.358643 
vt 0.567926 0.34297 
vt 0.565698 0.344046 
vt 0.567926 0.332519 
vt 0.565678 0.332532 
vt 0.56569 0.302195 
vt 0.567926 0.302189 
vt 0.567926 0.271858 
vt 0.565701 0.271858 
vt 0.496291 0.377389 
vt 0.496291 0.379984 
vt 0.494305 0.373995 
vt 0.494305 0.376356 
vt 0.494305 0.366926 
vt 0.496291 0.369861 
vt 0.494305 0.355998 
vt 0.496291 0.358158 
vt 0.494305 0.342447 
vt 0.496291 0.343704 
vt 0.494305 0.332525 
vt 0.496291 0.332532 
vt 0.494305 0.302191 
vt 0.496291 0.302195 
vt 0.496291 0.271858 
vt 0.494305 0.271858 
vt 0.705132 0.302195 
vt 0.705132 0.332532 
vt 0.703038 0.302195 
vt 0.703038 0.271858 
vt 0.705132 0.271858 
vt 0.703038 0.332532 
vt 0.703038 0.344508 
vt 0.705132 0.343417 
vt 0.703038 0.360227 
vt 0.705132 0.358089 
vt 0.703038 0.372751 
vt 0.705132 0.369848 
vt 0.703038 0.380816 
vt 0.705132 0.377375 
vt 0.703038 0.383562 
vt 0.705132 0.379813 
vt 0.637707 0.302194 
vt 0.637707 0.332531 
vt 0.635583 0.302195 
vt 0.635583 0.271858 
vt 0.637707 0.271858 
vt 0.635583 0.332532 
vt 0.637707 0.344508 
vt 0.635583 0.34325 
vt 0.637665 0.359928 
vt 0.635542 0.357675 
vt 0.637633 0.372447 
vt 0.635509 0.369342 
vt 0.637615 0.380513 
vt 0.635491 0.37688 
vt 0.637632 0.383259 
vt 0.635506 0.379436 
vt 0.496291 0.377389 
vt 0.498381 0.383725 
vt 0.496291 0.379984 
vt 0.498381 0.381032 
vt 0.496291 0.369861 
vt 0.498381 0.372956 
vt 0.496291 0.358158 
vt 0.498381 0.36041 
vt 0.496291 0.343704 
vt 0.498381 0.344976 
vt 0.496291 0.332532 
vt 0.498381 0.332532 
vt 0.496291 0.302195 
vt 0.498381 0.302195 
vt 0.496291 0.271858 
vt 0.498381 0.271858 
vt 0.565767 0.37035 
vt 0.563428 0.3815 
vt 0.563428 0.373424 
vt 0.565777 0.377894 
vt 0.563428 0.384327 
vt 0.565791 0.380488 
vt 0.565741 0.358643 
vt 0.563428 0.360872 
vt 0.565698 0.344046 
vt 0.563428 0.345138 
vt 0.563428 0.332532 
vt 0.565678 0.332532 
vt 0.563428 0.302195 
vt 0.56569 0.302195 
vt 0.563428 0.271858 
vt 0.565701 0.271858 
vt 0.637707 0.355498 
vt 0.670373 0.35526 
vt 0.670373 0.338778 
vt 0.703038 0.355022 
vt 0.637707 0.338778 
vt 0.703038 0.338778 
vt 0.670373 0.319725 
vt 0.637707 0.319725 
vt 0.703038 0.319725 
vt 0.670373 0.303199 
vt 0.637707 0.303199 
vt 0.703038 0.303199 
vt 0.670373 0.292615 
vt 0.637707 0.292615 
vt 0.703038 0.292615 
vt 0.670373 0.271858 
vt 0.637707 0.271858 
vt 0.703038 0.271858 
vt 0.530905 0.282763 
vt 0.563428 0.276273 
vt 0.530905 0.276255 
vt 0.530905 0.271858 
vt 0.563428 0.271858 
vt 0.498381 0.276238 
vt 0.498381 0.271858 
vt 0.563428 0.282764 
vt 0.498381 0.282763 
vt 0.530905 0.287009 
vt 0.563428 0.287009 
vt 0.498381 0.287009 
vt 0.530905 0.290483 
vt 0.563428 0.290483 
vt 0.498381 0.290483 
vt 0.563428 0.293941 
vt 0.498381 0.294088 
vt 0.530905 0.294014 
vt 0.600703 0.294014 
vt 0.600703 0.294014 
vt 0.600703 0.271858 
vt 0.46074 0.271858 
vt 0.428404 0.271858 
vt 0.431997 0.290312 
vt 0.435134 0.293837 
vt 0.450574 0.294014 
vt 0.46074 0.294014 
vt 0.46074 0.294014 
vt 0.471459 0.294014 
vt 0.480559 0.294014 
vt 0.487948 0.293695 
vt 0.493245 0.282541 
vt 0.494305 0.271858 
vt 0.568778 0.282677 
vt 0.600703 0.271858 
vt 0.567926 0.271858 
vt 0.573871 0.292244 
vt 0.581146 0.294014 
vt 0.590107 0.294014 
vt 0.600703 0.294014 
vt 0.600703 0.294014 
vt 0.620106 0.294014 
vt 0.626871 0.292363 
vt 0.630073 0.289335 
vt 0.63347 0.271858 
vt 0.567926 0.332519 
vt 0.567926 0.302189 
vt 0.600672 0.332532 
vt 0.569569 0.344287 
vt 0.573491 0.359005 
vt 0.580786 0.370736 
vt 0.590011 0.378282 
vt 0.600672 0.380837 
vt 0.610895 0.378231 
vt 0.620114 0.370647 
vt 0.627439 0.359026 
vt 0.632143 0.344294 
vt 0.63347 0.332532 
vt 0.600688 0.302195 
vt 0.567926 0.271858 
vt 0.63347 0.302195 
vt 0.600703 0.271858 
vt 0.63347 0.271858 
vt 0.494305 0.302191 
vt 0.494305 0.332525 
vt 0.460742 0.302178 
vt 0.494305 0.271858 
vt 0.46074 0.271858 
vt 0.428404 0.271858 
vt 0.428404 0.302195 
vt 0.460743 0.332499 
vt 0.492389 0.344507 
vt 0.428404 0.332532 
vt 0.487711 0.35904 
vt 0.42955 0.344514 
vt 0.480458 0.37079 
vt 0.43421 0.359059 
vt 0.471313 0.378318 
vt 0.441471 0.370761 
vt 0.460745 0.380868 
vt 0.450611 0.378281 
vt 0.670373 0.302195 
vt 0.670373 0.332531 
vt 0.637707 0.302194 
vt 0.637707 0.271858 
vt 0.670373 0.271858 
vt 0.637707 0.332531 
vt 0.703038 0.302195 
vt 0.703038 0.271858 
vt 0.703038 0.332532 
vt 0.670373 0.344508 
vt 0.637707 0.344508 
vt 0.703038 0.344508 
vt 0.670352 0.360078 
vt 0.637665 0.359928 
vt 0.703038 0.360227 
vt 0.670336 0.372599 
vt 0.637633 0.372447 
vt 0.703038 0.372751 
vt 0.670327 0.380664 
vt 0.637615 0.380513 
vt 0.703038 0.380816 
vt 0.670335 0.383411 
vt 0.637632 0.383259 
vt 0.703038 0.383562 
vt 0.530905 0.37319 
vt 0.563428 0.373424 
vt 0.563428 0.3815 
vt 0.530905 0.384026 
vt 0.563428 0.384327 
vt 0.530905 0.381266 
vt 0.498381 0.381032 
vt 0.498381 0.383725 
vt 0.498381 0.372956 
vt 0.530905 0.360641 
vt 0.563428 0.360872 
vt 0.498381 0.36041 
vt 0.530905 0.345057 
vt 0.563428 0.345138 
vt 0.498381 0.344976 
vt 0.530905 0.332532 
vt 0.498381 0.332532 
vt 0.563428 0.332532 
vt 0.498381 0.302195 
vt 0.530905 0.302195 
vt 0.563428 0.302195 
vt 0.530905 0.271858 
vt 0.498381 0.271858 
vt 0.563428 0.271858 

usemtl Player1Mtl

f 2964/2964/2964 2965/2965/2965 2966/2966/2966 
f 2966/2966/2966 2967/2967/2967 2964/2964/2964 
f 2965/2965/2965 2968/2968/2968 2966/2966/2966 
f 2968/2968/2968 2965/2965/2965 2969/2969/2969 
f 2969/2969/2969 2970/2970/2970 2968/2968/2968 
f 2970/2970/2970 2969/2969/2969 2971/2971/2971 
f 2971/2971/2971 2972/2972/2972 2970/2970/2970 
f 2972/2972/2972 2971/2971/2971 2973/2973/2973 
f 2973/2973/2973 2974/2974/2974 2972/2972/2972 
f 2974/2974/2974 2973/2973/2973 2975/2975/2975 
f 2976/2976/2976 2977/2977/2977 2978/2978/2978 
f 2977/2977/2977 2979/2979/2979 2978/2978/2978 
f 2980/2980/2980 2976/2976/2976 2978/2978/2978 
f 2976/2976/2976 2980/2980/2980 2981/2981/2981 
f 2982/2982/2982 2981/2981/2981 2980/2980/2980 
f 2981/2981/2981 2982/2982/2982 2983/2983/2983 
f 2984/2984/2984 2983/2983/2983 2982/2982/2982 
f 2983/2983/2983 2984/2984/2984 2985/2985/2985 
f 2986/2986/2986 2985/2985/2985 2984/2984/2984 
f 2985/2985/2985 2986/2986/2986 2987/2987/2987 
f 2988/2988/2988 2989/2989/2989 2990/2990/2990 
f 2989/2989/2989 2988/2988/2988 2991/2991/2991 
f 2992/2992/2992 2988/2988/2988 2990/2990/2990 
f 2990/2990/2990 2993/2993/2993 2992/2992/2992 
f 2993/2993/2993 2994/2994/2994 2992/2992/2992 
f 2993/2993/2993 2995/2995/2995 2994/2994/2994 
f 2995/2995/2995 2996/2996/2996 2994/2994/2994 
f 2996/2996/2996 2995/2995/2995 2997/2997/2997 
f 2997/2997/2997 2998/2998/2998 2996/2996/2996 
f 2998/2998/2998 2997/2997/2997 2999/2999/2999 
f 3000/3000/3000 3001/3001/3001 3002/3002/3002 
f 3001/3001/3001 3000/3000/3000 3003/3003/3003 
f 3004/3004/3004 3002/3002/3002 3001/3001/3001 
f 3005/3005/3005 3002/3002/3002 3004/3004/3004 
f 3004/3004/3004 3006/3006/3006 3005/3005/3005 
f 3007/3007/3007 3005/3005/3005 3006/3006/3006 
f 3006/3006/3006 3008/3008/3008 3007/3007/3007 
f 3007/3007/3007 3008/3008/3008 3009/3009/3009 
f 3008/3008/3008 3010/3010/3010 3009/3009/3009 
f 3009/3009/3009 3010/3010/3010 3011/3011/3011 
f 3012/3012/3012 3013/3013/3013 3014/3014/3014 
f 3014/3014/3014 3013/3013/3013 3015/3015/3015 
f 3013/3013/3013 3016/3016/3016 3015/3015/3015 
f 3017/3017/3017 3015/3015/3015 3016/3016/3016 
f 3016/3016/3016 3018/3018/3018 3017/3017/3017 
f 3019/3019/3019 3017/3017/3017 3018/3018/3018 
f 3018/3018/3018 3020/3020/3020 3019/3019/3019 
f 3021/3021/3021 3019/3019/3019 3020/3020/3020 
f 3021/3021/3021 3020/3020/3020 3022/3022/3022 
f 3023/3023/3023 3021/3021/3021 3022/3022/3022 
f 3024/3024/3024 3025/3025/3025 3026/3026/3026 
f 3026/3026/3026 3027/3027/3027 3024/3024/3024 
f 3028/3028/3028 3024/3024/3024 3027/3027/3027 
f 3027/3027/3027 3029/3029/3029 3028/3028/3028 
f 3029/3029/3029 3030/3030/3030 3028/3028/3028 
f 3029/3029/3029 3031/3031/3031 3030/3030/3030 
f 3031/3031/3031 3032/3032/3032 3030/3030/3030 
f 3031/3031/3031 3033/3033/3033 3032/3032/3032 
f 3034/3034/3034 3032/3032/3032 3033/3033/3033 
f 3033/3033/3033 3035/3035/3035 3034/3034/3034 
f 3036/3036/3036 3037/3037/3037 3038/3038/3038 
f 3037/3037/3037 3036/3036/3036 3039/3039/3039 
f 3040/3040/3040 3038/3038/3038 3037/3037/3037 
f 3038/3038/3038 3040/3040/3040 3041/3041/3041 
f 3042/3042/3042 3041/3041/3041 3040/3040/3040 
f 3041/3041/3041 3042/3042/3042 3043/3043/3043 
f 3044/3044/3044 3043/3043/3043 3042/3042/3042 
f 3043/3043/3043 3044/3044/3044 3045/3045/3045 
f 3046/3046/3046 3045/3045/3045 3044/3044/3044 
f 3045/3045/3045 3046/3046/3046 3047/3047/3047 
f 3048/3048/3048 3049/3049/3049 3050/3050/3050 
f 3049/3049/3049 3048/3048/3048 3051/3051/3051 
f 3051/3051/3051 3052/3052/3052 3049/3049/3049 
f 3052/3052/3052 3051/3051/3051 3053/3053/3053 
f 3053/3053/3053 3054/3054/3054 3052/3052/3052 
f 3054/3054/3054 3053/3053/3053 3055/3055/3055 
f 3055/3055/3055 3056/3056/3056 3054/3054/3054 
f 3056/3056/3056 3055/3055/3055 3057/3057/3057 
f 3057/3057/3057 3058/3058/3058 3056/3056/3056 
f 3058/3058/3058 3057/3057/3057 3059/3059/3059 
f 3060/3060/3060 3061/3061/3061 3062/3062/3062 
f 3063/3063/3063 3060/3060/3060 3062/3062/3062 
f 3064/3064/3064 3060/3060/3060 3063/3063/3063 
f 3061/3061/3061 3060/3060/3060 3065/3065/3065 
f 3065/3065/3065 3066/3066/3066 3061/3061/3061 
f 3061/3061/3061 3066/3066/3066 3067/3067/3067 
f 3066/3066/3066 3068/3068/3068 3067/3067/3067 
f 3068/3068/3068 3066/3066/3066 3069/3069/3069 
f 3069/3069/3069 3070/3070/3070 3068/3068/3068 
f 3070/3070/3070 3069/3069/3069 3071/3071/3071 
f 3072/3072/3072 3070/3070/3070 3071/3071/3071 
f 3071/3071/3071 3073/3073/3073 3072/3072/3072 
f 3074/3074/3074 3072/3072/3072 3073/3073/3073 
f 3073/3073/3073 3075/3075/3075 3074/3074/3074 
f 3076/3076/3076 3077/3077/3077 3078/3078/3078 
f 3079/3079/3079 3076/3076/3076 3078/3078/3078 
f 3080/3080/3080 3076/3076/3076 3079/3079/3079 
f 3077/3077/3077 3076/3076/3076 3081/3081/3081 
f 3081/3081/3081 3082/3082/3082 3077/3077/3077 
f 3082/3082/3082 3081/3081/3081 3083/3083/3083 
f 3083/3083/3083 3084/3084/3084 3082/3082/3082 
f 3082/3082/3082 3084/3084/3084 3085/3085/3085 
f 3084/3084/3084 3086/3086/3086 3085/3085/3085 
f 3085/3085/3085 3086/3086/3086 3087/3087/3087 
f 3088/3088/3088 3087/3087/3087 3086/3086/3086 
f 3089/3089/3089 3087/3087/3087 3088/3088/3088 
f 3090/3090/3090 3089/3089/3089 3088/3088/3088 
f 3091/3091/3091 3089/3089/3089 3090/3090/3090 
f 3092/3092/3092 3093/3093/3093 3094/3094/3094 
f 3094/3094/3094 3095/3095/3095 3092/3092/3092 
f 3093/3093/3093 3096/3096/3096 3094/3094/3094 
f 3096/3096/3096 3093/3093/3093 3097/3097/3097 
f 3097/3097/3097 3098/3098/3098 3096/3096/3096 
f 3098/3098/3098 3097/3097/3097 3099/3099/3099 
f 3099/3099/3099 3100/3100/3100 3098/3098/3098 
f 3100/3100/3100 3099/3099/3099 3101/3101/3101 
f 3101/3101/3101 3102/3102/3102 3100/3100/3100 
f 3102/3102/3102 3101/3101/3101 3103/3103/3103 
f 3103/3103/3103 3104/3104/3104 3102/3102/3102 
f 3102/3102/3102 3104/3104/3104 3105/3105/3105 
f 3104/3104/3104 3106/3106/3106 3105/3105/3105 
f 3106/3106/3106 3104/3104/3104 3107/3107/3107 
f 3108/3108/3108 3109/3109/3109 3110/3110/3110 
f 3110/3110/3110 3109/3109/3109 3111/3111/3111 
f 3112/3112/3112 3108/3108/3108 3110/3110/3110 
f 3108/3108/3108 3112/3112/3112 3113/3113/3113 
f 3114/3114/3114 3113/3113/3113 3112/3112/3112 
f 3113/3113/3113 3114/3114/3114 3115/3115/3115 
f 3116/3116/3116 3115/3115/3115 3114/3114/3114 
f 3115/3115/3115 3116/3116/3116 3117/3117/3117 
f 3118/3118/3118 3117/3117/3117 3116/3116/3116 
f 3117/3117/3117 3118/3118/3118 3119/3119/3119 
f 3118/3118/3118 3120/3120/3120 3119/3119/3119 
f 3119/3119/3119 3120/3120/3120 3121/3121/3121 
f 3120/3120/3120 3122/3122/3122 3121/3121/3121 
f 3122/3122/3122 3120/3120/3120 3123/3123/3123 
f 3124/3124/3124 3125/3125/3125 3126/3126/3126 
f 3127/3127/3127 3124/3124/3124 3126/3126/3126 
f 3128/3128/3128 3124/3124/3124 3127/3127/3127 
f 3126/3126/3126 3125/3125/3125 3129/3129/3129 
f 3125/3125/3125 3130/3130/3130 3129/3129/3129 
f 3130/3130/3130 3125/3125/3125 3131/3131/3131 
f 3131/3131/3131 3132/3132/3132 3130/3130/3130 
f 3132/3132/3132 3131/3131/3131 3133/3133/3133 
f 3133/3133/3133 3134/3134/3134 3132/3132/3132 
f 3134/3134/3134 3133/3133/3133 3135/3135/3135 
f 3135/3135/3135 3136/3136/3136 3134/3134/3134 
f 3136/3136/3136 3135/3135/3135 3137/3137/3137 
f 3137/3137/3137 3138/3138/3138 3136/3136/3136 
f 3138/3138/3138 3137/3137/3137 3139/3139/3139 
f 3140/3140/3140 3141/3141/3141 3142/3142/3142 
f 3143/3143/3143 3140/3140/3140 3142/3142/3142 
f 3144/3144/3144 3140/3140/3140 3143/3143/3143 
f 3142/3142/3142 3141/3141/3141 3145/3145/3145 
f 3141/3141/3141 3146/3146/3146 3145/3145/3145 
f 3145/3145/3145 3146/3146/3146 3147/3147/3147 
f 3148/3148/3148 3147/3147/3147 3146/3146/3146 
f 3147/3147/3147 3148/3148/3148 3149/3149/3149 
f 3150/3150/3150 3149/3149/3149 3148/3148/3148 
f 3149/3149/3149 3150/3150/3150 3151/3151/3151 
f 3152/3152/3152 3151/3151/3151 3150/3150/3150 
f 3151/3151/3151 3152/3152/3152 3153/3153/3153 
f 3154/3154/3154 3153/3153/3153 3152/3152/3152 
f 3153/3153/3153 3154/3154/3154 3155/3155/3155 
f 3156/3156/3156 3157/3157/3157 3158/3158/3158 
f 3157/3157/3157 3156/3156/3156 3159/3159/3159 
f 3160/3160/3160 3159/3159/3159 3156/3156/3156 
f 3161/3161/3161 3159/3159/3159 3160/3160/3160 
f 3162/3162/3162 3161/3161/3161 3160/3160/3160 
f 3161/3161/3161 3162/3162/3162 3163/3163/3163 
f 3162/3162/3162 3164/3164/3164 3163/3163/3163 
f 3163/3163/3163 3164/3164/3164 3165/3165/3165 
f 3164/3164/3164 3166/3166/3166 3165/3165/3165 
f 3167/3167/3167 3165/3165/3165 3166/3166/3166 
f 3166/3166/3166 3168/3168/3168 3167/3167/3167 
f 3167/3167/3167 3168/3168/3168 3169/3169/3169 
f 3168/3168/3168 3170/3170/3170 3169/3169/3169 
f 3169/3169/3169 3170/3170/3170 3171/3171/3171 
f 3172/3172/3172 3173/3173/3173 3174/3174/3174 
f 3173/3173/3173 3172/3172/3172 3175/3175/3175 
f 3175/3175/3175 3176/3176/3176 3173/3173/3173 
f 3176/3176/3176 3175/3175/3175 3177/3177/3177 
f 3178/3178/3178 3172/3172/3172 3174/3174/3174 
f 3174/3174/3174 3179/3179/3179 3178/3178/3178 
f 3180/3180/3180 3178/3178/3178 3179/3179/3179 
f 3179/3179/3179 3181/3181/3181 3180/3180/3180 
f 3182/3182/3182 3180/3180/3180 3181/3181/3181 
f 3180/3180/3180 3182/3182/3182 3183/3183/3183 
f 3182/3182/3182 3184/3184/3184 3183/3183/3183 
f 3183/3183/3183 3184/3184/3184 3185/3185/3185 
f 3184/3184/3184 3186/3186/3186 3185/3185/3185 
f 3185/3185/3185 3186/3186/3186 3187/3187/3187 
f 3188/3188/3188 3189/3189/3189 3190/3190/3190 
f 3191/3191/3191 3190/3190/3190 3189/3189/3189 
f 3188/3188/3188 3190/3190/3190 3192/3192/3192 
f 3190/3190/3190 3191/3191/3191 3193/3193/3193 
f 3192/3192/3192 3190/3190/3190 3194/3194/3194 
f 3193/3193/3193 3194/3194/3194 3190/3190/3190 
f 3192/3192/3192 3194/3194/3194 3195/3195/3195 
f 3194/3194/3194 3193/3193/3193 3196/3196/3196 
f 3195/3195/3195 3194/3194/3194 3197/3197/3197 
f 3196/3196/3196 3197/3197/3197 3194/3194/3194 
f 3195/3195/3195 3197/3197/3197 3198/3198/3198 
f 3197/3197/3197 3196/3196/3196 3199/3199/3199 
f 3198/3198/3198 3197/3197/3197 3200/3200/3200 
f 3199/3199/3199 3200/3200/3200 3197/3197/3197 
f 3198/3198/3198 3200/3200/3200 3201/3201/3201 
f 3200/3200/3200 3199/3199/3199 3202/3202/3202 
f 3201/3201/3201 3200/3200/3200 3203/3203/3203 
f 3202/3202/3202 3203/3203/3203 3200/3200/3200 
f 3201/3201/3201 3203/3203/3203 3204/3204/3204 
f 3203/3203/3203 3202/3202/3202 3205/3205/3205 
f 3206/3206/3206 3207/3207/3207 3208/3208/3208 
f 3208/3208/3208 3207/3207/3207 3209/3209/3209 
f 3210/3210/3210 3209/3209/3209 3207/3207/3207 
f 3209/3209/3209 3211/3211/3211 3208/3208/3208 
f 3209/3209/3209 3212/3212/3212 3211/3211/3211 
f 3211/3211/3211 3206/3206/3206 3208/3208/3208 
f 3207/3207/3207 3206/3206/3206 3213/3213/3213 
f 3206/3206/3206 3211/3211/3211 3214/3214/3214 
f 3213/3213/3213 3206/3206/3206 3215/3215/3215 
f 3214/3214/3214 3215/3215/3215 3206/3206/3206 
f 3213/3213/3213 3215/3215/3215 3216/3216/3216 
f 3215/3215/3215 3214/3214/3214 3217/3217/3217 
f 3218/3218/3218 3216/3216/3216 3215/3215/3215 
f 3217/3217/3217 3218/3218/3218 3215/3215/3215 
f 3216/3216/3216 3218/3218/3218 3219/3219/3219 
f 3218/3218/3218 3217/3217/3217 3220/3220/3220 
f 3218/3218/3218 3221/3221/3221 3219/3219/3219 
f 3222/3222/3222 3218/3218/3218 3220/3220/3220 
f 3221/3221/3221 3218/3218/3218 3223/3223/3223 
f 3218/3218/3218 3222/3222/3222 3223/3223/3223 
f 3224/3224/3224 3225/3225/3225 3226/3226/3226 
f 3227/3227/3227 3228/3228/3228 3229/3229/3229 
f 3227/3227/3227 3229/3229/3229 3230/3230/3230 
f 3227/3227/3227 3230/3230/3230 3231/3231/3231 
f 3232/3232/3232 3227/3227/3227 3231/3231/3231 
f 3233/3233/3233 3227/3227/3227 3232/3232/3232 
f 3234/3234/3234 3227/3227/3227 3233/3233/3233 
f 3235/3235/3235 3227/3227/3227 3234/3234/3234 
f 3236/3236/3236 3227/3227/3227 3235/3235/3235 
f 3227/3227/3227 3236/3236/3236 3237/3237/3237 
f 3238/3238/3238 3227/3227/3227 3237/3237/3237 
f 3239/3239/3239 3240/3240/3240 3241/3241/3241 
f 3242/3242/3242 3240/3240/3240 3239/3239/3239 
f 3240/3240/3240 3242/3242/3242 3243/3243/3243 
f 3240/3240/3240 3243/3243/3243 3244/3244/3244 
f 3240/3240/3240 3244/3244/3244 3245/3245/3245 
f 3240/3240/3240 3246/3246/3246 3247/3247/3247 
f 3248/3248/3248 3240/3240/3240 3247/3247/3247 
f 3249/3249/3249 3240/3240/3240 3248/3248/3248 
f 3250/3250/3250 3240/3240/3240 3249/3249/3249 
f 3251/3251/3251 3252/3252/3252 3253/3253/3253 
f 3251/3251/3251 3253/3253/3253 3254/3254/3254 
f 3253/3253/3253 3255/3255/3255 3254/3254/3254 
f 3255/3255/3255 3253/3253/3253 3256/3256/3256 
f 3256/3256/3256 3253/3253/3253 3257/3257/3257 
f 3253/3253/3253 3258/3258/3258 3257/3257/3257 
f 3253/3253/3253 3259/3259/3259 3258/3258/3258 
f 3253/3253/3253 3260/3260/3260 3259/3259/3259 
f 3253/3253/3253 3261/3261/3261 3260/3260/3260 
f 3261/3261/3261 3253/3253/3253 3262/3262/3262 
f 3262/3262/3262 3253/3253/3253 3263/3263/3263 
f 3264/3264/3264 3263/3263/3263 3253/3253/3253 
f 3252/3252/3252 3264/3264/3264 3253/3253/3253 
f 3252/3252/3252 3265/3265/3265 3264/3264/3264 
f 3263/3263/3263 3264/3264/3264 3266/3266/3266 
f 3265/3265/3265 3267/3267/3267 3264/3264/3264 
f 3267/3267/3267 3266/3266/3266 3264/3264/3264 
f 3266/3266/3266 3267/3267/3267 3268/3268/3268 
f 3269/3269/3269 3270/3270/3270 3271/3271/3271 
f 3272/3272/3272 3269/3269/3269 3273/3273/3273 
f 3269/3269/3269 3271/3271/3271 3273/3273/3273 
f 3273/3273/3273 3271/3271/3271 3274/3274/3274 
f 3271/3271/3271 3275/3275/3275 3274/3274/3274 
f 3270/3270/3270 3276/3276/3276 3271/3271/3271 
f 3271/3271/3271 3276/3276/3276 3275/3275/3275 
f 3277/3277/3277 3276/3276/3276 3270/3270/3270 
f 3276/3276/3276 3278/3278/3278 3275/3275/3275 
f 3279/3279/3279 3276/3276/3276 3277/3277/3277 
f 3276/3276/3276 3280/3280/3280 3278/3278/3278 
f 3276/3276/3276 3279/3279/3279 3281/3281/3281 
f 3280/3280/3280 3276/3276/3276 3282/3282/3282 
f 3276/3276/3276 3281/3281/3281 3283/3283/3283 
f 3282/3282/3282 3276/3276/3276 3284/3284/3284 
f 3276/3276/3276 3283/3283/3283 3285/3285/3285 
f 3284/3284/3284 3276/3276/3276 3286/3286/3286 
f 3276/3276/3276 3285/3285/3285 3286/3286/3286 
f 3287/3287/3287 3288/3288/3288 3289/3289/3289 
f 3290/3290/3290 3287/3287/3287 3289/3289/3289 
f 3291/3291/3291 3287/3287/3287 3290/3290/3290 
f 3289/3289/3289 3288/3288/3288 3292/3292/3292 
f 3291/3291/3291 3293/3293/3293 3287/3287/3287 
f 3293/3293/3293 3288/3288/3288 3287/3287/3287 
f 3291/3291/3291 3294/3294/3294 3293/3293/3293 
f 3288/3288/3288 3293/3293/3293 3295/3295/3295 
f 3292/3292/3292 3288/3288/3288 3296/3296/3296 
f 3295/3295/3295 3296/3296/3296 3288/3288/3288 
f 3292/3292/3292 3296/3296/3296 3297/3297/3297 
f 3296/3296/3296 3295/3295/3295 3298/3298/3298 
f 3299/3299/3299 3297/3297/3297 3296/3296/3296 
f 3298/3298/3298 3299/3299/3299 3296/3296/3296 
f 3297/3297/3297 3299/3299/3299 3300/3300/3300 
f 3299/3299/3299 3298/3298/3298 3301/3301/3301 
f 3302/3302/3302 3300/3300/3300 3299/3299/3299 
f 3299/3299/3299 3301/3301/3301 3302/3302/3302 
f 3302/3302/3302 3303/3303/3303 3300/3300/3300 
f 3304/3304/3304 3302/3302/3302 3301/3301/3301 
f 3305/3305/3305 3303/3303/3303 3302/3302/3302 
f 3302/3302/3302 3304/3304/3304 3305/3305/3305 
f 3305/3305/3305 3306/3306/3306 3303/3303/3303 
f 3307/3307/3307 3305/3305/3305 3304/3304/3304 
f 3308/3308/3308 3306/3306/3306 3305/3305/3305 
f 3305/3305/3305 3307/3307/3307 3308/3308/3308 
f 3308/3308/3308 3309/3309/3309 3306/3306/3306 
f 3310/3310/3310 3308/3308/3308 3307/3307/3307 
f 3311/3311/3311 3312/3312/3312 3313/3313/3313 
f 3314/3314/3314 3313/3313/3313 3315/3315/3315 
f 3313/3313/3313 3314/3314/3314 3316/3316/3316 
f 3311/3311/3311 3313/3313/3313 3316/3316/3316 
f 3317/3317/3317 3316/3316/3316 3314/3314/3314 
f 3316/3316/3316 3317/3317/3317 3311/3311/3311 
f 3317/3317/3317 3314/3314/3314 3318/3318/3318 
f 3319/3319/3319 3311/3311/3311 3317/3317/3317 
f 3320/3320/3320 3312/3312/3312 3311/3311/3311 
f 3311/3311/3311 3319/3319/3319 3320/3320/3320 
f 3320/3320/3320 3321/3321/3321 3312/3312/3312 
f 3322/3322/3322 3320/3320/3320 3319/3319/3319 
f 3323/3323/3323 3321/3321/3321 3320/3320/3320 
f 3322/3322/3322 3323/3323/3323 3320/3320/3320 
f 3321/3321/3321 3323/3323/3323 3324/3324/3324 
f 3323/3323/3323 3322/3322/3322 3325/3325/3325 
f 3324/3324/3324 3323/3323/3323 3326/3326/3326 
f 3325/3325/3325 3326/3326/3326 3323/3323/3323 
f 3326/3326/3326 3325/3325/3325 3327/3327/3327 
f 3324/3324/3324 3326/3326/3326 3328/3328/3328 
f 3326/3326/3326 3327/3327/3327 3329/3329/3329 
f 3326/3326/3326 3330/3330/3330 3328/3328/3328 
f 3326/3326/3326 3329/3329/3329 3330/3330/3330 
f 3328/3328/3328 3330/3330/3330 3331/3331/3331 
f 3329/3329/3329 3332/3332/3332 3330/3330/3330 
f 3330/3330/3330 3332/3332/3332 3331/3331/3331 
f 3332/3332/3332 3329/3329/3329 3333/3333/3333 
f 3331/3331/3331 3332/3332/3332 3334/3334/3334 

g Player6

v 0.974446 103.925 -0.226504 
v 1.04861 103.86 0.122059 
v 1.03208 103.854 -0.23679 
v 0.962498 103.921 -0.485872 
v 1.01969 103.85 -0.505926 
v 0.990377 103.931 0.11932 
v 1.00232 103.935 0.378688 
v 1.06101 103.865 0.391195 
v 0.997784 102.392 -0.210474 
v 1.01431 102.398 0.148374 
v 0.936934 102.326 -0.197724 
v 0.924986 102.322 -0.457092 
v 0.985386 102.387 -0.479611 
v 0.952865 102.332 0.1481 
v 0.964813 102.336 0.407468 
v 1.02671 102.403 0.417511 
v -0.965248 103.903 -0.1456 
v -0.948718 103.909 0.213248 
v -0.8997 103.971 -0.140939 
v -0.911648 103.966 -0.400307 
v -0.977647 103.898 -0.414737 
v -0.883769 103.977 0.204886 
v -0.871821 103.981 0.464254 
v -0.936319 103.913 0.482385 
v -0.93884 102.451 0.533571 
v -0.970619 102.451 0.5087 
v -0.909284 102.382 0.493031 
v -0.871821 103.981 0.464254 
v -0.936319 103.913 0.482385 
v -0.90456 103.913 0.507257 
v -0.872816 103.913 0.532032 
v -0.871821 103.981 0.464254 
v -0.90456 103.913 0.507257 
v 0.964813 102.336 0.407468 
v 1.02671 102.403 0.417511 
v 0.997347 102.404 0.445125 
v 0.96798 102.405 0.472739 
v 1.00232 103.935 0.378688 
v 1.03165 103.866 0.41881 
v 1.06101 103.865 0.391195 
v 1.00228 103.867 0.446424 
v -0.909284 102.382 0.493031 
v -0.907056 102.45 0.558345 
v -0.93884 102.451 0.533571 
v -0.937163 102.371 -0.112161 
v -0.983018 102.446 0.239564 
v -0.999548 102.44 -0.119285 
v -0.949111 102.367 -0.371529 
v -1.01195 102.436 -0.388421 
v -0.921232 102.377 0.233663 
v -0.909284 102.382 0.493031 
v -0.970619 102.451 0.5087 
v 0.962498 103.921 -0.485872 
v 0.987978 103.85 -0.52915 
v 0.956269 103.85 -0.552374 
v 0.921969 102.388 -0.526059 
v 0.953678 102.388 -0.502835 
v 0.924986 102.322 -0.457092 
v -0.977647 103.898 -0.414737 
v -0.911648 103.966 -0.400307 
v -0.948237 103.897 -0.440751 
v -0.918827 103.896 -0.466766 
v -0.982512 102.435 -0.414437 
v -0.949111 102.367 -0.371529 
v -1.01195 102.436 -0.388421 
v -0.953077 102.434 -0.440453 
v 0.962498 103.921 -0.485872 
v 1.01969 103.85 -0.505926 
v 0.987978 103.85 -0.52915 
v 0.924986 102.322 -0.457092 
v 0.953678 102.388 -0.502835 
v 0.985386 102.387 -0.479611 
v -0.982398 103.172 -0.132443 
v -0.957293 103.543 0.219827 
v -0.973823 103.537 -0.139021 
v -0.994797 103.167 -0.401579 
v -0.986222 103.533 -0.408158 
v -0.977647 103.898 -0.414737 
v -0.965248 103.903 -0.1456 
v -0.948718 103.909 0.213248 
v -0.944894 103.548 0.488964 
v -0.936319 103.913 0.482385 
v -0.965868 103.178 0.226406 
v -0.953469 103.182 0.495542 
v -0.990973 102.806 -0.125864 
v -1.00337 102.801 -0.395 
v -0.974443 102.812 0.232985 
v -0.962044 102.817 0.502121 
v -0.970619 102.451 0.5087 
v -0.983018 102.446 0.239564 
v -0.999548 102.44 -0.119285 
v -1.01195 102.436 -0.388421 
v 1.02351 103.489 -0.230211 
v 1.03146 103.129 0.135217 
v 1.01493 103.123 -0.223632 
v 1.01111 103.484 -0.499347 
v 1.00254 103.119 -0.492768 
v 1.03208 103.854 -0.23679 
v 1.01969 103.85 -0.505926 
v 1.04861 103.86 0.122059 
v 1.00636 102.757 -0.217053 
v 0.993961 102.753 -0.48619 
v 0.985386 102.387 -0.479611 
v 0.997784 102.392 -0.210474 
v 1.04004 103.495 0.128638 
v 1.06101 103.865 0.391195 
v 1.05244 103.499 0.397774 
v 1.04386 103.134 0.404353 
v 1.02289 102.764 0.141795 
v 1.01431 102.398 0.148374 
v 1.03529 102.768 0.410932 
v 1.02671 102.403 0.417511 
v -0.9217 103.182 0.520414 
v -0.91313 103.547 0.513836 
v -0.953469 103.182 0.495542 
v -0.944894 103.548 0.488964 
v -0.90456 103.913 0.507257 
v -0.936319 103.913 0.482385 
v -0.962044 102.817 0.502121 
v -0.93027 102.816 0.526993 
v -0.970619 102.451 0.5087 
v -0.93884 102.451 0.533571 
v 1.05244 103.499 0.397774 
v 1.0145 103.135 0.431967 
v 1.04386 103.134 0.404353 
v 1.00592 102.769 0.438546 
v 1.03529 102.768 0.410932 
v 1.02671 102.403 0.417511 
v 0.997347 102.404 0.445125 
v 0.976555 102.77 0.46616 
v 0.96798 102.405 0.472739 
v 0.98513 103.136 0.459581 
v 1.02307 103.5 0.425388 
v 1.06101 103.865 0.391195 
v 0.993705 103.502 0.453003 
v 1.03165 103.866 0.41881 
v 1.00228 103.867 0.446424 
v -0.889936 103.182 0.545189 
v -0.881376 103.547 0.538611 
v -0.9217 103.182 0.520414 
v -0.91313 103.547 0.513836 
v -0.872816 103.913 0.532032 
v -0.90456 103.913 0.507257 
v -0.93027 102.816 0.526993 
v -0.898496 102.816 0.551767 
v -0.93884 102.451 0.533571 
v -0.907056 102.45 0.558345 
v -0.956805 103.531 -0.434173 
v -0.994797 103.167 -0.401579 
v -0.986222 103.533 -0.408158 
v -0.977647 103.898 -0.414737 
v -0.948237 103.897 -0.440751 
v -0.918827 103.896 -0.466766 
v -0.927389 103.53 -0.460187 
v -0.965374 103.166 -0.427594 
v -1.00337 102.801 -0.395 
v -0.935952 103.165 -0.453609 
v -0.973943 102.8 -0.421016 
v -1.01195 102.436 -0.388421 
v -0.944514 102.799 -0.447031 
v -0.982512 102.435 -0.414437 
v -0.953077 102.434 -0.440453 
v 0.970828 103.119 -0.515993 
v 0.947694 103.485 -0.545795 
v 0.979403 103.484 -0.522571 
v 0.987978 103.85 -0.52915 
v 0.956269 103.85 -0.552374 
v 0.939119 103.119 -0.539217 
v 0.962253 102.753 -0.509414 
v 0.930544 102.754 -0.532638 
v 0.953678 102.388 -0.502835 
v 0.921969 102.388 -0.526059 
v 1.01111 103.484 -0.499347 
v 1.00254 103.119 -0.492768 
v 0.979403 103.484 -0.522571 
v 0.987978 103.85 -0.52915 
v 1.01969 103.85 -0.505926 
v 0.970828 103.119 -0.515993 
v 0.993961 102.753 -0.48619 
v 0.962253 102.753 -0.509414 
v 0.985386 102.387 -0.479611 
v 0.953678 102.388 -0.502835 
v -0.0120625 102.344 -0.414311 
v -0.480587 102.356 -0.39292 
v -0.0155537 102.411 -0.483256 
v -0.484315 102.422 -0.461854 
v -0.949111 102.367 -0.371529 
v -0.953077 102.434 -0.440453 
v 0.453208 102.399 -0.504657 
v 0.456462 102.333 -0.435702 
v 0.921969 102.388 -0.526059 
v 0.924986 102.322 -0.457092 
v 0.0304623 102.428 0.515542 
v -0.44076 102.37 0.47164 
v 0.0277646 102.359 0.450249 
v -0.438297 102.439 0.536943 
v -0.909284 102.382 0.493031 
v -0.907056 102.45 0.558345 
v 0.499221 102.416 0.49414 
v 0.496289 102.348 0.428858 
v 0.96798 102.405 0.472739 
v 0.964813 102.336 0.407468 
v 0.0187213 103.873 -0.50957 
v -0.443112 103.955 -0.421698 
v 0.0254247 103.944 -0.443089 
v -0.450053 103.885 -0.488168 
v -0.911648 103.966 -0.400307 
v -0.918827 103.896 -0.466766 
v 0.487495 103.862 -0.530972 
v 0.493961 103.932 -0.464481 
v 0.956269 103.85 -0.552374 
v 0.962498 103.921 -0.485872 
v 0.0647323 103.89 0.489228 
v -0.403285 103.97 0.442862 
v -0.404042 103.901 0.51063 
v -0.871821 103.981 0.464254 
v -0.872816 103.913 0.532032 
v 0.0652519 103.958 0.421471 
v 0.533506 103.879 0.467826 
v 0.533788 103.947 0.40008 
v 1.00228 103.867 0.446424 
v 1.00232 103.935 0.378688 
v -0.431164 103.959 -0.16233 
v 0.0533037 103.954 0.162103 
v 0.0373729 103.948 -0.183721 
v -0.443112 103.955 -0.421698 
v 0.0254247 103.944 -0.443089 
v 0.493961 103.932 -0.464481 
v -0.8997 103.971 -0.140939 
v -0.911648 103.966 -0.400307 
v -0.415233 103.965 0.183494 
v -0.883769 103.977 0.204886 
v -0.871821 103.981 0.464254 
v -0.403285 103.97 0.442862 
v 0.0652519 103.958 0.421471 
v 0.52184 103.942 0.140712 
v 0.533788 103.947 0.40008 
v 0.990377 103.931 0.11932 
v 1.00232 103.935 0.378688 
v 0.505909 103.937 -0.205113 
v 0.974446 103.925 -0.226504 
v 0.962498 103.921 -0.485872 
v -0.000114363 102.349 -0.154943 
v -0.452708 102.366 0.212272 
v -0.468639 102.36 -0.133552 
v -0.949111 102.367 -0.371529 
v -0.480587 102.356 -0.39292 
v -0.937163 102.371 -0.112161 
v -0.0120625 102.344 -0.414311 
v -0.921232 102.377 0.233663 
v -0.909284 102.382 0.493031 
v -0.44076 102.37 0.47164 
v 0.0158165 102.355 0.190881 
v 0.0277646 102.359 0.450249 
v 0.496289 102.348 0.428858 
v 0.484341 102.343 0.16949 
v 0.952865 102.332 0.1481 
v 0.964813 102.336 0.407468 
v 0.46841 102.337 -0.176334 
v 0.936934 102.326 -0.197724 
v 0.456462 102.333 -0.435702 
v 0.924986 102.322 -0.457092 
v 0.0101526 103.508 -0.502991 
v -0.467184 103.153 -0.475011 
v -0.458618 103.519 -0.481589 
v -0.935952 103.165 -0.453609 
v -0.927389 103.53 -0.460187 
v -0.944514 102.799 -0.447031 
v -0.450053 103.885 -0.488168 
v -0.918827 103.896 -0.466766 
v 0.0187213 103.873 -0.50957 
v 0.487495 103.862 -0.530972 
v -0.47575 102.788 -0.468433 
v -0.953077 102.434 -0.440453 
v -0.484315 102.422 -0.461854 
v 0.00158381 103.142 -0.496413 
v -0.00698494 102.776 -0.489834 
v -0.0155537 102.411 -0.483256 
v 0.478923 103.496 -0.524393 
v 0.956269 103.85 -0.552374 
v 0.947694 103.485 -0.545795 
v 0.470352 103.131 -0.517815 
v 0.939119 103.119 -0.539217 
v 0.46178 102.765 -0.511236 
v 0.453208 102.399 -0.504657 
v 0.930544 102.754 -0.532638 
v 0.921969 102.388 -0.526059 
v -0.421169 103.17 0.523787 
v 0.0475973 103.159 0.502385 
v 0.0561648 103.524 0.495807 
v 0.533506 103.879 0.467826 
v 0.0647323 103.89 0.489228 
v 0.524935 103.513 0.474405 
v 1.00228 103.867 0.446424 
v 0.993705 103.502 0.453003 
v -0.412606 103.536 0.517209 
v -0.404042 103.901 0.51063 
v -0.881376 103.547 0.538611 
v -0.872816 103.913 0.532032 
v -0.889936 103.182 0.545189 
v -0.898496 102.816 0.551767 
v -0.429733 102.805 0.530365 
v -0.907056 102.45 0.558345 
v -0.438297 102.439 0.536943 
v 0.0390298 102.793 0.508964 
v 0.0304623 102.428 0.515542 
v 0.516364 103.147 0.480983 
v 0.98513 103.136 0.459581 
v 0.507793 102.782 0.487562 
v 0.976555 102.77 0.46616 
v 0.499221 102.416 0.49414 
v 0.96798 102.405 0.472739 

vn 0.771654 0.629921 -0.0472441 
vn 0.771654 0.629921 -0.0472441 
vn 0.771654 0.629921 -0.0472441 
vn 0.771654 0.629921 -0.0472441 
vn 0.771654 0.629921 -0.0472441 
vn 0.771654 0.629921 -0.0472441 
vn 0.771654 0.629921 -0.0472441 
vn 0.771654 0.629921 -0.0472441 
vn 0.732283 -0.677165 -0.023622 
vn 0.732283 -0.677165 -0.023622 
vn 0.732283 -0.677165 -0.023622 
vn 0.732283 -0.677165 -0.023622 
vn 0.732283 -0.677165 -0.023622 
vn 0.732283 -0.677165 -0.023622 
vn 0.732283 -0.677165 -0.023622 
vn 0.732283 -0.677165 -0.023622 
vn -0.716535 0.692913 0.023622 
vn -0.716535 0.692913 0.023622 
vn -0.716535 0.692913 0.023622 
vn -0.716535 0.692913 0.023622 
vn -0.716535 0.692913 0.023622 
vn -0.716535 0.692913 0.023622 
vn -0.716535 0.692913 0.023622 
vn -0.716535 0.692913 0.023622 
vn -0.503937 -0.590551 0.637795 
vn -0.503937 -0.590551 0.637795 
vn -0.503937 -0.590551 0.637795 
vn -0.480315 0.622047 0.622047 
vn -0.480315 0.622047 0.622047 
vn -0.480315 0.622047 0.622047 
vn -0.480315 0.622047 0.622047 
vn -0.480315 0.622047 0.622047 
vn -0.480315 0.622047 0.622047 
vn 0.535433 -0.590551 0.598425 
vn 0.535433 -0.590551 0.598425 
vn 0.535433 -0.590551 0.598425 
vn 0.535433 -0.590551 0.598425 
vn 0.574803 0.574803 0.582677 
vn 0.574803 0.574803 0.582677 
vn 0.574803 0.574803 0.582677 
vn 0.574803 0.574803 0.582677 
vn -0.503937 -0.590551 0.637795 
vn -0.503937 -0.590551 0.637795 
vn -0.503937 -0.590551 0.637795 
vn -0.740157 -0.669291 0.0472441 
vn -0.740157 -0.669291 0.0472441 
vn -0.740157 -0.669291 0.0472441 
vn -0.740157 -0.669291 0.0472441 
vn -0.740157 -0.669291 0.0472441 
vn -0.740157 -0.669291 0.0472441 
vn -0.740157 -0.669291 0.0472441 
vn -0.740157 -0.669291 0.0472441 
vn 0.488189 0.574803 -0.653543 
vn 0.488189 0.574803 -0.653543 
vn 0.488189 0.574803 -0.653543 
vn 0.456693 -0.629921 -0.629921 
vn 0.456693 -0.629921 -0.629921 
vn 0.456693 -0.629921 -0.629921 
vn -0.503937 0.622047 -0.598425 
vn -0.503937 0.622047 -0.598425 
vn -0.503937 0.622047 -0.598425 
vn -0.503937 0.622047 -0.598425 
vn -0.527559 -0.622047 -0.574803 
vn -0.527559 -0.622047 -0.574803 
vn -0.527559 -0.622047 -0.574803 
vn -0.527559 -0.622047 -0.574803 
vn 0.488189 0.574803 -0.653543 
vn 0.488189 0.574803 -0.653543 
vn 0.488189 0.574803 -0.653543 
vn 0.456693 -0.629921 -0.629921 
vn 0.456693 -0.629921 -0.629921 
vn 0.456693 -0.629921 -0.629921 
vn -1 0.023622 0.0472441 
vn -1 0.023622 0.0472441 
vn -1 0.023622 0.0472441 
vn -1 0.023622 0.0472441 
vn -1 0.023622 0.0472441 
vn -1 0.023622 0.0472441 
vn -1 0.023622 0.0472441 
vn -1 0.023622 0.0472441 
vn -1 0.023622 0.0472441 
vn -1 0.023622 0.0472441 
vn -1 0.023622 0.0472441 
vn -1 0.023622 0.0472441 
vn -1 0.023622 0.0472441 
vn -1 0.023622 0.0472441 
vn -1 0.023622 0.0472441 
vn -1 0.023622 0.0472441 
vn -1 0.023622 0.0472441 
vn -1 0.023622 0.0472441 
vn -1 0.023622 0.0472441 
vn -1 0.023622 0.0472441 
vn 1 -0.023622 -0.0472441 
vn 1 -0.023622 -0.0472441 
vn 1 -0.023622 -0.0472441 
vn 1 -0.023622 -0.0472441 
vn 1 -0.023622 -0.0472441 
vn 1 -0.023622 -0.0472441 
vn 1 -0.023622 -0.0472441 
vn 1 -0.023622 -0.0472441 
vn 1 -0.023622 -0.0472441 
vn 1 -0.023622 -0.0472441 
vn 1 -0.023622 -0.0472441 
vn 1 -0.023622 -0.0472441 
vn 1 -0.023622 -0.0472441 
vn 1 -0.023622 -0.0472441 
vn 1 -0.023622 -0.0472441 
vn 1 -0.023622 -0.0472441 
vn 1 -0.023622 -0.0472441 
vn 1 -0.023622 -0.0472441 
vn 1 -0.023622 -0.0472441 
vn 1 -0.023622 -0.0472441 
vn -0.614173 0.0314961 0.787402 
vn -0.614173 0.0314961 0.787402 
vn -0.614173 0.0314961 0.787402 
vn -0.614173 0.0314961 0.787402 
vn -0.614173 0.0314961 0.787402 
vn -0.614173 0.0314961 0.787402 
vn -0.614173 0.0314961 0.787402 
vn -0.614173 0.0314961 0.787402 
vn -0.614173 0.0314961 0.787402 
vn -0.614173 0.0314961 0.787402 
vn 0.685039 0 0.732283 
vn 0.685039 0 0.732283 
vn 0.685039 0 0.732283 
vn 0.685039 0 0.732283 
vn 0.685039 0 0.732283 
vn 0.685039 0 0.732283 
vn 0.685039 0 0.732283 
vn 0.685039 0 0.732283 
vn 0.685039 0 0.732283 
vn 0.685039 0 0.732283 
vn 0.685039 0 0.732283 
vn 0.685039 0 0.732283 
vn 0.685039 0 0.732283 
vn 0.685039 0 0.732283 
vn 0.685039 0 0.732283 
vn -0.614173 0.0314961 0.787402 
vn -0.614173 0.0314961 0.787402 
vn -0.614173 0.0314961 0.787402 
vn -0.614173 0.0314961 0.787402 
vn -0.614173 0.0314961 0.787402 
vn -0.614173 0.0314961 0.787402 
vn -0.614173 0.0314961 0.787402 
vn -0.614173 0.0314961 0.787402 
vn -0.614173 0.0314961 0.787402 
vn -0.614173 0.0314961 0.787402 
vn -0.661417 0 -0.748031 
vn -0.661417 0 -0.748031 
vn -0.661417 0 -0.748031 
vn -0.661417 0 -0.748031 
vn -0.661417 0 -0.748031 
vn -0.661417 0 -0.748031 
vn -0.661417 0 -0.748031 
vn -0.661417 0 -0.748031 
vn -0.661417 0 -0.748031 
vn -0.661417 0 -0.748031 
vn -0.661417 0 -0.748031 
vn -0.661417 0 -0.748031 
vn -0.661417 0 -0.748031 
vn -0.661417 0 -0.748031 
vn -0.661417 0 -0.748031 
vn 0.590551 -0.0314961 -0.80315 
vn 0.590551 -0.0314961 -0.80315 
vn 0.590551 -0.0314961 -0.80315 
vn 0.590551 -0.0314961 -0.80315 
vn 0.590551 -0.0314961 -0.80315 
vn 0.590551 -0.0314961 -0.80315 
vn 0.590551 -0.0314961 -0.80315 
vn 0.590551 -0.0314961 -0.80315 
vn 0.590551 -0.0314961 -0.80315 
vn 0.590551 -0.0314961 -0.80315 
vn 0.590551 -0.0314961 -0.80315 
vn 0.590551 -0.0314961 -0.80315 
vn 0.590551 -0.0314961 -0.80315 
vn 0.590551 -0.0314961 -0.80315 
vn 0.590551 -0.0314961 -0.80315 
vn 0.590551 -0.0314961 -0.80315 
vn 0.590551 -0.0314961 -0.80315 
vn 0.590551 -0.0314961 -0.80315 
vn 0.590551 -0.0314961 -0.80315 
vn 0.590551 -0.0314961 -0.80315 
vn -0.0472441 -0.716535 -0.692913 
vn -0.0472441 -0.716535 -0.692913 
vn -0.0472441 -0.716535 -0.692913 
vn -0.0472441 -0.716535 -0.692913 
vn -0.0472441 -0.716535 -0.692913 
vn -0.0472441 -0.716535 -0.692913 
vn -0.0472441 -0.716535 -0.692913 
vn -0.0472441 -0.716535 -0.692913 
vn -0.0472441 -0.716535 -0.692913 
vn -0.0472441 -0.716535 -0.692913 
vn 0.015748 -0.685039 0.724409 
vn 0.015748 -0.685039 0.724409 
vn 0.015748 -0.685039 0.724409 
vn 0.015748 -0.685039 0.724409 
vn 0.015748 -0.685039 0.724409 
vn 0.015748 -0.685039 0.724409 
vn 0.015748 -0.685039 0.724409 
vn 0.015748 -0.685039 0.724409 
vn 0.015748 -0.685039 0.724409 
vn 0.015748 -0.685039 0.724409 
vn -0.015748 0.685039 -0.724409 
vn -0.015748 0.685039 -0.724409 
vn -0.015748 0.685039 -0.724409 
vn -0.015748 0.685039 -0.724409 
vn -0.015748 0.685039 -0.724409 
vn -0.015748 0.685039 -0.724409 
vn -0.015748 0.685039 -0.724409 
vn -0.015748 0.685039 -0.724409 
vn -0.015748 0.685039 -0.724409 
vn -0.015748 0.685039 -0.724409 
vn 0.0472441 0.700787 0.708661 
vn 0.0472441 0.700787 0.708661 
vn 0.0472441 0.700787 0.708661 
vn 0.0472441 0.700787 0.708661 
vn 0.0472441 0.700787 0.708661 
vn 0.0472441 0.700787 0.708661 
vn 0.0472441 0.700787 0.708661 
vn 0.0472441 0.700787 0.708661 
vn 0.0472441 0.700787 0.708661 
vn 0.0472441 0.700787 0.708661 
vn 0.023622 1 -0.015748 
vn 0.023622 1 -0.015748 
vn 0.023622 1 -0.015748 
vn 0.023622 1 -0.015748 
vn 0.023622 1 -0.015748 
vn 0.023622 1 -0.015748 
vn 0.023622 1 -0.015748 
vn 0.023622 1 -0.015748 
vn 0.023622 1 -0.015748 
vn 0.023622 1 -0.015748 
vn 0.023622 1 -0.015748 
vn 0.023622 1 -0.015748 
vn 0.023622 1 -0.015748 
vn 0.023622 1 -0.015748 
vn 0.023622 1 -0.015748 
vn 0.023622 1 -0.015748 
vn 0.023622 1 -0.015748 
vn 0.023622 1 -0.015748 
vn 0.023622 1 -0.015748 
vn 0.023622 1 -0.015748 
vn -0.023622 -1 0.015748 
vn -0.023622 -1 0.015748 
vn -0.023622 -1 0.015748 
vn -0.023622 -1 0.015748 
vn -0.023622 -1 0.015748 
vn -0.023622 -1 0.015748 
vn -0.023622 -1 0.015748 
vn -0.023622 -1 0.015748 
vn -0.023622 -1 0.015748 
vn -0.023622 -1 0.015748 
vn -0.023622 -1 0.015748 
vn -0.023622 -1 0.015748 
vn -0.023622 -1 0.015748 
vn -0.023622 -1 0.015748 
vn -0.023622 -1 0.015748 
vn -0.023622 -1 0.015748 
vn -0.023622 -1 0.015748 
vn -0.023622 -1 0.015748 
vn -0.023622 -1 0.015748 
vn -0.023622 -1 0.015748 
vn -0.0472441 -0.015748 -1 
vn -0.0472441 -0.015748 -1 
vn -0.0472441 -0.015748 -1 
vn -0.0472441 -0.015748 -1 
vn -0.0472441 -0.015748 -1 
vn -0.0472441 -0.015748 -1 
vn -0.0472441 -0.015748 -1 
vn -0.0472441 -0.015748 -1 
vn -0.0472441 -0.015748 -1 
vn -0.0472441 -0.015748 -1 
vn -0.0472441 -0.015748 -1 
vn -0.0472441 -0.015748 -1 
vn -0.0472441 -0.015748 -1 
vn -0.0472441 -0.015748 -1 
vn -0.0472441 -0.015748 -1 
vn -0.0472441 -0.015748 -1 
vn -0.0472441 -0.015748 -1 
vn -0.0472441 -0.015748 -1 
vn -0.0472441 -0.015748 -1 
vn -0.0472441 -0.015748 -1 
vn -0.0472441 -0.015748 -1 
vn -0.0472441 -0.015748 -1 
vn -0.0472441 -0.015748 -1 
vn -0.0472441 -0.015748 -1 
vn -0.0472441 -0.015748 -1 
vn 0.0472441 0.015748 1 
vn 0.0472441 0.015748 1 
vn 0.0472441 0.015748 1 
vn 0.0472441 0.015748 1 
vn 0.0472441 0.015748 1 
vn 0.0472441 0.015748 1 
vn 0.0472441 0.015748 1 
vn 0.0472441 0.015748 1 
vn 0.0472441 0.015748 1 
vn 0.0472441 0.015748 1 
vn 0.0472441 0.015748 1 
vn 0.0472441 0.015748 1 
vn 0.0472441 0.015748 1 
vn 0.0472441 0.015748 1 
vn 0.0472441 0.015748 1 
vn 0.0472441 0.015748 1 
vn 0.0472441 0.015748 1 
vn 0.0472441 0.015748 1 
vn 0.0472441 0.015748 1 
vn 0.0472441 0.015748 1 
vn 0.0472441 0.015748 1 
vn 0.0472441 0.015748 1 
vn 0.0472441 0.015748 1 
vn 0.0472441 0.015748 1 
vn 0.0472441 0.015748 1 

vt 0.400115 0.8693 
vt 0.374086 0.860546 
vt 0.399299 0.860546 
vt 0.420872 0.8693 
vt 0.418209 0.860546 
vt 0.372437 0.8693 
vt 0.351679 0.8693 
vt 0.355176 0.860546 
vt 0.39926 0.709011 
vt 0.373994 0.709011 
vt 0.400275 0.700357 
vt 0.421095 0.700357 
vt 0.418209 0.709011 
vt 0.372515 0.700357 
vt 0.351694 0.700357 
vt 0.355045 0.709011 
vt 0.163973 0.860548 
vt 0.189802 0.860547 
vt 0.162975 0.869301 
vt 0.141985 0.869301 
vt 0.144601 0.860548 
vt 0.190962 0.869301 
vt 0.211953 0.8693 
vt 0.209174 0.860546 
vt 0.211962 0.709043 
vt 0.209374 0.709043 
vt 0.211962 0.700357 
vt 0.211953 0.8693 
vt 0.209174 0.860546 
vt 0.211953 0.860546 
vt 0.214916 0.860546 
vt 0.211953 0.8693 
vt 0.211953 0.860546 
vt 0.351694 0.700357 
vt 0.355045 0.709011 
vt 0.351694 0.709011 
vt 0.348723 0.709011 
vt 0.351679 0.8693 
vt 0.351916 0.860546 
vt 0.355176 0.860546 
vt 0.348655 0.860546 
vt 0.211962 0.700357 
vt 0.214847 0.709043 
vt 0.211962 0.709043 
vt 0.162978 0.700357 
vt 0.189944 0.709056 
vt 0.164036 0.709074 
vt 0.141985 0.700357 
vt 0.144605 0.709087 
vt 0.190969 0.700357 
vt 0.211962 0.700357 
vt 0.209374 0.709043 
vt 0.00245838 0.869292 
vt 0.00245837 0.860546 
vt 0.00530169 0.860546 
vt 0.00523 0.709005 
vt 0.00245838 0.709011 
vt 0.00245838 0.700357 
vt 0.144601 0.860548 
vt 0.141985 0.869301 
vt 0.141861 0.860547 
vt 0.13912 0.860546 
vt 0.141894 0.709047 
vt 0.141985 0.700357 
vt 0.144605 0.709087 
vt 0.139183 0.709007 
vt 0.420872 0.8693 
vt 0.418209 0.860546 
vt 0.420872 0.860546 
vt 0.421095 0.700357 
vt 0.421095 0.709011 
vt 0.418209 0.709011 
vt 0.164004 0.784811 
vt 0.189838 0.822674 
vt 0.163989 0.822679 
vt 0.144603 0.784818 
vt 0.144602 0.822683 
vt 0.144601 0.860548 
vt 0.163973 0.860548 
vt 0.189802 0.860547 
vt 0.209224 0.82267 
vt 0.209174 0.860546 
vt 0.189873 0.784802 
vt 0.209274 0.784795 
vt 0.16402 0.746942 
vt 0.144604 0.746952 
vt 0.189908 0.746929 
vt 0.209324 0.746919 
vt 0.209374 0.709043 
vt 0.189944 0.709056 
vt 0.164036 0.709074 
vt 0.144605 0.709087 
vt 0.399289 0.822662 
vt 0.37404 0.784779 
vt 0.399279 0.784779 
vt 0.418209 0.822662 
vt 0.418209 0.784779 
vt 0.399299 0.860546 
vt 0.418209 0.860546 
vt 0.374086 0.860546 
vt 0.399269 0.746895 
vt 0.418209 0.746895 
vt 0.418209 0.709011 
vt 0.39926 0.709011 
vt 0.374063 0.822662 
vt 0.355176 0.860546 
vt 0.355143 0.822662 
vt 0.35511 0.784779 
vt 0.374017 0.746895 
vt 0.373994 0.709011 
vt 0.355078 0.746895 
vt 0.355045 0.709011 
vt 0.211957 0.784795 
vt 0.211955 0.82267 
vt 0.209274 0.784795 
vt 0.209224 0.82267 
vt 0.211953 0.860546 
vt 0.209174 0.860546 
vt 0.209324 0.746919 
vt 0.21196 0.746919 
vt 0.209374 0.709043 
vt 0.211962 0.709043 
vt 0.355143 0.822662 
vt 0.351805 0.784779 
vt 0.35511 0.784779 
vt 0.35175 0.746895 
vt 0.355078 0.746895 
vt 0.355045 0.709011 
vt 0.351694 0.709011 
vt 0.348706 0.746895 
vt 0.348723 0.709011 
vt 0.348689 0.784779 
vt 0.35186 0.822662 
vt 0.355176 0.860546 
vt 0.348672 0.822662 
vt 0.351916 0.860546 
vt 0.348655 0.860546 
vt 0.214881 0.784795 
vt 0.214898 0.82267 
vt 0.211957 0.784795 
vt 0.211955 0.82267 
vt 0.214916 0.860546 
vt 0.211953 0.860546 
vt 0.21196 0.746919 
vt 0.214864 0.746919 
vt 0.211962 0.709043 
vt 0.214847 0.709043 
vt 0.141869 0.822672 
vt 0.144603 0.784818 
vt 0.144602 0.822683 
vt 0.144601 0.860548 
vt 0.141861 0.860547 
vt 0.13912 0.860546 
vt 0.139136 0.822661 
vt 0.141877 0.784797 
vt 0.144604 0.746952 
vt 0.139152 0.784777 
vt 0.141886 0.746922 
vt 0.144605 0.709087 
vt 0.139167 0.746892 
vt 0.141894 0.709047 
vt 0.139183 0.709007 
vt 0.00245837 0.784779 
vt 0.00528377 0.822661 
vt 0.00245837 0.822662 
vt 0.00245837 0.860546 
vt 0.00530169 0.860546 
vt 0.00526585 0.784776 
vt 0.00245838 0.746895 
vt 0.00524793 0.74689 
vt 0.00245838 0.709011 
vt 0.00523 0.709005 
vt 0.418209 0.822662 
vt 0.418209 0.784779 
vt 0.420928 0.822662 
vt 0.420872 0.860546 
vt 0.418209 0.860546 
vt 0.420984 0.784779 
vt 0.418209 0.746895 
vt 0.421039 0.746895 
vt 0.418209 0.709011 
vt 0.421095 0.709011 
vt 0.0722215 0.700357 
vt 0.107103 0.700357 
vt 0.0722066 0.709006 
vt 0.105695 0.709007 
vt 0.141985 0.700357 
vt 0.139183 0.709007 
vt 0.0387183 0.709006 
vt 0.0373399 0.700357 
vt 0.00523 0.709005 
vt 0.00245838 0.700357 
vt 0.281785 0.709027 
vt 0.246895 0.700357 
vt 0.281828 0.700357 
vt 0.248316 0.709035 
vt 0.211962 0.700357 
vt 0.214847 0.709043 
vt 0.315254 0.709019 
vt 0.316761 0.700357 
vt 0.348723 0.709011 
vt 0.351694 0.700357 
vt 0.0722109 0.860546 
vt 0.107103 0.869298 
vt 0.0722215 0.869296 
vt 0.105665 0.860546 
vt 0.141985 0.869301 
vt 0.13912 0.860546 
vt 0.0387563 0.860546 
vt 0.0373399 0.869294 
vt 0.00530169 0.860546 
vt 0.00245838 0.869292 
vt 0.281786 0.860546 
vt 0.246884 0.8693 
vt 0.248351 0.860546 
vt 0.211953 0.8693 
vt 0.214916 0.860546 
vt 0.281816 0.8693 
vt 0.315221 0.860546 
vt 0.316748 0.8693 
vt 0.348655 0.860546 
vt 0.351679 0.8693 
vt 0.106616 0.904003 
vt 0.0718967 0.948597 
vt 0.0718967 0.904031 
vt 0.106616 0.870566 
vt 0.0718967 0.870606 
vt 0.0371776 0.870646 
vt 0.141335 0.903974 
vt 0.141335 0.870525 
vt 0.106616 0.948585 
vt 0.141335 0.948573 
vt 0.141335 0.982022 
vt 0.106616 0.982022 
vt 0.0718967 0.982022 
vt 0.0371776 0.948609 
vt 0.0371776 0.982022 
vt 0.00245838 0.948622 
vt 0.00245838 0.982022 
vt 0.0371776 0.904059 
vt 0.00245838 0.904087 
vt 0.00245838 0.870687 
vt 0.181205 0.915951 
vt 0.198511 0.893801 
vt 0.19851 0.91595 
vt 0.215815 0.93256 
vt 0.19851 0.932561 
vt 0.215815 0.915948 
vt 0.181205 0.932562 
vt 0.215816 0.893799 
vt 0.215816 0.877186 
vt 0.198511 0.877189 
vt 0.181206 0.893803 
vt 0.181206 0.877191 
vt 0.163901 0.877194 
vt 0.163901 0.893805 
vt 0.146596 0.893807 
vt 0.146596 0.877196 
vt 0.163901 0.915953 
vt 0.146596 0.915954 
vt 0.1639 0.932564 
vt 0.146595 0.932565 
vt 0.0722098 0.822661 
vt 0.10568 0.784776 
vt 0.105673 0.822661 
vt 0.139152 0.784777 
vt 0.139136 0.822661 
vt 0.139167 0.746892 
vt 0.105665 0.860546 
vt 0.13912 0.860546 
vt 0.0722109 0.860546 
vt 0.0387563 0.860546 
vt 0.105688 0.746892 
vt 0.139183 0.709007 
vt 0.105695 0.709007 
vt 0.0722087 0.784776 
vt 0.0722077 0.746891 
vt 0.0722066 0.709006 
vt 0.0387468 0.822661 
vt 0.00530169 0.860546 
vt 0.00528377 0.822661 
vt 0.0387373 0.784776 
vt 0.00526585 0.784776 
vt 0.0387278 0.746891 
vt 0.0387183 0.709006 
vt 0.00524793 0.74689 
vt 0.00523 0.709005 
vt 0.248333 0.784791 
vt 0.281785 0.784787 
vt 0.281785 0.822666 
vt 0.315221 0.860546 
vt 0.281786 0.860546 
vt 0.315229 0.822664 
vt 0.348655 0.860546 
vt 0.348672 0.822662 
vt 0.248342 0.822668 
vt 0.248351 0.860546 
vt 0.214898 0.82267 
vt 0.214916 0.860546 
vt 0.214881 0.784795 
vt 0.214864 0.746919 
vt 0.248325 0.746913 
vt 0.214847 0.709043 
vt 0.248316 0.709035 
vt 0.281785 0.746907 
vt 0.281785 0.709027 
vt 0.315237 0.784783 
vt 0.348689 0.784779 
vt 0.315246 0.746901 
vt 0.348706 0.746895 
vt 0.315254 0.709019 
vt 0.348723 0.709011 

usemtl Player1Mtl

f 3335/3335/3335 3336/3336/3336 3337/3337/3337 
f 3337/3337/3337 3338/3338/3338 3335/3335/3335 
f 3338/3338/3338 3337/3337/3337 3339/3339/3339 
f 3336/3336/3336 3335/3335/3335 3340/3340/3340 
f 3341/3341/3341 3336/3336/3336 3340/3340/3340 
f 3336/3336/3336 3341/3341/3341 3342/3342/3342 
f 3343/3343/3343 3344/3344/3344 3345/3345/3345 
f 3346/3346/3346 3343/3343/3343 3345/3345/3345 
f 3343/3343/3343 3346/3346/3346 3347/3347/3347 
f 3345/3345/3345 3344/3344/3344 3348/3348/3348 
f 3344/3344/3344 3349/3349/3349 3348/3348/3348 
f 3349/3349/3349 3344/3344/3344 3350/3350/3350 
f 3351/3351/3351 3352/3352/3352 3353/3353/3353 
f 3354/3354/3354 3351/3351/3351 3353/3353/3353 
f 3355/3355/3355 3351/3351/3351 3354/3354/3354 
f 3353/3353/3353 3352/3352/3352 3356/3356/3356 
f 3352/3352/3352 3357/3357/3357 3356/3356/3356 
f 3357/3357/3357 3352/3352/3352 3358/3358/3358 
f 3359/3359/3359 3360/3360/3360 3361/3361/3361 
f 3362/3362/3362 3363/3363/3363 3364/3364/3364 
f 3365/3365/3365 3366/3366/3366 3367/3367/3367 
f 3368/3368/3368 3369/3369/3369 3370/3370/3370 
f 3368/3368/3368 3370/3370/3370 3371/3371/3371 
f 3372/3372/3372 3373/3373/3373 3374/3374/3374 
f 3375/3375/3375 3373/3373/3373 3372/3372/3372 
f 3376/3376/3376 3377/3377/3377 3378/3378/3378 
f 3379/3379/3379 3380/3380/3380 3381/3381/3381 
f 3382/3382/3382 3379/3379/3379 3381/3381/3381 
f 3381/3381/3381 3383/3383/3383 3382/3382/3382 
f 3380/3380/3380 3379/3379/3379 3384/3384/3384 
f 3384/3384/3384 3385/3385/3385 3380/3380/3380 
f 3380/3380/3380 3385/3385/3385 3386/3386/3386 
f 3387/3387/3387 3388/3388/3388 3389/3389/3389 
f 3390/3390/3390 3391/3391/3391 3392/3392/3392 
f 3393/3393/3393 3394/3394/3394 3395/3395/3395 
f 3395/3395/3395 3394/3394/3394 3396/3396/3396 
f 3397/3397/3397 3398/3398/3398 3399/3399/3399 
f 3400/3400/3400 3398/3398/3398 3397/3397/3397 
f 3401/3401/3401 3402/3402/3402 3403/3403/3403 
f 3404/3404/3404 3405/3405/3405 3406/3406/3406 
f 3407/3407/3407 3408/3408/3408 3409/3409/3409 
f 3409/3409/3409 3410/3410/3410 3407/3407/3407 
f 3410/3410/3410 3409/3409/3409 3411/3411/3411 
f 3409/3409/3409 3412/3412/3412 3411/3411/3411 
f 3412/3412/3412 3409/3409/3409 3413/3413/3413 
f 3408/3408/3408 3413/3413/3413 3409/3409/3409 
f 3413/3413/3413 3408/3408/3408 3414/3414/3414 
f 3408/3408/3408 3415/3415/3415 3414/3414/3414 
f 3414/3414/3414 3415/3415/3415 3416/3416/3416 
f 3417/3417/3417 3415/3415/3415 3408/3408/3408 
f 3408/3408/3408 3407/3407/3407 3417/3417/3417 
f 3415/3415/3415 3417/3417/3417 3418/3418/3418 
f 3410/3410/3410 3419/3419/3419 3407/3407/3407 
f 3419/3419/3419 3417/3417/3417 3407/3407/3407 
f 3410/3410/3410 3420/3420/3420 3419/3419/3419 
f 3421/3421/3421 3418/3418/3418 3417/3417/3417 
f 3417/3417/3417 3419/3419/3419 3421/3421/3421 
f 3418/3418/3418 3421/3421/3421 3422/3422/3422 
f 3421/3421/3421 3423/3423/3423 3422/3422/3422 
f 3423/3423/3423 3421/3421/3421 3424/3424/3424 
f 3419/3419/3419 3424/3424/3424 3421/3421/3421 
f 3424/3424/3424 3419/3419/3419 3425/3425/3425 
f 3420/3420/3420 3425/3425/3425 3419/3419/3419 
f 3420/3420/3420 3426/3426/3426 3425/3425/3425 
f 3427/3427/3427 3428/3428/3428 3429/3429/3429 
f 3430/3430/3430 3427/3427/3427 3429/3429/3429 
f 3431/3431/3431 3430/3430/3430 3429/3429/3429 
f 3430/3430/3430 3432/3432/3432 3427/3427/3427 
f 3430/3430/3430 3433/3433/3433 3432/3432/3432 
f 3434/3434/3434 3427/3427/3427 3432/3432/3432 
f 3431/3431/3431 3429/3429/3429 3435/3435/3435 
f 3429/3429/3429 3428/3428/3428 3435/3435/3435 
f 3436/3436/3436 3431/3431/3431 3435/3435/3435 
f 3435/3435/3435 3437/3437/3437 3436/3436/3436 
f 3437/3437/3437 3435/3435/3435 3438/3438/3438 
f 3427/3427/3427 3434/3434/3434 3439/3439/3439 
f 3428/3428/3428 3427/3427/3427 3439/3439/3439 
f 3439/3439/3439 3434/3434/3434 3440/3440/3440 
f 3439/3439/3439 3440/3440/3440 3441/3441/3441 
f 3442/3442/3442 3439/3439/3439 3441/3441/3441 
f 3439/3439/3439 3442/3442/3442 3428/3428/3428 
f 3443/3443/3443 3438/3438/3438 3435/3435/3435 
f 3435/3435/3435 3428/3428/3428 3443/3443/3443 
f 3428/3428/3428 3442/3442/3442 3443/3443/3443 
f 3438/3438/3438 3443/3443/3443 3444/3444/3444 
f 3443/3443/3443 3442/3442/3442 3445/3445/3445 
f 3443/3443/3443 3445/3445/3445 3444/3444/3444 
f 3444/3444/3444 3445/3445/3445 3446/3446/3446 
f 3447/3447/3447 3448/3448/3448 3449/3449/3449 
f 3449/3449/3449 3448/3448/3448 3450/3450/3450 
f 3448/3448/3448 3451/3451/3451 3450/3450/3450 
f 3450/3450/3450 3451/3451/3451 3452/3452/3452 
f 3453/3453/3453 3447/3447/3447 3449/3449/3449 
f 3454/3454/3454 3447/3447/3447 3453/3453/3453 
f 3455/3455/3455 3454/3454/3454 3453/3453/3453 
f 3456/3456/3456 3454/3454/3454 3455/3455/3455 
f 3457/3457/3457 3458/3458/3458 3459/3459/3459 
f 3460/3460/3460 3459/3459/3459 3458/3458/3458 
f 3459/3459/3459 3460/3460/3460 3461/3461/3461 
f 3462/3462/3462 3461/3461/3461 3460/3460/3460 
f 3460/3460/3460 3463/3463/3463 3462/3462/3462 
f 3463/3463/3463 3460/3460/3460 3464/3464/3464 
f 3458/3458/3458 3464/3464/3464 3460/3460/3460 
f 3464/3464/3464 3465/3465/3465 3463/3463/3463 
f 3464/3464/3464 3458/3458/3458 3466/3466/3466 
f 3458/3458/3458 3457/3457/3457 3467/3467/3467 
f 3467/3467/3467 3466/3466/3466 3458/3458/3458 
f 3468/3468/3468 3467/3467/3467 3457/3457/3457 
f 3466/3466/3466 3467/3467/3467 3469/3469/3469 
f 3467/3467/3467 3468/3468/3468 3470/3470/3470 
f 3470/3470/3470 3469/3469/3469 3467/3467/3467 
f 3469/3469/3469 3470/3470/3470 3471/3471/3471 
f 3472/3472/3472 3473/3473/3473 3474/3474/3474 
f 3474/3474/3474 3473/3473/3473 3475/3475/3475 
f 3473/3473/3473 3476/3476/3476 3475/3475/3475 
f 3475/3475/3475 3476/3476/3476 3477/3477/3477 
f 3478/3478/3478 3472/3472/3472 3474/3474/3474 
f 3479/3479/3479 3472/3472/3472 3478/3478/3478 
f 3480/3480/3480 3479/3479/3479 3478/3478/3478 
f 3481/3481/3481 3479/3479/3479 3480/3480/3480 
f 3482/3482/3482 3483/3483/3483 3484/3484/3484 
f 3484/3484/3484 3485/3485/3485 3486/3486/3486 
f 3486/3486/3486 3482/3482/3482 3484/3484/3484 
f 3487/3487/3487 3482/3482/3482 3486/3486/3486 
f 3482/3482/3482 3487/3487/3487 3488/3488/3488 
f 3483/3483/3483 3482/3482/3482 3489/3489/3489 
f 3488/3488/3488 3489/3489/3489 3482/3482/3482 
f 3489/3489/3489 3490/3490/3490 3483/3483/3483 
f 3489/3489/3489 3488/3488/3488 3491/3491/3491 
f 3490/3490/3490 3489/3489/3489 3492/3492/3492 
f 3491/3491/3491 3492/3492/3492 3489/3489/3489 
f 3492/3492/3492 3493/3493/3493 3490/3490/3490 
f 3492/3492/3492 3491/3491/3491 3494/3494/3494 
f 3493/3493/3493 3492/3492/3492 3495/3495/3495 
f 3494/3494/3494 3495/3495/3495 3492/3492/3492 
f 3495/3495/3495 3494/3494/3494 3496/3496/3496 
f 3497/3497/3497 3498/3498/3498 3499/3499/3499 
f 3500/3500/3500 3499/3499/3499 3498/3498/3498 
f 3498/3498/3498 3501/3501/3501 3500/3500/3500 
f 3498/3498/3498 3497/3497/3497 3502/3502/3502 
f 3503/3503/3503 3502/3502/3502 3497/3497/3497 
f 3502/3502/3502 3503/3503/3503 3504/3504/3504 
f 3505/3505/3505 3504/3504/3504 3503/3503/3503 
f 3504/3504/3504 3505/3505/3505 3506/3506/3506 
f 3507/3507/3507 3508/3508/3508 3509/3509/3509 
f 3510/3510/3510 3507/3507/3507 3509/3509/3509 
f 3511/3511/3511 3507/3507/3507 3510/3510/3510 
f 3509/3509/3509 3508/3508/3508 3512/3512/3512 
f 3508/3508/3508 3513/3513/3513 3512/3512/3512 
f 3512/3512/3512 3513/3513/3513 3514/3514/3514 
f 3513/3513/3513 3515/3515/3515 3514/3514/3514 
f 3514/3514/3514 3515/3515/3515 3516/3516/3516 
f 3517/3517/3517 3518/3518/3518 3519/3519/3519 
f 3520/3520/3520 3519/3519/3519 3518/3518/3518 
f 3518/3518/3518 3521/3521/3521 3520/3520/3520 
f 3522/3522/3522 3520/3520/3520 3521/3521/3521 
f 3519/3519/3519 3523/3523/3523 3517/3517/3517 
f 3524/3524/3524 3517/3517/3517 3523/3523/3523 
f 3525/3525/3525 3524/3524/3524 3523/3523/3523 
f 3524/3524/3524 3525/3525/3525 3526/3526/3526 
f 3527/3527/3527 3528/3528/3528 3529/3529/3529 
f 3528/3528/3528 3527/3527/3527 3530/3530/3530 
f 3530/3530/3530 3531/3531/3531 3528/3528/3528 
f 3531/3531/3531 3530/3530/3530 3532/3532/3532 
f 3529/3529/3529 3533/3533/3533 3527/3527/3527 
f 3533/3533/3533 3529/3529/3529 3534/3534/3534 
f 3534/3534/3534 3535/3535/3535 3533/3533/3533 
f 3534/3534/3534 3536/3536/3536 3535/3535/3535 
f 3537/3537/3537 3538/3538/3538 3539/3539/3539 
f 3538/3538/3538 3537/3537/3537 3540/3540/3540 
f 3540/3540/3540 3541/3541/3541 3538/3538/3538 
f 3541/3541/3541 3540/3540/3540 3542/3542/3542 
f 3539/3539/3539 3543/3543/3543 3537/3537/3537 
f 3543/3543/3543 3539/3539/3539 3544/3544/3544 
f 3544/3544/3544 3545/3545/3545 3543/3543/3543 
f 3545/3545/3545 3544/3544/3544 3546/3546/3546 
f 3547/3547/3547 3548/3548/3548 3549/3549/3549 
f 3550/3550/3550 3549/3549/3549 3548/3548/3548 
f 3549/3549/3549 3550/3550/3550 3551/3551/3551 
f 3548/3548/3548 3547/3547/3547 3552/3552/3552 
f 3553/3553/3553 3552/3552/3552 3547/3547/3547 
f 3552/3552/3552 3553/3553/3553 3554/3554/3554 
f 3555/3555/3555 3554/3554/3554 3553/3553/3553 
f 3554/3554/3554 3555/3555/3555 3556/3556/3556 
f 3557/3557/3557 3558/3558/3558 3559/3559/3559 
f 3557/3557/3557 3559/3559/3559 3560/3560/3560 
f 3561/3561/3561 3560/3560/3560 3559/3559/3559 
f 3559/3559/3559 3562/3562/3562 3561/3561/3561 
f 3560/3560/3560 3563/3563/3563 3557/3557/3557 
f 3560/3560/3560 3564/3564/3564 3563/3563/3563 
f 3563/3563/3563 3565/3565/3565 3557/3557/3557 
f 3558/3558/3558 3557/3557/3557 3565/3565/3565 
f 3565/3565/3565 3563/3563/3563 3566/3566/3566 
f 3565/3565/3565 3566/3566/3566 3567/3567/3567 
f 3565/3565/3565 3567/3567/3567 3568/3568/3568 
f 3568/3568/3568 3558/3558/3558 3565/3565/3565 
f 3558/3558/3558 3568/3568/3568 3569/3569/3569 
f 3570/3570/3570 3558/3558/3558 3569/3569/3569 
f 3570/3570/3570 3569/3569/3569 3571/3571/3571 
f 3571/3571/3571 3572/3572/3572 3570/3570/3570 
f 3572/3572/3572 3571/3571/3571 3573/3573/3573 
f 3574/3574/3574 3558/3558/3558 3570/3570/3570 
f 3572/3572/3572 3574/3574/3574 3570/3570/3570 
f 3558/3558/3558 3574/3574/3574 3559/3559/3559 
f 3574/3574/3574 3572/3572/3572 3575/3575/3575 
f 3562/3562/3562 3559/3559/3559 3574/3574/3574 
f 3574/3574/3574 3575/3575/3575 3562/3562/3562 
f 3576/3576/3576 3562/3562/3562 3575/3575/3575 
f 3577/3577/3577 3578/3578/3578 3579/3579/3579 
f 3579/3579/3579 3580/3580/3580 3581/3581/3581 
f 3580/3580/3580 3579/3579/3579 3582/3582/3582 
f 3583/3583/3583 3579/3579/3579 3581/3581/3581 
f 3578/3578/3578 3582/3582/3582 3579/3579/3579 
f 3579/3579/3579 3583/3583/3583 3577/3577/3577 
f 3582/3582/3582 3578/3578/3578 3584/3584/3584 
f 3578/3578/3578 3585/3585/3585 3584/3584/3584 
f 3585/3585/3585 3578/3578/3578 3586/3586/3586 
f 3587/3587/3587 3586/3586/3586 3578/3578/3578 
f 3578/3578/3578 3577/3577/3577 3587/3587/3587 
f 3586/3586/3586 3587/3587/3587 3588/3588/3588 
f 3587/3587/3587 3589/3589/3589 3588/3588/3588 
f 3577/3577/3577 3590/3590/3590 3587/3587/3587 
f 3589/3589/3589 3587/3587/3587 3590/3590/3590 
f 3591/3591/3591 3589/3589/3589 3590/3590/3590 
f 3589/3589/3589 3591/3591/3591 3592/3592/3592 
f 3590/3590/3590 3577/3577/3577 3593/3593/3593 
f 3593/3593/3593 3591/3591/3591 3590/3590/3590 
f 3583/3583/3583 3593/3593/3593 3577/3577/3577 
f 3594/3594/3594 3591/3591/3591 3593/3593/3593 
f 3583/3583/3583 3595/3595/3595 3593/3593/3593 
f 3595/3595/3595 3594/3594/3594 3593/3593/3593 
f 3595/3595/3595 3596/3596/3596 3594/3594/3594 
f 3597/3597/3597 3598/3598/3598 3599/3599/3599 
f 3600/3600/3600 3599/3599/3599 3598/3598/3598 
f 3599/3599/3599 3600/3600/3600 3601/3601/3601 
f 3598/3598/3598 3602/3602/3602 3600/3600/3600 
f 3603/3603/3603 3599/3599/3599 3601/3601/3601 
f 3604/3604/3604 3603/3603/3603 3601/3601/3601 
f 3603/3603/3603 3605/3605/3605 3599/3599/3599 
f 3605/3605/3605 3597/3597/3597 3599/3599/3599 
f 3605/3605/3605 3606/3606/3606 3597/3597/3597 
f 3602/3602/3602 3598/3598/3598 3607/3607/3607 
f 3607/3607/3607 3608/3608/3608 3602/3602/3602 
f 3608/3608/3608 3607/3607/3607 3609/3609/3609 
f 3610/3610/3610 3607/3607/3607 3598/3598/3598 
f 3598/3598/3598 3597/3597/3597 3610/3610/3610 
f 3611/3611/3611 3609/3609/3609 3607/3607/3607 
f 3607/3607/3607 3610/3610/3610 3611/3611/3611 
f 3609/3609/3609 3611/3611/3611 3612/3612/3612 
f 3606/3606/3606 3613/3613/3613 3597/3597/3597 
f 3613/3613/3613 3610/3610/3610 3597/3597/3597 
f 3606/3606/3606 3614/3614/3614 3613/3613/3613 
f 3614/3614/3614 3615/3615/3615 3613/3613/3613 
f 3610/3610/3610 3613/3613/3613 3616/3616/3616 
f 3615/3615/3615 3616/3616/3616 3613/3613/3613 
f 3616/3616/3616 3611/3611/3611 3610/3610/3610 
f 3616/3616/3616 3615/3615/3615 3617/3617/3617 
f 3618/3618/3618 3612/3612/3612 3611/3611/3611 
f 3611/3611/3611 3616/3616/3616 3618/3618/3618 
f 3617/3617/3617 3618/3618/3618 3616/3616/3616 
f 3612/3612/3612 3618/3618/3618 3619/3619/3619 
f 3618/3618/3618 3617/3617/3617 3620/3620/3620 
f 3620/3620/3620 3619/3619/3619 3618/3618/3618 
f 3619/3619/3619 3620/3620/3620 3621/3621/3621 
f 3622/3622/3622 3623/3623/3623 3624/3624/3624 
f 3624/3624/3624 3625/3625/3625 3626/3626/3626 
f 3625/3625/3625 3624/3624/3624 3627/3627/3627 
f 3627/3627/3627 3628/3628/3628 3625/3625/3625 
f 3623/3623/3623 3627/3627/3627 3624/3624/3624 
f 3628/3628/3628 3627/3627/3627 3629/3629/3629 
f 3626/3626/3626 3630/3630/3630 3624/3624/3624 
f 3622/3622/3622 3624/3624/3624 3630/3630/3630 
f 3630/3630/3630 3626/3626/3626 3631/3631/3631 
f 3630/3630/3630 3631/3631/3631 3632/3632/3632 
f 3632/3632/3632 3631/3631/3631 3633/3633/3633 
f 3634/3634/3634 3630/3630/3630 3632/3632/3632 
f 3622/3622/3622 3630/3630/3630 3634/3634/3634 
f 3635/3635/3635 3622/3622/3622 3634/3634/3634 
f 3636/3636/3636 3622/3622/3622 3635/3635/3635 
f 3636/3636/3636 3623/3623/3623 3622/3622/3622 
f 3637/3637/3637 3636/3636/3636 3635/3635/3635 
f 3638/3638/3638 3636/3636/3636 3637/3637/3637 
f 3638/3638/3638 3639/3639/3639 3636/3636/3636 
f 3636/3636/3636 3639/3639/3639 3623/3623/3623 
f 3638/3638/3638 3640/3640/3640 3639/3639/3639 
f 3639/3639/3639 3641/3641/3641 3623/3623/3623 
f 3623/3623/3623 3641/3641/3641 3627/3627/3627 
f 3641/3641/3641 3629/3629/3629 3627/3627/3627 
f 3641/3641/3641 3642/3642/3642 3629/3629/3629 
f 3639/3639/3639 3643/3643/3643 3641/3641/3641 
f 3643/3643/3643 3642/3642/3642 3641/3641/3641 
f 3640/3640/3640 3643/3643/3643 3639/3639/3639 
f 3643/3643/3643 3644/3644/3644 3642/3642/3642 
f 3640/3640/3640 3645/3645/3645 3643/3643/3643 
f 3645/3645/3645 3644/3644/3644 3643/3643/3643 
f 3645/3645/3645 3646/3646/3646 3644/3644/3644 

g Player7

v -0.969568 100.225 0.484959 
v -0.968816 100.155 0.408042 
v -0.934806 100.153 0.434059 
v -1.00701 100.227 0.456275 
v -0.969568 100.225 0.484959 
v -0.900796 100.151 0.460076 
v -0.932121 100.222 0.513643 
v -0.934806 100.153 0.434059 
v -0.0446947 100.204 0.362173 
v -0.0685606 100.135 0.288524 
v -0.0159592 100.205 0.324703 
v -0.0946683 100.134 0.322522 
v -1.07152 100.192 -0.371853 
v -1.09126 100.269 -0.439129 
v -1.04541 100.193 -0.405851 
v -1.12 100.268 -0.401659 
v -1.09126 100.269 -0.439129 
v -1.01931 100.194 -0.439849 
v -1.04541 100.193 -0.405851 
v -1.06253 100.269 -0.476599 
v -0.239286 100.176 -0.543405 
v -0.166388 100.248 -0.561915 
v -0.205276 100.174 -0.517388 
v -0.203835 100.25 -0.590599 
v -0.171265 100.172 -0.491371 
v -0.128941 100.245 -0.533231 
v -0.120775 100.133 0.35652 
v -0.0446947 100.204 0.362173 
v -0.0734302 100.203 0.399644 
v -0.0946683 100.134 0.322522 
v -1.07152 100.192 -0.371853 
v -1.06317 100.247 0.0298329 
v -1.12 100.268 -0.401659 
v -1.01984 100.173 0.0206191 
v -1.01984 100.173 0.0206191 
v -0.968816 100.155 0.408042 
v -1.06317 100.247 0.0298329 
v -1.00701 100.227 0.456275 
v -0.0721175 100.225 -0.101739 
v -0.0685606 100.135 0.288524 
v -0.11958 100.153 -0.0988987 
v -0.0159592 100.205 0.324703 
v -0.128941 100.245 -0.533231 
v -0.0721175 100.225 -0.101739 
v -0.171265 100.172 -0.491371 
v -0.11958 100.153 -0.0988987 
v -0.120775 100.133 0.35652 
v -0.502775 100.213 0.456643 
v -0.510785 100.142 0.408298 
v -0.0734302 100.203 0.399644 
v -0.900796 100.151 0.460076 
v -0.932121 100.222 0.513643 
v -0.239286 100.176 -0.543405 
v -0.63318 100.26 -0.533599 
v -0.203835 100.25 -0.590599 
v -0.629296 100.185 -0.491627 
v -1.01931 100.194 -0.439849 
v -1.06253 100.269 -0.476599 
v -0.144821 101.189 -0.478747 
v -0.1408 101.15 -0.522311 
v -0.180908 101.2 -0.504463 
v -0.178247 101.153 -0.550995 
v -1.06567 101.171 -0.399525 
v -1.04872 101.209 -0.358745 
v -1.02013 101.219 -0.393048 
v -1.03694 101.172 -0.436996 
v -0.133297 101.246 -0.401543 
v -0.144821 101.189 -0.478747 
v -0.168536 101.262 -0.421688 
v -0.180908 101.2 -0.504463 
v -0.90983 101.245 0.433376 
v -0.939155 101.177 0.471986 
v -0.902569 101.184 0.498394 
v -0.945868 101.233 0.411996 
v -0.939155 101.177 0.471986 
v -0.945868 101.233 0.411996 
v -0.975738 101.171 0.445503 
v -0.981883 101.221 0.390729 
v -0.035253 101.157 0.351984 
v -0.0706045 101.226 0.32196 
v -0.0633428 101.165 0.386979 
v -0.0419651 101.213 0.291994 
v -0.00715935 101.149 0.316915 
v -0.0419651 101.213 0.291994 
v -0.035253 101.157 0.351984 
v -0.013304 101.199 0.262141 
v -1.04872 101.209 -0.358745 
v -1.0372 101.266 -0.281541 
v -1.00776 101.28 -0.310273 
v -1.02013 101.219 -0.393048 
v -0.10873 101.178 -0.453102 
v -0.133297 101.246 -0.401543 
v -0.0980629 101.23 -0.381483 
v -0.144821 101.189 -0.478747 
v -1.0372 101.266 -0.281541 
v -1.07731 101.2 -0.324513 
v -1.06664 101.252 -0.252894 
v -1.04872 101.209 -0.358745 
v -0.902569 101.184 0.498394 
v -0.943979 101.127 0.524565 
v -0.906532 101.125 0.553249 
v -0.939155 101.177 0.471986 
v -0.0478419 101.106 0.439249 
v -0.0191064 101.106 0.401779 
v -0.0633428 101.165 0.386979 
v -0.035253 101.157 0.351984 
v -0.168536 101.262 -0.421688 
v -0.15372 101.31 -0.318257 
v -0.133297 101.246 -0.401543 
v -0.119505 101.29 -0.305215 
v -1.0372 101.266 -0.281541 
v -0.992946 101.329 -0.206842 
v -1.00776 101.28 -0.310273 
v -1.02341 101.31 -0.185213 
v -0.103352 101.148 -0.493626 
v -0.144821 101.189 -0.478747 
v -0.10873 101.178 -0.453102 
v -0.1408 101.15 -0.522311 
v -0.0980629 101.23 -0.381483 
v -0.119505 101.29 -0.305215 
v -0.0852819 101.27 -0.292081 
v -0.133297 101.246 -0.401543 
v -1.06664 101.252 -0.252894 
v -1.02341 101.31 -0.185213 
v -1.0372 101.266 -0.281541 
v -1.05386 101.292 -0.163493 
v -1.04872 101.209 -0.358745 
v -1.09441 101.17 -0.362053 
v -1.07731 101.2 -0.324513 
v -1.06567 101.171 -0.399525 
v -0.939155 101.177 0.471986 
v -0.981427 101.13 0.495879 
v -0.943979 101.127 0.524565 
v -0.975738 101.171 0.445503 
v 0.00962883 101.107 0.364307 
v -0.035253 101.157 0.351984 
v -0.0191064 101.106 0.401779 
v -0.00715935 101.149 0.316915 
v -0.922578 101.301 0.327931 
v -0.945868 101.233 0.411996 
v -0.90983 101.245 0.433376 
v -0.957812 101.284 0.313315 
v -0.0833522 101.282 0.216516 
v -0.0419651 101.213 0.291994 
v -0.05391 101.264 0.193313 
v -0.0706045 101.226 0.32196 
v -0.993062 101.268 0.298595 
v -0.981883 101.221 0.390729 
v -0.957812 101.284 0.313315 
v -0.945868 101.233 0.411996 
v -0.013304 101.199 0.262141 
v -0.0244837 101.246 0.170006 
v -0.05391 101.264 0.193313 
v -0.0419651 101.213 0.291994 
v -0.0852819 101.27 -0.292081 
v -0.102937 101.317 -0.185035 
v -0.0699436 101.295 -0.180743 
v -0.119505 101.29 -0.305215 
v -1.05386 101.292 -0.163493 
v -1.00684 101.338 -0.065033 
v -1.02341 101.31 -0.185213 
v -1.03852 101.317 -0.052155 
v -0.15372 101.31 -0.318257 
v -0.135948 101.339 -0.189433 
v -0.119505 101.29 -0.305215 
v -0.102937 101.317 -0.185035 
v -1.02341 101.31 -0.185213 
v -0.975174 101.358 -0.0780178 
v -0.992946 101.329 -0.206842 
v -1.00684 101.338 -0.065033 
v -0.93717 101.341 0.21112 
v -0.957812 101.284 0.313315 
v -0.922578 101.301 0.327931 
v -0.971349 101.322 0.204997 
v -1.00555 101.302 0.198761 
v -0.993062 101.268 0.298595 
v -0.971349 101.322 0.204997 
v -0.957812 101.284 0.313315 
v -0.0244837 101.246 0.170006 
v -0.0369704 101.28 0.0701728 
v -0.0674462 101.301 0.0849955 
v -0.05391 101.264 0.193313 
v -0.0979438 101.322 0.0997048 
v -0.05391 101.264 0.193313 
v -0.0674462 101.301 0.0849955 
v -0.0833522 101.282 0.216516 
v -0.102937 101.317 -0.185035 
v -0.0846701 101.323 -0.0483463 
v -0.0699436 101.295 -0.180743 
v -0.0529603 101.3 -0.0536099 
v -0.988573 101.343 0.0716557 
v -1.00684 101.338 -0.065033 
v -1.03852 101.317 -0.052155 
v -1.02154 101.322 0.0749785 
v -0.102937 101.317 -0.185035 
v -0.116386 101.345 -0.0430915 
v -0.0846701 101.323 -0.0483463 
v -0.135948 101.339 -0.189433 
v -0.955611 101.364 0.068324 
v -0.971349 101.322 0.204997 
v -0.93717 101.341 0.21112 
v -0.988573 101.343 0.0716557 
v -1.02154 101.322 0.0749785 
v -1.00555 101.302 0.198761 
v -0.988573 101.343 0.0716557 
v -0.971349 101.322 0.204997 
v -0.0369704 101.28 0.0701728 
v -0.0529603 101.3 -0.0536099 
v -0.0846701 101.323 -0.0483463 
v -0.0674462 101.301 0.0849955 
v -0.116386 101.345 -0.0430915 
v -0.0674462 101.301 0.0849955 
v -0.0846701 101.323 -0.0483463 
v -0.0979438 101.322 0.0997048 
v -1.00684 101.338 -0.065033 
v -0.955611 101.364 0.068324 
v -0.975174 101.358 -0.0780178 
v -0.988573 101.343 0.0716557 
v -0.0946683 100.134 0.322522 
v -0.120775 100.133 0.35652 
v -0.128561 100.136 0.297397 
v -0.518532 100.145 0.349169 
v -0.510785 100.142 0.408298 
v -0.908502 100.154 0.400942 
v -0.900796 100.151 0.460076 
v -0.171265 100.172 -0.491371 
v -0.231631 100.173 -0.485271 
v -0.205276 100.174 -0.517388 
v -0.179698 100.154 -0.0909174 
v -0.11958 100.153 -0.0988987 
v -0.0685606 100.135 0.288524 
v -0.128561 100.136 0.297397 
v -0.0946683 100.134 0.322522 
v -0.569417 100.163 -0.0391783 
v -0.128561 100.136 0.297397 
v -0.518532 100.145 0.349169 
v -0.179698 100.154 -0.0909174 
v -0.620978 100.182 -0.432674 
v -0.231631 100.173 -0.485271 
v -0.239286 100.176 -0.543405 
v -0.205276 100.174 -0.517388 
v -1.01033 100.191 -0.380077 
v -0.959137 100.172 0.0125607 
v -0.908502 100.154 0.400942 
v -0.900796 100.151 0.460076 
v -0.934806 100.153 0.434059 
v -1.07152 100.192 -0.371853 
v -1.01984 100.173 0.0206191 
v -1.04541 100.193 -0.405851 
v -0.968816 100.155 0.408042 
v -0.908502 100.154 0.400942 
v -0.934806 100.153 0.434059 
v -1.01931 100.194 -0.439849 
v -0.629296 100.185 -0.491627 
v -0.620978 100.182 -0.432674 
v -0.239286 100.176 -0.543405 
v -0.231631 100.173 -0.485271 
v -0.956773 100.676 0.504762 
v -0.987824 100.904 0.485978 
v -0.994221 100.678 0.476077 
v -0.950376 100.902 0.514663 
v -0.981427 101.13 0.495879 
v -0.943979 101.127 0.524565 
v -0.963171 100.45 0.494861 
v -1.00062 100.453 0.466176 
v -0.969568 100.225 0.484959 
v -1.00701 100.227 0.456275 
v -0.950376 100.902 0.514663 
v -0.919327 100.674 0.533446 
v -0.91293 100.899 0.543347 
v -0.943979 101.127 0.524565 
v -0.906532 101.125 0.553249 
v -0.956773 100.676 0.504762 
v -0.925724 100.448 0.523544 
v -0.963171 100.45 0.494861 
v -0.932121 100.222 0.513643 
v -0.969568 100.225 0.484959 
v 0.00323182 100.882 0.354406 
v -0.0319005 100.655 0.381976 
v -0.00316519 100.656 0.344505 
v -0.0382977 100.429 0.372075 
v -0.0255035 100.881 0.391877 
v 0.00962883 101.107 0.364307 
v -0.0191064 101.106 0.401779 
v -0.00956219 100.43 0.334604 
v -0.0446947 100.204 0.362173 
v -0.0159592 100.205 0.324703 
v -0.0255035 100.881 0.391877 
v -0.060636 100.654 0.419446 
v -0.0319005 100.655 0.381976 
v -0.0670331 100.429 0.409545 
v -0.054239 100.88 0.429348 
v -0.0191064 101.106 0.401779 
v -0.0478419 101.106 0.439249 
v -0.0382977 100.429 0.372075 
v -0.0734302 100.203 0.399644 
v -0.0446947 100.204 0.362173 
v -1.1072 100.719 -0.381856 
v -1.07207 100.945 -0.409426 
v -1.07847 100.72 -0.419327 
v -1.10081 100.945 -0.371955 
v -1.06567 101.171 -0.399525 
v -1.09441 101.17 -0.362053 
v -1.1136 100.493 -0.391757 
v -1.08486 100.494 -0.429228 
v -1.12 100.268 -0.401659 
v -1.09126 100.269 -0.439129 
v -0.109749 100.922 -0.503527 
v -0.116146 100.697 -0.513428 
v -0.147197 100.925 -0.532212 
v -0.1408 101.15 -0.522311 
v -0.103352 101.148 -0.493626 
v -0.153594 100.699 -0.542113 
v -0.122544 100.471 -0.52333 
v -0.159991 100.473 -0.552014 
v -0.128941 100.245 -0.533231 
v -0.166388 100.248 -0.561915 
v -0.184644 100.927 -0.560896 
v -0.153594 100.699 -0.542113 
v -0.191041 100.701 -0.570797 
v -0.159991 100.473 -0.552014 
v -0.147197 100.925 -0.532212 
v -0.178247 101.153 -0.550995 
v -0.1408 101.15 -0.522311 
v -0.197438 100.476 -0.580698 
v -0.166388 100.248 -0.561915 
v -0.203835 100.25 -0.590599 
v -1.04333 100.946 -0.446896 
v -1.07847 100.72 -0.419327 
v -1.07207 100.945 -0.409426 
v -1.03694 101.172 -0.436996 
v -1.06567 101.171 -0.399525 
v -1.04973 100.721 -0.456797 
v -1.08486 100.494 -0.429228 
v -1.05613 100.495 -0.466698 
v -1.09126 100.269 -0.439129 
v -1.06253 100.269 -0.476599 
v -0.180908 101.2 -0.504463 
v -0.607592 101.162 -0.493995 
v -0.600521 101.21 -0.448755 
v -0.178247 101.153 -0.550995 
v -1.02013 101.219 -0.393048 
v -1.03694 101.172 -0.436996 
v -0.477187 101.115 0.496249 
v -0.0478419 101.106 0.439249 
v -0.0633428 101.165 0.386979 
v -0.482956 101.175 0.442686 
v -0.902569 101.184 0.498394 
v -0.906532 101.125 0.553249 
v -0.482956 101.175 0.442686 
v -0.0633428 101.165 0.386979 
v -0.490217 101.236 0.377668 
v -0.0706045 101.226 0.32196 
v -0.902569 101.184 0.498394 
v -0.90983 101.245 0.433376 
v -0.588148 101.271 -0.36598 
v -0.168536 101.262 -0.421688 
v -0.600521 101.21 -0.448755 
v -0.180908 101.2 -0.504463 
v -1.00776 101.28 -0.310273 
v -1.02013 101.219 -0.393048 
v -0.975738 101.171 0.445503 
v -1.03758 101.15 0.0694384 
v -0.981427 101.13 0.495879 
v 0.00962883 101.107 0.364307 
v -0.0465292 101.127 -0.0621339 
v -0.00715935 101.149 0.316915 
v -0.573333 101.319 -0.262549 
v -0.15372 101.31 -0.318257 
v -0.588148 101.271 -0.36598 
v -0.168536 101.262 -0.421688 
v -0.992946 101.329 -0.206842 
v -1.00776 101.28 -0.310273 
v -0.490217 101.236 0.377668 
v -0.0706045 101.226 0.32196 
v -0.502965 101.291 0.272223 
v -0.0833522 101.282 0.216516 
v -0.90983 101.245 0.433376 
v -0.922578 101.301 0.327931 
v -1.07731 101.2 -0.324513 
v -1.03758 101.15 0.0694384 
v -1.06664 101.252 -0.252894 
v -1.09441 101.17 -0.362053 
v -0.0465292 101.127 -0.0621339 
v -0.103352 101.148 -0.493626 
v -0.10873 101.178 -0.453102 
v -0.0980629 101.23 -0.381483 
v -0.555561 101.349 -0.133726 
v -0.135948 101.339 -0.189433 
v -0.573333 101.319 -0.262549 
v -0.15372 101.31 -0.318257 
v -0.975174 101.358 -0.0780178 
v -0.992946 101.329 -0.206842 
v -0.502965 101.291 0.272223 
v -0.0833522 101.282 0.216516 
v -0.517557 101.332 0.155413 
v -0.0979438 101.322 0.0997048 
v -0.922578 101.301 0.327931 
v -0.93717 101.341 0.21112 
v -0.535999 101.355 0.0126163 
v -0.135948 101.339 -0.189433 
v -0.555561 101.349 -0.133726 
v -0.116386 101.345 -0.0430915 
v -0.975174 101.358 -0.0780178 
v -0.955611 101.364 0.068324 
v -0.517557 101.332 0.155413 
v -0.0979438 101.322 0.0997048 
v -0.535999 101.355 0.0126163 
v -0.116386 101.345 -0.0430915 
v -0.93717 101.341 0.21112 
v -0.955611 101.364 0.068324 
v -1.02154 101.322 0.0749785 
v -1.03758 101.15 0.0694384 
v -1.00555 101.302 0.198761 
v -1.03852 101.317 -0.052155 
v -0.0369704 101.28 0.0701728 
v -0.0465292 101.127 -0.0621339 
v -0.0529603 101.3 -0.0536099 
v -0.0699436 101.295 -0.180743 
v -1.00555 101.302 0.198761 
v -1.03758 101.15 0.0694384 
v -0.993062 101.268 0.298595 
v -0.0244837 101.246 0.170006 
v -0.0465292 101.127 -0.0621339 
v -0.0369704 101.28 0.0701728 
v -1.06664 101.252 -0.252894 
v -1.03758 101.15 0.0694384 
v -1.05386 101.292 -0.163493 
v -1.03852 101.317 -0.052155 
v -0.0465292 101.127 -0.0621339 
v -0.0980629 101.23 -0.381483 
v -0.0852819 101.27 -0.292081 
v -0.0699436 101.295 -0.180743 
v -1.03758 101.15 0.0694384 
v -0.975738 101.171 0.445503 
v -0.981883 101.221 0.390729 
v -0.993062 101.268 0.298595 
v -0.00715935 101.149 0.316915 
v -0.0465292 101.127 -0.0621339 
v -0.013304 101.199 0.262141 
v -0.0244837 101.246 0.170006 
v -0.489981 100.664 0.476446 
v -0.060636 100.654 0.419446 
v -0.054239 100.88 0.429348 
v -0.496378 100.438 0.466545 
v -0.0670331 100.429 0.409545 
v -0.502775 100.213 0.456643 
v -0.0734302 100.203 0.399644 
v -0.925724 100.448 0.523544 
v -0.932121 100.222 0.513643 
v -0.919327 100.674 0.533446 
v -0.483584 100.89 0.486347 
v -0.0478419 101.106 0.439249 
v -0.91293 100.899 0.543347 
v -0.477187 101.115 0.496249 
v -0.906532 101.125 0.553249 
v -1.10081 100.945 -0.371955 
v -1.05038 100.699 0.0496357 
v -1.04398 100.924 0.0595371 
v -1.09441 101.17 -0.362053 
v -1.03758 101.15 0.0694384 
v -1.1072 100.719 -0.381856 
v -0.987824 100.904 0.485978 
v -0.981427 101.13 0.495879 
v -0.994221 100.678 0.476077 
v -1.00062 100.453 0.466176 
v -1.05678 100.473 0.0397343 
v -1.00701 100.227 0.456275 
v -1.1136 100.493 -0.391757 
v -1.06317 100.247 0.0298329 
v -1.12 100.268 -0.401659 
v -0.0593233 100.676 -0.0819367 
v -0.116146 100.697 -0.513428 
v -0.109749 100.922 -0.503527 
v -0.0657204 100.451 -0.0918381 
v -0.122544 100.471 -0.52333 
v -0.0721175 100.225 -0.101739 
v -0.128941 100.245 -0.533231 
v -0.0159592 100.205 0.324703 
v -0.00956219 100.43 0.334604 
v -0.00316519 100.656 0.344505 
v -0.0529262 100.902 -0.0720353 
v -0.103352 101.148 -0.493626 
v 0.00323182 100.882 0.354406 
v -0.0465292 101.127 -0.0621339 
v 0.00962883 101.107 0.364307 
v -0.613989 100.937 -0.503896 
v -0.184644 100.927 -0.560896 
v -0.191041 100.701 -0.570797 
v -0.607592 101.162 -0.493995 
v -0.178247 101.153 -0.550995 
v -1.03694 101.172 -0.436996 
v -1.04333 100.946 -0.446896 
v -0.620386 100.711 -0.513797 
v -0.197438 100.476 -0.580698 
v -1.04973 100.721 -0.456797 
v -0.626783 100.485 -0.523698 
v -1.05613 100.495 -0.466698 
v -0.63318 100.26 -0.533599 
v -0.203835 100.25 -0.590599 
v -1.06253 100.269 -0.476599 

vn -0.488189 -0.653543 0.582677 
vn -0.488189 -0.653543 0.582677 
vn -0.488189 -0.653543 0.582677 
vn -0.488189 -0.653543 0.582677 
vn -0.488189 -0.653543 0.582677 
vn -0.488189 -0.653543 0.582677 
vn -0.488189 -0.653543 0.582677 
vn -0.488189 -0.653543 0.582677 
vn 0.590551 -0.677165 0.440945 
vn 0.590551 -0.677165 0.440945 
vn 0.590551 -0.677165 0.440945 
vn 0.590551 -0.677165 0.440945 
vn -0.629921 -0.598425 -0.496063 
vn -0.629921 -0.598425 -0.496063 
vn -0.629921 -0.598425 -0.496063 
vn -0.629921 -0.598425 -0.496063 
vn -0.629921 -0.598425 -0.496063 
vn -0.629921 -0.598425 -0.496063 
vn -0.629921 -0.598425 -0.496063 
vn -0.629921 -0.598425 -0.496063 
vn 0.448819 -0.622047 -0.637795 
vn 0.448819 -0.622047 -0.637795 
vn 0.448819 -0.622047 -0.637795 
vn 0.448819 -0.622047 -0.637795 
vn 0.448819 -0.622047 -0.637795 
vn 0.448819 -0.622047 -0.637795 
vn 0.590551 -0.677165 0.440945 
vn 0.590551 -0.677165 0.440945 
vn 0.590551 -0.677165 0.440945 
vn 0.590551 -0.677165 0.440945 
vn -0.850394 -0.511811 0.0866142 
vn -0.850394 -0.511811 0.0866142 
vn -0.850394 -0.511811 0.0866142 
vn -0.850394 -0.511811 0.0866142 
vn -0.850394 -0.511811 0.0866142 
vn -0.850394 -0.511811 0.0866142 
vn -0.850394 -0.511811 0.0866142 
vn -0.850394 -0.511811 0.0866142 
vn 0.826772 -0.551181 -0.133858 
vn 0.826772 -0.551181 -0.133858 
vn 0.826772 -0.551181 -0.133858 
vn 0.826772 -0.551181 -0.133858 
vn 0.826772 -0.551181 -0.133858 
vn 0.826772 -0.551181 -0.133858 
vn 0.826772 -0.551181 -0.133858 
vn 0.826772 -0.551181 -0.133858 
vn 0.0944882 -0.566929 0.818898 
vn 0.0944882 -0.566929 0.818898 
vn 0.0944882 -0.566929 0.818898 
vn 0.0944882 -0.566929 0.818898 
vn 0.0944882 -0.566929 0.818898 
vn 0.0944882 -0.566929 0.818898 
vn -0.125984 -0.488189 -0.866142 
vn -0.125984 -0.488189 -0.866142 
vn -0.125984 -0.488189 -0.866142 
vn -0.125984 -0.488189 -0.866142 
vn -0.125984 -0.488189 -0.866142 
vn -0.125984 -0.488189 -0.866142 
vn 0.535433 0.629921 -0.566929 
vn 0.535433 0.629921 -0.566929 
vn 0.535433 0.629921 -0.566929 
vn 0.535433 0.629921 -0.566929 
vn -0.629921 0.653543 -0.409449 
vn -0.629921 0.653543 -0.409449 
vn -0.629921 0.653543 -0.409449 
vn -0.629921 0.653543 -0.409449 
vn 0.582677 0.614173 -0.535433 
vn 0.582677 0.614173 -0.535433 
vn 0.582677 0.614173 -0.535433 
vn 0.582677 0.614173 -0.535433 
vn -0.551181 0.582677 0.598425 
vn -0.551181 0.582677 0.598425 
vn -0.551181 0.582677 0.598425 
vn -0.551181 0.582677 0.598425 
vn -0.543307 0.590551 0.598425 
vn -0.543307 0.590551 0.598425 
vn -0.543307 0.590551 0.598425 
vn -0.543307 0.590551 0.598425 
vn 0.708661 0.551181 0.433071 
vn 0.708661 0.551181 0.433071 
vn 0.708661 0.551181 0.433071 
vn 0.708661 0.551181 0.433071 
vn 0.708661 0.559055 0.433071 
vn 0.708661 0.559055 0.433071 
vn 0.708661 0.559055 0.433071 
vn 0.708661 0.559055 0.433071 
vn -0.669291 0.637795 -0.370079 
vn -0.669291 0.637795 -0.370079 
vn -0.669291 0.637795 -0.370079 
vn -0.669291 0.637795 -0.370079 
vn 0.574803 0.622047 -0.535433 
vn 0.574803 0.622047 -0.535433 
vn 0.574803 0.622047 -0.535433 
vn 0.574803 0.622047 -0.535433 
vn -0.661417 0.645669 -0.370079 
vn -0.661417 0.645669 -0.370079 
vn -0.661417 0.645669 -0.370079 
vn -0.661417 0.645669 -0.370079 
vn -0.488189 0.629921 0.606299 
vn -0.488189 0.629921 0.606299 
vn -0.488189 0.629921 0.606299 
vn -0.488189 0.629921 0.606299 
vn 0.653543 0.606299 0.448819 
vn 0.653543 0.606299 0.448819 
vn 0.653543 0.606299 0.448819 
vn 0.653543 0.606299 0.448819 
vn 0.566929 0.716535 -0.409449 
vn 0.566929 0.716535 -0.409449 
vn 0.566929 0.716535 -0.409449 
vn 0.566929 0.716535 -0.409449 
vn -0.622047 0.740157 -0.251969 
vn -0.622047 0.740157 -0.251969 
vn -0.622047 0.740157 -0.251969 
vn -0.622047 0.740157 -0.251969 
vn 0.503937 0.692913 -0.511811 
vn 0.503937 0.692913 -0.511811 
vn 0.503937 0.692913 -0.511811 
vn 0.503937 0.692913 -0.511811 
vn 0.559055 0.716535 -0.409449 
vn 0.559055 0.716535 -0.409449 
vn 0.559055 0.716535 -0.409449 
vn 0.559055 0.716535 -0.409449 
vn -0.614173 0.748031 -0.251969 
vn -0.614173 0.748031 -0.251969 
vn -0.614173 0.748031 -0.251969 
vn -0.614173 0.748031 -0.251969 
vn -0.590551 0.716535 -0.370079 
vn -0.590551 0.716535 -0.370079 
vn -0.590551 0.716535 -0.370079 
vn -0.590551 0.716535 -0.370079 
vn -0.456693 0.685039 0.566929 
vn -0.456693 0.685039 0.566929 
vn -0.456693 0.685039 0.566929 
vn -0.456693 0.685039 0.566929 
vn 0.622047 0.661417 0.425197 
vn 0.622047 0.661417 0.425197 
vn 0.622047 0.661417 0.425197 
vn 0.622047 0.661417 0.425197 
vn -0.519685 0.732283 0.448819 
vn -0.519685 0.732283 0.448819 
vn -0.519685 0.732283 0.448819 
vn -0.519685 0.732283 0.448819 
vn 0.645669 0.700787 0.291339 
vn 0.645669 0.700787 0.291339 
vn 0.645669 0.700787 0.291339 
vn 0.645669 0.700787 0.291339 
vn -0.511811 0.732283 0.440945 
vn -0.511811 0.732283 0.440945 
vn -0.511811 0.732283 0.440945 
vn -0.511811 0.732283 0.440945 
vn 0.645669 0.708661 0.283465 
vn 0.645669 0.708661 0.283465 
vn 0.645669 0.708661 0.283465 
vn 0.645669 0.708661 0.283465 
vn 0.559055 0.787402 -0.251969 
vn 0.559055 0.787402 -0.251969 
vn 0.559055 0.787402 -0.251969 
vn 0.559055 0.787402 -0.251969 
vn -0.566929 0.811024 -0.102362 
vn -0.566929 0.811024 -0.102362 
vn -0.566929 0.811024 -0.102362 
vn -0.566929 0.811024 -0.102362 
vn 0.559055 0.787402 -0.259843 
vn 0.559055 0.787402 -0.259843 
vn 0.559055 0.787402 -0.259843 
vn 0.559055 0.787402 -0.259843 
vn -0.566929 0.818898 -0.110236 
vn -0.566929 0.818898 -0.110236 
vn -0.566929 0.818898 -0.110236 
vn -0.566929 0.818898 -0.110236 
vn -0.511811 0.787402 0.338583 
vn -0.511811 0.787402 0.338583 
vn -0.511811 0.787402 0.338583 
vn -0.511811 0.787402 0.338583 
vn -0.511811 0.787402 0.338583 
vn -0.511811 0.787402 0.338583 
vn -0.511811 0.787402 0.338583 
vn -0.511811 0.787402 0.338583 
vn 0.622047 0.76378 0.188976 
vn 0.622047 0.76378 0.188976 
vn 0.622047 0.76378 0.188976 
vn 0.622047 0.76378 0.188976 
vn 0.614173 0.76378 0.188976 
vn 0.614173 0.76378 0.188976 
vn 0.614173 0.76378 0.188976 
vn 0.614173 0.76378 0.188976 
vn 0.566929 0.818898 -0.110236 
vn 0.566929 0.818898 -0.110236 
vn 0.566929 0.818898 -0.110236 
vn 0.566929 0.818898 -0.110236 
vn -0.543307 0.84252 0.0393701 
vn -0.543307 0.84252 0.0393701 
vn -0.543307 0.84252 0.0393701 
vn -0.543307 0.84252 0.0393701 
vn 0.566929 0.818898 -0.110236 
vn 0.566929 0.818898 -0.110236 
vn 0.566929 0.818898 -0.110236 
vn 0.566929 0.818898 -0.110236 
vn -0.511811 0.834646 0.19685 
vn -0.511811 0.834646 0.19685 
vn -0.511811 0.834646 0.19685 
vn -0.511811 0.834646 0.19685 
vn -0.519685 0.826772 0.19685 
vn -0.519685 0.826772 0.19685 
vn -0.519685 0.826772 0.19685 
vn -0.519685 0.826772 0.19685 
vn 0.590551 0.80315 0.0551181 
vn 0.590551 0.80315 0.0551181 
vn 0.590551 0.80315 0.0551181 
vn 0.590551 0.80315 0.0551181 
vn 0.582677 0.811024 0.0551181 
vn 0.582677 0.811024 0.0551181 
vn 0.582677 0.811024 0.0551181 
vn 0.582677 0.811024 0.0551181 
vn -0.535433 0.84252 0.0393701 
vn -0.535433 0.84252 0.0393701 
vn -0.535433 0.84252 0.0393701 
vn -0.535433 0.84252 0.0393701 
vn -0.0314961 -1 -0.0472441 
vn -0.0314961 -1 -0.0472441 
vn -0.0314961 -1 -0.0472441 
vn -0.0314961 -1 -0.0472441 
vn -0.0314961 -1 -0.0472441 
vn -0.0314961 -1 -0.0472441 
vn -0.0314961 -1 -0.0472441 
vn -0.0314961 -1 -0.0472441 
vn -0.0314961 -1 -0.0472441 
vn -0.0314961 -1 -0.0472441 
vn -0.0314961 -1 -0.0472441 
vn -0.0314961 -1 -0.0472441 
vn -0.0314961 -1 -0.0472441 
vn -0.0314961 -1 -0.0472441 
vn -0.0314961 -1 -0.0472441 
vn -0.0314961 -1 -0.0472441 
vn -0.0314961 -1 -0.0472441 
vn -0.0314961 -1 -0.0472441 
vn -0.0314961 -1 -0.0472441 
vn -0.0314961 -1 -0.0472441 
vn -0.0314961 -1 -0.0472441 
vn -0.0314961 -1 -0.0472441 
vn -0.0314961 -1 -0.0472441 
vn -0.0314961 -1 -0.0472441 
vn -0.0314961 -1 -0.0472441 
vn -0.0314961 -1 -0.0472441 
vn -0.0314961 -1 -0.0472441 
vn -0.0314961 -1 -0.0472441 
vn -0.0314961 -1 -0.0472441 
vn -0.0314961 -1 -0.0472441 
vn -0.0314961 -1 -0.0472441 
vn -0.0314961 -1 -0.0472441 
vn -0.0314961 -1 -0.0472441 
vn -0.0314961 -1 -0.0472441 
vn -0.0314961 -1 -0.0472441 
vn -0.0314961 -1 -0.0472441 
vn -0.0314961 -1 -0.0472441 
vn -0.0314961 -1 -0.0472441 
vn -0.0314961 -1 -0.0472441 
vn -0.606299 -0.015748 0.795276 
vn -0.606299 -0.015748 0.795276 
vn -0.606299 -0.015748 0.795276 
vn -0.606299 -0.015748 0.795276 
vn -0.606299 -0.015748 0.795276 
vn -0.606299 -0.015748 0.795276 
vn -0.606299 -0.015748 0.795276 
vn -0.606299 -0.015748 0.795276 
vn -0.606299 -0.015748 0.795276 
vn -0.606299 -0.015748 0.795276 
vn -0.606299 -0.015748 0.795276 
vn -0.606299 -0.015748 0.795276 
vn -0.606299 -0.015748 0.795276 
vn -0.606299 -0.015748 0.795276 
vn -0.606299 -0.015748 0.795276 
vn -0.606299 -0.015748 0.795276 
vn -0.606299 -0.015748 0.795276 
vn -0.606299 -0.015748 0.795276 
vn -0.606299 -0.015748 0.795276 
vn -0.606299 -0.015748 0.795276 
vn 0.795276 -0.0472441 0.606299 
vn 0.795276 -0.0472441 0.606299 
vn 0.795276 -0.0472441 0.606299 
vn 0.795276 -0.0472441 0.606299 
vn 0.795276 -0.0472441 0.606299 
vn 0.795276 -0.0472441 0.606299 
vn 0.795276 -0.0472441 0.606299 
vn 0.795276 -0.0472441 0.606299 
vn 0.795276 -0.0472441 0.606299 
vn 0.795276 -0.0472441 0.606299 
vn 0.795276 -0.0472441 0.606299 
vn 0.795276 -0.0472441 0.606299 
vn 0.795276 -0.0472441 0.606299 
vn 0.795276 -0.0472441 0.606299 
vn 0.795276 -0.0472441 0.606299 
vn 0.795276 -0.0472441 0.606299 
vn 0.795276 -0.0472441 0.606299 
vn 0.795276 -0.0472441 0.606299 
vn 0.795276 -0.0472441 0.606299 
vn 0.795276 -0.0472441 0.606299 
vn -0.795276 0.0472441 -0.606299 
vn -0.795276 0.0472441 -0.606299 
vn -0.795276 0.0472441 -0.606299 
vn -0.795276 0.0472441 -0.606299 
vn -0.795276 0.0472441 -0.606299 
vn -0.795276 0.0472441 -0.606299 
vn -0.795276 0.0472441 -0.606299 
vn -0.795276 0.0472441 -0.606299 
vn -0.795276 0.0472441 -0.606299 
vn -0.795276 0.0472441 -0.606299 
vn 0.606299 0.015748 -0.795276 
vn 0.606299 0.015748 -0.795276 
vn 0.606299 0.015748 -0.795276 
vn 0.606299 0.015748 -0.795276 
vn 0.606299 0.015748 -0.795276 
vn 0.606299 0.015748 -0.795276 
vn 0.606299 0.015748 -0.795276 
vn 0.606299 0.015748 -0.795276 
vn 0.606299 0.015748 -0.795276 
vn 0.606299 0.015748 -0.795276 
vn 0.606299 0.015748 -0.795276 
vn 0.606299 0.015748 -0.795276 
vn 0.606299 0.015748 -0.795276 
vn 0.606299 0.015748 -0.795276 
vn 0.606299 0.015748 -0.795276 
vn 0.606299 0.015748 -0.795276 
vn 0.606299 0.015748 -0.795276 
vn 0.606299 0.015748 -0.795276 
vn 0.606299 0.015748 -0.795276 
vn 0.606299 0.015748 -0.795276 
vn -0.795276 0.0472441 -0.606299 
vn -0.795276 0.0472441 -0.606299 
vn -0.795276 0.0472441 -0.606299 
vn -0.795276 0.0472441 -0.606299 
vn -0.795276 0.0472441 -0.606299 
vn -0.795276 0.0472441 -0.606299 
vn -0.795276 0.0472441 -0.606299 
vn -0.795276 0.0472441 -0.606299 
vn -0.795276 0.0472441 -0.606299 
vn -0.795276 0.0472441 -0.606299 
vn -0.0787402 0.692913 -0.716535 
vn -0.0787402 0.692913 -0.716535 
vn -0.0787402 0.692913 -0.716535 
vn -0.0787402 0.692913 -0.716535 
vn -0.0787402 0.692913 -0.716535 
vn -0.0787402 0.692913 -0.716535 
vn 0.110236 0.669291 0.732283 
vn 0.110236 0.669291 0.732283 
vn 0.110236 0.669291 0.732283 
vn 0.110236 0.669291 0.732283 
vn 0.110236 0.669291 0.732283 
vn 0.110236 0.669291 0.732283 
vn 0.102362 0.732283 0.669291 
vn 0.102362 0.732283 0.669291 
vn 0.102362 0.732283 0.669291 
vn 0.102362 0.732283 0.669291 
vn 0.102362 0.732283 0.669291 
vn 0.102362 0.732283 0.669291 
vn -0.0629921 0.80315 -0.590551 
vn -0.0629921 0.80315 -0.590551 
vn -0.0629921 0.80315 -0.590551 
vn -0.0629921 0.80315 -0.590551 
vn -0.0629921 0.80315 -0.590551 
vn -0.0629921 0.80315 -0.590551 
vn -0.944882 0.299213 0.141732 
vn -0.944882 0.299213 0.141732 
vn -0.944882 0.299213 0.141732 
vn 0.96063 0.251969 -0.11811 
vn 0.96063 0.251969 -0.11811 
vn 0.96063 0.251969 -0.11811 
vn -0.0314961 0.905512 -0.417323 
vn -0.0314961 0.905512 -0.417323 
vn -0.0314961 0.905512 -0.417323 
vn -0.0314961 0.905512 -0.417323 
vn -0.0314961 0.905512 -0.417323 
vn -0.0314961 0.905512 -0.417323 
vn 0.0787402 0.889764 0.456693 
vn 0.0787402 0.889764 0.456693 
vn 0.0787402 0.889764 0.456693 
vn 0.0787402 0.889764 0.456693 
vn 0.0787402 0.889764 0.456693 
vn 0.0787402 0.889764 0.456693 
vn -0.976378 0.173228 0.11811 
vn -0.976378 0.173228 0.11811 
vn -0.976378 0.173228 0.11811 
vn -0.976378 0.173228 0.11811 
vn 0.984252 0.125984 -0.141732 
vn 0.984252 0.125984 -0.141732 
vn 0.984252 0.125984 -0.141732 
vn 0.984252 0.125984 -0.141732 
vn -0.00787402 0.976378 -0.220472 
vn -0.00787402 0.976378 -0.220472 
vn -0.00787402 0.976378 -0.220472 
vn -0.00787402 0.976378 -0.220472 
vn -0.00787402 0.976378 -0.220472 
vn -0.00787402 0.976378 -0.220472 
vn 0.0629921 0.944882 0.322835 
vn 0.0629921 0.944882 0.322835 
vn 0.0629921 0.944882 0.322835 
vn 0.0629921 0.944882 0.322835 
vn 0.0629921 0.944882 0.322835 
vn 0.0629921 0.944882 0.322835 
vn 0.015748 1 -0.0393701 
vn 0.015748 1 -0.0393701 
vn 0.015748 1 -0.0393701 
vn 0.015748 1 -0.0393701 
vn 0.015748 1 -0.0393701 
vn 0.015748 1 -0.0393701 
vn 0.0393701 0.984252 0.149606 
vn 0.0393701 0.984252 0.149606 
vn 0.0393701 0.984252 0.149606 
vn 0.0393701 0.984252 0.149606 
vn 0.0393701 0.984252 0.149606 
vn 0.0393701 0.984252 0.149606 
vn -0.984252 0.0866142 0.133858 
vn -0.984252 0.0866142 0.133858 
vn -0.984252 0.0866142 0.133858 
vn -0.984252 0.0866142 0.133858 
vn 0.992126 0.0472441 -0.125984 
vn 0.992126 0.0472441 -0.125984 
vn 0.992126 0.0472441 -0.125984 
vn 0.992126 0.0472441 -0.125984 
vn -0.984252 0.0787402 0.149606 
vn -0.984252 0.0787402 0.149606 
vn -0.984252 0.0787402 0.149606 
vn 0.992126 0.0314961 -0.110236 
vn 0.992126 0.0314961 -0.110236 
vn 0.992126 0.0314961 -0.110236 
vn -0.992126 0.0708661 0.11811 
vn -0.992126 0.0708661 0.11811 
vn -0.992126 0.0708661 0.11811 
vn -0.992126 0.0708661 0.11811 
vn 0.992126 0.0314961 -0.149606 
vn 0.992126 0.0314961 -0.149606 
vn 0.992126 0.0314961 -0.149606 
vn 0.992126 0.0314961 -0.149606 
vn -0.984252 0.0629921 0.15748 
vn -0.984252 0.0629921 0.15748 
vn -0.984252 0.0629921 0.15748 
vn -0.984252 0.0629921 0.15748 
vn 0.992126 0.015748 -0.102362 
vn 0.992126 0.015748 -0.102362 
vn 0.992126 0.015748 -0.102362 
vn 0.992126 0.015748 -0.102362 
vn 0.133858 -0.0472441 0.992126 
vn 0.133858 -0.0472441 0.992126 
vn 0.133858 -0.0472441 0.992126 
vn 0.133858 -0.0472441 0.992126 
vn 0.133858 -0.0472441 0.992126 
vn 0.133858 -0.0472441 0.992126 
vn 0.133858 -0.0472441 0.992126 
vn 0.133858 -0.0472441 0.992126 
vn 0.133858 -0.0472441 0.992126 
vn 0.133858 -0.0472441 0.992126 
vn 0.133858 -0.0472441 0.992126 
vn 0.133858 -0.0472441 0.992126 
vn 0.133858 -0.0472441 0.992126 
vn 0.133858 -0.0472441 0.992126 
vn 0.133858 -0.0472441 0.992126 
vn -0.992126 0.023622 0.133858 
vn -0.992126 0.023622 0.133858 
vn -0.992126 0.023622 0.133858 
vn -0.992126 0.023622 0.133858 
vn -0.992126 0.023622 0.133858 
vn -0.992126 0.023622 0.133858 
vn -0.992126 0.023622 0.133858 
vn -0.992126 0.023622 0.133858 
vn -0.992126 0.023622 0.133858 
vn -0.992126 0.023622 0.133858 
vn -0.992126 0.023622 0.133858 
vn -0.992126 0.023622 0.133858 
vn -0.992126 0.023622 0.133858 
vn -0.992126 0.023622 0.133858 
vn -0.992126 0.023622 0.133858 
vn 0.992126 -0.023622 -0.133858 
vn 0.992126 -0.023622 -0.133858 
vn 0.992126 -0.023622 -0.133858 
vn 0.992126 -0.023622 -0.133858 
vn 0.992126 -0.023622 -0.133858 
vn 0.992126 -0.023622 -0.133858 
vn 0.992126 -0.023622 -0.133858 
vn 0.992126 -0.023622 -0.133858 
vn 0.992126 -0.023622 -0.133858 
vn 0.992126 -0.023622 -0.133858 
vn 0.992126 -0.023622 -0.133858 
vn 0.992126 -0.023622 -0.133858 
vn 0.992126 -0.023622 -0.133858 
vn 0.992126 -0.023622 -0.133858 
vn 0.992126 -0.023622 -0.133858 
vn -0.133858 0.0472441 -0.992126 
vn -0.133858 0.0472441 -0.992126 
vn -0.133858 0.0472441 -0.992126 
vn -0.133858 0.0472441 -0.992126 
vn -0.133858 0.0472441 -0.992126 
vn -0.133858 0.0472441 -0.992126 
vn -0.133858 0.0472441 -0.992126 
vn -0.133858 0.0472441 -0.992126 
vn -0.133858 0.0472441 -0.992126 
vn -0.133858 0.0472441 -0.992126 
vn -0.133858 0.0472441 -0.992126 
vn -0.133858 0.0472441 -0.992126 
vn -0.133858 0.0472441 -0.992126 
vn -0.133858 0.0472441 -0.992126 
vn -0.133858 0.0472441 -0.992126 

vt 0.635641 0.194098 
vt 0.633703 0.187526 
vt 0.635641 0.187531 
vt 0.633703 0.194097 
vt 0.635641 0.194098 
vt 0.637726 0.187526 
vt 0.637726 0.194098 
vt 0.635641 0.187531 
vt 0.426402 0.194058 
vt 0.428404 0.187526 
vt 0.428404 0.193993 
vt 0.426402 0.187526 
vt 0.567985 0.187526 
vt 0.565802 0.194087 
vt 0.565802 0.187526 
vt 0.567985 0.194088 
vt 0.565802 0.194087 
vt 0.563428 0.187526 
vt 0.565802 0.187526 
vt 0.563428 0.194088 
vt 0.498381 0.187526 
vt 0.496291 0.194087 
vt 0.496291 0.187526 
vt 0.498381 0.194088 
vt 0.494305 0.187526 
vt 0.494305 0.194088 
vt 0.703038 0.187528 
vt 0.705126 0.194045 
vt 0.703038 0.194099 
vt 0.705126 0.187528 
vt 0.567985 0.187526 
vt 0.600626 0.194054 
vt 0.567985 0.194088 
vt 0.600626 0.187526 
vt 0.600626 0.187526 
vt 0.633703 0.187526 
vt 0.600626 0.194054 
vt 0.633703 0.194097 
vt 0.461233 0.194054 
vt 0.428404 0.187526 
vt 0.461233 0.187527 
vt 0.428404 0.193993 
vt 0.494305 0.194088 
vt 0.461233 0.194054 
vt 0.494305 0.187526 
vt 0.461233 0.187527 
vt 0.703038 0.187528 
vt 0.670382 0.194098 
vt 0.670382 0.187527 
vt 0.703038 0.194099 
vt 0.637726 0.187526 
vt 0.637726 0.194098 
vt 0.498381 0.187526 
vt 0.530905 0.194088 
vt 0.498381 0.194088 
vt 0.530905 0.187526 
vt 0.563428 0.187526 
vt 0.563428 0.194088 
vt 0.496291 0.258161 
vt 0.496291 0.271858 
vt 0.498381 0.25797 
vt 0.498381 0.271858 
vt 0.565802 0.271858 
vt 0.565802 0.258161 
vt 0.563428 0.25797 
vt 0.563428 0.271858 
vt 0.496291 0.23656 
vt 0.496291 0.258161 
vt 0.498381 0.2365 
vt 0.498381 0.25797 
vt 0.637726 0.242926 
vt 0.635641 0.255003 
vt 0.637726 0.255388 
vt 0.635641 0.242775 
vt 0.633703 0.255287 
vt 0.633703 0.242952 
vt 0.635641 0.254973 
vt 0.635641 0.242807 
vt 0.705132 0.255003 
vt 0.703038 0.242926 
vt 0.703038 0.255388 
vt 0.70513 0.242775 
vt 0.428404 0.254806 
vt 0.426402 0.242785 
vt 0.426402 0.25512 
vt 0.428404 0.242696 
vt 0.565802 0.258161 
vt 0.565802 0.23656 
vt 0.563428 0.2365 
vt 0.563428 0.25797 
vt 0.494305 0.258559 
vt 0.496291 0.23656 
vt 0.494305 0.236405 
vt 0.496291 0.258161 
vt 0.565802 0.23656 
vt 0.567985 0.258559 
vt 0.567985 0.236405 
vt 0.565802 0.258161 
vt 0.637726 0.255388 
vt 0.635641 0.271858 
vt 0.637726 0.271858 
vt 0.635641 0.255003 
vt 0.703038 0.271858 
vt 0.705123 0.271858 
vt 0.703038 0.255388 
vt 0.705132 0.255003 
vt 0.498381 0.2365 
vt 0.498381 0.218405 
vt 0.496291 0.23656 
vt 0.496291 0.218445 
vt 0.565802 0.23656 
vt 0.563428 0.218405 
vt 0.563428 0.2365 
vt 0.565802 0.218445 
vt 0.494305 0.271858 
vt 0.496291 0.258161 
vt 0.494305 0.258559 
vt 0.496291 0.271858 
vt 0.494305 0.236405 
vt 0.496291 0.218445 
vt 0.494305 0.218536 
vt 0.496291 0.23656 
vt 0.567985 0.236405 
vt 0.565802 0.218445 
vt 0.565802 0.23656 
vt 0.567985 0.218536 
vt 0.565802 0.258161 
vt 0.567985 0.271858 
vt 0.567985 0.258559 
vt 0.565802 0.271858 
vt 0.633703 0.255287 
vt 0.635641 0.271858 
vt 0.633703 0.271858 
vt 0.635641 0.254973 
vt 0.428404 0.271858 
vt 0.426402 0.25512 
vt 0.426402 0.271858 
vt 0.428404 0.254806 
vt 0.637726 0.224979 
vt 0.635641 0.242775 
vt 0.637726 0.242926 
vt 0.635641 0.224545 
vt 0.703038 0.224979 
vt 0.70513 0.242775 
vt 0.70513 0.224545 
vt 0.703038 0.242926 
vt 0.635641 0.224625 
vt 0.635641 0.242807 
vt 0.633703 0.224947 
vt 0.633703 0.242952 
vt 0.428404 0.242696 
vt 0.428404 0.224459 
vt 0.426402 0.22478 
vt 0.426402 0.242785 
vt 0.494305 0.218536 
vt 0.496291 0.200216 
vt 0.494305 0.200172 
vt 0.496291 0.218445 
vt 0.567985 0.218536 
vt 0.565802 0.200216 
vt 0.565802 0.218445 
vt 0.567985 0.20017 
vt 0.498381 0.218405 
vt 0.498381 0.200232 
vt 0.496291 0.218445 
vt 0.496291 0.200216 
vt 0.565802 0.218445 
vt 0.563428 0.200232 
vt 0.563428 0.218405 
vt 0.565802 0.200216 
vt 0.637726 0.20896 
vt 0.635641 0.224545 
vt 0.637726 0.224979 
vt 0.635641 0.208704 
vt 0.635641 0.208704 
vt 0.635641 0.224625 
vt 0.633703 0.209005 
vt 0.633703 0.224947 
vt 0.428404 0.224459 
vt 0.428404 0.2087 
vt 0.426402 0.208838 
vt 0.426402 0.22478 
vt 0.703038 0.20896 
vt 0.70513 0.224545 
vt 0.70513 0.208704 
vt 0.703038 0.224979 
vt 0.496291 0.200216 
vt 0.496291 0.187526 
vt 0.494305 0.200172 
vt 0.494305 0.187526 
vt 0.565802 0.187526 
vt 0.565802 0.200216 
vt 0.567985 0.20017 
vt 0.567985 0.187526 
vt 0.496291 0.200216 
vt 0.498381 0.187526 
vt 0.496291 0.187526 
vt 0.498381 0.200232 
vt 0.637726 0.189555 
vt 0.635641 0.208704 
vt 0.637726 0.20896 
vt 0.635641 0.190488 
vt 0.635641 0.190838 
vt 0.635641 0.208704 
vt 0.633703 0.189604 
vt 0.633703 0.209005 
vt 0.428404 0.2087 
vt 0.428404 0.190671 
vt 0.426402 0.189437 
vt 0.426402 0.208838 
vt 0.703038 0.189555 
vt 0.70513 0.208704 
vt 0.705129 0.190488 
vt 0.703038 0.20896 
vt 0.565802 0.200216 
vt 0.563428 0.187526 
vt 0.563428 0.200232 
vt 0.565802 0.187526 
vt 0.466388 0.12518 
vt 0.467539 0.123306 
vt 0.467539 0.126996 
vt 0.482512 0.126996 
vt 0.482514 0.123306 
vt 0.497485 0.126996 
vt 0.497488 0.123306 
vt 0.465231 0.175819 
vt 0.467539 0.175937 
vt 0.466385 0.177695 
vt 0.467539 0.151278 
vt 0.465231 0.151278 
vt 0.465234 0.127057 
vt 0.467539 0.126996 
vt 0.466388 0.12518 
vt 0.482503 0.151278 
vt 0.467539 0.126996 
vt 0.482512 0.126996 
vt 0.467539 0.151278 
vt 0.482493 0.175881 
vt 0.467539 0.175937 
vt 0.467539 0.179572 
vt 0.466385 0.177695 
vt 0.497446 0.175825 
vt 0.497466 0.151278 
vt 0.497485 0.126996 
vt 0.497488 0.123306 
vt 0.49864 0.12518 
vt 0.499797 0.175819 
vt 0.499797 0.151278 
vt 0.498642 0.177695 
vt 0.499793 0.127057 
vt 0.497485 0.126996 
vt 0.49864 0.12518 
vt 0.497488 0.179572 
vt 0.482514 0.179572 
vt 0.482493 0.175881 
vt 0.467539 0.179572 
vt 0.467539 0.175937 
vt 0.635641 0.232978 
vt 0.633703 0.252418 
vt 0.633703 0.232978 
vt 0.635641 0.252418 
vt 0.633703 0.271858 
vt 0.635641 0.271858 
vt 0.635641 0.213538 
vt 0.633703 0.213537 
vt 0.635641 0.194098 
vt 0.633703 0.194097 
vt 0.635641 0.252418 
vt 0.637726 0.232978 
vt 0.637726 0.252418 
vt 0.635641 0.271858 
vt 0.637726 0.271858 
vt 0.635641 0.232978 
vt 0.637726 0.213538 
vt 0.635641 0.213538 
vt 0.637726 0.194098 
vt 0.635641 0.194098 
vt 0.428404 0.252391 
vt 0.426402 0.232958 
vt 0.428404 0.232925 
vt 0.426402 0.213508 
vt 0.426402 0.252408 
vt 0.428404 0.271858 
vt 0.426402 0.271858 
vt 0.428404 0.213459 
vt 0.426402 0.194058 
vt 0.428404 0.193993 
vt 0.705124 0.252405 
vt 0.703038 0.232978 
vt 0.705124 0.232951 
vt 0.703038 0.213538 
vt 0.703038 0.252418 
vt 0.705123 0.271858 
vt 0.703038 0.271858 
vt 0.705125 0.213498 
vt 0.703038 0.194099 
vt 0.705126 0.194045 
vt 0.567985 0.232973 
vt 0.565802 0.252415 
vt 0.565802 0.232972 
vt 0.567985 0.252415 
vt 0.565802 0.271858 
vt 0.567985 0.271858 
vt 0.567985 0.21353 
vt 0.565802 0.21353 
vt 0.567985 0.194088 
vt 0.565802 0.194087 
vt 0.494305 0.252415 
vt 0.494305 0.232973 
vt 0.496291 0.252415 
vt 0.496291 0.271858 
vt 0.494305 0.271858 
vt 0.496291 0.232972 
vt 0.494305 0.21353 
vt 0.496291 0.21353 
vt 0.494305 0.194088 
vt 0.496291 0.194087 
vt 0.498381 0.252415 
vt 0.496291 0.232972 
vt 0.498381 0.232973 
vt 0.496291 0.21353 
vt 0.496291 0.252415 
vt 0.498381 0.271858 
vt 0.496291 0.271858 
vt 0.498381 0.21353 
vt 0.496291 0.194087 
vt 0.498381 0.194088 
vt 0.563428 0.252415 
vt 0.565802 0.232972 
vt 0.565802 0.252415 
vt 0.563428 0.271858 
vt 0.565802 0.271858 
vt 0.563428 0.232973 
vt 0.565802 0.21353 
vt 0.563428 0.21353 
vt 0.565802 0.194087 
vt 0.563428 0.194088 
vt 0.498381 0.25797 
vt 0.530905 0.271858 
vt 0.530905 0.25797 
vt 0.498381 0.271858 
vt 0.563428 0.25797 
vt 0.563428 0.271858 
vt 0.670382 0.271858 
vt 0.703038 0.271858 
vt 0.703038 0.255388 
vt 0.670382 0.255388 
vt 0.637726 0.255388 
vt 0.637726 0.271858 
vt 0.670382 0.255388 
vt 0.703038 0.255388 
vt 0.670382 0.242926 
vt 0.703038 0.242926 
vt 0.637726 0.255388 
vt 0.637726 0.242926 
vt 0.530905 0.2365 
vt 0.498381 0.2365 
vt 0.530905 0.25797 
vt 0.498381 0.25797 
vt 0.563428 0.2365 
vt 0.563428 0.25797 
vt 0.631218 0.260086 
vt 0.600626 0.271858 
vt 0.633703 0.271858 
vt 0.428404 0.271858 
vt 0.461233 0.271858 
vt 0.430815 0.25629 
vt 0.530905 0.218405 
vt 0.498381 0.218405 
vt 0.530905 0.2365 
vt 0.498381 0.2365 
vt 0.563428 0.218405 
vt 0.563428 0.2365 
vt 0.670382 0.242926 
vt 0.703038 0.242926 
vt 0.670382 0.224979 
vt 0.703038 0.224979 
vt 0.637726 0.242926 
vt 0.637726 0.224979 
vt 0.568264 0.263231 
vt 0.600626 0.271858 
vt 0.572399 0.248255 
vt 0.567985 0.271858 
vt 0.461233 0.271858 
vt 0.494305 0.271858 
vt 0.493444 0.261237 
vt 0.490114 0.246431 
vt 0.530905 0.200232 
vt 0.498381 0.200232 
vt 0.530905 0.218405 
vt 0.498381 0.218405 
vt 0.563428 0.200232 
vt 0.563428 0.218405 
vt 0.670382 0.224979 
vt 0.703038 0.224979 
vt 0.670382 0.20896 
vt 0.703038 0.20896 
vt 0.637726 0.224979 
vt 0.637726 0.20896 
vt 0.530905 0.187526 
vt 0.498381 0.200232 
vt 0.530905 0.200232 
vt 0.498381 0.187526 
vt 0.563428 0.200232 
vt 0.563428 0.187526 
vt 0.670382 0.20896 
vt 0.703038 0.20896 
vt 0.670382 0.189555 
vt 0.703038 0.189555 
vt 0.637726 0.20896 
vt 0.637726 0.189555 
vt 0.600187 0.229909 
vt 0.600626 0.271858 
vt 0.611143 0.231144 
vt 0.589829 0.230771 
vt 0.450839 0.230265 
vt 0.461233 0.271858 
vt 0.461233 0.22911 
vt 0.474292 0.230811 
vt 0.611143 0.231144 
vt 0.600626 0.271858 
vt 0.619592 0.238003 
vt 0.44243 0.236445 
vt 0.461233 0.271858 
vt 0.450839 0.230265 
vt 0.572399 0.248255 
vt 0.600626 0.271858 
vt 0.579543 0.237239 
vt 0.589829 0.230771 
vt 0.461233 0.271858 
vt 0.490114 0.246431 
vt 0.483051 0.235979 
vt 0.474292 0.230811 
vt 0.600626 0.271858 
vt 0.631218 0.260086 
vt 0.6274 0.248196 
vt 0.619592 0.238003 
vt 0.430815 0.25629 
vt 0.461233 0.271858 
vt 0.434655 0.2455 
vt 0.44243 0.236445 
vt 0.670382 0.232978 
vt 0.703038 0.232978 
vt 0.703038 0.252418 
vt 0.670382 0.213538 
vt 0.703038 0.213538 
vt 0.670382 0.194098 
vt 0.703038 0.194099 
vt 0.637726 0.213538 
vt 0.637726 0.194098 
vt 0.637726 0.232978 
vt 0.670382 0.252418 
vt 0.703038 0.271858 
vt 0.637726 0.252418 
vt 0.670382 0.271858 
vt 0.637726 0.271858 
vt 0.567985 0.252415 
vt 0.600626 0.232956 
vt 0.600626 0.252407 
vt 0.567985 0.271858 
vt 0.600626 0.271858 
vt 0.567985 0.232973 
vt 0.633703 0.252418 
vt 0.633703 0.271858 
vt 0.633703 0.232978 
vt 0.633703 0.213537 
vt 0.600626 0.213505 
vt 0.633703 0.194097 
vt 0.567985 0.21353 
vt 0.600626 0.194054 
vt 0.567985 0.194088 
vt 0.461233 0.232956 
vt 0.494305 0.232973 
vt 0.494305 0.252415 
vt 0.461233 0.213505 
vt 0.494305 0.21353 
vt 0.461233 0.194054 
vt 0.494305 0.194088 
vt 0.428404 0.193993 
vt 0.428404 0.213459 
vt 0.428404 0.232925 
vt 0.461233 0.252407 
vt 0.494305 0.271858 
vt 0.428404 0.252391 
vt 0.461233 0.271858 
vt 0.428404 0.271858 
vt 0.530905 0.252415 
vt 0.498381 0.252415 
vt 0.498381 0.232973 
vt 0.530905 0.271858 
vt 0.498381 0.271858 
vt 0.563428 0.271858 
vt 0.563428 0.252415 
vt 0.530905 0.232973 
vt 0.498381 0.21353 
vt 0.563428 0.232973 
vt 0.530905 0.21353 
vt 0.563428 0.21353 
vt 0.530905 0.194088 
vt 0.498381 0.194088 
vt 0.563428 0.194088 

usemtl Player1Mtl

f 3647/3647/3647 3648/3648/3648 3649/3649/3649 
f 3648/3648/3648 3647/3647/3647 3650/3650/3650 
f 3651/3651/3651 3652/3652/3652 3653/3653/3653 
f 3652/3652/3652 3651/3651/3651 3654/3654/3654 
f 3655/3655/3655 3656/3656/3656 3657/3657/3657 
f 3656/3656/3656 3655/3655/3655 3658/3658/3658 
f 3659/3659/3659 3660/3660/3660 3661/3661/3661 
f 3660/3660/3660 3659/3659/3659 3662/3662/3662 
f 3663/3663/3663 3664/3664/3664 3665/3665/3665 
f 3664/3664/3664 3663/3663/3663 3666/3666/3666 
f 3667/3667/3667 3668/3668/3668 3669/3669/3669 
f 3668/3668/3668 3667/3667/3667 3670/3670/3670 
f 3668/3668/3668 3671/3671/3671 3669/3669/3669 
f 3671/3671/3671 3668/3668/3668 3672/3672/3672 
f 3673/3673/3673 3674/3674/3674 3675/3675/3675 
f 3674/3674/3674 3673/3673/3673 3676/3676/3676 
f 3677/3677/3677 3678/3678/3678 3679/3679/3679 
f 3678/3678/3678 3677/3677/3677 3680/3680/3680 
f 3681/3681/3681 3682/3682/3682 3683/3683/3683 
f 3684/3684/3684 3683/3683/3683 3682/3682/3682 
f 3685/3685/3685 3686/3686/3686 3687/3687/3687 
f 3686/3686/3686 3685/3685/3685 3688/3688/3688 
f 3689/3689/3689 3690/3690/3690 3691/3691/3691 
f 3691/3691/3691 3690/3690/3690 3692/3692/3692 
f 3693/3693/3693 3694/3694/3694 3695/3695/3695 
f 3694/3694/3694 3693/3693/3693 3696/3696/3696 
f 3694/3694/3694 3697/3697/3697 3695/3695/3695 
f 3697/3697/3697 3694/3694/3694 3698/3698/3698 
f 3699/3699/3699 3700/3700/3700 3701/3701/3701 
f 3700/3700/3700 3699/3699/3699 3702/3702/3702 
f 3702/3702/3702 3703/3703/3703 3700/3700/3700 
f 3704/3704/3704 3700/3700/3700 3703/3703/3703 
f 3705/3705/3705 3706/3706/3706 3707/3707/3707 
f 3706/3706/3706 3708/3708/3708 3707/3707/3707 
f 3709/3709/3709 3710/3710/3710 3711/3711/3711 
f 3711/3711/3711 3712/3712/3712 3709/3709/3709 
f 3713/3713/3713 3714/3714/3714 3715/3715/3715 
f 3715/3715/3715 3714/3714/3714 3716/3716/3716 
f 3717/3717/3717 3718/3718/3718 3719/3719/3719 
f 3718/3718/3718 3717/3717/3717 3720/3720/3720 
f 3721/3721/3721 3722/3722/3722 3723/3723/3723 
f 3722/3722/3722 3724/3724/3724 3723/3723/3723 
f 3725/3725/3725 3726/3726/3726 3727/3727/3727 
f 3726/3726/3726 3725/3725/3725 3728/3728/3728 
f 3729/3729/3729 3730/3730/3730 3731/3731/3731 
f 3730/3730/3730 3729/3729/3729 3732/3732/3732 
f 3733/3733/3733 3734/3734/3734 3735/3735/3735 
f 3735/3735/3735 3736/3736/3736 3733/3733/3733 
f 3737/3737/3737 3738/3738/3738 3739/3739/3739 
f 3738/3738/3738 3737/3737/3737 3740/3740/3740 
f 3741/3741/3741 3742/3742/3742 3743/3743/3743 
f 3742/3742/3742 3741/3741/3741 3744/3744/3744 
f 3745/3745/3745 3746/3746/3746 3747/3747/3747 
f 3746/3746/3746 3745/3745/3745 3748/3748/3748 
f 3749/3749/3749 3750/3750/3750 3751/3751/3751 
f 3751/3751/3751 3750/3750/3750 3752/3752/3752 
f 3753/3753/3753 3754/3754/3754 3755/3755/3755 
f 3755/3755/3755 3754/3754/3754 3756/3756/3756 
f 3757/3757/3757 3758/3758/3758 3759/3759/3759 
f 3757/3757/3757 3760/3760/3760 3758/3758/3758 
f 3761/3761/3761 3762/3762/3762 3763/3763/3763 
f 3762/3762/3762 3761/3761/3761 3764/3764/3764 
f 3765/3765/3765 3766/3766/3766 3767/3767/3767 
f 3766/3766/3766 3765/3765/3765 3768/3768/3768 
f 3769/3769/3769 3770/3770/3770 3771/3771/3771 
f 3770/3770/3770 3769/3769/3769 3772/3772/3772 
f 3773/3773/3773 3774/3774/3774 3775/3775/3775 
f 3774/3774/3774 3773/3773/3773 3776/3776/3776 
f 3777/3777/3777 3778/3778/3778 3779/3779/3779 
f 3778/3778/3778 3777/3777/3777 3780/3780/3780 
f 3781/3781/3781 3782/3782/3782 3783/3783/3783 
f 3782/3782/3782 3781/3781/3781 3784/3784/3784 
f 3785/3785/3785 3786/3786/3786 3787/3787/3787 
f 3786/3786/3786 3785/3785/3785 3788/3788/3788 
f 3789/3789/3789 3790/3790/3790 3791/3791/3791 
f 3790/3790/3790 3789/3789/3789 3792/3792/3792 
f 3793/3793/3793 3794/3794/3794 3795/3795/3795 
f 3795/3795/3795 3794/3794/3794 3796/3796/3796 
f 3797/3797/3797 3798/3798/3798 3799/3799/3799 
f 3799/3799/3799 3800/3800/3800 3797/3797/3797 
f 3801/3801/3801 3802/3802/3802 3803/3803/3803 
f 3802/3802/3802 3801/3801/3801 3804/3804/3804 
f 3805/3805/3805 3806/3806/3806 3807/3807/3807 
f 3806/3806/3806 3805/3805/3805 3808/3808/3808 
f 3809/3809/3809 3810/3810/3810 3811/3811/3811 
f 3811/3811/3811 3810/3810/3810 3812/3812/3812 
f 3813/3813/3813 3814/3814/3814 3815/3815/3815 
f 3814/3814/3814 3813/3813/3813 3816/3816/3816 
f 3817/3817/3817 3818/3818/3818 3819/3819/3819 
f 3818/3818/3818 3817/3817/3817 3820/3820/3820 
f 3821/3821/3821 3822/3822/3822 3823/3823/3823 
f 3823/3823/3823 3822/3822/3822 3824/3824/3824 
f 3825/3825/3825 3826/3826/3826 3827/3827/3827 
f 3827/3827/3827 3828/3828/3828 3825/3825/3825 
f 3829/3829/3829 3830/3830/3830 3831/3831/3831 
f 3830/3830/3830 3829/3829/3829 3832/3832/3832 
f 3833/3833/3833 3834/3834/3834 3835/3835/3835 
f 3835/3835/3835 3834/3834/3834 3836/3836/3836 
f 3837/3837/3837 3838/3838/3838 3839/3839/3839 
f 3839/3839/3839 3840/3840/3840 3837/3837/3837 
f 3841/3841/3841 3842/3842/3842 3843/3843/3843 
f 3842/3842/3842 3841/3841/3841 3844/3844/3844 
f 3845/3845/3845 3846/3846/3846 3847/3847/3847 
f 3846/3846/3846 3845/3845/3845 3848/3848/3848 
f 3849/3849/3849 3850/3850/3850 3851/3851/3851 
f 3851/3851/3851 3850/3850/3850 3852/3852/3852 
f 3853/3853/3853 3854/3854/3854 3855/3855/3855 
f 3855/3855/3855 3856/3856/3856 3853/3853/3853 
f 3857/3857/3857 3858/3858/3858 3859/3859/3859 
f 3858/3858/3858 3857/3857/3857 3860/3860/3860 
f 3861/3861/3861 3862/3862/3862 3863/3863/3863 
f 3862/3862/3862 3861/3861/3861 3864/3864/3864 
f 3865/3865/3865 3866/3866/3866 3867/3867/3867 
f 3866/3866/3866 3868/3868/3868 3867/3867/3867 
f 3868/3868/3868 3866/3866/3866 3869/3869/3869 
f 3869/3869/3869 3870/3870/3870 3868/3868/3868 
f 3870/3870/3870 3869/3869/3869 3871/3871/3871 
f 3872/3872/3872 3873/3873/3873 3874/3874/3874 
f 3872/3872/3872 3875/3875/3875 3873/3873/3873 
f 3875/3875/3875 3872/3872/3872 3876/3876/3876 
f 3876/3876/3876 3877/3877/3877 3875/3875/3875 
f 3875/3875/3875 3877/3877/3877 3878/3878/3878 
f 3878/3878/3878 3877/3877/3877 3879/3879/3879 
f 3880/3880/3880 3881/3881/3881 3882/3882/3882 
f 3881/3881/3881 3880/3880/3880 3883/3883/3883 
f 3884/3884/3884 3883/3883/3883 3880/3880/3880 
f 3884/3884/3884 3885/3885/3885 3883/3883/3883 
f 3885/3885/3885 3886/3886/3886 3887/3887/3887 
f 3880/3880/3880 3888/3888/3888 3884/3884/3884 
f 3882/3882/3882 3889/3889/3889 3880/3880/3880 
f 3888/3888/3888 3880/3880/3880 3889/3889/3889 
f 3889/3889/3889 3882/3882/3882 3890/3890/3890 
f 3890/3890/3890 3891/3891/3891 3892/3892/3892 
f 3889/3889/3889 3893/3893/3893 3888/3888/3888 
f 3893/3893/3893 3889/3889/3889 3894/3894/3894 
f 3893/3893/3893 3895/3895/3895 3888/3888/3888 
f 3889/3889/3889 3896/3896/3896 3894/3894/3894 
f 3896/3896/3896 3889/3889/3889 3897/3897/3897 
f 3896/3896/3896 3897/3897/3897 3898/3898/3898 
f 3895/3895/3895 3899/3899/3899 3888/3888/3888 
f 3900/3900/3900 3888/3888/3888 3899/3899/3899 
f 3888/3888/3888 3900/3900/3900 3901/3901/3901 
f 3902/3902/3902 3901/3901/3901 3900/3900/3900 
f 3901/3901/3901 3902/3902/3902 3903/3903/3903 
f 3904/3904/3904 3905/3905/3905 3906/3906/3906 
f 3905/3905/3905 3904/3904/3904 3907/3907/3907 
f 3907/3907/3907 3908/3908/3908 3905/3905/3905 
f 3908/3908/3908 3907/3907/3907 3909/3909/3909 
f 3906/3906/3906 3910/3910/3910 3904/3904/3904 
f 3910/3910/3910 3906/3906/3906 3911/3911/3911 
f 3911/3911/3911 3912/3912/3912 3910/3910/3910 
f 3911/3911/3911 3913/3913/3913 3912/3912/3912 
f 3914/3914/3914 3915/3915/3915 3916/3916/3916 
f 3916/3916/3916 3917/3917/3917 3914/3914/3914 
f 3917/3917/3917 3916/3916/3916 3918/3918/3918 
f 3915/3915/3915 3914/3914/3914 3919/3919/3919 
f 3919/3919/3919 3920/3920/3920 3915/3915/3915 
f 3920/3920/3920 3919/3919/3919 3921/3921/3921 
f 3921/3921/3921 3922/3922/3922 3920/3920/3920 
f 3922/3922/3922 3921/3921/3921 3923/3923/3923 
f 3924/3924/3924 3925/3925/3925 3926/3926/3926 
f 3927/3927/3927 3926/3926/3926 3925/3925/3925 
f 3925/3925/3925 3924/3924/3924 3928/3928/3928 
f 3929/3929/3929 3928/3928/3928 3924/3924/3924 
f 3928/3928/3928 3929/3929/3929 3930/3930/3930 
f 3926/3926/3926 3927/3927/3927 3931/3931/3931 
f 3932/3932/3932 3931/3931/3931 3927/3927/3927 
f 3931/3931/3931 3932/3932/3932 3933/3933/3933 
f 3934/3934/3934 3935/3935/3935 3936/3936/3936 
f 3937/3937/3937 3936/3936/3936 3935/3935/3935 
f 3935/3935/3935 3934/3934/3934 3938/3938/3938 
f 3939/3939/3939 3938/3938/3938 3934/3934/3934 
f 3938/3938/3938 3939/3939/3939 3940/3940/3940 
f 3936/3936/3936 3937/3937/3937 3941/3941/3941 
f 3942/3942/3942 3941/3941/3941 3937/3937/3937 
f 3941/3941/3941 3942/3942/3942 3943/3943/3943 
f 3944/3944/3944 3945/3945/3945 3946/3946/3946 
f 3945/3945/3945 3944/3944/3944 3947/3947/3947 
f 3947/3947/3947 3948/3948/3948 3945/3945/3945 
f 3948/3948/3948 3947/3947/3947 3949/3949/3949 
f 3946/3946/3946 3950/3950/3950 3944/3944/3944 
f 3950/3950/3950 3946/3946/3946 3951/3951/3951 
f 3951/3951/3951 3952/3952/3952 3950/3950/3950 
f 3951/3951/3951 3953/3953/3953 3952/3952/3952 
f 3954/3954/3954 3955/3955/3955 3956/3956/3956 
f 3957/3957/3957 3954/3954/3954 3956/3956/3956 
f 3954/3954/3954 3957/3957/3957 3958/3958/3958 
f 3959/3959/3959 3956/3956/3956 3955/3955/3955 
f 3955/3955/3955 3960/3960/3960 3959/3959/3959 
f 3961/3961/3961 3959/3959/3959 3960/3960/3960 
f 3960/3960/3960 3962/3962/3962 3961/3961/3961 
f 3963/3963/3963 3961/3961/3961 3962/3962/3962 
f 3964/3964/3964 3965/3965/3965 3966/3966/3966 
f 3967/3967/3967 3966/3966/3966 3965/3965/3965 
f 3965/3965/3965 3964/3964/3964 3968/3968/3968 
f 3969/3969/3969 3968/3968/3968 3964/3964/3964 
f 3968/3968/3968 3969/3969/3969 3970/3970/3970 
f 3966/3966/3966 3967/3967/3967 3971/3971/3971 
f 3972/3972/3972 3971/3971/3971 3967/3967/3967 
f 3971/3971/3971 3972/3972/3972 3973/3973/3973 
f 3974/3974/3974 3975/3975/3975 3976/3976/3976 
f 3976/3976/3976 3977/3977/3977 3974/3974/3974 
f 3977/3977/3977 3976/3976/3976 3978/3978/3978 
f 3975/3975/3975 3974/3974/3974 3979/3979/3979 
f 3979/3979/3979 3980/3980/3980 3975/3975/3975 
f 3980/3980/3980 3979/3979/3979 3981/3981/3981 
f 3981/3981/3981 3982/3982/3982 3980/3980/3980 
f 3982/3982/3982 3981/3981/3981 3983/3983/3983 
f 3984/3984/3984 3985/3985/3985 3986/3986/3986 
f 3985/3985/3985 3984/3984/3984 3987/3987/3987 
f 3988/3988/3988 3986/3986/3986 3985/3985/3985 
f 3988/3988/3988 3985/3985/3985 3989/3989/3989 
f 3990/3990/3990 3991/3991/3991 3992/3992/3992 
f 3990/3990/3990 3992/3992/3992 3993/3993/3993 
f 3993/3993/3993 3994/3994/3994 3990/3990/3990 
f 3995/3995/3995 3990/3990/3990 3994/3994/3994 
f 3996/3996/3996 3997/3997/3997 3998/3998/3998 
f 3999/3999/3999 3998/3998/3998 3997/3997/3997 
f 3998/3998/3998 4000/4000/4000 3996/3996/3996 
f 3998/3998/3998 4001/4001/4001 4000/4000/4000 
f 4002/4002/4002 4003/4003/4003 4004/4004/4004 
f 4005/4005/4005 4004/4004/4004 4003/4003/4003 
f 4004/4004/4004 4006/4006/4006 4002/4002/4002 
f 4004/4004/4004 4007/4007/4007 4006/4006/4006 
f 4008/4008/4008 4009/4009/4009 4010/4010/4010 
f 4011/4011/4011 4012/4012/4012 4013/4013/4013 
f 4014/4014/4014 4015/4015/4015 4016/4016/4016 
f 4017/4017/4017 4016/4016/4016 4015/4015/4015 
f 4016/4016/4016 4018/4018/4018 4014/4014/4014 
f 4016/4016/4016 4019/4019/4019 4018/4018/4018 
f 4020/4020/4020 4021/4021/4021 4022/4022/4022 
f 4023/4023/4023 4022/4022/4022 4021/4021/4021 
f 4022/4022/4022 4024/4024/4024 4020/4020/4020 
f 4022/4022/4022 4025/4025/4025 4024/4024/4024 
f 4026/4026/4026 4027/4027/4027 4028/4028/4028 
f 4029/4029/4029 4027/4027/4027 4026/4026/4026 
f 4030/4030/4030 4031/4031/4031 4032/4032/4032 
f 4030/4030/4030 4032/4032/4032 4033/4033/4033 
f 4034/4034/4034 4035/4035/4035 4036/4036/4036 
f 4037/4037/4037 4036/4036/4036 4035/4035/4035 
f 4036/4036/4036 4038/4038/4038 4034/4034/4034 
f 4036/4036/4036 4039/4039/4039 4038/4038/4038 
f 4040/4040/4040 4041/4041/4041 4042/4042/4042 
f 4043/4043/4043 4042/4042/4042 4041/4041/4041 
f 4042/4042/4042 4044/4044/4044 4040/4040/4040 
f 4042/4042/4042 4045/4045/4045 4044/4044/4044 
f 4046/4046/4046 4047/4047/4047 4048/4048/4048 
f 4047/4047/4047 4046/4046/4046 4049/4049/4049 
f 4050/4050/4050 4046/4046/4046 4048/4048/4048 
f 4046/4046/4046 4050/4050/4050 4051/4051/4051 
f 4052/4052/4052 4053/4053/4053 4054/4054/4054 
f 4055/4055/4055 4054/4054/4054 4053/4053/4053 
f 4054/4054/4054 4056/4056/4056 4052/4052/4052 
f 4054/4054/4054 4057/4057/4057 4056/4056/4056 
f 4058/4058/4058 4059/4059/4059 4060/4060/4060 
f 4061/4061/4061 4059/4059/4059 4058/4058/4058 
f 4062/4062/4062 4063/4063/4063 4064/4064/4064 
f 4063/4063/4063 4065/4065/4065 4064/4064/4064 
f 4066/4066/4066 4067/4067/4067 4068/4068/4068 
f 4069/4069/4069 4070/4070/4070 4071/4071/4071 
f 4072/4072/4072 4073/4073/4073 4074/4074/4074 
f 4073/4073/4073 4075/4075/4075 4074/4074/4074 
f 4076/4076/4076 4077/4077/4077 4078/4078/4078 
f 4076/4076/4076 4078/4078/4078 4079/4079/4079 
f 4080/4080/4080 4081/4081/4081 4082/4082/4082 
f 4080/4080/4080 4082/4082/4082 4083/4083/4083 
f 4084/4084/4084 4085/4085/4085 4086/4086/4086 
f 4086/4086/4086 4085/4085/4085 4087/4087/4087 
f 4088/4088/4088 4089/4089/4089 4090/4090/4090 
f 4091/4091/4091 4089/4089/4089 4088/4088/4088 
f 4091/4091/4091 4092/4092/4092 4089/4089/4089 
f 4093/4093/4093 4092/4092/4092 4091/4091/4091 
f 4093/4093/4093 4094/4094/4094 4092/4092/4092 
f 4091/4091/4091 4095/4095/4095 4093/4093/4093 
f 4095/4095/4095 4091/4091/4091 4088/4088/4088 
f 4096/4096/4096 4093/4093/4093 4095/4095/4095 
f 4095/4095/4095 4088/4088/4088 4097/4097/4097 
f 4088/4088/4088 4090/4090/4090 4098/4098/4098 
f 4097/4097/4097 4088/4088/4088 4098/4098/4098 
f 4098/4098/4098 4090/4090/4090 4099/4099/4099 
f 4097/4097/4097 4098/4098/4098 4100/4100/4100 
f 4098/4098/4098 4099/4099/4099 4101/4101/4101 
f 4100/4100/4100 4098/4098/4098 4101/4101/4101 
f 4100/4100/4100 4101/4101/4101 4102/4102/4102 
f 4103/4103/4103 4104/4104/4104 4105/4105/4105 
f 4105/4105/4105 4106/4106/4106 4103/4103/4103 
f 4106/4106/4106 4105/4105/4105 4107/4107/4107 
f 4104/4104/4104 4103/4103/4103 4108/4108/4108 
f 4109/4109/4109 4107/4107/4107 4105/4105/4105 
f 4107/4107/4107 4109/4109/4109 4110/4110/4110 
f 4105/4105/4105 4111/4111/4111 4109/4109/4109 
f 4111/4111/4111 4105/4105/4105 4104/4104/4104 
f 4104/4104/4104 4112/4112/4112 4111/4111/4111 
f 4108/4108/4108 4113/4113/4113 4104/4104/4104 
f 4112/4112/4112 4104/4104/4104 4113/4113/4113 
f 4113/4113/4113 4114/4114/4114 4112/4112/4112 
f 4113/4113/4113 4108/4108/4108 4115/4115/4115 
f 4114/4114/4114 4113/4113/4113 4116/4116/4116 
f 4115/4115/4115 4116/4116/4116 4113/4113/4113 
f 4116/4116/4116 4115/4115/4115 4117/4117/4117 
f 4118/4118/4118 4119/4119/4119 4120/4120/4120 
f 4119/4119/4119 4118/4118/4118 4121/4121/4121 
f 4121/4121/4121 4122/4122/4122 4119/4119/4119 
f 4122/4122/4122 4121/4121/4121 4123/4123/4123 
f 4123/4123/4123 4124/4124/4124 4122/4122/4122 
f 4121/4121/4121 4125/4125/4125 4123/4123/4123 
f 4125/4125/4125 4121/4121/4121 4126/4126/4126 
f 4118/4118/4118 4126/4126/4126 4121/4121/4121 
f 4126/4126/4126 4118/4118/4118 4127/4127/4127 
f 4120/4120/4120 4128/4128/4128 4118/4118/4118 
f 4128/4128/4128 4127/4127/4127 4118/4118/4118 
f 4128/4128/4128 4120/4120/4120 4129/4129/4129 
f 4127/4127/4127 4128/4128/4128 4130/4130/4130 
f 4129/4129/4129 4131/4131/4131 4128/4128/4128 
f 4131/4131/4131 4130/4130/4130 4128/4128/4128 
f 4130/4130/4130 4131/4131/4131 4132/4132/4132 
f 4133/4133/4133 4134/4134/4134 4135/4135/4135 
f 4136/4136/4136 4137/4137/4137 4134/4134/4134 
f 4136/4136/4136 4134/4134/4134 4133/4133/4133 
f 4133/4133/4133 4138/4138/4138 4136/4136/4136 
f 4138/4138/4138 4133/4133/4133 4139/4139/4139 
f 4133/4133/4133 4135/4135/4135 4140/4140/4140 
f 4140/4140/4140 4139/4139/4139 4133/4133/4133 
f 4140/4140/4140 4135/4135/4135 4141/4141/4141 
f 4139/4139/4139 4140/4140/4140 4142/4142/4142 
f 4143/4143/4143 4142/4142/4142 4140/4140/4140 
f 4140/4140/4140 4141/4141/4141 4143/4143/4143 
f 4142/4142/4142 4143/4143/4143 4144/4144/4144 
f 4141/4141/4141 4145/4145/4145 4143/4143/4143 
f 4145/4145/4145 4144/4144/4144 4143/4143/4143 
f 4145/4145/4145 4141/4141/4141 4146/4146/4146 
f 4144/4144/4144 4145/4145/4145 4147/4147/4147 

g Player8

v -0.00588733 99.9782 0.33744 
v -0.0396078 100.167 0.368552 
v -0.0329697 99.9771 0.367489 
v -0.0125254 100.168 0.338502 
v -0.0329697 99.9771 0.367489 
v -0.0666902 100.166 0.398602 
v -0.0600522 99.976 0.397539 
v -0.0396078 100.167 0.368552 
v -0.124175 99.9791 -0.552938 
v -0.164165 100.168 -0.57239 
v -0.130813 100.169 -0.551876 
v -0.157527 99.978 -0.573453 
v -0.164165 100.168 -0.57239 
v -0.157527 99.978 -0.573453 
v -0.197502 100.167 -0.592805 
v -0.190864 99.977 -0.593868 
v -0.926112 99.945 0.511781 
v -0.968033 100.133 0.491021 
v -0.961395 99.9439 0.489958 
v -0.93275 100.135 0.512844 
v -0.961395 99.9439 0.489958 
v -1.00332 100.132 0.469197 
v -0.996677 99.9428 0.468135 
v -0.968033 100.133 0.491021 
v -1.0921 100.134 -0.449281 
v -1.08546 99.9448 -0.450343 
v -1.12064 100.133 -0.419995 
v -1.114 99.9437 -0.421058 
v -1.08546 99.9448 -0.450343 
v -1.0921 100.134 -0.449281 
v -1.06356 100.136 -0.478563 
v -1.05692 99.946 -0.479625 
v -0.0754673 100.225 0.348276 
v -0.0396078 100.167 0.368552 
v -0.0125254 100.168 0.338502 
v -0.0754673 100.225 0.348276 
v -0.0666902 100.166 0.398602 
v -0.0396078 100.167 0.368552 
v -0.192975 100.226 -0.542305 
v -0.164165 100.168 -0.57239 
v -0.197502 100.167 -0.592805 
v -0.192975 100.226 -0.542305 
v -0.130813 100.169 -0.551876 
v -0.164165 100.168 -0.57239 
v -0.9416 100.195 0.462528 
v -0.968033 100.133 0.491021 
v -0.93275 100.135 0.512844 
v -0.9416 100.195 0.462528 
v -1.00332 100.132 0.469197 
v -0.968033 100.133 0.491021 
v -1.05904 100.195 -0.428063 
v -1.06356 100.136 -0.478563 
v -1.0921 100.134 -0.449281 
v -1.0921 100.134 -0.449281 
v -1.12064 100.133 -0.419995 
v -1.05904 100.195 -0.428063 
v -0.0600522 99.976 0.397539 
v -0.49972 100.15 0.455723 
v -0.493082 99.9605 0.45466 
v -0.0666902 100.166 0.398602 
v -0.93275 100.135 0.512844 
v -0.926112 99.945 0.511781 
v -0.0716694 100.168 -0.106687 
v -0.0125254 100.168 0.338502 
v -0.0650313 99.9786 -0.107749 
v -0.00588733 99.9782 0.33744 
v -0.124175 99.9791 -0.552938 
v -0.130813 100.169 -0.551876 
v -1.05534 99.9432 0.0235386 
v -0.996677 99.9428 0.468135 
v -1.06198 100.133 0.024601 
v -1.00332 100.132 0.469197 
v -1.12064 100.133 -0.419995 
v -1.114 99.9437 -0.421058 
v -0.190864 99.977 -0.593868 
v -0.623894 99.9615 -0.536747 
v -0.197502 100.167 -0.592805 
v -0.630532 100.151 -0.535684 
v -1.05692 99.946 -0.479625 
v -1.06356 100.136 -0.478563 
v -0.197502 100.167 -0.592805 
v -0.630532 100.151 -0.535684 
v -0.192975 100.226 -0.542305 
v -0.626005 100.211 -0.485184 
v -1.06356 100.136 -0.478563 
v -1.05904 100.195 -0.428063 
v -0.49972 100.15 0.455723 
v -0.0666902 100.166 0.398602 
v -0.0754673 100.225 0.348276 
v -0.508534 100.21 0.405402 
v -0.93275 100.135 0.512844 
v -0.9416 100.195 0.462528 
v -0.134221 100.226 -0.0970146 
v -0.0125254 100.168 0.338502 
v -0.0716694 100.168 -0.106687 
v -0.0754673 100.225 0.348276 
v -0.192975 100.226 -0.542305 
v -0.130813 100.169 -0.551876 
v -1.06198 100.133 0.024601 
v -1.00332 100.132 0.469197 
v -1.00032 100.195 0.0172324 
v -0.9416 100.195 0.462528 
v -1.05904 100.195 -0.428063 
v -1.12064 100.133 -0.419995 
v -0.508534 100.21 0.405402 
v -0.250295 100.27 0.242278 
v -0.535123 100.26 0.27985 
v -0.0754673 100.225 0.348276 
v -0.81995 100.25 0.317421 
v -0.9416 100.195 0.462528 
v -0.618698 100.261 -0.353561 
v -0.333871 100.271 -0.391132 
v -0.626005 100.211 -0.485184 
v -0.192975 100.226 -0.542305 
v -0.903526 100.251 -0.315989 
v -1.05904 100.195 -0.428063 
v -1.00032 100.195 0.0172324 
v -0.81995 100.25 0.317421 
v -0.861738 100.25 0.00071618 
v -0.9416 100.195 0.462528 
v -0.903526 100.251 -0.315989 
v -1.05904 100.195 -0.428063 
v -0.250295 100.27 0.242278 
v -0.134221 100.226 -0.0970146 
v -0.292083 100.271 -0.0744271 
v -0.0754673 100.225 0.348276 
v -0.333871 100.271 -0.391132 
v -0.192975 100.226 -0.542305 
v -0.903526 100.251 -0.315989 
v -0.861738 100.25 0.00071618 
v -0.576813 100.26 -0.0363149 
v -0.81995 100.25 0.317421 
v -0.618698 100.261 -0.353561 
v -0.333871 100.271 -0.391132 
v -0.535123 100.26 0.27985 
v -0.576813 100.26 -0.0363149 
v -0.81995 100.25 0.317421 
v -0.250295 100.27 0.242278 
v -0.576813 100.26 -0.0363149 
v -0.250295 100.27 0.242278 
v -0.292083 100.271 -0.0744271 
v -0.333871 100.271 -0.391132 
v -1.0503 99.9459 -0.42946 
v -1.114 99.9437 -0.421058 
v -1.08546 99.9448 -0.450343 
v -0.55852 99.961 -0.0412908 
v -0.125491 99.9765 -0.0984119 
v -0.0667366 99.976 0.346879 
v -0.617275 99.9614 -0.486581 
v -0.184245 99.9769 -0.543702 
v -0.190864 99.977 -0.593868 
v -0.157527 99.978 -0.573453 
v -0.623894 99.9615 -0.536747 
v -1.0503 99.9459 -0.42946 
v -1.05692 99.946 -0.479625 
v -1.08546 99.9448 -0.450343 
v -0.99155 99.9455 0.0158302 
v -1.05534 99.9432 0.0235386 
v -1.114 99.9437 -0.421058 
v -0.996677 99.9428 0.468135 
v -0.499766 99.9605 0.404 
v -0.932796 99.9451 0.461121 
v -0.961395 99.9439 0.489958 
v -0.926112 99.945 0.511781 
v -0.493082 99.9605 0.45466 
v -0.0600522 99.976 0.397539 
v -0.0667366 99.976 0.346879 
v -0.0329697 99.9771 0.367489 
v -0.00588733 99.9782 0.33744 
v -0.125491 99.9765 -0.0984119 
v -0.0650313 99.9786 -0.107749 
v -0.184245 99.9769 -0.543702 
v -0.124175 99.9791 -0.552938 
v -0.157527 99.978 -0.573453 

vn 0.740157 0.023622 0.669291 
vn 0.740157 0.023622 0.669291 
vn 0.740157 0.023622 0.669291 
vn 0.740157 0.023622 0.669291 
vn 0.740157 0.023622 0.669291 
vn 0.740157 0.023622 0.669291 
vn 0.740157 0.023622 0.669291 
vn 0.740157 0.023622 0.669291 
vn 0.519685 0.023622 -0.850394 
vn 0.519685 0.023622 -0.850394 
vn 0.519685 0.023622 -0.850394 
vn 0.519685 0.023622 -0.850394 
vn 0.519685 0.023622 -0.850394 
vn 0.519685 0.023622 -0.850394 
vn 0.519685 0.023622 -0.850394 
vn 0.519685 0.023622 -0.850394 
vn -0.527559 -0.023622 0.850394 
vn -0.527559 -0.023622 0.850394 
vn -0.527559 -0.023622 0.850394 
vn -0.527559 -0.023622 0.850394 
vn -0.527559 -0.023622 0.850394 
vn -0.527559 -0.023622 0.850394 
vn -0.527559 -0.023622 0.850394 
vn -0.527559 -0.023622 0.850394 
vn -0.716535 -0.023622 -0.700787 
vn -0.716535 -0.023622 -0.700787 
vn -0.716535 -0.023622 -0.700787 
vn -0.716535 -0.023622 -0.700787 
vn -0.716535 -0.023622 -0.700787 
vn -0.716535 -0.023622 -0.700787 
vn -0.716535 -0.023622 -0.700787 
vn -0.716535 -0.023622 -0.700787 
vn 0.606299 0.566929 0.566929 
vn 0.606299 0.566929 0.566929 
vn 0.606299 0.566929 0.566929 
vn 0.606299 0.566929 0.566929 
vn 0.606299 0.566929 0.566929 
vn 0.606299 0.566929 0.566929 
vn 0.417323 0.566929 -0.708661 
vn 0.417323 0.566929 -0.708661 
vn 0.417323 0.566929 -0.708661 
vn 0.417323 0.566929 -0.708661 
vn 0.417323 0.566929 -0.708661 
vn 0.417323 0.566929 -0.708661 
vn -0.456693 0.527559 0.716535 
vn -0.456693 0.527559 0.716535 
vn -0.456693 0.527559 0.716535 
vn -0.456693 0.527559 0.716535 
vn -0.456693 0.527559 0.716535 
vn -0.456693 0.527559 0.716535 
vn -0.614173 0.535433 -0.574803 
vn -0.614173 0.535433 -0.574803 
vn -0.614173 0.535433 -0.574803 
vn -0.614173 0.535433 -0.574803 
vn -0.614173 0.535433 -0.574803 
vn -0.614173 0.535433 -0.574803 
vn 0.133858 0 0.992126 
vn 0.133858 0 0.992126 
vn 0.133858 0 0.992126 
vn 0.133858 0 0.992126 
vn 0.133858 0 0.992126 
vn 0.133858 0 0.992126 
vn 0.992126 0.0314961 -0.133858 
vn 0.992126 0.0314961 -0.133858 
vn 0.992126 0.0314961 -0.133858 
vn 0.992126 0.0314961 -0.133858 
vn 0.992126 0.0314961 -0.133858 
vn 0.992126 0.0314961 -0.133858 
vn -0.992126 -0.0314961 0.133858 
vn -0.992126 -0.0314961 0.133858 
vn -0.992126 -0.0314961 0.133858 
vn -0.992126 -0.0314961 0.133858 
vn -0.992126 -0.0314961 0.133858 
vn -0.992126 -0.0314961 0.133858 
vn -0.133858 0 -0.992126 
vn -0.133858 0 -0.992126 
vn -0.133858 0 -0.992126 
vn -0.133858 0 -0.992126 
vn -0.133858 0 -0.992126 
vn -0.133858 0 -0.992126 
vn -0.125984 0.645669 -0.755906 
vn -0.125984 0.645669 -0.755906 
vn -0.125984 0.645669 -0.755906 
vn -0.125984 0.645669 -0.755906 
vn -0.125984 0.645669 -0.755906 
vn -0.125984 0.645669 -0.755906 
vn 0.0787402 0.645669 0.755906 
vn 0.0787402 0.645669 0.755906 
vn 0.0787402 0.645669 0.755906 
vn 0.0787402 0.645669 0.755906 
vn 0.0787402 0.645669 0.755906 
vn 0.0787402 0.645669 0.755906 
vn 0.669291 0.740157 -0.0866142 
vn 0.669291 0.740157 -0.0866142 
vn 0.669291 0.740157 -0.0866142 
vn 0.669291 0.740157 -0.0866142 
vn 0.669291 0.740157 -0.0866142 
vn 0.669291 0.740157 -0.0866142 
vn -0.700787 0.708661 0.0944882 
vn -0.700787 0.708661 0.0944882 
vn -0.700787 0.708661 0.0944882 
vn -0.700787 0.708661 0.0944882 
vn -0.700787 0.708661 0.0944882 
vn -0.700787 0.708661 0.0944882 
vn 0.015748 0.929134 0.370079 
vn 0.015748 0.929134 0.370079 
vn 0.015748 0.929134 0.370079 
vn 0.015748 0.929134 0.370079 
vn 0.015748 0.929134 0.370079 
vn 0.015748 0.929134 0.370079 
vn -0.0787402 0.937008 -0.354331 
vn -0.0787402 0.937008 -0.354331 
vn -0.0787402 0.937008 -0.354331 
vn -0.0787402 0.937008 -0.354331 
vn -0.0787402 0.937008 -0.354331 
vn -0.0787402 0.937008 -0.354331 
vn -0.362205 0.929134 0.0472441 
vn -0.362205 0.929134 0.0472441 
vn -0.362205 0.929134 0.0472441 
vn -0.362205 0.929134 0.0472441 
vn -0.362205 0.929134 0.0472441 
vn -0.362205 0.929134 0.0472441 
vn 0.267717 0.96063 -0.0314961 
vn 0.267717 0.96063 -0.0314961 
vn 0.267717 0.96063 -0.0314961 
vn 0.267717 0.96063 -0.0314961 
vn 0.267717 0.96063 -0.0314961 
vn 0.267717 0.96063 -0.0314961 
vn -0.0314961 1 0.00787402 
vn -0.0314961 1 0.00787402 
vn -0.0314961 1 0.00787402 
vn -0.0314961 1 0.00787402 
vn -0.0314961 1 0.00787402 
vn -0.0314961 1 0.00787402 
vn -0.0314961 1 0 
vn -0.0314961 1 0 
vn -0.0314961 1 0 
vn -0.0314961 1 0 
vn -0.0393701 1 0.00787402 
vn -0.0393701 1 0.00787402 
vn -0.0393701 1 0.00787402 
vn -0.0393701 1 0.00787402 
vn 0.0314961 -1 -0.00787402 
vn 0.0314961 -1 -0.00787402 
vn 0.0314961 -1 -0.00787402 
vn 0.0314961 -1 -0.00787402 
vn 0.0314961 -1 -0.00787402 
vn 0.0314961 -1 -0.00787402 
vn 0.0314961 -1 -0.00787402 
vn 0.0314961 -1 -0.00787402 
vn 0.0314961 -1 -0.00787402 
vn 0.0314961 -1 -0.00787402 
vn 0.0314961 -1 -0.00787402 
vn 0.0314961 -1 -0.00787402 
vn 0.0314961 -1 -0.00787402 
vn 0.0314961 -1 -0.00787402 
vn 0.0314961 -1 -0.00787402 
vn 0.0314961 -1 -0.00787402 
vn 0.0314961 -1 -0.00787402 
vn 0.0314961 -1 -0.00787402 
vn 0.0314961 -1 -0.00787402 
vn 0.0314961 -1 -0.00787402 
vn 0.0314961 -1 -0.00787402 
vn 0.0314961 -1 -0.00787402 
vn 0.0314961 -1 -0.00787402 
vn 0.0314961 -1 -0.00787402 
vn 0.0314961 -1 -0.00787402 
vn 0.0314961 -1 -0.00787402 
vn 0.0314961 -1 -0.00787402 
vn 0.0314961 -1 -0.00787402 
vn 0.0314961 -1 -0.00787402 
vn 0.0314961 -1 -0.00787402 
vn 0.0314961 -1 -0.00787402 
vn 0.0314961 -1 -0.00787402 

vt 0.427625 0.088384 
vt 0.425974 0.112304 
vt 0.425974 0.088384 
vt 0.427625 0.111945 
vt 0.495347 0.0532517 
vt 0.493706 0.0766844 
vt 0.493878 0.0532517 
vt 0.495347 0.0766844 
vt 0.493878 0.088384 
vt 0.495644 0.111744 
vt 0.493878 0.111744 
vt 0.495644 0.088384 
vt 0.495644 0.111744 
vt 0.495644 0.088384 
vt 0.497627 0.111744 
vt 0.497645 0.088384 
vt 0.427715 0.0532517 
vt 0.425894 0.0770173 
vt 0.425894 0.0532517 
vt 0.427715 0.0770173 
vt 0.635221 0.088384 
vt 0.63319 0.111744 
vt 0.63319 0.088384 
vt 0.635221 0.111744 
vt 0.56531 0.111744 
vt 0.56531 0.088384 
vt 0.567533 0.111744 
vt 0.567558 0.088384 
vt 0.56531 0.088384 
vt 0.56531 0.111744 
vt 0.563276 0.111744 
vt 0.563269 0.088384 
vt 0.425974 0.11581 
vt 0.425974 0.112304 
vt 0.427625 0.111945 
vt 0.495347 0.0808079 
vt 0.493706 0.0766844 
vt 0.495347 0.0766844 
vt 0.495644 0.11581 
vt 0.495644 0.111744 
vt 0.497627 0.111744 
vt 0.495644 0.11581 
vt 0.493878 0.111744 
vt 0.495644 0.111744 
vt 0.425894 0.0808079 
vt 0.425894 0.0770173 
vt 0.427715 0.0770173 
vt 0.635221 0.11581 
vt 0.63319 0.111744 
vt 0.635221 0.111744 
vt 0.56531 0.11581 
vt 0.563276 0.111744 
vt 0.56531 0.111744 
vt 0.56531 0.111744 
vt 0.567533 0.111744 
vt 0.56531 0.11581 
vt 0.493878 0.0532517 
vt 0.460711 0.0768509 
vt 0.460796 0.0532517 
vt 0.493706 0.0766844 
vt 0.427715 0.0770173 
vt 0.427715 0.0532517 
vt 0.460751 0.111845 
vt 0.427625 0.111945 
vt 0.460751 0.088384 
vt 0.427625 0.088384 
vt 0.493878 0.088384 
vt 0.493878 0.111744 
vt 0.600374 0.088384 
vt 0.63319 0.088384 
vt 0.600362 0.111744 
vt 0.63319 0.111744 
vt 0.567533 0.111744 
vt 0.567558 0.088384 
vt 0.497645 0.088384 
vt 0.530457 0.088384 
vt 0.497627 0.111744 
vt 0.530452 0.111744 
vt 0.563269 0.088384 
vt 0.563276 0.111744 
vt 0.497627 0.111744 
vt 0.530452 0.111744 
vt 0.495644 0.11581 
vt 0.530477 0.11581 
vt 0.563276 0.111744 
vt 0.56531 0.11581 
vt 0.460711 0.0768509 
vt 0.493706 0.0766844 
vt 0.495347 0.0808079 
vt 0.460621 0.0808079 
vt 0.427715 0.0770173 
vt 0.425894 0.0808079 
vt 0.460809 0.11581 
vt 0.427625 0.111945 
vt 0.460751 0.111845 
vt 0.425974 0.11581 
vt 0.495644 0.11581 
vt 0.493878 0.111744 
vt 0.600362 0.111744 
vt 0.63319 0.111744 
vt 0.600265 0.11581 
vt 0.635221 0.11581 
vt 0.56531 0.11581 
vt 0.567533 0.111744 
vt 0.618061 0.0806128 
vt 0.606161 0.0730234 
vt 0.618222 0.0729932 
vt 0.600921 0.0805248 
vt 0.630282 0.0729631 
vt 0.635202 0.0807009 
vt 0.618205 0.0329858 
vt 0.606127 0.0329752 
vt 0.618067 0.0251644 
vt 0.600939 0.0253288 
vt 0.630282 0.0329963 
vt 0.635195 0.025 
vt 0.635198 0.0528504 
vt 0.630282 0.0729631 
vt 0.630282 0.0529797 
vt 0.635202 0.0807009 
vt 0.630282 0.0329963 
vt 0.635195 0.025 
vt 0.606161 0.0730234 
vt 0.60093 0.0529268 
vt 0.606144 0.0529993 
vt 0.600921 0.0805248 
vt 0.606127 0.0329752 
vt 0.600939 0.0253288 
vt 0.630282 0.0329963 
vt 0.630282 0.0529797 
vt 0.617972 0.052896 
vt 0.630282 0.0729631 
vt 0.618205 0.0329858 
vt 0.606127 0.0329752 
vt 0.618222 0.0729932 
vt 0.617972 0.052896 
vt 0.630282 0.0729631 
vt 0.606161 0.0730234 
vt 0.617972 0.052896 
vt 0.606161 0.0730234 
vt 0.606144 0.0529993 
vt 0.606127 0.0329752 
vt 0.705258 0.110472 
vt 0.709315 0.110368 
vt 0.707322 0.113228 
vt 0.674488 0.0599765 
vt 0.643717 0.0599765 
vt 0.643717 0.00948107 
vt 0.674488 0.110472 
vt 0.643717 0.110472 
vt 0.643778 0.115857 
vt 0.641851 0.113163 
vt 0.674518 0.115921 
vt 0.705258 0.110472 
vt 0.705258 0.115985 
vt 0.707322 0.113228 
vt 0.705258 0.0599765 
vt 0.709316 0.0600054 
vt 0.709315 0.110368 
vt 0.709316 0.00964314 
vt 0.674488 0.00948107 
vt 0.705258 0.00948107 
vt 0.707287 0.00679183 
vt 0.705258 0.00394058 
vt 0.674525 0.00400639 
vt 0.643791 0.00407219 
vt 0.643717 0.00948107 
vt 0.641795 0.00685531 
vt 0.639798 0.00963843 
vt 0.643717 0.0599765 
vt 0.639859 0.0600513 
vt 0.643717 0.110472 
vt 0.63992 0.110464 
vt 0.641851 0.113163 

usemtl Player1Mtl

f 4148/4148/4148 4149/4149/4149 4150/4150/4150 
f 4149/4149/4149 4148/4148/4148 4151/4151/4151 
f 4152/4152/4152 4153/4153/4153 4154/4154/4154 
f 4153/4153/4153 4152/4152/4152 4155/4155/4155 
f 4156/4156/4156 4157/4157/4157 4158/4158/4158 
f 4157/4157/4157 4156/4156/4156 4159/4159/4159 
f 4160/4160/4160 4161/4161/4161 4162/4162/4162 
f 4162/4162/4162 4161/4161/4161 4163/4163/4163 
f 4164/4164/4164 4165/4165/4165 4166/4166/4166 
f 4165/4165/4165 4164/4164/4164 4167/4167/4167 
f 4168/4168/4168 4169/4169/4169 4170/4170/4170 
f 4169/4169/4169 4168/4168/4168 4171/4171/4171 
f 4172/4172/4172 4173/4173/4173 4174/4174/4174 
f 4174/4174/4174 4173/4173/4173 4175/4175/4175 
f 4176/4176/4176 4177/4177/4177 4178/4178/4178 
f 4178/4178/4178 4179/4179/4179 4176/4176/4176 
f 4180/4180/4180 4181/4181/4181 4182/4182/4182 
f 4183/4183/4183 4184/4184/4184 4185/4185/4185 
f 4186/4186/4186 4187/4187/4187 4188/4188/4188 
f 4189/4189/4189 4190/4190/4190 4191/4191/4191 
f 4192/4192/4192 4193/4193/4193 4194/4194/4194 
f 4195/4195/4195 4196/4196/4196 4197/4197/4197 
f 4198/4198/4198 4199/4199/4199 4200/4200/4200 
f 4201/4201/4201 4202/4202/4202 4203/4203/4203 
f 4204/4204/4204 4205/4205/4205 4206/4206/4206 
f 4205/4205/4205 4204/4204/4204 4207/4207/4207 
f 4208/4208/4208 4206/4206/4206 4205/4205/4205 
f 4206/4206/4206 4208/4208/4208 4209/4209/4209 
f 4210/4210/4210 4211/4211/4211 4212/4212/4212 
f 4212/4212/4212 4211/4211/4211 4213/4213/4213 
f 4214/4214/4214 4210/4210/4210 4212/4212/4212 
f 4215/4215/4215 4210/4210/4210 4214/4214/4214 
f 4216/4216/4216 4217/4217/4217 4218/4218/4218 
f 4218/4218/4218 4217/4217/4217 4219/4219/4219 
f 4220/4220/4220 4216/4216/4216 4218/4218/4218 
f 4221/4221/4221 4216/4216/4216 4220/4220/4220 
f 4222/4222/4222 4223/4223/4223 4224/4224/4224 
f 4225/4225/4225 4224/4224/4224 4223/4223/4223 
f 4223/4223/4223 4226/4226/4226 4225/4225/4225 
f 4227/4227/4227 4225/4225/4225 4226/4226/4226 
f 4228/4228/4228 4229/4229/4229 4230/4230/4230 
f 4231/4231/4231 4230/4230/4230 4229/4229/4229 
f 4229/4229/4229 4232/4232/4232 4231/4231/4231 
f 4233/4233/4233 4231/4231/4231 4232/4232/4232 
f 4234/4234/4234 4235/4235/4235 4236/4236/4236 
f 4234/4234/4234 4236/4236/4236 4237/4237/4237 
f 4237/4237/4237 4238/4238/4238 4234/4234/4234 
f 4238/4238/4238 4237/4237/4237 4239/4239/4239 
f 4240/4240/4240 4241/4241/4241 4242/4242/4242 
f 4241/4241/4241 4240/4240/4240 4243/4243/4243 
f 4242/4242/4242 4244/4244/4244 4240/4240/4240 
f 4244/4244/4244 4242/4242/4242 4245/4245/4245 
f 4246/4246/4246 4247/4247/4247 4248/4248/4248 
f 4248/4248/4248 4247/4247/4247 4249/4249/4249 
f 4250/4250/4250 4246/4246/4246 4248/4248/4248 
f 4251/4251/4251 4246/4246/4246 4250/4250/4250 
f 4252/4252/4252 4253/4253/4253 4254/4254/4254 
f 4253/4253/4253 4252/4252/4252 4255/4255/4255 
f 4254/4254/4254 4256/4256/4256 4252/4252/4252 
f 4257/4257/4257 4252/4252/4252 4256/4256/4256 
f 4258/4258/4258 4259/4259/4259 4260/4260/4260 
f 4261/4261/4261 4260/4260/4260 4259/4259/4259 
f 4260/4260/4260 4262/4262/4262 4258/4258/4258 
f 4262/4262/4262 4260/4260/4260 4263/4263/4263 
f 4264/4264/4264 4265/4265/4265 4266/4266/4266 
f 4264/4264/4264 4267/4267/4267 4265/4265/4265 
f 4268/4268/4268 4264/4264/4264 4266/4266/4266 
f 4269/4269/4269 4264/4264/4264 4268/4268/4268 
f 4270/4270/4270 4271/4271/4271 4272/4272/4272 
f 4273/4273/4273 4271/4271/4271 4270/4270/4270 
f 4271/4271/4271 4274/4274/4274 4272/4272/4272 
f 4274/4274/4274 4271/4271/4271 4275/4275/4275 
f 4276/4276/4276 4277/4277/4277 4278/4278/4278 
f 4278/4278/4278 4277/4277/4277 4279/4279/4279 
f 4276/4276/4276 4278/4278/4278 4280/4280/4280 
f 4280/4280/4280 4278/4278/4278 4281/4281/4281 
f 4282/4282/4282 4283/4283/4283 4284/4284/4284 
f 4285/4285/4285 4283/4283/4283 4282/4282/4282 
f 4286/4286/4286 4287/4287/4287 4288/4288/4288 
f 4286/4286/4286 4288/4288/4288 4289/4289/4289 
f 4290/4290/4290 4291/4291/4291 4292/4292/4292 
f 4293/4293/4293 4294/4294/4294 4295/4295/4295 
f 4296/4296/4296 4294/4294/4294 4293/4293/4293 
f 4296/4296/4296 4297/4297/4297 4294/4294/4294 
f 4297/4297/4297 4298/4298/4298 4299/4299/4299 
f 4300/4300/4300 4298/4298/4298 4297/4297/4297 
f 4300/4300/4300 4297/4297/4297 4296/4296/4296 
f 4296/4296/4296 4301/4301/4301 4300/4300/4300 
f 4302/4302/4302 4300/4300/4300 4301/4301/4301 
f 4303/4303/4303 4302/4302/4302 4301/4301/4301 
f 4301/4301/4301 4296/4296/4296 4304/4304/4304 
f 4296/4296/4296 4293/4293/4293 4304/4304/4304 
f 4301/4301/4301 4305/4305/4305 4306/4306/4306 
f 4305/4305/4305 4301/4301/4301 4304/4304/4304 
f 4304/4304/4304 4307/4307/4307 4305/4305/4305 
f 4308/4308/4308 4304/4304/4304 4293/4293/4293 
f 4293/4293/4293 4295/4295/4295 4308/4308/4308 
f 4307/4307/4307 4304/4304/4304 4309/4309/4309 
f 4304/4304/4304 4308/4308/4308 4309/4309/4309 
f 4307/4307/4307 4309/4309/4309 4310/4310/4310 
f 4310/4310/4310 4309/4309/4309 4311/4311/4311 
f 4308/4308/4308 4311/4311/4311 4309/4309/4309 
f 4311/4311/4311 4308/4308/4308 4312/4312/4312 
f 4295/4295/4295 4312/4312/4312 4308/4308/4308 
f 4312/4312/4312 4295/4295/4295 4313/4313/4313 
f 4314/4314/4314 4315/4315/4315 4313/4313/4313 
f 4316/4316/4316 4315/4315/4315 4314/4314/4314 
f 4317/4317/4317 4316/4316/4316 4314/4314/4314 
f 4318/4318/4318 4316/4316/4316 4317/4317/4317 
f 4319/4319/4319 4318/4318/4318 4317/4317/4317 
f 4320/4320/4320 4318/4318/4318 4319/4319/4319 
f 4320/4320/4320 4319/4319/4319 4321/4321/4321 

g Player9

v 2.01669 103.877 -0.377875 
v 2.06621 103.807 -0.410701 
v 2.03555 103.806 -0.446592 
v 1.98883 103.876 -0.410439 
v 1.96097 103.874 -0.443003 
v 2.0049 103.804 -0.482483 
v 1.10532 103.793 -0.519845 
v 1.14382 103.864 -0.47698 
v 1.17645 103.863 -0.504781 
v 1.14124 103.792 -0.550493 
v 1.11119 103.865 -0.44918 
v 1.06939 103.793 -0.489196 
v 1.96183 103.843 0.482946 
v 1.95447 103.909 0.406633 
v 1.92187 103.91 0.434436 
v 1.99776 103.842 0.452299 
v 1.96183 103.843 0.482946 
v 1.88917 103.91 0.462231 
v 1.9259 103.844 0.513592 
v 1.92187 103.91 0.434436 
v 1.04897 103.896 0.335329 
v 1.03159 103.83 0.409693 
v 1.07681 103.898 0.367891 
v 1.00095 103.828 0.373804 
v 1.10465 103.899 0.400453 
v 1.03159 103.83 0.409693 
v 1.06224 103.832 0.445582 
v 1.07681 103.898 0.367891 
v 2.0049 103.804 -0.482483 
v 1.57307 103.798 -0.516488 
v 1.96097 103.874 -0.443003 
v 1.56871 103.869 -0.473892 
v 1.17645 103.863 -0.504781 
v 1.14124 103.792 -0.550493 
v 2.04036 102.926 -0.37743 
v 2.04483 102.957 -0.411872 
v 2.07549 102.959 -0.375981 
v 1.99793 102.924 -0.414049 
v 2.01418 102.955 -0.447763 
v 1.1146 102.944 -0.485124 
v 1.15052 102.943 -0.515773 
v 1.16219 102.912 -0.47986 
v 1.1145 102.912 -0.450338 
v 1.07867 102.945 -0.454476 
v 2.01669 103.877 -0.377875 
v 2.03178 103.825 0.0233876 
v 2.06621 103.807 -0.410701 
v 1.98537 103.893 0.0169676 
v 1.98537 103.893 0.0169676 
v 1.95447 103.909 0.406633 
v 2.03178 103.825 0.0233876 
v 1.99776 103.842 0.452299 
v 1.06939 103.793 -0.489196 
v 1.03497 103.811 -0.0551079 
v 1.11119 103.865 -0.44918 
v 1.07987 103.88 -0.0543369 
v 1.03497 103.811 -0.0551079 
v 1.04897 103.896 0.335329 
v 1.07987 103.88 -0.0543369 
v 1.00095 103.828 0.373804 
v 1.01023 102.979 0.408524 
v 1.02118 102.934 0.391129 
v 1.04958 102.929 0.425812 
v 1.04087 102.981 0.444413 
v 2.00704 102.993 0.487019 
v 1.96508 102.942 0.497904 
v 2.00113 102.948 0.468297 
v 1.97111 102.994 0.517666 
v 1.97111 102.994 0.517666 
v 1.92903 102.936 0.52751 
v 1.96508 102.942 0.497904 
v 1.93518 102.995 0.548313 
v 1.04087 102.981 0.444413 
v 1.04958 102.929 0.425812 
v 1.07797 102.924 0.460493 
v 1.07152 102.983 0.480303 
v 1.93236 102.848 0.460104 
v 1.96508 102.942 0.497904 
v 1.92903 102.936 0.52751 
v 1.96583 102.866 0.434561 
v 1.93847 102.783 0.35229 
v 2.00113 102.948 0.468297 
v 1.96508 102.942 0.497904 
v 1.9988 102.882 0.409098 
v 1.97173 102.801 0.334298 
v 1.95778 102.737 0.215891 
v 2.00405 102.824 0.315956 
v 1.98664 102.762 0.206734 
v 1.96043 102.726 0.096355 
v 1.9887 102.752 0.096965 
v 1.98664 102.762 0.206734 
v 2.01481 102.787 0.197428 
v 1.9887 102.752 0.096965 
v 2.01679 102.778 0.0975616 
v 1.04958 102.929 0.425812 
v 1.08778 102.836 0.393596 
v 1.07797 102.924 0.460493 
v 1.06091 102.853 0.363302 
v 1.10052 102.771 0.286304 
v 1.07272 102.789 0.263505 
v 1.10399 102.725 0.148658 
v 1.07683 102.749 0.13509 
v 1.12575 102.715 0.0306275 
v 1.09609 102.74 0.0266747 
v 1.04566 102.811 0.240486 
v 1.03458 102.869 0.333169 
v 1.05465 102.774 0.121819 
v 1.09609 102.74 0.0266747 
v 1.06855 102.764 0.0228919 
v 1.06091 102.853 0.363302 
v 1.02118 102.934 0.391129 
v 1.04958 102.929 0.425812 
v 2.04251 103.169 -0.420552 
v 2.04019 103.381 -0.429232 
v 2.07085 103.383 -0.393341 
v 2.06853 103.595 -0.402021 
v 2.07317 103.171 -0.384661 
v 2.04483 102.957 -0.411872 
v 2.07549 102.959 -0.375981 
v 2.01418 102.955 -0.447763 
v 2.01186 103.167 -0.456443 
v 2.00954 103.38 -0.465123 
v 2.03787 103.594 -0.437912 
v 2.06621 103.807 -0.410701 
v 2.00722 103.592 -0.473803 
v 2.03555 103.806 -0.446592 
v 2.0049 103.804 -0.482483 
v 1.14588 103.367 -0.533133 
v 1.1482 103.155 -0.524453 
v 1.11228 103.156 -0.493805 
v 1.15052 102.943 -0.515773 
v 1.1146 102.944 -0.485124 
v 1.07867 102.945 -0.454476 
v 1.07635 103.157 -0.463156 
v 1.10996 103.368 -0.502485 
v 1.14356 103.58 -0.541813 
v 1.07403 103.369 -0.471836 
v 1.10764 103.58 -0.511165 
v 1.14124 103.792 -0.550493 
v 1.07171 103.581 -0.480516 
v 1.10532 103.793 -0.519845 
v 1.06939 103.793 -0.489196 
v 1.49407 103.838 0.479587 
v 1.9259 103.844 0.513592 
v 1.88917 103.91 0.462231 
v 1.49691 103.905 0.431342 
v 1.10465 103.899 0.400453 
v 1.06224 103.832 0.445582 
v 1.00559 103.404 0.391164 
v 1.00791 103.192 0.399844 
v 1.03855 103.193 0.435733 
v 1.04087 102.981 0.444413 
v 1.01023 102.979 0.408524 
v 1.03623 103.405 0.427053 
v 1.00327 103.616 0.382484 
v 1.03391 103.618 0.418373 
v 1.00095 103.828 0.373804 
v 1.03159 103.83 0.409693 
v 1.03855 103.193 0.435733 
v 1.07152 102.983 0.480303 
v 1.0692 103.195 0.471623 
v 1.03623 103.405 0.427053 
v 1.06688 103.407 0.462943 
v 1.03391 103.618 0.418373 
v 1.06456 103.619 0.454263 
v 1.03159 103.83 0.409693 
v 1.06224 103.832 0.445582 
v 1.96879 103.206 0.508986 
v 1.93054 103.419 0.530953 
v 1.93286 103.207 0.539633 
v 1.97111 102.994 0.517666 
v 1.93518 102.995 0.548313 
v 1.96647 103.419 0.500306 
v 1.92822 103.632 0.522273 
v 1.96415 103.631 0.491626 
v 1.9259 103.844 0.513592 
v 1.96183 103.843 0.482946 
v 2.00472 103.206 0.478339 
v 1.96647 103.419 0.500306 
v 1.96879 103.206 0.508986 
v 2.00704 102.993 0.487019 
v 1.97111 102.994 0.517666 
v 2.0024 103.418 0.469659 
v 1.96415 103.631 0.491626 
v 2.00008 103.63 0.460979 
v 1.96183 103.843 0.482946 
v 1.99776 103.842 0.452299 
v 1.9887 102.752 0.096965 
v 1.99793 102.781 0.0624916 
v 2.01679 102.778 0.0975616 
v 1.9887 102.752 0.096965 
v 1.96043 102.726 0.096355 
v 1.95229 102.743 0.0604022 
v 1.99793 102.781 0.0624916 
v 1.58235 102.949 -0.481768 
v 2.01418 102.955 -0.447763 
v 1.99793 102.924 -0.414049 
v 1.58006 102.918 -0.446955 
v 1.16219 102.912 -0.47986 
v 1.15052 102.943 -0.515773 
v 1.09609 102.74 0.0266747 
v 1.13883 102.732 -0.00365397 
v 1.12575 102.715 0.0306275 
v 1.95447 103.909 0.406633 
v 1.89379 103.908 0.403961 
v 1.92187 103.91 0.434436 
v 1.92486 103.892 0.0122025 
v 1.98537 103.893 0.0169676 
v 2.01669 103.877 -0.377875 
v 1.95633 103.877 -0.384532 
v 1.98883 103.876 -0.410439 
v 1.96097 103.874 -0.443003 
v 1.56384 103.871 -0.414538 
v 1.53244 103.887 -0.018699 
v 1.17135 103.865 -0.444544 
v 1.50145 103.902 0.372062 
v 1.89379 103.908 0.403961 
v 1.10911 103.897 0.340164 
v 1.14002 103.881 -0.0496005 
v 1.11119 103.865 -0.44918 
v 1.07987 103.88 -0.0543369 
v 1.04897 103.896 0.335329 
v 1.07681 103.898 0.367891 
v 1.17135 103.865 -0.444544 
v 1.14382 103.864 -0.47698 
v 1.17645 103.863 -0.504781 
v 1.92187 103.91 0.434436 
v 1.88917 103.91 0.462231 
v 1.49691 103.905 0.431342 
v 1.50145 103.902 0.372062 
v 1.10465 103.899 0.400453 
v 1.10911 103.897 0.340164 
v 1.56871 103.869 -0.473892 
v 1.95633 103.877 -0.384532 
v 1.96097 103.874 -0.443003 
v 1.56384 103.871 -0.414538 
v 1.17645 103.863 -0.504781 
v 1.17135 103.865 -0.444544 
v 1.10911 103.897 0.340164 
v 1.07681 103.898 0.367891 
v 1.10465 103.899 0.400453 
v 1.06855 102.764 0.0228919 
v 1.0982 102.769 -0.00835838 
v 1.09609 102.74 0.0266747 
v 1.13883 102.732 -0.00365397 
v 2.07549 102.959 -0.375981 
v 2.00901 102.944 0.056861 
v 2.04036 102.926 -0.37743 
v 2.03849 102.978 0.0904817 
v 1.07867 102.945 -0.454476 
v 1.07701 102.931 -0.0165307 
v 1.04168 102.964 0.0119862 
v 1.1145 102.912 -0.450338 
v 1.93236 102.848 0.460104 
v 1.5035 102.93 0.494001 
v 1.51007 102.842 0.42685 
v 1.92903 102.936 0.52751 
v 1.93847 102.783 0.35229 
v 1.08778 102.836 0.393596 
v 1.07797 102.924 0.460493 
v 1.10052 102.771 0.286304 
v 1.5195 102.777 0.319297 
v 1.53089 102.731 0.182275 
v 1.95778 102.737 0.215891 
v 1.10399 102.725 0.148658 
v 1.96043 102.726 0.096355 
v 1.12575 102.715 0.0306275 
v 1.54309 102.721 0.0634913 
v 2.01186 103.167 -0.456443 
v 1.58003 103.161 -0.490448 
v 2.00954 103.38 -0.465123 
v 2.01418 102.955 -0.447763 
v 1.58235 102.949 -0.481768 
v 1.15052 102.943 -0.515773 
v 1.1482 103.155 -0.524453 
v 1.57771 103.373 -0.499128 
v 2.00722 103.592 -0.473803 
v 1.14588 103.367 -0.533133 
v 1.57539 103.586 -0.507808 
v 1.14356 103.58 -0.541813 
v 1.14124 103.792 -0.550493 
v 1.57307 103.798 -0.516488 
v 2.0049 103.804 -0.482483 
v 1.92903 102.936 0.52751 
v 1.50335 102.989 0.514308 
v 1.5035 102.93 0.494001 
v 1.93518 102.995 0.548313 
v 1.07797 102.924 0.460493 
v 1.07152 102.983 0.480303 
v 1.01023 102.979 0.408524 
v 1.03458 102.869 0.333169 
v 1.02118 102.934 0.391129 
v 1.04168 102.964 0.0119862 
v 1.04566 102.811 0.240486 
v 1.05465 102.774 0.121819 
v 1.06855 102.764 0.0228919 
v 2.00704 102.993 0.487019 
v 1.9988 102.882 0.409098 
v 2.03849 102.978 0.0904817 
v 2.00113 102.948 0.468297 
v 2.00405 102.824 0.315956 
v 2.01481 102.787 0.197428 
v 2.01679 102.778 0.0975616 
v 1.95229 102.743 0.0604022 
v 1.54309 102.721 0.0634913 
v 1.54556 102.737 0.0283741 
v 1.96043 102.726 0.096355 
v 1.13883 102.732 -0.00365397 
v 1.12575 102.715 0.0306275 
v 2.07085 103.383 -0.393341 
v 2.03514 103.401 0.0569346 
v 2.07317 103.171 -0.384661 
v 2.03681 103.189 0.0737081 
v 2.07549 102.959 -0.375981 
v 2.03849 102.978 0.0904817 
v 2.00472 103.206 0.478339 
v 2.00704 102.993 0.487019 
v 2.0024 103.418 0.469659 
v 2.00008 103.63 0.460979 
v 2.03346 103.613 0.0401611 
v 1.99776 103.842 0.452299 
v 2.06853 103.595 -0.402021 
v 2.03178 103.825 0.0233876 
v 2.06621 103.807 -0.410701 
v 1.07635 103.157 -0.463156 
v 1.03832 103.387 -0.0215608 
v 1.07403 103.369 -0.471836 
v 1.03664 103.599 -0.0383344 
v 1.07171 103.581 -0.480516 
v 1.03497 103.811 -0.0551079 
v 1.06939 103.793 -0.489196 
v 1.00095 103.828 0.373804 
v 1.00327 103.616 0.382484 
v 1.00559 103.404 0.391164 
v 1.04 103.175 -0.00478733 
v 1.07867 102.945 -0.454476 
v 1.00791 103.192 0.399844 
v 1.04168 102.964 0.0119862 
v 1.01023 102.979 0.408524 
v 1.93054 103.419 0.530953 
v 1.49871 103.413 0.496948 
v 1.93286 103.207 0.539633 
v 1.50335 102.989 0.514308 
v 1.93518 102.995 0.548313 
v 1.50103 103.201 0.505628 
v 1.07152 102.983 0.480303 
v 1.0692 103.195 0.471623 
v 1.06688 103.407 0.462943 
v 1.06456 103.619 0.454263 
v 1.49639 103.626 0.488268 
v 1.06224 103.832 0.445582 
v 1.92822 103.632 0.522273 
v 1.49407 103.838 0.479587 
v 1.9259 103.844 0.513592 
v 2.00901 102.944 0.056861 
v 2.01679 102.778 0.0975616 
v 1.99793 102.781 0.0624916 
v 2.03849 102.978 0.0904817 
v 1.07701 102.931 -0.0165307 
v 1.0982 102.769 -0.00835838 
v 1.06855 102.764 0.0228919 
v 1.04168 102.964 0.0119862 
v 1.57743 102.919 -0.413884 
v 1.99793 102.924 -0.414049 
v 2.04036 102.926 -0.37743 
v 1.58006 102.918 -0.446955 
v 1.16219 102.912 -0.47986 
v 1.1145 102.912 -0.450338 
v 2.04036 102.926 -0.37743 
v 1.54301 102.937 0.0201652 
v 1.57743 102.919 -0.413884 
v 2.00901 102.944 0.056861 
v 1.1145 102.912 -0.450338 
v 1.07701 102.931 -0.0165307 
v 1.54806 102.775 0.0270666 
v 1.99793 102.781 0.0624916 
v 1.95229 102.743 0.0604022 
v 1.54556 102.737 0.0283741 
v 1.13883 102.732 -0.00365397 
v 1.0982 102.769 -0.00835838 
v 1.54301 102.937 0.0201652 
v 2.00901 102.944 0.056861 
v 1.07701 102.931 -0.0165307 

vn 0.566929 0.645669 -0.519685 
vn 0.566929 0.645669 -0.519685 
vn 0.566929 0.645669 -0.519685 
vn 0.566929 0.645669 -0.519685 
vn 0.566929 0.645669 -0.519685 
vn 0.566929 0.645669 -0.519685 
vn -0.496063 0.629921 -0.598425 
vn -0.496063 0.629921 -0.598425 
vn -0.496063 0.629921 -0.598425 
vn -0.496063 0.629921 -0.598425 
vn -0.496063 0.629921 -0.598425 
vn -0.496063 0.629921 -0.598425 
vn 0.480315 0.685039 0.543307 
vn 0.480315 0.685039 0.543307 
vn 0.480315 0.685039 0.543307 
vn 0.480315 0.685039 0.543307 
vn 0.480315 0.685039 0.543307 
vn 0.480315 0.685039 0.543307 
vn 0.480315 0.685039 0.543307 
vn 0.480315 0.685039 0.543307 
vn -0.582677 0.669291 0.464567 
vn -0.582677 0.669291 0.464567 
vn -0.582677 0.669291 0.464567 
vn -0.582677 0.669291 0.464567 
vn -0.582677 0.669291 0.464567 
vn -0.582677 0.669291 0.464567 
vn -0.582677 0.669291 0.464567 
vn -0.582677 0.669291 0.464567 
vn 0.0629921 0.519685 -0.850394 
vn 0.0629921 0.519685 -0.850394 
vn 0.0629921 0.519685 -0.850394 
vn 0.0629921 0.519685 -0.850394 
vn 0.0629921 0.519685 -0.850394 
vn 0.0629921 0.519685 -0.850394 
vn 0.551181 -0.653543 -0.527559 
vn 0.551181 -0.677165 -0.496063 
vn 0.614173 -0.622047 -0.488189 
vn 0.519685 -0.700787 -0.488189 
vn 0.543307 -0.724409 -0.425197 
vn -0.448819 -0.685039 -0.574803 
vn -0.448819 -0.740157 -0.503937 
vn -0.417323 -0.708661 -0.559055 
vn -0.440945 -0.661417 -0.606299 
vn -0.511811 -0.637795 -0.574803 
vn 0.826772 0.566929 0.0393701 
vn 0.826772 0.566929 0.0393701 
vn 0.826772 0.566929 0.0393701 
vn 0.826772 0.566929 0.0393701 
vn 0.826772 0.566929 0.0393701 
vn 0.826772 0.566929 0.0393701 
vn 0.826772 0.566929 0.0393701 
vn 0.826772 0.566929 0.0393701 
vn -0.834646 0.543307 -0.0866142 
vn -0.834646 0.543307 -0.0866142 
vn -0.834646 0.543307 -0.0866142 
vn -0.834646 0.543307 -0.0866142 
vn -0.834646 0.543307 -0.0866142 
vn -0.834646 0.543307 -0.0866142 
vn -0.834646 0.543307 -0.0866142 
vn -0.834646 0.543307 -0.0866142 
vn -0.724409 -0.362205 0.590551 
vn -0.732283 -0.464567 0.496063 
vn -0.732283 -0.448819 0.511811 
vn -0.724409 -0.362205 0.590551 
vn 0.614173 -0.354331 0.708661 
vn 0.629921 -0.440945 0.637795 
vn 0.629921 -0.456693 0.622047 
vn 0.614173 -0.354331 0.708661 
vn 0.622047 -0.322835 0.716535 
vn 0.629921 -0.409449 0.653543 
vn 0.637795 -0.425197 0.645669 
vn 0.622047 -0.322835 0.716535 
vn -0.740157 -0.307087 0.598425 
vn -0.740157 -0.417323 0.519685 
vn -0.740157 -0.401575 0.535433 
vn -0.740157 -0.307087 0.598425 
vn 0.637795 -0.551181 0.535433 
vn 0.637795 -0.425197 0.645669 
vn 0.629921 -0.409449 0.653543 
vn 0.645669 -0.566929 0.511811 
vn 0.637795 -0.669291 0.385827 
vn 0.629921 -0.456693 0.622047 
vn 0.629921 -0.440945 0.637795 
vn 0.653543 -0.574803 0.488189 
vn 0.653543 -0.669291 0.362205 
vn 0.653543 -0.724409 0.220472 
vn 0.669291 -0.653543 0.346457 
vn 0.653543 -0.732283 0.19685 
vn 0.669291 -0.740157 0.0787402 
vn 0.669291 -0.740157 0.0787402 
vn 0.677165 -0.708661 0.204724 
vn 0.677165 -0.708661 0.188976 
vn 0.677165 -0.732283 0.0787402 
vn 0.677165 -0.732283 0.0787402 
vn -0.740157 -0.417323 0.519685 
vn -0.732283 -0.551181 0.409449 
vn -0.740157 -0.401575 0.535433 
vn -0.724409 -0.574803 0.385827 
vn -0.692913 -0.669291 0.267717 
vn -0.708661 -0.661417 0.244094 
vn -0.669291 -0.732283 0.102362 
vn -0.692913 -0.716535 0.0787402 
vn -0.645669 -0.76378 -0.0472441 
vn -0.645669 -0.76378 -0.0472441 
vn -0.740157 -0.637795 0.220472 
vn -0.732283 -0.574803 0.362205 
vn -0.724409 -0.692913 0.0629921 
vn -0.692913 -0.716535 -0.0472441 
vn -0.692913 -0.716535 -0.0472441 
vn -0.732283 -0.559055 0.377953 
vn -0.732283 -0.464567 0.496063 
vn -0.732283 -0.448819 0.511811 
vn 0.76378 -0.015748 -0.645669 
vn 0.76378 -0.015748 -0.645669 
vn 0.76378 -0.015748 -0.645669 
vn 0.76378 -0.015748 -0.645669 
vn 0.76378 -0.015748 -0.645669 
vn 0.76378 -0.015748 -0.645669 
vn 0.76378 -0.015748 -0.645669 
vn 0.76378 -0.015748 -0.645669 
vn 0.76378 -0.015748 -0.645669 
vn 0.76378 -0.015748 -0.645669 
vn 0.76378 -0.015748 -0.645669 
vn 0.76378 -0.015748 -0.645669 
vn 0.76378 -0.015748 -0.645669 
vn 0.76378 -0.015748 -0.645669 
vn 0.76378 -0.015748 -0.645669 
vn -0.645669 -0.0393701 -0.755906 
vn -0.645669 -0.0393701 -0.755906 
vn -0.645669 -0.0393701 -0.755906 
vn -0.645669 -0.0393701 -0.755906 
vn -0.645669 -0.0393701 -0.755906 
vn -0.645669 -0.0393701 -0.755906 
vn -0.645669 -0.0393701 -0.755906 
vn -0.645669 -0.0393701 -0.755906 
vn -0.645669 -0.0393701 -0.755906 
vn -0.645669 -0.0393701 -0.755906 
vn -0.645669 -0.0393701 -0.755906 
vn -0.645669 -0.0393701 -0.755906 
vn -0.645669 -0.0393701 -0.755906 
vn -0.645669 -0.0393701 -0.755906 
vn -0.645669 -0.0393701 -0.755906 
vn -0.0708661 0.582677 0.811024 
vn -0.0708661 0.582677 0.811024 
vn -0.0708661 0.582677 0.811024 
vn -0.0708661 0.582677 0.811024 
vn -0.0708661 0.582677 0.811024 
vn -0.0708661 0.582677 0.811024 
vn -0.76378 0.015748 0.645669 
vn -0.76378 0.015748 0.645669 
vn -0.76378 0.015748 0.645669 
vn -0.76378 0.015748 0.645669 
vn -0.76378 0.015748 0.645669 
vn -0.76378 0.015748 0.645669 
vn -0.76378 0.015748 0.645669 
vn -0.76378 0.015748 0.645669 
vn -0.76378 0.015748 0.645669 
vn -0.76378 0.015748 0.645669 
vn -0.76378 0.015748 0.645669 
vn -0.76378 0.015748 0.645669 
vn -0.76378 0.015748 0.645669 
vn -0.76378 0.015748 0.645669 
vn -0.76378 0.015748 0.645669 
vn -0.76378 0.015748 0.645669 
vn -0.76378 0.015748 0.645669 
vn -0.76378 0.015748 0.645669 
vn -0.76378 0.015748 0.645669 
vn 0.645669 0.0393701 0.755906 
vn 0.645669 0.0393701 0.755906 
vn 0.645669 0.0393701 0.755906 
vn 0.645669 0.0393701 0.755906 
vn 0.645669 0.0393701 0.755906 
vn 0.645669 0.0393701 0.755906 
vn 0.645669 0.0393701 0.755906 
vn 0.645669 0.0393701 0.755906 
vn 0.645669 0.0393701 0.755906 
vn 0.645669 0.0393701 0.755906 
vn 0.645669 0.0393701 0.76378 
vn 0.645669 0.0393701 0.76378 
vn 0.645669 0.0393701 0.76378 
vn 0.645669 0.0393701 0.76378 
vn 0.645669 0.0393701 0.76378 
vn 0.645669 0.0393701 0.76378 
vn 0.645669 0.0393701 0.76378 
vn 0.645669 0.0393701 0.76378 
vn 0.645669 0.0393701 0.76378 
vn 0.645669 0.0393701 0.76378 
vn 0.622047 -0.669291 -0.401575 
vn 0.622047 -0.669291 -0.401575 
vn 0.622047 -0.669291 -0.401575 
vn 0.598425 -0.677165 -0.425197 
vn 0.606299 -0.661417 -0.440945 
vn 0.598425 -0.677165 -0.433071 
vn 0.590551 -0.685039 -0.425197 
vn 0.0629921 -0.740157 -0.669291 
vn 0.0629921 -0.740157 -0.669291 
vn 0.0629921 -0.740157 -0.669291 
vn 0.0629921 -0.740157 -0.669291 
vn 0.0629921 -0.740157 -0.669291 
vn 0.0629921 -0.740157 -0.669291 
vn -0.503937 -0.685039 -0.527559 
vn -0.503937 -0.685039 -0.527559 
vn -0.503937 -0.685039 -0.527559 
vn -0.00787402 1 -0.0393701 
vn -0.00787402 1 -0.0393701 
vn -0.00787402 1 -0.0393701 
vn -0.00787402 1 -0.0393701 
vn -0.00787402 1 -0.0393701 
vn -0.00787402 1 -0.0393701 
vn -0.00787402 1 -0.0393701 
vn -0.00787402 1 -0.0393701 
vn -0.00787402 1 -0.0393701 
vn -0.00787402 1 -0.0393701 
vn -0.00787402 1 -0.0393701 
vn -0.00787402 1 -0.0393701 
vn -0.00787402 1 -0.0393701 
vn -0.00787402 1 -0.0393701 
vn -0.00787402 1 -0.0393701 
vn -0.00787402 1 -0.0393701 
vn -0.00787402 1 -0.0393701 
vn -0.00787402 1 -0.0393701 
vn -0.00787402 1 -0.0393701 
vn -0.00787402 1 -0.0393701 
vn -0.00787402 1 -0.0393701 
vn -0.00787402 1 -0.0393701 
vn -0.00787402 1 -0.0393701 
vn -0.00787402 1 -0.0393701 
vn -0.00787402 1 -0.0393701 
vn -0.00787402 1 -0.0393701 
vn -0.00787402 1 -0.0393701 
vn -0.00787402 1 -0.0393701 
vn -0.00787402 1 -0.0393701 
vn -0.00787402 1 -0.0393701 
vn -0.00787402 1 -0.0393701 
vn -0.00787402 1 -0.0393701 
vn -0.00787402 1 -0.0393701 
vn -0.00787402 1 -0.0393701 
vn -0.00787402 1 -0.0393701 
vn -0.00787402 1 -0.0393701 
vn -0.00787402 1 -0.0393701 
vn -0.00787402 1 -0.0393701 
vn -0.503937 -0.645669 -0.566929 
vn -0.511811 -0.645669 -0.566929 
vn -0.511811 -0.645669 -0.566929 
vn -0.519685 -0.645669 -0.566929 
vn 0.692913 -0.716535 0.0787402 
vn 0.692913 -0.716535 0.0787402 
vn 0.692913 -0.716535 0.0787402 
vn 0.692913 -0.716535 0.0787402 
vn -0.677165 -0.732283 -0.023622 
vn -0.677165 -0.732283 -0.023622 
vn -0.677165 -0.732283 -0.023622 
vn -0.677165 -0.732283 -0.023622 
vn -0.0393701 -0.748031 0.661417 
vn -0.0629921 -0.511811 0.858268 
vn -0.0393701 -0.755906 0.653543 
vn -0.0629921 -0.503937 0.858268 
vn -0.015748 -0.913386 0.409449 
vn -0.0393701 -0.748031 0.661417 
vn -0.0629921 -0.511811 0.858268 
vn -0.015748 -0.913386 0.409449 
vn -0.015748 -0.913386 0.409449 
vn 0 -0.976378 0.212598 
vn 0 -0.976378 0.212598 
vn 0 -0.976378 0.212598 
vn 0.00787402 -0.992126 0.0866142 
vn 0.00787402 -0.992126 0.0866142 
vn 0.00787402 -0.992126 0.0866142 
vn 0.0787402 -0.0393701 -1 
vn 0.0787402 -0.0393701 -1 
vn 0.0787402 -0.0393701 -1 
vn 0.0787402 -0.0393701 -1 
vn 0.0787402 -0.0393701 -1 
vn 0.0787402 -0.0393701 -1 
vn 0.0787402 -0.0393701 -1 
vn 0.0787402 -0.0393701 -1 
vn 0.0787402 -0.0393701 -1 
vn 0.0787402 -0.0393701 -1 
vn 0.0787402 -0.0393701 -1 
vn 0.0787402 -0.0393701 -1 
vn 0.0787402 -0.0393701 -1 
vn 0.0787402 -0.0393701 -1 
vn 0.0787402 -0.0393701 -1 
vn -0.0629921 -0.503937 0.858268 
vn -0.0708661 -0.322835 0.944882 
vn -0.0629921 -0.511811 0.858268 
vn -0.0708661 -0.322835 0.944882 
vn -0.0629921 -0.511811 0.858268 
vn -0.0708661 -0.322835 0.944882 
vn -0.984252 -0.173228 -0.0629921 
vn -0.984252 -0.149606 -0.0629921 
vn -0.984252 -0.173228 -0.0629921 
vn -0.992126 -0.11811 -0.0629921 
vn -0.992126 -0.102362 -0.0472441 
vn -0.992126 -0.110236 -0.0629921 
vn -0.984252 -0.141732 -0.125984 
vn 0.984252 -0.133858 0.0866142 
vn 0.992126 -0.110236 0.0944882 
vn 0.992126 -0.0866142 0.0866142 
vn 0.984252 -0.133858 0.0866142 
vn 0.992126 -0.0708661 0.102362 
vn 0.992126 -0.0787402 0.0944882 
vn 0.992126 -0.110236 0.0314961 
vn 0.0472441 -0.897638 -0.433071 
vn 0.0472441 -0.897638 -0.433071 
vn 0.0472441 -0.897638 -0.433071 
vn 0.0472441 -0.897638 -0.433071 
vn 0.0472441 -0.897638 -0.433071 
vn 0.0472441 -0.897638 -0.433071 
vn 1 0.015748 0.0787402 
vn 1 0.015748 0.0787402 
vn 1 0.015748 0.0787402 
vn 1 0.015748 0.0787402 
vn 1 0.015748 0.0787402 
vn 1 0.015748 0.0787402 
vn 1 0.015748 0.0787402 
vn 1 0.015748 0.0787402 
vn 1 0.015748 0.0787402 
vn 1 0.015748 0.0787402 
vn 1 0.015748 0.0787402 
vn 1 0.015748 0.0787402 
vn 1 0.015748 0.0787402 
vn 1 0.015748 0.0787402 
vn 1 0.015748 0.0787402 
vn -1 -0.015748 -0.0787402 
vn -1 -0.015748 -0.0787402 
vn -1 -0.015748 -0.0787402 
vn -1 -0.015748 -0.0787402 
vn -1 -0.015748 -0.0787402 
vn -1 -0.015748 -0.0787402 
vn -1 -0.015748 -0.0787402 
vn -1 -0.015748 -0.0787402 
vn -1 -0.015748 -0.0787402 
vn -1 -0.015748 -0.0787402 
vn -1 -0.015748 -0.0787402 
vn -1 -0.015748 -0.0787402 
vn -1 -0.015748 -0.0787402 
vn -1 -0.015748 -0.0787402 
vn -1 -0.015748 -0.0787402 
vn -0.0787402 0.0393701 1 
vn -0.0787402 0.0393701 1 
vn -0.0787402 0.0393701 1 
vn -0.0787402 0.0393701 1 
vn -0.0787402 0.0393701 1 
vn -0.0787402 0.0393701 1 
vn -0.0787402 0.0393701 1 
vn -0.0787402 0.0393701 1 
vn -0.0787402 0.0393701 1 
vn -0.0787402 0.0393701 1 
vn -0.0787402 0.0393701 1 
vn -0.0787402 0.0393701 1 
vn -0.0787402 0.0393701 1 
vn -0.0787402 0.0393701 1 
vn -0.0787402 0.0393701 1 
vn 0.834646 -0.0944882 -0.543307 
vn 0.834646 -0.0944882 -0.543307 
vn 0.834646 -0.0944882 -0.543307 
vn 0.834646 -0.0944882 -0.543307 
vn -0.700787 -0.133858 -0.700787 
vn -0.700787 -0.133858 -0.700787 
vn -0.700787 -0.133858 -0.700787 
vn -0.700787 -0.133858 -0.700787 
vn 0.00787402 -1 0.0393701 
vn 0.00787402 -1 0.0393701 
vn 0.00787402 -1 0.0393701 
vn 0.00787402 -1 0.0393701 
vn 0.00787402 -1 0.0393701 
vn 0.00787402 -1 0.0393701 
vn 0.00787402 -1 0.0393701 
vn 0.00787402 -1 0.0393701 
vn 0.00787402 -1 0.0393701 
vn 0.00787402 -1 0.0393701 
vn 0.00787402 -1 0.0393701 
vn 0.00787402 -1 0.0393701 
vn 0.0787402 -0.0393701 -1 
vn 0.0787402 -0.0393701 -1 
vn 0.0787402 -0.0393701 -1 
vn 0.0787402 -0.0393701 -1 
vn 0.0787402 -0.0393701 -1 
vn 0.0787402 -0.0393701 -1 
vn 0.0787402 -0.0393701 -1 
vn 0.0787402 -0.0393701 -1 
vn 0.0787402 -0.0393701 -1 

vt 0.781768 0.88379 
vt 0.781763 0.877967 
vt 0.783936 0.877975 
vt 0.784013 0.88379 
vt 0.786246 0.88379 
vt 0.786243 0.877967 
vt 0.853927 0.877974 
vt 0.853847 0.88379 
vt 0.851567 0.88379 
vt 0.851567 0.877966 
vt 0.85615 0.88379 
vt 0.856153 0.877968 
vt 0.714259 0.877997 
vt 0.716289 0.88379 
vt 0.714257 0.88379 
vt 0.716289 0.877988 
vt 0.993603 0.877997 
vt 0.991443 0.88379 
vt 0.991437 0.877991 
vt 0.993601 0.88379 
vt 0.921719 0.88379 
vt 0.923652 0.877997 
vt 0.923652 0.88379 
vt 0.921739 0.877989 
vt 0.926153 0.88379 
vt 0.923652 0.877999 
vt 0.92616 0.877991 
vt 0.923652 0.88379 
vt 0.786243 0.877967 
vt 0.818905 0.877967 
vt 0.786246 0.88379 
vt 0.818907 0.88379 
vt 0.851567 0.88379 
vt 0.851567 0.877966 
vt 0.790742 0.94337 
vt 0.789649 0.945586 
vt 0.788704 0.94337 
vt 0.791623 0.944906 
vt 0.790852 0.947534 
vt 0.821358 0.946138 
vt 0.820156 0.947534 
vt 0.819708 0.944906 
vt 0.821095 0.94337 
vt 0.823085 0.94337 
vt 0.781768 0.88379 
vt 0.747866 0.878706 
vt 0.781763 0.877967 
vt 0.747692 0.88379 
vt 0.747692 0.88379 
vt 0.716289 0.88379 
vt 0.747866 0.878706 
vt 0.716289 0.877988 
vt 0.856153 0.877968 
vt 0.886335 0.878706 
vt 0.85615 0.88379 
vt 0.886607 0.88379 
vt 0.886335 0.878706 
vt 0.921719 0.88379 
vt 0.886607 0.88379 
vt 0.921739 0.877989 
vt 0.913241 0.771918 
vt 0.913167 0.774792 
vt 0.91815 0.775823 
vt 0.919167 0.771918 
vt 0.718467 0.777498 
vt 0.716289 0.771918 
vt 0.718467 0.771918 
vt 0.716297 0.777498 
vt 0.716297 0.777498 
vt 0.714242 0.771918 
vt 0.716289 0.771918 
vt 0.714249 0.777499 
vt 0.919167 0.771918 
vt 0.91815 0.775823 
vt 0.923652 0.776517 
vt 0.923652 0.771918 
vt 0.717109 0.787564 
vt 0.716297 0.777498 
vt 0.714249 0.777499 
vt 0.718799 0.786217 
vt 0.725119 0.794093 
vt 0.718467 0.777498 
vt 0.716297 0.777498 
vt 0.721235 0.78382 
vt 0.727046 0.791718 
vt 0.735696 0.795108 
vt 0.72904 0.787976 
vt 0.736584 0.792661 
vt 0.746168 0.794661 
vt 0.746168 0.791231 
vt 0.736584 0.792661 
vt 0.737694 0.78916 
vt 0.746168 0.791231 
vt 0.746168 0.788601 
vt 0.91815 0.775823 
vt 0.91923 0.787743 
vt 0.923652 0.776517 
vt 0.913877 0.784671 
vt 0.911602 0.791713 
vt 0.907781 0.788089 
vt 0.903143 0.79364 
vt 0.901221 0.789787 
vt 0.892945 0.793791 
vt 0.892945 0.78884 
vt 0.905656 0.784418 
vt 0.910167 0.781076 
vt 0.899816 0.78648 
vt 0.892945 0.78884 
vt 0.892945 0.78621 
vt 0.913877 0.784671 
vt 0.913167 0.774792 
vt 0.91815 0.775823 
vt 0.783992 0.798665 
vt 0.783973 0.825102 
vt 0.781765 0.825098 
vt 0.781764 0.851533 
vt 0.781766 0.798664 
vt 0.784011 0.771918 
vt 0.781767 0.771918 
vt 0.786245 0.771918 
vt 0.786244 0.798663 
vt 0.786244 0.825098 
vt 0.783955 0.851538 
vt 0.781763 0.877967 
vt 0.786243 0.851532 
vt 0.783936 0.877975 
vt 0.786243 0.877967 
vt 0.851567 0.825097 
vt 0.851567 0.798663 
vt 0.853869 0.798665 
vt 0.851567 0.771918 
vt 0.853849 0.771918 
vt 0.85614 0.771918 
vt 0.856143 0.798663 
vt 0.853888 0.825101 
vt 0.851567 0.851532 
vt 0.856146 0.825098 
vt 0.853907 0.851538 
vt 0.851567 0.877966 
vt 0.856149 0.851533 
vt 0.853927 0.877974 
vt 0.856153 0.877968 
vt 0.958799 0.877991 
vt 0.991437 0.877991 
vt 0.991443 0.88379 
vt 0.958798 0.88379 
vt 0.926153 0.88379 
vt 0.92616 0.877991 
vt 0.921729 0.825109 
vt 0.921724 0.798669 
vt 0.923652 0.798671 
vt 0.923652 0.771918 
vt 0.921719 0.771918 
vt 0.923652 0.825113 
vt 0.921734 0.851549 
vt 0.923652 0.851555 
vt 0.921739 0.877989 
vt 0.923652 0.877997 
vt 0.923652 0.798673 
vt 0.926151 0.771918 
vt 0.926153 0.798669 
vt 0.923652 0.825115 
vt 0.926156 0.82511 
vt 0.923652 0.851557 
vt 0.926158 0.85155 
vt 0.923652 0.877999 
vt 0.92616 0.877991 
vt 0.9936 0.798671 
vt 0.991441 0.82511 
vt 0.991443 0.798669 
vt 0.993599 0.771918 
vt 0.991445 0.771918 
vt 0.993601 0.825113 
vt 0.991439 0.851551 
vt 0.993602 0.851555 
vt 0.991437 0.877991 
vt 0.993603 0.877997 
vt 0.716289 0.798668 
vt 0.714257 0.825113 
vt 0.714256 0.798671 
vt 0.716289 0.771918 
vt 0.714255 0.771918 
vt 0.716289 0.825108 
vt 0.714258 0.851555 
vt 0.716289 0.851548 
vt 0.714259 0.877997 
vt 0.716289 0.877988 
vt 0.790015 0.894699 
vt 0.790742 0.898634 
vt 0.788818 0.897826 
vt 0.790015 0.894699 
vt 0.791427 0.891434 
vt 0.792121 0.895009 
vt 0.790742 0.898634 
vt 0.805504 0.947534 
vt 0.790852 0.947534 
vt 0.791623 0.944906 
vt 0.805665 0.944906 
vt 0.819708 0.944906 
vt 0.820156 0.947534 
vt 0.821099 0.894006 
vt 0.819196 0.895008 
vt 0.819835 0.891442 
vt 0.718673 0.883858 
vt 0.718522 0.891281 
vt 0.716482 0.887565 
vt 0.748835 0.891281 
vt 0.748782 0.883858 
vt 0.779385 0.883876 
vt 0.779532 0.891282 
vt 0.781577 0.887585 
vt 0.783759 0.891282 
vt 0.779468 0.940179 
vt 0.748835 0.940179 
vt 0.779403 0.989076 
vt 0.718594 0.940179 
vt 0.718522 0.891281 
vt 0.718666 0.989076 
vt 0.748835 0.989076 
vt 0.779396 0.996438 
vt 0.748782 0.996456 
vt 0.718673 0.996456 
vt 0.716481 0.992746 
vt 0.779403 0.989076 
vt 0.781582 0.99273 
vt 0.783759 0.989037 
vt 0.716482 0.887565 
vt 0.714292 0.891282 
vt 0.714292 0.940159 
vt 0.718594 0.940179 
vt 0.714292 0.989037 
vt 0.718666 0.989076 
vt 0.783759 0.940159 
vt 0.779532 0.891282 
vt 0.783759 0.891282 
vt 0.779468 0.940179 
vt 0.783759 0.989037 
vt 0.779403 0.989076 
vt 0.718666 0.989076 
vt 0.716481 0.992746 
vt 0.714292 0.989037 
vt 0.823085 0.89793 
vt 0.821095 0.898635 
vt 0.821099 0.894006 
vt 0.819196 0.895008 
vt 0.788704 0.94337 
vt 0.790742 0.918795 
vt 0.790742 0.94337 
vt 0.788704 0.918795 
vt 0.823085 0.94337 
vt 0.821095 0.918795 
vt 0.823085 0.918795 
vt 0.821095 0.94337 
vt 0.991445 0.787994 
vt 0.958798 0.777499 
vt 0.958798 0.788006 
vt 0.991445 0.777499 
vt 0.991445 0.791272 
vt 0.926151 0.788019 
vt 0.926151 0.777499 
vt 0.926151 0.791337 
vt 0.958798 0.791305 
vt 0.958798 0.793738 
vt 0.991445 0.793741 
vt 0.926151 0.793736 
vt 0.991445 0.797407 
vt 0.926151 0.797407 
vt 0.958798 0.797407 
vt 0.786244 0.798663 
vt 0.818906 0.798663 
vt 0.786244 0.825098 
vt 0.786245 0.771918 
vt 0.818906 0.771918 
vt 0.851567 0.771918 
vt 0.851567 0.798663 
vt 0.818906 0.825098 
vt 0.786243 0.851532 
vt 0.851567 0.825097 
vt 0.818905 0.851532 
vt 0.851567 0.851532 
vt 0.851567 0.877966 
vt 0.818905 0.877967 
vt 0.786243 0.877967 
vt 0.991438 0.771918 
vt 0.958798 0.777499 
vt 0.958799 0.771918 
vt 0.991445 0.777499 
vt 0.92616 0.771918 
vt 0.926151 0.777499 
vt 0.913241 0.771918 
vt 0.910167 0.781076 
vt 0.913167 0.774792 
vt 0.892945 0.771918 
vt 0.905656 0.784418 
vt 0.899816 0.78648 
vt 0.892945 0.78621 
vt 0.718467 0.771918 
vt 0.721235 0.78382 
vt 0.74569 0.771918 
vt 0.718467 0.777498 
vt 0.72904 0.787976 
vt 0.737694 0.78916 
vt 0.746168 0.788601 
vt 0.792121 0.895009 
vt 0.805631 0.891438 
vt 0.805658 0.895009 
vt 0.791427 0.891434 
vt 0.819196 0.895008 
vt 0.819835 0.891442 
vt 0.781765 0.825098 
vt 0.746778 0.825467 
vt 0.781766 0.798664 
vt 0.746234 0.798848 
vt 0.781767 0.771918 
vt 0.74569 0.771918 
vt 0.716289 0.798668 
vt 0.716289 0.771918 
vt 0.716289 0.825108 
vt 0.716289 0.851548 
vt 0.747322 0.852086 
vt 0.716289 0.877988 
vt 0.781764 0.851533 
vt 0.747866 0.878706 
vt 0.781763 0.877967 
vt 0.856143 0.798663 
vt 0.88964 0.825467 
vt 0.856146 0.825098 
vt 0.887988 0.852086 
vt 0.856149 0.851533 
vt 0.886335 0.878706 
vt 0.856153 0.877968 
vt 0.921739 0.877989 
vt 0.921734 0.851549 
vt 0.921729 0.825109 
vt 0.891292 0.798848 
vt 0.85614 0.771918 
vt 0.921724 0.798669 
vt 0.892945 0.771918 
vt 0.921719 0.771918 
vt 0.991441 0.82511 
vt 0.958798 0.82511 
vt 0.991443 0.798669 
vt 0.958798 0.771918 
vt 0.991445 0.771918 
vt 0.958798 0.798669 
vt 0.926151 0.771918 
vt 0.926153 0.798669 
vt 0.926156 0.82511 
vt 0.926158 0.85155 
vt 0.958799 0.85155 
vt 0.92616 0.877991 
vt 0.991439 0.851551 
vt 0.958799 0.877991 
vt 0.991437 0.877991 
vt 0.790742 0.918795 
vt 0.788818 0.897826 
vt 0.790742 0.898634 
vt 0.788704 0.918795 
vt 0.790694 0.918795 
vt 0.790694 0.898635 
vt 0.788704 0.89793 
vt 0.788704 0.918795 
vt 0.805918 0.94337 
vt 0.791623 0.944906 
vt 0.790742 0.94337 
vt 0.805665 0.944906 
vt 0.819708 0.944906 
vt 0.821095 0.94337 
vt 0.790742 0.94337 
vt 0.805918 0.918795 
vt 0.805918 0.94337 
vt 0.790742 0.918795 
vt 0.821095 0.94337 
vt 0.821095 0.918795 
vt 0.805918 0.898635 
vt 0.790742 0.898634 
vt 0.792121 0.895009 
vt 0.805658 0.895009 
vt 0.819196 0.895008 
vt 0.821095 0.898635 
vt 0.805918 0.918795 
vt 0.790742 0.918795 
vt 0.821095 0.918795 

usemtl Player1Mtl

f 4322/4322/4322 4323/4323/4323 4324/4324/4324 
f 4322/4322/4322 4324/4324/4324 4325/4325/4325 
f 4324/4324/4324 4326/4326/4326 4325/4325/4325 
f 4326/4326/4326 4324/4324/4324 4327/4327/4327 
f 4328/4328/4328 4329/4329/4329 4330/4330/4330 
f 4330/4330/4330 4331/4331/4331 4328/4328/4328 
f 4328/4328/4328 4332/4332/4332 4329/4329/4329 
f 4332/4332/4332 4328/4328/4328 4333/4333/4333 
f 4334/4334/4334 4335/4335/4335 4336/4336/4336 
f 4335/4335/4335 4334/4334/4334 4337/4337/4337 
f 4338/4338/4338 4339/4339/4339 4340/4340/4340 
f 4339/4339/4339 4338/4338/4338 4341/4341/4341 
f 4342/4342/4342 4343/4343/4343 4344/4344/4344 
f 4343/4343/4343 4342/4342/4342 4345/4345/4345 
f 4346/4346/4346 4347/4347/4347 4348/4348/4348 
f 4347/4347/4347 4346/4346/4346 4349/4349/4349 
f 4350/4350/4350 4351/4351/4351 4352/4352/4352 
f 4353/4353/4353 4352/4352/4352 4351/4351/4351 
f 4354/4354/4354 4353/4353/4353 4351/4351/4351 
f 4351/4351/4351 4355/4355/4355 4354/4354/4354 
f 4356/4356/4356 4357/4357/4357 4358/4358/4358 
f 4357/4357/4357 4356/4356/4356 4359/4359/4359 
f 4360/4360/4360 4357/4357/4357 4359/4359/4359 
f 4361/4361/4361 4362/4362/4362 4363/4363/4363 
f 4364/4364/4364 4361/4361/4361 4363/4363/4363 
f 4365/4365/4365 4361/4361/4361 4364/4364/4364 
f 4366/4366/4366 4367/4367/4367 4368/4368/4368 
f 4367/4367/4367 4366/4366/4366 4369/4369/4369 
f 4370/4370/4370 4371/4371/4371 4372/4372/4372 
f 4372/4372/4372 4371/4371/4371 4373/4373/4373 
f 4374/4374/4374 4375/4375/4375 4376/4376/4376 
f 4376/4376/4376 4375/4375/4375 4377/4377/4377 
f 4378/4378/4378 4379/4379/4379 4380/4380/4380 
f 4379/4379/4379 4378/4378/4378 4381/4381/4381 
f 4382/4382/4382 4383/4383/4383 4384/4384/4384 
f 4382/4382/4382 4384/4384/4384 4385/4385/4385 
f 4386/4386/4386 4387/4387/4387 4388/4388/4388 
f 4387/4387/4387 4386/4386/4386 4389/4389/4389 
f 4390/4390/4390 4391/4391/4391 4392/4392/4392 
f 4391/4391/4391 4390/4390/4390 4393/4393/4393 
f 4394/4394/4394 4395/4395/4395 4396/4396/4396 
f 4394/4394/4394 4396/4396/4396 4397/4397/4397 
f 4398/4398/4398 4399/4399/4399 4400/4400/4400 
f 4399/4399/4399 4398/4398/4398 4401/4401/4401 
f 4402/4402/4402 4401/4401/4401 4398/4398/4398 
f 4401/4401/4401 4403/4403/4403 4404/4404/4404 
f 4403/4403/4403 4401/4401/4401 4405/4405/4405 
f 4401/4401/4401 4402/4402/4402 4406/4406/4406 
f 4406/4406/4406 4405/4405/4405 4401/4401/4401 
f 4407/4407/4407 4406/4406/4406 4402/4402/4402 
f 4405/4405/4405 4406/4406/4406 4408/4408/4408 
f 4406/4406/4406 4407/4407/4407 4409/4409/4409 
f 4410/4410/4410 4409/4409/4409 4407/4407/4407 
f 4409/4409/4409 4410/4410/4410 4411/4411/4411 
f 4412/4412/4412 4408/4408/4408 4406/4406/4406 
f 4408/4408/4408 4412/4412/4412 4413/4413/4413 
f 4414/4414/4414 4413/4413/4413 4412/4412/4412 
f 4413/4413/4413 4414/4414/4414 4415/4415/4415 
f 4416/4416/4416 4417/4417/4417 4418/4418/4418 
f 4417/4417/4417 4416/4416/4416 4419/4419/4419 
f 4420/4420/4420 4417/4417/4417 4419/4419/4419 
f 4420/4420/4420 4419/4419/4419 4421/4421/4421 
f 4422/4422/4422 4420/4420/4420 4421/4421/4421 
f 4422/4422/4422 4421/4421/4421 4423/4423/4423 
f 4424/4424/4424 4422/4422/4422 4423/4423/4423 
f 4423/4423/4423 4425/4425/4425 4424/4424/4424 
f 4423/4423/4423 4421/4421/4421 4426/4426/4426 
f 4421/4421/4421 4427/4427/4427 4426/4426/4426 
f 4423/4423/4423 4426/4426/4426 4428/4428/4428 
f 4429/4429/4429 4423/4423/4423 4428/4428/4428 
f 4428/4428/4428 4430/4430/4430 4429/4429/4429 
f 4421/4421/4421 4431/4431/4431 4427/4427/4427 
f 4431/4431/4431 4432/4432/4432 4427/4427/4427 
f 4432/4432/4432 4431/4431/4431 4433/4433/4433 
f 4434/4434/4434 4435/4435/4435 4436/4436/4436 
f 4435/4435/4435 4437/4437/4437 4436/4436/4436 
f 4434/4434/4434 4436/4436/4436 4438/4438/4438 
f 4439/4439/4439 4434/4434/4434 4438/4438/4438 
f 4439/4439/4439 4438/4438/4438 4440/4440/4440 
f 4441/4441/4441 4434/4434/4434 4439/4439/4439 
f 4441/4441/4441 4442/4442/4442 4434/4434/4434 
f 4442/4442/4442 4435/4435/4435 4434/4434/4434 
f 4442/4442/4442 4443/4443/4443 4435/4435/4435 
f 4435/4435/4435 4444/4444/4444 4437/4437/4437 
f 4443/4443/4443 4444/4444/4444 4435/4435/4435 
f 4444/4444/4444 4445/4445/4445 4437/4437/4437 
f 4443/4443/4443 4446/4446/4446 4444/4444/4444 
f 4444/4444/4444 4447/4447/4447 4445/4445/4445 
f 4446/4446/4446 4447/4447/4447 4444/4444/4444 
f 4446/4446/4446 4448/4448/4448 4447/4447/4447 
f 4449/4449/4449 4450/4450/4450 4451/4451/4451 
f 4450/4450/4450 4452/4452/4452 4453/4453/4453 
f 4450/4450/4450 4453/4453/4453 4451/4451/4451 
f 4451/4451/4451 4453/4453/4453 4454/4454/4454 
f 4451/4451/4451 4454/4454/4454 4455/4455/4455 
f 4449/4449/4449 4451/4451/4451 4456/4456/4456 
f 4456/4456/4456 4451/4451/4451 4455/4455/4455 
f 4457/4457/4457 4449/4449/4449 4456/4456/4456 
f 4456/4456/4456 4455/4455/4455 4458/4458/4458 
f 4457/4457/4457 4456/4456/4456 4459/4459/4459 
f 4459/4459/4459 4456/4456/4456 4458/4458/4458 
f 4459/4459/4459 4460/4460/4460 4457/4457/4457 
f 4459/4459/4459 4458/4458/4458 4461/4461/4461 
f 4460/4460/4460 4459/4459/4459 4462/4462/4462 
f 4461/4461/4461 4462/4462/4462 4459/4459/4459 
f 4462/4462/4462 4461/4461/4461 4463/4463/4463 
f 4464/4464/4464 4465/4465/4465 4466/4466/4466 
f 4464/4464/4464 4466/4466/4466 4467/4467/4467 
f 4468/4468/4468 4464/4464/4464 4467/4467/4467 
f 4469/4469/4469 4464/4464/4464 4468/4468/4468 
f 4470/4470/4470 4471/4471/4471 4472/4472/4472 
f 4471/4471/4471 4473/4473/4473 4472/4472/4472 
f 4471/4471/4471 4474/4474/4474 4473/4473/4473 
f 4470/4470/4470 4472/4472/4472 4475/4475/4475 
f 4476/4476/4476 4470/4470/4470 4475/4475/4475 
f 4476/4476/4476 4475/4475/4475 4477/4477/4477 
f 4478/4478/4478 4476/4476/4476 4477/4477/4477 
f 4478/4478/4478 4477/4477/4477 4479/4479/4479 
f 4480/4480/4480 4473/4473/4473 4481/4481/4481 
f 4480/4480/4480 4481/4481/4481 4482/4482/4482 
f 4483/4483/4483 4480/4480/4480 4482/4482/4482 
f 4483/4483/4483 4482/4482/4482 4484/4484/4484 
f 4485/4485/4485 4483/4483/4483 4484/4484/4484 
f 4485/4485/4485 4484/4484/4484 4486/4486/4486 
f 4487/4487/4487 4485/4485/4485 4486/4486/4486 
f 4487/4487/4487 4486/4486/4486 4488/4488/4488 
f 4489/4489/4489 4490/4490/4490 4491/4491/4491 
f 4491/4491/4491 4492/4492/4492 4489/4489/4489 
f 4492/4492/4492 4491/4491/4491 4493/4493/4493 
f 4490/4490/4490 4489/4489/4489 4494/4494/4494 
f 4494/4494/4494 4495/4495/4495 4490/4490/4490 
f 4495/4495/4495 4494/4494/4494 4496/4496/4496 
f 4496/4496/4496 4497/4497/4497 4495/4495/4495 
f 4497/4497/4497 4496/4496/4496 4498/4498/4498 
f 4499/4499/4499 4500/4500/4500 4501/4501/4501 
f 4501/4501/4501 4502/4502/4502 4499/4499/4499 
f 4502/4502/4502 4501/4501/4501 4503/4503/4503 
f 4500/4500/4500 4499/4499/4499 4504/4504/4504 
f 4504/4504/4504 4505/4505/4505 4500/4500/4500 
f 4505/4505/4505 4504/4504/4504 4506/4506/4506 
f 4506/4506/4506 4507/4507/4507 4505/4505/4505 
f 4507/4507/4507 4506/4506/4506 4508/4508/4508 
f 4509/4509/4509 4510/4510/4510 4511/4511/4511 
f 4512/4512/4512 4513/4513/4513 4514/4514/4514 
f 4512/4512/4512 4514/4514/4514 4515/4515/4515 
f 4516/4516/4516 4517/4517/4517 4518/4518/4518 
f 4516/4516/4516 4518/4518/4518 4519/4519/4519 
f 4520/4520/4520 4516/4516/4516 4519/4519/4519 
f 4516/4516/4516 4520/4520/4520 4521/4521/4521 
f 4522/4522/4522 4523/4523/4523 4524/4524/4524 
f 4525/4525/4525 4526/4526/4526 4527/4527/4527 
f 4525/4525/4525 4528/4528/4528 4526/4526/4526 
f 4528/4528/4528 4525/4525/4525 4529/4529/4529 
f 4530/4530/4530 4528/4528/4528 4529/4529/4529 
f 4528/4528/4528 4530/4530/4530 4531/4531/4531 
f 4530/4530/4530 4532/4532/4532 4531/4531/4531 
f 4531/4531/4531 4532/4532/4532 4533/4533/4533 
f 4534/4534/4534 4528/4528/4528 4531/4531/4531 
f 4528/4528/4528 4534/4534/4534 4535/4535/4535 
f 4536/4536/4536 4535/4535/4535 4534/4534/4534 
f 4537/4537/4537 4528/4528/4528 4535/4535/4535 
f 4528/4528/4528 4537/4537/4537 4538/4538/4538 
f 4535/4535/4535 4539/4539/4539 4537/4537/4537 
f 4535/4535/4535 4536/4536/4536 4540/4540/4540 
f 4539/4539/4539 4535/4535/4535 4540/4540/4540 
f 4541/4541/4541 4540/4540/4540 4536/4536/4536 
f 4540/4540/4540 4541/4541/4541 4542/4542/4542 
f 4543/4543/4543 4540/4540/4540 4542/4542/4542 
f 4540/4540/4540 4543/4543/4543 4539/4539/4539 
f 4539/4539/4539 4543/4543/4543 4544/4544/4544 
f 4545/4545/4545 4546/4546/4546 4541/4541/4541 
f 4547/4547/4547 4546/4546/4546 4545/4545/4545 
f 4548/4548/4548 4538/4538/4538 4549/4549/4549 
f 4538/4538/4538 4550/4550/4550 4549/4549/4549 
f 4538/4538/4538 4551/4551/4551 4550/4550/4550 
f 4551/4551/4551 4552/4552/4552 4550/4550/4550 
f 4551/4551/4551 4553/4553/4553 4552/4552/4552 
f 4554/4554/4554 4555/4555/4555 4556/4556/4556 
f 4555/4555/4555 4554/4554/4554 4557/4557/4557 
f 4558/4558/4558 4557/4557/4557 4554/4554/4554 
f 4557/4557/4557 4558/4558/4558 4559/4559/4559 
f 4560/4560/4560 4561/4561/4561 4562/4562/4562 
f 4563/4563/4563 4564/4564/4564 4565/4565/4565 
f 4564/4564/4564 4566/4566/4566 4565/4565/4565 
f 4567/4567/4567 4568/4568/4568 4569/4569/4569 
f 4567/4567/4567 4570/4570/4570 4568/4568/4568 
f 4571/4571/4571 4572/4572/4572 4573/4573/4573 
f 4572/4572/4572 4571/4571/4571 4574/4574/4574 
f 4575/4575/4575 4576/4576/4576 4577/4577/4577 
f 4576/4576/4576 4575/4575/4575 4578/4578/4578 
f 4577/4577/4577 4579/4579/4579 4575/4575/4575 
f 4580/4580/4580 4577/4577/4577 4576/4576/4576 
f 4580/4580/4580 4576/4576/4576 4581/4581/4581 
f 4582/4582/4582 4577/4577/4577 4580/4580/4580 
f 4579/4579/4579 4577/4577/4577 4583/4583/4583 
f 4582/4582/4582 4583/4583/4583 4577/4577/4577 
f 4584/4584/4584 4579/4579/4579 4583/4583/4583 
f 4582/4582/4582 4584/4584/4584 4583/4583/4583 
f 4579/4579/4579 4584/4584/4584 4585/4585/4585 
f 4584/4584/4584 4582/4582/4582 4586/4586/4586 
f 4584/4584/4584 4587/4587/4587 4585/4585/4585 
f 4588/4588/4588 4584/4584/4584 4586/4586/4586 
f 4587/4587/4587 4584/4584/4584 4589/4589/4589 
f 4588/4588/4588 4589/4589/4589 4584/4584/4584 
f 4590/4590/4590 4591/4591/4591 4592/4592/4592 
f 4593/4593/4593 4594/4594/4594 4590/4590/4590 
f 4591/4591/4591 4590/4590/4590 4594/4594/4594 
f 4594/4594/4594 4595/4595/4595 4591/4591/4591 
f 4596/4596/4596 4591/4591/4591 4595/4595/4595 
f 4597/4597/4597 4592/4592/4592 4591/4591/4591 
f 4591/4591/4591 4596/4596/4596 4597/4597/4597 
f 4592/4592/4592 4597/4597/4597 4598/4598/4598 
f 4599/4599/4599 4597/4597/4597 4596/4596/4596 
f 4597/4597/4597 4599/4599/4599 4600/4600/4600 
f 4600/4600/4600 4598/4598/4598 4597/4597/4597 
f 4601/4601/4601 4600/4600/4600 4599/4599/4599 
f 4602/4602/4602 4600/4600/4600 4601/4601/4601 
f 4600/4600/4600 4602/4602/4602 4603/4603/4603 
f 4603/4603/4603 4598/4598/4598 4600/4600/4600 
f 4598/4598/4598 4603/4603/4603 4604/4604/4604 
f 4605/4605/4605 4606/4606/4606 4607/4607/4607 
f 4606/4606/4606 4605/4605/4605 4608/4608/4608 
f 4609/4609/4609 4607/4607/4607 4606/4606/4606 
f 4609/4609/4609 4606/4606/4606 4610/4610/4610 
f 4611/4611/4611 4612/4612/4612 4613/4613/4613 
f 4612/4612/4612 4611/4611/4611 4614/4614/4614 
f 4612/4612/4612 4614/4614/4614 4615/4615/4615 
f 4614/4614/4614 4616/4616/4616 4615/4615/4615 
f 4616/4616/4616 4614/4614/4614 4617/4617/4617 
f 4618/4618/4618 4619/4619/4619 4620/4620/4620 
f 4619/4619/4619 4618/4618/4618 4621/4621/4621 
f 4620/4620/4620 4619/4619/4619 4622/4622/4622 
f 4623/4623/4623 4620/4620/4620 4622/4622/4622 
f 4624/4624/4624 4620/4620/4620 4623/4623/4623 
f 4625/4625/4625 4626/4626/4626 4627/4627/4627 
f 4626/4626/4626 4625/4625/4625 4628/4628/4628 
f 4629/4629/4629 4627/4627/4627 4626/4626/4626 
f 4629/4629/4629 4626/4626/4626 4630/4630/4630 
f 4631/4631/4631 4632/4632/4632 4633/4633/4633 
f 4633/4633/4633 4632/4632/4632 4634/4634/4634 
f 4634/4634/4634 4635/4635/4635 4633/4633/4633 
f 4635/4635/4635 4634/4634/4634 4636/4636/4636 
f 4634/4634/4634 4637/4637/4637 4636/4636/4636 
f 4636/4636/4636 4637/4637/4637 4638/4638/4638 
f 4634/4634/4634 4639/4639/4639 4637/4637/4637 
f 4632/4632/4632 4639/4639/4639 4634/4634/4634 
f 4632/4632/4632 4640/4640/4640 4639/4639/4639 
f 4631/4631/4631 4641/4641/4641 4632/4632/4632 
f 4641/4641/4641 4640/4640/4640 4632/4632/4632 
f 4641/4641/4641 4642/4642/4642 4640/4640/4640 
f 4641/4641/4641 4631/4631/4631 4643/4643/4643 
f 4642/4642/4642 4641/4641/4641 4644/4644/4644 
f 4643/4643/4643 4644/4644/4644 4641/4641/4641 
f 4645/4645/4645 4644/4644/4644 4643/4643/4643 
f 4646/4646/4646 4647/4647/4647 4648/4648/4648 
f 4649/4649/4649 4648/4648/4648 4647/4647/4647 
f 4648/4648/4648 4649/4649/4649 4650/4650/4650 
f 4651/4651/4651 4650/4650/4650 4649/4649/4649 
f 4650/4650/4650 4651/4651/4651 4652/4652/4652 
f 4649/4649/4649 4653/4653/4653 4651/4651/4651 
f 4653/4653/4653 4649/4649/4649 4654/4654/4654 
f 4647/4647/4647 4654/4654/4654 4649/4649/4649 
f 4654/4654/4654 4647/4647/4647 4655/4655/4655 
f 4647/4647/4647 4646/4646/4646 4656/4656/4656 
f 4656/4656/4656 4655/4655/4655 4647/4647/4647 
f 4657/4657/4657 4656/4656/4656 4646/4646/4646 
f 4655/4655/4655 4656/4656/4656 4658/4658/4658 
f 4656/4656/4656 4657/4657/4657 4659/4659/4659 
f 4658/4658/4658 4656/4656/4656 4659/4659/4659 
f 4659/4659/4659 4660/4660/4660 4658/4658/4658 
f 4661/4661/4661 4662/4662/4662 4663/4663/4663 
f 4663/4663/4663 4664/4664/4664 4665/4665/4665 
f 4664/4664/4664 4663/4663/4663 4666/4666/4666 
f 4666/4666/4666 4663/4663/4663 4662/4662/4662 
f 4666/4666/4666 4667/4667/4667 4664/4664/4664 
f 4667/4667/4667 4666/4666/4666 4668/4668/4668 
f 4668/4668/4668 4666/4666/4666 4669/4669/4669 
f 4662/4662/4662 4669/4669/4669 4666/4666/4666 
f 4669/4669/4669 4662/4662/4662 4670/4670/4670 
f 4662/4662/4662 4661/4661/4661 4671/4671/4671 
f 4671/4671/4671 4670/4670/4670 4662/4662/4662 
f 4670/4670/4670 4671/4671/4671 4672/4672/4672 
f 4673/4673/4673 4671/4671/4671 4661/4661/4661 
f 4674/4674/4674 4672/4672/4672 4671/4671/4671 
f 4671/4671/4671 4673/4673/4673 4674/4674/4674 
f 4675/4675/4675 4674/4674/4674 4673/4673/4673 
f 4676/4676/4676 4677/4677/4677 4678/4678/4678 
f 4677/4677/4677 4676/4676/4676 4679/4679/4679 
f 4680/4680/4680 4681/4681/4681 4682/4682/4682 
f 4680/4680/4680 4682/4682/4682 4683/4683/4683 
f 4684/4684/4684 4685/4685/4685 4686/4686/4686 
f 4685/4685/4685 4684/4684/4684 4687/4687/4687 
f 4688/4688/4688 4687/4687/4687 4684/4684/4684 
f 4684/4684/4684 4689/4689/4689 4688/4688/4688 
f 4690/4690/4690 4691/4691/4691 4692/4692/4692 
f 4691/4691/4691 4690/4690/4690 4693/4693/4693 
f 4691/4691/4691 4694/4694/4694 4692/4692/4692 
f 4694/4694/4694 4691/4691/4691 4695/4695/4695 
f 4696/4696/4696 4697/4697/4697 4698/4698/4698 
f 4696/4696/4696 4698/4698/4698 4699/4699/4699 
f 4700/4700/4700 4696/4696/4696 4699/4699/4699 
f 4696/4696/4696 4700/4700/4700 4701/4701/4701 
f 4702/4702/4702 4697/4697/4697 4696/4696/4696 
f 4701/4701/4701 4702/4702/4702 4696/4696/4696 
f 4702/4702/4702 4703/4703/4703 4697/4697/4697 
f 4702/4702/4702 4701/4701/4701 4704/4704/4704 

g Player10

v -1.88794 103.903 -0.389318 
v -1.93156 103.831 -0.426114 
v -1.91797 103.905 -0.358798 
v -1.9646 103.834 -0.392472 
v -1.85791 103.9 -0.419839 
v -1.89851 103.828 -0.459757 
v -0.998415 103.824 -0.435522 
v -1.07094 103.895 -0.427773 
v -1.04029 103.897 -0.397864 
v -1.03216 103.822 -0.468491 
v -1.00964 103.899 -0.367956 
v -0.964675 103.827 -0.402553 
v -1.9217 103.9 0.504439 
v -1.90964 103.964 0.426568 
v -1.95545 103.898 0.471471 
v -1.87903 103.966 0.456477 
v -1.88795 103.903 0.537408 
v -1.84831 103.968 0.486385 
v -1.9217 103.9 0.504439 
v -1.87903 103.966 0.456477 
v -1.00132 103.957 0.41741 
v -0.988555 103.894 0.495032 
v -0.95552 103.891 0.46139 
v -1.03133 103.96 0.44793 
v -0.988555 103.894 0.495032 
v -1.06134 103.962 0.47845 
v -1.02159 103.897 0.528673 
v -1.03133 103.96 0.44793 
v -1.85791 103.9 -0.419839 
v -1.46442 103.897 -0.423806 
v -1.46533 103.825 -0.464124 
v -1.89851 103.828 -0.459757 
v -1.07094 103.895 -0.427773 
v -1.03216 103.822 -0.468491 
v -1.93439 102.954 -0.327041 
v -1.96979 102.987 -0.329136 
v -1.93674 102.984 -0.362778 
v -1.88954 102.951 -0.360604 
v -1.9037 102.981 -0.396421 
v -1.0036 102.977 -0.372186 
v -1.05119 102.945 -0.369056 
v -1.03734 102.975 -0.405155 
v -1.00564 102.947 -0.336405 
v -0.96986 102.98 -0.339217 
v -1.91797 103.905 -0.358798 
v -1.96 103.866 0.0420911 
v -1.91378 103.935 0.0364764 
v -1.9646 103.834 -0.392472 
v -1.96 103.866 0.0420911 
v -1.90964 103.964 0.426568 
v -1.91378 103.935 0.0364764 
v -1.95545 103.898 0.471471 
v -0.96007 103.859 0.03201 
v -0.964675 103.827 -0.402553 
v -1.00964 103.899 -0.367956 
v -1.00545 103.928 0.0273187 
v -0.96007 103.859 0.03201 
v -1.00132 103.957 0.41741 
v -0.95552 103.891 0.46139 
v -1.00545 103.928 0.0273187 
v -0.99374 103.047 0.558368 
v -1.00076 102.994 0.541035 
v -0.960706 103.044 0.524726 
v -0.970099 102.998 0.508206 
v -1.96063 103.051 0.534807 
v -1.91912 103 0.550294 
v -1.92688 103.053 0.567776 
v -1.95312 103.005 0.518117 
v -1.92688 103.053 0.567776 
v -1.88513 102.996 0.582469 
v -1.89313 103.056 0.600744 
v -1.91912 103 0.550294 
v -1.02677 103.05 0.592009 
v -1.03142 102.99 0.573862 
v -0.99374 103.047 0.558368 
v -1.00076 102.994 0.541035 
v -1.91912 103 0.550294 
v -1.88319 102.906 0.518061 
v -1.88513 102.996 0.582469 
v -1.91497 102.922 0.489724 
v -1.88144 102.836 0.412422 
v -1.95312 103.005 0.518117 
v -1.91912 103 0.550294 
v -1.94625 102.937 0.461517 
v -1.91353 102.854 0.391576 
v -1.89105 102.786 0.276679 
v -1.94469 102.876 0.370292 
v -1.9194 102.811 0.264722 
v -1.88545 102.771 0.15768 
v -1.9139 102.797 0.155477 
v -1.9194 102.811 0.264722 
v -1.94706 102.835 0.252667 
v -1.9139 102.797 0.155477 
v -1.94215 102.822 0.153277 
v -1.03142 102.99 0.573862 
v -1.03598 102.9 0.50952 
v -1.00076 102.994 0.541035 
v -1.00723 102.916 0.480572 
v -1.04087 102.831 0.403947 
v -1.01171 102.848 0.382484 
v -1.03459 102.78 0.268044 
v -1.00675 102.804 0.255521 
v -1.04817 102.766 0.149239 
v -1.0185 102.791 0.14645 
v -0.983311 102.87 0.3606 
v -0.979022 102.931 0.451766 
v -0.983902 102.828 0.242957 
v -1.0185 102.791 0.14645 
v -0.990959 102.816 0.143688 
v -1.00723 102.916 0.480572 
v -0.970099 102.998 0.508206 
v -1.00076 102.994 0.541035 
v -1.96849 103.198 -0.34497 
v -1.96719 103.41 -0.360804 
v -1.93544 103.196 -0.378612 
v -1.96979 102.987 -0.329136 
v -1.93674 102.984 -0.362778 
v -1.9037 102.981 -0.396421 
v -1.9024 103.193 -0.412255 
v -1.93415 103.407 -0.394446 
v -1.9659 103.622 -0.376638 
v -1.9011 103.405 -0.428089 
v -1.93285 103.619 -0.41028 
v -1.9646 103.834 -0.392472 
v -1.89981 103.616 -0.443923 
v -1.93156 103.831 -0.426114 
v -1.89851 103.828 -0.459757 
v -1.00101 103.401 -0.403854 
v -1.0023 103.189 -0.38802 
v -1.03475 103.399 -0.436823 
v -1.03604 103.187 -0.420989 
v -1.03345 103.61 -0.452657 
v -1.0036 102.977 -0.372186 
v -1.03734 102.975 -0.405155 
v -0.96986 102.98 -0.339217 
v -0.968563 103.191 -0.355051 
v -0.967267 103.403 -0.370885 
v -0.999711 103.613 -0.419688 
v -1.03216 103.822 -0.468491 
v -0.965971 103.615 -0.386719 
v -0.998415 103.824 -0.435522 
v -0.964675 103.827 -0.402553 
v -1.45482 103.965 0.482418 
v -1.84831 103.968 0.486385 
v -1.45477 103.9 0.53304 
v -1.88795 103.903 0.537408 
v -1.06134 103.962 0.47845 
v -1.02159 103.897 0.528673 
v -0.958113 103.468 0.493058 
v -0.992444 103.259 0.542534 
v -0.959409 103.256 0.508892 
v -0.99374 103.047 0.558368 
v -0.960706 103.044 0.524726 
v -0.991148 103.47 0.5267 
v -0.956817 103.679 0.477224 
v -0.989851 103.682 0.510866 
v -0.95552 103.891 0.46139 
v -0.988555 103.894 0.495032 
v -0.991148 103.47 0.5267 
v -1.02548 103.261 0.576175 
v -0.992444 103.259 0.542534 
v -1.02677 103.05 0.592009 
v -0.99374 103.047 0.558368 
v -1.02418 103.473 0.560341 
v -0.989851 103.682 0.510866 
v -1.02289 103.685 0.544507 
v -0.988555 103.894 0.495032 
v -1.02159 103.897 0.528673 
v -1.89183 103.267 0.58491 
v -1.89054 103.479 0.569076 
v -1.92558 103.265 0.551942 
v -1.92688 103.053 0.567776 
v -1.89313 103.056 0.600744 
v -1.92429 103.477 0.536108 
v -1.88924 103.691 0.553242 
v -1.92299 103.689 0.520274 
v -1.88795 103.903 0.537408 
v -1.9217 103.9 0.504439 
v -1.92558 103.265 0.551942 
v -1.92429 103.477 0.536108 
v -1.95934 103.263 0.518973 
v -1.96063 103.051 0.534807 
v -1.92688 103.053 0.567776 
v -1.95804 103.475 0.503139 
v -1.92299 103.689 0.520274 
v -1.95674 103.686 0.487305 
v -1.9217 103.9 0.504439 
v -1.95545 103.898 0.471471 
v -1.9139 102.797 0.155477 
v -1.94215 102.822 0.153277 
v -1.92097 102.825 0.119467 
v -1.9139 102.797 0.155477 
v -1.875 102.787 0.121805 
v -1.88545 102.771 0.15768 
v -1.92097 102.825 0.119467 
v -1.47037 102.948 -0.36483 
v -1.88954 102.951 -0.360604 
v -1.47052 102.978 -0.400788 
v -1.9037 102.981 -0.396421 
v -1.05119 102.945 -0.369056 
v -1.03734 102.975 -0.405155 
v -1.0185 102.791 0.14645 
v -1.04817 102.766 0.149239 
v -1.05901 102.781 0.113578 
v -1.90964 103.964 0.426568 
v -1.87903 103.966 0.456477 
v -1.84893 103.963 0.42805 
v -1.84831 103.968 0.486385 
v -1.45482 103.965 0.482418 
v -1.45529 103.961 0.423084 
v -1.06134 103.962 0.47845 
v -1.06166 103.958 0.418118 
v -1.85308 103.934 0.0358641 
v -1.91378 103.935 0.0364764 
v -1.45529 103.961 0.423084 
v -1.91797 103.905 -0.358798 
v -1.45944 103.931 0.0318956 
v -1.85729 103.904 -0.361304 
v -1.88794 103.903 -0.389318 
v -1.85791 103.9 -0.419839 
v -1.46442 103.897 -0.423806 
v -1.46363 103.902 -0.364376 
v -1.46363 103.902 -0.364376 
v -1.07094 103.895 -0.427773 
v -1.06998 103.899 -0.367448 
v -1.06998 103.899 -0.367448 
v -1.07094 103.895 -0.427773 
v -1.04029 103.897 -0.397864 
v -1.00964 103.899 -0.367956 
v -1.06579 103.929 0.0279271 
v -1.00545 103.928 0.0273187 
v -1.00132 103.957 0.41741 
v -1.06166 103.958 0.418118 
v -1.03133 103.96 0.44793 
v -1.06134 103.962 0.47845 
v -0.990959 102.816 0.143688 
v -1.0185 102.791 0.14645 
v -1.01844 102.819 0.110368 
v -1.05901 102.781 0.113578 
v -1.93439 102.954 -0.327041 
v -1.93288 102.987 0.107479 
v -1.96979 102.987 -0.329136 
v -1.96484 103.021 0.137836 
v -0.96986 102.98 -0.339217 
v -0.997968 102.981 0.098053 
v -1.00564 102.947 -0.336405 
v -0.964912 103.015 0.127755 
v -1.45827 102.993 0.578165 
v -1.88319 102.906 0.518061 
v -1.45958 102.903 0.513791 
v -1.88513 102.996 0.582469 
v -1.88144 102.836 0.412422 
v -1.03598 102.9 0.50952 
v -1.03142 102.99 0.573862 
v -1.04087 102.831 0.403947 
v -1.46115 102.834 0.408185 
v -1.46282 102.783 0.272362 
v -1.89105 102.786 0.276679 
v -1.03459 102.78 0.268044 
v -1.88545 102.771 0.15768 
v -1.04817 102.766 0.149239 
v -1.46681 102.769 0.153459 
v -1.9011 103.405 -0.428089 
v -1.46793 103.402 -0.432456 
v -1.46922 103.19 -0.416622 
v -1.9024 103.193 -0.412255 
v -1.89981 103.616 -0.443923 
v -1.47052 102.978 -0.400788 
v -1.9037 102.981 -0.396421 
v -1.03734 102.975 -0.405155 
v -1.03604 103.187 -0.420989 
v -1.03475 103.399 -0.436823 
v -1.46663 103.613 -0.44829 
v -1.03345 103.61 -0.452657 
v -1.03216 103.822 -0.468491 
v -1.46533 103.825 -0.464124 
v -1.89851 103.828 -0.459757 
v -1.45995 103.053 0.596377 
v -1.88513 102.996 0.582469 
v -1.45827 102.993 0.578165 
v -1.89313 103.056 0.600744 
v -1.03142 102.99 0.573862 
v -1.02677 103.05 0.592009 
v -0.979022 102.931 0.451766 
v -0.960706 103.044 0.524726 
v -0.970099 102.998 0.508206 
v -0.964912 103.015 0.127755 
v -0.983311 102.87 0.3606 
v -0.983902 102.828 0.242957 
v -0.990959 102.816 0.143688 
v -1.94625 102.937 0.461517 
v -1.96063 103.051 0.534807 
v -1.96484 103.021 0.137836 
v -1.95312 103.005 0.518117 
v -1.94469 102.876 0.370292 
v -1.94706 102.835 0.252667 
v -1.94215 102.822 0.153277 
v -1.46681 102.769 0.153459 
v -1.875 102.787 0.121805 
v -1.46701 102.784 0.117692 
v -1.88545 102.771 0.15768 
v -1.05901 102.781 0.113578 
v -1.04817 102.766 0.149239 
v -1.96242 103.444 0.0899638 
v -1.96719 103.41 -0.360804 
v -1.96849 103.198 -0.34497 
v -1.96121 103.655 0.0660274 
v -1.9659 103.622 -0.376638 
v -1.96 103.866 0.0420911 
v -1.9646 103.834 -0.392472 
v -1.95545 103.898 0.471471 
v -1.95674 103.686 0.487305 
v -1.95804 103.475 0.503139 
v -1.96363 103.233 0.1139 
v -1.96979 102.987 -0.329136 
v -1.95934 103.263 0.518973 
v -1.96484 103.021 0.137836 
v -1.96063 103.051 0.534807 
v -0.968563 103.191 -0.355051 
v -0.962491 103.437 0.0798826 
v -0.963701 103.226 0.103819 
v -0.96986 102.98 -0.339217 
v -0.964912 103.015 0.127755 
v -0.967267 103.403 -0.370885 
v -0.959409 103.256 0.508892 
v -0.960706 103.044 0.524726 
v -0.958113 103.468 0.493058 
v -0.956817 103.679 0.477224 
v -0.96128 103.648 0.0559463 
v -0.95552 103.891 0.46139 
v -0.965971 103.615 -0.386719 
v -0.96007 103.859 0.03201 
v -0.964675 103.827 -0.402553 
v -1.89183 103.267 0.58491 
v -1.45866 103.264 0.580543 
v -1.45736 103.476 0.564708 
v -1.89313 103.056 0.600744 
v -1.45995 103.053 0.596377 
v -1.02677 103.05 0.592009 
v -1.02548 103.261 0.576175 
v -1.02418 103.473 0.560341 
v -1.89054 103.479 0.569076 
v -1.02289 103.685 0.544507 
v -1.45606 103.688 0.548874 
v -1.02159 103.897 0.528673 
v -1.88924 103.691 0.553242 
v -1.45477 103.9 0.53304 
v -1.88795 103.903 0.537408 
v -1.94215 102.822 0.153277 
v -1.93288 102.987 0.107479 
v -1.92097 102.825 0.119467 
v -1.96484 103.021 0.137836 
v -0.964912 103.015 0.127755 
v -0.990959 102.816 0.143688 
v -0.997968 102.981 0.098053 
v -1.01844 102.819 0.110368 
v -1.47001 102.95 -0.331723 
v -1.88954 102.951 -0.360604 
v -1.47037 102.948 -0.36483 
v -1.93439 102.954 -0.327041 
v -1.05119 102.945 -0.369056 
v -1.00564 102.947 -0.336405 
v -1.93439 102.954 -0.327041 
v -1.46542 102.984 0.102766 
v -1.93288 102.987 0.107479 
v -1.47001 102.95 -0.331723 
v -1.00564 102.947 -0.336405 
v -0.997968 102.981 0.098053 
v -1.46701 102.784 0.117692 
v -1.875 102.787 0.121805 
v -1.4697 102.822 0.114917 
v -1.05901 102.781 0.113578 
v -1.92097 102.825 0.119467 
v -1.01844 102.819 0.110368 
v -1.46542 102.984 0.102766 
v -1.93288 102.987 0.107479 
v -0.997968 102.981 0.098053 

vn -0.535433 0.622047 -0.574803 
vn -0.535433 0.622047 -0.574803 
vn -0.535433 0.622047 -0.574803 
vn -0.535433 0.622047 -0.574803 
vn -0.535433 0.622047 -0.574803 
vn -0.535433 0.622047 -0.574803 
vn 0.527559 0.614173 -0.582677 
vn 0.527559 0.614173 -0.582677 
vn 0.527559 0.614173 -0.582677 
vn 0.527559 0.614173 -0.582677 
vn 0.527559 0.614173 -0.582677 
vn 0.527559 0.614173 -0.582677 
vn -0.519685 0.700787 0.488189 
vn -0.519685 0.700787 0.488189 
vn -0.519685 0.700787 0.488189 
vn -0.519685 0.700787 0.488189 
vn -0.519685 0.700787 0.488189 
vn -0.519685 0.700787 0.488189 
vn -0.519685 0.700787 0.488189 
vn -0.519685 0.700787 0.488189 
vn 0.543307 0.692913 0.480315 
vn 0.543307 0.692913 0.480315 
vn 0.543307 0.692913 0.480315 
vn 0.543307 0.692913 0.480315 
vn 0.543307 0.692913 0.480315 
vn 0.543307 0.692913 0.480315 
vn 0.543307 0.692913 0.480315 
vn 0.543307 0.692913 0.480315 
vn -0.00787402 0.488189 -0.874016 
vn -0.00787402 0.488189 -0.874016 
vn -0.00787402 0.488189 -0.874016 
vn -0.00787402 0.488189 -0.874016 
vn -0.00787402 0.488189 -0.874016 
vn -0.00787402 0.488189 -0.874016 
vn -0.503937 -0.677165 -0.535433 
vn -0.574803 -0.645669 -0.511811 
vn -0.511811 -0.692913 -0.503937 
vn -0.480315 -0.724409 -0.496063 
vn -0.503937 -0.748031 -0.433071 
vn 0.488189 -0.700787 -0.519685 
vn 0.464567 -0.724409 -0.503937 
vn 0.488189 -0.755906 -0.440945 
vn 0.488189 -0.677165 -0.551181 
vn 0.551181 -0.653543 -0.519685 
vn -0.826772 0.559055 -0.0314961 
vn -0.826772 0.559055 -0.0314961 
vn -0.826772 0.559055 -0.0314961 
vn -0.826772 0.559055 -0.0314961 
vn -0.826772 0.559055 -0.0314961 
vn -0.826772 0.559055 -0.0314961 
vn -0.826772 0.559055 -0.0314961 
vn -0.826772 0.559055 -0.0314961 
vn 0.834646 0.543307 -0.0472441 
vn 0.834646 0.543307 -0.0472441 
vn 0.834646 0.543307 -0.0472441 
vn 0.834646 0.543307 -0.0472441 
vn 0.834646 0.543307 -0.0472441 
vn 0.834646 0.543307 -0.0472441 
vn 0.834646 0.543307 -0.0472441 
vn 0.834646 0.543307 -0.0472441 
vn 0.685039 -0.338583 0.645669 
vn 0.700787 -0.425197 0.574803 
vn 0.685039 -0.338583 0.645669 
vn 0.700787 -0.440945 0.566929 
vn -0.661417 -0.330709 0.677165 
vn -0.669291 -0.425197 0.606299 
vn -0.661417 -0.330709 0.677165 
vn -0.669291 -0.448819 0.598425 
vn -0.661417 -0.307087 0.677165 
vn -0.677165 -0.393701 0.622047 
vn -0.661417 -0.307087 0.677165 
vn -0.677165 -0.409449 0.614173 
vn 0.692913 -0.283465 0.661417 
vn 0.708661 -0.377953 0.598425 
vn 0.692913 -0.283465 0.661417 
vn 0.708661 -0.393701 0.582677 
vn -0.677165 -0.409449 0.614173 
vn -0.669291 -0.543307 0.511811 
vn -0.677165 -0.393701 0.622047 
vn -0.669291 -0.559055 0.488189 
vn -0.653543 -0.661417 0.362205 
vn -0.669291 -0.448819 0.598425 
vn -0.669291 -0.425197 0.606299 
vn -0.677165 -0.566929 0.464567 
vn -0.669291 -0.661417 0.338583 
vn -0.661417 -0.724409 0.19685 
vn -0.685039 -0.653543 0.322835 
vn -0.661417 -0.724409 0.173228 
vn -0.669291 -0.740157 0.0629921 
vn -0.669291 -0.740157 0.0629921 
vn -0.685039 -0.708661 0.181102 
vn -0.685039 -0.708661 0.165354 
vn -0.669291 -0.740157 0.0629921 
vn -0.669291 -0.740157 0.0629921 
vn 0.708661 -0.377953 0.598425 
vn 0.708661 -0.527559 0.472441 
vn 0.708661 -0.393701 0.582677 
vn 0.700787 -0.551181 0.448819 
vn 0.677165 -0.653543 0.338583 
vn 0.700787 -0.645669 0.314961 
vn 0.669291 -0.724409 0.173228 
vn 0.692913 -0.700787 0.149606 
vn 0.653543 -0.755906 0.023622 
vn 0.653543 -0.755906 0.023622 
vn 0.724409 -0.622047 0.291339 
vn 0.716535 -0.551181 0.433071 
vn 0.724409 -0.677165 0.133858 
vn 0.700787 -0.716535 0.023622 
vn 0.700787 -0.716535 0.023622 
vn 0.708661 -0.535433 0.448819 
vn 0.700787 -0.440945 0.566929 
vn 0.700787 -0.425197 0.574803 
vn -0.716535 -0.0472441 -0.700787 
vn -0.716535 -0.0472441 -0.700787 
vn -0.716535 -0.0472441 -0.700787 
vn -0.716535 -0.0472441 -0.700787 
vn -0.716535 -0.0472441 -0.700787 
vn -0.716535 -0.0472441 -0.700787 
vn -0.716535 -0.0472441 -0.700787 
vn -0.716535 -0.0472441 -0.700787 
vn -0.716535 -0.0472441 -0.700787 
vn -0.716535 -0.0472441 -0.700787 
vn -0.716535 -0.0472441 -0.700787 
vn -0.716535 -0.0472441 -0.700787 
vn -0.716535 -0.0472441 -0.700787 
vn -0.716535 -0.0472441 -0.700787 
vn -0.716535 -0.0472441 -0.700787 
vn 0.700787 -0.0551181 -0.708661 
vn 0.700787 -0.0551181 -0.708661 
vn 0.700787 -0.0551181 -0.708661 
vn 0.700787 -0.0551181 -0.708661 
vn 0.700787 -0.0551181 -0.708661 
vn 0.700787 -0.0551181 -0.708661 
vn 0.700787 -0.0551181 -0.708661 
vn 0.700787 -0.0551181 -0.708661 
vn 0.700787 -0.0551181 -0.708661 
vn 0.700787 -0.0551181 -0.708661 
vn 0.700787 -0.0551181 -0.708661 
vn 0.700787 -0.0551181 -0.708661 
vn 0.700787 -0.0551181 -0.708661 
vn 0.700787 -0.0551181 -0.708661 
vn 0.700787 -0.0551181 -0.708661 
vn 0.015748 0.614173 0.787402 
vn 0.015748 0.614173 0.787402 
vn 0.015748 0.614173 0.787402 
vn 0.015748 0.614173 0.787402 
vn 0.015748 0.614173 0.787402 
vn 0.015748 0.614173 0.787402 
vn 0.716535 0.0472441 0.700787 
vn 0.716535 0.0472441 0.700787 
vn 0.716535 0.0472441 0.700787 
vn 0.716535 0.0472441 0.700787 
vn 0.716535 0.0472441 0.700787 
vn 0.716535 0.0472441 0.700787 
vn 0.716535 0.0472441 0.700787 
vn 0.716535 0.0472441 0.700787 
vn 0.716535 0.0472441 0.700787 
vn 0.716535 0.0472441 0.700787 
vn 0.716535 0.0472441 0.700787 
vn 0.716535 0.0472441 0.700787 
vn 0.716535 0.0472441 0.700787 
vn 0.716535 0.0472441 0.700787 
vn 0.716535 0.0472441 0.700787 
vn 0.716535 0.0472441 0.700787 
vn 0.716535 0.0472441 0.700787 
vn 0.716535 0.0472441 0.700787 
vn 0.716535 0.0472441 0.700787 
vn 0.716535 0.0472441 0.700787 
vn -0.700787 0.0551181 0.708661 
vn -0.700787 0.0551181 0.708661 
vn -0.700787 0.0551181 0.708661 
vn -0.700787 0.0551181 0.708661 
vn -0.700787 0.0551181 0.708661 
vn -0.700787 0.0551181 0.708661 
vn -0.700787 0.0551181 0.708661 
vn -0.700787 0.0551181 0.708661 
vn -0.700787 0.0551181 0.708661 
vn -0.700787 0.0551181 0.708661 
vn -0.700787 0.0551181 0.708661 
vn -0.700787 0.0551181 0.708661 
vn -0.700787 0.0551181 0.708661 
vn -0.700787 0.0551181 0.708661 
vn -0.700787 0.0551181 0.708661 
vn -0.700787 0.0551181 0.708661 
vn -0.700787 0.0551181 0.708661 
vn -0.700787 0.0551181 0.708661 
vn -0.700787 0.0551181 0.708661 
vn -0.700787 0.0551181 0.708661 
vn -0.590551 -0.692913 -0.417323 
vn -0.590551 -0.692913 -0.417323 
vn -0.590551 -0.692913 -0.417323 
vn -0.559055 -0.700787 -0.448819 
vn -0.566929 -0.692913 -0.448819 
vn -0.574803 -0.677165 -0.464567 
vn -0.559055 -0.708661 -0.440945 
vn -0.00787402 -0.76378 -0.645669 
vn -0.00787402 -0.76378 -0.645669 
vn -0.00787402 -0.76378 -0.645669 
vn -0.00787402 -0.76378 -0.645669 
vn -0.00787402 -0.76378 -0.645669 
vn -0.00787402 -0.76378 -0.645669 
vn 0.543307 -0.692913 -0.472441 
vn 0.543307 -0.692913 -0.472441 
vn 0.543307 -0.692913 -0.472441 
vn 0.00787402 1 -0.0708661 
vn 0.00787402 1 -0.0708661 
vn 0.00787402 1 -0.0708661 
vn 0.00787402 1 -0.0708661 
vn 0.00787402 1 -0.0708661 
vn 0.00787402 1 -0.0708661 
vn 0.00787402 1 -0.0708661 
vn 0.00787402 1 -0.0708661 
vn 0.00787402 1 -0.0708661 
vn 0.00787402 1 -0.0708661 
vn 0.00787402 1 -0.0708661 
vn 0.00787402 1 -0.0708661 
vn 0.00787402 1 -0.0708661 
vn 0.00787402 1 -0.0708661 
vn 0.00787402 1 -0.0708661 
vn 0.00787402 1 -0.0708661 
vn 0.00787402 1 -0.0708661 
vn 0.00787402 1 -0.0708661 
vn 0.00787402 1 -0.0708661 
vn 0.00787402 1 -0.0708661 
vn 0.00787402 1 -0.0708661 
vn 0.00787402 1 -0.0708661 
vn 0.00787402 1 -0.0708661 
vn 0.00787402 1 -0.0708661 
vn 0.00787402 1 -0.0708661 
vn 0.00787402 1 -0.0708661 
vn 0.00787402 1 -0.0708661 
vn 0.00787402 1 -0.0708661 
vn 0.00787402 1 -0.0708661 
vn 0.00787402 1 -0.0708661 
vn 0.00787402 1 -0.0708661 
vn 0.551181 -0.661417 -0.511811 
vn 0.559055 -0.661417 -0.503937 
vn 0.559055 -0.661417 -0.503937 
vn 0.559055 -0.653543 -0.503937 
vn -0.692913 -0.716535 0.0629921 
vn -0.692913 -0.716535 0.0629921 
vn -0.692913 -0.716535 0.0629921 
vn -0.692913 -0.716535 0.0629921 
vn 0.685039 -0.724409 0.0472441 
vn 0.685039 -0.724409 0.0472441 
vn 0.685039 -0.724409 0.0472441 
vn 0.685039 -0.724409 0.0472441 
vn 0.00787402 -0.480315 0.874016 
vn 0 -0.724409 0.685039 
vn 0 -0.732283 0.685039 
vn 0.00787402 -0.472441 0.88189 
vn 0 -0.897638 0.440945 
vn 0 -0.724409 0.685039 
vn 0.00787402 -0.480315 0.88189 
vn 0 -0.897638 0.440945 
vn 0 -0.897638 0.440945 
vn -0.00787402 -0.968504 0.244094 
vn -0.00787402 -0.968504 0.244094 
vn -0.00787402 -0.968504 0.251969 
vn -0.00787402 -0.992126 0.125984 
vn -0.00787402 -0.992126 0.125984 
vn -0.00787402 -0.992126 0.125984 
vn -0.00787402 -0.0708661 -1 
vn -0.00787402 -0.0708661 -1 
vn -0.00787402 -0.0708661 -1 
vn -0.00787402 -0.0708661 -1 
vn -0.00787402 -0.0708661 -1 
vn -0.00787402 -0.0708661 -1 
vn -0.00787402 -0.0708661 -1 
vn -0.00787402 -0.0708661 -1 
vn -0.00787402 -0.0708661 -1 
vn -0.00787402 -0.0708661 -1 
vn -0.00787402 -0.0708661 -1 
vn -0.00787402 -0.0708661 -1 
vn -0.00787402 -0.0708661 -1 
vn -0.00787402 -0.0708661 -1 
vn -0.00787402 -0.0708661 -1 
vn 0.00787402 -0.291339 0.96063 
vn 0.00787402 -0.472441 0.88189 
vn 0.00787402 -0.480315 0.874016 
vn 0.00787402 -0.291339 0.96063 
vn 0.00787402 -0.480315 0.88189 
vn 0.00787402 -0.291339 0.96063 
vn 0.992126 -0.141732 0.00787402 
vn 0.984252 -0.165354 0.00787402 
vn 0.984252 -0.165354 0.00787402 
vn 0.992126 -0.110236 0.00787402 
vn 0.992126 -0.0944882 0.023622 
vn 0.992126 -0.102362 0.00787402 
vn 0.992126 -0.133858 -0.0551181 
vn -0.992126 -0.11811 0.0314961 
vn -0.992126 -0.141732 0.023622 
vn -0.992126 -0.0944882 0.023622 
vn -0.992126 -0.141732 0.023622 
vn -1 -0.0708661 0.0393701 
vn -1 -0.0787402 0.023622 
vn -0.992126 -0.11811 -0.0314961 
vn -0.00787402 -0.913386 -0.401575 
vn -0.00787402 -0.913386 -0.401575 
vn -0.00787402 -0.913386 -0.401575 
vn -0.00787402 -0.913386 -0.401575 
vn -0.00787402 -0.913386 -0.401575 
vn -0.00787402 -0.913386 -0.401575 
vn -1 0.00787402 0.00787402 
vn -1 0.00787402 0.00787402 
vn -1 0.00787402 0.00787402 
vn -1 0.00787402 0.00787402 
vn -1 0.00787402 0.00787402 
vn -1 0.00787402 0.00787402 
vn -1 0.00787402 0.00787402 
vn -1 0.00787402 0.00787402 
vn -1 0.00787402 0.00787402 
vn -1 0.00787402 0.00787402 
vn -1 0.00787402 0.00787402 
vn -1 0.00787402 0.00787402 
vn -1 0.00787402 0.00787402 
vn -1 0.00787402 0.00787402 
vn -1 0.00787402 0.00787402 
vn 1 -0.00787402 -0.00787402 
vn 1 -0.00787402 -0.00787402 
vn 1 -0.00787402 -0.00787402 
vn 1 -0.00787402 -0.00787402 
vn 1 -0.00787402 -0.00787402 
vn 1 -0.00787402 -0.00787402 
vn 1 -0.00787402 -0.00787402 
vn 1 -0.00787402 -0.00787402 
vn 1 -0.00787402 -0.00787402 
vn 1 -0.00787402 -0.00787402 
vn 1 -0.00787402 -0.00787402 
vn 1 -0.00787402 -0.00787402 
vn 1 -0.00787402 -0.00787402 
vn 1 -0.00787402 -0.00787402 
vn 1 -0.00787402 -0.00787402 
vn 0.00787402 0.0708661 1 
vn 0.00787402 0.0708661 1 
vn 0.00787402 0.0708661 1 
vn 0.00787402 0.0708661 1 
vn 0.00787402 0.0708661 1 
vn 0.00787402 0.0708661 1 
vn 0.00787402 0.0708661 1 
vn 0.00787402 0.0708661 1 
vn 0.00787402 0.0708661 1 
vn 0.00787402 0.0708661 1 
vn 0.00787402 0.0708661 1 
vn 0.00787402 0.0708661 1 
vn 0.00787402 0.0708661 1 
vn 0.00787402 0.0708661 1 
vn 0.00787402 0.0708661 1 
vn -0.795276 -0.11811 -0.598425 
vn -0.795276 -0.11811 -0.598425 
vn -0.795276 -0.11811 -0.598425 
vn -0.795276 -0.11811 -0.598425 
vn 0.748031 -0.149606 -0.645669 
vn 0.748031 -0.149606 -0.645669 
vn 0.748031 -0.149606 -0.645669 
vn 0.748031 -0.149606 -0.645669 
vn -0.00787402 -1 0.0708661 
vn -0.00787402 -1 0.0708661 
vn -0.00787402 -1 0.0708661 
vn -0.00787402 -1 0.0708661 
vn -0.00787402 -1 0.0708661 
vn -0.00787402 -1 0.0708661 
vn -0.00787402 -1 0.0787402 
vn -0.00787402 -1 0.0787402 
vn -0.00787402 -1 0.0787402 
vn -0.00787402 -1 0.0787402 
vn -0.00787402 -1 0.0787402 
vn -0.00787402 -1 0.0787402 
vn -0.00787402 -0.0708661 -1 
vn -0.00787402 -0.0708661 -1 
vn -0.00787402 -0.0708661 -1 
vn -0.00787402 -0.0708661 -1 
vn -0.00787402 -0.0708661 -1 
vn -0.00787402 -0.0708661 -1 
vn -0.00787402 -0.0708661 -1 
vn -0.00787402 -0.0708661 -1 
vn -0.00787402 -0.0708661 -1 

vt 0.565701 0.88379 
vt 0.565701 0.877975 
vt 0.567943 0.88379 
vt 0.567943 0.877967 
vt 0.563468 0.88379 
vt 0.563468 0.877967 
vt 0.495787 0.877974 
vt 0.498146 0.88379 
vt 0.495866 0.88379 
vt 0.498146 0.877966 
vt 0.493564 0.88379 
vt 0.493561 0.877968 
vt 0.635455 0.877997 
vt 0.633313 0.88379 
vt 0.633313 0.877988 
vt 0.635457 0.88379 
vt 0.637621 0.877991 
vt 0.637615 0.88379 
vt 0.635455 0.877997 
vt 0.635457 0.88379 
vt 0.427994 0.88379 
vt 0.42598 0.877997 
vt 0.427975 0.877989 
vt 0.425984 0.88379 
vt 0.705346 0.877999 
vt 0.702905 0.88379 
vt 0.702898 0.877991 
vt 0.705346 0.88379 
vt 0.563468 0.88379 
vt 0.530807 0.88379 
vt 0.530809 0.877967 
vt 0.563468 0.877967 
vt 0.498146 0.88379 
vt 0.498146 0.877966 
vt 0.532837 0.94337 
vt 0.534875 0.94337 
vt 0.53393 0.945586 
vt 0.531956 0.944906 
vt 0.532727 0.947534 
vt 0.502221 0.946138 
vt 0.503871 0.944906 
vt 0.503423 0.947534 
vt 0.502484 0.94337 
vt 0.500494 0.94337 
vt 0.567943 0.88379 
vt 0.601848 0.878706 
vt 0.602021 0.88379 
vt 0.567943 0.877967 
vt 0.601848 0.878706 
vt 0.633313 0.88379 
vt 0.602021 0.88379 
vt 0.633313 0.877988 
vt 0.463378 0.878706 
vt 0.493561 0.877968 
vt 0.493564 0.88379 
vt 0.463107 0.88379 
vt 0.463378 0.878706 
vt 0.427994 0.88379 
vt 0.427975 0.877989 
vt 0.463107 0.88379 
vt 0.430547 0.77191 
vt 0.431563 0.775823 
vt 0.436473 0.77191 
vt 0.436547 0.774792 
vt 0.633313 0.777498 
vt 0.635459 0.77191 
vt 0.635459 0.777498 
vt 0.633313 0.77191 
vt 0.635459 0.777498 
vt 0.637621 0.77191 
vt 0.637613 0.777499 
vt 0.635459 0.77191 
vt 0.425947 0.77191 
vt 0.426177 0.776517 
vt 0.430547 0.77191 
vt 0.431563 0.775823 
vt 0.635459 0.777498 
vt 0.634604 0.787564 
vt 0.637613 0.777499 
vt 0.632826 0.786217 
vt 0.626174 0.794093 
vt 0.633313 0.777498 
vt 0.635459 0.777498 
vt 0.630262 0.78382 
vt 0.624146 0.791718 
vt 0.615044 0.795108 
vt 0.622048 0.787976 
vt 0.614109 0.792661 
vt 0.604023 0.794661 
vt 0.604023 0.791231 
vt 0.614109 0.792661 
vt 0.612942 0.78916 
vt 0.604023 0.791231 
vt 0.604023 0.788601 
vt 0.426177 0.776517 
vt 0.430483 0.787743 
vt 0.431563 0.775823 
vt 0.435837 0.784671 
vt 0.438112 0.791713 
vt 0.441933 0.788089 
vt 0.446571 0.79364 
vt 0.448493 0.789787 
vt 0.456769 0.793791 
vt 0.456769 0.78884 
vt 0.444058 0.784418 
vt 0.439546 0.781076 
vt 0.449898 0.78648 
vt 0.456769 0.78884 
vt 0.456769 0.78621 
vt 0.435837 0.784671 
vt 0.436547 0.774792 
vt 0.431563 0.775823 
vt 0.567943 0.798664 
vt 0.567943 0.825098 
vt 0.565701 0.798665 
vt 0.567943 0.77191 
vt 0.565701 0.77191 
vt 0.563468 0.77191 
vt 0.563468 0.798663 
vt 0.565701 0.825102 
vt 0.567943 0.851533 
vt 0.563468 0.825098 
vt 0.565701 0.851538 
vt 0.567943 0.877967 
vt 0.563468 0.851532 
vt 0.565701 0.877975 
vt 0.563468 0.877967 
vt 0.495826 0.825101 
vt 0.495845 0.798665 
vt 0.498146 0.825097 
vt 0.498146 0.798663 
vt 0.498146 0.851532 
vt 0.495865 0.77191 
vt 0.498146 0.77191 
vt 0.493574 0.77191 
vt 0.493571 0.798663 
vt 0.493568 0.825098 
vt 0.495806 0.851538 
vt 0.498146 0.877966 
vt 0.493564 0.851533 
vt 0.495787 0.877974 
vt 0.493561 0.877968 
vt 0.67026 0.88379 
vt 0.637615 0.88379 
vt 0.670259 0.877991 
vt 0.637621 0.877991 
vt 0.702905 0.88379 
vt 0.702898 0.877991 
vt 0.427985 0.825109 
vt 0.425978 0.798671 
vt 0.427989 0.798669 
vt 0.425977 0.77191 
vt 0.427994 0.77191 
vt 0.425979 0.825113 
vt 0.42798 0.851549 
vt 0.425979 0.851555 
vt 0.427975 0.877989 
vt 0.42598 0.877997 
vt 0.705346 0.825115 
vt 0.702905 0.798669 
vt 0.705346 0.798673 
vt 0.702907 0.77191 
vt 0.705346 0.77191 
vt 0.702902 0.82511 
vt 0.705346 0.851557 
vt 0.7029 0.85155 
vt 0.705346 0.877999 
vt 0.702898 0.877991 
vt 0.637615 0.798669 
vt 0.637617 0.82511 
vt 0.635458 0.798671 
vt 0.635459 0.77191 
vt 0.637613 0.77191 
vt 0.635457 0.825113 
vt 0.637619 0.851551 
vt 0.635456 0.851555 
vt 0.637621 0.877991 
vt 0.635455 0.877997 
vt 0.635458 0.798671 
vt 0.635457 0.825113 
vt 0.633313 0.798668 
vt 0.633313 0.77191 
vt 0.635459 0.77191 
vt 0.633313 0.825108 
vt 0.635456 0.851555 
vt 0.633313 0.851548 
vt 0.635455 0.877997 
vt 0.633313 0.877988 
vt 0.533564 0.894699 
vt 0.534761 0.897826 
vt 0.532837 0.898634 
vt 0.533564 0.894699 
vt 0.531458 0.895009 
vt 0.532151 0.891434 
vt 0.532837 0.898634 
vt 0.517914 0.944906 
vt 0.531956 0.944906 
vt 0.518075 0.947534 
vt 0.532727 0.947534 
vt 0.503871 0.944906 
vt 0.503423 0.947534 
vt 0.50248 0.894006 
vt 0.503744 0.891442 
vt 0.504383 0.895008 
vt 0.430464 0.996456 
vt 0.428273 0.992749 
vt 0.430312 0.989033 
vt 0.426083 0.989033 
vt 0.426082 0.940155 
vt 0.430384 0.940135 
vt 0.426082 0.891277 
vt 0.430457 0.891238 
vt 0.460625 0.989033 
vt 0.460573 0.996456 
vt 0.430384 0.940135 
vt 0.491176 0.996438 
vt 0.460625 0.940136 
vt 0.491323 0.989033 
vt 0.493367 0.992729 
vt 0.495549 0.989033 
vt 0.495549 0.940155 
vt 0.491258 0.940135 
vt 0.491258 0.940135 
vt 0.495549 0.891277 
vt 0.491194 0.891238 
vt 0.491194 0.891238 
vt 0.495549 0.891277 
vt 0.493372 0.887584 
vt 0.491186 0.883876 
vt 0.460625 0.891238 
vt 0.460573 0.883858 
vt 0.430464 0.883858 
vt 0.430457 0.891238 
vt 0.428272 0.887568 
vt 0.426082 0.891277 
vt 0.500494 0.89793 
vt 0.50248 0.894006 
vt 0.502484 0.898635 
vt 0.504383 0.895008 
vt 0.532837 0.94337 
vt 0.532837 0.918795 
vt 0.534875 0.94337 
vt 0.534875 0.918795 
vt 0.500494 0.94337 
vt 0.502484 0.918795 
vt 0.502484 0.94337 
vt 0.500494 0.918795 
vt 0.67026 0.777499 
vt 0.637613 0.787994 
vt 0.67026 0.788006 
vt 0.637613 0.777499 
vt 0.637613 0.791272 
vt 0.702907 0.788019 
vt 0.702907 0.777499 
vt 0.702907 0.791337 
vt 0.67026 0.791305 
vt 0.67026 0.793738 
vt 0.637613 0.793741 
vt 0.702907 0.793736 
vt 0.637613 0.797407 
vt 0.702907 0.797407 
vt 0.67026 0.797407 
vt 0.563468 0.825098 
vt 0.530808 0.825098 
vt 0.530808 0.798663 
vt 0.563468 0.798663 
vt 0.563468 0.851532 
vt 0.530808 0.77191 
vt 0.563468 0.77191 
vt 0.498146 0.77191 
vt 0.498146 0.798663 
vt 0.498146 0.825097 
vt 0.530808 0.851532 
vt 0.498146 0.851532 
vt 0.498146 0.877966 
vt 0.530809 0.877967 
vt 0.563468 0.877967 
vt 0.67026 0.777499 
vt 0.637621 0.77191 
vt 0.670259 0.77191 
vt 0.637613 0.777499 
vt 0.702898 0.77191 
vt 0.702907 0.777499 
vt 0.439546 0.781076 
vt 0.436473 0.77191 
vt 0.436547 0.774792 
vt 0.457489 0.77191 
vt 0.444058 0.784418 
vt 0.449898 0.78648 
vt 0.456769 0.78621 
vt 0.630262 0.78382 
vt 0.633313 0.77191 
vt 0.604023 0.77191 
vt 0.633313 0.777498 
vt 0.622048 0.787976 
vt 0.612942 0.78916 
vt 0.604023 0.788601 
vt 0.517948 0.891438 
vt 0.531458 0.895009 
vt 0.517921 0.895009 
vt 0.532151 0.891434 
vt 0.504383 0.895008 
vt 0.503744 0.891442 
vt 0.602936 0.825467 
vt 0.567943 0.825098 
vt 0.567943 0.798664 
vt 0.602392 0.852086 
vt 0.567943 0.851533 
vt 0.601848 0.878706 
vt 0.567943 0.877967 
vt 0.633313 0.877988 
vt 0.633313 0.851548 
vt 0.633313 0.825108 
vt 0.60348 0.798848 
vt 0.567943 0.77191 
vt 0.633313 0.798668 
vt 0.604023 0.77191 
vt 0.633313 0.77191 
vt 0.493571 0.798663 
vt 0.460074 0.825467 
vt 0.458813 0.798848 
vt 0.493574 0.77191 
vt 0.457489 0.77191 
vt 0.493568 0.825098 
vt 0.427989 0.798669 
vt 0.427994 0.77191 
vt 0.427985 0.825109 
vt 0.42798 0.851549 
vt 0.461726 0.852086 
vt 0.427975 0.877989 
vt 0.493564 0.851533 
vt 0.463378 0.878706 
vt 0.493561 0.877968 
vt 0.637615 0.798669 
vt 0.67026 0.798669 
vt 0.67026 0.82511 
vt 0.637613 0.77191 
vt 0.67026 0.77191 
vt 0.702907 0.77191 
vt 0.702905 0.798669 
vt 0.702902 0.82511 
vt 0.637617 0.82511 
vt 0.7029 0.85155 
vt 0.670259 0.85155 
vt 0.702898 0.877991 
vt 0.637619 0.851551 
vt 0.670259 0.877991 
vt 0.637621 0.877991 
vt 0.534761 0.897826 
vt 0.532837 0.918795 
vt 0.532837 0.898634 
vt 0.534875 0.918795 
vt 0.500494 0.918795 
vt 0.500494 0.89793 
vt 0.502484 0.918795 
vt 0.502484 0.898635 
vt 0.517661 0.94337 
vt 0.531956 0.944906 
vt 0.517914 0.944906 
vt 0.532837 0.94337 
vt 0.503871 0.944906 
vt 0.502484 0.94337 
vt 0.532837 0.94337 
vt 0.517661 0.918795 
vt 0.532837 0.918795 
vt 0.517661 0.94337 
vt 0.502484 0.94337 
vt 0.502484 0.918795 
vt 0.517921 0.895009 
vt 0.531458 0.895009 
vt 0.517661 0.898635 
vt 0.504383 0.895008 
vt 0.532837 0.898634 
vt 0.502484 0.898635 
vt 0.517661 0.918795 
vt 0.532837 0.918795 
vt 0.502484 0.918795 

usemtl Player1Mtl

f 4705/4705/4705 4706/4706/4706 4707/4707/4707 
f 4707/4707/4707 4706/4706/4706 4708/4708/4708 
f 4709/4709/4709 4706/4706/4706 4705/4705/4705 
f 4706/4706/4706 4709/4709/4709 4710/4710/4710 
f 4711/4711/4711 4712/4712/4712 4713/4713/4713 
f 4712/4712/4712 4711/4711/4711 4714/4714/4714 
f 4715/4715/4715 4711/4711/4711 4713/4713/4713 
f 4711/4711/4711 4715/4715/4715 4716/4716/4716 
f 4717/4717/4717 4718/4718/4718 4719/4719/4719 
f 4718/4718/4718 4717/4717/4717 4720/4720/4720 
f 4721/4721/4721 4722/4722/4722 4723/4723/4723 
f 4722/4722/4722 4724/4724/4724 4723/4723/4723 
f 4725/4725/4725 4726/4726/4726 4727/4727/4727 
f 4726/4726/4726 4725/4725/4725 4728/4728/4728 
f 4729/4729/4729 4730/4730/4730 4731/4731/4731 
f 4730/4730/4730 4729/4729/4729 4732/4732/4732 
f 4733/4733/4733 4734/4734/4734 4735/4735/4735 
f 4733/4733/4733 4735/4735/4735 4736/4736/4736 
f 4737/4737/4737 4735/4735/4735 4734/4734/4734 
f 4735/4735/4735 4737/4737/4737 4738/4738/4738 
f 4739/4739/4739 4740/4740/4740 4741/4741/4741 
f 4741/4741/4741 4742/4742/4742 4739/4739/4739 
f 4743/4743/4743 4742/4742/4742 4741/4741/4741 
f 4744/4744/4744 4745/4745/4745 4746/4746/4746 
f 4747/4747/4747 4745/4745/4745 4744/4744/4744 
f 4748/4748/4748 4747/4747/4747 4744/4744/4744 
f 4749/4749/4749 4750/4750/4750 4751/4751/4751 
f 4750/4750/4750 4749/4749/4749 4752/4752/4752 
f 4753/4753/4753 4754/4754/4754 4755/4755/4755 
f 4753/4753/4753 4756/4756/4756 4754/4754/4754 
f 4757/4757/4757 4758/4758/4758 4759/4759/4759 
f 4759/4759/4759 4760/4760/4760 4757/4757/4757 
f 4761/4761/4761 4762/4762/4762 4763/4763/4763 
f 4762/4762/4762 4761/4761/4761 4764/4764/4764 
f 4765/4765/4765 4766/4766/4766 4767/4767/4767 
f 4767/4767/4767 4766/4766/4766 4768/4768/4768 
f 4769/4769/4769 4770/4770/4770 4771/4771/4771 
f 4770/4770/4770 4769/4769/4769 4772/4772/4772 
f 4773/4773/4773 4774/4774/4774 4775/4775/4775 
f 4774/4774/4774 4773/4773/4773 4776/4776/4776 
f 4777/4777/4777 4778/4778/4778 4779/4779/4779 
f 4779/4779/4779 4778/4778/4778 4780/4780/4780 
f 4781/4781/4781 4782/4782/4782 4783/4783/4783 
f 4782/4782/4782 4781/4781/4781 4784/4784/4784 
f 4784/4784/4784 4785/4785/4785 4782/4782/4782 
f 4786/4786/4786 4784/4784/4784 4787/4787/4787 
f 4784/4784/4784 4786/4786/4786 4788/4788/4788 
f 4785/4785/4785 4784/4784/4784 4789/4789/4789 
f 4788/4788/4788 4789/4789/4789 4784/4784/4784 
f 4789/4789/4789 4790/4790/4790 4785/4785/4785 
f 4789/4789/4789 4788/4788/4788 4791/4791/4791 
f 4790/4790/4790 4789/4789/4789 4792/4792/4792 
f 4792/4792/4792 4793/4793/4793 4790/4790/4790 
f 4793/4793/4793 4792/4792/4792 4794/4794/4794 
f 4791/4791/4791 4795/4795/4795 4789/4789/4789 
f 4795/4795/4795 4791/4791/4791 4796/4796/4796 
f 4796/4796/4796 4797/4797/4797 4795/4795/4795 
f 4797/4797/4797 4796/4796/4796 4798/4798/4798 
f 4799/4799/4799 4800/4800/4800 4801/4801/4801 
f 4800/4800/4800 4802/4802/4802 4801/4801/4801 
f 4800/4800/4800 4803/4803/4803 4802/4802/4802 
f 4804/4804/4804 4802/4802/4802 4803/4803/4803 
f 4804/4804/4804 4803/4803/4803 4805/4805/4805 
f 4806/4806/4806 4804/4804/4804 4805/4805/4805 
f 4805/4805/4805 4807/4807/4807 4806/4806/4806 
f 4806/4806/4806 4807/4807/4807 4808/4808/4808 
f 4806/4806/4806 4809/4809/4809 4804/4804/4804 
f 4809/4809/4809 4810/4810/4810 4804/4804/4804 
f 4811/4811/4811 4809/4809/4809 4806/4806/4806 
f 4806/4806/4806 4812/4812/4812 4811/4811/4811 
f 4813/4813/4813 4811/4811/4811 4812/4812/4812 
f 4814/4814/4814 4804/4804/4804 4810/4810/4810 
f 4814/4814/4814 4810/4810/4810 4815/4815/4815 
f 4816/4816/4816 4814/4814/4814 4815/4815/4815 
f 4817/4817/4817 4818/4818/4818 4819/4819/4819 
f 4820/4820/4820 4817/4817/4817 4821/4821/4821 
f 4819/4819/4819 4821/4821/4821 4817/4817/4817 
f 4821/4821/4821 4819/4819/4819 4822/4822/4822 
f 4823/4823/4823 4822/4822/4822 4819/4819/4819 
f 4824/4824/4824 4819/4819/4819 4818/4818/4818 
f 4819/4819/4819 4824/4824/4824 4823/4823/4823 
f 4818/4818/4818 4825/4825/4825 4824/4824/4824 
f 4826/4826/4826 4823/4823/4823 4824/4824/4824 
f 4827/4827/4827 4824/4824/4824 4825/4825/4825 
f 4824/4824/4824 4827/4827/4827 4826/4826/4826 
f 4825/4825/4825 4828/4828/4828 4827/4827/4827 
f 4829/4829/4829 4826/4826/4826 4827/4827/4827 
f 4830/4830/4830 4827/4827/4827 4828/4828/4828 
f 4827/4827/4827 4830/4830/4830 4829/4829/4829 
f 4831/4831/4831 4829/4829/4829 4830/4830/4830 
f 4832/4832/4832 4833/4833/4833 4834/4834/4834 
f 4835/4835/4835 4834/4834/4834 4833/4833/4833 
f 4834/4834/4834 4836/4836/4836 4832/4832/4832 
f 4833/4833/4833 4837/4837/4837 4835/4835/4835 
f 4838/4838/4838 4835/4835/4835 4837/4837/4837 
f 4837/4837/4837 4833/4833/4833 4839/4839/4839 
f 4840/4840/4840 4839/4839/4839 4833/4833/4833 
f 4833/4833/4833 4832/4832/4832 4840/4840/4840 
f 4841/4841/4841 4840/4840/4840 4832/4832/4832 
f 4842/4842/4842 4832/4832/4832 4836/4836/4836 
f 4832/4832/4832 4842/4842/4842 4841/4841/4841 
f 4836/4836/4836 4843/4843/4843 4842/4842/4842 
f 4844/4844/4844 4841/4841/4841 4842/4842/4842 
f 4845/4845/4845 4842/4842/4842 4843/4843/4843 
f 4842/4842/4842 4845/4845/4845 4844/4844/4844 
f 4846/4846/4846 4844/4844/4844 4845/4845/4845 
f 4847/4847/4847 4848/4848/4848 4849/4849/4849 
f 4850/4850/4850 4849/4849/4849 4848/4848/4848 
f 4849/4849/4849 4851/4851/4851 4847/4847/4847 
f 4849/4849/4849 4852/4852/4852 4851/4851/4851 
f 4853/4853/4853 4854/4854/4854 4855/4855/4855 
f 4856/4856/4856 4855/4855/4855 4854/4854/4854 
f 4855/4855/4855 4856/4856/4856 4857/4857/4857 
f 4854/4854/4854 4853/4853/4853 4858/4858/4858 
f 4859/4859/4859 4858/4858/4858 4853/4853/4853 
f 4858/4858/4858 4859/4859/4859 4860/4860/4860 
f 4861/4861/4861 4860/4860/4860 4859/4859/4859 
f 4860/4860/4860 4861/4861/4861 4862/4862/4862 
f 4863/4863/4863 4864/4864/4864 4865/4865/4865 
f 4866/4866/4866 4865/4865/4865 4864/4864/4864 
f 4865/4865/4865 4866/4866/4866 4867/4867/4867 
f 4864/4864/4864 4863/4863/4863 4868/4868/4868 
f 4869/4869/4869 4868/4868/4868 4863/4863/4863 
f 4868/4868/4868 4869/4869/4869 4870/4870/4870 
f 4871/4871/4871 4870/4870/4870 4869/4869/4869 
f 4870/4870/4870 4871/4871/4871 4872/4872/4872 
f 4873/4873/4873 4874/4874/4874 4875/4875/4875 
f 4876/4876/4876 4873/4873/4873 4875/4875/4875 
f 4877/4877/4877 4873/4873/4873 4876/4876/4876 
f 4875/4875/4875 4874/4874/4874 4878/4878/4878 
f 4874/4874/4874 4879/4879/4879 4878/4878/4878 
f 4878/4878/4878 4879/4879/4879 4880/4880/4880 
f 4879/4879/4879 4881/4881/4881 4880/4880/4880 
f 4880/4880/4880 4881/4881/4881 4882/4882/4882 
f 4883/4883/4883 4884/4884/4884 4885/4885/4885 
f 4886/4886/4886 4883/4883/4883 4885/4885/4885 
f 4887/4887/4887 4883/4883/4883 4886/4886/4886 
f 4885/4885/4885 4884/4884/4884 4888/4888/4888 
f 4884/4884/4884 4889/4889/4889 4888/4888/4888 
f 4888/4888/4888 4889/4889/4889 4890/4890/4890 
f 4889/4889/4889 4891/4891/4891 4890/4890/4890 
f 4890/4890/4890 4891/4891/4891 4892/4892/4892 
f 4893/4893/4893 4894/4894/4894 4895/4895/4895 
f 4896/4896/4896 4897/4897/4897 4898/4898/4898 
f 4896/4896/4896 4899/4899/4899 4897/4897/4897 
f 4900/4900/4900 4901/4901/4901 4902/4902/4902 
f 4903/4903/4903 4902/4902/4902 4901/4901/4901 
f 4902/4902/4902 4904/4904/4904 4900/4900/4900 
f 4904/4904/4904 4902/4902/4902 4905/4905/4905 
f 4906/4906/4906 4907/4907/4907 4908/4908/4908 
f 4909/4909/4909 4910/4910/4910 4911/4911/4911 
f 4910/4910/4910 4912/4912/4912 4911/4911/4911 
f 4912/4912/4912 4913/4913/4913 4911/4911/4911 
f 4914/4914/4914 4911/4911/4911 4913/4913/4913 
f 4913/4913/4913 4915/4915/4915 4914/4914/4914 
f 4916/4916/4916 4914/4914/4914 4915/4915/4915 
f 4917/4917/4917 4909/4909/4909 4911/4911/4911 
f 4909/4909/4909 4917/4917/4917 4918/4918/4918 
f 4917/4917/4917 4911/4911/4911 4919/4919/4919 
f 4917/4917/4917 4920/4920/4920 4918/4918/4918 
f 4921/4921/4921 4917/4917/4917 4919/4919/4919 
f 4920/4920/4920 4917/4917/4917 4922/4922/4922 
f 4920/4920/4920 4922/4922/4922 4923/4923/4923 
f 4922/4922/4922 4924/4924/4924 4923/4923/4923 
f 4922/4922/4922 4925/4925/4925 4924/4924/4924 
f 4917/4917/4917 4926/4926/4926 4922/4922/4922 
f 4926/4926/4926 4917/4917/4917 4921/4921/4921 
f 4925/4925/4925 4922/4922/4922 4927/4927/4927 
f 4927/4927/4927 4928/4928/4928 4925/4925/4925 
f 4928/4928/4928 4927/4927/4927 4929/4929/4929 
f 4921/4921/4921 4930/4930/4930 4926/4926/4926 
f 4931/4931/4931 4930/4930/4930 4932/4932/4932 
f 4930/4930/4930 4933/4933/4933 4932/4932/4932 
f 4934/4934/4934 4933/4933/4933 4930/4930/4930 
f 4930/4930/4930 4921/4921/4921 4934/4934/4934 
f 4933/4933/4933 4934/4934/4934 4935/4935/4935 
f 4934/4934/4934 4936/4936/4936 4935/4935/4935 
f 4934/4934/4934 4921/4921/4921 4937/4937/4937 
f 4936/4936/4936 4934/4934/4934 4937/4937/4937 
f 4921/4921/4921 4919/4919/4919 4937/4937/4937 
f 4937/4937/4937 4938/4938/4938 4936/4936/4936 
f 4937/4937/4937 4939/4939/4939 4938/4938/4938 
f 4940/4940/4940 4941/4941/4941 4942/4942/4942 
f 4942/4942/4942 4941/4941/4941 4943/4943/4943 
f 4944/4944/4944 4945/4945/4945 4946/4946/4946 
f 4946/4946/4946 4945/4945/4945 4947/4947/4947 
f 4948/4948/4948 4949/4949/4949 4950/4950/4950 
f 4949/4949/4949 4948/4948/4948 4951/4951/4951 
f 4952/4952/4952 4953/4953/4953 4954/4954/4954 
f 4953/4953/4953 4952/4952/4952 4955/4955/4955 
f 4956/4956/4956 4954/4954/4954 4953/4953/4953 
f 4954/4954/4954 4957/4957/4957 4952/4952/4952 
f 4958/4958/4958 4952/4952/4952 4957/4957/4957 
f 4957/4957/4957 4954/4954/4954 4959/4959/4959 
f 4954/4954/4954 4956/4956/4956 4960/4960/4960 
f 4960/4960/4960 4959/4959/4959 4954/4954/4954 
f 4960/4960/4960 4956/4956/4956 4961/4961/4961 
f 4961/4961/4961 4959/4959/4959 4960/4960/4960 
f 4962/4962/4962 4961/4961/4961 4956/4956/4956 
f 4959/4959/4959 4961/4961/4961 4963/4963/4963 
f 4964/4964/4964 4961/4961/4961 4962/4962/4962 
f 4963/4963/4963 4961/4961/4961 4965/4965/4965 
f 4961/4961/4961 4964/4964/4964 4966/4966/4966 
f 4966/4966/4966 4965/4965/4965 4961/4961/4961 
f 4967/4967/4967 4968/4968/4968 4969/4969/4969 
f 4967/4967/4967 4969/4969/4969 4970/4970/4970 
f 4971/4971/4971 4968/4968/4968 4967/4967/4967 
f 4970/4970/4970 4969/4969/4969 4972/4972/4972 
f 4970/4970/4970 4972/4972/4972 4973/4973/4973 
f 4969/4969/4969 4974/4974/4974 4972/4972/4972 
f 4969/4969/4969 4975/4975/4975 4974/4974/4974 
f 4968/4968/4968 4975/4975/4975 4969/4969/4969 
f 4968/4968/4968 4976/4976/4976 4975/4975/4975 
f 4977/4977/4977 4976/4976/4976 4968/4968/4968 
f 4971/4971/4971 4977/4977/4977 4968/4968/4968 
f 4977/4977/4977 4978/4978/4978 4976/4976/4976 
f 4978/4978/4978 4977/4977/4977 4979/4979/4979 
f 4980/4980/4980 4979/4979/4979 4977/4977/4977 
f 4977/4977/4977 4971/4971/4971 4980/4980/4980 
f 4981/4981/4981 4980/4980/4980 4971/4971/4971 
f 4982/4982/4982 4983/4983/4983 4984/4984/4984 
f 4983/4983/4983 4982/4982/4982 4985/4985/4985 
f 4984/4984/4984 4986/4986/4986 4982/4982/4982 
f 4987/4987/4987 4982/4982/4982 4986/4986/4986 
f 4988/4988/4988 4989/4989/4989 4990/4990/4990 
f 4989/4989/4989 4988/4988/4988 4991/4991/4991 
f 4991/4991/4991 4988/4988/4988 4992/4992/4992 
f 4991/4991/4991 4992/4992/4992 4993/4993/4993 
f 4993/4993/4993 4994/4994/4994 4991/4991/4991 
f 4995/4995/4995 4996/4996/4996 4997/4997/4997 
f 4996/4996/4996 4995/4995/4995 4998/4998/4998 
f 4995/4995/4995 4997/4997/4997 4999/4999/4999 
f 4999/4999/4999 4997/4997/4997 5000/5000/5000 
f 5001/5001/5001 5000/5000/5000 4997/4997/4997 
f 5002/5002/5002 5003/5003/5003 5004/5004/5004 
f 5003/5003/5003 5002/5002/5002 5005/5005/5005 
f 5004/5004/5004 5006/5006/5006 5002/5002/5002 
f 5007/5007/5007 5002/5002/5002 5006/5006/5006 
f 5008/5008/5008 5009/5009/5009 5010/5010/5010 
f 5009/5009/5009 5008/5008/5008 5011/5011/5011 
f 5011/5011/5011 5012/5012/5012 5009/5009/5009 
f 5012/5012/5012 5011/5011/5011 5013/5013/5013 
f 5013/5013/5013 5014/5014/5014 5012/5012/5012 
f 5011/5011/5011 5015/5015/5015 5013/5013/5013 
f 5015/5015/5015 5011/5011/5011 5016/5016/5016 
f 5008/5008/5008 5016/5016/5016 5011/5011/5011 
f 5016/5016/5016 5008/5008/5008 5017/5017/5017 
f 5010/5010/5010 5018/5018/5018 5008/5008/5008 
f 5018/5018/5018 5017/5017/5017 5008/5008/5008 
f 5019/5019/5019 5018/5018/5018 5010/5010/5010 
f 5017/5017/5017 5018/5018/5018 5020/5020/5020 
f 5018/5018/5018 5019/5019/5019 5021/5021/5021 
f 5021/5021/5021 5020/5020/5020 5018/5018/5018 
f 5020/5020/5020 5021/5021/5021 5022/5022/5022 
f 5023/5023/5023 5024/5024/5024 5025/5025/5025 
f 5025/5025/5025 5026/5026/5026 5023/5023/5023 
f 5026/5026/5026 5025/5025/5025 5027/5027/5027 
f 5024/5024/5024 5023/5023/5023 5028/5028/5028 
f 5025/5025/5025 5029/5029/5029 5027/5027/5027 
f 5027/5027/5027 5029/5029/5029 5030/5030/5030 
f 5025/5025/5025 5031/5031/5031 5029/5029/5029 
f 5031/5031/5031 5025/5025/5025 5024/5024/5024 
f 5024/5024/5024 5032/5032/5032 5031/5031/5031 
f 5028/5028/5028 5033/5033/5033 5024/5024/5024 
f 5032/5032/5032 5024/5024/5024 5033/5033/5033 
f 5033/5033/5033 5034/5034/5034 5032/5032/5032 
f 5033/5033/5033 5028/5028/5028 5035/5035/5035 
f 5034/5034/5034 5033/5033/5033 5036/5036/5036 
f 5035/5035/5035 5036/5036/5036 5033/5033/5033 
f 5037/5037/5037 5036/5036/5036 5035/5035/5035 
f 5038/5038/5038 5039/5039/5039 5040/5040/5040 
f 5041/5041/5041 5042/5042/5042 5038/5038/5038 
f 5039/5039/5039 5038/5038/5038 5042/5042/5042 
f 5042/5042/5042 5043/5043/5043 5039/5039/5039 
f 5044/5044/5044 5039/5039/5039 5043/5043/5043 
f 5039/5039/5039 5044/5044/5044 5045/5045/5045 
f 5039/5039/5039 5045/5045/5045 5040/5040/5040 
f 5038/5038/5038 5040/5040/5040 5046/5046/5046 
f 5040/5040/5040 5045/5045/5045 5047/5047/5047 
f 5046/5046/5046 5040/5040/5040 5048/5048/5048 
f 5040/5040/5040 5047/5047/5047 5048/5048/5048 
f 5048/5048/5048 5047/5047/5047 5049/5049/5049 
f 5046/5046/5046 5048/5048/5048 5050/5050/5050 
f 5048/5048/5048 5049/5049/5049 5051/5051/5051 
f 5050/5050/5050 5048/5048/5048 5051/5051/5051 
f 5050/5050/5050 5051/5051/5051 5052/5052/5052 
f 5053/5053/5053 5054/5054/5054 5055/5055/5055 
f 5054/5054/5054 5053/5053/5053 5056/5056/5056 
f 5057/5057/5057 5058/5058/5058 5059/5059/5059 
f 5060/5060/5060 5059/5059/5059 5058/5058/5058 
f 5061/5061/5061 5062/5062/5062 5063/5063/5063 
f 5062/5062/5062 5061/5061/5061 5064/5064/5064 
f 5063/5063/5063 5065/5065/5065 5061/5061/5061 
f 5066/5066/5066 5061/5061/5061 5065/5065/5065 
f 5067/5067/5067 5068/5068/5068 5069/5069/5069 
f 5068/5068/5068 5067/5067/5067 5070/5070/5070 
f 5071/5071/5071 5068/5068/5068 5070/5070/5070 
f 5068/5068/5068 5071/5071/5071 5072/5072/5072 
f 5073/5073/5073 5074/5074/5074 5075/5075/5075 
f 5075/5075/5075 5076/5076/5076 5073/5073/5073 
f 5077/5077/5077 5075/5075/5075 5074/5074/5074 
f 5076/5076/5076 5075/5075/5075 5078/5078/5078 
f 5077/5077/5077 5079/5079/5079 5075/5075/5075 
f 5079/5079/5079 5078/5078/5078 5075/5075/5075 
f 5079/5079/5079 5077/5077/5077 5080/5080/5080 
f 5078/5078/5078 5079/5079/5079 5081/5081/5081 

g Player11

v 1.98509 102.173 -0.36842 
v 2.05666 102.248 -0.380556 
v 2.01355 102.176 -0.336464 
v 2.02534 102.245 -0.415777 
v 2.042 102.179 -0.304507 
v 2.08798 102.251 -0.345335 
v 1.12548 102.218 -0.434659 
v 1.19976 102.148 -0.41405 
v 1.16768 102.149 -0.385613 
v 1.1608 102.217 -0.466009 
v 1.13561 102.15 -0.357176 
v 1.09017 102.219 -0.403309 
v 1.06977 102.27 0.49541 
v 1.1455 102.199 0.491698 
v 1.10109 102.273 0.530633 
v 1.11704 102.197 0.459736 
v 1.03844 102.267 0.460181 
v 1.08859 102.194 0.427779 
v 1.06977 102.27 0.49541 
v 1.11704 102.197 0.459736 
v 2.00094 102.3 0.549513 
v 1.99498 102.223 0.480448 
v 2.03625 102.299 0.518155 
v 1.96291 102.224 0.508888 
v 1.93084 102.224 0.537328 
v 2.00094 102.3 0.549513 
v 1.96563 102.301 0.580865 
v 1.96291 102.224 0.508888 
v 1.59307 102.231 -0.440893 
v 2.02534 102.245 -0.415777 
v 1.98509 102.173 -0.36842 
v 1.59243 102.161 -0.391235 
v 1.19976 102.148 -0.41405 
v 1.1608 102.217 -0.466009 
v 2.0363 102.958 -0.421709 
v 1.98734 102.992 -0.425059 
v 2.0297 102.995 -0.390694 
v 2.00498 102.955 -0.456934 
v 2.06762 102.961 -0.386485 
v 2.0363 102.958 -0.421709 
v 1.10513 102.928 -0.475812 
v 1.1057 102.965 -0.444357 
v 1.15187 102.965 -0.473579 
v 1.14044 102.927 -0.507165 
v 1.10513 102.928 -0.475812 
v 1.06981 102.929 -0.44446 
v 2.01007 102.777 -0.446644 
v 2.04648 102.603 -0.401133 
v 2.01516 102.6 -0.436355 
v 2.05157 102.425 -0.390844 
v 2.02025 102.422 -0.426066 
v 2.05666 102.248 -0.380556 
v 2.02534 102.245 -0.415777 
v 2.08798 102.251 -0.345335 
v 2.08289 102.428 -0.355622 
v 2.0778 102.606 -0.36591 
v 2.04139 102.78 -0.411421 
v 2.00498 102.955 -0.456934 
v 2.07271 102.783 -0.376198 
v 2.0363 102.958 -0.421709 
v 2.06762 102.961 -0.386485 
v 1.14553 102.75 -0.496876 
v 1.15062 102.572 -0.486587 
v 1.1153 102.573 -0.455236 
v 1.12039 102.395 -0.444947 
v 1.15571 102.395 -0.476298 
v 1.12548 102.218 -0.434659 
v 1.1608 102.217 -0.466009 
v 1.09017 102.219 -0.403309 
v 1.08508 102.396 -0.413597 
v 1.07999 102.574 -0.423885 
v 1.11022 102.751 -0.465524 
v 1.14044 102.927 -0.507165 
v 1.0749 102.751 -0.434172 
v 1.10513 102.928 -0.475812 
v 1.06981 102.929 -0.44446 
v 1.04144 103.167 0.0073185 
v 1.03856 103.163 0.111535 
v 1.0748 103.194 0.00837309 
v 1.07116 103.19 0.12251 
v 1.03751 103.134 0.233881 
v 1.06927 103.159 0.254349 
v 1.04222 103.075 0.353376 
v 1.07299 103.096 0.381461 
v 1.03892 103.014 0.414402 
v 1.06986 103.024 0.44792 
v 1.01809 102.977 0.41903 
v 1.04941 102.98 0.454253 
v 1.13561 102.15 -0.357176 
v 1.06447 102.243 0.0258497 
v 1.09017 102.219 -0.403309 
v 1.11226 102.172 0.0327155 
v 1.06447 102.243 0.0258497 
v 1.08859 102.194 0.427779 
v 1.03844 102.267 0.460181 
v 1.11226 102.172 0.0327155 
v 2.042 102.179 -0.304507 
v 2.06227 102.275 0.0838243 
v 2.01865 102.201 0.0853841 
v 2.08798 102.251 -0.345335 
v 1.99498 102.223 0.480448 
v 2.01865 102.201 0.0853841 
v 2.06227 102.275 0.0838243 
v 2.03625 102.299 0.518155 
v 1.98403 103.219 0.175549 
v 2.00806 103.165 0.290272 
v 2.01936 103.194 0.168522 
v 1.99332 103.224 0.0617404 
v 2.02829 103.199 0.0646565 
v 1.97259 103.188 0.306834 
v 1.99335 103.106 0.408638 
v 1.95826 103.124 0.432897 
v 1.99344 103.045 0.469862 
v 1.95825 103.052 0.499537 
v 2.0159 103.009 0.477005 
v 1.98058 103.01 0.508357 
v 1.93707 103.213 0.323163 
v 1.92318 103.141 0.457317 
v 1.94864 103.246 0.182345 
v 1.95825 103.052 0.499537 
v 1.98403 103.219 0.175549 
v 1.95827 103.251 0.0586986 
v 1.99332 103.224 0.0617404 
v 1.92307 103.06 0.52921 
v 1.98058 103.01 0.508357 
v 1.94527 103.011 0.539708 
v 1.07116 103.19 0.12251 
v 1.06927 103.159 0.254349 
v 1.1037 103.219 0.133252 
v 1.10812 103.224 0.00930314 
v 1.0748 103.194 0.00837309 
v 1.10097 103.186 0.274583 
v 1.07299 103.096 0.381461 
v 1.1038 103.115 0.40971 
v 1.06986 103.024 0.44792 
v 1.10078 103.034 0.481433 
v 1.04941 102.98 0.454253 
v 1.08073 102.983 0.489477 
v 1.99076 102.655 0.528935 
v 1.98567 102.833 0.518646 
v 1.95036 102.833 0.549997 
v 1.98058 103.01 0.508357 
v 1.94527 103.011 0.539708 
v 1.95545 102.656 0.560286 
v 1.99585 102.478 0.539224 
v 1.96054 102.478 0.570576 
v 2.00094 102.3 0.549513 
v 1.96563 102.301 0.580865 
v 2.02607 102.654 0.49758 
v 2.02098 102.832 0.487293 
v 1.98567 102.833 0.518646 
v 1.98058 103.01 0.508357 
v 2.0159 103.009 0.477005 
v 1.99076 102.655 0.528935 
v 2.03116 102.477 0.507868 
v 1.99585 102.478 0.539224 
v 2.03625 102.299 0.518155 
v 2.00094 102.3 0.549513 
v 1.02827 102.622 0.439606 
v 1.0545 102.803 0.464543 
v 1.02318 102.8 0.429318 
v 1.04941 102.98 0.454253 
v 1.01809 102.977 0.41903 
v 1.05959 102.625 0.474832 
v 1.03336 102.445 0.449893 
v 1.06468 102.448 0.485121 
v 1.03844 102.267 0.460181 
v 1.06977 102.27 0.49541 
v 1.0545 102.803 0.464543 
v 1.05959 102.625 0.474832 
v 1.09091 102.628 0.510055 
v 1.08582 102.806 0.499766 
v 1.04941 102.98 0.454253 
v 1.08073 102.983 0.489477 
v 1.096 102.451 0.520344 
v 1.06468 102.448 0.485121 
v 1.06977 102.27 0.49541 
v 1.10109 102.273 0.530633 
v 1.93084 102.224 0.537328 
v 1.53336 102.287 0.555749 
v 1.53817 102.212 0.514513 
v 1.96563 102.301 0.580865 
v 1.1455 102.199 0.491698 
v 1.10109 102.273 0.530633 
v 1.98734 102.992 -0.425059 
v 1.57271 102.941 -0.482049 
v 1.56961 102.978 -0.449319 
v 2.00498 102.955 -0.456934 
v 1.15187 102.965 -0.473579 
v 1.14044 102.927 -0.507165 
v 1.07506 103.16 -0.0251068 
v 1.0748 103.194 0.00837309 
v 1.12108 103.196 -0.0243481 
v 1.04144 103.167 0.0073185 
v 1.94775 103.222 0.0236833 
v 1.99332 103.224 0.0617404 
v 1.99866 103.19 0.0285562 
v 2.02829 103.199 0.0646565 
v 1.0748 103.194 0.00837309 
v 1.10812 103.224 0.00930314 
v 1.12108 103.196 -0.0243481 
v 2.01516 102.6 -0.436355 
v 1.58289 102.586 -0.461471 
v 2.01007 102.777 -0.446644 
v 1.57271 102.941 -0.482049 
v 2.00498 102.955 -0.456934 
v 1.5778 102.764 -0.47176 
v 1.14553 102.75 -0.496876 
v 1.14044 102.927 -0.507165 
v 1.15062 102.572 -0.486587 
v 1.15571 102.395 -0.476298 
v 1.58798 102.408 -0.451182 
v 1.1608 102.217 -0.466009 
v 2.02025 102.422 -0.426066 
v 1.59307 102.231 -0.440893 
v 2.02534 102.245 -0.415777 
v 2.0297 102.995 -0.390694 
v 2.00718 103.02 0.0386444 
v 2.06762 102.961 -0.386485 
v 2.0399 102.987 0.0763544 
v 1.06981 102.929 -0.44446 
v 1.07681 102.989 -0.0153891 
v 1.1057 102.965 -0.444357 
v 1.04209 102.955 0.0183799 
v 1.95827 103.251 0.0586986 
v 1.99332 103.224 0.0617404 
v 1.94775 103.222 0.0236833 
v 2.00806 103.165 0.290272 
v 2.0399 102.987 0.0763544 
v 2.01936 103.194 0.168522 
v 2.02829 103.199 0.0646565 
v 1.99335 103.106 0.408638 
v 1.99344 103.045 0.469862 
v 2.0159 103.009 0.477005 
v 1.03856 103.163 0.111535 
v 1.04209 102.955 0.0183799 
v 1.03751 103.134 0.233881 
v 1.04144 103.167 0.0073185 
v 1.04222 103.075 0.353376 
v 1.03892 103.014 0.414402 
v 1.01809 102.977 0.41903 
v 1.08859 102.194 0.427779 
v 1.14914 102.196 0.432903 
v 1.11704 102.197 0.459736 
v 1.1455 102.199 0.491698 
v 1.08859 102.194 0.427779 
v 1.11226 102.172 0.0327155 
v 1.17369 102.174 0.036285 
v 1.14914 102.196 0.432903 
v 2.01355 102.176 -0.336464 
v 1.98084 102.177 -0.29746 
v 1.98509 102.173 -0.36842 
v 2.042 102.179 -0.304507 
v 2.01865 102.201 0.0853841 
v 1.95811 102.199 0.0819624 
v 1.93435 102.221 0.478725 
v 1.99498 102.223 0.480448 
v 1.96291 102.224 0.508888 
v 1.96291 102.224 0.508888 
v 1.93084 102.224 0.537328 
v 1.93435 102.221 0.478725 
v 1.5659 102.186 0.0591237 
v 1.95811 102.199 0.0819624 
v 1.54174 102.208 0.455814 
v 1.17369 102.174 0.036285 
v 1.14914 102.196 0.432903 
v 1.19778 102.152 -0.352765 
v 1.11226 102.172 0.0327155 
v 1.13561 102.15 -0.357176 
v 1.17369 102.174 0.036285 
v 1.98084 102.177 -0.29746 
v 1.5659 102.186 0.0591237 
v 1.58931 102.165 -0.325112 
v 1.95811 102.199 0.0819624 
v 1.17369 102.174 0.036285 
v 1.19778 102.152 -0.352765 
v 1.93084 102.224 0.537328 
v 1.54174 102.208 0.455814 
v 1.93435 102.221 0.478725 
v 1.53817 102.212 0.514513 
v 1.14914 102.196 0.432903 
v 1.1455 102.199 0.491698 
v 1.95811 102.199 0.0819624 
v 1.99498 102.223 0.480448 
v 1.93435 102.221 0.478725 
v 2.01865 102.201 0.0853841 
v 1.98509 102.173 -0.36842 
v 1.58931 102.165 -0.325112 
v 1.59243 102.161 -0.391235 
v 1.98084 102.177 -0.29746 
v 1.19778 102.152 -0.352765 
v 1.19976 102.148 -0.41405 
v 1.19976 102.148 -0.41405 
v 1.19778 102.152 -0.352765 
v 1.16768 102.149 -0.385613 
v 1.13561 102.15 -0.357176 
v 1.52617 103.232 0.157798 
v 1.93707 103.213 0.323163 
v 1.94864 103.246 0.182345 
v 1.53319 103.238 0.0340009 
v 1.95827 103.251 0.0586986 
v 1.1037 103.219 0.133252 
v 1.10812 103.224 0.00930314 
v 1.10097 103.186 0.274583 
v 1.51902 103.2 0.298873 
v 1.92318 103.141 0.457317 
v 1.1038 103.115 0.40971 
v 1.51349 103.128 0.433514 
v 1.51193 103.047 0.505322 
v 1.92307 103.06 0.52921 
v 1.10078 103.034 0.481433 
v 1.513 102.997 0.514592 
v 1.94527 103.011 0.539708 
v 1.08073 102.983 0.489477 
v 2.04549 102.809 0.0782219 
v 2.02607 102.654 0.49758 
v 2.05108 102.631 0.0800894 
v 2.03116 102.477 0.507868 
v 2.02098 102.832 0.487293 
v 2.0399 102.987 0.0763544 
v 2.0159 103.009 0.477005 
v 2.06762 102.961 -0.386485 
v 2.07271 102.783 -0.376198 
v 2.0778 102.606 -0.36591 
v 2.05668 102.453 0.0819568 
v 2.03625 102.299 0.518155 
v 2.08289 102.428 -0.355622 
v 2.06227 102.275 0.0838243 
v 2.08798 102.251 -0.345335 
v 1.05328 102.599 0.0221148 
v 1.02827 102.622 0.439606 
v 1.04768 102.777 0.0202473 
v 1.02318 102.8 0.429318 
v 1.03336 102.445 0.449893 
v 1.04209 102.955 0.0183799 
v 1.01809 102.977 0.41903 
v 1.06981 102.929 -0.44446 
v 1.0749 102.751 -0.434172 
v 1.07999 102.574 -0.423885 
v 1.05887 102.421 0.0239823 
v 1.03844 102.267 0.460181 
v 1.08508 102.396 -0.413597 
v 1.06447 102.243 0.0258497 
v 1.09017 102.219 -0.403309 
v 1.95036 102.833 0.549997 
v 1.51809 102.82 0.524882 
v 1.95545 102.656 0.560286 
v 1.94527 103.011 0.539708 
v 1.513 102.997 0.514592 
v 1.08073 102.983 0.489477 
v 1.08582 102.806 0.499766 
v 1.52318 102.642 0.535171 
v 1.96054 102.478 0.570576 
v 1.09091 102.628 0.510055 
v 1.52827 102.464 0.54546 
v 1.096 102.451 0.520344 
v 1.53336 102.287 0.555749 
v 1.96563 102.301 0.580865 
v 1.10109 102.273 0.530633 
v 1.94775 103.222 0.0236833 
v 1.53442 103.209 -0.000332413 
v 1.53319 103.238 0.0340009 
v 1.95827 103.251 0.0586986 
v 1.12108 103.196 -0.0243481 
v 1.10812 103.224 0.00930314 
v 1.07681 102.989 -0.0153891 
v 1.04144 103.167 0.0073185 
v 1.07506 103.16 -0.0251068 
v 1.04209 102.955 0.0183799 
v 2.02829 103.199 0.0646565 
v 2.00718 103.02 0.0386444 
v 1.99866 103.19 0.0285562 
v 2.0399 102.987 0.0763544 
v 1.98734 102.992 -0.425059 
v 1.56961 102.978 -0.449319 
v 1.5677 102.98 -0.417525 
v 2.0297 102.995 -0.390694 
v 1.15187 102.965 -0.473579 
v 1.1057 102.965 -0.444357 
v 1.5677 102.98 -0.417525 
v 1.542 103.004 0.0116277 
v 2.0297 102.995 -0.390694 
v 2.00718 103.02 0.0386444 
v 1.1057 102.965 -0.444357 
v 1.07681 102.989 -0.0153891 
v 1.53686 103.175 0.00172474 
v 1.94775 103.222 0.0236833 
v 1.99866 103.19 0.0285562 
v 1.53442 103.209 -0.000332413 
v 1.12108 103.196 -0.0243481 
v 1.07506 103.16 -0.0251068 
v 1.99866 103.19 0.0285562 
v 1.542 103.004 0.0116277 
v 1.53686 103.175 0.00172474 
v 2.00718 103.02 0.0386444 
v 1.07506 103.16 -0.0251068 
v 1.07681 102.989 -0.0153891 

vn 0.590551 -0.645669 -0.472441 
vn 0.598425 -0.645669 -0.472441 
vn 0.598425 -0.645669 -0.472441 
vn 0.590551 -0.645669 -0.472441 
vn 0.598425 -0.645669 -0.472441 
vn 0.598425 -0.645669 -0.472441 
vn -0.496063 -0.685039 -0.535433 
vn -0.496063 -0.685039 -0.535433 
vn -0.496063 -0.685039 -0.535433 
vn -0.496063 -0.685039 -0.535433 
vn -0.496063 -0.685039 -0.535433 
vn -0.496063 -0.685039 -0.535433 
vn -0.559055 -0.622047 0.551181 
vn -0.559055 -0.622047 0.551181 
vn -0.559055 -0.622047 0.551181 
vn -0.559055 -0.622047 0.551181 
vn -0.559055 -0.622047 0.551181 
vn -0.559055 -0.622047 0.551181 
vn -0.559055 -0.622047 0.551181 
vn -0.559055 -0.622047 0.551181 
vn 0.527559 -0.590551 0.614173 
vn 0.527559 -0.590551 0.614173 
vn 0.527559 -0.590551 0.614173 
vn 0.527559 -0.590551 0.614173 
vn 0.527559 -0.590551 0.614173 
vn 0.527559 -0.590551 0.614173 
vn 0.527559 -0.590551 0.614173 
vn 0.527559 -0.590551 0.614173 
vn 0.0629921 -0.574803 -0.811024 
vn 0.0629921 -0.574803 -0.811024 
vn 0.0629921 -0.574803 -0.811024 
vn 0.0629921 -0.574803 -0.811024 
vn 0.0629921 -0.574803 -0.811024 
vn 0.0629921 -0.574803 -0.811024 
vn 0.511811 0.637795 -0.574803 
vn 0.496063 0.645669 -0.582677 
vn 0.519685 0.629921 -0.574803 
vn 0.496063 0.645669 -0.582677 
vn 0.582677 0.574803 -0.566929 
vn 0.511811 0.637795 -0.574803 
vn -0.480315 0.606299 -0.629921 
vn -0.488189 0.606299 -0.629921 
vn -0.464567 0.622047 -0.629921 
vn -0.464567 0.622047 -0.629921 
vn -0.480315 0.606299 -0.629921 
vn -0.551181 0.543307 -0.629921 
vn 0.748031 -0.015748 -0.661417 
vn 0.748031 -0.015748 -0.661417 
vn 0.748031 -0.015748 -0.661417 
vn 0.748031 -0.015748 -0.661417 
vn 0.748031 -0.015748 -0.661417 
vn 0.748031 -0.015748 -0.661417 
vn 0.748031 -0.015748 -0.661417 
vn 0.748031 -0.015748 -0.661417 
vn 0.748031 -0.015748 -0.661417 
vn 0.748031 -0.015748 -0.661417 
vn 0.748031 -0.015748 -0.661417 
vn 0.748031 -0.015748 -0.661417 
vn 0.748031 -0.015748 -0.661417 
vn 0.748031 -0.015748 -0.661417 
vn 0.748031 -0.015748 -0.661417 
vn -0.661417 -0.0629921 -0.748031 
vn -0.661417 -0.0629921 -0.748031 
vn -0.661417 -0.0629921 -0.748031 
vn -0.661417 -0.0629921 -0.748031 
vn -0.661417 -0.0629921 -0.748031 
vn -0.661417 -0.0629921 -0.748031 
vn -0.661417 -0.0629921 -0.748031 
vn -0.661417 -0.0629921 -0.748031 
vn -0.661417 -0.0629921 -0.748031 
vn -0.661417 -0.0629921 -0.748031 
vn -0.661417 -0.0629921 -0.748031 
vn -0.661417 -0.0629921 -0.748031 
vn -0.661417 -0.0629921 -0.748031 
vn -0.661417 -0.0629921 -0.748031 
vn -0.661417 -0.0629921 -0.748031 
vn -0.637795 0.771654 0.015748 
vn -0.653543 0.748031 0.0866142 
vn -0.637795 0.771654 0.015748 
vn -0.653543 0.748031 0.102362 
vn -0.685039 0.685039 0.23622 
vn -0.692913 0.669291 0.267717 
vn -0.716535 0.582677 0.385827 
vn -0.716535 0.566929 0.409449 
vn -0.716535 0.480315 0.503937 
vn -0.716535 0.480315 0.503937 
vn -0.700787 0.440945 0.559055 
vn -0.700787 0.440945 0.559055 
vn -0.826772 -0.559055 -0.015748 
vn -0.826772 -0.559055 -0.015748 
vn -0.826772 -0.559055 -0.015748 
vn -0.826772 -0.559055 -0.015748 
vn -0.826772 -0.559055 -0.015748 
vn -0.826772 -0.559055 -0.015748 
vn -0.826772 -0.559055 -0.015748 
vn -0.826772 -0.559055 -0.015748 
vn 0.858268 -0.503937 0.0787402 
vn 0.858268 -0.503937 0.0787402 
vn 0.858268 -0.503937 0.0787402 
vn 0.858268 -0.503937 0.0787402 
vn 0.858268 -0.503937 0.0787402 
vn 0.858268 -0.503937 0.0787402 
vn 0.858268 -0.503937 0.0787402 
vn 0.858268 -0.503937 0.0787402 
vn 0.590551 0.787402 0.173228 
vn 0.614173 0.724409 0.314961 
vn 0.590551 0.795276 0.15748 
vn 0.582677 0.811024 0.0866142 
vn 0.582677 0.811024 0.0866142 
vn 0.622047 0.708661 0.322835 
vn 0.629921 0.622047 0.464567 
vn 0.629921 0.614173 0.480315 
vn 0.622047 0.519685 0.582677 
vn 0.622047 0.519685 0.582677 
vn 0.606299 0.480315 0.629921 
vn 0.606299 0.480315 0.629921 
vn 0.629921 0.700787 0.338583 
vn 0.629921 0.590551 0.496063 
vn 0.622047 0.76378 0.165354 
vn 0.622047 0.496063 0.606299 
vn 0.622047 0.771654 0.15748 
vn 0.614173 0.787402 0.0866142 
vn 0.614173 0.787402 0.0866142 
vn 0.622047 0.496063 0.598425 
vn 0.614173 0.440945 0.653543 
vn 0.614173 0.440945 0.653543 
vn -0.685039 0.724409 0.0787402 
vn -0.708661 0.669291 0.23622 
vn -0.685039 0.724409 0.0944882 
vn -0.669291 0.748031 0.00787402 
vn -0.669291 0.748031 0.00787402 
vn -0.708661 0.653543 0.259843 
vn -0.724409 0.566929 0.393701 
vn -0.724409 0.551181 0.417323 
vn -0.724409 0.448819 0.527559 
vn -0.724409 0.448819 0.519685 
vn -0.716535 0.393701 0.574803 
vn -0.716535 0.393701 0.574803 
vn 0.661417 0.0629921 0.748031 
vn 0.661417 0.0629921 0.748031 
vn 0.661417 0.0629921 0.748031 
vn 0.661417 0.0629921 0.748031 
vn 0.661417 0.0629921 0.748031 
vn 0.661417 0.0629921 0.748031 
vn 0.661417 0.0629921 0.748031 
vn 0.661417 0.0629921 0.748031 
vn 0.661417 0.0629921 0.748031 
vn 0.661417 0.0629921 0.748031 
vn 0.661417 0.0629921 0.748031 
vn 0.661417 0.0629921 0.748031 
vn 0.661417 0.0629921 0.748031 
vn 0.661417 0.0629921 0.748031 
vn 0.661417 0.0629921 0.748031 
vn 0.661417 0.0629921 0.748031 
vn 0.661417 0.0629921 0.748031 
vn 0.661417 0.0629921 0.748031 
vn 0.661417 0.0629921 0.748031 
vn 0.661417 0.0629921 0.748031 
vn -0.748031 0.015748 0.661417 
vn -0.748031 0.015748 0.661417 
vn -0.748031 0.015748 0.661417 
vn -0.748031 0.015748 0.661417 
vn -0.748031 0.015748 0.661417 
vn -0.748031 0.015748 0.661417 
vn -0.748031 0.015748 0.661417 
vn -0.748031 0.015748 0.661417 
vn -0.748031 0.015748 0.661417 
vn -0.748031 0.015748 0.661417 
vn -0.748031 0.015748 0.661417 
vn -0.748031 0.015748 0.661417 
vn -0.748031 0.015748 0.661417 
vn -0.748031 0.015748 0.661417 
vn -0.748031 0.015748 0.661417 
vn -0.748031 0.015748 0.661417 
vn -0.748031 0.015748 0.661417 
vn -0.748031 0.015748 0.661417 
vn -0.748031 0.015748 0.661417 
vn -0.748031 0.015748 0.661417 
vn -0.0314961 -0.480315 0.874016 
vn -0.0314961 -0.480315 0.874016 
vn -0.0314961 -0.480315 0.874016 
vn -0.0314961 -0.480315 0.874016 
vn -0.0314961 -0.480315 0.874016 
vn -0.0314961 -0.480315 0.874016 
vn 0.023622 0.661417 -0.755906 
vn 0.023622 0.661417 -0.748031 
vn 0.023622 0.661417 -0.748031 
vn 0.023622 0.661417 -0.755906 
vn 0.023622 0.661417 -0.748031 
vn 0.023622 0.661417 -0.748031 
vn -0.472441 0.614173 -0.629921 
vn -0.472441 0.614173 -0.629921 
vn -0.472441 0.614173 -0.629921 
vn -0.472441 0.614173 -0.629921 
vn 0.488189 0.645669 -0.582677 
vn 0.488189 0.645669 -0.582677 
vn 0.488189 0.645669 -0.582677 
vn 0.488189 0.645669 -0.582677 
vn -0.488189 0.566929 -0.661417 
vn -0.488189 0.566929 -0.661417 
vn -0.488189 0.566929 -0.661417 
vn 0.0629921 -0.0551181 -1 
vn 0.0629921 -0.0551181 -1 
vn 0.0629921 -0.0551181 -1 
vn 0.0629921 -0.0551181 -1 
vn 0.0629921 -0.0551181 -1 
vn 0.0629921 -0.0551181 -1 
vn 0.0629921 -0.0551181 -1 
vn 0.0629921 -0.0551181 -1 
vn 0.0629921 -0.0551181 -1 
vn 0.0629921 -0.0551181 -1 
vn 0.0629921 -0.0551181 -1 
vn 0.0629921 -0.0551181 -1 
vn 0.0629921 -0.0551181 -1 
vn 0.0629921 -0.0551181 -1 
vn 0.0629921 -0.0551181 -1 
vn 0.692913 0.724409 0 
vn 0.692913 0.724409 0 
vn 0.692913 0.724409 0 
vn 0.692913 0.724409 0 
vn -0.724409 0.685039 -0.0866142 
vn -0.724409 0.685039 -0.0866142 
vn -0.724409 0.685039 -0.0866142 
vn -0.724409 0.685039 -0.0866142 
vn 0.511811 0.582677 -0.637795 
vn 0.511811 0.582677 -0.637795 
vn 0.511811 0.582677 -0.637795 
vn 0.992126 0.0551181 0.110236 
vn 0.992126 0.0629921 0.102362 
vn 0.992126 0.0551181 0.0944882 
vn 0.992126 0.0551181 0.0944882 
vn 0.992126 0.0551181 0.11811 
vn 0.976378 0.212598 0.0866142 
vn 0.84252 0.535433 0.023622 
vn -1 -0.00787402 -0.015748 
vn -1 0 -0.00787402 
vn -1 -0.00787402 0 
vn -1 -0.00787402 -0.015748 
vn -1 -0.00787402 0 
vn -0.992126 0.149606 -0.023622 
vn -0.874016 0.488189 -0.0787402 
vn 0.023622 -1 0.0551181 
vn 0.023622 -1 0.0551181 
vn 0.023622 -1 0.0551181 
vn 0.023622 -1 0.0551181 
vn 0.0314961 -1 0.0551181 
vn 0.0314961 -1 0.0551181 
vn 0.0314961 -1 0.0551181 
vn 0.0314961 -1 0.0551181 
vn 0.0314961 -1 0.0551181 
vn 0.0314961 -1 0.0551181 
vn 0.0314961 -1 0.0551181 
vn 0.0314961 -1 0.0551181 
vn 0.0314961 -1 0.0551181 
vn 0.0314961 -1 0.0551181 
vn 0.0314961 -1 0.0551181 
vn 0.0314961 -1 0.0551181 
vn 0.0314961 -1 0.0551181 
vn 0.0314961 -1 0.0551181 
vn 0.0314961 -1 0.0551181 
vn 0.0314961 -1 0.0551181 
vn 0.0314961 -1 0.0551181 
vn 0.0314961 -1 0.0551181 
vn 0.0314961 -1 0.0551181 
vn 0.0314961 -1 0.0551181 
vn 0.0314961 -1 0.0551181 
vn 0.0314961 -1 0.0551181 
vn 0.0314961 -1 0.0551181 
vn 0.0314961 -1 0.0551181 
vn 0.0314961 -1 0.0551181 
vn 0.0314961 -1 0.0551181 
vn 0.0314961 -1 0.0551181 
vn 0.0314961 -1 0.0551181 
vn 0.0314961 -1 0.0551181 
vn 0.0314961 -1 0.0551181 
vn 0.0314961 -1 0.0551181 
vn 0.0314961 -1 0.0551181 
vn 0.0314961 -1 0.0551181 
vn 0.0314961 -1 0.0551181 
vn 0.0314961 -1 0.0551181 
vn 0.0314961 -1 0.0551181 
vn 0.0314961 -1 0.0551181 
vn 0.0314961 -1 0.0551181 
vn 0.0314961 -1 0.0551181 
vn 0.0314961 -1 0.0551181 
vn 0.0314961 -1 0.0551181 
vn 0.0314961 -1 0.0551181 
vn 0.0314961 -1 0.0551181 
vn 0.0314961 -1 0.0551181 
vn 0.0314961 -1 0.0551181 
vn 0.0314961 -1 0.0551181 
vn 0.0314961 -1 0.0551181 
vn 0.0314961 -1 0.0629921 
vn 0.0314961 -1 0.0629921 
vn 0.0314961 -1 0.0629921 
vn 0.0314961 -1 0.0629921 
vn -0.0393701 0.992126 0.141732 
vn -0.0472441 0.937008 0.346457 
vn -0.0393701 0.992126 0.141732 
vn -0.0314961 1 0.0393701 
vn -0.0314961 1 0.0393701 
vn -0.0393701 0.992126 0.141732 
vn -0.0314961 1 0.0393701 
vn -0.0472441 0.937008 0.346457 
vn -0.0472441 0.937008 0.354331 
vn -0.0629921 0.80315 0.590551 
vn -0.0629921 0.80315 0.590551 
vn -0.0629921 0.80315 0.590551 
vn -0.0629921 0.519685 0.850394 
vn -0.0629921 0.496063 0.866142 
vn -0.0629921 0.496063 0.866142 
vn -0.0629921 0.181102 0.984252 
vn -0.0629921 0.181102 0.984252 
vn -0.0629921 0.181102 0.984252 
vn 1 0.0314961 0.0551181 
vn 1 0.0314961 0.0551181 
vn 1 0.0314961 0.0551181 
vn 1 0.0314961 0.0551181 
vn 1 0.0314961 0.0551181 
vn 1 0.0314961 0.0551181 
vn 1 0.0314961 0.0551181 
vn 1 0.0314961 0.0551181 
vn 1 0.0314961 0.0551181 
vn 1 0.0314961 0.0551181 
vn 1 0.0314961 0.0551181 
vn 1 0.0314961 0.0551181 
vn 1 0.0314961 0.0551181 
vn 1 0.0314961 0.0551181 
vn 1 0.0314961 0.0551181 
vn -1 -0.0314961 -0.0551181 
vn -1 -0.0314961 -0.0551181 
vn -1 -0.0314961 -0.0551181 
vn -1 -0.0314961 -0.0551181 
vn -1 -0.0314961 -0.0551181 
vn -1 -0.0314961 -0.0551181 
vn -1 -0.0314961 -0.0551181 
vn -1 -0.0314961 -0.0551181 
vn -1 -0.0314961 -0.0551181 
vn -1 -0.0314961 -0.0551181 
vn -1 -0.0314961 -0.0551181 
vn -1 -0.0314961 -0.0551181 
vn -1 -0.0314961 -0.0551181 
vn -1 -0.0314961 -0.0551181 
vn -1 -0.0314961 -0.0551181 
vn -0.0629921 0.0551181 1 
vn -0.0629921 0.0551181 1 
vn -0.0629921 0.0551181 1 
vn -0.0629921 0.0551181 1 
vn -0.0629921 0.0551181 1 
vn -0.0629921 0.0551181 1 
vn -0.0629921 0.0551181 1 
vn -0.0629921 0.0551181 1 
vn -0.0629921 0.0551181 1 
vn -0.0629921 0.0551181 1 
vn -0.0629921 0.0551181 1 
vn -0.0629921 0.0551181 1 
vn -0.0629921 0.0551181 1 
vn -0.0629921 0.0551181 1 
vn -0.0629921 0.0551181 1 
vn 0.015748 0.76378 -0.637795 
vn 0.015748 0.76378 -0.637795 
vn 0.015748 0.76378 -0.637795 
vn 0.015748 0.76378 -0.637795 
vn 0.015748 0.76378 -0.637795 
vn 0.015748 0.76378 -0.637795 
vn -0.685039 -0.0472441 -0.724409 
vn -0.685039 -0.0472441 -0.724409 
vn -0.685039 -0.0472441 -0.724409 
vn -0.685039 -0.0472441 -0.724409 
vn 0.76378 0 -0.645669 
vn 0.76378 0 -0.645669 
vn 0.76378 0 -0.645669 
vn 0.76378 0 -0.645669 
vn -0.0314961 1 -0.0551181 
vn -0.0314961 1 -0.0551181 
vn -0.0314961 1 -0.0551181 
vn -0.0314961 1 -0.0551181 
vn -0.0314961 1 -0.0551181 
vn -0.0314961 1 -0.0551181 
vn -0.0314961 1 -0.0551181 
vn -0.0314961 1 -0.0551181 
vn -0.0314961 1 -0.0551181 
vn -0.0314961 1 -0.0551181 
vn -0.0314961 1 -0.0551181 
vn -0.0314961 1 -0.0551181 
vn 0.0629921 -0.0551181 -1 
vn 0.0629921 -0.0551181 -1 
vn 0.0629921 -0.0551181 -1 
vn 0.0629921 -0.0551181 -1 
vn 0.0629921 -0.0551181 -1 
vn 0.0629921 -0.0551181 -1 
vn 0.0629921 -0.0551181 -1 
vn 0.0629921 -0.0551181 -1 
vn 0.0629921 -0.0551181 -1 
vn 0.0629921 -0.0551181 -1 
vn 0.0629921 -0.0551181 -1 
vn 0.0629921 -0.0551181 -1 

vt 0.786243 0.686853 
vt 0.784011 0.693786 
vt 0.783933 0.686853 
vt 0.786243 0.693781 
vt 0.781771 0.686853 
vt 0.781771 0.693791 
vt 0.853849 0.693786 
vt 0.851652 0.686853 
vt 0.853927 0.686853 
vt 0.851652 0.693781 
vt 0.856139 0.686853 
vt 0.856139 0.693791 
vt 0.923652 0.693801 
vt 0.926154 0.686853 
vt 0.926154 0.693778 
vt 0.923652 0.686853 
vt 0.92172 0.693791 
vt 0.92172 0.686853 
vt 0.923652 0.69378 
vt 0.923652 0.686853 
vt 0.714256 0.69378 
vt 0.716289 0.686853 
vt 0.716289 0.693791 
vt 0.714255 0.686853 
vt 0.991443 0.686853 
vt 0.9936 0.69378 
vt 0.991443 0.693778 
vt 0.993599 0.686853 
vt 0.818948 0.693781 
vt 0.786243 0.693781 
vt 0.786243 0.686853 
vt 0.818948 0.686853 
vt 0.851652 0.686853 
vt 0.851652 0.693781 
vt 0.71543 0.625065 
vt 0.717978 0.626269 
vt 0.716096 0.627898 
vt 0.717667 0.623439 
vt 0.714128 0.626557 
vt 0.71543 0.625065 
vt 0.747635 0.625065 
vt 0.747229 0.627943 
vt 0.745444 0.626269 
vt 0.745785 0.623439 
vt 0.747635 0.625065 
vt 0.748849 0.626558 
vt 0.786154 0.752137 
vt 0.78397 0.732687 
vt 0.786184 0.732685 
vt 0.783991 0.713236 
vt 0.786213 0.713233 
vt 0.784011 0.693786 
vt 0.786243 0.693781 
vt 0.781771 0.693791 
vt 0.781735 0.71324 
vt 0.781699 0.73269 
vt 0.78395 0.752138 
vt 0.786124 0.771918 
vt 0.781663 0.752139 
vt 0.783929 0.771918 
vt 0.781627 0.771918 
vt 0.851723 0.752137 
vt 0.851699 0.732685 
vt 0.853852 0.732688 
vt 0.853851 0.713237 
vt 0.851676 0.713233 
vt 0.853849 0.693786 
vt 0.851652 0.693781 
vt 0.856139 0.693791 
vt 0.856188 0.71324 
vt 0.856237 0.73269 
vt 0.853854 0.752139 
vt 0.851747 0.771918 
vt 0.856285 0.75214 
vt 0.853856 0.771918 
vt 0.856334 0.771918 
vt 0.892225 0.763586 
vt 0.900379 0.763462 
vt 0.892225 0.761292 
vt 0.901799 0.761282 
vt 0.908157 0.763682 
vt 0.909512 0.761896 
vt 0.913944 0.765641 
vt 0.915757 0.763824 
vt 0.916735 0.767976 
vt 0.91914 0.767385 
vt 0.917669 0.771918 
vt 0.920091 0.771918 
vt 0.856139 0.686853 
vt 0.891738 0.693781 
vt 0.856139 0.693791 
vt 0.891816 0.686853 
vt 0.891738 0.693781 
vt 0.92172 0.686853 
vt 0.92172 0.693791 
vt 0.891816 0.686853 
vt 0.781771 0.686853 
vt 0.749221 0.693781 
vt 0.749287 0.686853 
vt 0.781771 0.693791 
vt 0.716289 0.686853 
vt 0.749287 0.686853 
vt 0.749221 0.693781 
vt 0.716289 0.693791 
vt 0.73897 0.761899 
vt 0.729434 0.763954 
vt 0.739986 0.763654 
vt 0.745684 0.761975 
vt 0.745684 0.763829 
vt 0.728363 0.76257 
vt 0.72059 0.765122 
vt 0.719257 0.763845 
vt 0.718629 0.76807 
vt 0.716302 0.767465 
vt 0.718467 0.771918 
vt 0.716289 0.771918 
vt 0.728156 0.76112 
vt 0.718852 0.762565 
vt 0.739075 0.760577 
vt 0.716302 0.767465 
vt 0.73897 0.761899 
vt 0.745684 0.760546 
vt 0.745684 0.761975 
vt 0.714988 0.766578 
vt 0.716289 0.771918 
vt 0.714242 0.771918 
vt 0.901799 0.761282 
vt 0.909512 0.761896 
vt 0.902505 0.759354 
vt 0.892225 0.759061 
vt 0.892225 0.761292 
vt 0.910914 0.760436 
vt 0.915757 0.763824 
vt 0.917428 0.762365 
vt 0.91914 0.767385 
vt 0.92196 0.766752 
vt 0.920091 0.771918 
vt 0.923652 0.771918 
vt 0.993596 0.732684 
vt 0.993594 0.752137 
vt 0.991439 0.752136 
vt 0.993591 0.771918 
vt 0.991437 0.771918 
vt 0.99144 0.732683 
vt 0.993598 0.713232 
vt 0.991441 0.713231 
vt 0.9936 0.69378 
vt 0.991443 0.693778 
vt 0.716289 0.73269 
vt 0.716289 0.752139 
vt 0.714249 0.752137 
vt 0.714247 0.771918 
vt 0.716289 0.771918 
vt 0.714251 0.732684 
vt 0.716289 0.71324 
vt 0.714253 0.713232 
vt 0.716289 0.693791 
vt 0.714256 0.69378 
vt 0.92155 0.73269 
vt 0.923652 0.752137 
vt 0.921465 0.75214 
vt 0.923652 0.771918 
vt 0.92138 0.771918 
vt 0.923652 0.732685 
vt 0.921635 0.71324 
vt 0.923652 0.713233 
vt 0.92172 0.693791 
vt 0.923652 0.69378 
vt 0.923652 0.752142 
vt 0.923652 0.732695 
vt 0.926157 0.732684 
vt 0.926159 0.752136 
vt 0.923652 0.771918 
vt 0.92616 0.771918 
vt 0.926156 0.713231 
vt 0.923652 0.713248 
vt 0.923652 0.693801 
vt 0.926154 0.693778 
vt 0.991443 0.686853 
vt 0.958798 0.693778 
vt 0.958798 0.686853 
vt 0.991443 0.693778 
vt 0.926154 0.686853 
vt 0.926154 0.693778 
vt 0.717978 0.626269 
vt 0.731726 0.623439 
vt 0.731711 0.626269 
vt 0.717667 0.623439 
vt 0.745444 0.626269 
vt 0.745785 0.623439 
vt 0.747233 0.67182 
vt 0.747587 0.677726 
vt 0.745157 0.676019 
vt 0.748849 0.676019 
vt 0.745199 0.676019 
vt 0.747245 0.678221 
vt 0.746957 0.67182 
vt 0.748849 0.676019 
vt 0.747587 0.677726 
vt 0.746378 0.679404 
vt 0.745157 0.676019 
vt 0.786184 0.732685 
vt 0.818942 0.732685 
vt 0.786154 0.752137 
vt 0.818935 0.771918 
vt 0.786124 0.771918 
vt 0.818938 0.752137 
vt 0.851723 0.752137 
vt 0.851747 0.771918 
vt 0.851699 0.732685 
vt 0.851676 0.713233 
vt 0.818945 0.713233 
vt 0.851652 0.693781 
vt 0.786213 0.713233 
vt 0.818948 0.693781 
vt 0.786243 0.693781 
vt 0.716096 0.627898 
vt 0.716021 0.650075 
vt 0.714128 0.626557 
vt 0.714128 0.650075 
vt 0.748849 0.626558 
vt 0.747233 0.650075 
vt 0.747229 0.627943 
vt 0.748849 0.650075 
vt 0.746188 0.679578 
vt 0.747245 0.678221 
vt 0.745199 0.676019 
vt 0.729434 0.763954 
vt 0.745181 0.771918 
vt 0.739986 0.763654 
vt 0.745684 0.763829 
vt 0.72059 0.765122 
vt 0.718629 0.76807 
vt 0.718467 0.771918 
vt 0.900379 0.763462 
vt 0.892225 0.771918 
vt 0.908157 0.763682 
vt 0.892225 0.763586 
vt 0.913944 0.765641 
vt 0.916735 0.767976 
vt 0.917669 0.771918 
vt 0.787684 0.627365 
vt 0.785414 0.627262 
vt 0.786551 0.625264 
vt 0.785418 0.623439 
vt 0.787684 0.627365 
vt 0.787684 0.650075 
vt 0.785384 0.650075 
vt 0.785414 0.627262 
vt 0.754893 0.677384 
vt 0.756025 0.675369 
vt 0.756025 0.679347 
vt 0.75376 0.675421 
vt 0.75376 0.650075 
vt 0.756025 0.650069 
vt 0.756025 0.627263 
vt 0.75376 0.627365 
vt 0.754893 0.625402 
vt 0.754893 0.625402 
vt 0.756025 0.623439 
vt 0.756025 0.627263 
vt 0.770705 0.650072 
vt 0.756025 0.650069 
vt 0.77072 0.627262 
vt 0.785384 0.650075 
vt 0.785414 0.627262 
vt 0.785355 0.675369 
vt 0.787684 0.650075 
vt 0.787684 0.675369 
vt 0.785384 0.650075 
vt 0.756025 0.675369 
vt 0.770705 0.650072 
vt 0.77069 0.675369 
vt 0.756025 0.650069 
vt 0.785384 0.650075 
vt 0.785355 0.675369 
vt 0.756025 0.623439 
vt 0.77072 0.627262 
vt 0.756025 0.627263 
vt 0.770722 0.623439 
vt 0.785414 0.627262 
vt 0.785418 0.623439 
vt 0.756025 0.650069 
vt 0.75376 0.627365 
vt 0.756025 0.627263 
vt 0.75376 0.650075 
vt 0.756025 0.679347 
vt 0.77069 0.675369 
vt 0.770722 0.679347 
vt 0.756025 0.675369 
vt 0.785355 0.675369 
vt 0.785418 0.679347 
vt 0.785418 0.679347 
vt 0.785355 0.675369 
vt 0.786551 0.677384 
vt 0.787684 0.675369 
vt 0.958621 0.763014 
vt 0.993591 0.764644 
vt 0.993591 0.762994 
vt 0.958621 0.762142 
vt 0.993591 0.762142 
vt 0.923652 0.763034 
vt 0.923652 0.762142 
vt 0.923652 0.764685 
vt 0.958621 0.764665 
vt 0.993591 0.766901 
vt 0.923652 0.766942 
vt 0.958621 0.766921 
vt 0.958621 0.769629 
vt 0.993591 0.769626 
vt 0.923652 0.769632 
vt 0.958621 0.771918 
vt 0.993591 0.771918 
vt 0.923652 0.771918 
vt 0.746191 0.752137 
vt 0.716289 0.73269 
vt 0.747201 0.732685 
vt 0.716289 0.71324 
vt 0.716289 0.752139 
vt 0.745181 0.771918 
vt 0.716289 0.771918 
vt 0.781627 0.771918 
vt 0.781663 0.752139 
vt 0.781699 0.73269 
vt 0.748211 0.713233 
vt 0.716289 0.693791 
vt 0.781735 0.71324 
vt 0.749221 0.693781 
vt 0.781771 0.693791 
vt 0.891981 0.732685 
vt 0.92155 0.73269 
vt 0.892103 0.752137 
vt 0.921465 0.75214 
vt 0.921635 0.71324 
vt 0.892225 0.771918 
vt 0.92138 0.771918 
vt 0.856334 0.771918 
vt 0.856285 0.75214 
vt 0.856237 0.73269 
vt 0.89186 0.713233 
vt 0.92172 0.693791 
vt 0.856188 0.71324 
vt 0.891738 0.693781 
vt 0.856139 0.693791 
vt 0.991439 0.752136 
vt 0.958799 0.752136 
vt 0.99144 0.732683 
vt 0.991437 0.771918 
vt 0.958799 0.771918 
vt 0.92616 0.771918 
vt 0.926159 0.752136 
vt 0.958799 0.732684 
vt 0.991441 0.713231 
vt 0.926157 0.732684 
vt 0.958798 0.713231 
vt 0.926156 0.713231 
vt 0.958798 0.693778 
vt 0.991443 0.693778 
vt 0.926154 0.693778 
vt 0.993591 0.762142 
vt 0.958621 0.762142 
vt 0.958621 0.762142 
vt 0.993591 0.762142 
vt 0.923652 0.762142 
vt 0.923652 0.762142 
vt 0.747233 0.650075 
vt 0.748849 0.676019 
vt 0.747233 0.67182 
vt 0.748849 0.650075 
vt 0.714128 0.676019 
vt 0.716021 0.650075 
vt 0.716021 0.67182 
vt 0.714128 0.650075 
vt 0.717978 0.626269 
vt 0.731711 0.626269 
vt 0.731662 0.627921 
vt 0.716096 0.627898 
vt 0.745444 0.626269 
vt 0.747229 0.627943 
vt 0.731662 0.627921 
vt 0.731627 0.650075 
vt 0.716096 0.627898 
vt 0.716021 0.650075 
vt 0.747229 0.627943 
vt 0.747233 0.650075 
vt 0.731627 0.67182 
vt 0.717779 0.676019 
vt 0.716021 0.67182 
vt 0.731468 0.676019 
vt 0.745157 0.676019 
vt 0.747233 0.67182 
vt 0.716021 0.67182 
vt 0.731627 0.650075 
vt 0.731627 0.67182 
vt 0.716021 0.650075 
vt 0.747233 0.67182 
vt 0.747233 0.650075 

usemtl Player1Mtl

f 5082/5082/5082 5083/5083/5083 5084/5084/5084 
f 5083/5083/5083 5082/5082/5082 5085/5085/5085 
f 5083/5083/5083 5086/5086/5086 5084/5084/5084 
f 5086/5086/5086 5083/5083/5083 5087/5087/5087 
f 5088/5088/5088 5089/5089/5089 5090/5090/5090 
f 5089/5089/5089 5088/5088/5088 5091/5091/5091 
f 5092/5092/5092 5088/5088/5088 5090/5090/5090 
f 5088/5088/5088 5092/5092/5092 5093/5093/5093 
f 5094/5094/5094 5095/5095/5095 5096/5096/5096 
f 5095/5095/5095 5094/5094/5094 5097/5097/5097 
f 5098/5098/5098 5099/5099/5099 5100/5100/5100 
f 5100/5100/5100 5099/5099/5099 5101/5101/5101 
f 5102/5102/5102 5103/5103/5103 5104/5104/5104 
f 5103/5103/5103 5102/5102/5102 5105/5105/5105 
f 5106/5106/5106 5107/5107/5107 5108/5108/5108 
f 5107/5107/5107 5106/5106/5106 5109/5109/5109 
f 5110/5110/5110 5111/5111/5111 5112/5112/5112 
f 5110/5110/5110 5112/5112/5112 5113/5113/5113 
f 5114/5114/5114 5110/5110/5110 5113/5113/5113 
f 5110/5110/5110 5114/5114/5114 5115/5115/5115 
f 5116/5116/5116 5117/5117/5117 5118/5118/5118 
f 5117/5117/5117 5116/5116/5116 5119/5119/5119 
f 5118/5118/5118 5120/5120/5120 5121/5121/5121 
f 5122/5122/5122 5123/5123/5123 5124/5124/5124 
f 5124/5124/5124 5125/5125/5125 5122/5122/5122 
f 5123/5123/5123 5126/5126/5126 5127/5127/5127 
f 5128/5128/5128 5129/5129/5129 5130/5130/5130 
f 5131/5131/5131 5130/5130/5130 5129/5129/5129 
f 5130/5130/5130 5131/5131/5131 5132/5132/5132 
f 5133/5133/5133 5132/5132/5132 5131/5131/5131 
f 5132/5132/5132 5133/5133/5133 5134/5134/5134 
f 5131/5131/5131 5135/5135/5135 5133/5133/5133 
f 5135/5135/5135 5131/5131/5131 5136/5136/5136 
f 5129/5129/5129 5136/5136/5136 5131/5131/5131 
f 5136/5136/5136 5129/5129/5129 5137/5137/5137 
f 5129/5129/5129 5128/5128/5128 5138/5138/5138 
f 5138/5138/5138 5137/5137/5137 5129/5129/5129 
f 5139/5139/5139 5138/5138/5138 5128/5128/5128 
f 5137/5137/5137 5138/5138/5138 5140/5140/5140 
f 5138/5138/5138 5139/5139/5139 5141/5141/5141 
f 5141/5141/5141 5140/5140/5140 5138/5138/5138 
f 5140/5140/5140 5141/5141/5141 5142/5142/5142 
f 5143/5143/5143 5144/5144/5144 5145/5145/5145 
f 5144/5144/5144 5146/5146/5146 5145/5145/5145 
f 5144/5144/5144 5147/5147/5147 5146/5146/5146 
f 5147/5147/5147 5148/5148/5148 5146/5146/5146 
f 5147/5147/5147 5149/5149/5149 5148/5148/5148 
f 5146/5146/5146 5148/5148/5148 5150/5150/5150 
f 5146/5146/5146 5150/5150/5150 5151/5151/5151 
f 5145/5145/5145 5146/5146/5146 5151/5151/5151 
f 5145/5145/5145 5151/5151/5151 5152/5152/5152 
f 5143/5143/5143 5145/5145/5145 5153/5153/5153 
f 5153/5153/5153 5145/5145/5145 5152/5152/5152 
f 5154/5154/5154 5143/5143/5143 5153/5153/5153 
f 5153/5153/5153 5152/5152/5152 5155/5155/5155 
f 5154/5154/5154 5153/5153/5153 5156/5156/5156 
f 5155/5155/5155 5156/5156/5156 5153/5153/5153 
f 5156/5156/5156 5155/5155/5155 5157/5157/5157 
f 5158/5158/5158 5159/5159/5159 5160/5160/5160 
f 5160/5160/5160 5159/5159/5159 5161/5161/5161 
f 5159/5159/5159 5162/5162/5162 5161/5161/5161 
f 5163/5163/5163 5161/5161/5161 5162/5162/5162 
f 5162/5162/5162 5164/5164/5164 5163/5163/5163 
f 5165/5165/5165 5163/5163/5163 5164/5164/5164 
f 5165/5165/5165 5164/5164/5164 5166/5166/5166 
f 5167/5167/5167 5165/5165/5165 5166/5166/5166 
f 5168/5168/5168 5167/5167/5167 5166/5166/5166 
f 5167/5167/5167 5168/5168/5168 5169/5169/5169 
f 5170/5170/5170 5171/5171/5171 5172/5172/5172 
f 5171/5171/5171 5170/5170/5170 5173/5173/5173 
f 5174/5174/5174 5175/5175/5175 5176/5176/5176 
f 5175/5175/5175 5174/5174/5174 5177/5177/5177 
f 5178/5178/5178 5179/5179/5179 5180/5180/5180 
f 5179/5179/5179 5178/5178/5178 5181/5181/5181 
f 5182/5182/5182 5183/5183/5183 5184/5184/5184 
f 5184/5184/5184 5185/5185/5185 5182/5182/5182 
f 5186/5186/5186 5187/5187/5187 5188/5188/5188 
f 5188/5188/5188 5189/5189/5189 5186/5186/5186 
f 5189/5189/5189 5188/5188/5188 5190/5190/5190 
f 5187/5187/5187 5186/5186/5186 5191/5191/5191 
f 5191/5191/5191 5192/5192/5192 5187/5187/5187 
f 5192/5192/5192 5191/5191/5191 5193/5193/5193 
f 5193/5193/5193 5194/5194/5194 5192/5192/5192 
f 5194/5194/5194 5193/5193/5193 5195/5195/5195 
f 5195/5195/5195 5196/5196/5196 5194/5194/5194 
f 5196/5196/5196 5195/5195/5195 5197/5197/5197 
f 5198/5198/5198 5193/5193/5193 5191/5191/5191 
f 5193/5193/5193 5198/5198/5198 5199/5199/5199 
f 5191/5191/5191 5200/5200/5200 5198/5198/5198 
f 5199/5199/5199 5201/5201/5201 5193/5193/5193 
f 5200/5200/5200 5191/5191/5191 5202/5202/5202 
f 5202/5202/5202 5203/5203/5203 5200/5200/5200 
f 5203/5203/5203 5202/5202/5202 5204/5204/5204 
f 5201/5201/5201 5199/5199/5199 5205/5205/5205 
f 5205/5205/5205 5206/5206/5206 5201/5201/5201 
f 5206/5206/5206 5205/5205/5205 5207/5207/5207 
f 5208/5208/5208 5209/5209/5209 5210/5210/5210 
f 5211/5211/5211 5208/5208/5208 5210/5210/5210 
f 5212/5212/5212 5208/5208/5208 5211/5211/5211 
f 5213/5213/5213 5210/5210/5210 5209/5209/5209 
f 5209/5209/5209 5214/5214/5214 5213/5213/5213 
f 5215/5215/5215 5213/5213/5213 5214/5214/5214 
f 5215/5215/5215 5214/5214/5214 5216/5216/5216 
f 5217/5217/5217 5215/5215/5215 5216/5216/5216 
f 5218/5218/5218 5217/5217/5217 5216/5216/5216 
f 5217/5217/5217 5218/5218/5218 5219/5219/5219 
f 5220/5220/5220 5221/5221/5221 5222/5222/5222 
f 5221/5221/5221 5223/5223/5223 5222/5222/5222 
f 5224/5224/5224 5222/5222/5222 5223/5223/5223 
f 5220/5220/5220 5222/5222/5222 5225/5225/5225 
f 5226/5226/5226 5220/5220/5220 5225/5225/5225 
f 5226/5226/5226 5225/5225/5225 5227/5227/5227 
f 5228/5228/5228 5226/5226/5226 5227/5227/5227 
f 5228/5228/5228 5227/5227/5227 5229/5229/5229 
f 5230/5230/5230 5231/5231/5231 5232/5232/5232 
f 5231/5231/5231 5233/5233/5233 5232/5232/5232 
f 5233/5233/5233 5231/5231/5231 5234/5234/5234 
f 5230/5230/5230 5232/5232/5232 5235/5235/5235 
f 5236/5236/5236 5230/5230/5230 5235/5235/5235 
f 5236/5236/5236 5235/5235/5235 5237/5237/5237 
f 5238/5238/5238 5236/5236/5236 5237/5237/5237 
f 5238/5238/5238 5237/5237/5237 5239/5239/5239 
f 5240/5240/5240 5241/5241/5241 5242/5242/5242 
f 5243/5243/5243 5242/5242/5242 5241/5241/5241 
f 5242/5242/5242 5243/5243/5243 5244/5244/5244 
f 5241/5241/5241 5240/5240/5240 5245/5245/5245 
f 5246/5246/5246 5245/5245/5245 5240/5240/5240 
f 5245/5245/5245 5246/5246/5246 5247/5247/5247 
f 5246/5246/5246 5248/5248/5248 5247/5247/5247 
f 5249/5249/5249 5247/5247/5247 5248/5248/5248 
f 5250/5250/5250 5251/5251/5251 5252/5252/5252 
f 5250/5250/5250 5252/5252/5252 5253/5253/5253 
f 5254/5254/5254 5250/5250/5250 5253/5253/5253 
f 5254/5254/5254 5253/5253/5253 5255/5255/5255 
f 5251/5251/5251 5256/5256/5256 5252/5252/5252 
f 5251/5251/5251 5257/5257/5257 5256/5256/5256 
f 5257/5257/5257 5258/5258/5258 5256/5256/5256 
f 5259/5259/5259 5256/5256/5256 5258/5258/5258 
f 5260/5260/5260 5261/5261/5261 5262/5262/5262 
f 5261/5261/5261 5260/5260/5260 5263/5263/5263 
f 5264/5264/5264 5262/5262/5262 5261/5261/5261 
f 5261/5261/5261 5265/5265/5265 5264/5264/5264 
f 5266/5266/5266 5267/5267/5267 5268/5268/5268 
f 5267/5267/5267 5266/5266/5266 5269/5269/5269 
f 5267/5267/5267 5270/5270/5270 5268/5268/5268 
f 5270/5270/5270 5267/5267/5267 5271/5271/5271 
f 5272/5272/5272 5273/5273/5273 5274/5274/5274 
f 5273/5273/5273 5272/5272/5272 5275/5275/5275 
f 5276/5276/5276 5277/5277/5277 5278/5278/5278 
f 5277/5277/5277 5279/5279/5279 5278/5278/5278 
f 5280/5280/5280 5281/5281/5281 5282/5282/5282 
f 5283/5283/5283 5284/5284/5284 5285/5285/5285 
f 5286/5286/5286 5287/5287/5287 5285/5285/5285 
f 5286/5286/5286 5285/5285/5285 5288/5288/5288 
f 5288/5288/5288 5285/5285/5285 5284/5284/5284 
f 5289/5289/5289 5286/5286/5286 5288/5288/5288 
f 5286/5286/5286 5289/5289/5289 5290/5290/5290 
f 5288/5288/5288 5291/5291/5291 5289/5289/5289 
f 5291/5291/5291 5288/5288/5288 5284/5284/5284 
f 5284/5284/5284 5292/5292/5292 5291/5291/5291 
f 5284/5284/5284 5283/5283/5283 5293/5293/5293 
f 5292/5292/5292 5284/5284/5284 5293/5293/5293 
f 5293/5293/5293 5294/5294/5294 5292/5292/5292 
f 5295/5295/5295 5293/5293/5293 5283/5283/5283 
f 5294/5294/5294 5293/5293/5293 5296/5296/5296 
f 5293/5293/5293 5295/5295/5295 5296/5296/5296 
f 5297/5297/5297 5296/5296/5296 5295/5295/5295 
f 5298/5298/5298 5299/5299/5299 5300/5300/5300 
f 5301/5301/5301 5300/5300/5300 5299/5299/5299 
f 5302/5302/5302 5303/5303/5303 5304/5304/5304 
f 5303/5303/5303 5302/5302/5302 5305/5305/5305 
f 5306/5306/5306 5307/5307/5307 5308/5308/5308 
f 5309/5309/5309 5310/5310/5310 5311/5311/5311 
f 5310/5310/5310 5312/5312/5312 5311/5311/5311 
f 5313/5313/5313 5310/5310/5310 5309/5309/5309 
f 5314/5314/5314 5310/5310/5310 5313/5313/5313 
f 5314/5314/5314 5315/5315/5315 5310/5310/5310 
f 5316/5316/5316 5317/5317/5317 5318/5318/5318 
f 5319/5319/5319 5317/5317/5317 5316/5316/5316 
f 5317/5317/5317 5320/5320/5320 5318/5318/5318 
f 5317/5317/5317 5321/5321/5321 5320/5320/5320 
f 5322/5322/5322 5321/5321/5321 5317/5317/5317 
f 5323/5323/5323 5324/5324/5324 5325/5325/5325 
f 5324/5324/5324 5326/5326/5326 5325/5325/5325 
f 5327/5327/5327 5328/5328/5328 5329/5329/5329 
f 5329/5329/5329 5330/5330/5330 5327/5327/5327 
f 5331/5331/5331 5332/5332/5332 5333/5333/5333 
f 5334/5334/5334 5332/5332/5332 5331/5331/5331 
f 5335/5335/5335 5332/5332/5332 5334/5334/5334 
f 5332/5332/5332 5335/5335/5335 5336/5336/5336 
f 5337/5337/5337 5338/5338/5338 5339/5339/5339 
f 5340/5340/5340 5341/5341/5341 5342/5342/5342 
f 5342/5342/5342 5343/5343/5343 5344/5344/5344 
f 5343/5343/5343 5342/5342/5342 5345/5345/5345 
f 5346/5346/5346 5343/5343/5343 5345/5345/5345 
f 5346/5346/5346 5345/5345/5345 5347/5347/5347 
f 5348/5348/5348 5349/5349/5349 5350/5350/5350 
f 5349/5349/5349 5348/5348/5348 5351/5351/5351 
f 5352/5352/5352 5353/5353/5353 5354/5354/5354 
f 5353/5353/5353 5352/5352/5352 5355/5355/5355 
f 5356/5356/5356 5354/5354/5354 5353/5353/5353 
f 5354/5354/5354 5356/5356/5356 5357/5357/5357 
f 5358/5358/5358 5359/5359/5359 5360/5360/5360 
f 5359/5359/5359 5358/5358/5358 5361/5361/5361 
f 5361/5361/5361 5362/5362/5362 5359/5359/5359 
f 5362/5362/5362 5361/5361/5361 5363/5363/5363 
f 5364/5364/5364 5365/5365/5365 5366/5366/5366 
f 5365/5365/5365 5364/5364/5364 5367/5367/5367 
f 5368/5368/5368 5369/5369/5369 5370/5370/5370 
f 5369/5369/5369 5368/5368/5368 5371/5371/5371 
f 5372/5372/5372 5370/5370/5370 5369/5369/5369 
f 5370/5370/5370 5372/5372/5372 5373/5373/5373 
f 5374/5374/5374 5375/5375/5375 5376/5376/5376 
f 5376/5376/5376 5375/5375/5375 5377/5377/5377 
f 5378/5378/5378 5379/5379/5379 5380/5380/5380 
f 5381/5381/5381 5380/5380/5380 5382/5382/5382 
f 5380/5380/5380 5381/5381/5381 5378/5378/5378 
f 5381/5381/5381 5383/5383/5383 5378/5378/5378 
f 5383/5383/5383 5381/5381/5381 5384/5384/5384 
f 5385/5385/5385 5378/5378/5378 5383/5383/5383 
f 5379/5379/5379 5378/5378/5378 5386/5386/5386 
f 5378/5378/5378 5385/5385/5385 5386/5386/5386 
f 5386/5386/5386 5387/5387/5387 5379/5379/5379 
f 5388/5388/5388 5386/5386/5386 5385/5385/5385 
f 5387/5387/5387 5386/5386/5386 5389/5389/5389 
f 5386/5386/5386 5388/5388/5388 5389/5389/5389 
f 5390/5390/5390 5387/5387/5387 5389/5389/5389 
f 5388/5388/5388 5390/5390/5390 5389/5389/5389 
f 5387/5387/5387 5390/5390/5390 5391/5391/5391 
f 5390/5390/5390 5388/5388/5388 5392/5392/5392 
f 5393/5393/5393 5391/5391/5391 5390/5390/5390 
f 5392/5392/5392 5393/5393/5393 5390/5390/5390 
f 5393/5393/5393 5394/5394/5394 5391/5391/5391 
f 5395/5395/5395 5393/5393/5393 5392/5392/5392 
f 5396/5396/5396 5397/5397/5397 5398/5398/5398 
f 5399/5399/5399 5398/5398/5398 5397/5397/5397 
f 5397/5397/5397 5396/5396/5396 5400/5400/5400 
f 5401/5401/5401 5400/5400/5400 5396/5396/5396 
f 5400/5400/5400 5401/5401/5401 5402/5402/5402 
f 5396/5396/5396 5403/5403/5403 5401/5401/5401 
f 5403/5403/5403 5396/5396/5396 5404/5404/5404 
f 5398/5398/5398 5404/5404/5404 5396/5396/5396 
f 5404/5404/5404 5398/5398/5398 5405/5405/5405 
f 5398/5398/5398 5399/5399/5399 5406/5406/5406 
f 5406/5406/5406 5405/5405/5405 5398/5398/5398 
f 5407/5407/5407 5406/5406/5406 5399/5399/5399 
f 5405/5405/5405 5406/5406/5406 5408/5408/5408 
f 5406/5406/5406 5407/5407/5407 5409/5409/5409 
f 5409/5409/5409 5408/5408/5408 5406/5406/5406 
f 5408/5408/5408 5409/5409/5409 5410/5410/5410 
f 5411/5411/5411 5412/5412/5412 5413/5413/5413 
f 5413/5413/5413 5412/5412/5412 5414/5414/5414 
f 5411/5411/5411 5415/5415/5415 5412/5412/5412 
f 5413/5413/5413 5414/5414/5414 5416/5416/5416 
f 5416/5416/5416 5414/5414/5414 5417/5417/5417 
f 5418/5418/5418 5413/5413/5413 5416/5416/5416 
f 5419/5419/5419 5413/5413/5413 5418/5418/5418 
f 5419/5419/5419 5411/5411/5411 5413/5413/5413 
f 5420/5420/5420 5411/5411/5411 5419/5419/5419 
f 5421/5421/5421 5415/5415/5415 5411/5411/5411 
f 5420/5420/5420 5421/5421/5421 5411/5411/5411 
f 5421/5421/5421 5422/5422/5422 5415/5415/5415 
f 5423/5423/5423 5421/5421/5421 5420/5420/5420 
f 5424/5424/5424 5422/5422/5422 5421/5421/5421 
f 5423/5423/5423 5424/5424/5424 5421/5421/5421 
f 5425/5425/5425 5424/5424/5424 5423/5423/5423 
f 5426/5426/5426 5427/5427/5427 5428/5428/5428 
f 5429/5429/5429 5430/5430/5430 5426/5426/5426 
f 5427/5427/5427 5426/5426/5426 5430/5430/5430 
f 5431/5431/5431 5427/5427/5427 5430/5430/5430 
f 5427/5427/5427 5431/5431/5431 5432/5432/5432 
f 5433/5433/5433 5428/5428/5428 5427/5427/5427 
f 5432/5432/5432 5433/5433/5433 5427/5427/5427 
f 5428/5428/5428 5433/5433/5433 5434/5434/5434 
f 5433/5433/5433 5432/5432/5432 5435/5435/5435 
f 5435/5435/5435 5436/5436/5436 5433/5433/5433 
f 5436/5436/5436 5434/5434/5434 5433/5433/5433 
f 5436/5436/5436 5435/5435/5435 5437/5437/5437 
f 5438/5438/5438 5434/5434/5434 5436/5436/5436 
f 5437/5437/5437 5438/5438/5438 5436/5436/5436 
f 5438/5438/5438 5439/5439/5439 5434/5434/5434 
f 5438/5438/5438 5437/5437/5437 5440/5440/5440 
f 5441/5441/5441 5442/5442/5442 5443/5443/5443 
f 5443/5443/5443 5444/5444/5444 5441/5441/5441 
f 5442/5442/5442 5445/5445/5445 5443/5443/5443 
f 5446/5446/5446 5443/5443/5443 5445/5445/5445 
f 5447/5447/5447 5448/5448/5448 5449/5449/5449 
f 5448/5448/5448 5447/5447/5447 5450/5450/5450 
f 5451/5451/5451 5452/5452/5452 5453/5453/5453 
f 5452/5452/5452 5451/5451/5451 5454/5454/5454 
f 5455/5455/5455 5456/5456/5456 5457/5457/5457 
f 5457/5457/5457 5458/5458/5458 5455/5455/5455 
f 5456/5456/5456 5459/5459/5459 5457/5457/5457 
f 5460/5460/5460 5457/5457/5457 5459/5459/5459 
f 5461/5461/5461 5462/5462/5462 5463/5463/5463 
f 5463/5463/5463 5462/5462/5462 5464/5464/5464 
f 5465/5465/5465 5462/5462/5462 5461/5461/5461 
f 5462/5462/5462 5465/5465/5465 5466/5466/5466 
f 5467/5467/5467 5468/5468/5468 5469/5469/5469 
f 5468/5468/5468 5467/5467/5467 5470/5470/5470 
f 5467/5467/5467 5471/5471/5471 5470/5470/5470 
f 5471/5471/5471 5467/5467/5467 5472/5472/5472 
f 5473/5473/5473 5474/5474/5474 5475/5475/5475 
f 5474/5474/5474 5473/5473/5473 5476/5476/5476 
f 5474/5474/5474 5477/5477/5477 5475/5475/5475 
f 5477/5477/5477 5474/5474/5474 5478/5478/5478 

g Player12

v -1.94355 102.311 -0.36764 
v -1.8724 102.236 -0.353913 
v -1.90306 102.237 -0.323971 
v -1.90979 102.31 -0.400646 
v -1.93373 102.238 -0.294029 
v -1.97731 102.312 -0.334634 
v -1.08562 102.217 -0.344709 
v -1.01066 102.288 -0.356727 
v -1.05565 102.217 -0.314058 
v -1.04366 102.289 -0.390514 
v -1.02567 102.217 -0.283408 
v -0.977667 102.288 -0.322941 
v -1.09604 102.226 0.56399 
v -1.02137 102.297 0.576369 
v -1.05513 102.298 0.609375 
v -1.06537 102.225 0.534047 
v -1.02137 102.297 0.576369 
v -1.06537 102.225 0.534047 
v -1.0347 102.224 0.504105 
v -0.987602 102.296 0.543363 
v -1.95425 102.32 0.565457 
v -1.94276 102.246 0.493483 
v -1.91279 102.245 0.524135 
v -1.98724 102.32 0.53167 
v -1.88282 102.245 0.554786 
v -1.92126 102.319 0.599243 
v -1.95425 102.32 0.565457 
v -1.91279 102.245 0.524135 
v -1.47901 102.227 -0.349311 
v -1.8724 102.236 -0.353913 
v -1.47672 102.299 -0.39558 
v -1.90979 102.31 -0.400646 
v -1.08562 102.217 -0.344709 
v -1.04366 102.289 -0.390514 
v -1.87756 103.057 -0.372489 
v -1.92634 103.022 -0.374219 
v -1.92227 103.058 -0.34111 
v -1.89258 103.021 -0.407226 
v -1.92634 103.022 -0.374219 
v -1.9601 103.023 -0.341213 
v -0.993452 103 -0.363307 
v -1.04055 103.036 -0.362694 
v -0.99657 103.035 -0.330278 
v -1.02645 103 -0.397094 
v -0.960457 102.999 -0.329519 
v -0.993452 103 -0.363307 
v -1.89688 102.843 -0.405581 
v -1.93494 102.666 -0.37093 
v -1.93064 102.844 -0.372574 
v -1.89258 103.021 -0.407226 
v -1.92634 103.022 -0.374219 
v -1.90118 102.665 -0.403936 
v -1.9644 102.845 -0.339568 
v -1.9601 103.023 -0.341213 
v -1.9687 102.668 -0.337923 
v -1.97301 102.49 -0.336279 
v -1.93925 102.489 -0.369285 
v -1.97731 102.312 -0.334634 
v -1.90549 102.487 -0.402291 
v -1.94355 102.311 -0.36764 
v -1.90979 102.31 -0.400646 
v -1.03075 102.822 -0.395449 
v -1.00206 102.644 -0.360017 
v -1.03505 102.644 -0.393804 
v -1.00636 102.466 -0.358372 
v -1.03936 102.467 -0.392159 
v -1.01066 102.288 -0.356727 
v -1.04366 102.289 -0.390514 
v -0.977667 102.288 -0.322941 
v -0.973364 102.466 -0.324585 
v -0.969062 102.644 -0.32623 
v -0.997755 102.822 -0.361662 
v -1.02645 103 -0.397094 
v -0.96476 102.821 -0.327875 
v -0.993452 103 -0.363307 
v -0.960457 102.999 -0.329519 
v -0.999733 103.243 0.133656 
v -0.970612 103.207 0.237549 
v -0.966147 103.216 0.133702 
v -1.00414 103.233 0.247416 
v -0.97799 103.173 0.358203 
v -1.01132 103.196 0.377497 
v -0.990637 103.108 0.474188 
v -1.0235 103.127 0.500933 
v -0.991153 103.044 0.532396 
v -1.02446 103.052 0.564041 
v -0.970392 103.007 0.536784 
v -1.00415 103.009 0.56979 
v -0.977667 102.288 -0.322941 
v -0.982607 102.292 0.107612 
v -1.02567 102.217 -0.283408 
v -1.03016 102.22 0.107749 
v -0.982607 102.292 0.107612 
v -1.0347 102.224 0.504105 
v -1.03016 102.22 0.107749 
v -0.987602 102.296 0.543363 
v -1.93373 102.238 -0.294029 
v -1.98225 102.316 0.0959183 
v -1.97731 102.312 -0.334634 
v -1.93822 102.242 0.097128 
v -1.93822 102.242 0.097128 
v -1.94276 102.246 0.493483 
v -1.98225 102.316 0.0959183 
v -1.98724 102.32 0.53167 
v -1.91868 103.255 0.236718 
v -1.95032 103.196 0.346829 
v -1.91631 103.218 0.366911 
v -1.95322 103.231 0.226055 
v -1.91993 103.265 0.122892 
v -1.95481 103.24 0.122137 
v -1.94352 103.131 0.463042 
v -1.91039 103.148 0.490559 
v -1.94743 103.067 0.52121 
v -1.9145 103.074 0.55363 
v -1.97003 103.032 0.525091 
v -1.93704 103.031 0.558877 
v -1.88224 103.243 0.386871 
v -1.8841 103.282 0.24726 
v -1.87728 103.165 0.518186 
v -1.91868 103.255 0.236718 
v -1.88499 103.293 0.123629 
v -1.91993 103.265 0.122892 
v -1.9145 103.074 0.55363 
v -1.88157 103.08 0.586051 
v -1.93704 103.031 0.558877 
v -1.90404 103.031 0.592663 
v -1.01132 103.196 0.377497 
v -1.00414 103.233 0.247416 
v -1.0376 103.262 0.257162 
v -1.03328 103.273 0.133592 
v -0.999733 103.243 0.133656 
v -1.0446 103.223 0.39667 
v -1.0235 103.127 0.500933 
v -1.05639 103.145 0.527788 
v -1.02446 103.052 0.564041 
v -1.05776 103.06 0.595687 
v -1.00415 103.009 0.56979 
v -1.03791 103.01 0.602795 
v -1.94565 102.675 0.562167 
v -1.90835 102.853 0.594308 
v -1.94134 102.853 0.560522 
v -1.93704 103.031 0.558877 
v -1.90404 103.031 0.592663 
v -1.91265 102.675 0.595953 
v -1.94995 102.497 0.563812 
v -1.91695 102.497 0.597598 
v -1.95425 102.32 0.565457 
v -1.92126 102.319 0.599243 
v -1.97864 102.676 0.52838 
v -1.94134 102.853 0.560522 
v -1.97434 102.854 0.526735 
v -1.93704 103.031 0.558877 
v -1.97003 103.032 0.525091 
v -1.94565 102.675 0.562167 
v -1.98294 102.498 0.530025 
v -1.94995 102.497 0.563812 
v -1.98724 102.32 0.53167 
v -1.95425 102.32 0.565457 
v -0.978997 102.652 0.540073 
v -1.00846 102.831 0.571434 
v -1.01276 102.653 0.573079 
v -0.974694 102.83 0.538429 
v -1.00415 103.009 0.56979 
v -0.970392 103.007 0.536784 
v -0.983299 102.474 0.541718 
v -1.01706 102.475 0.574724 
v -0.987602 102.296 0.543363 
v -1.02137 102.297 0.576369 
v -1.00846 102.831 0.571434 
v -1.04652 102.654 0.606085 
v -1.01276 102.653 0.573079 
v -1.04222 102.832 0.60444 
v -1.00415 103.009 0.56979 
v -1.03791 103.01 0.602795 
v -1.05082 102.476 0.60773 
v -1.01706 102.475 0.574724 
v -1.02137 102.297 0.576369 
v -1.05513 102.298 0.609375 
v -1.48819 102.309 0.604309 
v -1.88282 102.245 0.554786 
v -1.48943 102.235 0.559388 
v -1.92126 102.319 0.599243 
v -1.09604 102.226 0.56399 
v -1.05513 102.298 0.609375 
v -1.45951 103.011 -0.40216 
v -1.87756 103.057 -0.372489 
v -1.45905 103.046 -0.367591 
v -1.89258 103.021 -0.407226 
v -1.04055 103.036 -0.362694 
v -1.02645 103 -0.397094 
v -0.999733 103.243 0.133656 
v -0.997328 103.211 0.0986908 
v -1.04359 103.246 0.0978248 
v -0.966147 103.216 0.133702 
v -1.87178 103.266 0.088137 
v -1.92263 103.233 0.0878671 
v -1.91993 103.265 0.122892 
v -1.95481 103.24 0.122137 
v -0.999733 103.243 0.133656 
v -1.04359 103.246 0.0978248 
v -1.03328 103.273 0.133592 
v -1.46812 102.655 -0.39887 
v -1.89688 102.843 -0.405581 
v -1.46382 102.833 -0.400515 
v -1.45951 103.011 -0.40216 
v -1.89258 103.021 -0.407226 
v -1.03075 102.822 -0.395449 
v -1.02645 103 -0.397094 
v -1.03505 102.644 -0.393804 
v -1.90118 102.665 -0.403936 
v -1.03936 102.467 -0.392159 
v -1.47242 102.477 -0.397225 
v -1.04366 102.289 -0.390514 
v -1.90549 102.487 -0.402291 
v -1.47672 102.299 -0.39558 
v -1.90979 102.31 -0.400646 
v -1.9304 103.062 0.0894036 
v -1.92227 103.058 -0.34111 
v -1.9601 103.023 -0.341213 
v -1.96542 103.028 0.123135 
v -0.960457 102.999 -0.329519 
v -0.998319 103.039 0.10031 
v -0.965782 103.004 0.134828 
v -0.99657 103.035 -0.330278 
v -1.88499 103.293 0.123629 
v -1.87178 103.266 0.088137 
v -1.91993 103.265 0.122892 
v -1.96542 103.028 0.123135 
v -1.95322 103.231 0.226055 
v -1.95481 103.24 0.122137 
v -1.95032 103.196 0.346829 
v -1.94352 103.131 0.463042 
v -1.94743 103.067 0.52121 
v -1.97003 103.032 0.525091 
v -0.970612 103.207 0.237549 
v -0.965782 103.004 0.134828 
v -0.966147 103.216 0.133702 
v -0.97799 103.173 0.358203 
v -0.990637 103.108 0.474188 
v -0.991153 103.044 0.532396 
v -0.970392 103.007 0.536784 
v -1.0347 102.224 0.504105 
v -1.06537 102.225 0.534047 
v -1.09548 102.225 0.504995 
v -1.09604 102.226 0.56399 
v -1.03016 102.22 0.107749 
v -1.0347 102.224 0.504105 
v -1.09171 102.222 0.107029 
v -1.09548 102.225 0.504995 
v -1.90306 102.237 -0.323971 
v -1.8724 102.236 -0.353913 
v -1.87321 102.237 -0.282721 
v -1.93373 102.238 -0.294029 
v -1.93822 102.242 0.097128 
v -1.87758 102.241 0.0979375 
v -1.88214 102.244 0.495993 
v -1.91279 102.245 0.524135 
v -1.94276 102.246 0.493483 
v -1.91279 102.245 0.524135 
v -1.88214 102.244 0.495993 
v -1.88282 102.245 0.554786 
v -1.48881 102.235 0.500494 
v -1.48943 102.235 0.559388 
v -1.09548 102.225 0.504995 
v -1.09604 102.226 0.56399 
v -1.48464 102.231 0.102483 
v -1.87758 102.241 0.0979375 
v -1.48881 102.235 0.500494 
v -1.09171 102.222 0.107029 
v -1.09548 102.225 0.504995 
v -1.02567 102.217 -0.283408 
v -1.03016 102.22 0.107749 
v -1.08801 102.218 -0.283338 
v -1.09171 102.222 0.107029 
v -1.87321 102.237 -0.282721 
v -1.48464 102.231 0.102483 
v -1.87758 102.241 0.0979375 
v -1.48061 102.228 -0.283029 
v -1.09171 102.222 0.107029 
v -1.08801 102.218 -0.283338 
v -1.87758 102.241 0.0979375 
v -1.94276 102.246 0.493483 
v -1.93822 102.242 0.097128 
v -1.88214 102.244 0.495993 
v -1.8724 102.236 -0.353913 
v -1.48061 102.228 -0.283029 
v -1.87321 102.237 -0.282721 
v -1.47901 102.227 -0.349311 
v -1.08801 102.218 -0.283338 
v -1.08562 102.217 -0.344709 
v -1.08562 102.217 -0.344709 
v -1.05565 102.217 -0.314058 
v -1.08801 102.218 -0.283338 
v -1.02567 102.217 -0.283408 
v -1.46085 103.272 0.252211 
v -1.88224 103.243 0.386871 
v -1.46342 103.233 0.39177 
v -1.8841 103.282 0.24726 
v -1.87728 103.165 0.518186 
v -1.45913 103.283 0.128611 
v -1.88499 103.293 0.123629 
v -1.0376 103.262 0.257162 
v -1.03328 103.273 0.133592 
v -1.0446 103.223 0.39667 
v -1.05639 103.145 0.527788 
v -1.46683 103.155 0.522987 
v -1.46967 103.07 0.590869 
v -1.88157 103.08 0.586051 
v -1.05776 103.06 0.595687 
v -1.47098 103.02 0.597729 
v -1.90404 103.031 0.592663 
v -1.03791 103.01 0.602795 
v -1.96963 102.85 0.116331 
v -1.97864 102.676 0.52838 
v -1.97434 102.854 0.526735 
v -1.96542 103.028 0.123135 
v -1.97003 103.032 0.525091 
v -1.9601 103.023 -0.341213 
v -1.9644 102.845 -0.339568 
v -1.97384 102.672 0.109527 
v -1.98294 102.498 0.530025 
v -1.9687 102.668 -0.337923 
v -1.97804 102.494 0.102722 
v -1.98724 102.32 0.53167 
v -1.97301 102.49 -0.336279 
v -1.98225 102.316 0.0959183 
v -1.97731 102.312 -0.334634 
v -0.969989 102.826 0.128024 
v -0.978997 102.652 0.540073 
v -0.974195 102.648 0.12122 
v -0.983299 102.474 0.541718 
v -0.974694 102.83 0.538429 
v -0.965782 103.004 0.134828 
v -0.970392 103.007 0.536784 
v -0.960457 102.999 -0.329519 
v -0.96476 102.821 -0.327875 
v -0.969062 102.644 -0.32623 
v -0.978401 102.47 0.114416 
v -0.987602 102.296 0.543363 
v -0.973364 102.466 -0.324585 
v -0.982607 102.292 0.107612 
v -0.977667 102.288 -0.322941 
v -1.47528 102.842 0.599374 
v -1.91265 102.675 0.595953 
v -1.47959 102.664 0.601019 
v -1.90835 102.853 0.594308 
v -1.91695 102.497 0.597598 
v -1.47098 103.02 0.597729 
v -1.90404 103.031 0.592663 
v -1.03791 103.01 0.602795 
v -1.04222 102.832 0.60444 
v -1.04652 102.654 0.606085 
v -1.48389 102.487 0.602664 
v -1.05082 102.476 0.60773 
v -1.48819 102.309 0.604309 
v -1.92126 102.319 0.599243 
v -1.05513 102.298 0.609375 
v -1.87178 103.266 0.088137 
v -1.45913 103.283 0.128611 
v -1.45768 103.256 0.0929809 
v -1.88499 103.293 0.123629 
v -1.04359 103.246 0.0978248 
v -1.03328 103.273 0.133592 
v -0.998319 103.039 0.10031 
v -0.997328 103.211 0.0986908 
v -0.966147 103.216 0.133702 
v -0.965782 103.004 0.134828 
v -1.9304 103.062 0.0894036 
v -1.95481 103.24 0.122137 
v -1.92263 103.233 0.0878671 
v -1.96542 103.028 0.123135 
v -1.87756 103.057 -0.372489 
v -1.45942 103.047 -0.335694 
v -1.45905 103.046 -0.367591 
v -1.92227 103.058 -0.34111 
v -1.04055 103.036 -0.362694 
v -0.99657 103.035 -0.330278 
v -1.45942 103.047 -0.335694 
v -1.92227 103.058 -0.34111 
v -1.46436 103.051 0.0948571 
v -1.9304 103.062 0.0894036 
v -0.99657 103.035 -0.330278 
v -0.998319 103.039 0.10031 
v -1.45998 103.222 0.093279 
v -1.87178 103.266 0.088137 
v -1.45768 103.256 0.0929809 
v -1.92263 103.233 0.0878671 
v -1.04359 103.246 0.0978248 
v -0.997328 103.211 0.0986908 
v -1.46436 103.051 0.0948571 
v -0.998319 103.039 0.10031 
v -1.45998 103.222 0.093279 
v -1.92263 103.233 0.0878671 
v -1.9304 103.062 0.0894036 

vn -0.551181 -0.629921 -0.543307 
vn -0.551181 -0.629921 -0.543307 
vn -0.551181 -0.629921 -0.543307 
vn -0.551181 -0.629921 -0.543307 
vn -0.551181 -0.629921 -0.543307 
vn -0.551181 -0.629921 -0.543307 
vn 0.535433 -0.653543 -0.535433 
vn 0.535433 -0.653543 -0.535433 
vn 0.535433 -0.653543 -0.535433 
vn 0.535433 -0.653543 -0.535433 
vn 0.535433 -0.653543 -0.535433 
vn 0.535433 -0.653543 -0.535433 
vn 0.519685 -0.645669 0.559055 
vn 0.519685 -0.645669 0.559055 
vn 0.519685 -0.645669 0.559055 
vn 0.519685 -0.645669 0.559055 
vn 0.519685 -0.645669 0.559055 
vn 0.519685 -0.645669 0.559055 
vn 0.519685 -0.645669 0.559055 
vn 0.519685 -0.645669 0.559055 
vn -0.566929 -0.622047 0.543307 
vn -0.566929 -0.622047 0.543307 
vn -0.566929 -0.622047 0.543307 
vn -0.566929 -0.622047 0.543307 
vn -0.566929 -0.622047 0.543307 
vn -0.566929 -0.622047 0.543307 
vn -0.566929 -0.622047 0.543307 
vn -0.566929 -0.622047 0.543307 
vn 0 -0.535433 -0.84252 
vn 0 -0.535433 -0.84252 
vn 0 -0.535433 -0.84252 
vn 0 -0.535433 -0.84252 
vn 0 -0.535433 -0.84252 
vn 0 -0.535433 -0.84252 
vn -0.456693 0.669291 -0.582677 
vn -0.472441 0.661417 -0.582677 
vn -0.480315 0.653543 -0.582677 
vn -0.456693 0.669291 -0.582677 
vn -0.472441 0.661417 -0.582677 
vn -0.551181 0.598425 -0.582677 
vn 0.519685 0.637795 -0.566929 
vn 0.496063 0.653543 -0.566929 
vn 0.519685 0.637795 -0.566929 
vn 0.496063 0.653543 -0.566929 
vn 0.590551 0.574803 -0.566929 
vn 0.519685 0.637795 -0.566929 
vn -0.700787 0.00787402 -0.716535 
vn -0.700787 0.00787402 -0.716535 
vn -0.700787 0.00787402 -0.716535 
vn -0.700787 0.00787402 -0.716535 
vn -0.700787 0.00787402 -0.716535 
vn -0.700787 0.00787402 -0.716535 
vn -0.700787 0.00787402 -0.716535 
vn -0.700787 0.00787402 -0.716535 
vn -0.700787 0.00787402 -0.716535 
vn -0.700787 0.00787402 -0.716535 
vn -0.700787 0.00787402 -0.716535 
vn -0.700787 0.00787402 -0.716535 
vn -0.700787 0.00787402 -0.716535 
vn -0.700787 0.00787402 -0.716535 
vn -0.700787 0.00787402 -0.716535 
vn 0.716535 -0.023622 -0.700787 
vn 0.716535 -0.023622 -0.700787 
vn 0.716535 -0.023622 -0.700787 
vn 0.716535 -0.023622 -0.700787 
vn 0.716535 -0.023622 -0.700787 
vn 0.716535 -0.023622 -0.700787 
vn 0.716535 -0.023622 -0.700787 
vn 0.716535 -0.023622 -0.700787 
vn 0.716535 -0.023622 -0.700787 
vn 0.716535 -0.023622 -0.700787 
vn 0.716535 -0.023622 -0.700787 
vn 0.716535 -0.023622 -0.700787 
vn 0.716535 -0.023622 -0.700787 
vn 0.716535 -0.023622 -0.700787 
vn 0.716535 -0.023622 -0.700787 
vn 0.629921 0.771654 0.0944882 
vn 0.637795 0.748031 0.165354 
vn 0.629921 0.771654 0.0944882 
vn 0.637795 0.748031 0.181102 
vn 0.661417 0.677165 0.314961 
vn 0.669291 0.661417 0.346457 
vn 0.685039 0.566929 0.464567 
vn 0.685039 0.551181 0.480315 
vn 0.677165 0.456693 0.574803 
vn 0.677165 0.456693 0.574803 
vn 0.661417 0.417323 0.629921 
vn 0.661417 0.417323 0.629921 
vn 0.834646 -0.551181 0.015748 
vn 0.834646 -0.551181 0.015748 
vn 0.834646 -0.551181 0.015748 
vn 0.834646 -0.551181 0.015748 
vn 0.834646 -0.551181 0.015748 
vn 0.834646 -0.551181 0.015748 
vn 0.834646 -0.551181 0.015748 
vn 0.834646 -0.551181 0.015748 
vn -0.858268 -0.511811 -0.00787402 
vn -0.858268 -0.511811 -0.00787402 
vn -0.858268 -0.511811 -0.00787402 
vn -0.858268 -0.511811 -0.00787402 
vn -0.858268 -0.511811 -0.00787402 
vn -0.858268 -0.511811 -0.00787402 
vn -0.858268 -0.511811 -0.00787402 
vn -0.858268 -0.511811 -0.00787402 
vn -0.606299 0.779528 0.165354 
vn -0.637795 0.708661 0.299213 
vn -0.653543 0.692913 0.314961 
vn -0.606299 0.779528 0.15748 
vn -0.590551 0.80315 0.0787402 
vn -0.590551 0.80315 0.0787402 
vn -0.661417 0.598425 0.448819 
vn -0.669291 0.582677 0.456693 
vn -0.669291 0.488189 0.566929 
vn -0.669291 0.488189 0.559055 
vn -0.653543 0.448819 0.614173 
vn -0.653543 0.448819 0.614173 
vn -0.661417 0.677165 0.322835 
vn -0.637795 0.755906 0.15748 
vn -0.669291 0.566929 0.480315 
vn -0.637795 0.755906 0.149606 
vn -0.622047 0.779528 0.0787402 
vn -0.622047 0.779528 0.0787402 
vn -0.669291 0.464567 0.582677 
vn -0.669291 0.464567 0.574803 
vn -0.661417 0.409449 0.629921 
vn -0.661417 0.409449 0.629921 
vn 0.685039 0.661417 0.314961 
vn 0.669291 0.724409 0.165354 
vn 0.669291 0.724409 0.173228 
vn 0.661417 0.748031 0.0944882 
vn 0.661417 0.748031 0.0944882 
vn 0.685039 0.645669 0.338583 
vn 0.685039 0.551181 0.472441 
vn 0.685039 0.535433 0.496063 
vn 0.677165 0.433071 0.598425 
vn 0.677165 0.433071 0.590551 
vn 0.669291 0.370079 0.645669 
vn 0.669291 0.370079 0.645669 
vn -0.716535 0.023622 0.700787 
vn -0.716535 0.023622 0.700787 
vn -0.716535 0.023622 0.700787 
vn -0.716535 0.023622 0.700787 
vn -0.716535 0.023622 0.700787 
vn -0.716535 0.023622 0.700787 
vn -0.716535 0.023622 0.700787 
vn -0.716535 0.023622 0.700787 
vn -0.716535 0.023622 0.700787 
vn -0.716535 0.023622 0.700787 
vn -0.716535 0.023622 0.700787 
vn -0.716535 0.023622 0.700787 
vn -0.716535 0.023622 0.700787 
vn -0.716535 0.023622 0.700787 
vn -0.716535 0.023622 0.700787 
vn -0.716535 0.023622 0.700787 
vn -0.716535 0.023622 0.700787 
vn -0.716535 0.023622 0.700787 
vn -0.716535 0.023622 0.700787 
vn -0.716535 0.023622 0.700787 
vn 0.700787 -0.00787402 0.716535 
vn 0.700787 -0.00787402 0.716535 
vn 0.700787 -0.00787402 0.716535 
vn 0.700787 -0.00787402 0.716535 
vn 0.700787 -0.00787402 0.716535 
vn 0.700787 -0.00787402 0.716535 
vn 0.700787 -0.00787402 0.716535 
vn 0.700787 -0.00787402 0.716535 
vn 0.700787 -0.00787402 0.716535 
vn 0.700787 -0.00787402 0.716535 
vn 0.700787 -0.00787402 0.716535 
vn 0.700787 -0.00787402 0.716535 
vn 0.700787 -0.00787402 0.716535 
vn 0.700787 -0.00787402 0.716535 
vn 0.700787 -0.00787402 0.716535 
vn 0.700787 -0.00787402 0.716535 
vn 0.700787 -0.00787402 0.716535 
vn 0.700787 -0.00787402 0.716535 
vn 0.700787 -0.00787402 0.716535 
vn 0.700787 -0.00787402 0.716535 
vn -0.023622 -0.519685 0.850394 
vn -0.023622 -0.519685 0.850394 
vn -0.023622 -0.519685 0.850394 
vn -0.023622 -0.519685 0.850394 
vn -0.023622 -0.519685 0.850394 
vn -0.023622 -0.519685 0.850394 
vn 0.023622 0.692913 -0.716535 
vn 0.023622 0.692913 -0.724409 
vn 0.023622 0.692913 -0.716535 
vn 0.023622 0.692913 -0.724409 
vn 0.023622 0.692913 -0.716535 
vn 0.023622 0.692913 -0.716535 
vn 0.511811 0.645669 -0.566929 
vn 0.511811 0.645669 -0.566929 
vn 0.511811 0.645669 -0.566929 
vn 0.511811 0.645669 -0.566929 
vn -0.448819 0.669291 -0.590551 
vn -0.448819 0.669291 -0.590551 
vn -0.448819 0.669291 -0.590551 
vn -0.448819 0.669291 -0.590551 
vn 0.527559 0.598425 -0.598425 
vn 0.527559 0.598425 -0.598425 
vn 0.527559 0.598425 -0.598425 
vn 0.00787402 -0.00787402 -1 
vn 0.00787402 -0.00787402 -1 
vn 0.00787402 -0.00787402 -1 
vn 0.00787402 -0.00787402 -1 
vn 0.00787402 -0.00787402 -1 
vn 0.00787402 -0.00787402 -1 
vn 0.00787402 -0.00787402 -1 
vn 0.00787402 -0.00787402 -1 
vn 0.00787402 -0.00787402 -1 
vn 0.00787402 -0.00787402 -1 
vn 0.00787402 -0.00787402 -1 
vn 0.00787402 -0.00787402 -1 
vn 0.00787402 -0.00787402 -1 
vn 0.00787402 -0.00787402 -1 
vn 0.00787402 -0.00787402 -1 
vn -0.692913 0.716535 -0.015748 
vn -0.692913 0.716535 -0.015748 
vn -0.692913 0.716535 -0.015748 
vn -0.692913 0.716535 -0.015748 
vn 0.724409 0.692913 0 
vn 0.724409 0.692913 0 
vn 0.724409 0.692913 0 
vn 0.724409 0.692913 0 
vn -0.472441 0.606299 -0.645669 
vn -0.472441 0.606299 -0.645669 
vn -0.472441 0.606299 -0.645669 
vn -1 0.0551181 0.0393701 
vn -1 0.0472441 0.0314961 
vn -1 0.0472441 0.0314961 
vn -1 0.0472441 0.0472441 
vn -1 0.0472441 0.0472441 
vn -0.976378 0.204724 0.0314961 
vn -0.84252 0.535433 -0.015748 
vn 1 0 0.0551181 
vn 1 0.00787402 0.0629921 
vn 1 0 0.0551181 
vn 1 0 0.0708661 
vn 1 0 0.0708661 
vn 0.984252 0.15748 0.0551181 
vn 0.874016 0.488189 0.00787402 
vn -0.023622 -1 0.00787402 
vn -0.023622 -1 0.00787402 
vn -0.023622 -1 0.00787402 
vn -0.023622 -1 0.00787402 
vn -0.023622 -1 0.00787402 
vn -0.023622 -1 0.00787402 
vn -0.023622 -1 0.00787402 
vn -0.023622 -1 0.00787402 
vn -0.023622 -1 0.00787402 
vn -0.023622 -1 0.00787402 
vn -0.023622 -1 0.00787402 
vn -0.023622 -1 0.00787402 
vn -0.023622 -1 0.00787402 
vn -0.023622 -1 0.00787402 
vn -0.023622 -1 0.00787402 
vn -0.023622 -1 0.00787402 
vn -0.023622 -1 0.00787402 
vn -0.023622 -1 0.00787402 
vn -0.023622 -1 0.00787402 
vn -0.023622 -1 0.00787402 
vn -0.023622 -1 0.00787402 
vn -0.023622 -1 0.00787402 
vn -0.023622 -1 0.00787402 
vn -0.023622 -1 0.00787402 
vn -0.023622 -1 0.00787402 
vn -0.023622 -1 0.00787402 
vn -0.023622 -1 0.00787402 
vn -0.023622 -1 0.00787402 
vn -0.023622 -1 0.00787402 
vn -0.023622 -1 0.00787402 
vn -0.023622 -1 0.00787402 
vn -0.023622 -1 0.00787402 
vn -0.023622 -1 0.00787402 
vn -0.023622 -1 0.00787402 
vn -0.023622 -1 0.00787402 
vn -0.023622 -1 0.00787402 
vn -0.023622 -1 0.00787402 
vn -0.023622 -1 0.00787402 
vn -0.023622 -1 0.00787402 
vn -0.023622 -1 0.00787402 
vn -0.023622 -1 0.00787402 
vn -0.023622 -1 0.00787402 
vn -0.023622 -1 0.00787402 
vn -0.023622 -1 0.00787402 
vn -0.023622 -1 0.00787402 
vn -0.023622 -1 0.00787402 
vn -0.023622 -1 0.00787402 
vn -0.023622 -1 0.00787402 
vn -0.023622 -1 0.00787402 
vn -0.023622 -1 0.00787402 
vn -0.023622 -1 0.00787402 
vn -0.023622 -1 0.00787402 
vn -0.023622 -1 0.00787402 
vn 0.023622 0.984252 0.188976 
vn 0.015748 0.92126 0.393701 
vn 0.015748 0.92126 0.393701 
vn 0.023622 0.984252 0.188976 
vn 0.00787402 0.779528 0.629921 
vn 0.023622 0.992126 0.0866142 
vn 0.023622 0.992126 0.0866142 
vn 0.023622 0.984252 0.188976 
vn 0.023622 0.992126 0.0866142 
vn 0.015748 0.92126 0.393701 
vn 0.00787402 0.779528 0.629921 
vn 0.00787402 0.771654 0.629921 
vn 0 0.480315 0.874016 
vn 0 0.456693 0.889764 
vn 0 0.456693 0.889764 
vn -0.00787402 0.133858 0.992126 
vn -0.00787402 0.133858 0.992126 
vn -0.00787402 0.133858 0.992126 
vn -1 0.023622 -0.00787402 
vn -1 0.023622 -0.00787402 
vn -1 0.023622 -0.00787402 
vn -1 0.023622 -0.00787402 
vn -1 0.023622 -0.00787402 
vn -1 0.023622 -0.00787402 
vn -1 0.023622 -0.00787402 
vn -1 0.023622 -0.00787402 
vn -1 0.023622 -0.00787402 
vn -1 0.023622 -0.00787402 
vn -1 0.023622 -0.00787402 
vn -1 0.023622 -0.00787402 
vn -1 0.023622 -0.00787402 
vn -1 0.023622 -0.00787402 
vn -1 0.023622 -0.00787402 
vn 1 -0.023622 0.00787402 
vn 1 -0.023622 0.00787402 
vn 1 -0.023622 0.00787402 
vn 1 -0.023622 0.00787402 
vn 1 -0.023622 0.00787402 
vn 1 -0.023622 0.00787402 
vn 1 -0.023622 0.00787402 
vn 1 -0.023622 0.00787402 
vn 1 -0.023622 0.00787402 
vn 1 -0.023622 0.00787402 
vn 1 -0.023622 0.00787402 
vn 1 -0.023622 0.00787402 
vn 1 -0.023622 0.00787402 
vn 1 -0.023622 0.00787402 
vn 1 -0.023622 0.00787402 
vn -0.00787402 0.00787402 1 
vn -0.00787402 0.00787402 1 
vn -0.00787402 0.00787402 1 
vn -0.00787402 0.00787402 1 
vn -0.00787402 0.00787402 1 
vn -0.00787402 0.00787402 1 
vn -0.00787402 0.00787402 1 
vn -0.00787402 0.00787402 1 
vn -0.00787402 0.00787402 1 
vn -0.00787402 0.00787402 1 
vn -0.00787402 0.00787402 1 
vn -0.00787402 0.00787402 1 
vn -0.00787402 0.00787402 1 
vn -0.00787402 0.00787402 1 
vn -0.00787402 0.00787402 1 
vn 0.023622 0.795276 -0.606299 
vn 0.023622 0.795276 -0.606299 
vn 0.023622 0.795276 -0.606299 
vn 0.023622 0.795276 -0.606299 
vn 0.023622 0.795276 -0.606299 
vn 0.023622 0.795276 -0.606299 
vn 0.732283 -0.00787402 -0.677165 
vn 0.732283 -0.00787402 -0.677165 
vn 0.732283 -0.00787402 -0.677165 
vn 0.732283 -0.00787402 -0.677165 
vn -0.716535 0.0314961 -0.692913 
vn -0.716535 0.0314961 -0.692913 
vn -0.716535 0.0314961 -0.692913 
vn -0.716535 0.0314961 -0.692913 
vn 0.023622 1 -0.00787402 
vn 0.023622 1 -0.00787402 
vn 0.023622 1 -0.00787402 
vn 0.023622 1 -0.00787402 
vn 0.023622 1 -0.00787402 
vn 0.023622 1 -0.00787402 
vn 0.023622 1 -0.00787402 
vn 0.023622 1 -0.00787402 
vn 0.023622 1 -0.00787402 
vn 0.023622 1 -0.00787402 
vn 0.023622 1 -0.00787402 
vn 0.023622 1 -0.00787402 
vn 0.00787402 -0.00787402 -1 
vn 0.00787402 -0.00787402 -1 
vn 0.00787402 -0.00787402 -1 
vn 0.00787402 -0.00787402 -1 
vn 0.00787402 -0.00787402 -1 
vn 0.00787402 -0.00787402 -1 
vn 0.00787402 -0.00787402 -1 
vn 0.00787402 -0.00787402 -1 
vn 0.00787402 -0.00787402 -1 
vn 0.00787402 -0.00787402 -1 
vn 0.00787402 -0.00787402 -1 

vt 0.565701 0.693786 
vt 0.563468 0.686853 
vt 0.565701 0.686853 
vt 0.563468 0.693781 
vt 0.567943 0.686853 
vt 0.567943 0.693791 
vt 0.498061 0.686853 
vt 0.495865 0.693786 
vt 0.495787 0.686853 
vt 0.498061 0.693781 
vt 0.493574 0.686853 
vt 0.493574 0.693791 
vt 0.702904 0.686853 
vt 0.705406 0.693801 
vt 0.702904 0.693778 
vt 0.705406 0.686853 
vt 0.426037 0.69378 
vt 0.426035 0.686853 
vt 0.427994 0.686853 
vt 0.427994 0.693791 
vt 0.635458 0.69378 
vt 0.633313 0.686853 
vt 0.635459 0.686853 
vt 0.633313 0.693791 
vt 0.637615 0.686853 
vt 0.637615 0.693778 
vt 0.635458 0.69378 
vt 0.635459 0.686853 
vt 0.530766 0.686853 
vt 0.563468 0.686853 
vt 0.530766 0.693781 
vt 0.563468 0.693781 
vt 0.498061 0.686853 
vt 0.498061 0.693781 
vt 0.45679 0.626269 
vt 0.459338 0.625065 
vt 0.458672 0.627898 
vt 0.457101 0.623439 
vt 0.459338 0.625065 
vt 0.46064 0.626557 
vt 0.427133 0.625065 
vt 0.429324 0.626269 
vt 0.427539 0.627943 
vt 0.428983 0.623439 
vt 0.425919 0.626558 
vt 0.427133 0.625065 
vt 0.563468 0.752137 
vt 0.565701 0.732687 
vt 0.565701 0.752138 
vt 0.563468 0.77191 
vt 0.565701 0.77191 
vt 0.563468 0.732685 
vt 0.567943 0.752139 
vt 0.567943 0.77191 
vt 0.567943 0.73269 
vt 0.567943 0.71324 
vt 0.565701 0.713236 
vt 0.567943 0.693791 
vt 0.563468 0.713233 
vt 0.565701 0.693786 
vt 0.563468 0.693781 
vt 0.497991 0.752137 
vt 0.495861 0.732688 
vt 0.498014 0.732685 
vt 0.495863 0.713237 
vt 0.498038 0.713233 
vt 0.495865 0.693786 
vt 0.498061 0.693781 
vt 0.493574 0.693791 
vt 0.493526 0.71324 
vt 0.493477 0.73269 
vt 0.49586 0.752139 
vt 0.497967 0.77191 
vt 0.493428 0.75214 
vt 0.495858 0.77191 
vt 0.49338 0.77191 
vt 0.457489 0.761292 
vt 0.449335 0.763462 
vt 0.457489 0.763586 
vt 0.447915 0.761282 
vt 0.441557 0.763682 
vt 0.440202 0.761896 
vt 0.435769 0.765641 
vt 0.433957 0.763824 
vt 0.432978 0.767976 
vt 0.430574 0.767385 
vt 0.432045 0.77191 
vt 0.429622 0.77191 
vt 0.493574 0.693791 
vt 0.457976 0.693781 
vt 0.493574 0.686853 
vt 0.457898 0.686853 
vt 0.457976 0.693781 
vt 0.427994 0.686853 
vt 0.457898 0.686853 
vt 0.427994 0.693791 
vt 0.567943 0.686853 
vt 0.600493 0.693781 
vt 0.567943 0.693791 
vt 0.600427 0.686853 
vt 0.600427 0.686853 
vt 0.633313 0.686853 
vt 0.600493 0.693781 
vt 0.633313 0.693791 
vt 0.611598 0.761899 
vt 0.621634 0.763954 
vt 0.622761 0.76257 
vt 0.610529 0.763654 
vt 0.604533 0.761975 
vt 0.604533 0.763829 
vt 0.630941 0.765122 
vt 0.632343 0.763845 
vt 0.633313 0.76807 
vt 0.635454 0.767465 
vt 0.633313 0.77191 
vt 0.635467 0.77191 
vt 0.622978 0.76112 
vt 0.611488 0.760577 
vt 0.63277 0.762565 
vt 0.611598 0.761899 
vt 0.604533 0.760546 
vt 0.604533 0.761975 
vt 0.635454 0.767465 
vt 0.636836 0.766578 
vt 0.635467 0.77191 
vt 0.637621 0.77191 
vt 0.440202 0.761896 
vt 0.447915 0.761282 
vt 0.447209 0.759354 
vt 0.457489 0.759061 
vt 0.457489 0.761292 
vt 0.4388 0.760436 
vt 0.433957 0.763824 
vt 0.432286 0.762365 
vt 0.430574 0.767385 
vt 0.427754 0.766752 
vt 0.429622 0.77191 
vt 0.426122 0.77191 
vt 0.635462 0.732684 
vt 0.637619 0.752136 
vt 0.635464 0.752137 
vt 0.635467 0.77191 
vt 0.637621 0.77191 
vt 0.637618 0.732683 
vt 0.63546 0.713232 
vt 0.637617 0.713231 
vt 0.635458 0.69378 
vt 0.637615 0.693778 
vt 0.633313 0.73269 
vt 0.635464 0.752137 
vt 0.633313 0.752139 
vt 0.635467 0.77191 
vt 0.633313 0.77191 
vt 0.635462 0.732684 
vt 0.633313 0.71324 
vt 0.63546 0.713232 
vt 0.633313 0.693791 
vt 0.635458 0.69378 
vt 0.428164 0.73269 
vt 0.426031 0.752137 
vt 0.426033 0.732685 
vt 0.428249 0.75214 
vt 0.426029 0.77191 
vt 0.428333 0.77191 
vt 0.428079 0.71324 
vt 0.426035 0.713233 
vt 0.427994 0.693791 
vt 0.426037 0.69378 
vt 0.705408 0.752142 
vt 0.702901 0.732684 
vt 0.705407 0.732695 
vt 0.702899 0.752136 
vt 0.705408 0.77191 
vt 0.702898 0.77191 
vt 0.702903 0.713231 
vt 0.705406 0.713248 
vt 0.705406 0.693801 
vt 0.702904 0.693778 
vt 0.67026 0.693778 
vt 0.637615 0.686853 
vt 0.67026 0.686853 
vt 0.637615 0.693778 
vt 0.702904 0.686853 
vt 0.702904 0.693778 
vt 0.443042 0.623439 
vt 0.45679 0.626269 
vt 0.443057 0.626269 
vt 0.457101 0.623439 
vt 0.429324 0.626269 
vt 0.428983 0.623439 
vt 0.427182 0.677726 
vt 0.427535 0.67182 
vt 0.429612 0.676019 
vt 0.425919 0.676019 
vt 0.456989 0.676019 
vt 0.458747 0.67182 
vt 0.459035 0.678221 
vt 0.46064 0.676019 
vt 0.427182 0.677726 
vt 0.429612 0.676019 
vt 0.42839 0.679404 
vt 0.530772 0.732685 
vt 0.563468 0.752137 
vt 0.530775 0.752137 
vt 0.530778 0.77191 
vt 0.563468 0.77191 
vt 0.497991 0.752137 
vt 0.497967 0.77191 
vt 0.498014 0.732685 
vt 0.563468 0.732685 
vt 0.498038 0.713233 
vt 0.530769 0.713233 
vt 0.498061 0.693781 
vt 0.563468 0.713233 
vt 0.530766 0.693781 
vt 0.563468 0.693781 
vt 0.458747 0.650075 
vt 0.458672 0.627898 
vt 0.46064 0.626557 
vt 0.46064 0.650075 
vt 0.425919 0.626558 
vt 0.427535 0.650075 
vt 0.425919 0.650075 
vt 0.427539 0.627943 
vt 0.457979 0.679578 
vt 0.456989 0.676019 
vt 0.459035 0.678221 
vt 0.604023 0.77191 
vt 0.610529 0.763654 
vt 0.604533 0.763829 
vt 0.621634 0.763954 
vt 0.630941 0.765122 
vt 0.633313 0.76807 
vt 0.633313 0.77191 
vt 0.449335 0.763462 
vt 0.457489 0.77191 
vt 0.457489 0.763586 
vt 0.441557 0.763682 
vt 0.435769 0.765641 
vt 0.432978 0.767976 
vt 0.432045 0.77191 
vt 0.46555 0.627365 
vt 0.466683 0.625264 
vt 0.46782 0.627262 
vt 0.467816 0.623439 
vt 0.46555 0.650075 
vt 0.46555 0.627365 
vt 0.46785 0.650075 
vt 0.46782 0.627262 
vt 0.498342 0.677384 
vt 0.497209 0.679347 
vt 0.497209 0.675369 
vt 0.499474 0.675421 
vt 0.499474 0.650075 
vt 0.497209 0.650069 
vt 0.497209 0.627263 
vt 0.498342 0.625402 
vt 0.499474 0.627365 
vt 0.498342 0.625402 
vt 0.497209 0.627263 
vt 0.497209 0.623439 
vt 0.482515 0.627262 
vt 0.482512 0.623439 
vt 0.46782 0.627262 
vt 0.467816 0.623439 
vt 0.482529 0.650072 
vt 0.497209 0.650069 
vt 0.482515 0.627262 
vt 0.46785 0.650075 
vt 0.46782 0.627262 
vt 0.46555 0.675369 
vt 0.46555 0.650075 
vt 0.467879 0.675369 
vt 0.46785 0.650075 
vt 0.497209 0.675369 
vt 0.482529 0.650072 
vt 0.497209 0.650069 
vt 0.482544 0.675369 
vt 0.46785 0.650075 
vt 0.467879 0.675369 
vt 0.497209 0.650069 
vt 0.499474 0.627365 
vt 0.499474 0.650075 
vt 0.497209 0.627263 
vt 0.497209 0.679347 
vt 0.482544 0.675369 
vt 0.497209 0.675369 
vt 0.482512 0.679347 
vt 0.467879 0.675369 
vt 0.467816 0.679347 
vt 0.467816 0.679347 
vt 0.466683 0.677384 
vt 0.467879 0.675369 
vt 0.46555 0.675369 
vt 0.670437 0.763014 
vt 0.635467 0.764644 
vt 0.670437 0.764665 
vt 0.635467 0.762994 
vt 0.635467 0.766901 
vt 0.670437 0.762142 
vt 0.635467 0.762142 
vt 0.705408 0.763034 
vt 0.705408 0.762142 
vt 0.705408 0.764685 
vt 0.705408 0.766942 
vt 0.670437 0.766921 
vt 0.670437 0.769629 
vt 0.635467 0.769626 
vt 0.705408 0.769632 
vt 0.670437 0.77191 
vt 0.635467 0.77191 
vt 0.705408 0.77191 
vt 0.603523 0.752137 
vt 0.633313 0.73269 
vt 0.633313 0.752139 
vt 0.604023 0.77191 
vt 0.633313 0.77191 
vt 0.567943 0.77191 
vt 0.567943 0.752139 
vt 0.602513 0.732685 
vt 0.633313 0.71324 
vt 0.567943 0.73269 
vt 0.601503 0.713233 
vt 0.633313 0.693791 
vt 0.567943 0.71324 
vt 0.600493 0.693781 
vt 0.567943 0.693791 
vt 0.457611 0.752137 
vt 0.428164 0.73269 
vt 0.457732 0.732685 
vt 0.428079 0.71324 
vt 0.428249 0.75214 
vt 0.457489 0.77191 
vt 0.428333 0.77191 
vt 0.49338 0.77191 
vt 0.493428 0.75214 
vt 0.493477 0.73269 
vt 0.457854 0.713233 
vt 0.427994 0.693791 
vt 0.493526 0.71324 
vt 0.457976 0.693781 
vt 0.493574 0.693791 
vt 0.670259 0.752136 
vt 0.637618 0.732683 
vt 0.670259 0.732684 
vt 0.637619 0.752136 
vt 0.637617 0.713231 
vt 0.670259 0.77191 
vt 0.637621 0.77191 
vt 0.702898 0.77191 
vt 0.702899 0.752136 
vt 0.702901 0.732684 
vt 0.67026 0.713231 
vt 0.702903 0.713231 
vt 0.67026 0.693778 
vt 0.637615 0.693778 
vt 0.702904 0.693778 
vt 0.635467 0.762142 
vt 0.670437 0.762142 
vt 0.670437 0.762142 
vt 0.635467 0.762142 
vt 0.705408 0.762142 
vt 0.705408 0.762142 
vt 0.427535 0.650075 
vt 0.427535 0.67182 
vt 0.425919 0.676019 
vt 0.425919 0.650075 
vt 0.458747 0.650075 
vt 0.46064 0.676019 
vt 0.458747 0.67182 
vt 0.46064 0.650075 
vt 0.45679 0.626269 
vt 0.443106 0.627921 
vt 0.443057 0.626269 
vt 0.458672 0.627898 
vt 0.429324 0.626269 
vt 0.427539 0.627943 
vt 0.443106 0.627921 
vt 0.458672 0.627898 
vt 0.443141 0.650075 
vt 0.458747 0.650075 
vt 0.427539 0.627943 
vt 0.427535 0.650075 
vt 0.443141 0.67182 
vt 0.456989 0.676019 
vt 0.4433 0.676019 
vt 0.458747 0.67182 
vt 0.429612 0.676019 
vt 0.427535 0.67182 
vt 0.443141 0.650075 
vt 0.427535 0.650075 
vt 0.443141 0.67182 
vt 0.458747 0.67182 
vt 0.458747 0.650075 

usemtl Player1Mtl

f 5479/5479/5479 5480/5480/5480 5481/5481/5481 
f 5480/5480/5480 5479/5479/5479 5482/5482/5482 
f 5483/5483/5483 5479/5479/5479 5481/5481/5481 
f 5479/5479/5479 5483/5483/5483 5484/5484/5484 
f 5485/5485/5485 5486/5486/5486 5487/5487/5487 
f 5486/5486/5486 5485/5485/5485 5488/5488/5488 
f 5486/5486/5486 5489/5489/5489 5487/5487/5487 
f 5489/5489/5489 5486/5486/5486 5490/5490/5490 
f 5491/5491/5491 5492/5492/5492 5493/5493/5493 
f 5492/5492/5492 5491/5491/5491 5494/5494/5494 
f 5495/5495/5495 5496/5496/5496 5497/5497/5497 
f 5495/5495/5495 5497/5497/5497 5498/5498/5498 
f 5499/5499/5499 5500/5500/5500 5501/5501/5501 
f 5500/5500/5500 5499/5499/5499 5502/5502/5502 
f 5503/5503/5503 5504/5504/5504 5505/5505/5505 
f 5505/5505/5505 5506/5506/5506 5503/5503/5503 
f 5507/5507/5507 5508/5508/5508 5509/5509/5509 
f 5510/5510/5510 5509/5509/5509 5508/5508/5508 
f 5509/5509/5509 5511/5511/5511 5507/5507/5507 
f 5511/5511/5511 5509/5509/5509 5512/5512/5512 
f 5513/5513/5513 5514/5514/5514 5515/5515/5515 
f 5514/5514/5514 5513/5513/5513 5516/5516/5516 
f 5515/5515/5515 5517/5517/5517 5518/5518/5518 
f 5519/5519/5519 5520/5520/5520 5521/5521/5521 
f 5520/5520/5520 5519/5519/5519 5522/5522/5522 
f 5521/5521/5521 5523/5523/5523 5524/5524/5524 
f 5525/5525/5525 5526/5526/5526 5527/5527/5527 
f 5527/5527/5527 5528/5528/5528 5525/5525/5525 
f 5528/5528/5528 5527/5527/5527 5529/5529/5529 
f 5526/5526/5526 5525/5525/5525 5530/5530/5530 
f 5531/5531/5531 5529/5529/5529 5527/5527/5527 
f 5529/5529/5529 5531/5531/5531 5532/5532/5532 
f 5527/5527/5527 5533/5533/5533 5531/5531/5531 
f 5533/5533/5533 5527/5527/5527 5526/5526/5526 
f 5526/5526/5526 5534/5534/5534 5533/5533/5533 
f 5530/5530/5530 5535/5535/5535 5526/5526/5526 
f 5534/5534/5534 5526/5526/5526 5535/5535/5535 
f 5535/5535/5535 5536/5536/5536 5534/5534/5534 
f 5535/5535/5535 5530/5530/5530 5537/5537/5537 
f 5535/5535/5535 5538/5538/5538 5536/5536/5536 
f 5537/5537/5537 5538/5538/5538 5535/5535/5535 
f 5538/5538/5538 5537/5537/5537 5539/5539/5539 
f 5540/5540/5540 5541/5541/5541 5542/5542/5542 
f 5543/5543/5543 5542/5542/5542 5541/5541/5541 
f 5542/5542/5542 5543/5543/5543 5544/5544/5544 
f 5545/5545/5545 5544/5544/5544 5543/5543/5543 
f 5544/5544/5544 5545/5545/5545 5546/5546/5546 
f 5545/5545/5545 5543/5543/5543 5547/5547/5547 
f 5548/5548/5548 5547/5547/5547 5543/5543/5543 
f 5543/5543/5543 5541/5541/5541 5548/5548/5548 
f 5549/5549/5549 5548/5548/5548 5541/5541/5541 
f 5541/5541/5541 5540/5540/5540 5550/5550/5550 
f 5541/5541/5541 5550/5550/5550 5549/5549/5549 
f 5551/5551/5551 5550/5550/5550 5540/5540/5540 
f 5552/5552/5552 5549/5549/5549 5550/5550/5550 
f 5550/5550/5550 5551/5551/5551 5553/5553/5553 
f 5553/5553/5553 5552/5552/5552 5550/5550/5550 
f 5552/5552/5552 5553/5553/5553 5554/5554/5554 
f 5555/5555/5555 5556/5556/5556 5557/5557/5557 
f 5556/5556/5556 5555/5555/5555 5558/5558/5558 
f 5559/5559/5559 5556/5556/5556 5558/5558/5558 
f 5558/5558/5558 5560/5560/5560 5559/5559/5559 
f 5560/5560/5560 5561/5561/5561 5559/5559/5559 
f 5560/5560/5560 5562/5562/5562 5561/5561/5561 
f 5562/5562/5562 5563/5563/5563 5561/5561/5561 
f 5563/5563/5563 5562/5562/5562 5564/5564/5564 
f 5564/5564/5564 5565/5565/5565 5563/5563/5563 
f 5565/5565/5565 5564/5564/5564 5566/5566/5566 
f 5567/5567/5567 5568/5568/5568 5569/5569/5569 
f 5569/5569/5569 5568/5568/5568 5570/5570/5570 
f 5571/5571/5571 5572/5572/5572 5573/5573/5573 
f 5572/5572/5572 5571/5571/5571 5574/5574/5574 
f 5575/5575/5575 5576/5576/5576 5577/5577/5577 
f 5576/5576/5576 5575/5575/5575 5578/5578/5578 
f 5579/5579/5579 5580/5580/5580 5581/5581/5581 
f 5582/5582/5582 5581/5581/5581 5580/5580/5580 
f 5583/5583/5583 5584/5584/5584 5585/5585/5585 
f 5584/5584/5584 5583/5583/5583 5586/5586/5586 
f 5587/5587/5587 5586/5586/5586 5583/5583/5583 
f 5586/5586/5586 5587/5587/5587 5588/5588/5588 
f 5589/5589/5589 5585/5585/5585 5584/5584/5584 
f 5585/5585/5585 5589/5589/5589 5590/5590/5590 
f 5591/5591/5591 5590/5590/5590 5589/5589/5589 
f 5590/5590/5590 5591/5591/5591 5592/5592/5592 
f 5593/5593/5593 5592/5592/5592 5591/5591/5591 
f 5592/5592/5592 5593/5593/5593 5594/5594/5594 
f 5590/5590/5590 5595/5595/5595 5585/5585/5585 
f 5596/5596/5596 5585/5585/5585 5595/5595/5595 
f 5595/5595/5595 5590/5590/5590 5597/5597/5597 
f 5585/5585/5585 5596/5596/5596 5598/5598/5598 
f 5599/5599/5599 5598/5598/5598 5596/5596/5596 
f 5598/5598/5598 5599/5599/5599 5600/5600/5600 
f 5601/5601/5601 5597/5597/5597 5590/5590/5590 
f 5597/5597/5597 5601/5601/5601 5602/5602/5602 
f 5603/5603/5603 5602/5602/5602 5601/5601/5601 
f 5602/5602/5602 5603/5603/5603 5604/5604/5604 
f 5605/5605/5605 5606/5606/5606 5607/5607/5607 
f 5606/5606/5606 5608/5608/5608 5607/5607/5607 
f 5608/5608/5608 5606/5606/5606 5609/5609/5609 
f 5607/5607/5607 5610/5610/5610 5605/5605/5605 
f 5610/5610/5610 5611/5611/5611 5605/5605/5605 
f 5611/5611/5611 5610/5610/5610 5612/5612/5612 
f 5612/5612/5612 5613/5613/5613 5611/5611/5611 
f 5613/5613/5613 5612/5612/5612 5614/5614/5614 
f 5614/5614/5614 5615/5615/5615 5613/5613/5613 
f 5615/5615/5615 5614/5614/5614 5616/5616/5616 
f 5617/5617/5617 5618/5618/5618 5619/5619/5619 
f 5620/5620/5620 5619/5619/5619 5618/5618/5618 
f 5620/5620/5620 5618/5618/5618 5621/5621/5621 
f 5618/5618/5618 5617/5617/5617 5622/5622/5622 
f 5623/5623/5623 5622/5622/5622 5617/5617/5617 
f 5622/5622/5622 5623/5623/5623 5624/5624/5624 
f 5625/5625/5625 5624/5624/5624 5623/5623/5623 
f 5624/5624/5624 5625/5625/5625 5626/5626/5626 
f 5627/5627/5627 5628/5628/5628 5629/5629/5629 
f 5630/5630/5630 5629/5629/5629 5628/5628/5628 
f 5629/5629/5629 5630/5630/5630 5631/5631/5631 
f 5628/5628/5628 5627/5627/5627 5632/5632/5632 
f 5633/5633/5633 5632/5632/5632 5627/5627/5627 
f 5632/5632/5632 5633/5633/5633 5634/5634/5634 
f 5635/5635/5635 5634/5634/5634 5633/5633/5633 
f 5634/5634/5634 5635/5635/5635 5636/5636/5636 
f 5637/5637/5637 5638/5638/5638 5639/5639/5639 
f 5638/5638/5638 5637/5637/5637 5640/5640/5640 
f 5640/5640/5640 5641/5641/5641 5638/5638/5638 
f 5641/5641/5641 5640/5640/5640 5642/5642/5642 
f 5639/5639/5639 5643/5643/5643 5637/5637/5637 
f 5643/5643/5643 5639/5639/5639 5644/5644/5644 
f 5645/5645/5645 5643/5643/5643 5644/5644/5644 
f 5645/5645/5645 5644/5644/5644 5646/5646/5646 
f 5647/5647/5647 5648/5648/5648 5649/5649/5649 
f 5648/5648/5648 5647/5647/5647 5650/5650/5650 
f 5651/5651/5651 5650/5650/5650 5647/5647/5647 
f 5650/5650/5650 5651/5651/5651 5652/5652/5652 
f 5653/5653/5653 5649/5649/5649 5648/5648/5648 
f 5649/5649/5649 5653/5653/5653 5654/5654/5654 
f 5655/5655/5655 5654/5654/5654 5653/5653/5653 
f 5655/5655/5655 5653/5653/5653 5656/5656/5656 
f 5657/5657/5657 5658/5658/5658 5659/5659/5659 
f 5658/5658/5658 5657/5657/5657 5660/5660/5660 
f 5661/5661/5661 5657/5657/5657 5659/5659/5659 
f 5657/5657/5657 5661/5661/5661 5662/5662/5662 
f 5663/5663/5663 5664/5664/5664 5665/5665/5665 
f 5664/5664/5664 5663/5663/5663 5666/5666/5666 
f 5667/5667/5667 5663/5663/5663 5665/5665/5665 
f 5663/5663/5663 5667/5667/5667 5668/5668/5668 
f 5669/5669/5669 5670/5670/5670 5671/5671/5671 
f 5670/5670/5670 5669/5669/5669 5672/5672/5672 
f 5673/5673/5673 5674/5674/5674 5675/5675/5675 
f 5675/5675/5675 5674/5674/5674 5676/5676/5676 
f 5677/5677/5677 5678/5678/5678 5679/5679/5679 
f 5680/5680/5680 5681/5681/5681 5682/5682/5682 
f 5682/5682/5682 5681/5681/5681 5683/5683/5683 
f 5684/5684/5684 5683/5683/5683 5681/5681/5681 
f 5683/5683/5683 5685/5685/5685 5682/5682/5682 
f 5683/5683/5683 5686/5686/5686 5685/5685/5685 
f 5682/5682/5682 5685/5685/5685 5687/5687/5687 
f 5682/5682/5682 5687/5687/5687 5680/5680/5680 
f 5681/5681/5681 5680/5680/5680 5688/5688/5688 
f 5680/5680/5680 5687/5687/5687 5689/5689/5689 
f 5690/5690/5690 5688/5688/5688 5680/5680/5680 
f 5680/5680/5680 5689/5689/5689 5690/5690/5690 
f 5690/5690/5690 5689/5689/5689 5691/5691/5691 
f 5688/5688/5688 5690/5690/5690 5692/5692/5692 
f 5690/5690/5690 5691/5691/5691 5693/5693/5693 
f 5693/5693/5693 5692/5692/5692 5690/5690/5690 
f 5692/5692/5692 5693/5693/5693 5694/5694/5694 
f 5695/5695/5695 5696/5696/5696 5697/5697/5697 
f 5697/5697/5697 5698/5698/5698 5695/5695/5695 
f 5699/5699/5699 5700/5700/5700 5701/5701/5701 
f 5700/5700/5700 5699/5699/5699 5702/5702/5702 
f 5703/5703/5703 5704/5704/5704 5705/5705/5705 
f 5706/5706/5706 5707/5707/5707 5708/5708/5708 
f 5706/5706/5706 5709/5709/5709 5707/5707/5707 
f 5706/5706/5706 5710/5710/5710 5709/5709/5709 
f 5706/5706/5706 5711/5711/5711 5710/5710/5710 
f 5711/5711/5711 5706/5706/5706 5712/5712/5712 
f 5713/5713/5713 5714/5714/5714 5715/5715/5715 
f 5716/5716/5716 5714/5714/5714 5713/5713/5713 
f 5717/5717/5717 5714/5714/5714 5716/5716/5716 
f 5714/5714/5714 5717/5717/5717 5718/5718/5718 
f 5719/5719/5719 5714/5714/5714 5718/5718/5718 
f 5720/5720/5720 5721/5721/5721 5722/5722/5722 
f 5723/5723/5723 5722/5722/5722 5721/5721/5721 
f 5724/5724/5724 5725/5725/5725 5726/5726/5726 
f 5726/5726/5726 5725/5725/5725 5727/5727/5727 
f 5728/5728/5728 5729/5729/5729 5730/5730/5730 
f 5731/5731/5731 5728/5728/5728 5730/5730/5730 
f 5730/5730/5730 5732/5732/5732 5731/5731/5731 
f 5732/5732/5732 5730/5730/5730 5733/5733/5733 
f 5734/5734/5734 5735/5735/5735 5736/5736/5736 
f 5737/5737/5737 5738/5738/5738 5739/5739/5739 
f 5738/5738/5738 5740/5740/5740 5739/5739/5739 
f 5741/5741/5741 5739/5739/5739 5740/5740/5740 
f 5742/5742/5742 5741/5741/5741 5740/5740/5740 
f 5741/5741/5741 5742/5742/5742 5743/5743/5743 
f 5744/5744/5744 5738/5738/5738 5745/5745/5745 
f 5738/5738/5738 5744/5744/5744 5746/5746/5746 
f 5747/5747/5747 5746/5746/5746 5744/5744/5744 
f 5746/5746/5746 5747/5747/5747 5748/5748/5748 
f 5749/5749/5749 5750/5750/5750 5751/5751/5751 
f 5751/5751/5751 5750/5750/5750 5752/5752/5752 
f 5753/5753/5753 5754/5754/5754 5755/5755/5755 
f 5754/5754/5754 5753/5753/5753 5756/5756/5756 
f 5756/5756/5756 5757/5757/5757 5754/5754/5754 
f 5756/5756/5756 5758/5758/5758 5757/5757/5757 
f 5759/5759/5759 5760/5760/5760 5761/5761/5761 
f 5760/5760/5760 5759/5759/5759 5762/5762/5762 
f 5763/5763/5763 5764/5764/5764 5765/5765/5765 
f 5764/5764/5764 5763/5763/5763 5766/5766/5766 
f 5766/5766/5766 5767/5767/5767 5764/5764/5764 
f 5767/5767/5767 5766/5766/5766 5768/5768/5768 
f 5769/5769/5769 5770/5770/5770 5771/5771/5771 
f 5770/5770/5770 5772/5772/5772 5771/5771/5771 
f 5773/5773/5773 5774/5774/5774 5775/5775/5775 
f 5774/5774/5774 5773/5773/5773 5776/5776/5776 
f 5777/5777/5777 5775/5775/5775 5774/5774/5774 
f 5778/5778/5778 5776/5776/5776 5773/5773/5773 
f 5776/5776/5776 5778/5778/5778 5779/5779/5779 
f 5780/5780/5780 5778/5778/5778 5773/5773/5773 
f 5778/5778/5778 5780/5780/5780 5781/5781/5781 
f 5773/5773/5773 5782/5782/5782 5780/5780/5780 
f 5782/5782/5782 5773/5773/5773 5775/5775/5775 
f 5775/5775/5775 5783/5783/5783 5782/5782/5782 
f 5775/5775/5775 5777/5777/5777 5784/5784/5784 
f 5783/5783/5783 5775/5775/5775 5784/5784/5784 
f 5784/5784/5784 5777/5777/5777 5785/5785/5785 
f 5785/5785/5785 5783/5783/5783 5784/5784/5784 
f 5786/5786/5786 5785/5785/5785 5777/5777/5777 
f 5785/5785/5785 5787/5787/5787 5783/5783/5783 
f 5785/5785/5785 5786/5786/5786 5788/5788/5788 
f 5788/5788/5788 5787/5787/5787 5785/5785/5785 
f 5789/5789/5789 5788/5788/5788 5786/5786/5786 
f 5788/5788/5788 5790/5790/5790 5787/5787/5787 
f 5791/5791/5791 5792/5792/5792 5793/5793/5793 
f 5794/5794/5794 5793/5793/5793 5795/5795/5795 
f 5793/5793/5793 5794/5794/5794 5791/5791/5791 
f 5796/5796/5796 5791/5791/5791 5794/5794/5794 
f 5791/5791/5791 5796/5796/5796 5797/5797/5797 
f 5792/5792/5792 5791/5791/5791 5798/5798/5798 
f 5797/5797/5797 5798/5798/5798 5791/5791/5791 
f 5798/5798/5798 5799/5799/5799 5792/5792/5792 
f 5798/5798/5798 5797/5797/5797 5800/5800/5800 
f 5799/5799/5799 5798/5798/5798 5801/5801/5801 
f 5800/5800/5800 5801/5801/5801 5798/5798/5798 
f 5801/5801/5801 5802/5802/5802 5799/5799/5799 
f 5801/5801/5801 5800/5800/5800 5803/5803/5803 
f 5802/5802/5802 5801/5801/5801 5804/5804/5804 
f 5803/5803/5803 5804/5804/5804 5801/5801/5801 
f 5804/5804/5804 5803/5803/5803 5805/5805/5805 
f 5806/5806/5806 5807/5807/5807 5808/5808/5808 
f 5809/5809/5809 5808/5808/5808 5807/5807/5807 
f 5807/5807/5807 5806/5806/5806 5810/5810/5810 
f 5811/5811/5811 5810/5810/5810 5806/5806/5806 
f 5810/5810/5810 5811/5811/5811 5812/5812/5812 
f 5806/5806/5806 5813/5813/5813 5811/5811/5811 
f 5813/5813/5813 5806/5806/5806 5814/5814/5814 
f 5808/5808/5808 5814/5814/5814 5806/5806/5806 
f 5814/5814/5814 5808/5808/5808 5815/5815/5815 
f 5808/5808/5808 5809/5809/5809 5816/5816/5816 
f 5816/5816/5816 5815/5815/5815 5808/5808/5808 
f 5817/5817/5817 5816/5816/5816 5809/5809/5809 
f 5815/5815/5815 5816/5816/5816 5818/5818/5818 
f 5816/5816/5816 5817/5817/5817 5819/5819/5819 
f 5819/5819/5819 5818/5818/5818 5816/5816/5816 
f 5818/5818/5818 5819/5819/5819 5820/5820/5820 
f 5821/5821/5821 5822/5822/5822 5823/5823/5823 
f 5822/5822/5822 5821/5821/5821 5824/5824/5824 
f 5825/5825/5825 5823/5823/5823 5822/5822/5822 
f 5826/5826/5826 5824/5824/5824 5821/5821/5821 
f 5824/5824/5824 5826/5826/5826 5827/5827/5827 
f 5821/5821/5821 5828/5828/5828 5826/5826/5826 
f 5821/5821/5821 5829/5829/5829 5828/5828/5828 
f 5823/5823/5823 5829/5829/5829 5821/5821/5821 
f 5823/5823/5823 5830/5830/5830 5829/5829/5829 
f 5831/5831/5831 5830/5830/5830 5823/5823/5823 
f 5823/5823/5823 5825/5825/5825 5831/5831/5831 
f 5831/5831/5831 5832/5832/5832 5830/5830/5830 
f 5831/5831/5831 5825/5825/5825 5833/5833/5833 
f 5833/5833/5833 5832/5832/5832 5831/5831/5831 
f 5834/5834/5834 5833/5833/5833 5825/5825/5825 
f 5833/5833/5833 5835/5835/5835 5832/5832/5832 
f 5836/5836/5836 5837/5837/5837 5838/5838/5838 
f 5837/5837/5837 5836/5836/5836 5839/5839/5839 
f 5840/5840/5840 5838/5838/5838 5837/5837/5837 
f 5840/5840/5840 5837/5837/5837 5841/5841/5841 
f 5842/5842/5842 5843/5843/5843 5844/5844/5844 
f 5844/5844/5844 5845/5845/5845 5842/5842/5842 
f 5846/5846/5846 5847/5847/5847 5848/5848/5848 
f 5847/5847/5847 5846/5846/5846 5849/5849/5849 
f 5850/5850/5850 5851/5851/5851 5852/5852/5852 
f 5853/5853/5853 5851/5851/5851 5850/5850/5850 
f 5854/5854/5854 5852/5852/5852 5851/5851/5851 
f 5851/5851/5851 5855/5855/5855 5854/5854/5854 
f 5856/5856/5856 5857/5857/5857 5858/5858/5858 
f 5857/5857/5857 5859/5859/5859 5858/5858/5858 
f 5858/5858/5858 5860/5860/5860 5856/5856/5856 
f 5860/5860/5860 5858/5858/5858 5861/5861/5861 
f 5862/5862/5862 5863/5863/5863 5864/5864/5864 
f 5863/5863/5863 5862/5862/5862 5865/5865/5865 
f 5866/5866/5866 5862/5862/5862 5864/5864/5864 
f 5862/5862/5862 5866/5866/5866 5867/5867/5867 
f 5868/5868/5868 5867/5867/5867 5869/5869/5869 
f 5867/5867/5867 5868/5868/5868 5870/5870/5870 
f 5868/5868/5868 5871/5871/5871 5870/5870/5870 
f 5871/5871/5871 5868/5868/5868 5872/5872/5872 

g Player13

v 1.04014 101.939 -0.320482 
v 1.03453 102.135 -0.331834 
v 1.06676 102.134 -0.36701 
v 1.07238 101.938 -0.355659 
v 1.10461 101.937 -0.390835 
v 1.099 102.133 -0.402187 
v 1.99595 102.157 -0.438728 
v 1.96629 101.958 -0.457342 
v 1.96063 102.154 -0.46869 
v 2.00159 101.961 -0.427378 
v 2.03127 102.159 -0.408766 
v 2.03689 101.964 -0.397414 
v 2.10259 102.016 0.47024 
v 2.09698 102.212 0.458888 
v 2.07226 102.017 0.504118 
v 2.06663 102.213 0.492767 
v 2.07226 102.017 0.504118 
v 2.06663 102.213 0.492767 
v 2.04192 102.018 0.537996 
v 2.03628 102.214 0.526647 
v 1.14292 101.994 0.575847 
v 1.1373 102.19 0.564495 
v 1.10585 101.992 0.547171 
v 1.10023 102.188 0.53582 
v 1.17437 102.193 0.593171 
v 1.14292 101.994 0.575847 
v 1.17999 101.997 0.604523 
v 1.1373 102.19 0.564495 
v 2.07226 102.017 0.504118 
v 2.04192 102.018 0.537996 
v 2.03832 101.973 0.477662 
v 2.03832 101.973 0.477662 
v 2.10259 102.016 0.47024 
v 2.07226 102.017 0.504118 
v 2.00159 101.961 -0.427378 
v 1.97264 101.921 -0.389994 
v 1.96629 101.958 -0.457342 
v 2.03689 101.964 -0.397414 
v 1.17639 101.952 0.544182 
v 1.17999 101.997 0.604523 
v 1.14292 101.994 0.575847 
v 1.14292 101.994 0.575847 
v 1.10585 101.992 0.547171 
v 1.17639 101.952 0.544182 
v 1.07238 101.938 -0.355659 
v 1.11073 101.9 -0.323475 
v 1.04014 101.939 -0.320482 
v 1.10461 101.937 -0.390835 
v 1.07299 101.966 0.113345 
v 1.10023 102.188 0.53582 
v 1.06738 102.161 0.101993 
v 1.10585 101.992 0.547171 
v 1.04014 101.939 -0.320482 
v 1.03453 102.135 -0.331834 
v 1.52982 102.144 -0.435439 
v 1.10461 101.937 -0.390835 
v 1.099 102.133 -0.402187 
v 1.53545 101.948 -0.424088 
v 1.96063 102.154 -0.46869 
v 1.96629 101.958 -0.457342 
v 2.03628 102.214 0.526647 
v 1.61096 102.007 0.571259 
v 2.04192 102.018 0.537996 
v 1.60533 102.203 0.559909 
v 1.17999 101.997 0.604523 
v 1.17437 102.193 0.593171 
v 2.10259 102.016 0.47024 
v 2.06974 101.99 0.036413 
v 2.06412 102.186 0.0250613 
v 2.09698 102.212 0.458888 
v 2.03127 102.159 -0.408766 
v 2.03689 101.964 -0.397414 
v 2.06663 102.213 0.492767 
v 2.09698 102.212 0.458888 
v 2.03037 102.251 0.461568 
v 2.03037 102.251 0.461568 
v 2.03628 102.214 0.526647 
v 2.06663 102.213 0.492767 
v 1.96063 102.154 -0.46869 
v 1.9644 102.199 -0.406066 
v 1.99595 102.157 -0.438728 
v 2.03127 102.159 -0.408766 
v 1.1685 102.23 0.528089 
v 1.10023 102.188 0.53582 
v 1.1373 102.19 0.564495 
v 1.17437 102.193 0.593171 
v 1.1685 102.23 0.528089 
v 1.1373 102.19 0.564495 
v 1.03453 102.135 -0.331834 
v 1.10275 102.178 -0.339561 
v 1.06676 102.134 -0.36701 
v 1.10275 102.178 -0.339561 
v 1.099 102.133 -0.402187 
v 2.03832 101.973 0.477662 
v 1.61096 102.007 0.571259 
v 1.60735 101.963 0.510922 
v 2.04192 102.018 0.537996 
v 1.17999 101.997 0.604523 
v 1.17639 101.952 0.544182 
v 1.53545 101.948 -0.424088 
v 1.11073 101.9 -0.323475 
v 1.10461 101.937 -0.390835 
v 1.54169 101.911 -0.356735 
v 1.96629 101.958 -0.457342 
v 1.97264 101.921 -0.389994 
v 2.06974 101.99 0.036413 
v 2.10259 102.016 0.47024 
v 2.00548 101.947 0.0438342 
v 2.03832 101.973 0.477662 
v 1.97264 101.921 -0.389994 
v 2.03689 101.964 -0.397414 
v 1.07299 101.966 0.113345 
v 1.17639 101.952 0.544182 
v 1.10585 101.992 0.547171 
v 1.14356 101.926 0.110353 
v 1.04014 101.939 -0.320482 
v 1.11073 101.9 -0.323475 
v 1.59943 102.241 0.494828 
v 2.03628 102.214 0.526647 
v 2.03037 102.251 0.461568 
v 1.60533 102.203 0.559909 
v 1.1685 102.23 0.528089 
v 1.17437 102.193 0.593171 
v 1.10275 102.178 -0.339561 
v 1.52982 102.144 -0.435439 
v 1.099 102.133 -0.402187 
v 1.53357 102.188 -0.372813 
v 1.96063 102.154 -0.46869 
v 1.9644 102.199 -0.406066 
v 2.06412 102.186 0.0250613 
v 2.03037 102.251 0.461568 
v 2.09698 102.212 0.458888 
v 1.99739 102.225 0.0277509 
v 2.03127 102.159 -0.408766 
v 1.9644 102.199 -0.406066 
v 1.06738 102.161 0.101993 
v 1.10023 102.188 0.53582 
v 1.13562 102.204 0.094264 
v 1.1685 102.23 0.528089 
v 1.10275 102.178 -0.339561 
v 1.03453 102.135 -0.331834 
v 1.99739 102.225 0.0277509 
v 1.86587 102.26 0.314268 
v 2.03037 102.251 0.461568 
v 1.84486 102.243 0.0367624 
v 1.82384 102.226 -0.240743 
v 1.9644 102.199 -0.406066 
v 1.26922 102.213 -0.197936 
v 1.53357 102.188 -0.372813 
v 1.10275 102.178 -0.339561 
v 1.54653 102.219 -0.21934 
v 1.82384 102.226 -0.240743 
v 1.9644 102.199 -0.406066 
v 1.29024 102.229 0.0795694 
v 1.13562 102.204 0.094264 
v 1.31125 102.246 0.357075 
v 1.1685 102.23 0.528089 
v 1.26922 102.213 -0.197936 
v 1.10275 102.178 -0.339561 
v 1.59943 102.241 0.494828 
v 1.86587 102.26 0.314268 
v 1.58856 102.253 0.335672 
v 2.03037 102.251 0.461568 
v 1.31125 102.246 0.357075 
v 1.1685 102.23 0.528089 
v 1.57602 101.937 0.0758296 
v 1.54169 101.911 -0.356735 
v 1.97264 101.921 -0.389994 
v 1.11073 101.9 -0.323475 
v 2.00548 101.947 0.0438342 
v 2.03832 101.973 0.477662 
v 1.57602 101.937 0.0758296 
v 1.97264 101.921 -0.389994 
v 1.17639 101.952 0.544182 
v 1.57602 101.937 0.0758296 
v 1.60735 101.963 0.510922 
v 2.03832 101.973 0.477662 
v 1.14356 101.926 0.110353 
v 1.11073 101.9 -0.323475 
v 1.31125 102.246 0.357075 
v 1.56751 102.236 0.0575865 
v 1.29024 102.229 0.0795694 
v 1.26922 102.213 -0.197936 
v 1.56751 102.236 0.0575865 
v 1.54653 102.219 -0.21934 
v 1.26922 102.213 -0.197936 
v 1.82384 102.226 -0.240743 
v 1.84486 102.243 0.0367624 
v 1.82384 102.226 -0.240743 
v 1.56751 102.236 0.0575865 
v 1.86587 102.26 0.314268 
v 1.58856 102.253 0.335672 
v 1.31125 102.246 0.357075 

vn -0.740157 -0.0629921 -0.677165 
vn -0.740157 -0.0629921 -0.677165 
vn -0.740157 -0.0629921 -0.677165 
vn -0.740157 -0.0629921 -0.677165 
vn -0.740157 -0.0629921 -0.677165 
vn -0.740157 -0.0629921 -0.677165 
vn 0.645669 -0.023622 -0.76378 
vn 0.645669 -0.023622 -0.76378 
vn 0.645669 -0.023622 -0.76378 
vn 0.645669 -0.023622 -0.76378 
vn 0.645669 -0.023622 -0.76378 
vn 0.645669 -0.023622 -0.76378 
vn 0.748031 0.0629921 0.661417 
vn 0.748031 0.0629921 0.661417 
vn 0.748031 0.0629921 0.661417 
vn 0.748031 0.0629921 0.661417 
vn 0.748031 0.0629921 0.661417 
vn 0.748031 0.0629921 0.661417 
vn 0.748031 0.0629921 0.661417 
vn 0.748031 0.0629921 0.661417 
vn -0.614173 0.0314961 0.787402 
vn -0.614173 0.0314961 0.787402 
vn -0.614173 0.0314961 0.787402 
vn -0.614173 0.0314961 0.787402 
vn -0.614173 0.0314961 0.787402 
vn -0.614173 0.0314961 0.787402 
vn -0.614173 0.0314961 0.787402 
vn -0.614173 0.0314961 0.787402 
vn 0.519685 -0.700787 0.488189 
vn 0.519685 -0.700787 0.488189 
vn 0.519685 -0.700787 0.488189 
vn 0.519685 -0.700787 0.488189 
vn 0.519685 -0.700787 0.488189 
vn 0.519685 -0.700787 0.488189 
vn 0.448819 -0.76378 -0.464567 
vn 0.448819 -0.76378 -0.464567 
vn 0.448819 -0.76378 -0.464567 
vn 0.448819 -0.76378 -0.464567 
vn -0.385827 -0.732283 0.566929 
vn -0.385827 -0.732283 0.566929 
vn -0.385827 -0.732283 0.566929 
vn -0.385827 -0.732283 0.566929 
vn -0.385827 -0.732283 0.566929 
vn -0.385827 -0.732283 0.566929 
vn -0.456693 -0.795276 -0.393701 
vn -0.456693 -0.795276 -0.393701 
vn -0.456693 -0.795276 -0.393701 
vn -0.456693 -0.795276 -0.393701 
vn -1 -0.023622 0.0787402 
vn -1 -0.023622 0.0787402 
vn -1 -0.023622 0.0787402 
vn -1 -0.023622 0.0787402 
vn -1 -0.023622 0.0787402 
vn -1 -0.023622 0.0787402 
vn -0.0787402 -0.0629921 -0.992126 
vn -0.0787402 -0.0629921 -0.992126 
vn -0.0787402 -0.0629921 -0.992126 
vn -0.0787402 -0.0629921 -0.992126 
vn -0.0787402 -0.0629921 -0.992126 
vn -0.0787402 -0.0629921 -0.992126 
vn 0.0787402 0.0629921 0.992126 
vn 0.0787402 0.0629921 0.992126 
vn 0.0787402 0.0629921 0.992126 
vn 0.0787402 0.0629921 0.992126 
vn 0.0787402 0.0629921 0.992126 
vn 0.0787402 0.0629921 0.992126 
vn 1 0.023622 -0.0787402 
vn 1 0.023622 -0.0787402 
vn 1 0.023622 -0.0787402 
vn 1 0.023622 -0.0787402 
vn 1 0.023622 -0.0787402 
vn 1 0.023622 -0.0787402 
vn 0.480315 0.779528 0.401575 
vn 0.480315 0.779528 0.401575 
vn 0.480315 0.779528 0.401575 
vn 0.480315 0.779528 0.401575 
vn 0.480315 0.779528 0.401575 
vn 0.480315 0.779528 0.401575 
vn 0.409449 0.732283 -0.551181 
vn 0.409449 0.732283 -0.551181 
vn 0.409449 0.732283 -0.551181 
vn 0.409449 0.732283 -0.551181 
vn -0.425197 0.771654 0.480315 
vn -0.425197 0.771654 0.480315 
vn -0.425197 0.771654 0.480315 
vn -0.425197 0.771654 0.480315 
vn -0.425197 0.771654 0.480315 
vn -0.425197 0.771654 0.480315 
vn -0.503937 0.716535 -0.480315 
vn -0.503937 0.716535 -0.480315 
vn -0.503937 0.716535 -0.480315 
vn -0.503937 0.716535 -0.480315 
vn -0.503937 0.716535 -0.480315 
vn 0.0629921 -0.80315 0.590551 
vn 0.0629921 -0.80315 0.590551 
vn 0.0629921 -0.80315 0.590551 
vn 0.0629921 -0.80315 0.590551 
vn 0.0629921 -0.80315 0.590551 
vn 0.0629921 -0.80315 0.590551 
vn -0.015748 -0.874016 -0.480315 
vn -0.015748 -0.874016 -0.480315 
vn -0.015748 -0.874016 -0.480315 
vn -0.015748 -0.874016 -0.480315 
vn -0.015748 -0.874016 -0.480315 
vn -0.015748 -0.874016 -0.480315 
vn 0.551181 -0.834646 0.00787402 
vn 0.551181 -0.834646 0.00787402 
vn 0.551181 -0.834646 0.00787402 
vn 0.551181 -0.834646 0.00787402 
vn 0.551181 -0.834646 0.00787402 
vn 0.551181 -0.834646 0.00787402 
vn -0.480315 -0.874016 0.0866142 
vn -0.480315 -0.874016 0.0866142 
vn -0.480315 -0.874016 0.0866142 
vn -0.480315 -0.874016 0.0866142 
vn -0.480315 -0.874016 0.0866142 
vn -0.480315 -0.874016 0.0866142 
vn 0.015748 0.866142 0.496063 
vn 0.015748 0.866142 0.496063 
vn 0.015748 0.866142 0.496063 
vn 0.015748 0.866142 0.496063 
vn 0.015748 0.866142 0.496063 
vn 0.015748 0.866142 0.496063 
vn -0.0629921 0.811024 -0.574803 
vn -0.0629921 0.811024 -0.574803 
vn -0.0629921 0.811024 -0.574803 
vn -0.0629921 0.811024 -0.574803 
vn -0.0629921 0.811024 -0.574803 
vn -0.0629921 0.811024 -0.574803 
vn 0.503937 0.858268 -0.0866142 
vn 0.503937 0.858268 -0.0866142 
vn 0.503937 0.858268 -0.0866142 
vn 0.503937 0.858268 -0.0866142 
vn 0.503937 0.858268 -0.0866142 
vn 0.503937 0.858268 -0.0866142 
vn -0.527559 0.850394 -0.00787402 
vn -0.527559 0.850394 -0.00787402 
vn -0.527559 0.850394 -0.00787402 
vn -0.527559 0.850394 -0.00787402 
vn -0.527559 0.850394 -0.00787402 
vn -0.527559 0.850394 -0.00787402 
vn 0.110236 0.992126 -0.0708661 
vn 0.110236 0.992126 -0.0708661 
vn 0.110236 0.992126 -0.0708661 
vn 0.110236 0.992126 -0.0708661 
vn 0.110236 0.992126 -0.0708661 
vn 0.110236 0.992126 -0.0708661 
vn -0.0393701 0.976378 -0.19685 
vn -0.0393701 0.976378 -0.19685 
vn -0.0393701 0.976378 -0.19685 
vn -0.0393701 0.976378 -0.19685 
vn -0.0393701 0.976378 -0.19685 
vn -0.0393701 0.976378 -0.19685 
vn -0.165354 0.984252 -0.0472441 
vn -0.165354 0.984252 -0.0472441 
vn -0.165354 0.984252 -0.0472441 
vn -0.165354 0.984252 -0.0472441 
vn -0.165354 0.984252 -0.0472441 
vn -0.165354 0.984252 -0.0472441 
vn -0.015748 1 0.0787402 
vn -0.015748 1 0.0787402 
vn -0.015748 1 0.0787402 
vn -0.015748 1 0.0787402 
vn -0.015748 1 0.0787402 
vn -0.015748 1 0.0787402 
vn 0.0314961 -1 0.0551181 
vn 0.0314961 -1 0.0551181 
vn 0.0314961 -1 0.0551181 
vn 0.0314961 -1 0.0551181 
vn 0.0314961 -1 0.0551181 
vn 0.0314961 -1 0.0551181 
vn 0.0314961 -1 0.0551181 
vn 0.0314961 -1 0.0551181 
vn 0.0314961 -1 0.0551181 
vn 0.0314961 -1 0.0551181 
vn 0.0314961 -1 0.0551181 
vn 0.0314961 -1 0.0551181 
vn 0.0314961 -1 0.0551181 
vn 0.0314961 -1 0.0551181 
vn -0.023622 1 -0.0551181 
vn -0.023622 1 -0.0551181 
vn -0.023622 1 -0.0551181 
vn -0.023622 1 -0.0551181 
vn -0.0314961 1 -0.0551181 
vn -0.0314961 1 -0.0551181 
vn -0.0314961 1 -0.0551181 
vn -0.0314961 1 -0.0551181 
vn -0.0314961 1 -0.0551181 
vn -0.0314961 1 -0.0551181 
vn -0.0314961 1 -0.0551181 
vn -0.0314961 1 -0.0551181 
vn -0.0314961 1 -0.0551181 
vn -0.0314961 1 -0.0551181 

vt 0.855535 0.591994 
vt 0.855535 0.613573 
vt 0.853741 0.613573 
vt 0.853741 0.591994 
vt 0.851907 0.591994 
vt 0.851907 0.613573 
vt 0.783777 0.613573 
vt 0.785693 0.591994 
vt 0.785693 0.613573 
vt 0.783829 0.591994 
vt 0.782028 0.613573 
vt 0.782028 0.591994 
vt 0.715789 0.591994 
vt 0.715789 0.613573 
vt 0.714063 0.591994 
vt 0.714063 0.613573 
vt 0.783736 0.556213 
vt 0.783736 0.577835 
vt 0.782084 0.556213 
vt 0.782084 0.577835 
vt 0.923514 0.591994 
vt 0.923514 0.613573 
vt 0.921829 0.591994 
vt 0.921829 0.613573 
vt 0.71579 0.577835 
vt 0.714149 0.556213 
vt 0.71579 0.556213 
vt 0.714108 0.577835 
vt 0.783736 0.556213 
vt 0.782084 0.556213 
vt 0.783736 0.553226 
vt 0.714063 0.588715 
vt 0.715789 0.591994 
vt 0.714063 0.591994 
vt 0.783829 0.591994 
vt 0.783829 0.588715 
vt 0.785693 0.591994 
vt 0.782028 0.591994 
vt 0.714245 0.553226 
vt 0.71579 0.556213 
vt 0.714149 0.556213 
vt 0.923514 0.591994 
vt 0.921829 0.591994 
vt 0.923514 0.588715 
vt 0.853741 0.591994 
vt 0.853741 0.588715 
vt 0.855535 0.591994 
vt 0.851907 0.591994 
vt 0.888682 0.591994 
vt 0.921829 0.613573 
vt 0.888682 0.613573 
vt 0.921829 0.591994 
vt 0.855535 0.591994 
vt 0.855535 0.613573 
vt 0.8188 0.613573 
vt 0.851907 0.591994 
vt 0.851907 0.613573 
vt 0.8188 0.591994 
vt 0.785693 0.613573 
vt 0.785693 0.591994 
vt 0.782084 0.577835 
vt 0.748937 0.556213 
vt 0.782084 0.556213 
vt 0.748937 0.577835 
vt 0.71579 0.556213 
vt 0.71579 0.577835 
vt 0.715789 0.591994 
vt 0.748908 0.591994 
vt 0.748908 0.613573 
vt 0.715789 0.613573 
vt 0.782028 0.613573 
vt 0.782028 0.591994 
vt 0.714063 0.613573 
vt 0.715789 0.613573 
vt 0.714063 0.616258 
vt 0.783736 0.580972 
vt 0.782084 0.577835 
vt 0.783736 0.577835 
vt 0.785693 0.613573 
vt 0.783829 0.616156 
vt 0.783777 0.613573 
vt 0.782028 0.613573 
vt 0.923514 0.616258 
vt 0.921829 0.613573 
vt 0.923514 0.613573 
vt 0.71579 0.577835 
vt 0.714096 0.580972 
vt 0.714108 0.577835 
vt 0.855535 0.613573 
vt 0.853741 0.616156 
vt 0.853741 0.613573 
vt 0.853741 0.616156 
vt 0.851907 0.613573 
vt 0.783736 0.553226 
vt 0.748937 0.556213 
vt 0.748991 0.553226 
vt 0.782084 0.556213 
vt 0.71579 0.556213 
vt 0.714245 0.553226 
vt 0.8188 0.591994 
vt 0.853741 0.588715 
vt 0.851907 0.591994 
vt 0.818785 0.588715 
vt 0.785693 0.591994 
vt 0.783829 0.588715 
vt 0.748908 0.591994 
vt 0.715789 0.591994 
vt 0.748946 0.588715 
vt 0.714063 0.588715 
vt 0.783829 0.588715 
vt 0.782028 0.591994 
vt 0.888682 0.591994 
vt 0.923514 0.588715 
vt 0.921829 0.591994 
vt 0.888628 0.588715 
vt 0.855535 0.591994 
vt 0.853741 0.588715 
vt 0.748916 0.580972 
vt 0.782084 0.577835 
vt 0.783736 0.580972 
vt 0.748937 0.577835 
vt 0.714096 0.580972 
vt 0.71579 0.577835 
vt 0.853741 0.616156 
vt 0.8188 0.613573 
vt 0.851907 0.613573 
vt 0.818785 0.616156 
vt 0.785693 0.613573 
vt 0.783829 0.616156 
vt 0.748908 0.613573 
vt 0.714063 0.616258 
vt 0.715789 0.613573 
vt 0.748946 0.616207 
vt 0.782028 0.613573 
vt 0.783829 0.616156 
vt 0.888682 0.613573 
vt 0.921829 0.613573 
vt 0.888628 0.616207 
vt 0.923514 0.616258 
vt 0.853741 0.616156 
vt 0.855535 0.613573 
vt 0.88898 0.552806 
vt 0.894712 0.570701 
vt 0.888983 0.580611 
vt 0.894712 0.552701 
vt 0.894712 0.534701 
vt 0.888977 0.525001 
vt 0.917535 0.534715 
vt 0.906196 0.525001 
vt 0.923416 0.525001 
vt 0.906124 0.534708 
vt 0.894712 0.534701 
vt 0.888977 0.525001 
vt 0.917535 0.55271 
vt 0.923414 0.552806 
vt 0.917535 0.570705 
vt 0.923413 0.580611 
vt 0.917535 0.534715 
vt 0.923416 0.525001 
vt 0.906198 0.580611 
vt 0.894712 0.570701 
vt 0.906124 0.570703 
vt 0.888983 0.580611 
vt 0.917535 0.570705 
vt 0.923413 0.580611 
vt 0.962411 0.560067 
vt 0.962785 0.616258 
vt 0.928092 0.616258 
vt 0.997479 0.616258 
vt 0.928092 0.560207 
vt 0.928092 0.504156 
vt 0.962411 0.560067 
vt 0.928092 0.616258 
vt 0.997483 0.504156 
vt 0.962411 0.560067 
vt 0.962787 0.504156 
vt 0.928092 0.504156 
vt 0.997481 0.560207 
vt 0.997479 0.616258 
vt 0.917535 0.570705 
vt 0.906326 0.552588 
vt 0.917535 0.55271 
vt 0.917535 0.534715 
vt 0.906326 0.552588 
vt 0.906124 0.534708 
vt 0.917535 0.534715 
vt 0.894712 0.534701 
vt 0.894712 0.552701 
vt 0.894712 0.534701 
vt 0.906326 0.552588 
vt 0.894712 0.570701 
vt 0.906124 0.570703 
vt 0.917535 0.570705 

usemtl Player1Mtl

f 5873/5873/5873 5874/5874/5874 5875/5875/5875 
f 5875/5875/5875 5876/5876/5876 5873/5873/5873 
f 5875/5875/5875 5877/5877/5877 5876/5876/5876 
f 5878/5878/5878 5877/5877/5877 5875/5875/5875 
f 5879/5879/5879 5880/5880/5880 5881/5881/5881 
f 5880/5880/5880 5879/5879/5879 5882/5882/5882 
f 5883/5883/5883 5882/5882/5882 5879/5879/5879 
f 5882/5882/5882 5883/5883/5883 5884/5884/5884 
f 5885/5885/5885 5886/5886/5886 5887/5887/5887 
f 5887/5887/5887 5886/5886/5886 5888/5888/5888 
f 5889/5889/5889 5890/5890/5890 5891/5891/5891 
f 5891/5891/5891 5890/5890/5890 5892/5892/5892 
f 5893/5893/5893 5894/5894/5894 5895/5895/5895 
f 5895/5895/5895 5894/5894/5894 5896/5896/5896 
f 5897/5897/5897 5898/5898/5898 5899/5899/5899 
f 5898/5898/5898 5897/5897/5897 5900/5900/5900 
f 5901/5901/5901 5902/5902/5902 5903/5903/5903 
f 5904/5904/5904 5905/5905/5905 5906/5906/5906 
f 5907/5907/5907 5908/5908/5908 5909/5909/5909 
f 5910/5910/5910 5908/5908/5908 5907/5907/5907 
f 5911/5911/5911 5912/5912/5912 5913/5913/5913 
f 5914/5914/5914 5915/5915/5915 5916/5916/5916 
f 5917/5917/5917 5918/5918/5918 5919/5919/5919 
f 5920/5920/5920 5918/5918/5918 5917/5917/5917 
f 5921/5921/5921 5922/5922/5922 5923/5923/5923 
f 5922/5922/5922 5921/5921/5921 5924/5924/5924 
f 5923/5923/5923 5925/5925/5925 5921/5921/5921 
f 5925/5925/5925 5923/5923/5923 5926/5926/5926 
f 5927/5927/5927 5928/5928/5928 5929/5929/5929 
f 5928/5928/5928 5927/5927/5927 5930/5930/5930 
f 5927/5927/5927 5931/5931/5931 5930/5930/5930 
f 5932/5932/5932 5930/5930/5930 5931/5931/5931 
f 5933/5933/5933 5934/5934/5934 5935/5935/5935 
f 5934/5934/5934 5933/5933/5933 5936/5936/5936 
f 5937/5937/5937 5934/5934/5934 5936/5936/5936 
f 5937/5937/5937 5936/5936/5936 5938/5938/5938 
f 5939/5939/5939 5940/5940/5940 5941/5941/5941 
f 5941/5941/5941 5942/5942/5942 5939/5939/5939 
f 5943/5943/5943 5941/5941/5941 5940/5940/5940 
f 5940/5940/5940 5944/5944/5944 5943/5943/5943 
f 5945/5945/5945 5946/5946/5946 5947/5947/5947 
f 5948/5948/5948 5949/5949/5949 5950/5950/5950 
f 5951/5951/5951 5952/5952/5952 5953/5953/5953 
f 5953/5953/5953 5952/5952/5952 5954/5954/5954 
f 5955/5955/5955 5956/5956/5956 5957/5957/5957 
f 5958/5958/5958 5959/5959/5959 5960/5960/5960 
f 5961/5961/5961 5962/5962/5962 5963/5963/5963 
f 5963/5963/5963 5964/5964/5964 5965/5965/5965 
f 5966/5966/5966 5967/5967/5967 5968/5968/5968 
f 5967/5967/5967 5966/5966/5966 5969/5969/5969 
f 5970/5970/5970 5968/5968/5968 5967/5967/5967 
f 5968/5968/5968 5970/5970/5970 5971/5971/5971 
f 5972/5972/5972 5973/5973/5973 5974/5974/5974 
f 5973/5973/5973 5972/5972/5972 5975/5975/5975 
f 5972/5972/5972 5976/5976/5976 5975/5975/5975 
f 5977/5977/5977 5975/5975/5975 5976/5976/5976 
f 5978/5978/5978 5979/5979/5979 5980/5980/5980 
f 5980/5980/5980 5979/5979/5979 5981/5981/5981 
f 5982/5982/5982 5978/5978/5978 5980/5980/5980 
f 5978/5978/5978 5982/5982/5982 5983/5983/5983 
f 5984/5984/5984 5985/5985/5985 5986/5986/5986 
f 5985/5985/5985 5984/5984/5984 5987/5987/5987 
f 5988/5988/5988 5987/5987/5987 5984/5984/5984 
f 5987/5987/5987 5988/5988/5988 5989/5989/5989 
f 5990/5990/5990 5991/5991/5991 5992/5992/5992 
f 5991/5991/5991 5990/5990/5990 5993/5993/5993 
f 5994/5994/5994 5993/5993/5993 5990/5990/5990 
f 5993/5993/5993 5994/5994/5994 5995/5995/5995 
f 5996/5996/5996 5997/5997/5997 5998/5998/5998 
f 5997/5997/5997 5996/5996/5996 5999/5999/5999 
f 6000/6000/6000 5997/5997/5997 5999/5999/5999 
f 6000/6000/6000 5999/5999/5999 6001/6001/6001 
f 6002/6002/6002 6003/6003/6003 6004/6004/6004 
f 6003/6003/6003 6002/6002/6002 6005/6005/6005 
f 6006/6006/6006 6005/6005/6005 6002/6002/6002 
f 6005/6005/6005 6006/6006/6006 6007/6007/6007 
f 6008/6008/6008 6009/6009/6009 6010/6010/6010 
f 6010/6010/6010 6009/6009/6009 6011/6011/6011 
f 6012/6012/6012 6008/6008/6008 6010/6010/6010 
f 6008/6008/6008 6012/6012/6012 6013/6013/6013 
f 6014/6014/6014 6015/6015/6015 6016/6016/6016 
f 6015/6015/6015 6014/6014/6014 6017/6017/6017 
f 6014/6014/6014 6018/6018/6018 6017/6017/6017 
f 6018/6018/6018 6014/6014/6014 6019/6019/6019 
f 6020/6020/6020 6021/6021/6021 6022/6022/6022 
f 6021/6021/6021 6020/6020/6020 6023/6023/6023 
f 6024/6024/6024 6021/6021/6021 6023/6023/6023 
f 6021/6021/6021 6024/6024/6024 6025/6025/6025 
f 6026/6026/6026 6027/6027/6027 6028/6028/6028 
f 6027/6027/6027 6029/6029/6029 6028/6028/6028 
f 6030/6030/6030 6027/6027/6027 6026/6026/6026 
f 6031/6031/6031 6027/6027/6027 6030/6030/6030 
f 6032/6032/6032 6033/6033/6033 6034/6034/6034 
f 6033/6033/6033 6032/6032/6032 6035/6035/6035 
f 6036/6036/6036 6032/6032/6032 6034/6034/6034 
f 6032/6032/6032 6036/6036/6036 6037/6037/6037 
f 6038/6038/6038 6039/6039/6039 6040/6040/6040 
f 6038/6038/6038 6041/6041/6041 6039/6039/6039 
f 6042/6042/6042 6043/6043/6043 6044/6044/6044 
f 6045/6045/6045 6042/6042/6042 6044/6044/6044 
f 6046/6046/6046 6047/6047/6047 6048/6048/6048 
f 6047/6047/6047 6049/6049/6049 6048/6048/6048 
f 6046/6046/6046 6050/6050/6050 6047/6047/6047 
f 6050/6050/6050 6051/6051/6051 6047/6047/6047 
f 6052/6052/6052 6053/6053/6053 6054/6054/6054 
f 6053/6053/6053 6055/6055/6055 6054/6054/6054 
f 6056/6056/6056 6057/6057/6057 6058/6058/6058 
f 6056/6056/6056 6059/6059/6059 6057/6057/6057 
f 6060/6060/6060 6061/6061/6061 6062/6062/6062 
f 6063/6063/6063 6060/6060/6060 6062/6062/6062 
f 6063/6063/6063 6062/6062/6062 6064/6064/6064 
f 6062/6062/6062 6065/6065/6065 6064/6064/6064 

g Player14

v -1.05268 102.179 -0.393853 
v -1.06689 101.983 -0.390717 
v -1.09158 102.181 -0.421396 
v -1.1058 101.986 -0.41826 
v -1.1447 101.988 -0.445803 
v -1.13048 102.184 -0.448939 
v -2.01236 102.25 -0.293066 
v -1.99857 102.052 -0.326798 
v -2.02659 102.054 -0.289928 
v -1.98432 102.248 -0.329939 
v -2.0404 102.253 -0.256193 
v -2.05461 102.057 -0.253058 
v -1.9197 102.258 0.607096 
v -1.93391 102.062 0.610231 
v -1.89715 102.06 0.636911 
v -1.88291 102.256 0.633772 
v -1.88291 102.256 0.633772 
v -1.89715 102.06 0.636911 
v -1.86037 102.058 0.663589 
v -1.84612 102.253 0.660449 
v -0.946197 101.988 0.472572 
v -0.962002 102.187 0.505424 
v -0.976218 101.991 0.50856 
v -0.931981 102.184 0.469436 
v -0.992023 102.189 0.541412 
v -1.00624 101.994 0.544548 
v -0.976218 101.991 0.50856 
v -0.962002 102.187 0.505424 
v -1.89715 102.06 0.636911 
v -1.87203 102.016 0.601848 
v -1.86037 102.058 0.663589 
v -1.87203 102.016 0.601848 
v -1.89715 102.06 0.636911 
v -1.93391 102.062 0.610231 
v -2.02659 102.054 -0.289928 
v -1.99857 102.052 -0.326798 
v -1.99276 102.011 -0.261437 
v -2.05461 102.057 -0.253058 
v -1.0179 101.953 0.482807 
v -0.976218 101.991 0.50856 
v -1.00624 101.994 0.544548 
v -0.976218 101.991 0.50856 
v -1.0179 101.953 0.482807 
v -0.946197 101.988 0.472572 
v -1.1058 101.986 -0.41826 
v -1.06689 101.983 -0.390717 
v -1.13865 101.948 -0.380476 
v -1.1447 101.988 -0.445803 
v -0.99233 102.181 0.0377918 
v -0.931981 102.184 0.469436 
v -1.00655 101.986 0.0409276 
v -0.946197 101.988 0.472572 
v -1.06689 101.983 -0.390717 
v -1.05268 102.179 -0.393853 
v -1.5574 102.216 -0.389439 
v -1.1447 101.988 -0.445803 
v -1.57164 102.02 -0.3863 
v -1.13048 102.184 -0.448939 
v -1.98432 102.248 -0.329939 
v -1.99857 102.052 -0.326798 
v -1.4333 102.026 0.604068 
v -1.84612 102.253 0.660449 
v -1.86037 102.058 0.663589 
v -1.41907 102.221 0.60093 
v -1.00624 101.994 0.544548 
v -0.992023 102.189 0.541412 
v -1.93391 102.062 0.610231 
v -1.98005 102.255 0.175451 
v -1.99426 102.06 0.178587 
v -1.9197 102.258 0.607096 
v -2.0404 102.253 -0.256193 
v -2.05461 102.057 -0.253058 
v -1.88291 102.256 0.633772 
v -1.85189 102.294 0.597403 
v -1.9197 102.258 0.607096 
v -1.85189 102.294 0.597403 
v -1.88291 102.256 0.633772 
v -1.84612 102.253 0.660449 
v -1.98432 102.248 -0.329939 
v -2.01236 102.25 -0.293066 
v -1.97233 102.289 -0.265922 
v -2.0404 102.253 -0.256193 
v -0.997827 102.23 0.478372 
v -0.962002 102.187 0.505424 
v -0.931981 102.184 0.469436 
v -0.992023 102.189 0.541412 
v -0.962002 102.187 0.505424 
v -0.997827 102.23 0.478372 
v -1.05268 102.179 -0.393853 
v -1.09158 102.181 -0.421396 
v -1.11847 102.225 -0.384924 
v -1.13048 102.184 -0.448939 
v -1.11847 102.225 -0.384924 
v -1.4333 102.026 0.604068 
v -1.87203 102.016 0.601848 
v -1.44497 101.984 0.542327 
v -1.86037 102.058 0.663589 
v -1.00624 101.994 0.544548 
v -1.0179 101.953 0.482807 
v -1.57164 102.02 -0.3863 
v -1.13865 101.948 -0.380476 
v -1.5657 101.979 -0.320956 
v -1.1447 101.988 -0.445803 
v -1.99857 102.052 -0.326798 
v -1.99276 102.011 -0.261437 
v -1.93239 102.014 0.170205 
v -1.93391 102.062 0.610231 
v -1.99426 102.06 0.178587 
v -1.87203 102.016 0.601848 
v -1.99276 102.011 -0.261437 
v -2.05461 102.057 -0.253058 
v -1.00655 101.986 0.0409276 
v -1.0179 101.953 0.482807 
v -1.07828 101.95 0.0511655 
v -0.946197 101.988 0.472572 
v -1.06689 101.983 -0.390717 
v -1.13865 101.948 -0.380476 
v -1.42486 102.262 0.537888 
v -1.85189 102.294 0.597403 
v -1.84612 102.253 0.660449 
v -1.41907 102.221 0.60093 
v -0.997827 102.23 0.478372 
v -0.992023 102.189 0.541412 
v -1.5574 102.216 -0.389439 
v -1.11847 102.225 -0.384924 
v -1.13048 102.184 -0.448939 
v -1.5454 102.257 -0.325423 
v -1.98432 102.248 -0.329939 
v -1.97233 102.289 -0.265922 
v -1.98005 102.255 0.175451 
v -1.85189 102.294 0.597403 
v -1.91211 102.291 0.165741 
v -1.9197 102.258 0.607096 
v -2.0404 102.253 -0.256193 
v -1.97233 102.289 -0.265922 
v -1.05815 102.227 0.0467241 
v -0.931981 102.184 0.469436 
v -0.99233 102.181 0.0377918 
v -0.997827 102.23 0.478372 
v -1.11847 102.225 -0.384924 
v -1.05268 102.179 -0.393853 
v -1.91211 102.291 0.165741 
v -1.72171 102.303 0.419102 
v -1.76031 102.302 0.142992 
v -1.85189 102.294 0.597403 
v -1.79891 102.3 -0.133118 
v -1.97233 102.289 -0.265922 
v -1.5454 102.257 -0.325423 
v -1.24932 102.259 -0.209716 
v -1.11847 102.225 -0.384924 
v -1.52411 102.28 -0.171417 
v -1.79891 102.3 -0.133118 
v -1.97233 102.289 -0.265922 
v -1.21071 102.261 0.0663942 
v -1.17211 102.262 0.342504 
v -1.05815 102.227 0.0467241 
v -0.997827 102.23 0.478372 
v -1.24932 102.259 -0.209716 
v -1.11847 102.225 -0.384924 
v -1.72171 102.303 0.419102 
v -1.42486 102.262 0.537888 
v -1.44691 102.283 0.380803 
v -1.85189 102.294 0.597403 
v -1.17211 102.262 0.342504 
v -0.997827 102.23 0.478372 
v -1.50707 101.982 0.109766 
v -1.99276 102.011 -0.261437 
v -1.5657 101.979 -0.320956 
v -1.13865 101.948 -0.380476 
v -1.93239 102.014 0.170205 
v -1.50707 101.982 0.109766 
v -1.87203 102.016 0.601848 
v -1.99276 102.011 -0.261437 
v -1.0179 101.953 0.482807 
v -1.44497 101.984 0.542327 
v -1.50707 101.982 0.109766 
v -1.87203 102.016 0.601848 
v -1.07828 101.95 0.0511655 
v -1.13865 101.948 -0.380476 
v -1.17211 102.262 0.342504 
v -1.21071 102.261 0.0663942 
v -1.48561 102.281 0.104103 
v -1.24932 102.259 -0.209716 
v -1.48561 102.281 0.104103 
v -1.24932 102.259 -0.209716 
v -1.52411 102.28 -0.171417 
v -1.79891 102.3 -0.133118 
v -1.76031 102.302 0.142992 
v -1.48561 102.281 0.104103 
v -1.79891 102.3 -0.133118 
v -1.72171 102.303 0.419102 
v -1.44691 102.283 0.380803 
v -1.17211 102.262 0.342504 

vn 0.574803 -0.0551181 -0.818898 
vn 0.574803 -0.0551181 -0.818898 
vn 0.574803 -0.0551181 -0.818898 
vn 0.574803 -0.0551181 -0.818898 
vn 0.574803 -0.0551181 -0.818898 
vn 0.574803 -0.0551181 -0.818898 
vn -0.795276 0.0472441 -0.606299 
vn -0.795276 0.0472441 -0.606299 
vn -0.795276 0.0472441 -0.606299 
vn -0.795276 0.0472441 -0.606299 
vn -0.795276 0.0472441 -0.606299 
vn -0.795276 0.0472441 -0.606299 
vn -0.582677 0.0551181 0.811024 
vn -0.582677 0.0551181 0.811024 
vn -0.582677 0.0551181 0.811024 
vn -0.582677 0.0551181 0.811024 
vn -0.582677 0.0551181 0.811024 
vn -0.582677 0.0551181 0.811024 
vn -0.582677 0.0551181 0.811024 
vn -0.582677 0.0551181 0.811024 
vn 0.76378 -0.0472441 0.645669 
vn 0.76378 -0.0472441 0.645669 
vn 0.76378 -0.0472441 0.645669 
vn 0.76378 -0.0472441 0.645669 
vn 0.76378 -0.0472441 0.645669 
vn 0.76378 -0.0472441 0.645669 
vn 0.76378 -0.0472441 0.645669 
vn 0.76378 -0.0472441 0.645669 
vn -0.440945 -0.700787 0.551181 
vn -0.440945 -0.700787 0.551181 
vn -0.440945 -0.700787 0.551181 
vn -0.448819 -0.700787 0.551181 
vn -0.448819 -0.700787 0.551181 
vn -0.448819 -0.700787 0.551181 
vn -0.582677 -0.716535 -0.393701 
vn -0.582677 -0.716535 -0.393701 
vn -0.582677 -0.716535 -0.393701 
vn -0.582677 -0.716535 -0.393701 
vn 0.448819 -0.779528 0.433071 
vn 0.448819 -0.779528 0.433071 
vn 0.448819 -0.779528 0.433071 
vn 0.448819 -0.779528 0.433071 
vn 0.448819 -0.779528 0.433071 
vn 0.448819 -0.779528 0.433071 
vn 0.322835 -0.795276 -0.519685 
vn 0.322835 -0.795276 -0.519685 
vn 0.322835 -0.795276 -0.519685 
vn 0.322835 -0.795276 -0.519685 
vn 0.984252 -0.0708661 -0.133858 
vn 0.984252 -0.0708661 -0.133858 
vn 0.984252 -0.0708661 -0.133858 
vn 0.984252 -0.0708661 -0.133858 
vn 0.984252 -0.0708661 -0.133858 
vn 0.984252 -0.0708661 -0.133858 
vn -0.141732 -0.00787402 -0.992126 
vn -0.141732 -0.00787402 -0.992126 
vn -0.141732 -0.00787402 -0.992126 
vn -0.141732 -0.00787402 -0.992126 
vn -0.141732 -0.00787402 -0.992126 
vn -0.141732 -0.00787402 -0.992126 
vn 0.141732 0.00787402 0.992126 
vn 0.141732 0.00787402 0.992126 
vn 0.141732 0.00787402 0.992126 
vn 0.141732 0.00787402 0.992126 
vn 0.141732 0.00787402 0.992126 
vn 0.141732 0.00787402 0.992126 
vn -0.984252 0.0708661 0.133858 
vn -0.984252 0.0708661 0.133858 
vn -0.984252 0.0708661 0.133858 
vn -0.984252 0.0708661 0.133858 
vn -0.984252 0.0708661 0.133858 
vn -0.984252 0.0708661 0.133858 
vn -0.338583 0.779528 0.527559 
vn -0.338583 0.779528 0.527559 
vn -0.338583 0.779528 0.527559 
vn -0.338583 0.779528 0.527559 
vn -0.338583 0.779528 0.527559 
vn -0.338583 0.779528 0.527559 
vn -0.472441 0.779528 -0.417323 
vn -0.472441 0.779528 -0.417323 
vn -0.472441 0.779528 -0.417323 
vn -0.472441 0.779528 -0.417323 
vn 0.559055 0.716535 0.409449 
vn 0.559055 0.716535 0.409449 
vn 0.559055 0.716535 0.409449 
vn 0.559055 0.716535 0.409449 
vn 0.559055 0.716535 0.409449 
vn 0.559055 0.716535 0.409449 
vn 0.433071 0.716535 -0.543307 
vn 0.433071 0.716535 -0.543307 
vn 0.433071 0.716535 -0.543307 
vn 0.433071 0.716535 -0.543307 
vn 0.433071 0.716535 -0.543307 
vn 0.015748 -0.834646 0.551181 
vn 0.015748 -0.834646 0.551181 
vn 0.015748 -0.834646 0.551181 
vn 0.015748 -0.834646 0.551181 
vn 0.015748 -0.834646 0.551181 
vn 0.015748 -0.834646 0.551181 
vn -0.133858 -0.850394 -0.511811 
vn -0.133858 -0.850394 -0.511811 
vn -0.133858 -0.850394 -0.511811 
vn -0.133858 -0.850394 -0.511811 
vn -0.133858 -0.850394 -0.511811 
vn -0.133858 -0.850394 -0.511811 
vn -0.582677 -0.80315 0.0866142 
vn -0.582677 -0.80315 0.0866142 
vn -0.582677 -0.80315 0.0866142 
vn -0.582677 -0.80315 0.0866142 
vn -0.582677 -0.80315 0.0866142 
vn -0.582677 -0.80315 0.0866142 
vn 0.440945 -0.897638 -0.0551181 
vn 0.440945 -0.897638 -0.0551181 
vn 0.440945 -0.897638 -0.0551181 
vn 0.440945 -0.897638 -0.0551181 
vn 0.440945 -0.897638 -0.0551181 
vn 0.440945 -0.897638 -0.0551181 
vn 0.133858 0.84252 0.527559 
vn 0.133858 0.84252 0.527559 
vn 0.133858 0.84252 0.527559 
vn 0.133858 0.84252 0.527559 
vn 0.133858 0.84252 0.527559 
vn 0.133858 0.84252 0.527559 
vn -0.015748 0.84252 -0.543307 
vn -0.015748 0.84252 -0.543307 
vn -0.015748 0.84252 -0.543307 
vn -0.015748 0.84252 -0.543307 
vn -0.015748 0.84252 -0.543307 
vn -0.015748 0.84252 -0.543307 
vn -0.464567 0.88189 0.0629921 
vn -0.464567 0.88189 0.0629921 
vn -0.464567 0.88189 0.0629921 
vn -0.464567 0.88189 0.0629921 
vn -0.456693 0.88189 0.0629921 
vn -0.456693 0.88189 0.0629921 
vn 0.566929 0.818898 -0.0866142 
vn 0.566929 0.818898 -0.0866142 
vn 0.566929 0.818898 -0.0866142 
vn 0.566929 0.818898 -0.0866142 
vn 0.566929 0.818898 -0.0866142 
vn 0.566929 0.818898 -0.0866142 
vn -0.0708661 1 0 
vn -0.0708661 1 0 
vn -0.0708661 1 0 
vn -0.0708661 1 0 
vn -0.0708661 1 0 
vn -0.0708661 1 0 
vn 0.0551181 0.984252 -0.149606 
vn 0.0551181 0.984252 -0.149606 
vn 0.0551181 0.984252 -0.149606 
vn 0.0551181 0.984252 -0.149606 
vn 0.0551181 0.984252 -0.149606 
vn 0.0551181 0.984252 -0.149606 
vn 0.204724 0.976378 -0.0314961 
vn 0.204724 0.976378 -0.0314961 
vn 0.204724 0.976378 -0.0314961 
vn 0.204724 0.976378 -0.0314961 
vn 0.204724 0.976378 -0.0314961 
vn 0.204724 0.976378 -0.0314961 
vn 0.0944882 0.992126 0.11811 
vn 0.0944882 0.992126 0.11811 
vn 0.0944882 0.992126 0.11811 
vn 0.0944882 0.992126 0.11811 
vn 0.0944882 0.992126 0.11811 
vn 0.0944882 0.992126 0.11811 
vn -0.0708661 -1 0.015748 
vn -0.0708661 -1 0.015748 
vn -0.0708661 -1 0.015748 
vn -0.0708661 -1 0.015748 
vn -0.0708661 -1 0.015748 
vn -0.0708661 -1 0.015748 
vn -0.0708661 -1 0.015748 
vn -0.0708661 -1 0.015748 
vn -0.0708661 -1 0.015748 
vn -0.0708661 -1 0.015748 
vn -0.0708661 -1 0.015748 
vn -0.0708661 -1 0.015748 
vn -0.0708661 -1 0.015748 
vn -0.0708661 -1 0.015748 
vn 0.0708661 1 -0.015748 
vn 0.0708661 1 -0.015748 
vn 0.0708661 1 -0.015748 
vn 0.0708661 1 -0.015748 
vn 0.0708661 1 -0.015748 
vn 0.0708661 1 -0.015748 
vn 0.0708661 1 -0.015748 
vn 0.0708661 1 -0.015748 
vn 0.0708661 1 -0.015748 
vn 0.0708661 1 -0.015748 
vn 0.0708661 1 -0.015748 
vn 0.0708661 1 -0.015748 
vn 0.0708661 1 -0.015748 
vn 0.0708661 1 -0.015748 

vt 0.493833 0.613573 
vt 0.493833 0.591994 
vt 0.495627 0.613573 
vt 0.495627 0.591994 
vt 0.497461 0.591994 
vt 0.497461 0.613573 
vt 0.565591 0.613573 
vt 0.563674 0.591994 
vt 0.565539 0.591994 
vt 0.563674 0.613573 
vt 0.56734 0.613573 
vt 0.56734 0.591994 
vt 0.633579 0.613573 
vt 0.633579 0.591994 
vt 0.635305 0.591994 
vt 0.635305 0.613573 
vt 0.425886 0.577835 
vt 0.425886 0.556213 
vt 0.427539 0.556213 
vt 0.427539 0.577835 
vt 0.427539 0.591994 
vt 0.425853 0.613573 
vt 0.425853 0.591994 
vt 0.427539 0.613573 
vt 0.493833 0.577835 
vt 0.493833 0.556213 
vt 0.495473 0.556213 
vt 0.495514 0.577835 
vt 0.425886 0.556213 
vt 0.425886 0.553226 
vt 0.427539 0.556213 
vt 0.635305 0.588715 
vt 0.635305 0.591994 
vt 0.633579 0.591994 
vt 0.565539 0.591994 
vt 0.563674 0.591994 
vt 0.565539 0.588715 
vt 0.56734 0.591994 
vt 0.495377 0.553226 
vt 0.495473 0.556213 
vt 0.493833 0.556213 
vt 0.425853 0.591994 
vt 0.425853 0.588715 
vt 0.427539 0.591994 
vt 0.495627 0.591994 
vt 0.493833 0.591994 
vt 0.495627 0.588715 
vt 0.497461 0.591994 
vt 0.460686 0.613573 
vt 0.427539 0.613573 
vt 0.460686 0.591994 
vt 0.427539 0.591994 
vt 0.493833 0.591994 
vt 0.493833 0.613573 
vt 0.530568 0.613573 
vt 0.497461 0.591994 
vt 0.530568 0.591994 
vt 0.497461 0.613573 
vt 0.563674 0.613573 
vt 0.563674 0.591994 
vt 0.460686 0.556213 
vt 0.427539 0.577835 
vt 0.427539 0.556213 
vt 0.460686 0.577835 
vt 0.493833 0.556213 
vt 0.493833 0.577835 
vt 0.633579 0.591994 
vt 0.600459 0.613573 
vt 0.600459 0.591994 
vt 0.633579 0.613573 
vt 0.56734 0.613573 
vt 0.56734 0.591994 
vt 0.635305 0.613573 
vt 0.635305 0.616258 
vt 0.633579 0.613573 
vt 0.425886 0.580972 
vt 0.425886 0.577835 
vt 0.427539 0.577835 
vt 0.563674 0.613573 
vt 0.565591 0.613573 
vt 0.565539 0.616156 
vt 0.56734 0.613573 
vt 0.425853 0.616258 
vt 0.425853 0.613573 
vt 0.427539 0.613573 
vt 0.493833 0.577835 
vt 0.495514 0.577835 
vt 0.495527 0.580972 
vt 0.493833 0.613573 
vt 0.495627 0.613573 
vt 0.495627 0.616156 
vt 0.497461 0.613573 
vt 0.495627 0.616156 
vt 0.460686 0.556213 
vt 0.425886 0.553226 
vt 0.460632 0.553226 
vt 0.427539 0.556213 
vt 0.493833 0.556213 
vt 0.495377 0.553226 
vt 0.530568 0.591994 
vt 0.495627 0.588715 
vt 0.530583 0.588715 
vt 0.497461 0.591994 
vt 0.563674 0.591994 
vt 0.565539 0.588715 
vt 0.600422 0.588715 
vt 0.633579 0.591994 
vt 0.600459 0.591994 
vt 0.635305 0.588715 
vt 0.565539 0.588715 
vt 0.56734 0.591994 
vt 0.460686 0.591994 
vt 0.425853 0.588715 
vt 0.46074 0.588715 
vt 0.427539 0.591994 
vt 0.493833 0.591994 
vt 0.495627 0.588715 
vt 0.460707 0.580972 
vt 0.425886 0.580972 
vt 0.427539 0.577835 
vt 0.460686 0.577835 
vt 0.495527 0.580972 
vt 0.493833 0.577835 
vt 0.530568 0.613573 
vt 0.495627 0.616156 
vt 0.497461 0.613573 
vt 0.530583 0.616156 
vt 0.563674 0.613573 
vt 0.565539 0.616156 
vt 0.600459 0.613573 
vt 0.635305 0.616258 
vt 0.600422 0.616207 
vt 0.633579 0.613573 
vt 0.56734 0.613573 
vt 0.565539 0.616156 
vt 0.46074 0.616207 
vt 0.427539 0.613573 
vt 0.460686 0.613573 
vt 0.425853 0.616258 
vt 0.495627 0.616156 
vt 0.493833 0.613573 
vt 0.635203 0.552806 
vt 0.629471 0.570701 
vt 0.629471 0.552701 
vt 0.6352 0.580611 
vt 0.629471 0.534701 
vt 0.635206 0.525001 
vt 0.617987 0.525001 
vt 0.606648 0.534715 
vt 0.600767 0.525001 
vt 0.618059 0.534708 
vt 0.629471 0.534701 
vt 0.635206 0.525001 
vt 0.606648 0.55271 
vt 0.606648 0.570705 
vt 0.600769 0.552806 
vt 0.60077 0.580611 
vt 0.606648 0.534715 
vt 0.600767 0.525001 
vt 0.629471 0.570701 
vt 0.617985 0.580611 
vt 0.618059 0.570703 
vt 0.6352 0.580611 
vt 0.606648 0.570705 
vt 0.60077 0.580611 
vt 0.674954 0.560067 
vt 0.709273 0.616258 
vt 0.67458 0.616258 
vt 0.639886 0.616258 
vt 0.709273 0.560207 
vt 0.674954 0.560067 
vt 0.709273 0.504156 
vt 0.709273 0.616258 
vt 0.639882 0.504156 
vt 0.674578 0.504156 
vt 0.674954 0.560067 
vt 0.709273 0.504156 
vt 0.639884 0.560207 
vt 0.639886 0.616258 
vt 0.606648 0.570705 
vt 0.606648 0.55271 
vt 0.617857 0.552588 
vt 0.606648 0.534715 
vt 0.617857 0.552588 
vt 0.606648 0.534715 
vt 0.618059 0.534708 
vt 0.629471 0.534701 
vt 0.629471 0.552701 
vt 0.617857 0.552588 
vt 0.629471 0.534701 
vt 0.629471 0.570701 
vt 0.618059 0.570703 
vt 0.606648 0.570705 

usemtl Player1Mtl

f 6066/6066/6066 6067/6067/6067 6068/6068/6068 
f 6068/6068/6068 6067/6067/6067 6069/6069/6069 
f 6070/6070/6070 6068/6068/6068 6069/6069/6069 
f 6068/6068/6068 6070/6070/6070 6071/6071/6071 
f 6072/6072/6072 6073/6073/6073 6074/6074/6074 
f 6073/6073/6073 6072/6072/6072 6075/6075/6075 
f 6072/6072/6072 6074/6074/6074 6076/6076/6076 
f 6076/6076/6076 6074/6074/6074 6077/6077/6077 
f 6078/6078/6078 6079/6079/6079 6080/6080/6080 
f 6080/6080/6080 6081/6081/6081 6078/6078/6078 
f 6082/6082/6082 6083/6083/6083 6084/6084/6084 
f 6084/6084/6084 6085/6085/6085 6082/6082/6082 
f 6086/6086/6086 6087/6087/6087 6088/6088/6088 
f 6087/6087/6087 6086/6086/6086 6089/6089/6089 
f 6090/6090/6090 6091/6091/6091 6092/6092/6092 
f 6092/6092/6092 6093/6093/6093 6090/6090/6090 
f 6094/6094/6094 6095/6095/6095 6096/6096/6096 
f 6097/6097/6097 6098/6098/6098 6099/6099/6099 
f 6100/6100/6100 6101/6101/6101 6102/6102/6102 
f 6103/6103/6103 6100/6100/6100 6102/6102/6102 
f 6104/6104/6104 6105/6105/6105 6106/6106/6106 
f 6107/6107/6107 6108/6108/6108 6109/6109/6109 
f 6110/6110/6110 6111/6111/6111 6112/6112/6112 
f 6113/6113/6113 6110/6110/6110 6112/6112/6112 
f 6114/6114/6114 6115/6115/6115 6116/6116/6116 
f 6116/6116/6116 6115/6115/6115 6117/6117/6117 
f 6118/6118/6118 6114/6114/6114 6116/6116/6116 
f 6119/6119/6119 6114/6114/6114 6118/6118/6118 
f 6120/6120/6120 6121/6121/6121 6122/6122/6122 
f 6121/6121/6121 6120/6120/6120 6123/6123/6123 
f 6124/6124/6124 6120/6120/6120 6122/6122/6122 
f 6124/6124/6124 6122/6122/6122 6125/6125/6125 
f 6126/6126/6126 6127/6127/6127 6128/6128/6128 
f 6127/6127/6127 6126/6126/6126 6129/6129/6129 
f 6130/6130/6130 6129/6129/6129 6126/6126/6126 
f 6129/6129/6129 6130/6130/6130 6131/6131/6131 
f 6132/6132/6132 6133/6133/6133 6134/6134/6134 
f 6133/6133/6133 6132/6132/6132 6135/6135/6135 
f 6136/6136/6136 6134/6134/6134 6133/6133/6133 
f 6134/6134/6134 6136/6136/6136 6137/6137/6137 
f 6138/6138/6138 6139/6139/6139 6140/6140/6140 
f 6141/6141/6141 6142/6142/6142 6143/6143/6143 
f 6144/6144/6144 6145/6145/6145 6146/6146/6146 
f 6145/6145/6145 6147/6147/6147 6146/6146/6146 
f 6148/6148/6148 6149/6149/6149 6150/6150/6150 
f 6151/6151/6151 6152/6152/6152 6153/6153/6153 
f 6154/6154/6154 6155/6155/6155 6156/6156/6156 
f 6155/6155/6155 6157/6157/6157 6158/6158/6158 
f 6159/6159/6159 6160/6160/6160 6161/6161/6161 
f 6160/6160/6160 6159/6159/6159 6162/6162/6162 
f 6161/6161/6161 6163/6163/6163 6159/6159/6159 
f 6161/6161/6161 6164/6164/6164 6163/6163/6163 
f 6165/6165/6165 6166/6166/6166 6167/6167/6167 
f 6166/6166/6166 6165/6165/6165 6168/6168/6168 
f 6169/6169/6169 6165/6165/6165 6167/6167/6167 
f 6169/6169/6169 6167/6167/6167 6170/6170/6170 
f 6171/6171/6171 6172/6172/6172 6173/6173/6173 
f 6172/6172/6172 6171/6171/6171 6174/6174/6174 
f 6173/6173/6173 6175/6175/6175 6171/6171/6171 
f 6175/6175/6175 6173/6173/6173 6176/6176/6176 
f 6177/6177/6177 6178/6178/6178 6179/6179/6179 
f 6178/6178/6178 6177/6177/6177 6180/6180/6180 
f 6181/6181/6181 6177/6177/6177 6179/6179/6179 
f 6179/6179/6179 6182/6182/6182 6181/6181/6181 
f 6183/6183/6183 6184/6184/6184 6185/6185/6185 
f 6183/6183/6183 6185/6185/6185 6186/6186/6186 
f 6186/6186/6186 6187/6187/6187 6183/6183/6183 
f 6187/6187/6187 6186/6186/6186 6188/6188/6188 
f 6189/6189/6189 6190/6190/6190 6191/6191/6191 
f 6190/6190/6190 6189/6189/6189 6192/6192/6192 
f 6193/6193/6193 6192/6192/6192 6189/6189/6189 
f 6192/6192/6192 6193/6193/6193 6194/6194/6194 
f 6195/6195/6195 6196/6196/6196 6197/6197/6197 
f 6196/6196/6196 6195/6195/6195 6198/6198/6198 
f 6197/6197/6197 6199/6199/6199 6195/6195/6195 
f 6199/6199/6199 6197/6197/6197 6200/6200/6200 
f 6201/6201/6201 6202/6202/6202 6203/6203/6203 
f 6202/6202/6202 6201/6201/6201 6204/6204/6204 
f 6203/6203/6203 6205/6205/6205 6201/6201/6201 
f 6205/6205/6205 6203/6203/6203 6206/6206/6206 
f 6207/6207/6207 6208/6208/6208 6209/6209/6209 
f 6208/6208/6208 6207/6207/6207 6210/6210/6210 
f 6211/6211/6211 6207/6207/6207 6209/6209/6209 
f 6207/6207/6207 6211/6211/6211 6212/6212/6212 
f 6213/6213/6213 6214/6214/6214 6215/6215/6215 
f 6214/6214/6214 6213/6213/6213 6216/6216/6216 
f 6213/6213/6213 6217/6217/6217 6216/6216/6216 
f 6217/6217/6217 6213/6213/6213 6218/6218/6218 
f 6219/6219/6219 6220/6220/6220 6221/6221/6221 
f 6222/6222/6222 6221/6221/6221 6220/6220/6220 
f 6223/6223/6223 6219/6219/6219 6221/6221/6221 
f 6221/6221/6221 6224/6224/6224 6223/6223/6223 
f 6225/6225/6225 6226/6226/6226 6227/6227/6227 
f 6226/6226/6226 6225/6225/6225 6228/6228/6228 
f 6226/6226/6226 6229/6229/6229 6227/6227/6227 
f 6229/6229/6229 6226/6226/6226 6230/6230/6230 
f 6231/6231/6231 6232/6232/6232 6233/6233/6233 
f 6231/6231/6231 6233/6233/6233 6234/6234/6234 
f 6235/6235/6235 6236/6236/6236 6237/6237/6237 
f 6238/6238/6238 6236/6236/6236 6235/6235/6235 
f 6239/6239/6239 6240/6240/6240 6241/6241/6241 
f 6241/6241/6241 6240/6240/6240 6242/6242/6242 
f 6239/6239/6239 6241/6241/6241 6243/6243/6243 
f 6243/6243/6243 6241/6241/6241 6244/6244/6244 
f 6245/6245/6245 6246/6246/6246 6247/6247/6247 
f 6247/6247/6247 6246/6246/6246 6248/6248/6248 
f 6249/6249/6249 6250/6250/6250 6251/6251/6251 
f 6249/6249/6249 6251/6251/6251 6252/6252/6252 
f 6253/6253/6253 6254/6254/6254 6255/6255/6255 
f 6256/6256/6256 6254/6254/6254 6253/6253/6253 
f 6256/6256/6256 6257/6257/6257 6254/6254/6254 
f 6254/6254/6254 6257/6257/6257 6258/6258/6258 

g Player15

v 0.0780993 105.051 0.0159836 
v 0.155898 105.056 -0.274371 
v 0.119311 105.057 -0.281734 
v 0.205139 105.054 -0.256432 
v 0.0731904 105.059 -0.284509 
v 0.250451 105.052 -0.230334 
v 0.0179098 105.06 -0.278413 
v 0.290594 105.05 -0.196633 
v -0.0424372 105.062 -0.259232 
v 0.324251 105.048 -0.156529 
v -0.0999198 105.063 -0.226009 
v 0.35043 105.046 -0.111177 
v -0.146676 105.063 -0.183286 
v 0.36833 105.044 -0.0619663 
v -0.179575 105.063 -0.138416 
v 0.377396 105.043 -0.0104184 
v -0.200218 105.063 -0.0970533 
v 0.377397 105.041 0.0419834 
v -0.212125 105.062 -0.0616614 
v 0.368273 105.04 0.0935412 
v -0.219537 105.062 -0.0250595 
v 0.356415 105.04 0.129019 
v -0.222328 105.061 0.0211076 
v 0.335724 105.039 0.170296 
v -0.216291 105.059 0.0763675 
v 0.302875 105.039 0.215253 
v -0.197131 105.057 0.136739 
v 0.256067 105.04 0.257887 
v -0.163958 105.054 0.194207 
v 0.198584 105.041 0.29111 
v -0.121319 105.052 0.240893 
v 0.13829 105.042 0.310379 
v -0.0764482 105.05 0.273825 
v 0.0829585 105.044 0.316388 
v -0.0351387 105.048 0.294386 
v 0.0368869 105.045 0.313699 
v 0.000249866 105.047 0.306251 
v 0.453916 105.021 -0.160427 
v 0.540221 104.954 -0.203284 
v 0.495508 104.957 -0.280744 
v 0.417695 105.024 -0.223174 
v 0.35043 105.046 -0.111177 
v 0.324251 105.048 -0.156529 
v 0.36833 105.044 -0.0619663 
v 0.478645 105.018 -0.0924236 
v 0.57079 104.951 -0.119265 
v 0.377396 105.043 -0.0104184 
v 0.491216 105.016 -0.0210866 
v 0.586274 104.948 -0.0312597 
v 0.377397 105.041 0.0419834 
v 0.491226 105.015 0.0513923 
v 0.586271 104.946 0.0581958 
v 0.368273 105.04 0.0935412 
v 0.478638 105.013 0.122727 
v 0.356415 105.04 0.129019 
v 0.570714 104.945 0.14625 
v 0.648103 104.847 0.0614509 
v 0.453822 105.012 0.190741 
v 0.335724 105.039 0.170296 
v 0.630574 104.845 0.160688 
v 0.667262 104.731 0.0605792 
v 0.540124 104.943 0.230299 
v 0.417643 105.012 0.25355 
v 0.302875 105.039 0.215253 
v 0.649066 104.729 0.16378 
v 0.648398 104.13 0.0457702 
v 0.596099 104.843 0.255408 
v 0.49544 104.943 0.307835 
v 0.371097 105.012 0.309077 
v 0.256067 105.04 0.257887 
v 0.630201 104.128 0.148971 
v 0.622019 104.016 0.0409741 
v 0.60449 104.014 0.140211 
v 0.61324 104.728 0.262281 
v 0.594375 104.127 0.247472 
v 0.570014 104.013 0.234931 
v 0.545694 104.843 0.342713 
v 0.560848 104.727 0.353044 
v 0.541983 104.126 0.338235 
v 0.51961 104.012 0.322237 
v 0.507917 103.918 0.205017 
v 0.437965 104.943 0.376372 
v 0.480923 104.843 0.419971 
v 0.493489 104.727 0.433298 
v 0.474624 104.126 0.418489 
v 0.315574 105.013 0.355596 
v 0.198584 105.041 0.29111 
v 0.36945 104.944 0.433864 
v 0.252846 105.014 0.391852 
v 0.13829 105.042 0.310379 
v 0.403719 104.844 0.484792 
v 0.292005 104.945 0.478626 
v 0.184833 105.015 0.416733 
v 0.0829585 105.044 0.316388 
v 0.413233 104.728 0.500691 
v 0.316457 104.845 0.535227 
v 0.208002 104.947 0.509286 
v 0.113507 105.017 0.429334 
v 0.0368869 105.045 0.313699 
v 0.0410588 105.019 0.429309 
v 0.000249866 105.047 0.306251 
v 0.119953 104.949 0.524858 
v 0.221768 104.847 0.569757 
v 0.322508 104.73 0.553128 
v -0.0302177 105.022 0.416835 
v -0.0351387 105.048 0.294386 
v 0.0305061 104.952 0.524847 
v 0.122525 104.85 0.587296 
v 0.224067 104.732 0.589018 
v 0.381403 103.868 -0.251664 
v 0.286521 103.846 -0.186146 
v 0.252865 103.848 -0.226251 
v 0.334891 103.871 -0.307077 
v 0.463301 103.932 -0.306027 
v 0.212722 103.85 -0.259952 
v 0.405893 103.935 -0.374417 
v 0.519763 104.028 -0.340954 
v 0.279418 103.874 -0.353617 
v 0.167409 103.853 -0.28605 
v 0.454997 104.032 -0.418133 
v 0.542105 104.143 -0.351252 
v 0.337395 103.939 -0.431898 
v 0.216729 103.876 -0.389755 
v 0.118169 103.855 -0.303989 
v 0.148687 103.879 -0.414487 
v 0.259956 103.942 -0.476591 
v 0.175956 103.946 -0.507105 
v 0.377837 104.036 -0.482841 
v 0.290591 104.04 -0.53318 
v 0.195876 104.044 -0.567657 
v 0.474801 104.147 -0.431468 
v 0.56097 104.744 -0.336443 
v 0.303832 104.156 -0.551145 
v 0.394556 104.152 -0.498779 
v 0.205452 104.16 -0.586852 
v 0.493666 104.748 -0.416659 
v 0.545848 104.859 -0.320477 
v 0.322696 104.756 -0.536336 
v 0.413421 104.752 -0.48397 
v 0.224316 104.76 -0.572043 
v 0.481082 104.863 -0.397656 
v 0.495508 104.957 -0.280744 
v 0.316676 104.871 -0.512703 
v 0.403922 104.867 -0.462364 
v 0.221961 104.875 -0.547181 
v 0.4381 104.961 -0.349134 
v 0.417695 105.024 -0.223174 
v 0.292162 104.968 -0.451308 
v 0.369602 104.964 -0.406615 
v 0.208162 104.971 -0.481823 
v 0.371183 105.026 -0.278588 
v 0.324251 105.048 -0.156529 
v 0.290594 105.05 -0.196633 
v 0.31571 105.029 -0.325128 
v 0.250451 105.052 -0.230334 
v 0.253021 105.032 -0.361265 
v 0.184979 105.035 -0.385998 
v 0.205139 105.054 -0.256432 
v 0.155898 105.056 -0.274371 
v -0.360169 103.888 -0.12038 
v -0.249855 103.861 -0.0912793 
v -0.258928 103.86 -0.0396361 
v -0.372766 103.887 -0.0490399 
v -0.452296 103.957 -0.14399 
v -0.258978 103.859 0.0126803 
v -0.467851 103.955 -0.0559345 
v -0.512159 104.056 -0.158429 
v -0.372796 103.885 0.023348 
v -0.249861 103.857 0.0643135 
v -0.529637 104.055 -0.0591062 
v -0.530597 104.172 -0.161432 
v -0.467856 103.953 0.0335199 
v -0.360227 103.883 0.0946855 
v -0.23196 103.855 0.113525 
v -0.335496 103.88 0.162688 
v -0.452322 103.95 0.121612 
v -0.421802 103.947 0.205544 
v -0.529663 104.052 0.0416735 
v -0.548843 104.17 -0.0583173 
v -0.511732 104.773 -0.146623 
v -0.512192 104.049 0.14088 
v -0.477742 104.046 0.235582 
v -0.377089 103.944 0.283004 
v -0.427383 104.042 0.322823 
v -0.529979 104.771 -0.0435083 
v -0.486074 104.887 -0.137952 
v -0.548843 104.168 0.0464853 
v -0.494858 104.161 0.24809 
v -0.530669 104.165 0.149671 
v -0.442502 104.157 0.338791 
v -0.529979 104.768 0.0612942 
v -0.503553 104.885 -0.0386293 
v -0.420089 104.982 -0.118707 
v -0.475994 104.762 0.262899 
v -0.423637 104.758 0.3536 
v -0.511804 104.765 0.16448 
v -0.435645 104.98 -0.0306519 
v -0.503578 104.883 0.0621504 
v -0.323876 105.044 -0.0918904 
v -0.486107 104.88 0.161357 
v -0.451657 104.876 0.256059 
v -0.401298 104.873 0.343299 
v -0.389596 104.973 0.230826 
v -0.43565 104.978 0.0588025 
v -0.420115 104.976 0.146895 
v -0.336474 105.042 -0.0205501 
v -0.212125 105.062 -0.0616614 
v -0.219537 105.062 -0.0250595 
v -0.336504 105.04 0.0518377 
v -0.222328 105.061 0.0211076 
v -0.323935 105.038 0.123175 
v -0.299204 105.036 0.191178 
v -0.216291 105.059 0.0763675 
v -0.197131 105.057 0.136739 
v -0.262984 105.033 0.253925 
v -0.163958 105.054 0.194207 
v 0.442346 103.857 0.0942376 
v 0.330544 103.839 0.0639233 
v 0.339668 103.84 0.0123655 
v 0.41753 103.857 0.162251 
v 0.312632 103.838 0.113173 
v 0.454934 103.859 0.0229026 
v 0.339667 103.841 -0.0400364 
v 0.538507 103.919 0.120967 
v 0.454924 103.861 -0.0495763 
v 0.330601 103.843 -0.0915842 
v 0.554064 103.921 0.0329132 
v 0.442353 103.863 -0.120913 
v 0.3127 103.844 -0.140795 
v 0.554067 103.923 -0.0565423 
v 0.417624 103.865 -0.188917 
v 0.286521 103.846 -0.186146 
v 0.381403 103.868 -0.251664 
v 0.538584 103.925 -0.144547 
v 0.508014 103.929 -0.228567 
v 0.463301 103.932 -0.306027 
v 0.622036 104.018 -0.0597987 
v 0.604573 104.021 -0.159013 
v 0.570122 104.025 -0.253713 
v 0.519763 104.028 -0.340954 
v 0.594462 104.139 -0.260551 
v 0.542105 104.143 -0.351252 
v 0.630273 104.136 -0.162133 
v 0.648447 104.133 -0.0589465 
v 0.613327 104.74 -0.245742 
v 0.56097 104.744 -0.336443 
v 0.649138 104.737 -0.147324 
v 0.667312 104.733 -0.0441375 
v 0.596207 104.855 -0.233237 
v 0.545848 104.859 -0.320477 
v 0.630658 104.852 -0.138536 
v 0.648121 104.849 -0.0393218 
v -0.258928 103.86 -0.0396361 
v -0.249855 103.861 -0.0912793 
v -0.237947 103.861 -0.126671 
v -0.185388 103.858 -0.0740613 
v -0.258978 103.859 0.0126803 
v -0.217304 103.862 -0.168034 
v -0.192231 103.858 -0.0360552 
v -0.249861 103.857 0.0643135 
v -0.172349 103.859 -0.110336 
v -0.184405 103.862 -0.212904 
v -0.19168 103.856 0.0141815 
v -0.23196 103.855 0.113525 
v -0.120862 103.856 -0.0567609 
v -0.146723 103.859 -0.153542 
v -0.137649 103.861 -0.255626 
v -0.17654 103.854 0.0735299 
v -0.205782 103.853 0.158876 
v -0.126562 103.855 -0.0164148 
v -0.105551 103.856 -0.0945797 
v -0.103905 103.859 -0.19745 
v -0.0801665 103.86 -0.28885 
v -0.143517 103.852 0.130737 
v -0.172125 103.851 0.19898 
v -0.117783 103.853 0.0399155 
v -0.0563848 103.854 -0.0395465 
v -0.0698148 103.856 -0.139013 
v -0.0466651 103.858 -0.230533 
v -0.0198195 103.859 -0.30803 
v 0.0127386 103.856 -0.245707 
v 0.0354611 103.857 -0.314127 
v -0.0131116 103.855 -0.171786 
v -0.0345746 103.854 -0.080085 
v -0.0577594 103.852 0.00649338 
v 0.0629467 103.855 -0.246332 
v 0.0815814 103.856 -0.311352 
v 0.0432098 103.854 -0.18056 
v 0.0202933 103.853 -0.111797 
v 0.00813155 103.851 -0.0222426 
v 0.100863 103.854 -0.239508 
v 0.118169 103.855 -0.303989 
v 0.167409 103.853 -0.28605 
v 0.0835977 103.852 -0.174934 
v 0.137183 103.852 -0.226449 
v 0.212722 103.85 -0.259952 
v 0.066284 103.851 -0.110446 
v 0.121373 103.851 -0.159716 
v 0.180396 103.85 -0.20087 
v 0.252865 103.848 -0.226251 
v 0.0490272 103.85 -0.0458793 
v 0.106826 103.85 -0.0886335 
v 0.16575 103.849 -0.12396 
v 0.224199 103.848 -0.158088 
v 0.286521 103.846 -0.186146 
v 0.257221 103.845 -0.100881 
v 0.3127 103.844 -0.140795 
v 0.198473 103.846 -0.0672715 
v 0.138499 103.847 -0.033764 
v 0.0726084 103.849 -0.00502809 
v 0.272419 103.843 -0.0414516 
v 0.330601 103.843 -0.0915842 
v 0.207252 103.845 -0.0109413 
v 0.137075 103.846 0.01219 
v 0.115265 103.846 0.0527285 
v 0.27297 103.842 0.00878506 
v 0.339667 103.841 -0.0400364 
v 0.201601 103.844 0.0294908 
v 0.186292 103.843 0.0673107 
v 0.150504 103.843 0.111657 
v 0.266077 103.841 0.0467036 
v 0.339668 103.84 0.0123655 
v 0.312632 103.838 0.113173 
v 0.330544 103.839 0.0639233 
v 0.286436 103.838 0.158555 
v 0.25304 103.841 0.0829793 
v 0.252751 103.838 0.198683 
v 0.227462 103.841 0.126272 
v 0.212628 103.838 0.232377 
v 0.184595 103.841 0.170094 
v 0.167265 103.839 0.258596 
v 0.127355 103.842 0.203177 
v 0.118049 103.84 0.276538 
v 0.0938011 103.844 0.14443 
v 0.0680005 103.843 0.218437 
v 0.0664801 103.842 0.285685 
v 0.060397 103.847 0.0844409 
v 0.0375311 103.846 0.153291 
v 0.0177437 103.845 0.218975 
v 0.0141054 103.843 0.285714 
v 0.0317127 103.849 0.0186087 
v 0.0144064 103.848 0.0830898 
v -0.0260863 103.85 0.0613628 
v -0.00285857 103.847 0.147664 
v -0.0406831 103.849 0.13236 
v -0.08506 103.851 0.0966041 
v -0.0996566 103.85 0.1736 
v -0.132033 103.849 0.232596 
v -0.0564436 103.848 0.199179 
v -0.0866695 103.847 0.258779 
v -0.020174 103.846 0.21215 
v -0.0374794 103.845 0.276633 
v 0.148687 103.879 -0.414487 
v 0.118169 103.855 -0.303989 
v 0.0815814 103.856 -0.311352 
v 0.0773607 103.882 -0.427047 
v 0.175956 103.946 -0.507105 
v 0.0354611 103.857 -0.314127 
v 0.0879126 103.949 -0.522585 
v 0.195876 104.044 -0.567657 
v 0.00496092 103.884 -0.426986 
v -0.0198195 103.859 -0.30803 
v 0.0966538 104.048 -0.585103 
v 0.205452 104.16 -0.586852 
v -0.00148452 103.952 -0.52251 
v -0.066365 103.886 -0.414386 
v -0.0801665 103.86 -0.28885 
v 0.102281 104.163 -0.605016 
v 0.224316 104.76 -0.572043 
v -0.00410901 104.051 -0.585037 
v -0.0895335 103.954 -0.506938 
v -0.134427 103.888 -0.38959 
v -0.137649 103.861 -0.255626 
v 0.121146 104.764 -0.590207 
v 0.221961 104.875 -0.547181 
v -0.00246838 104.167 -0.604955 
v -0.103352 104.054 -0.567497 
v -0.173536 103.956 -0.476276 
v -0.197156 103.889 -0.353335 
v -0.184405 103.862 -0.212904 
v -0.252628 103.889 -0.30673 
v -0.217304 103.862 -0.168034 
v -0.250981 103.957 -0.431515 
v -0.198042 104.056 -0.532968 
v -0.105648 104.169 -0.586756 
v -0.299175 103.889 -0.251202 
v -0.237947 103.861 -0.126671 
v -0.319497 103.958 -0.374025 
v -0.285303 104.057 -0.482532 
v -0.204089 104.172 -0.550867 
v -0.335402 103.889 -0.188479 
v -0.249855 103.861 -0.0912793 
v -0.360169 103.888 -0.12038 
v -0.376971 103.958 -0.305487 
v -0.421705 103.958 -0.228038 
v -0.452296 103.957 -0.14399 
v -0.362507 104.058 -0.417712 
v -0.427278 104.058 -0.340455 
v -0.477683 104.058 -0.253149 
v -0.512159 104.056 -0.158429 
v -0.294814 104.173 -0.49843 
v -0.37507 104.174 -0.431037 
v -0.44238 104.174 -0.350696 
v -0.494771 104.174 -0.259933 
v -0.530597 104.172 -0.161432 
v -0.475907 104.774 -0.245124 
v -0.511732 104.773 -0.146623 
v -0.423515 104.775 -0.335887 
v -0.356205 104.775 -0.416228 
v -0.275949 104.774 -0.483621 
v -0.451598 104.888 -0.232672 
v -0.486074 104.887 -0.137952 
v -0.401193 104.889 -0.319978 
v -0.336422 104.889 -0.397235 
v -0.259219 104.888 -0.462056 
v -0.389498 104.983 -0.202755 
v -0.420089 104.982 -0.118707 
v -0.344765 104.984 -0.280204 
v -0.28729 104.984 -0.348742 
v -0.218774 104.983 -0.406232 
v -0.29911 105.045 -0.15999 
v -0.323876 105.044 -0.0918904 
v -0.200218 105.063 -0.0970533 
v -0.212125 105.062 -0.0616614 
v -0.179575 105.063 -0.138416 
v -0.262883 105.045 -0.222713 
v -0.146676 105.063 -0.183286 
v -0.216336 105.045 -0.27824 
v -0.0999198 105.063 -0.226009 
v -0.160863 105.044 -0.324845 
v -0.0424372 105.062 -0.259232 
v -0.0981351 105.043 -0.361101 
v 0.0179098 105.06 -0.278413 
v -0.141329 104.982 -0.450994 
v -0.0300729 105.042 -0.385896 
v 0.0731904 105.059 -0.284509 
v -0.171957 104.886 -0.512491 
v -0.0573269 104.98 -0.481656 
v 0.041253 105.04 -0.398497 
v 0.119311 105.057 -0.281734 
v -0.185224 104.772 -0.536058 
v -0.0772677 104.884 -0.54702 
v -0.0867838 104.77 -0.571947 
v 0.0307221 104.977 -0.497227 
v 0.0219758 104.882 -0.56456 
v 0.0163963 104.767 -0.590146 
v 0.122739 104.878 -0.564626 
v 0.208162 104.971 -0.481823 
v 0.120119 104.975 -0.497303 
v 0.184979 105.035 -0.385998 
v 0.113653 105.037 -0.398558 
v 0.155898 105.056 -0.274371 
v -0.0982693 105.025 0.392107 
v -0.0764482 105.05 0.273825 
v -0.0575377 104.955 0.509366 
v 0.0217626 104.853 0.587362 
v 0.120937 104.735 0.607303 
v -0.160998 105.027 0.355879 
v -0.121319 105.052 0.240893 
v -0.141536 104.959 0.478852 
v -0.0774606 104.857 0.569917 
v 0.0161874 104.738 0.607364 
v -0.216472 105.03 0.309339 
v -0.163958 105.054 0.194207 
v -0.262984 105.033 0.253925 
v -0.218978 104.962 0.434158 
v -0.287425 104.966 0.376764 
v -0.197131 105.057 0.136739 
v -0.299204 105.036 0.191178 
v -0.344882 104.969 0.308286 
v -0.389596 104.973 0.230826 
v -0.401298 104.873 0.343299 
v -0.172125 104.861 0.535525 
v -0.259379 104.865 0.485193 
v -0.336531 104.869 0.420478 
v -0.0869823 104.741 0.589199 
v -0.185413 104.745 0.553407 
v -0.276088 104.75 0.501126 
v -0.356332 104.754 0.433816 
v -0.423637 104.758 0.3536 
v -0.375196 104.153 0.419007 
v -0.442502 104.157 0.338791 
v -0.294952 104.149 0.486318 
v -0.204278 104.145 0.538598 
v -0.105847 104.141 0.57439 
v -0.362616 104.038 0.400001 
v -0.427383 104.042 0.322823 
v -0.285464 104.034 0.464716 
v -0.19821 104.03 0.515048 
v -0.103545 104.026 0.54944 
v -0.319631 103.94 0.351482 
v -0.377089 103.944 0.283004 
v -0.251184 103.937 0.408875 
v -0.173743 103.933 0.45357 
v -0.0897444 103.93 0.484083 
v -0.00170055 103.927 0.499564 
v -0.19729 103.872 0.327389 
v -0.134561 103.869 0.363618 
v -0.0665098 103.866 0.388345 
v -0.0866695 103.847 0.258779 
v -0.0374794 103.845 0.276633 
v -0.132033 103.849 0.232596 
v 0.0141054 103.843 0.285714 
v -0.252764 103.875 0.280849 
v -0.172125 103.851 0.19898 
v -0.299276 103.878 0.225435 
v -0.421802 103.947 0.205544 
v -0.205782 103.853 0.158876 
v -0.335496 103.88 0.162688 
v -0.23196 103.855 0.113525 
v 0.00476674 103.864 0.400819 
v 0.0664801 103.842 0.285685 
v 0.0772153 103.861 0.400844 
v 0.118049 103.84 0.276538 
v 0.148541 103.859 0.388243 
v 0.167265 103.839 0.258596 
v 0.0877462 103.924 0.499575 
v -0.00432217 104.023 0.566885 
v 0.216554 103.858 0.363362 
v 0.212628 103.838 0.232377 
v 0.175795 103.921 0.484003 
v 0.0964407 104.019 0.566819 
v -0.00267728 104.137 0.592555 
v 0.102072 104.134 0.592494 
v 0.195683 104.017 0.54928 
v 0.205203 104.131 0.574209 
v 0.259798 103.92 0.453343 
v 0.290373 104.015 0.51475 
v 0.303644 104.129 0.538319 
v 0.279282 103.857 0.327107 
v 0.252751 103.838 0.198683 
v 0.337244 103.918 0.408581 
v 0.334804 103.856 0.280587 
v 0.286436 103.838 0.158555 
v 0.377634 104.013 0.464315 
v 0.405759 103.917 0.35109 
v 0.381351 103.856 0.22506 
v 0.463233 103.917 0.282552 
v 0.454838 104.012 0.399494 
v 0.394369 104.127 0.485882 

vn 0.0314961 1 0.023622 
vn 0.0314961 1 0.023622 
vn 0.0314961 1 0.023622 
vn 0.0314961 1 0.023622 
vn 0.0314961 1 0.023622 
vn 0.0314961 1 0.023622 
vn 0.0314961 1 0.023622 
vn 0.0314961 1 0.023622 
vn 0.0314961 1 0.023622 
vn 0.0314961 1 0.023622 
vn 0.0314961 1 0.023622 
vn 0.0314961 1 0.023622 
vn 0.0314961 1 0.023622 
vn 0.0314961 1 0.023622 
vn 0.0314961 1 0.023622 
vn 0.0314961 1 0.023622 
vn 0.0314961 1 0.023622 
vn 0.0314961 1 0.023622 
vn 0.0314961 1 0.023622 
vn 0.0314961 1 0.023622 
vn 0.0314961 1 0.023622 
vn 0.0314961 1 0.023622 
vn 0.0314961 1 0.023622 
vn 0.0314961 1 0.023622 
vn 0.0314961 1 0.023622 
vn 0.0314961 1 0.023622 
vn 0.0314961 1 0.023622 
vn 0.0314961 1 0.023622 
vn 0.0314961 1 0.023622 
vn 0.0314961 1 0.023622 
vn 0.0314961 1 0.023622 
vn 0.0314961 1 0.023622 
vn 0.0314961 1 0.023622 
vn 0.0314961 1 0.023622 
vn 0.0314961 1 0.023622 
vn 0.0314961 1 0.023622 
vn 0.0314961 1 0.023622 
vn 0.370079 0.913386 -0.141732 
vn 0.661417 0.692913 -0.275591 
vn 0.598425 0.700787 -0.385827 
vn 0.338583 0.92126 -0.19685 
vn 0.0314961 1 0.023622 
vn 0.0314961 1 0.023622 
vn 0.0314961 1 0.023622 
vn 0.401575 0.913386 -0.0708661 
vn 0.700787 0.692913 -0.165354 
vn 0.0314961 1 0.023622 
vn 0.409449 0.913386 -0.00787402 
vn 0.724409 0.685039 -0.0393701 
vn 0.0314961 1 0.023622 
vn 0.409449 0.905512 0.0551181 
vn 0.724409 0.685039 0.0787402 
vn 0.0314961 1 0.023622 
vn 0.393701 0.913386 0.11811 
vn 0.0314961 1 0.023622 
vn 0.708661 0.677165 0.19685 
vn 0.929134 0.354331 0.0866142 
vn 0.377953 0.905512 0.188976 
vn 0.0314961 1 0.023622 
vn 0.905512 0.354331 0.244094 
vn 0.992126 -0.0314961 0.0866142 
vn 0.661417 0.677165 0.314961 
vn 0.346457 0.905512 0.244094 
vn 0.0314961 1 0.023622 
vn 0.968504 -0.0393701 0.259843 
vn 0.992126 -0.0314961 0.0866142 
vn 0.850394 0.346457 0.401575 
vn 0.598425 0.677165 0.417323 
vn 0.299213 0.905512 0.291339 
vn 0.0314961 1 0.023622 
vn 0.968504 -0.0393701 0.259843 
vn 0.905512 -0.417323 0.0708661 
vn 0.88189 -0.417323 0.228346 
vn 0.905512 -0.0393701 0.417323 
vn 0.905512 -0.0393701 0.417323 
vn 0.818898 -0.425197 0.377953 
vn 0.771654 0.346457 0.535433 
vn 0.818898 -0.0393701 0.566929 
vn 0.818898 -0.0393701 0.566929 
vn 0.748031 -0.425197 0.511811 
vn 0.622047 -0.732283 0.283465 
vn 0.519685 0.677165 0.519685 
vn 0.661417 0.346457 0.661417 
vn 0.708661 -0.0393701 0.708661 
vn 0.708661 -0.0393701 0.708661 
vn 0.244094 0.913386 0.338583 
vn 0.0314961 1 0.023622 
vn 0.425197 0.685039 0.590551 
vn 0.188976 0.913386 0.370079 
vn 0.0314961 1 0.023622 
vn 0.543307 0.346457 0.76378 
vn 0.314961 0.685039 0.653543 
vn 0.125984 0.913386 0.393701 
vn 0.0314961 1 0.023622 
vn 0.574803 -0.0393701 0.818898 
vn 0.401575 0.354331 0.84252 
vn 0.204724 0.685039 0.700787 
vn 0.0551181 0.913386 0.409449 
vn 0.0314961 1 0.023622 
vn -0.00787402 0.913386 0.409449 
vn 0.0314961 1 0.023622 
vn 0.0787402 0.692913 0.716535 
vn 0.251969 0.354331 0.897638 
vn 0.425197 -0.0393701 0.905512 
vn -0.0708661 0.92126 0.393701 
vn 0.0314961 1 0.023622 
vn -0.0393701 0.692913 0.724409 
vn 0.0866142 0.362205 0.929134 
vn 0.259843 -0.0314961 0.968504 
vn 0.283465 -0.929134 -0.23622 
vn -0.0314961 -1 -0.023622 
vn -0.0314961 -1 -0.023622 
vn 0.244094 -0.92126 -0.299213 
vn 0.551181 -0.716535 -0.425197 
vn -0.0314961 -1 -0.023622 
vn 0.480315 -0.708661 -0.519685 
vn 0.748031 -0.393701 -0.535433 
vn 0.188976 -0.92126 -0.338583 
vn -0.0314961 -1 -0.023622 
vn 0.637795 -0.393701 -0.661417 
vn 0.818898 -0.00787402 -0.574803 
vn 0.377953 -0.708661 -0.598425 
vn 0.133858 -0.92126 -0.370079 
vn -0.0314961 -1 -0.023622 
vn 0.0708661 -0.92126 -0.393701 
vn 0.275591 -0.700787 -0.661417 
vn 0.165354 -0.692913 -0.700787 
vn 0.511811 -0.385827 -0.76378 
vn 0.377953 -0.377953 -0.84252 
vn 0.228346 -0.370079 -0.897638 
vn 0.708661 -0.00787402 -0.708661 
vn 0.818898 -0.00787402 -0.574803 
vn 0.425197 0.00787402 -0.905512 
vn 0.574803 0 -0.818898 
vn 0.259843 0.015748 -0.968504 
vn 0.708661 -0.00787402 -0.708661 
vn 0.771654 0.377953 -0.519685 
vn 0.425197 0.00787402 -0.905512 
vn 0.574803 0 -0.818898 
vn 0.259843 0.015748 -0.968504 
vn 0.669291 0.377953 -0.637795 
vn 0.598425 0.700787 -0.385827 
vn 0.401575 0.393701 -0.826772 
vn 0.535433 0.385827 -0.748031 
vn 0.251969 0.401575 -0.88189 
vn 0.527559 0.700787 -0.480315 
vn 0.338583 0.92126 -0.19685 
vn 0.322835 0.708661 -0.622047 
vn 0.425197 0.708661 -0.559055 
vn 0.212598 0.716535 -0.661417 
vn 0.299213 0.92126 -0.251969 
vn 0.0314961 1 0.023622 
vn 0.0314961 1 0.023622 
vn 0.244094 0.92126 -0.291339 
vn 0.0314961 1 0.023622 
vn 0.188976 0.929134 -0.322835 
vn 0.125984 0.929134 -0.346457 
vn 0.0314961 1 0.023622 
vn 0.0314961 1 0.023622 
vn -0.393701 -0.913386 -0.11811 
vn -0.0314961 -1 -0.023622 
vn -0.0314961 -1 -0.023622 
vn -0.409449 -0.905512 -0.0551181 
vn -0.700787 -0.685039 -0.19685 
vn -0.0314961 -1 -0.023622 
vn -0.724409 -0.685039 -0.0787402 
vn -0.905512 -0.354331 -0.244094 
vn -0.409449 -0.913386 0.00787402 
vn -0.0314961 -1 -0.023622 
vn -0.929134 -0.354331 -0.0866142 
vn -0.968504 0.0393701 -0.259843 
vn -0.724409 -0.685039 0.0393701 
vn -0.401575 -0.913386 0.0708661 
vn -0.0314961 -1 -0.023622 
vn -0.370079 -0.913386 0.141732 
vn -0.700787 -0.692913 0.165354 
vn -0.661417 -0.692913 0.275591 
vn -0.929134 -0.362205 0.0708661 
vn -0.992126 0.0314961 -0.0866142 
vn -0.968504 0.0393701 -0.259843 
vn -0.905512 -0.362205 0.228346 
vn -0.850394 -0.370079 0.385827 
vn -0.598425 -0.700787 0.385827 
vn -0.771654 -0.377953 0.519685 
vn -0.992126 0.0314961 -0.0866142 
vn -0.88189 0.417323 -0.228346 
vn -0.992126 0.0314961 0.0866142 
vn -0.905512 0.015748 0.425197 
vn -0.968504 0.023622 0.259843 
vn -0.818898 0.00787402 0.574803 
vn -0.992126 0.0314961 0.0866142 
vn -0.905512 0.417323 -0.0708661 
vn -0.653543 0.732283 -0.165354 
vn -0.905512 0.015748 0.425197 
vn -0.818898 0.00787402 0.574803 
vn -0.968504 0.023622 0.259843 
vn -0.685039 0.732283 -0.0472441 
vn -0.905512 0.409449 0.0866142 
vn -0.338583 0.937008 -0.0787402 
vn -0.874016 0.409449 0.251969 
vn -0.826772 0.401575 0.401575 
vn -0.748031 0.393701 0.535433 
vn -0.614173 0.724409 0.314961 
vn -0.677165 0.732283 0.0787402 
vn -0.661417 0.724409 0.204724 
vn -0.354331 0.937008 -0.00787402 
vn 0.0314961 1 0.023622 
vn 0.0314961 1 0.023622 
vn -0.354331 0.937008 0.0551181 
vn 0.0314961 1 0.023622 
vn -0.346457 0.929134 0.11811 
vn -0.314961 0.929134 0.188976 
vn 0.0314961 1 0.023622 
vn 0.0314961 1 0.023622 
vn -0.283465 0.929134 0.23622 
vn 0.0314961 1 0.023622 
vn 0.338583 -0.937008 0.0787402 
vn -0.0314961 -1 -0.023622 
vn -0.0314961 -1 -0.023622 
vn 0.322835 -0.937008 0.141732 
vn -0.0314961 -1 -0.023622 
vn 0.354331 -0.937008 0.00787402 
vn -0.0314961 -1 -0.023622 
vn 0.661417 -0.732283 0.165354 
vn 0.354331 -0.937008 -0.0551181 
vn -0.0314961 -1 -0.023622 
vn 0.685039 -0.732283 0.0472441 
vn 0.346457 -0.929134 -0.11811 
vn -0.0314961 -1 -0.023622 
vn 0.677165 -0.732283 -0.0787402 
vn 0.314961 -0.929134 -0.188976 
vn -0.0314961 -1 -0.023622 
vn 0.283465 -0.929134 -0.23622 
vn 0.661417 -0.724409 -0.204724 
vn 0.614173 -0.724409 -0.314961 
vn 0.551181 -0.716535 -0.425197 
vn 0.905512 -0.409449 -0.0866142 
vn 0.874016 -0.409449 -0.251969 
vn 0.826772 -0.401575 -0.401575 
vn 0.748031 -0.393701 -0.535433 
vn 0.905512 -0.015748 -0.425197 
vn 0.818898 -0.00787402 -0.574803 
vn 0.968504 -0.023622 -0.259843 
vn 0.992126 -0.0314961 -0.0866142 
vn 0.905512 -0.015748 -0.425197 
vn 0.818898 -0.00787402 -0.574803 
vn 0.968504 -0.023622 -0.259843 
vn 0.992126 -0.0314961 -0.0866142 
vn 0.850394 0.370079 -0.385827 
vn 0.771654 0.377953 -0.519685 
vn 0.905512 0.362205 -0.228346 
vn 0.929134 0.362205 -0.0708661 
vn -0.0314961 -1 -0.023622 
vn -0.0314961 -1 -0.023622 
vn -0.0314961 -1 -0.023622 
vn -0.0314961 -1 -0.023622 
vn -0.0314961 -1 -0.023622 
vn -0.0314961 -1 -0.023622 
vn -0.0314961 -1 -0.023622 
vn -0.0314961 -1 -0.023622 
vn -0.0314961 -1 -0.023622 
vn -0.0314961 -1 -0.023622 
vn -0.0314961 -1 -0.023622 
vn -0.0314961 -1 -0.023622 
vn -0.0314961 -1 -0.023622 
vn -0.0314961 -1 -0.023622 
vn -0.0314961 -1 -0.023622 
vn -0.0314961 -1 -0.023622 
vn -0.0314961 -1 -0.023622 
vn -0.0314961 -1 -0.023622 
vn -0.0314961 -1 -0.023622 
vn -0.0314961 -1 -0.023622 
vn -0.0314961 -1 -0.023622 
vn -0.0314961 -1 -0.023622 
vn -0.0314961 -1 -0.023622 
vn -0.0314961 -1 -0.023622 
vn -0.0314961 -1 -0.023622 
vn -0.0314961 -1 -0.023622 
vn -0.0314961 -1 -0.023622 
vn -0.0314961 -1 -0.023622 
vn -0.0314961 -1 -0.023622 
vn -0.0314961 -1 -0.023622 
vn -0.0314961 -1 -0.023622 
vn -0.0314961 -1 -0.023622 
vn -0.0314961 -1 -0.023622 
vn -0.0314961 -1 -0.023622 
vn -0.0314961 -1 -0.023622 
vn -0.0314961 -1 -0.023622 
vn -0.0314961 -1 -0.023622 
vn -0.0314961 -1 -0.023622 
vn -0.0314961 -1 -0.023622 
vn -0.0314961 -1 -0.023622 
vn -0.0314961 -1 -0.023622 
vn -0.0314961 -1 -0.023622 
vn -0.0314961 -1 -0.023622 
vn -0.0314961 -1 -0.023622 
vn -0.0314961 -1 -0.023622 
vn -0.0314961 -1 -0.023622 
vn -0.0314961 -1 -0.023622 
vn -0.0314961 -1 -0.023622 
vn -0.0314961 -1 -0.023622 
vn -0.0314961 -1 -0.023622 
vn -0.0314961 -1 -0.023622 
vn -0.0314961 -1 -0.023622 
vn -0.0314961 -1 -0.023622 
vn -0.0314961 -1 -0.023622 
vn -0.0314961 -1 -0.023622 
vn -0.0314961 -1 -0.023622 
vn -0.0314961 -1 -0.023622 
vn -0.0314961 -1 -0.023622 
vn -0.0314961 -1 -0.023622 
vn -0.0314961 -1 -0.023622 
vn -0.0314961 -1 -0.023622 
vn -0.0314961 -1 -0.023622 
vn -0.0314961 -1 -0.023622 
vn -0.0314961 -1 -0.023622 
vn -0.0314961 -1 -0.023622 
vn -0.0314961 -1 -0.023622 
vn -0.0314961 -1 -0.023622 
vn -0.0314961 -1 -0.023622 
vn -0.0314961 -1 -0.023622 
vn -0.0314961 -1 -0.023622 
vn -0.0314961 -1 -0.023622 
vn -0.0314961 -1 -0.023622 
vn -0.0314961 -1 -0.023622 
vn -0.0314961 -1 -0.023622 
vn -0.0314961 -1 -0.023622 
vn -0.0314961 -1 -0.023622 
vn -0.0314961 -1 -0.023622 
vn -0.0314961 -1 -0.023622 
vn -0.0314961 -1 -0.023622 
vn -0.0314961 -1 -0.023622 
vn -0.0314961 -1 -0.023622 
vn -0.0314961 -1 -0.023622 
vn -0.0314961 -1 -0.023622 
vn -0.0314961 -1 -0.023622 
vn -0.0314961 -1 -0.023622 
vn -0.0314961 -1 -0.023622 
vn -0.0314961 -1 -0.023622 
vn -0.0314961 -1 -0.023622 
vn -0.0314961 -1 -0.023622 
vn -0.0314961 -1 -0.023622 
vn -0.0314961 -1 -0.023622 
vn -0.0314961 -1 -0.023622 
vn -0.0314961 -1 -0.023622 
vn -0.0314961 -1 -0.023622 
vn -0.0314961 -1 -0.023622 
vn -0.0314961 -1 -0.023622 
vn -0.0314961 -1 -0.023622 
vn -0.0314961 -1 -0.023622 
vn -0.0314961 -1 -0.023622 
vn -0.0314961 -1 -0.023622 
vn 0.0708661 -0.92126 -0.393701 
vn -0.0314961 -1 -0.023622 
vn -0.0314961 -1 -0.023622 
vn 0.00787402 -0.913386 -0.409449 
vn 0.165354 -0.692913 -0.700787 
vn -0.0314961 -1 -0.023622 
vn 0.0393701 -0.692913 -0.724409 
vn 0.228346 -0.370079 -0.897638 
vn -0.0551181 -0.913386 -0.409449 
vn -0.0314961 -1 -0.023622 
vn 0.0708661 -0.362205 -0.929134 
vn 0.259843 0.015748 -0.968504 
vn -0.0787402 -0.692913 -0.716535 
vn -0.125984 -0.913386 -0.393701 
vn -0.0314961 -1 -0.023622 
vn 0.0866142 0.023622 -0.992126 
vn 0.259843 0.015748 -0.968504 
vn -0.0866142 -0.362205 -0.929134 
vn -0.204724 -0.685039 -0.700787 
vn -0.188976 -0.913386 -0.370079 
vn -0.0314961 -1 -0.023622 
vn 0.0866142 0.023622 -0.992126 
vn 0.251969 0.401575 -0.88189 
vn -0.0866142 0.023622 -1 
vn -0.251969 -0.354331 -0.897638 
vn -0.314961 -0.685039 -0.653543 
vn -0.244094 -0.913386 -0.338583 
vn -0.0314961 -1 -0.023622 
vn -0.299213 -0.905512 -0.291339 
vn -0.0314961 -1 -0.023622 
vn -0.425197 -0.685039 -0.590551 
vn -0.401575 -0.354331 -0.84252 
vn -0.259843 0.0314961 -0.968504 
vn -0.346457 -0.905512 -0.244094 
vn -0.0314961 -1 -0.023622 
vn -0.519685 -0.677165 -0.519685 
vn -0.543307 -0.346457 -0.76378 
vn -0.425197 0.0393701 -0.905512 
vn -0.377953 -0.905512 -0.188976 
vn -0.0314961 -1 -0.023622 
vn -0.393701 -0.913386 -0.11811 
vn -0.598425 -0.677165 -0.417323 
vn -0.661417 -0.677165 -0.314961 
vn -0.700787 -0.685039 -0.19685 
vn -0.661417 -0.346457 -0.661417 
vn -0.771654 -0.346457 -0.535433 
vn -0.850394 -0.346457 -0.401575 
vn -0.905512 -0.354331 -0.244094 
vn -0.574803 0.0393701 -0.818898 
vn -0.708661 0.0393701 -0.708661 
vn -0.818898 0.0393701 -0.566929 
vn -0.905512 0.0393701 -0.417323 
vn -0.968504 0.0393701 -0.259843 
vn -0.905512 0.0393701 -0.417323 
vn -0.968504 0.0393701 -0.259843 
vn -0.818898 0.0393701 -0.566929 
vn -0.708661 0.0393701 -0.708661 
vn -0.574803 0.0393701 -0.818898 
vn -0.818898 0.425197 -0.377953 
vn -0.88189 0.417323 -0.228346 
vn -0.748031 0.425197 -0.511811 
vn -0.637795 0.425197 -0.645669 
vn -0.511811 0.417323 -0.748031 
vn -0.622047 0.732283 -0.283465 
vn -0.653543 0.732283 -0.165354 
vn -0.559055 0.740157 -0.385827 
vn -0.472441 0.732283 -0.480315 
vn -0.385827 0.732283 -0.559055 
vn -0.322835 0.937008 -0.141732 
vn -0.338583 0.937008 -0.0787402 
vn 0.0314961 1 0.023622 
vn 0.0314961 1 0.023622 
vn 0.0314961 1 0.023622 
vn -0.291339 0.937008 -0.19685 
vn 0.0314961 1 0.023622 
vn -0.244094 0.937008 -0.244094 
vn 0.0314961 1 0.023622 
vn -0.188976 0.937008 -0.291339 
vn 0.0314961 1 0.023622 
vn -0.133858 0.937008 -0.322835 
vn 0.0314961 1 0.023622 
vn -0.275591 0.732283 -0.622047 
vn -0.0708661 0.937008 -0.346457 
vn 0.0314961 1 0.023622 
vn -0.377953 0.417323 -0.826772 
vn -0.165354 0.732283 -0.661417 
vn 0 0.929134 -0.362205 
vn 0.0314961 1 0.023622 
vn -0.425197 0.0393701 -0.905512 
vn -0.228346 0.417323 -0.88189 
vn -0.259843 0.0314961 -0.968504 
vn -0.0393701 0.724409 -0.685039 
vn -0.0629921 0.409449 -0.913386 
vn -0.0866142 0.023622 -1 
vn 0.0944882 0.409449 -0.905512 
vn 0.212598 0.716535 -0.661417 
vn 0.0866142 0.716535 -0.685039 
vn 0.125984 0.929134 -0.346457 
vn 0.0629921 0.929134 -0.362205 
vn 0.0314961 1 0.023622 
vn -0.133858 0.92126 0.370079 
vn 0.0314961 1 0.023622 
vn -0.15748 0.692913 0.700787 
vn -0.0708661 0.362205 0.929134 
vn 0.0866142 -0.023622 1 
vn -0.188976 0.92126 0.338583 
vn 0.0314961 1 0.023622 
vn -0.275591 0.700787 0.661417 
vn -0.228346 0.370079 0.897638 
vn -0.0866142 -0.023622 0.992126 
vn -0.244094 0.92126 0.299213 
vn 0.0314961 1 0.023622 
vn -0.283465 0.929134 0.23622 
vn -0.377953 0.708661 0.598425 
vn -0.480315 0.708661 0.519685 
vn 0.0314961 1 0.023622 
vn -0.314961 0.929134 0.188976 
vn -0.551181 0.716535 0.425197 
vn -0.614173 0.724409 0.314961 
vn -0.748031 0.393701 0.535433 
vn -0.377953 0.377953 0.84252 
vn -0.511811 0.385827 0.76378 
vn -0.637795 0.393701 0.661417 
vn -0.259843 -0.015748 0.968504 
vn -0.425197 -0.00787402 0.905512 
vn -0.574803 0 0.818898 
vn -0.708661 0.00787402 0.708661 
vn -0.818898 0.00787402 0.574803 
vn -0.708661 0.00787402 0.708661 
vn -0.818898 0.00787402 0.574803 
vn -0.574803 0 0.818898 
vn -0.425197 -0.00787402 0.905512 
vn -0.259843 -0.015748 0.968504 
vn -0.669291 -0.377953 0.637795 
vn -0.771654 -0.377953 0.519685 
vn -0.535433 -0.385827 0.748031 
vn -0.401575 -0.393701 0.826772 
vn -0.251969 -0.401575 0.88189 
vn -0.527559 -0.700787 0.480315 
vn -0.598425 -0.700787 0.385827 
vn -0.425197 -0.708661 0.559055 
vn -0.322835 -0.708661 0.622047 
vn -0.19685 -0.716535 0.669291 
vn -0.0866142 -0.716535 0.685039 
vn -0.244094 -0.92126 0.291339 
vn -0.188976 -0.929134 0.322835 
vn -0.125984 -0.929134 0.346457 
vn -0.0314961 -1 -0.023622 
vn -0.0314961 -1 -0.023622 
vn -0.0314961 -1 -0.023622 
vn -0.0314961 -1 -0.023622 
vn -0.299213 -0.92126 0.251969 
vn -0.0314961 -1 -0.023622 
vn -0.338583 -0.92126 0.19685 
vn -0.661417 -0.692913 0.275591 
vn -0.0314961 -1 -0.023622 
vn -0.370079 -0.913386 0.141732 
vn -0.0314961 -1 -0.023622 
vn -0.0629921 -0.929134 0.362205 
vn -0.0314961 -1 -0.023622 
vn 0 -0.929134 0.362205 
vn -0.0314961 -1 -0.023622 
vn 0.0708661 -0.937008 0.346457 
vn -0.0314961 -1 -0.023622 
vn 0.0393701 -0.724409 0.685039 
vn -0.0944882 -0.409449 0.905512 
vn 0.133858 -0.937008 0.322835 
vn -0.0314961 -1 -0.023622 
vn 0.165354 -0.732283 0.661417 
vn 0.0629921 -0.409449 0.913386 
vn -0.0866142 -0.023622 0.992126 
vn 0.0866142 -0.023622 1 
vn 0.228346 -0.417323 0.88189 
vn 0.259843 -0.0314961 0.968504 
vn 0.275591 -0.732283 0.622047 
vn 0.377953 -0.417323 0.826772 
vn 0.425197 -0.0393701 0.905512 
vn 0.188976 -0.937008 0.291339 
vn -0.0314961 -1 -0.023622 
vn 0.385827 -0.732283 0.559055 
vn 0.244094 -0.937008 0.244094 
vn -0.0314961 -1 -0.023622 
vn 0.511811 -0.417323 0.748031 
vn 0.472441 -0.732283 0.480315 
vn 0.291339 -0.937008 0.19685 
vn 0.559055 -0.740157 0.385827 
vn 0.637795 -0.425197 0.645669 
vn 0.574803 -0.0393701 0.818898 

vt 0.145197 0.519366 
vt 0.145197 0.519366 
vt 0.145197 0.519366 
vt 0.145197 0.519366 
vt 0.145197 0.519366 
vt 0.145197 0.519366 
vt 0.145197 0.519366 
vt 0.145197 0.519366 
vt 0.145197 0.519366 
vt 0.145197 0.519366 
vt 0.145197 0.519366 
vt 0.145197 0.519366 
vt 0.145197 0.519366 
vt 0.145197 0.519366 
vt 0.145197 0.519366 
vt 0.145197 0.519366 
vt 0.145197 0.519366 
vt 0.145197 0.519366 
vt 0.145197 0.519366 
vt 0.145197 0.519366 
vt 0.145197 0.519366 
vt 0.145197 0.519366 
vt 0.145197 0.519366 
vt 0.145197 0.519366 
vt 0.145197 0.519366 
vt 0.145197 0.519366 
vt 0.145197 0.519366 
vt 0.145197 0.519366 
vt 0.145197 0.519366 
vt 0.145197 0.519366 
vt 0.145197 0.519366 
vt 0.145197 0.519366 
vt 0.145197 0.519366 
vt 0.145197 0.519366 
vt 0.145197 0.519366 
vt 0.145197 0.519366 
vt 0.145197 0.519366 
vt 0.150614 0.513589 
vt 0.150746 0.513422 
vt 0.150746 0.513422 
vt 0.150614 0.513589 
vt 0.150458 0.513649 
vt 0.150458 0.513649 
vt 0.150446 0.513649 
vt 0.150597 0.51359 
vt 0.150725 0.513422 
vt 0.150421 0.51365 
vt 0.150563 0.51359 
vt 0.150683 0.513423 
vt 0.150385 0.51365 
vt 0.150514 0.51359 
vt 0.150622 0.513424 
vt 0.150339 0.513651 
vt 0.15045 0.513591 
vt 0.150301 0.513651 
vt 0.150543 0.513425 
vt 0.150694 0.513175 
vt 0.150374 0.513592 
vt 0.150249 0.513652 
vt 0.150605 0.513176 
vt 0.150718 0.512883 
vt 0.15045 0.513426 
vt 0.150289 0.513593 
vt 0.150179 0.513652 
vt 0.150626 0.512884 
vt 0.150713 0.511363 
vt 0.1505 0.513177 
vt 0.150345 0.513427 
vt 0.150196 0.513594 
vt 0.150095 0.513653 
vt 0.150621 0.511364 
vt 0.150687 0.511071 
vt 0.150598 0.511072 
vt 0.150517 0.512885 
vt 0.150512 0.511365 
vt 0.150493 0.511073 
vt 0.150381 0.513179 
vt 0.150393 0.512886 
vt 0.150388 0.511366 
vt 0.150374 0.511074 
vt 0.150441 0.510826 
vt 0.15023 0.513428 
vt 0.150252 0.51318 
vt 0.150259 0.512888 
vt 0.150254 0.511368 
vt 0.150099 0.513595 
vt 0.150005 0.513654 
vt 0.15011 0.51343 
vt 0.15 0.513596 
vt 0.14992 0.513655 
vt 0.150117 0.513182 
vt 0.149988 0.513431 
vt 0.149903 0.513597 
vt 0.149851 0.513656 
vt 0.150118 0.51289 
vt 0.149979 0.513183 
vt 0.149868 0.513432 
vt 0.14981 0.513599 
vt 0.149798 0.513657 
vt 0.149725 0.5136 
vt 0.14976 0.513657 
vt 0.149753 0.513434 
vt 0.149844 0.513185 
vt 0.149976 0.512891 
vt 0.149649 0.5136 
vt 0.149726 0.513658 
vt 0.149648 0.513435 
vt 0.149715 0.513186 
vt 0.149835 0.512893 
vt 0.150604 0.510658 
vt 0.150448 0.510602 
vt 0.150435 0.510602 
vt 0.150587 0.510659 
vt 0.150737 0.510822 
vt 0.150411 0.510602 
vt 0.150716 0.510823 
vt 0.150826 0.511069 
vt 0.150553 0.510659 
vt 0.150375 0.510603 
vt 0.150803 0.511069 
vt 0.150858 0.511361 
vt 0.150674 0.510823 
vt 0.150504 0.51066 
vt 0.150329 0.510603 
vt 0.15044 0.51066 
vt 0.150613 0.510824 
vt 0.150535 0.510825 
vt 0.150756 0.51107 
vt 0.150687 0.511071 
vt 0.150599 0.511072 
vt 0.150834 0.511361 
vt 0.150863 0.512881 
vt 0.150713 0.511363 
vt 0.150785 0.511362 
vt 0.150622 0.511364 
vt 0.150839 0.512881 
vt 0.150833 0.513173 
vt 0.150719 0.512882 
vt 0.15079 0.512882 
vt 0.150627 0.512884 
vt 0.15081 0.513174 
vt 0.150746 0.513422 
vt 0.150694 0.513175 
vt 0.150763 0.513174 
vt 0.150606 0.513176 
vt 0.150725 0.513422 
vt 0.150614 0.513589 
vt 0.150622 0.513424 
vt 0.150683 0.513423 
vt 0.150544 0.513425 
vt 0.150597 0.51359 
vt 0.150458 0.513649 
vt 0.150446 0.513649 
vt 0.150563 0.51359 
vt 0.150421 0.51365 
vt 0.150514 0.51359 
vt 0.15045 0.513591 
vt 0.150385 0.51365 
vt 0.15034 0.513651 
vt 0.149639 0.51067 
vt 0.14975 0.51061 
vt 0.149704 0.510611 
vt 0.149576 0.51067 
vt 0.149546 0.510836 
vt 0.149668 0.510611 
vt 0.149468 0.510837 
vt 0.149484 0.511085 
vt 0.149527 0.510671 
vt 0.149644 0.510611 
vt 0.149396 0.511086 
vt 0.149463 0.511377 
vt 0.149407 0.510838 
vt 0.149493 0.510671 
vt 0.149632 0.510612 
vt 0.149476 0.510671 
vt 0.149365 0.510838 
vt 0.149344 0.510839 
vt 0.149327 0.511086 
vt 0.149371 0.511378 
vt 0.149468 0.512897 
vt 0.14928 0.511087 
vt 0.149256 0.511087 
vt 0.149344 0.510839 
vt 0.149256 0.511087 
vt 0.149376 0.512898 
vt 0.149491 0.513189 
vt 0.1493 0.511379 
vt 0.149226 0.51138 
vt 0.149251 0.51138 
vt 0.149226 0.51138 
vt 0.149305 0.512899 
vt 0.149403 0.51319 
vt 0.149555 0.513436 
vt 0.149231 0.5129 
vt 0.149231 0.5129 
vt 0.149256 0.512899 
vt 0.149476 0.513437 
vt 0.149334 0.513191 
vt 0.149649 0.5136 
vt 0.149287 0.513191 
vt 0.149263 0.513192 
vt 0.149263 0.513192 
vt 0.149353 0.513438 
vt 0.149415 0.513438 
vt 0.149374 0.513438 
vt 0.149586 0.513601 
vt 0.14976 0.513657 
vt 0.149727 0.513658 
vt 0.149536 0.513602 
vt 0.149692 0.513658 
vt 0.149503 0.513602 
vt 0.149485 0.513602 
vt 0.149661 0.513658 
vt 0.149643 0.513659 
vt 0.149485 0.513602 
vt 0.149643 0.513659 
vt 0.15044 0.51066 
vt 0.150329 0.510603 
vt 0.150375 0.510603 
vt 0.150365 0.510661 
vt 0.150274 0.510604 
vt 0.150504 0.51066 
vt 0.150411 0.510602 
vt 0.150535 0.510825 
vt 0.150553 0.510659 
vt 0.150435 0.510602 
vt 0.150613 0.510824 
vt 0.150587 0.510659 
vt 0.150448 0.510602 
vt 0.150674 0.510823 
vt 0.150604 0.510658 
vt 0.150448 0.510602 
vt 0.150604 0.510658 
vt 0.150716 0.510823 
vt 0.150737 0.510822 
vt 0.150737 0.510822 
vt 0.150755 0.51107 
vt 0.150802 0.511069 
vt 0.150826 0.511069 
vt 0.150826 0.511069 
vt 0.150858 0.511361 
vt 0.150858 0.511361 
vt 0.150834 0.511361 
vt 0.150785 0.511362 
vt 0.150863 0.512881 
vt 0.150863 0.512881 
vt 0.150839 0.512881 
vt 0.15079 0.512882 
vt 0.150833 0.513173 
vt 0.150833 0.513173 
vt 0.150809 0.513174 
vt 0.150762 0.513174 
vt 0.145197 0.519366 
vt 0.145197 0.519366 
vt 0.145197 0.519366 
vt 0.145197 0.519366 
vt 0.145197 0.519366 
vt 0.145197 0.519366 
vt 0.145197 0.519366 
vt 0.145197 0.519366 
vt 0.145197 0.519366 
vt 0.145197 0.519366 
vt 0.145197 0.519366 
vt 0.145197 0.519366 
vt 0.145197 0.519366 
vt 0.145197 0.519366 
vt 0.145197 0.519366 
vt 0.145197 0.519366 
vt 0.145197 0.519366 
vt 0.145197 0.519366 
vt 0.145197 0.519366 
vt 0.145197 0.519366 
vt 0.145197 0.519366 
vt 0.145197 0.519366 
vt 0.145197 0.519366 
vt 0.145197 0.519366 
vt 0.145197 0.519366 
vt 0.145197 0.519366 
vt 0.145197 0.519366 
vt 0.145197 0.519366 
vt 0.145197 0.519366 
vt 0.145197 0.519366 
vt 0.145197 0.519366 
vt 0.145197 0.519366 
vt 0.145197 0.519366 
vt 0.145197 0.519366 
vt 0.145197 0.519366 
vt 0.145197 0.519366 
vt 0.145197 0.519366 
vt 0.145197 0.519366 
vt 0.145197 0.519366 
vt 0.145197 0.519366 
vt 0.145197 0.519366 
vt 0.145197 0.519366 
vt 0.145197 0.519366 
vt 0.145197 0.519366 
vt 0.145197 0.519366 
vt 0.145197 0.519366 
vt 0.145197 0.519366 
vt 0.145197 0.519366 
vt 0.145197 0.519366 
vt 0.145197 0.519366 
vt 0.145197 0.519366 
vt 0.145197 0.519366 
vt 0.145197 0.519366 
vt 0.145197 0.519366 
vt 0.145197 0.519366 
vt 0.145197 0.519366 
vt 0.145197 0.519366 
vt 0.145197 0.519366 
vt 0.145197 0.519366 
vt 0.145197 0.519366 
vt 0.145197 0.519366 
vt 0.145197 0.519366 
vt 0.145197 0.519366 
vt 0.145197 0.519366 
vt 0.145197 0.519366 
vt 0.145197 0.519366 
vt 0.145197 0.519366 
vt 0.145197 0.519366 
vt 0.145197 0.519366 
vt 0.145197 0.519366 
vt 0.145197 0.519366 
vt 0.145197 0.519366 
vt 0.145197 0.519366 
vt 0.145197 0.519366 
vt 0.145197 0.519366 
vt 0.145197 0.519366 
vt 0.145197 0.519366 
vt 0.145197 0.519366 
vt 0.145197 0.519366 
vt 0.145197 0.519366 
vt 0.145197 0.519366 
vt 0.145197 0.519366 
vt 0.145197 0.519366 
vt 0.145197 0.519366 
vt 0.145197 0.519366 
vt 0.145197 0.519366 
vt 0.145197 0.519366 
vt 0.145197 0.519366 
vt 0.145197 0.519366 
vt 0.145197 0.519366 
vt 0.145197 0.519366 
vt 0.145197 0.519366 
vt 0.145197 0.519366 
vt 0.145197 0.519366 
vt 0.145197 0.519366 
vt 0.145197 0.519366 
vt 0.145197 0.519366 
vt 0.145197 0.519366 
vt 0.145197 0.519366 
vt 0.145197 0.519366 
vt 0.216065 0.0116107 
vt 0.234824 0.0017606 
vt 0.244081 0.0017606 
vt 0.228864 0.0116107 
vt 0.200162 0.0396614 
vt 0.254545 0.0017606 
vt 0.215965 0.0396614 
vt 0.189536 0.0816422 
vt 0.243334 0.0116107 
vt 0.265901 0.0017606 
vt 0.207345 0.0816422 
vt 0.185805 0.131162 
vt 0.233829 0.0396614 
vt 0.259035 0.0116107 
vt 0.277801 0.0017606 
vt 0.204319 0.131162 
vt 0.185805 0.389965 
vt 0.227478 0.0816422 
vt 0.253214 0.0396614 
vt 0.275489 0.0116107 
vt 0.289885 0.0017606 
vt 0.204319 0.389965 
vt 0.189536 0.439485 
vt 0.225248 0.131162 
vt 0.249324 0.0816422 
vt 0.273529 0.0396614 
vt 0.292197 0.0116107 
vt 0.301785 0.0017606 
vt 0.308651 0.0116107 
vt 0.31314 0.0017606 
vt 0.294157 0.0396614 
vt 0.272219 0.0816422 
vt 0.247958 0.131162 
vt 0.324352 0.0116107 
vt 0.323605 0.0017606 
vt 0.314472 0.0396614 
vt 0.295467 0.0816422 
vt 0.271759 0.131162 
vt 0.338821 0.0116107 
vt 0.332862 0.0017606 
vt 0.35162 0.0116107 
vt 0.333856 0.0396614 
vt 0.351721 0.0396614 
vt 0.367523 0.0396614 
vt 0.318361 0.0816422 
vt 0.340207 0.0816422 
vt 0.36034 0.0816422 
vt 0.378149 0.0816422 
vt 0.295927 0.131162 
vt 0.319727 0.131162 
vt 0.342437 0.131162 
vt 0.363367 0.131162 
vt 0.38188 0.131162 
vt 0.363367 0.389965 
vt 0.38188 0.389965 
vt 0.342437 0.389965 
vt 0.319727 0.389965 
vt 0.295927 0.389965 
vt 0.36034 0.439485 
vt 0.378149 0.439485 
vt 0.340207 0.439485 
vt 0.318361 0.439485 
vt 0.295467 0.439485 
vt 0.351721 0.481466 
vt 0.367523 0.481466 
vt 0.333856 0.481466 
vt 0.314472 0.481466 
vt 0.294157 0.481466 
vt 0.338821 0.509516 
vt 0.35162 0.509516 
vt 0.323605 0.519366 
vt 0.332862 0.519366 
vt 0.31314 0.519366 
vt 0.324352 0.509516 
vt 0.301785 0.519366 
vt 0.308651 0.509516 
vt 0.289885 0.519366 
vt 0.292197 0.509516 
vt 0.277801 0.519366 
vt 0.275489 0.509516 
vt 0.265901 0.519366 
vt 0.273529 0.481466 
vt 0.259035 0.509516 
vt 0.254545 0.519366 
vt 0.272219 0.439485 
vt 0.253214 0.481466 
vt 0.243334 0.509516 
vt 0.244081 0.519366 
vt 0.271759 0.389965 
vt 0.249324 0.439485 
vt 0.247958 0.389965 
vt 0.233829 0.481466 
vt 0.227478 0.439485 
vt 0.225248 0.389965 
vt 0.207345 0.439485 
vt 0.200162 0.481466 
vt 0.215965 0.481466 
vt 0.216065 0.509516 
vt 0.228864 0.509516 
vt 0.234824 0.519366 
vt 0.149586 0.513601 
vt 0.149692 0.513658 
vt 0.149555 0.513436 
vt 0.149596 0.513188 
vt 0.149701 0.512894 
vt 0.149536 0.513602 
vt 0.149661 0.513658 
vt 0.149476 0.513437 
vt 0.149491 0.513189 
vt 0.149577 0.512896 
vt 0.149503 0.513602 
vt 0.149643 0.513659 
vt 0.149485 0.513602 
vt 0.149415 0.513438 
vt 0.149374 0.513438 
vt 0.149643 0.513659 
vt 0.149485 0.513602 
vt 0.149352 0.513438 
vt 0.149353 0.513438 
vt 0.149263 0.513192 
vt 0.149403 0.51319 
vt 0.149334 0.513191 
vt 0.149287 0.513191 
vt 0.149468 0.512897 
vt 0.149376 0.512898 
vt 0.149305 0.512899 
vt 0.149256 0.5129 
vt 0.149231 0.5129 
vt 0.149251 0.51138 
vt 0.149226 0.51138 
vt 0.1493 0.511379 
vt 0.149371 0.511378 
vt 0.149463 0.511377 
vt 0.14928 0.511087 
vt 0.149256 0.511087 
vt 0.149327 0.511086 
vt 0.149396 0.511086 
vt 0.149484 0.511085 
vt 0.149365 0.510838 
vt 0.149344 0.510839 
vt 0.149407 0.510838 
vt 0.149467 0.510837 
vt 0.149546 0.510836 
vt 0.149639 0.510835 
vt 0.149526 0.510671 
vt 0.149576 0.51067 
vt 0.149639 0.51067 
vt 0.149704 0.510611 
vt 0.14975 0.51061 
vt 0.149668 0.510611 
vt 0.149805 0.51061 
vt 0.149493 0.510671 
vt 0.149644 0.510611 
vt 0.149476 0.510671 
vt 0.149344 0.510839 
vt 0.149632 0.510612 
vt 0.149476 0.510671 
vt 0.149632 0.510612 
vt 0.149715 0.510669 
vt 0.149866 0.510609 
vt 0.1498 0.510668 
vt 0.149933 0.510608 
vt 0.149893 0.510667 
vt 0.150004 0.510607 
vt 0.149745 0.510834 
vt 0.149589 0.511083 
vt 0.14999 0.510666 
vt 0.150075 0.510606 
vt 0.149859 0.510833 
vt 0.149708 0.511082 
vt 0.149572 0.511376 
vt 0.149696 0.511374 
vt 0.149837 0.511081 
vt 0.14983 0.511373 
vt 0.149979 0.510831 
vt 0.149972 0.511079 
vt 0.149971 0.511371 
vt 0.150089 0.510664 
vt 0.150146 0.510606 
vt 0.150101 0.51083 
vt 0.150186 0.510663 
vt 0.150213 0.510605 
vt 0.15011 0.511077 
vt 0.150221 0.510828 
vt 0.150279 0.510662 
vt 0.150336 0.510827 
vt 0.150245 0.511076 
vt 0.150113 0.51137 

usemtl Player1Mtl

f 6259/6259/6259 6260/6260/6260 6261/6261/6261 
f 6259/6259/6259 6262/6262/6262 6260/6260/6260 
f 6259/6259/6259 6261/6261/6261 6263/6263/6263 
f 6259/6259/6259 6264/6264/6264 6262/6262/6262 
f 6259/6259/6259 6263/6263/6263 6265/6265/6265 
f 6259/6259/6259 6266/6266/6266 6264/6264/6264 
f 6259/6259/6259 6265/6265/6265 6267/6267/6267 
f 6259/6259/6259 6268/6268/6268 6266/6266/6266 
f 6259/6259/6259 6267/6267/6267 6269/6269/6269 
f 6259/6259/6259 6270/6270/6270 6268/6268/6268 
f 6259/6259/6259 6269/6269/6269 6271/6271/6271 
f 6259/6259/6259 6272/6272/6272 6270/6270/6270 
f 6259/6259/6259 6271/6271/6271 6273/6273/6273 
f 6259/6259/6259 6274/6274/6274 6272/6272/6272 
f 6259/6259/6259 6273/6273/6273 6275/6275/6275 
f 6259/6259/6259 6276/6276/6276 6274/6274/6274 
f 6259/6259/6259 6275/6275/6275 6277/6277/6277 
f 6259/6259/6259 6278/6278/6278 6276/6276/6276 
f 6259/6259/6259 6277/6277/6277 6279/6279/6279 
f 6259/6259/6259 6280/6280/6280 6278/6278/6278 
f 6259/6259/6259 6279/6279/6279 6281/6281/6281 
f 6259/6259/6259 6282/6282/6282 6280/6280/6280 
f 6259/6259/6259 6281/6281/6281 6283/6283/6283 
f 6259/6259/6259 6284/6284/6284 6282/6282/6282 
f 6259/6259/6259 6283/6283/6283 6285/6285/6285 
f 6259/6259/6259 6286/6286/6286 6284/6284/6284 
f 6259/6259/6259 6285/6285/6285 6287/6287/6287 
f 6259/6259/6259 6288/6288/6288 6286/6286/6286 
f 6259/6259/6259 6287/6287/6287 6289/6289/6289 
f 6259/6259/6259 6290/6290/6290 6288/6288/6288 
f 6259/6259/6259 6289/6289/6289 6291/6291/6291 
f 6259/6259/6259 6292/6292/6292 6290/6290/6290 
f 6259/6259/6259 6291/6291/6291 6293/6293/6293 
f 6259/6259/6259 6294/6294/6294 6292/6292/6292 
f 6259/6259/6259 6293/6293/6293 6295/6295/6295 
f 6259/6259/6259 6295/6295/6295 6294/6294/6294 
f 6296/6296/6296 6297/6297/6297 6298/6298/6298 
f 6298/6298/6298 6299/6299/6299 6296/6296/6296 
f 6300/6300/6300 6296/6296/6296 6299/6299/6299 
f 6299/6299/6299 6301/6301/6301 6300/6300/6300 
f 6296/6296/6296 6300/6300/6300 6302/6302/6302 
f 6297/6297/6297 6296/6296/6296 6303/6303/6303 
f 6302/6302/6302 6303/6303/6303 6296/6296/6296 
f 6303/6303/6303 6304/6304/6304 6297/6297/6297 
f 6303/6303/6303 6302/6302/6302 6305/6305/6305 
f 6304/6304/6304 6303/6303/6303 6306/6306/6306 
f 6305/6305/6305 6306/6306/6306 6303/6303/6303 
f 6306/6306/6306 6307/6307/6307 6304/6304/6304 
f 6306/6306/6306 6305/6305/6305 6308/6308/6308 
f 6307/6307/6307 6306/6306/6306 6309/6309/6309 
f 6308/6308/6308 6309/6309/6309 6306/6306/6306 
f 6309/6309/6309 6310/6310/6310 6307/6307/6307 
f 6309/6309/6309 6308/6308/6308 6311/6311/6311 
f 6311/6311/6311 6312/6312/6312 6309/6309/6309 
f 6310/6310/6310 6309/6309/6309 6312/6312/6312 
f 6312/6312/6312 6311/6311/6311 6313/6313/6313 
f 6312/6312/6312 6314/6314/6314 6310/6310/6310 
f 6315/6315/6315 6310/6310/6310 6314/6314/6314 
f 6313/6313/6313 6316/6316/6316 6312/6312/6312 
f 6314/6314/6314 6312/6312/6312 6316/6316/6316 
f 6316/6316/6316 6313/6313/6313 6317/6317/6317 
f 6314/6314/6314 6318/6318/6318 6315/6315/6315 
f 6319/6319/6319 6315/6315/6315 6318/6318/6318 
f 6316/6316/6316 6320/6320/6320 6314/6314/6314 
f 6318/6318/6318 6314/6314/6314 6320/6320/6320 
f 6317/6317/6317 6321/6321/6321 6316/6316/6316 
f 6320/6320/6320 6316/6316/6316 6321/6321/6321 
f 6321/6321/6321 6317/6317/6317 6322/6322/6322 
f 6318/6318/6318 6323/6323/6323 6319/6319/6319 
f 6324/6324/6324 6319/6319/6319 6323/6323/6323 
f 6320/6320/6320 6325/6325/6325 6318/6318/6318 
f 6323/6323/6323 6318/6318/6318 6325/6325/6325 
f 6321/6321/6321 6326/6326/6326 6320/6320/6320 
f 6325/6325/6325 6320/6320/6320 6326/6326/6326 
f 6322/6322/6322 6327/6327/6327 6321/6321/6321 
f 6326/6326/6326 6321/6321/6321 6327/6327/6327 
f 6327/6327/6327 6322/6322/6322 6328/6328/6328 
f 6323/6323/6323 6329/6329/6329 6324/6324/6324 
f 6330/6330/6330 6324/6324/6324 6329/6329/6329 
f 6329/6329/6329 6331/6331/6331 6330/6330/6330 
f 6329/6329/6329 6323/6323/6323 6332/6332/6332 
f 6325/6325/6325 6332/6332/6332 6323/6323/6323 
f 6331/6331/6331 6329/6329/6329 6333/6333/6333 
f 6332/6332/6332 6333/6333/6333 6329/6329/6329 
f 6333/6333/6333 6334/6334/6334 6331/6331/6331 
f 6332/6332/6332 6325/6325/6325 6335/6335/6335 
f 6326/6326/6326 6335/6335/6335 6325/6325/6325 
f 6333/6333/6333 6332/6332/6332 6336/6336/6336 
f 6335/6335/6335 6336/6336/6336 6332/6332/6332 
f 6334/6334/6334 6333/6333/6333 6337/6337/6337 
f 6336/6336/6336 6337/6337/6337 6333/6333/6333 
f 6337/6337/6337 6338/6338/6338 6334/6334/6334 
f 6339/6339/6339 6334/6334/6334 6338/6338/6338 
f 6335/6335/6335 6326/6326/6326 6340/6340/6340 
f 6327/6327/6327 6340/6340/6340 6326/6326/6326 
f 6336/6336/6336 6335/6335/6335 6341/6341/6341 
f 6340/6340/6340 6341/6341/6341 6335/6335/6335 
f 6337/6337/6337 6336/6336/6336 6342/6342/6342 
f 6341/6341/6341 6342/6342/6342 6336/6336/6336 
f 6342/6342/6342 6343/6343/6343 6337/6337/6337 
f 6338/6338/6338 6337/6337/6337 6343/6343/6343 
f 6340/6340/6340 6327/6327/6327 6344/6344/6344 
f 6328/6328/6328 6344/6344/6344 6327/6327/6327 
f 6344/6344/6344 6328/6328/6328 6345/6345/6345 
f 6344/6344/6344 6346/6346/6346 6340/6340/6340 
f 6341/6341/6341 6340/6340/6340 6346/6346/6346 
f 6345/6345/6345 6347/6347/6347 6344/6344/6344 
f 6346/6346/6346 6344/6344/6344 6347/6347/6347 
f 6347/6347/6347 6345/6345/6345 6348/6348/6348 
f 6346/6346/6346 6349/6349/6349 6341/6341/6341 
f 6342/6342/6342 6341/6341/6341 6349/6349/6349 
f 6347/6347/6347 6350/6350/6350 6346/6346/6346 
f 6349/6349/6349 6346/6346/6346 6350/6350/6350 
f 6348/6348/6348 6351/6351/6351 6347/6347/6347 
f 6350/6350/6350 6347/6347/6347 6351/6351/6351 
f 6351/6351/6351 6348/6348/6348 6352/6352/6352 
f 6349/6349/6349 6353/6353/6353 6342/6342/6342 
f 6343/6343/6343 6342/6342/6342 6353/6353/6353 
f 6350/6350/6350 6354/6354/6354 6349/6349/6349 
f 6353/6353/6353 6349/6349/6349 6354/6354/6354 
f 6351/6351/6351 6355/6355/6355 6350/6350/6350 
f 6354/6354/6354 6350/6350/6350 6355/6355/6355 
f 6352/6352/6352 6356/6356/6356 6351/6351/6351 
f 6355/6355/6355 6351/6351/6351 6356/6356/6356 
f 6356/6356/6356 6352/6352/6352 6357/6357/6357 
f 6357/6357/6357 6358/6358/6358 6356/6356/6356 
f 6358/6358/6358 6357/6357/6357 6359/6359/6359 
f 6356/6356/6356 6360/6360/6360 6355/6355/6355 
f 6360/6360/6360 6356/6356/6356 6358/6358/6358 
f 6355/6355/6355 6361/6361/6361 6354/6354/6354 
f 6361/6361/6361 6355/6355/6355 6360/6360/6360 
f 6362/6362/6362 6354/6354/6354 6361/6361/6361 
f 6354/6354/6354 6362/6362/6362 6353/6353/6353 
f 6359/6359/6359 6363/6363/6363 6358/6358/6358 
f 6363/6363/6363 6359/6359/6359 6364/6364/6364 
f 6358/6358/6358 6365/6365/6365 6360/6360/6360 
f 6365/6365/6365 6358/6358/6358 6363/6363/6363 
f 6360/6360/6360 6366/6366/6366 6361/6361/6361 
f 6366/6366/6366 6360/6360/6360 6365/6365/6365 
f 6361/6361/6361 6367/6367/6367 6362/6362/6362 
f 6367/6367/6367 6361/6361/6361 6366/6366/6366 
f 6368/6368/6368 6369/6369/6369 6370/6370/6370 
f 6370/6370/6370 6371/6371/6371 6368/6368/6368 
f 6372/6372/6372 6368/6368/6368 6371/6371/6371 
f 6371/6371/6371 6370/6370/6370 6373/6373/6373 
f 6371/6371/6371 6374/6374/6374 6372/6372/6372 
f 6375/6375/6375 6372/6372/6372 6374/6374/6374 
f 6373/6373/6373 6376/6376/6376 6371/6371/6371 
f 6374/6374/6374 6371/6371/6371 6376/6376/6376 
f 6376/6376/6376 6373/6373/6373 6377/6377/6377 
f 6374/6374/6374 6378/6378/6378 6375/6375/6375 
f 6379/6379/6379 6375/6375/6375 6378/6378/6378 
f 6376/6376/6376 6380/6380/6380 6374/6374/6374 
f 6378/6378/6378 6374/6374/6374 6380/6380/6380 
f 6377/6377/6377 6381/6381/6381 6376/6376/6376 
f 6380/6380/6380 6376/6376/6376 6381/6381/6381 
f 6381/6381/6381 6377/6377/6377 6382/6382/6382 
f 6382/6382/6382 6383/6383/6383 6381/6381/6381 
f 6384/6384/6384 6381/6381/6381 6383/6383/6383 
f 6381/6381/6381 6384/6384/6384 6380/6380/6380 
f 6383/6383/6383 6385/6385/6385 6384/6384/6384 
f 6380/6380/6380 6386/6386/6386 6378/6378/6378 
f 6386/6386/6386 6380/6380/6380 6384/6384/6384 
f 6387/6387/6387 6384/6384/6384 6385/6385/6385 
f 6384/6384/6384 6387/6387/6387 6386/6386/6386 
f 6385/6385/6385 6388/6388/6388 6387/6387/6387 
f 6378/6378/6378 6389/6389/6389 6379/6379/6379 
f 6389/6389/6389 6378/6378/6378 6386/6386/6386 
f 6390/6390/6390 6379/6379/6379 6389/6389/6389 
f 6391/6391/6391 6387/6387/6387 6388/6388/6388 
f 6392/6392/6392 6386/6386/6386 6387/6387/6387 
f 6386/6386/6386 6392/6392/6392 6389/6389/6389 
f 6387/6387/6387 6391/6391/6391 6392/6392/6392 
f 6388/6388/6388 6393/6393/6393 6391/6391/6391 
f 6389/6389/6389 6394/6394/6394 6390/6390/6390 
f 6394/6394/6394 6389/6389/6389 6392/6392/6392 
f 6395/6395/6395 6390/6390/6390 6394/6394/6394 
f 6396/6396/6396 6391/6391/6391 6393/6393/6393 
f 6397/6397/6397 6392/6392/6392 6391/6391/6391 
f 6392/6392/6392 6397/6397/6397 6394/6394/6394 
f 6391/6391/6391 6396/6396/6396 6397/6397/6397 
f 6393/6393/6393 6398/6398/6398 6396/6396/6396 
f 6394/6394/6394 6399/6399/6399 6395/6395/6395 
f 6399/6399/6399 6394/6394/6394 6397/6397/6397 
f 6400/6400/6400 6395/6395/6395 6399/6399/6399 
f 6401/6401/6401 6396/6396/6396 6398/6398/6398 
f 6402/6402/6402 6397/6397/6397 6396/6396/6396 
f 6397/6397/6397 6402/6402/6402 6399/6399/6399 
f 6396/6396/6396 6401/6401/6401 6402/6402/6402 
f 6398/6398/6398 6403/6403/6403 6401/6401/6401 
f 6399/6399/6399 6404/6404/6404 6400/6400/6400 
f 6404/6404/6404 6399/6399/6399 6402/6402/6402 
f 6405/6405/6405 6400/6400/6400 6404/6404/6404 
f 6406/6406/6406 6401/6401/6401 6403/6403/6403 
f 6407/6407/6407 6402/6402/6402 6401/6401/6401 
f 6402/6402/6402 6407/6407/6407 6404/6404/6404 
f 6401/6401/6401 6406/6406/6406 6407/6407/6407 
f 6403/6403/6403 6408/6408/6408 6406/6406/6406 
f 6404/6404/6404 6409/6409/6409 6405/6405/6405 
f 6409/6409/6409 6404/6404/6404 6407/6407/6407 
f 6410/6410/6410 6405/6405/6405 6409/6409/6409 
f 6409/6409/6409 6411/6411/6411 6410/6410/6410 
f 6407/6407/6407 6412/6412/6412 6409/6409/6409 
f 6411/6411/6411 6409/6409/6409 6412/6412/6412 
f 6412/6412/6412 6407/6407/6407 6406/6406/6406 
f 6412/6412/6412 6413/6413/6413 6411/6411/6411 
f 6414/6414/6414 6406/6406/6406 6408/6408/6408 
f 6406/6406/6406 6414/6414/6414 6412/6412/6412 
f 6413/6413/6413 6412/6412/6412 6414/6414/6414 
f 6408/6408/6408 6415/6415/6415 6414/6414/6414 
f 6414/6414/6414 6416/6416/6416 6413/6413/6413 
f 6416/6416/6416 6414/6414/6414 6415/6415/6415 
f 6415/6415/6415 6417/6417/6417 6416/6416/6416 
f 6418/6418/6418 6419/6419/6419 6420/6420/6420 
f 6420/6420/6420 6421/6421/6421 6418/6418/6418 
f 6422/6422/6422 6418/6418/6418 6421/6421/6421 
f 6421/6421/6421 6420/6420/6420 6423/6423/6423 
f 6421/6421/6421 6424/6424/6424 6422/6422/6422 
f 6425/6425/6425 6422/6422/6422 6424/6424/6424 
f 6423/6423/6423 6426/6426/6426 6421/6421/6421 
f 6424/6424/6424 6421/6421/6421 6426/6426/6426 
f 6426/6426/6426 6423/6423/6423 6427/6427/6427 
f 6424/6424/6424 6428/6428/6428 6425/6425/6425 
f 6429/6429/6429 6425/6425/6425 6428/6428/6428 
f 6426/6426/6426 6430/6430/6430 6424/6424/6424 
f 6428/6428/6428 6424/6424/6424 6430/6430/6430 
f 6427/6427/6427 6431/6431/6431 6426/6426/6426 
f 6430/6430/6430 6426/6426/6426 6431/6431/6431 
f 6431/6431/6431 6427/6427/6427 6432/6432/6432 
f 6432/6432/6432 6433/6433/6433 6431/6431/6431 
f 6434/6434/6434 6431/6431/6431 6433/6433/6433 
f 6431/6431/6431 6434/6434/6434 6430/6430/6430 
f 6433/6433/6433 6435/6435/6435 6434/6434/6434 
f 6430/6430/6430 6436/6436/6436 6428/6428/6428 
f 6436/6436/6436 6430/6430/6430 6434/6434/6434 
f 6428/6428/6428 6437/6437/6437 6429/6429/6429 
f 6437/6437/6437 6428/6428/6428 6436/6436/6436 
f 6438/6438/6438 6429/6429/6429 6437/6437/6437 
f 6439/6439/6439 6434/6434/6434 6435/6435/6435 
f 6434/6434/6434 6439/6439/6439 6436/6436/6436 
f 6435/6435/6435 6440/6440/6440 6439/6439/6439 
f 6440/6440/6440 6435/6435/6435 6441/6441/6441 
f 6441/6441/6441 6442/6442/6442 6440/6440/6440 
f 6437/6437/6437 6443/6443/6443 6438/6438/6438 
f 6444/6444/6444 6438/6438/6438 6443/6443/6443 
f 6436/6436/6436 6445/6445/6445 6437/6437/6437 
f 6445/6445/6445 6436/6436/6436 6439/6439/6439 
f 6443/6443/6443 6437/6437/6437 6445/6445/6445 
f 6446/6446/6446 6440/6440/6440 6442/6442/6442 
f 6447/6447/6447 6439/6439/6439 6440/6440/6440 
f 6439/6439/6439 6447/6447/6447 6445/6445/6445 
f 6440/6440/6440 6446/6446/6446 6447/6447/6447 
f 6442/6442/6442 6448/6448/6448 6446/6446/6446 
f 6445/6445/6445 6449/6449/6449 6443/6443/6443 
f 6449/6449/6449 6445/6445/6445 6447/6447/6447 
f 6443/6443/6443 6450/6450/6450 6444/6444/6444 
f 6450/6450/6450 6443/6443/6443 6449/6449/6449 
f 6451/6451/6451 6444/6444/6444 6450/6450/6450 
f 6452/6452/6452 6446/6446/6446 6448/6448/6448 
f 6448/6448/6448 6453/6453/6453 6452/6452/6452 
f 6454/6454/6454 6447/6447/6447 6446/6446/6446 
f 6447/6447/6447 6454/6454/6454 6449/6449/6449 
f 6446/6446/6446 6452/6452/6452 6454/6454/6454 
f 6450/6450/6450 6455/6455/6455 6451/6451/6451 
f 6449/6449/6449 6456/6456/6456 6450/6450/6450 
f 6456/6456/6456 6449/6449/6449 6454/6454/6454 
f 6455/6455/6455 6450/6450/6450 6456/6456/6456 
f 6457/6457/6457 6451/6451/6451 6455/6455/6455 
f 6458/6458/6458 6454/6454/6454 6452/6452/6452 
f 6454/6454/6454 6458/6458/6458 6456/6456/6456 
f 6459/6459/6459 6452/6452/6452 6453/6453/6453 
f 6452/6452/6452 6459/6459/6459 6458/6458/6458 
f 6453/6453/6453 6460/6460/6460 6459/6459/6459 
f 6461/6461/6461 6459/6459/6459 6460/6460/6460 
f 6456/6456/6456 6462/6462/6462 6455/6455/6455 
f 6462/6462/6462 6456/6456/6456 6458/6458/6458 
f 6463/6463/6463 6458/6458/6458 6459/6459/6459 
f 6458/6458/6458 6463/6463/6463 6462/6462/6462 
f 6459/6459/6459 6461/6461/6461 6463/6463/6463 
f 6455/6455/6455 6464/6464/6464 6457/6457/6457 
f 6464/6464/6464 6455/6455/6455 6462/6462/6462 
f 6465/6465/6465 6457/6457/6457 6464/6464/6464 
f 6464/6464/6464 6466/6466/6466 6465/6465/6465 
f 6462/6462/6462 6467/6467/6467 6464/6464/6464 
f 6466/6466/6466 6464/6464/6464 6467/6467/6467 
f 6467/6467/6467 6462/6462/6462 6463/6463/6463 
f 6467/6467/6467 6468/6468/6468 6466/6466/6466 
f 6469/6469/6469 6463/6463/6463 6461/6461/6461 
f 6463/6463/6463 6469/6469/6469 6467/6467/6467 
f 6468/6468/6468 6467/6467/6467 6469/6469/6469 
f 6461/6461/6461 6470/6470/6470 6469/6469/6469 
f 6469/6469/6469 6471/6471/6471 6468/6468/6468 
f 6471/6471/6471 6469/6469/6469 6470/6470/6470 
f 6470/6470/6470 6472/6472/6472 6471/6471/6471 
f 6473/6473/6473 6474/6474/6474 6472/6472/6472 
f 6475/6475/6475 6476/6476/6476 6477/6477/6477 
f 6476/6476/6476 6475/6475/6475 6478/6478/6478 
f 6478/6478/6478 6479/6479/6479 6476/6476/6476 
f 6477/6477/6477 6480/6480/6480 6475/6475/6475 
f 6480/6480/6480 6477/6477/6477 6481/6481/6481 
f 6339/6339/6339 6478/6478/6478 6475/6475/6475 
f 6482/6482/6482 6475/6475/6475 6480/6480/6480 
f 6475/6475/6475 6482/6482/6482 6339/6339/6339 
f 6481/6481/6481 6483/6483/6483 6480/6480/6480 
f 6483/6483/6483 6481/6481/6481 6484/6484/6484 
f 6480/6480/6480 6485/6485/6485 6482/6482/6482 
f 6485/6485/6485 6480/6480/6480 6483/6483/6483 
f 6334/6334/6334 6339/6339/6339 6482/6482/6482 
f 6331/6331/6331 6482/6482/6482 6485/6485/6485 
f 6482/6482/6482 6331/6331/6331 6334/6334/6334 
f 6484/6484/6484 6486/6486/6486 6483/6483/6483 
f 6486/6486/6486 6484/6484/6484 6487/6487/6487 
f 6483/6483/6483 6488/6488/6488 6485/6485/6485 
f 6488/6488/6488 6483/6483/6483 6486/6486/6486 
f 6485/6485/6485 6330/6330/6330 6331/6331/6331 
f 6330/6330/6330 6485/6485/6485 6488/6488/6488 
f 6487/6487/6487 6489/6489/6489 6486/6486/6486 
f 6489/6489/6489 6487/6487/6487 6490/6490/6490 
f 6490/6490/6490 6491/6491/6491 6489/6489/6489 
f 6492/6492/6492 6486/6486/6486 6489/6489/6489 
f 6486/6486/6486 6492/6492/6492 6488/6488/6488 
f 6493/6493/6493 6489/6489/6489 6491/6491/6491 
f 6489/6489/6489 6493/6493/6493 6492/6492/6492 
f 6491/6491/6491 6494/6494/6494 6493/6493/6493 
f 6495/6495/6495 6488/6488/6488 6492/6492/6492 
f 6488/6488/6488 6495/6495/6495 6330/6330/6330 
f 6496/6496/6496 6492/6492/6492 6493/6493/6493 
f 6492/6492/6492 6496/6496/6496 6495/6495/6495 
f 6497/6497/6497 6493/6493/6493 6494/6494/6494 
f 6493/6493/6493 6497/6497/6497 6496/6496/6496 
f 6494/6494/6494 6498/6498/6498 6497/6497/6497 
f 6499/6499/6499 6497/6497/6497 6498/6498/6498 
f 6498/6498/6498 6500/6500/6500 6499/6499/6499 
f 6501/6501/6501 6496/6496/6496 6497/6497/6497 
f 6497/6497/6497 6499/6499/6499 6501/6501/6501 
f 6502/6502/6502 6495/6495/6495 6496/6496/6496 
f 6496/6496/6496 6501/6501/6501 6502/6502/6502 
f 6495/6495/6495 6502/6502/6502 6324/6324/6324 
f 6324/6324/6324 6330/6330/6330 6495/6495/6495 
f 6503/6503/6503 6499/6499/6499 6500/6500/6500 
f 6500/6500/6500 6504/6504/6504 6503/6503/6503 
f 6505/6505/6505 6501/6501/6501 6499/6499/6499 
f 6499/6499/6499 6503/6503/6503 6505/6505/6505 
f 6506/6506/6506 6502/6502/6502 6501/6501/6501 
f 6501/6501/6501 6505/6505/6505 6506/6506/6506 
f 6319/6319/6319 6324/6324/6324 6502/6502/6502 
f 6502/6502/6502 6506/6506/6506 6319/6319/6319 
f 6507/6507/6507 6503/6503/6503 6504/6504/6504 
f 6504/6504/6504 6508/6508/6508 6507/6507/6507 
f 6509/6509/6509 6505/6505/6505 6503/6503/6503 
f 6503/6503/6503 6507/6507/6507 6509/6509/6509 
f 6510/6510/6510 6506/6506/6506 6505/6505/6505 
f 6505/6505/6505 6509/6509/6509 6510/6510/6510 
f 6315/6315/6315 6319/6319/6319 6506/6506/6506 
f 6506/6506/6506 6510/6510/6510 6315/6315/6315 
f 6297/6297/6297 6507/6507/6507 6508/6508/6508 
f 6508/6508/6508 6298/6298/6298 6297/6297/6297 
f 6304/6304/6304 6509/6509/6509 6507/6507/6507 
f 6507/6507/6507 6297/6297/6297 6304/6304/6304 
f 6307/6307/6307 6510/6510/6510 6509/6509/6509 
f 6509/6509/6509 6304/6304/6304 6307/6307/6307 
f 6310/6310/6310 6315/6315/6315 6510/6510/6510 
f 6510/6510/6510 6307/6307/6307 6310/6310/6310 
f 6511/6511/6511 6512/6512/6512 6513/6513/6513 
f 6513/6513/6513 6514/6514/6514 6511/6511/6511 
f 6515/6515/6515 6511/6511/6511 6514/6514/6514 
f 6514/6514/6514 6513/6513/6513 6516/6516/6516 
f 6514/6514/6514 6517/6517/6517 6515/6515/6515 
f 6518/6518/6518 6515/6515/6515 6517/6517/6517 
f 6516/6516/6516 6519/6519/6519 6514/6514/6514 
f 6517/6517/6517 6514/6514/6514 6519/6519/6519 
f 6519/6519/6519 6516/6516/6516 6520/6520/6520 
f 6517/6517/6517 6521/6521/6521 6518/6518/6518 
f 6522/6522/6522 6518/6518/6518 6521/6521/6521 
f 6519/6519/6519 6523/6523/6523 6517/6517/6517 
f 6521/6521/6521 6517/6517/6517 6523/6523/6523 
f 6520/6520/6520 6524/6524/6524 6519/6519/6519 
f 6523/6523/6523 6519/6519/6519 6524/6524/6524 
f 6524/6524/6524 6520/6520/6520 6525/6525/6525 
f 6521/6521/6521 6526/6526/6526 6522/6522/6522 
f 6527/6527/6527 6522/6522/6522 6526/6526/6526 
f 6523/6523/6523 6528/6528/6528 6521/6521/6521 
f 6526/6526/6526 6521/6521/6521 6528/6528/6528 
f 6524/6524/6524 6529/6529/6529 6523/6523/6523 
f 6528/6528/6528 6523/6523/6523 6529/6529/6529 
f 6525/6525/6525 6530/6530/6530 6524/6524/6524 
f 6529/6529/6529 6524/6524/6524 6530/6530/6530 
f 6530/6530/6530 6525/6525/6525 6531/6531/6531 
f 6526/6526/6526 6532/6532/6532 6527/6527/6527 
f 6533/6533/6533 6527/6527/6527 6532/6532/6532 
f 6528/6528/6528 6534/6534/6534 6526/6526/6526 
f 6532/6532/6532 6526/6526/6526 6534/6534/6534 
f 6529/6529/6529 6535/6535/6535 6528/6528/6528 
f 6534/6534/6534 6528/6528/6528 6535/6535/6535 
f 6530/6530/6530 6536/6536/6536 6529/6529/6529 
f 6535/6535/6535 6529/6529/6529 6536/6536/6536 
f 6531/6531/6531 6537/6537/6537 6530/6530/6530 
f 6536/6536/6536 6530/6530/6530 6537/6537/6537 
f 6537/6537/6537 6531/6531/6531 6538/6538/6538 
f 6538/6538/6538 6539/6539/6539 6537/6537/6537 
f 6539/6539/6539 6538/6538/6538 6540/6540/6540 
f 6537/6537/6537 6541/6541/6541 6536/6536/6536 
f 6541/6541/6541 6537/6537/6537 6539/6539/6539 
f 6536/6536/6536 6542/6542/6542 6535/6535/6535 
f 6542/6542/6542 6536/6536/6536 6541/6541/6541 
f 6543/6543/6543 6535/6535/6535 6542/6542/6542 
f 6535/6535/6535 6543/6543/6543 6534/6534/6534 
f 6540/6540/6540 6544/6544/6544 6539/6539/6539 
f 6544/6544/6544 6540/6540/6540 6545/6545/6545 
f 6539/6539/6539 6546/6546/6546 6541/6541/6541 
f 6546/6546/6546 6539/6539/6539 6544/6544/6544 
f 6541/6541/6541 6547/6547/6547 6542/6542/6542 
f 6547/6547/6547 6541/6541/6541 6546/6546/6546 
f 6542/6542/6542 6548/6548/6548 6543/6543/6543 
f 6548/6548/6548 6542/6542/6542 6547/6547/6547 
f 6545/6545/6545 6549/6549/6549 6544/6544/6544 
f 6549/6549/6549 6545/6545/6545 6550/6550/6550 
f 6550/6550/6550 6551/6551/6551 6549/6549/6549 
f 6552/6552/6552 6544/6544/6544 6549/6549/6549 
f 6544/6544/6544 6552/6552/6552 6546/6546/6546 
f 6553/6553/6553 6549/6549/6549 6551/6551/6551 
f 6549/6549/6549 6553/6553/6553 6552/6552/6552 
f 6551/6551/6551 6554/6554/6554 6553/6553/6553 
f 6555/6555/6555 6546/6546/6546 6552/6552/6552 
f 6546/6546/6546 6555/6555/6555 6547/6547/6547 
f 6556/6556/6556 6552/6552/6552 6553/6553/6553 
f 6552/6552/6552 6556/6556/6556 6555/6555/6555 
f 6557/6557/6557 6553/6553/6553 6554/6554/6554 
f 6553/6553/6553 6557/6557/6557 6556/6556/6556 
f 6554/6554/6554 6558/6558/6558 6557/6557/6557 
f 6559/6559/6559 6547/6547/6547 6555/6555/6555 
f 6547/6547/6547 6559/6559/6559 6548/6548/6548 
f 6560/6560/6560 6555/6555/6555 6556/6556/6556 
f 6555/6555/6555 6560/6560/6560 6559/6559/6559 
f 6561/6561/6561 6556/6556/6556 6557/6557/6557 
f 6556/6556/6556 6561/6561/6561 6560/6560/6560 
f 6562/6562/6562 6557/6557/6557 6558/6558/6558 
f 6557/6557/6557 6562/6562/6562 6561/6561/6561 
f 6558/6558/6558 6563/6563/6563 6562/6562/6562 
f 6564/6564/6564 6562/6562/6562 6563/6563/6563 
f 6563/6563/6563 6565/6565/6565 6564/6564/6564 
f 6566/6566/6566 6561/6561/6561 6562/6562/6562 
f 6562/6562/6562 6564/6564/6564 6566/6566/6566 
f 6567/6567/6567 6560/6560/6560 6561/6561/6561 
f 6561/6561/6561 6566/6566/6566 6567/6567/6567 
f 6560/6560/6560 6567/6567/6567 6568/6568/6568 
f 6568/6568/6568 6559/6559/6559 6560/6560/6560 
f 6569/6569/6569 6564/6564/6564 6565/6565/6565 
f 6565/6565/6565 6570/6570/6570 6569/6569/6569 
f 6571/6571/6571 6566/6566/6566 6564/6564/6564 
f 6564/6564/6564 6569/6569/6569 6571/6571/6571 
f 6572/6572/6572 6567/6567/6567 6566/6566/6566 
f 6566/6566/6566 6571/6571/6571 6572/6572/6572 
f 6573/6573/6573 6568/6568/6568 6567/6567/6567 
f 6567/6567/6567 6572/6572/6572 6573/6573/6573 
f 6574/6574/6574 6569/6569/6569 6570/6570/6570 
f 6570/6570/6570 6575/6575/6575 6574/6574/6574 
f 6576/6576/6576 6571/6571/6571 6569/6569/6569 
f 6569/6569/6569 6574/6574/6574 6576/6576/6576 
f 6577/6577/6577 6572/6572/6572 6571/6571/6571 
f 6571/6571/6571 6576/6576/6576 6577/6577/6577 
f 6578/6578/6578 6573/6573/6573 6572/6572/6572 
f 6572/6572/6572 6577/6577/6577 6578/6578/6578 
f 6579/6579/6579 6574/6574/6574 6575/6575/6575 
f 6575/6575/6575 6580/6580/6580 6579/6579/6579 
f 6581/6581/6581 6579/6579/6579 6580/6580/6580 
f 6580/6580/6580 6582/6582/6582 6581/6581/6581 
f 6579/6579/6579 6581/6581/6581 6583/6583/6583 
f 6574/6574/6574 6579/6579/6579 6584/6584/6584 
f 6583/6583/6583 6584/6584/6584 6579/6579/6579 
f 6584/6584/6584 6576/6576/6576 6574/6574/6574 
f 6584/6584/6584 6583/6583/6583 6585/6585/6585 
f 6576/6576/6576 6584/6584/6584 6586/6586/6586 
f 6585/6585/6585 6586/6586/6586 6584/6584/6584 
f 6586/6586/6586 6577/6577/6577 6576/6576/6576 
f 6586/6586/6586 6585/6585/6585 6587/6587/6587 
f 6577/6577/6577 6586/6586/6586 6588/6588/6588 
f 6587/6587/6587 6588/6588/6588 6586/6586/6586 
f 6588/6588/6588 6578/6578/6578 6577/6577/6577 
f 6588/6588/6588 6587/6587/6587 6589/6589/6589 
f 6589/6589/6589 6590/6590/6590 6588/6588/6588 
f 6578/6578/6578 6588/6588/6588 6590/6590/6590 
f 6590/6590/6590 6589/6589/6589 6591/6591/6591 
f 6590/6590/6590 6592/6592/6592 6578/6578/6578 
f 6573/6573/6573 6578/6578/6578 6592/6592/6592 
f 6591/6591/6591 6593/6593/6593 6590/6590/6590 
f 6592/6592/6592 6590/6590/6590 6593/6593/6593 
f 6593/6593/6593 6591/6591/6591 6594/6594/6594 
f 6592/6592/6592 6595/6595/6595 6573/6573/6573 
f 6568/6568/6568 6573/6573/6573 6595/6595/6595 
f 6593/6593/6593 6596/6596/6596 6592/6592/6592 
f 6595/6595/6595 6592/6592/6592 6596/6596/6596 
f 6594/6594/6594 6597/6597/6597 6593/6593/6593 
f 6596/6596/6596 6593/6593/6593 6597/6597/6597 
f 6597/6597/6597 6594/6594/6594 6598/6598/6598 
f 6595/6595/6595 6599/6599/6599 6568/6568/6568 
f 6559/6559/6559 6568/6568/6568 6599/6599/6599 
f 6599/6599/6599 6548/6548/6548 6559/6559/6559 
f 6599/6599/6599 6595/6595/6595 6600/6600/6600 
f 6596/6596/6596 6600/6600/6600 6595/6595/6595 
f 6548/6548/6548 6599/6599/6599 6601/6601/6601 
f 6600/6600/6600 6601/6601/6601 6599/6599/6599 
f 6601/6601/6601 6543/6543/6543 6548/6548/6548 
f 6600/6600/6600 6596/6596/6596 6602/6602/6602 
f 6597/6597/6597 6602/6602/6602 6596/6596/6596 
f 6601/6601/6601 6600/6600/6600 6603/6603/6603 
f 6602/6602/6602 6603/6603/6603 6600/6600/6600 
f 6543/6543/6543 6601/6601/6601 6604/6604/6604 
f 6603/6603/6603 6604/6604/6604 6601/6601/6601 
f 6604/6604/6604 6534/6534/6534 6543/6543/6543 
f 6534/6534/6534 6604/6604/6604 6532/6532/6532 
f 6605/6605/6605 6532/6532/6532 6604/6604/6604 
f 6604/6604/6604 6603/6603/6603 6605/6605/6605 
f 6532/6532/6532 6605/6605/6605 6533/6533/6533 
f 6606/6606/6606 6533/6533/6533 6605/6605/6605 
f 6607/6607/6607 6605/6605/6605 6603/6603/6603 
f 6605/6605/6605 6607/6607/6607 6606/6606/6606 
f 6603/6603/6603 6602/6602/6602 6607/6607/6607 
f 6608/6608/6608 6606/6606/6606 6607/6607/6607 
f 6609/6609/6609 6607/6607/6607 6602/6602/6602 
f 6607/6607/6607 6609/6609/6609 6608/6608/6608 
f 6602/6602/6602 6597/6597/6597 6609/6609/6609 
f 6610/6610/6610 6608/6608/6608 6609/6609/6609 
f 6598/6598/6598 6609/6609/6609 6597/6597/6597 
f 6609/6609/6609 6598/6598/6598 6610/6610/6610 
f 6611/6611/6611 6612/6612/6612 6613/6613/6613 
f 6613/6613/6613 6614/6614/6614 6611/6611/6611 
f 6615/6615/6615 6611/6611/6611 6614/6614/6614 
f 6614/6614/6614 6613/6613/6613 6616/6616/6616 
f 6614/6614/6614 6617/6617/6617 6615/6615/6615 
f 6618/6618/6618 6615/6615/6615 6617/6617/6617 
f 6616/6616/6616 6619/6619/6619 6614/6614/6614 
f 6617/6617/6617 6614/6614/6614 6619/6619/6619 
f 6619/6619/6619 6616/6616/6616 6620/6620/6620 
f 6617/6617/6617 6621/6621/6621 6618/6618/6618 
f 6622/6622/6622 6618/6618/6618 6621/6621/6621 
f 6619/6619/6619 6623/6623/6623 6617/6617/6617 
f 6621/6621/6621 6617/6617/6617 6623/6623/6623 
f 6620/6620/6620 6624/6624/6624 6619/6619/6619 
f 6623/6623/6623 6619/6619/6619 6624/6624/6624 
f 6624/6624/6624 6620/6620/6620 6625/6625/6625 
f 6621/6621/6621 6626/6626/6626 6622/6622/6622 
f 6627/6627/6627 6622/6622/6622 6626/6626/6626 
f 6623/6623/6623 6628/6628/6628 6621/6621/6621 
f 6626/6626/6626 6621/6621/6621 6628/6628/6628 
f 6624/6624/6624 6629/6629/6629 6623/6623/6623 
f 6628/6628/6628 6623/6623/6623 6629/6629/6629 
f 6625/6625/6625 6630/6630/6630 6624/6624/6624 
f 6629/6629/6629 6624/6624/6624 6630/6630/6630 
f 6630/6630/6630 6625/6625/6625 6631/6631/6631 
f 6626/6626/6626 6632/6632/6632 6627/6627/6627 
f 6633/6633/6633 6627/6627/6627 6632/6632/6632 
f 6628/6628/6628 6634/6634/6634 6626/6626/6626 
f 6632/6632/6632 6626/6626/6626 6634/6634/6634 
f 6629/6629/6629 6635/6635/6635 6628/6628/6628 
f 6634/6634/6634 6628/6628/6628 6635/6635/6635 
f 6630/6630/6630 6636/6636/6636 6629/6629/6629 
f 6635/6635/6635 6629/6629/6629 6636/6636/6636 
f 6631/6631/6631 6637/6637/6637 6630/6630/6630 
f 6636/6636/6636 6630/6630/6630 6637/6637/6637 
f 6637/6637/6637 6631/6631/6631 6638/6638/6638 
f 6638/6638/6638 6639/6639/6639 6637/6637/6637 
f 6639/6639/6639 6638/6638/6638 6640/6640/6640 
f 6637/6637/6637 6641/6641/6641 6636/6636/6636 
f 6641/6641/6641 6637/6637/6637 6639/6639/6639 
f 6636/6636/6636 6642/6642/6642 6635/6635/6635 
f 6642/6642/6642 6636/6636/6636 6641/6641/6641 
f 6643/6643/6643 6635/6635/6635 6642/6642/6642 
f 6635/6635/6635 6643/6643/6643 6634/6634/6634 
f 6640/6640/6640 6644/6644/6644 6639/6639/6639 
f 6644/6644/6644 6640/6640/6640 6645/6645/6645 
f 6639/6639/6639 6646/6646/6646 6641/6641/6641 
f 6646/6646/6646 6639/6639/6639 6644/6644/6644 
f 6641/6641/6641 6647/6647/6647 6642/6642/6642 
f 6647/6647/6647 6641/6641/6641 6646/6646/6646 
f 6642/6642/6642 6648/6648/6648 6643/6643/6643 
f 6648/6648/6648 6642/6642/6642 6647/6647/6647 
f 6645/6645/6645 6649/6649/6649 6644/6644/6644 
f 6649/6649/6649 6645/6645/6645 6650/6650/6650 
f 6650/6650/6650 6651/6651/6651 6649/6649/6649 
f 6652/6652/6652 6644/6644/6644 6649/6649/6649 
f 6644/6644/6644 6652/6652/6652 6646/6646/6646 
f 6653/6653/6653 6649/6649/6649 6651/6651/6651 
f 6649/6649/6649 6653/6653/6653 6652/6652/6652 
f 6651/6651/6651 6654/6654/6654 6653/6653/6653 
f 6655/6655/6655 6646/6646/6646 6652/6652/6652 
f 6646/6646/6646 6655/6655/6655 6647/6647/6647 
f 6656/6656/6656 6652/6652/6652 6653/6653/6653 
f 6652/6652/6652 6656/6656/6656 6655/6655/6655 
f 6657/6657/6657 6653/6653/6653 6654/6654/6654 
f 6653/6653/6653 6657/6657/6657 6656/6656/6656 
f 6654/6654/6654 6658/6658/6658 6657/6657/6657 
f 6659/6659/6659 6647/6647/6647 6655/6655/6655 
f 6647/6647/6647 6659/6659/6659 6648/6648/6648 
f 6660/6660/6660 6655/6655/6655 6656/6656/6656 
f 6655/6655/6655 6660/6660/6660 6659/6659/6659 
f 6661/6661/6661 6656/6656/6656 6657/6657/6657 
f 6656/6656/6656 6661/6661/6661 6660/6660/6660 
f 6662/6662/6662 6657/6657/6657 6658/6658/6658 
f 6657/6657/6657 6662/6662/6662 6661/6661/6661 
f 6658/6658/6658 6663/6663/6663 6662/6662/6662 
f 6664/6664/6664 6662/6662/6662 6663/6663/6663 
f 6663/6663/6663 6665/6665/6665 6664/6664/6664 
f 6666/6666/6666 6661/6661/6661 6662/6662/6662 
f 6662/6662/6662 6664/6664/6664 6666/6666/6666 
f 6667/6667/6667 6660/6660/6660 6661/6661/6661 
f 6661/6661/6661 6666/6666/6666 6667/6667/6667 
f 6660/6660/6660 6667/6667/6667 6668/6668/6668 
f 6668/6668/6668 6659/6659/6659 6660/6660/6660 
f 6669/6669/6669 6664/6664/6664 6665/6665/6665 
f 6665/6665/6665 6670/6670/6670 6669/6669/6669 
f 6671/6671/6671 6666/6666/6666 6664/6664/6664 
f 6664/6664/6664 6669/6669/6669 6671/6671/6671 
f 6672/6672/6672 6667/6667/6667 6666/6666/6666 
f 6666/6666/6666 6671/6671/6671 6672/6672/6672 
f 6673/6673/6673 6668/6668/6668 6667/6667/6667 
f 6667/6667/6667 6672/6672/6672 6673/6673/6673 
f 6674/6674/6674 6669/6669/6669 6670/6670/6670 
f 6670/6670/6670 6675/6675/6675 6674/6674/6674 
f 6676/6676/6676 6671/6671/6671 6669/6669/6669 
f 6669/6669/6669 6674/6674/6674 6676/6676/6676 
f 6677/6677/6677 6672/6672/6672 6671/6671/6671 
f 6671/6671/6671 6676/6676/6676 6677/6677/6677 
f 6678/6678/6678 6673/6673/6673 6672/6672/6672 
f 6672/6672/6672 6677/6677/6677 6678/6678/6678 
f 6679/6679/6679 6674/6674/6674 6675/6675/6675 
f 6675/6675/6675 6680/6680/6680 6679/6679/6679 
f 6681/6681/6681 6679/6679/6679 6680/6680/6680 
f 6680/6680/6680 6682/6682/6682 6681/6681/6681 
f 6679/6679/6679 6681/6681/6681 6683/6683/6683 
f 6674/6674/6674 6679/6679/6679 6684/6684/6684 
f 6683/6683/6683 6684/6684/6684 6679/6679/6679 
f 6684/6684/6684 6676/6676/6676 6674/6674/6674 
f 6684/6684/6684 6683/6683/6683 6685/6685/6685 
f 6676/6676/6676 6684/6684/6684 6686/6686/6686 
f 6685/6685/6685 6686/6686/6686 6684/6684/6684 
f 6686/6686/6686 6677/6677/6677 6676/6676/6676 
f 6686/6686/6686 6685/6685/6685 6687/6687/6687 
f 6677/6677/6677 6686/6686/6686 6688/6688/6688 
f 6687/6687/6687 6688/6688/6688 6686/6686/6686 
f 6688/6688/6688 6678/6678/6678 6677/6677/6677 
f 6688/6688/6688 6687/6687/6687 6689/6689/6689 
f 6689/6689/6689 6690/6690/6690 6688/6688/6688 
f 6678/6678/6678 6688/6688/6688 6690/6690/6690 
f 6690/6690/6690 6689/6689/6689 6691/6691/6691 
f 6690/6690/6690 6692/6692/6692 6678/6678/6678 
f 6673/6673/6673 6678/6678/6678 6692/6692/6692 
f 6691/6691/6691 6693/6693/6693 6690/6690/6690 
f 6692/6692/6692 6690/6690/6690 6693/6693/6693 
f 6693/6693/6693 6691/6691/6691 6694/6694/6694 
f 6692/6692/6692 6695/6695/6695 6673/6673/6673 
f 6668/6668/6668 6673/6673/6673 6695/6695/6695 
f 6693/6693/6693 6696/6696/6696 6692/6692/6692 
f 6695/6695/6695 6692/6692/6692 6696/6696/6696 
f 6694/6694/6694 6697/6697/6697 6693/6693/6693 
f 6696/6696/6696 6693/6693/6693 6697/6697/6697 
f 6697/6697/6697 6694/6694/6694 6698/6698/6698 
f 6695/6695/6695 6699/6699/6699 6668/6668/6668 
f 6659/6659/6659 6668/6668/6668 6699/6699/6699 
f 6699/6699/6699 6648/6648/6648 6659/6659/6659 
f 6699/6699/6699 6695/6695/6695 6700/6700/6700 
f 6696/6696/6696 6700/6700/6700 6695/6695/6695 
f 6648/6648/6648 6699/6699/6699 6701/6701/6701 
f 6700/6700/6700 6701/6701/6701 6699/6699/6699 
f 6701/6701/6701 6643/6643/6643 6648/6648/6648 
f 6700/6700/6700 6696/6696/6696 6702/6702/6702 
f 6697/6697/6697 6702/6702/6702 6696/6696/6696 
f 6701/6701/6701 6700/6700/6700 6703/6703/6703 
f 6702/6702/6702 6703/6703/6703 6700/6700/6700 
f 6643/6643/6643 6701/6701/6701 6704/6704/6704 
f 6703/6703/6703 6704/6704/6704 6701/6701/6701 
f 6704/6704/6704 6634/6634/6634 6643/6643/6643 
f 6634/6634/6634 6704/6704/6704 6632/6632/6632 
f 6705/6705/6705 6632/6632/6632 6704/6704/6704 
f 6704/6704/6704 6703/6703/6703 6705/6705/6705 
f 6632/6632/6632 6705/6705/6705 6633/6633/6633 
f 6706/6706/6706 6633/6633/6633 6705/6705/6705 
f 6707/6707/6707 6705/6705/6705 6703/6703/6703 
f 6705/6705/6705 6707/6707/6707 6706/6706/6706 
f 6703/6703/6703 6702/6702/6702 6707/6707/6707 
f 6708/6708/6708 6706/6706/6706 6707/6707/6707 
f 6709/6709/6709 6707/6707/6707 6702/6702/6702 
f 6707/6707/6707 6709/6709/6709 6708/6708/6708 
f 6702/6702/6702 6697/6697/6697 6709/6709/6709 
f 6710/6710/6710 6708/6708/6708 6709/6709/6709 
f 6698/6698/6698 6709/6709/6709 6697/6697/6697 
f 6709/6709/6709 6698/6698/6698 6710/6710/6710 
f 6364/6364/6364 6711/6711/6711 6363/6363/6363 
f 6711/6711/6711 6364/6364/6364 6712/6712/6712 
f 6363/6363/6363 6713/6713/6713 6365/6365/6365 
f 6713/6713/6713 6363/6363/6363 6711/6711/6711 
f 6365/6365/6365 6714/6714/6714 6366/6366/6366 
f 6714/6714/6714 6365/6365/6365 6713/6713/6713 
f 6366/6366/6366 6715/6715/6715 6367/6367/6367 
f 6715/6715/6715 6366/6366/6366 6714/6714/6714 
f 6712/6712/6712 6716/6716/6716 6711/6711/6711 
f 6716/6716/6716 6712/6712/6712 6717/6717/6717 
f 6711/6711/6711 6718/6718/6718 6713/6713/6713 
f 6718/6718/6718 6711/6711/6711 6716/6716/6716 
f 6713/6713/6713 6719/6719/6719 6714/6714/6714 
f 6719/6719/6719 6713/6713/6713 6718/6718/6718 
f 6714/6714/6714 6720/6720/6720 6715/6715/6715 
f 6720/6720/6720 6714/6714/6714 6719/6719/6719 
f 6717/6717/6717 6721/6721/6721 6716/6716/6716 
f 6721/6721/6721 6717/6717/6717 6722/6722/6722 
f 6722/6722/6722 6723/6723/6723 6721/6721/6721 
f 6724/6724/6724 6716/6716/6716 6721/6721/6721 
f 6716/6716/6716 6724/6724/6724 6718/6718/6718 
f 6725/6725/6725 6721/6721/6721 6723/6723/6723 
f 6721/6721/6721 6725/6725/6725 6724/6724/6724 
f 6726/6726/6726 6727/6727/6727 6723/6723/6723 
f 6728/6728/6728 6723/6723/6723 6727/6727/6727 
f 6723/6723/6723 6728/6728/6728 6725/6725/6725 
f 6727/6727/6727 6729/6729/6729 6728/6728/6728 
f 6730/6730/6730 6728/6728/6728 6729/6729/6729 
f 6731/6731/6731 6718/6718/6718 6724/6724/6724 
f 6718/6718/6718 6731/6731/6731 6719/6719/6719 
f 6732/6732/6732 6724/6724/6724 6725/6725/6725 
f 6724/6724/6724 6732/6732/6732 6731/6731/6731 
f 6733/6733/6733 6725/6725/6725 6728/6728/6728 
f 6728/6728/6728 6730/6730/6730 6733/6733/6733 
f 6725/6725/6725 6733/6733/6733 6732/6732/6732 
f 6734/6734/6734 6719/6719/6719 6731/6731/6731 
f 6719/6719/6719 6734/6734/6734 6720/6720/6720 
f 6735/6735/6735 6731/6731/6731 6732/6732/6732 
f 6731/6731/6731 6735/6735/6735 6734/6734/6734 
f 6736/6736/6736 6732/6732/6732 6733/6733/6733 
f 6732/6732/6732 6736/6736/6736 6735/6735/6735 
f 6737/6737/6737 6733/6733/6733 6730/6730/6730 
f 6733/6733/6733 6737/6737/6737 6736/6736/6736 
f 6730/6730/6730 6738/6738/6738 6737/6737/6737 
f 6739/6739/6739 6737/6737/6737 6738/6738/6738 
f 6738/6738/6738 6740/6740/6740 6739/6739/6739 
f 6741/6741/6741 6736/6736/6736 6737/6737/6737 
f 6737/6737/6737 6739/6739/6739 6741/6741/6741 
f 6742/6742/6742 6735/6735/6735 6736/6736/6736 
f 6736/6736/6736 6741/6741/6741 6742/6742/6742 
f 6735/6735/6735 6742/6742/6742 6743/6743/6743 
f 6743/6743/6743 6734/6734/6734 6735/6735/6735 
f 6744/6744/6744 6739/6739/6739 6740/6740/6740 
f 6740/6740/6740 6745/6745/6745 6744/6744/6744 
f 6746/6746/6746 6741/6741/6741 6739/6739/6739 
f 6739/6739/6739 6744/6744/6744 6746/6746/6746 
f 6747/6747/6747 6742/6742/6742 6741/6741/6741 
f 6741/6741/6741 6746/6746/6746 6747/6747/6747 
f 6748/6748/6748 6743/6743/6743 6742/6742/6742 
f 6742/6742/6742 6747/6747/6747 6748/6748/6748 
f 6749/6749/6749 6744/6744/6744 6745/6745/6745 
f 6745/6745/6745 6750/6750/6750 6749/6749/6749 
f 6751/6751/6751 6746/6746/6746 6744/6744/6744 
f 6744/6744/6744 6749/6749/6749 6751/6751/6751 
f 6752/6752/6752 6747/6747/6747 6746/6746/6746 
f 6746/6746/6746 6751/6751/6751 6752/6752/6752 
f 6753/6753/6753 6748/6748/6748 6747/6747/6747 
f 6747/6747/6747 6752/6752/6752 6753/6753/6753 
f 6748/6748/6748 6753/6753/6753 6754/6754/6754 
f 6755/6755/6755 6751/6751/6751 6749/6749/6749 
f 6756/6756/6756 6752/6752/6752 6751/6751/6751 
f 6751/6751/6751 6755/6755/6755 6756/6756/6756 
f 6757/6757/6757 6753/6753/6753 6752/6752/6752 
f 6752/6752/6752 6756/6756/6756 6757/6757/6757 
f 6758/6758/6758 6756/6756/6756 6755/6755/6755 
f 6756/6756/6756 6758/6758/6758 6759/6759/6759 
f 6759/6759/6759 6757/6757/6757 6756/6756/6756 
f 6755/6755/6755 6760/6760/6760 6758/6758/6758 
f 6757/6757/6757 6759/6759/6759 6761/6761/6761 
f 6760/6760/6760 6755/6755/6755 6762/6762/6762 
f 6749/6749/6749 6762/6762/6762 6755/6755/6755 
f 6762/6762/6762 6763/6763/6763 6760/6760/6760 
f 6762/6762/6762 6749/6749/6749 6750/6750/6750 
f 6763/6763/6763 6762/6762/6762 6764/6764/6764 
f 6750/6750/6750 6764/6764/6764 6762/6762/6762 
f 6764/6764/6764 6750/6750/6750 6765/6765/6765 
f 6764/6764/6764 6766/6766/6766 6763/6763/6763 
f 6765/6765/6765 6767/6767/6767 6764/6764/6764 
f 6766/6766/6766 6764/6764/6764 6767/6767/6767 
f 6767/6767/6767 6768/6768/6768 6766/6766/6766 
f 6761/6761/6761 6769/6769/6769 6757/6757/6757 
f 6753/6753/6753 6757/6757/6757 6769/6769/6769 
f 6769/6769/6769 6761/6761/6761 6770/6770/6770 
f 6769/6769/6769 6754/6754/6754 6753/6753/6753 
f 6770/6770/6770 6771/6771/6771 6769/6769/6769 
f 6754/6754/6754 6769/6769/6769 6771/6771/6771 
f 6771/6771/6771 6770/6770/6770 6772/6772/6772 
f 6772/6772/6772 6773/6773/6773 6771/6771/6771 
f 6773/6773/6773 6772/6772/6772 6774/6774/6774 
f 6771/6771/6771 6775/6775/6775 6754/6754/6754 
f 6775/6775/6775 6771/6771/6771 6773/6773/6773 
f 6776/6776/6776 6754/6754/6754 6775/6775/6775 
f 6754/6754/6754 6776/6776/6776 6748/6748/6748 
f 6743/6743/6743 6748/6748/6748 6776/6776/6776 
f 6774/6774/6774 6777/6777/6777 6773/6773/6773 
f 6777/6777/6777 6774/6774/6774 6778/6778/6778 
f 6773/6773/6773 6779/6779/6779 6775/6775/6775 
f 6779/6779/6779 6773/6773/6773 6777/6777/6777 
f 6775/6775/6775 6780/6780/6780 6776/6776/6776 
f 6780/6780/6780 6775/6775/6775 6779/6779/6779 
f 6776/6776/6776 6781/6781/6781 6743/6743/6743 
f 6781/6781/6781 6776/6776/6776 6780/6780/6780 
f 6734/6734/6734 6743/6743/6743 6781/6781/6781 
f 6781/6781/6781 6720/6720/6720 6734/6734/6734 
f 6720/6720/6720 6781/6781/6781 6782/6782/6782 
f 6780/6780/6780 6782/6782/6782 6781/6781/6781 
f 6782/6782/6782 6715/6715/6715 6720/6720/6720 
f 6779/6779/6779 6783/6783/6783 6780/6780/6780 
f 6782/6782/6782 6780/6780/6780 6783/6783/6783 
f 6715/6715/6715 6782/6782/6782 6784/6784/6784 
f 6783/6783/6783 6784/6784/6784 6782/6782/6782 
f 6784/6784/6784 6367/6367/6367 6715/6715/6715 
f 6783/6783/6783 6779/6779/6779 6785/6785/6785 
f 6777/6777/6777 6785/6785/6785 6779/6779/6779 
f 6784/6784/6784 6783/6783/6783 6786/6786/6786 
f 6785/6785/6785 6786/6786/6786 6783/6783/6783 
f 6367/6367/6367 6784/6784/6784 6787/6787/6787 
f 6786/6786/6786 6787/6787/6787 6784/6784/6784 
f 6787/6787/6787 6362/6362/6362 6367/6367/6367 
f 6785/6785/6785 6777/6777/6777 6788/6788/6788 
f 6778/6778/6778 6788/6788/6788 6777/6777/6777 
f 6788/6788/6788 6778/6778/6778 6789/6789/6789 
f 6788/6788/6788 6790/6790/6790 6785/6785/6785 
f 6786/6786/6786 6785/6785/6785 6790/6790/6790 
f 6789/6789/6789 6791/6791/6791 6788/6788/6788 
f 6790/6790/6790 6788/6788/6788 6791/6791/6791 
f 6791/6791/6791 6789/6789/6789 6792/6792/6792 
f 6790/6790/6790 6793/6793/6793 6786/6786/6786 
f 6787/6787/6787 6786/6786/6786 6793/6793/6793 
f 6791/6791/6791 6794/6794/6794 6790/6790/6790 
f 6793/6793/6793 6790/6790/6790 6794/6794/6794 
f 6792/6792/6792 6795/6795/6795 6791/6791/6791 
f 6794/6794/6794 6791/6791/6791 6795/6795/6795 
f 6795/6795/6795 6792/6792/6792 6479/6479/6479 
f 6479/6479/6479 6478/6478/6478 6795/6795/6795 
f 6796/6796/6796 6795/6795/6795 6478/6478/6478 
f 6795/6795/6795 6796/6796/6796 6794/6794/6794 
f 6478/6478/6478 6339/6339/6339 6796/6796/6796 
f 6338/6338/6338 6796/6796/6796 6339/6339/6339 
f 6797/6797/6797 6794/6794/6794 6796/6796/6796 
f 6796/6796/6796 6338/6338/6338 6797/6797/6797 
f 6794/6794/6794 6797/6797/6797 6793/6793/6793 
f 6343/6343/6343 6797/6797/6797 6338/6338/6338 
f 6798/6798/6798 6793/6793/6793 6797/6797/6797 
f 6797/6797/6797 6343/6343/6343 6798/6798/6798 
f 6793/6793/6793 6798/6798/6798 6787/6787/6787 
f 6353/6353/6353 6798/6798/6798 6343/6343/6343 
f 6362/6362/6362 6787/6787/6787 6798/6798/6798 
f 6798/6798/6798 6353/6353/6353 6362/6362/6362 

