g Player1

v -1.20546 100.069 -0.395788 
v -0.90142 100.01 -0.481416 
v -1.21228 100.01 -0.39985 
v -1.17764 100.247 -0.375181 
v -0.892764 100.067 -0.478505 
v -0.90142 100.01 -0.481416 
v -1.09789 100.01 -0.138971 
v -1.21228 100.01 -0.39985 
v -1.38752 100.01 -0.107903 
v -1.38343 100.068 -0.105986 
v -1.38752 100.01 -0.107903 
v -1.34379 100.01 0.080899 
v -1.36054 100.242 -0.095355 
v -1.13831 100.421 -0.314804 
v -1.30049 100.372 -0.112264 
v -1.09693 100.468 -0.191431 
v -1.28394 100.415 -0.0100586 
v -0.86451 100.237 -0.458173 
v -0.702717 100.01 -0.368282 
v -0.694865 100.064 -0.367728 
v -0.813596 100.01 -0.205463 
v -0.927217 100.01 0.19387 
v -0.702717 100.01 -0.368282 
v -0.671933 100.227 -0.354126 
v -0.831659 100.406 -0.390067 
v -0.70067 100.354 -0.321781 
v -0.809216 100.456 -0.243835 
v -0.638319 100.393 -0.200514 
v -1.33096 100.242 0.0515536 
v -1.34272 100.068 0.0731287 
v -1.34379 100.01 0.080899 
v -1.17127 100.068 0.321741 
v -1.16995 100.01 0.338466 
v -1.16995 100.01 0.338466 
v -0.938706 100.071 0.628194 
v -1.17132 100.244 0.268389 
v -1.14629 100.469 0.200244 
v -0.92973 100.255 0.589318 
v -0.92046 100.483 0.539806 
v -0.941855 100.01 0.638116 
v -0.684036 100.01 0.120879 
v -0.70102 100.01 0.544538 
v -0.941855 100.01 0.638116 
v -0.776516 100.01 0.784811 
v -0.776516 100.01 0.784811 
v -0.76841 100.075 0.78053 
v -0.747843 100.272 0.755342 
v -0.734191 100.51 0.704839 
v -0.991063 100.424 0.254646 
v -0.851872 100.372 0.4745 
v -1.02813 100.483 0.379706 
v -1.04143 100.507 -0.0650876 
v -1.06963 100.614 0.342079 
v -1.00726 100.584 0.201995 
v -1.00726 100.584 0.201995 
v -0.851872 100.372 0.4745 
v -0.991063 100.424 0.254646 
v -0.959756 100.657 0.00420234 
v -1.05799 100.675 0.211094 
v -0.943957 100.762 0.259209 
v -0.9818 100.8 0.222194 
v -0.886544 100.812 0.455999 
v -0.916434 100.679 0.497975 
v -0.99635 100.748 0.345749 
v -0.857093 100.832 0.131904 
v -0.787032 100.5 -0.104863 
v -0.712114 100.591 0.308187 
v -0.943957 100.762 0.259209 
v -0.754961 100.648 -0.0585352 
v -0.744694 100.852 0.375883 
v -0.693944 100.824 0.0314442 
v -0.590485 100.851 0.272565 
v -0.844671 100.867 0.368946 
v -0.844671 100.867 0.368946 
v -0.984429 100.648 0.535258 
v -0.963488 100.449 0.560552 
v -0.832943 100.507 0.66106 
v -0.831151 100.667 0.67167 
v -0.937291 100.832 0.453197 
v -0.838236 100.802 0.552677 
v -0.746833 100.699 0.624609 
v -0.71088 100.444 0.667965 
v -0.689287 100.655 0.64145 
v -0.71088 100.444 0.667965 
v -0.689287 100.655 0.64145 
v -0.747185 100.848 0.505071 
v -0.747185 100.848 0.505071 
v -0.757263 100.788 0.556612 
v -0.599026 100.01 -0.168484 
v -0.595578 100.064 -0.173754 
v -0.599026 100.01 -0.168484 
v -0.517934 100.01 0.109821 
v -0.520118 100.067 0.0972072 
v -0.509606 100.01 0.43629 
v -0.587891 100.227 -0.180792 
v -0.565886 100.455 0.019041 
v -0.531958 100.236 0.061958 
v -0.517934 100.01 0.109821 
v -0.427875 100.252 0.310207 
v -0.408544 100.071 0.344992 
v -0.453515 100.479 0.266177 
v -0.405094 100.01 0.35533 
v -0.405094 100.01 0.35533 
v -0.500954 100.347 0.309614 
v -0.480371 100.367 0.107804 
v -0.387345 100.351 0.241113 
v -0.590057 100.351 0.0914995 
v -0.470372 100.455 0.0366396 
v -0.366638 100.502 0.164811 
v -0.394647 100.501 0.492293 
v -0.362745 100.449 0.366808 
v -0.540459 100.01 0.796522 
v -0.37052 100.01 0.682961 
v -0.540459 100.01 0.796522 
v -0.37052 100.01 0.682961 
v -0.373018 100.075 0.679121 
v -0.538054 100.075 0.791087 
v -0.390073 100.269 0.657846 
v -0.537536 100.27 0.763232 
v -0.418183 100.504 0.610012 
v -0.546409 100.506 0.707773 
v -0.416103 100.452 0.484148 
v -0.339212 100.01 0.552055 
v -0.342562 100.074 0.549086 
v -0.339212 100.01 0.552055 
v -0.363193 100.267 0.532122 
v -0.600165 100.48 0.0323443 
v -0.480641 100.6 0.061823 
v -0.56492 100.652 0.0682438 
v -0.590057 100.351 0.0914995 
v -0.652282 100.627 0.280097 
v -0.600165 100.48 0.0323443 
v -0.56492 100.652 0.0682438 
v -0.500954 100.347 0.309614 
v -0.581157 100.656 -0.000554487 
v -0.607047 100.782 0.00904855 
v -0.475892 100.673 0.228105 
v -0.514913 100.807 0.221673 
v -0.517966 100.783 0.135294 
v -0.466759 100.805 0.245924 
v -0.417342 100.685 0.117331 
v -0.3967 100.706 0.225285 
v -0.334314 100.581 0.321804 
v -0.517966 100.783 0.135294 
v -0.466759 100.805 0.245924 
v -0.469775 100.781 0.372053 
v -0.572173 100.694 0.619525 
v -0.453849 100.691 0.526495 
v -0.62226 100.815 0.519117 
v -0.416103 100.452 0.484148 
v -0.418755 100.649 0.412563 
v -0.500063 100.812 0.426008 
v -0.430467 100.69 0.420729 
v -0.418755 100.649 0.412563 

vn -0.582677 0.133858 -0.795276 
vn 0.0708661 -0.551181 -0.834646 
vn -0.519685 -0.519685 -0.677165 
vn -0.551181 0.267717 -0.787402 
vn 0.125984 0.0551181 -0.992126 
vn 0.0708661 -0.551181 -0.834646 
vn 0 -1 0 
vn -0.519685 -0.519685 -0.677165 
vn -0.834646 -0.535433 -0.141732 
vn -0.976378 0.11811 -0.165354 
vn -0.834646 -0.535433 -0.141732 
vn -0.748031 -0.574803 0.338583 
vn -0.952756 0.251969 -0.165354 
vn -0.425197 0.669291 -0.614173 
vn -0.787402 0.559055 -0.244094 
vn -0.244094 0.937008 -0.23622 
vn -0.740157 0.653543 0.141732 
vn 0.133858 0.212598 -0.968504 
vn 0.551181 -0.622047 -0.559055 
vn 0.716535 -0.0551181 -0.700787 
vn 0 -1 0 
vn 0 -1 0 
vn 0.551181 -0.622047 -0.559055 
vn 0.724409 0.110236 -0.677165 
vn 0.188976 0.637795 -0.748031 
vn 0.637795 0.480315 -0.598425 
vn 0.212598 0.905512 -0.362205 
vn 0.732283 0.543307 -0.409449 
vn -0.897638 0.228346 0.370079 
vn -0.913386 0.110236 0.401575 
vn -0.748031 -0.574803 0.338583 
vn -0.80315 0.141732 0.582677 
vn -0.653543 -0.582677 0.480315 
vn -0.653543 -0.582677 0.480315 
vn -0.724409 0.15748 0.669291 
vn -0.80315 0.204724 0.559055 
vn -0.850394 0.433071 0.299213 
vn -0.732283 0.188976 0.653543 
vn -0.740157 0.212598 0.637795 
vn -0.606299 -0.559055 0.566929 
vn 0 -1 0 
vn 0 -1 0 
vn -0.606299 -0.559055 0.566929 
vn -0.338583 -0.519685 0.787402 
vn -0.338583 -0.519685 0.787402 
vn -0.370079 0.141732 0.92126 
vn -0.362205 0.188976 0.913386 
vn -0.330709 0.275591 0.897638 
vn -0.330709 -0.755906 -0.566929 
vn 0.212598 -0.976378 -0.0393701 
vn -0.889764 -0.448819 0.110236 
vn -0.393701 0.834646 -0.377953 
vn -0.992126 0.11811 -0.0551181 
vn -0.417323 -0.0866142 -0.905512 
vn -0.417323 -0.0866142 -0.905512 
vn 0.212598 -0.976378 -0.0393701 
vn -0.330709 -0.755906 -0.566929 
vn -0.519685 0.543307 -0.661417 
vn -0.889764 0.456693 0.0314961 
vn -0.212598 0.574803 -0.787402 
vn -0.685039 0.732283 -0.0393701 
vn -0.543307 0.724409 0.433071 
vn -0.740157 0.314961 0.598425 
vn -0.818898 0.566929 -0.125984 
vn -0.330709 0.866142 -0.370079 
vn 0.181102 0.685039 -0.700787 
vn 0.787402 -0.0944882 -0.614173 
vn -0.212598 0.574803 -0.787402 
vn 0.0472441 0.354331 -0.937008 
vn -0.0629921 0.992126 0.11811 
vn 0.0472441 0.787402 -0.622047 
vn 0.251969 0.968504 -0.0629921 
vn 0.228346 0.88189 -0.409449 
vn 0.228346 0.88189 -0.409449 
vn -0.811024 0.19685 0.551181 
vn -0.685039 -0.472441 0.551181 
vn -0.307087 -0.291339 0.905512 
vn -0.244094 0.307087 0.92126 
vn -0.614173 0.740157 0.267717 
vn -0.23622 0.716535 0.661417 
vn -0.299213 0.440945 0.850394 
vn 0.543307 -0.566929 0.622047 
vn 0.779528 0.173228 0.598425 
vn 0.543307 -0.566929 0.622047 
vn 0.779528 0.173228 0.598425 
vn 0.598425 0.779528 0.204724 
vn 0.598425 0.779528 0.204724 
vn -0.23622 0.708661 0.661417 
vn 0.692913 -0.669291 -0.267717 
vn 0.929134 -0.0629921 -0.362205 
vn 0.692913 -0.669291 -0.267717 
vn 0.677165 -0.692913 -0.259843 
vn 0.944882 -0.0314961 -0.338583 
vn 0 -1 0 
vn 0.929134 0.0787402 -0.354331 
vn 0.834646 0.173228 -0.519685 
vn 0.944882 0.0393701 -0.338583 
vn 0.677165 -0.692913 -0.259843 
vn 0.937008 0.0393701 -0.338583 
vn 0.937008 0.00787402 -0.354331 
vn 0.937008 0.0551181 -0.338583 
vn 0.716535 -0.645669 -0.275591 
vn 0.716535 -0.645669 -0.275591 
vn -0.385827 -0.787402 0.488189 
vn 0.370079 -0.755906 -0.543307 
vn 0.692913 -0.716535 -0.0866142 
vn -0.559055 -0.755906 -0.338583 
vn 0.417323 -0.204724 -0.889764 
vn 0.905512 -0.0944882 -0.417323 
vn 0.984252 0.15748 -0.015748 
vn 0.866142 -0.370079 0.346457 
vn 0.212598 -0.543307 0.811024 
vn 0.685039 -0.551181 0.480315 
vn 0.212598 -0.543307 0.811024 
vn 0.685039 -0.551181 0.480315 
vn 0.818898 0.0944882 0.566929 
vn 0.275591 0.102362 0.952756 
vn 0.818898 0.165354 0.551181 
vn 0.283465 0.181102 0.937008 
vn 0.80315 0.283465 0.519685 
vn 0.299213 0.322835 0.897638 
vn 0.125984 -0.283465 0.952756 
vn 0.811024 -0.582677 -0.023622 
vn 1 0.0629921 -0.0393701 
vn 0.811024 -0.582677 -0.023622 
vn 0.992126 0.110236 -0.0314961 
vn -0.614173 -0.165354 -0.771654 
vn 0.362205 0.220472 -0.905512 
vn -0.440945 0.409449 -0.80315 
vn -0.559055 -0.755906 -0.338583 
vn -0.92126 0.204724 0.338583 
vn -0.614173 -0.165354 -0.771654 
vn -0.440945 0.409449 -0.80315 
vn -0.385827 -0.787402 0.488189 
vn 0.653543 0.15748 -0.740157 
vn 0.511811 0.511811 -0.685039 
vn 0.929134 0.149606 -0.338583 
vn 0.740157 0.606299 -0.283465 
vn -0.181102 0.88189 -0.440945 
vn 0.19685 0.937008 0.283465 
vn 0.677165 0.385827 -0.629921 
vn 0.866142 0.488189 -0.102362 
vn 0.976378 0.181102 0.149606 
vn -0.181102 0.88189 -0.440945 
vn 0.19685 0.937008 0.283465 
vn 0.834646 0.551181 -0.0629921 
vn 0.299213 0.543307 0.787402 
vn 0.755906 0.472441 0.456693 
vn 0.181102 0.84252 0.511811 
vn 0.125984 -0.283465 0.952756 
vn 0.188976 0.448819 0.874016 
vn 0.551181 0.795276 0.251969 
vn 0.96063 0.283465 -0.023622 
vn 0.188976 0.448819 0.874016 

vt 0.704992 0.489061 
vt 0.704984 0.488683 
vt 0.705018 0.489073 
vt 0.704919 0.489028 
vt 0.704959 0.488691 
vt 0.704029 0.494584 
vt 0.703897 0.494335 
vt 0.704038 0.494314 
vt 0.704908 0.489436 
vt 0.704889 0.489408 
vt 0.703927 0.494095 
vt 0.703831 0.494079 
vt 0.704836 0.489324 
vt 0.704843 0.489013 
vt 0.704804 0.489235 
vt 0.704783 0.489033 
vt 0.704755 0.489268 
vt 0.704888 0.488716 
vt 0.704872 0.488453 
vt 0.704853 0.488481 
vt 0.703885 0.49458 
vt 0.703714 0.494381 
vt 0.703945 0.494712 
vt 0.704801 0.48856 
vt 0.704814 0.488749 
vt 0.704771 0.488636 
vt 0.704747 0.488768 
vt 0.7047 0.488613 
vt 0.704763 0.489408 
vt 0.704784 0.489533 
vt 0.704789 0.489577 
vt 0.704582 0.48961 
vt 0.704572 0.489655 
vt 0.703683 0.494148 
vt 0.704321 0.489517 
vt 0.70461 0.489477 
vt 0.704632 0.489296 
vt 0.704366 0.489415 
vt 0.704417 0.489302 
vt 0.703507 0.494249 
vt 0.703712 0.494595 
vt 0.703514 0.494466 
vt 0.704308 0.489557 
vt 0.704174 0.489375 
vt 0.703412 0.494341 
vt 0.704193 0.489337 
vt 0.704249 0.489243 
vt 0.704319 0.489151 
vt 0.70788 0.496078 
vt 0.707916 0.496353 
vt 0.707841 0.496182 
vt 0.704721 0.489047 
vt 0.707786 0.496135 
vt 0.707797 0.496015 
vt 0.706904 0.496679 
vt 0.706712 0.496526 
vt 0.706863 0.496553 
vt 0.704658 0.489007 
vt 0.704595 0.489174 
vt 0.707696 0.496073 
vt 0.704568 0.489098 
vt 0.704469 0.489106 
vt 0.704452 0.489188 
vt 0.707721 0.496151 
vt 0.704576 0.488989 
vt 0.704688 0.488788 
vt 0.706766 0.496734 
vt 0.706872 0.496832 
vt 0.704637 0.488828 
vt 0.704472 0.488998 
vt 0.704571 0.488858 
vt 0.704477 0.488875 
vt 0.706803 0.496942 
vt 0.707628 0.496217 
vt 0.707765 0.496301 
vt 0.707839 0.496342 
vt 0.707812 0.496472 
vt 0.707748 0.49646 
vt 0.707685 0.496254 
vt 0.707683 0.496376 
vt 0.704378 0.4891 
vt 0.707838 0.496574 
vt 0.706614 0.496793 
vt 0.706595 0.496629 
vt 0.707726 0.49657 
vt 0.706706 0.496941 
vt 0.707628 0.496403 
vt 0.704412 0.489069 
vt 0.703835 0.494741 
vt 0.704709 0.48836 
vt 0.704714 0.488318 
vt 0.703691 0.49473 
vt 0.704501 0.488329 
vt 0.703536 0.494649 
vt 0.704693 0.488483 
vt 0.704575 0.488604 
vt 0.704535 0.488447 
vt 0.704488 0.488288 
vt 0.704362 0.488527 
vt 0.704301 0.488443 
vt 0.704424 0.48863 
vt 0.703558 0.494754 
vt 0.704281 0.488412 
vt 0.705677 0.496346 
vt 0.705791 0.496365 
vt 0.705721 0.496428 
vt 0.705819 0.49628 
vt 0.705831 0.496414 
vt 0.705773 0.496503 
vt 0.704323 0.488761 
vt 0.705675 0.496518 
vt 0.703371 0.494526 
vt 0.703398 0.494693 
vt 0.704101 0.489083 
vt 0.704108 0.4888 
vt 0.704136 0.488808 
vt 0.704128 0.489067 
vt 0.704211 0.488832 
vt 0.704203 0.48903 
vt 0.70429 0.488855 
vt 0.70428 0.489 
vt 0.705612 0.496541 
vt 0.703455 0.494753 
vt 0.704181 0.488644 
vt 0.704156 0.48862 
vt 0.704249 0.488703 
vt 0.705883 0.496367 
vt 0.705855 0.496509 
vt 0.705898 0.496529 
vt 0.708096 0.496976 
vt 0.70796 0.496923 
vt 0.70808 0.496858 
vt 0.708011 0.496772 
vt 0.707999 0.497137 
vt 0.704572 0.488727 
vt 0.704563 0.488795 
vt 0.704462 0.488725 
vt 0.704478 0.488808 
vt 0.707934 0.496749 
vt 0.707875 0.496814 
vt 0.705831 0.496594 
vt 0.705787 0.496651 
vt 0.705715 0.4966 
vt 0.705875 0.496668 
vt 0.70581 0.496744 
vt 0.704421 0.488829 
vt 0.704345 0.48898 
vt 0.704356 0.488865 
vt 0.704401 0.488975 
vt 0.707888 0.497182 
vt 0.707854 0.497027 
vt 0.704411 0.488871 
vt 0.704387 0.488801 
vt 0.70568 0.496693 

usemtl Player1Mtl

f 6/6/6 7/7/7 8/8/8 
f 7/7/7 11/11/11 8/8/8 
f 11/11/11 7/7/7 12/12/12 
f 7/7/7 6/6/6 21/21/21 
f 23/23/23 21/21/21 6/6/6 
f 21/21/21 23/23/23 89/89/89 
f 12/12/12 7/7/7 22/22/22 
f 21/21/21 22/22/22 7/7/7 
f 34/34/34 12/12/12 22/22/22 
f 22/22/22 40/40/40 34/34/34 
f 89/89/89 41/41/41 21/21/21 
f 22/22/22 21/21/21 41/41/41 
f 41/41/41 89/89/89 92/92/92 
f 40/40/40 22/22/22 42/42/42 
f 41/41/41 42/42/42 22/22/22 
f 42/42/42 45/45/45 40/40/40 
f 45/45/45 42/42/42 112/112/112 
f 42/42/42 113/113/113 112/112/112 
f 42/42/42 41/41/41 94/94/94 
f 113/113/113 42/42/42 94/94/94 
f 92/92/92 94/94/94 41/41/41 
f 94/94/94 123/123/123 113/113/113 
f 94/94/94 92/92/92 102/102/102 
f 123/123/123 94/94/94 102/102/102 
f 49/49/49 50/50/50 51/51/51 
f 76/76/76 51/51/51 50/50/50 
f 53/53/53 49/49/49 51/51/51 
f 49/49/49 53/53/53 54/54/54 
f 54/54/54 53/53/53 60/60/60 
f 51/51/51 75/75/75 53/53/53 
f 51/51/51 76/76/76 75/75/75 
f 60/60/60 53/53/53 64/64/64 
f 75/75/75 64/64/64 53/53/53 
f 64/64/64 74/74/74 60/60/60 
f 50/50/50 77/77/77 76/76/76 
f 77/77/77 75/75/75 76/76/76 
f 77/77/77 50/50/50 82/82/82 
f 82/82/82 85/85/85 77/77/77 
f 77/77/77 85/85/85 78/78/78 
f 75/75/75 77/77/77 78/78/78 
f 85/85/85 87/87/87 78/78/78 
f 64/64/64 75/75/75 79/79/79 
f 78/78/78 79/79/79 75/75/75 
f 74/74/74 64/64/64 79/79/79 
f 78/78/78 87/87/87 80/80/80 
f 74/74/74 80/80/80 87/87/87 
f 79/79/79 78/78/78 80/80/80 
f 80/80/80 74/74/74 79/79/79 
f 104/104/104 105/105/105 106/106/106 
f 105/105/105 104/104/104 107/107/107 
f 104/104/104 106/106/106 111/111/111 
f 122/122/122 104/104/104 111/111/111 
f 111/111/111 154/154/154 122/122/122 
f 106/106/106 109/109/109 111/111/111 
f 105/105/105 109/109/109 106/106/106 
f 154/154/154 111/111/111 143/143/143 
f 111/111/111 109/109/109 143/143/143 
f 143/143/143 142/142/142 154/154/154 
f 109/109/109 142/142/142 143/143/143 
f 145/145/145 154/154/154 142/142/142 
f 108/108/108 105/105/105 107/107/107 
f 109/109/109 105/105/105 108/108/108 
f 127/127/127 108/108/108 107/107/107 
f 128/128/128 108/108/108 127/127/127 
f 128/128/128 109/109/109 108/108/108 
f 128/128/128 127/127/127 129/129/129 
f 142/142/142 109/109/109 141/141/141 
f 109/109/109 128/128/128 141/141/141 
f 141/141/141 145/145/145 142/142/142 
f 129/129/129 141/141/141 128/128/128 
f 145/145/145 141/141/141 144/144/144 
f 141/141/141 129/129/129 144/144/144 
f 1/1/1 2/2/2 3/3/3 
f 9/9/9 1/1/1 3/3/3 
f 2/2/2 1/1/1 5/5/5 
f 5/5/5 19/19/19 2/2/2 
f 1/1/1 9/9/9 10/10/10 
f 4/4/4 5/5/5 1/1/1 
f 1/1/1 10/10/10 4/4/4 
f 9/9/9 30/30/30 10/10/10 
f 30/30/30 9/9/9 31/31/31 
f 31/31/31 32/32/32 30/30/30 
f 31/31/31 33/33/33 32/32/32 
f 4/4/4 18/18/18 5/5/5 
f 19/19/19 5/5/5 20/20/20 
f 20/20/20 5/5/5 18/18/18 
f 90/90/90 19/19/19 20/20/20 
f 19/19/19 90/90/90 91/91/91 
f 33/33/33 35/35/35 32/32/32 
f 35/35/35 33/33/33 43/43/43 
f 44/44/44 35/35/35 43/43/43 
f 35/35/35 44/44/44 46/46/46 
f 44/44/44 114/114/114 46/46/46 
f 32/32/32 35/35/35 38/38/38 
f 46/46/46 38/38/38 35/35/35 
f 38/38/38 36/36/36 32/32/32 
f 36/36/36 30/30/30 32/32/32 
f 38/38/38 46/46/46 47/47/47 
f 30/30/30 36/36/36 29/29/29 
f 29/29/29 10/10/10 30/30/30 
f 36/36/36 38/38/38 39/39/39 
f 47/47/47 39/39/39 38/38/38 
f 37/37/37 29/29/29 36/36/36 
f 37/37/37 36/36/36 39/39/39 
f 10/10/10 29/29/29 13/13/13 
f 4/4/4 10/10/10 13/13/13 
f 17/17/17 13/13/13 29/29/29 
f 29/29/29 37/37/37 17/17/17 
f 4/4/4 13/13/13 14/14/14 
f 13/13/13 17/17/17 15/15/15 
f 14/14/14 13/13/13 15/15/15 
f 18/18/18 4/4/4 14/14/14 
f 16/16/16 15/15/15 17/17/17 
f 15/15/15 16/16/16 14/14/14 
f 14/14/14 25/25/25 18/18/18 
f 16/16/16 25/25/25 14/14/14 
f 26/26/26 18/18/18 25/25/25 
f 17/17/17 52/52/52 16/16/16 
f 52/52/52 17/17/17 37/37/37 
f 25/25/25 16/16/16 27/27/27 
f 52/52/52 27/27/27 16/16/16 
f 27/27/27 26/26/26 25/25/25 
f 18/18/18 26/26/26 24/24/24 
f 18/18/18 24/24/24 20/20/20 
f 24/24/24 90/90/90 20/20/20 
f 26/26/26 95/95/95 24/24/24 
f 90/90/90 24/24/24 95/95/95 
f 26/26/26 27/27/27 28/28/28 
f 95/95/95 26/26/26 28/28/28 
f 27/27/27 52/52/52 66/66/66 
f 66/66/66 28/28/28 27/27/27 
f 66/66/66 52/52/52 58/58/58 
f 52/52/52 37/37/37 58/58/58 
f 28/28/28 66/66/66 96/96/96 
f 96/96/96 95/95/95 28/28/28 
f 90/90/90 95/95/95 97/97/97 
f 95/95/95 96/96/96 97/97/97 
f 90/90/90 97/97/97 93/93/93 
f 93/93/93 91/91/91 90/90/90 
f 91/91/91 93/93/93 98/98/98 
f 100/100/100 98/98/98 93/93/93 
f 98/98/98 100/100/100 103/103/103 
f 93/93/93 97/97/97 99/99/99 
f 93/93/93 99/99/99 100/100/100 
f 97/97/97 101/101/101 99/99/99 
f 97/97/97 96/96/96 101/101/101 
f 100/100/100 124/124/124 103/103/103 
f 103/103/103 124/124/124 125/125/125 
f 126/126/126 100/100/100 99/99/99 
f 100/100/100 126/126/126 124/124/124 
f 110/110/110 99/99/99 101/101/101 
f 99/99/99 110/110/110 126/126/126 
f 96/96/96 137/137/137 101/101/101 
f 116/116/116 125/125/125 124/124/124 
f 125/125/125 116/116/116 115/115/115 
f 114/114/114 115/115/115 116/116/116 
f 124/124/124 118/118/118 116/116/116 
f 118/118/118 124/124/124 126/126/126 
f 114/114/114 116/116/116 117/117/117 
f 117/117/117 116/116/116 118/118/118 
f 117/117/117 46/46/46 114/114/114 
f 46/46/46 117/117/117 47/47/47 
f 117/117/117 118/118/118 119/119/119 
f 117/117/117 119/119/119 47/47/47 
f 126/126/126 120/120/120 118/118/118 
f 119/119/119 118/118/118 120/120/120 
f 120/120/120 126/126/126 110/110/110 
f 47/47/47 119/119/119 48/48/48 
f 39/39/39 47/47/47 48/48/48 
f 119/119/119 120/120/120 121/121/121 
f 119/119/119 121/121/121 48/48/48 
f 110/110/110 148/148/148 120/120/120 
f 148/148/148 121/121/121 120/120/120 
f 48/48/48 63/63/63 39/39/39 
f 37/37/37 39/39/39 63/63/63 
f 121/121/121 147/147/147 48/48/48 
f 121/121/121 148/148/148 147/147/147 
f 63/63/63 48/48/48 81/81/81 
f 48/48/48 147/147/147 81/81/81 
f 59/59/59 37/37/37 63/63/63 
f 58/58/58 37/37/37 59/59/59 
f 81/81/81 62/62/62 63/63/63 
f 59/59/59 63/63/63 62/62/62 
f 147/147/147 149/149/149 81/81/81 
f 147/147/147 148/148/148 149/149/149 
f 62/62/62 81/81/81 88/88/88 
f 81/81/81 149/149/149 88/88/88 
f 88/88/88 70/70/70 62/62/62 
f 70/70/70 88/88/88 149/149/149 
f 62/62/62 61/61/61 59/59/59 
f 61/61/61 58/58/58 59/59/59 
f 61/61/61 62/62/62 70/70/70 
f 58/58/58 61/61/61 65/65/65 
f 61/61/61 70/70/70 65/65/65 
f 69/69/69 58/58/58 65/65/65 
f 58/58/58 69/69/69 66/66/66 
f 96/96/96 66/66/66 69/69/69 
f 69/69/69 135/135/135 96/96/96 
f 96/96/96 135/135/135 137/137/137 
f 69/69/69 136/136/136 135/135/135 
f 136/136/136 137/137/137 135/135/135 
f 65/65/65 71/71/71 69/69/69 
f 136/136/136 69/69/69 71/71/71 
f 65/65/65 72/72/72 71/71/71 
f 72/72/72 65/65/65 70/70/70 
f 71/71/71 138/138/138 136/136/136 
f 138/138/138 71/71/71 72/72/72 
f 137/137/137 136/136/136 138/138/138 
f 70/70/70 152/152/152 72/72/72 
f 152/152/152 70/70/70 149/149/149 
f 149/149/149 148/148/148 152/152/152 
f 72/72/72 146/146/146 138/138/138 
f 146/146/146 137/137/137 138/138/138 
f 146/146/146 72/72/72 152/152/152 
f 137/137/137 146/146/146 153/153/153 
f 152/152/152 153/153/153 146/146/146 
f 153/153/153 152/152/152 148/148/148 
f 153/153/153 101/101/101 137/137/137 
f 110/110/110 153/153/153 148/148/148 
f 101/101/101 153/153/153 110/110/110 
f 130/130/130 131/131/131 132/132/132 
f 132/132/132 131/131/131 133/133/133 
f 131/131/131 130/130/130 134/134/134 
f 131/131/131 139/139/139 133/133/133 
f 150/150/150 131/131/131 134/134/134 
f 140/140/140 139/139/139 131/131/131 
f 131/131/131 150/150/150 151/151/151 
f 151/151/151 140/140/140 131/131/131 
f 55/55/55 56/56/56 57/57/57 
f 56/56/56 55/55/55 67/67/67 
f 67/67/67 55/55/55 68/68/68 
f 67/67/67 68/68/68 73/73/73 
f 67/67/67 73/73/73 86/86/86 
f 67/67/67 86/86/86 83/83/83 
f 83/83/83 56/56/56 67/67/67 
f 56/56/56 83/83/83 84/84/84 

g Handle1

v 0.117404 106.23 -0.641778 
v 0.107269 106.165 -0.6072 
v 0.0103934 106.164 -0.617708 
v 0.0103934 106.228 -0.664143 
v 0.21581 106.232 -0.598028 
v 0.199409 106.167 -0.566233 
v 0.302956 106.236 -0.534808 
v 0.281008 106.171 -0.50704 
v 0.375034 106.24 -0.454875 
v 0.348497 106.175 -0.432193 
v 0.104257 106.318 -0.646343 
v 0.0103934 106.319 -0.656872 
v 0.204734 106.308 -0.60195 
v 0.128481 106.305 -0.6457 
v 0.298926 106.311 -0.53873 
v 0.219841 106.308 -0.60195 
v 0.371914 106.316 -0.465408 
v 0.306077 106.312 -0.532116 
v 0.115822 106.233 -0.633109 
v 0.10662 106.321 -0.637521 
v 0.117954 106.309 -0.637206 
v 0.213271 106.236 -0.589814 
v 0.206158 106.311 -0.593456 
v 0.212076 106.311 -0.59405 
v 0.299637 106.239 -0.527146 
v 0.299661 106.315 -0.53083 
v 0.29953 106.315 -0.524692 
v 0.371406 106.244 -0.447497 
v 0.370019 106.319 -0.457968 
v 0.107592 106.234 -0.617953 
v 0.0964464 106.324 -0.626754 
v 0.124827 106.31 -0.615897 
v 0.205042 106.236 -0.57465 
v 0.187743 106.312 -0.584444 
v 0.208552 106.312 -0.578894 
v 0.291407 106.24 -0.511982 
v 0.287638 106.316 -0.515666 
v 0.294262 106.316 -0.509528 
v 0.360099 106.32 -0.442822 
v 0.363176 106.245 -0.432336 
v 0.103091 106.166 -0.599014 
v 0.195233 106.168 -0.558046 
v 0.276831 106.171 -0.498853 
v 0.344321 106.176 -0.424007 
v 0.0984011 106.166 -0.584598 
v 0.187643 106.169 -0.544924 
v 0.266675 106.172 -0.48759 
v 0.332978 106.176 -0.41381 
v 0.00505995 106.164 -0.617191 
v -0.106957 106.165 -0.6072 
v -0.117093 106.23 -0.641778 
v 0.00455519 106.228 -0.663031 
v -0.199098 106.167 -0.566233 
v -0.215499 106.232 -0.598028 
v -0.280696 106.171 -0.50704 
v -0.302645 106.236 -0.534808 
v -0.348186 106.175 -0.432193 
v -0.374722 106.24 -0.454875 
v -0.103946 106.318 -0.646343 
v 0.00520955 106.319 -0.656348 
v -0.204423 106.308 -0.60195 
v -0.128169 106.305 -0.6457 
v -0.298615 106.311 -0.53873 
v -0.219529 106.308 -0.60195 
v -0.371602 106.316 -0.465408 
v -0.305765 106.312 -0.532116 
v -0.115511 106.233 -0.633109 
v -0.106308 106.321 -0.637521 
v 0.0076767 106.321 -0.637521 
v 0.00534867 106.324 -0.626754 
v -0.117643 106.309 -0.637206 
v -0.21296 106.236 -0.589814 
v -0.205846 106.311 -0.593456 
v -0.211765 106.311 -0.59405 
v -0.299326 106.239 -0.527146 
v -0.29935 106.315 -0.53083 
v -0.299218 106.315 -0.524692 
v -0.371095 106.244 -0.447497 
v -0.369708 106.319 -0.457968 
v -0.107281 106.234 -0.617953 
v -0.0961349 106.324 -0.626754 
v -0.124516 106.31 -0.615897 
v -0.204731 106.236 -0.57465 
v -0.187431 106.312 -0.584444 
v -0.208241 106.312 -0.578894 
v -0.291096 106.24 -0.511982 
v -0.287326 106.316 -0.515666 
v -0.29395 106.316 -0.509528 
v -0.359787 106.32 -0.442822 
v -0.362865 106.245 -0.432336 
v 0.0103934 106.164 -0.617708 
v -0.10278 106.166 -0.599014 
v -0.194921 106.168 -0.558046 
v -0.27652 106.171 -0.498853 
v -0.34401 106.176 -0.424007 
v 0.00550108 106.165 -0.616065 
v -0.0980896 106.166 -0.584598 
v -0.187332 106.169 -0.544924 
v -0.266364 106.172 -0.48759 
v -0.332667 106.176 -0.41381 
v 0.0025103 106.321 -0.637521 
v -0.0961349 106.324 -0.626754 
v 0.000805185 106.324 -0.626754 
v -0.332667 106.176 -0.41381 
v -0.266364 106.172 -0.48759 
v -0.291096 106.24 -0.511982 
v -0.362865 106.245 -0.432336 
v -0.266364 106.172 -0.48759 
v -0.187332 106.169 -0.544924 
v -0.204731 106.236 -0.57465 
v -0.291096 106.24 -0.511982 
v -0.187332 106.169 -0.544924 
v -0.0980896 106.166 -0.584598 
v -0.107281 106.234 -0.617953 
v -0.204731 106.236 -0.57465 
v 0.00283958 106.238 -0.621672 
v -0.0980896 106.166 -0.584598 
v 0.00550108 106.165 -0.616065 
v 0.0984011 106.166 -0.584598 
v 0.107592 106.234 -0.617953 
v 0.0092399 106.238 -0.621868 
v 0.0103934 106.164 -0.617708 
v 0.187643 106.169 -0.544924 
v 0.205042 106.236 -0.57465 
v 0.107592 106.234 -0.617953 
v 0.0984011 106.166 -0.584598 
v 0.266675 106.172 -0.48759 
v 0.291407 106.24 -0.511982 
v 0.205042 106.236 -0.57465 
v 0.187643 106.169 -0.544924 
v 0.332978 106.176 -0.41381 
v 0.363176 106.245 -0.432336 
v 0.291407 106.24 -0.511982 
v 0.266675 106.172 -0.48759 
v 0.360099 106.32 -0.442822 
v 0.294262 106.316 -0.509528 
v 0.287638 106.316 -0.515666 
v 0.208552 106.312 -0.578894 
v 0.187743 106.312 -0.584444 
v 0.124827 106.31 -0.615897 
v 0.0964464 106.324 -0.626754 
v 0.00534867 106.324 -0.626754 
v -0.0961349 106.324 -0.626754 
v 0.000805185 106.324 -0.626754 
v -0.124516 106.31 -0.615897 
v -0.187431 106.312 -0.584444 
v -0.208241 106.312 -0.578894 
v -0.287326 106.316 -0.515666 
v -0.29395 106.316 -0.509528 
v -0.359787 106.32 -0.442822 
v 0.0103934 106.164 -0.617708 
v 0.00377429 106.233 -0.644211 
v 0.00283958 106.238 -0.621672 
v 0.0092399 106.238 -0.621868 
v 0.00986839 106.233 -0.64491 
v 0.00455519 106.228 -0.663031 
v 0.0103934 106.228 -0.664143 
v 0.0076767 106.321 -0.637521 
v 0.00986839 106.233 -0.64491 
v 0.00534867 106.324 -0.626754 
v 0.00986839 106.233 -0.64491 
v 0.0076767 106.321 -0.637521 
v 0.0103934 106.319 -0.656872 
v 0.00377429 106.233 -0.644211 
v 0.00520955 106.319 -0.656348 
v 0.0025103 106.321 -0.637521 
v 0.00283958 106.238 -0.621672 
v 0.00377429 106.233 -0.644211 
v 0.0025103 106.321 -0.637521 
v 0.000805185 106.324 -0.626754 
v 0.0103934 106.674 -0.617708 
v 0.107269 106.673 -0.6072 
v 0.117404 106.609 -0.641778 
v 0.0103934 106.61 -0.664143 
v 0.199409 106.671 -0.566233 
v 0.21581 106.606 -0.598028 
v 0.281008 106.667 -0.50704 
v 0.302956 106.602 -0.534808 
v 0.348497 106.663 -0.432193 
v 0.375034 106.598 -0.454875 
v 0.104257 106.52 -0.646343 
v 0.0103934 106.519 -0.656872 
v 0.204734 106.53 -0.60195 
v 0.128481 106.533 -0.6457 
v 0.298926 106.527 -0.53873 
v 0.219841 106.53 -0.60195 
v 0.371914 106.522 -0.465408 
v 0.306077 106.526 -0.532116 
v 0.115822 106.605 -0.633109 
v 0.10662 106.517 -0.637521 
v 0.117954 106.529 -0.637206 
v 0.213271 106.603 -0.589814 
v 0.206158 106.527 -0.593456 
v 0.212076 106.527 -0.59405 
v 0.299637 106.599 -0.527146 
v 0.299661 106.523 -0.53083 
v 0.29953 106.523 -0.524692 
v 0.371406 106.594 -0.447497 
v 0.370019 106.519 -0.457968 
v 0.107592 106.604 -0.617953 
v 0.0964464 106.514 -0.626754 
v 0.124827 106.528 -0.615897 
v 0.205042 106.602 -0.57465 
v 0.187743 106.526 -0.584444 
v 0.208552 106.526 -0.578894 
v 0.291407 106.598 -0.511982 
v 0.287638 106.522 -0.515666 
v 0.294262 106.522 -0.509528 
v 0.360099 106.518 -0.442822 
v 0.363176 106.594 -0.432336 
v 0.103091 106.673 -0.599014 
v 0.195233 106.67 -0.558046 
v 0.276831 106.667 -0.498853 
v 0.344321 106.663 -0.424007 
v 0.0984011 106.672 -0.584598 
v 0.187643 106.67 -0.544924 
v 0.266675 106.666 -0.48759 
v 0.332978 106.662 -0.41381 
v -0.117093 106.609 -0.641778 
v -0.106957 106.673 -0.6072 
v 0.00505994 106.674 -0.617191 
v 0.00455518 106.61 -0.663031 
v -0.215499 106.606 -0.598028 
v -0.199098 106.671 -0.566233 
v -0.302645 106.602 -0.534808 
v -0.280696 106.667 -0.50704 
v -0.374722 106.598 -0.454875 
v -0.348186 106.663 -0.432193 
v -0.103946 106.52 -0.646343 
v 0.00520955 106.519 -0.656348 
v -0.204423 106.53 -0.60195 
v -0.128169 106.533 -0.6457 
v -0.298615 106.527 -0.53873 
v -0.219529 106.53 -0.60195 
v -0.371602 106.522 -0.465408 
v -0.305765 106.526 -0.532116 
v -0.115511 106.605 -0.633109 
v -0.106308 106.517 -0.637521 
v 0.00767669 106.517 -0.637521 
v 0.00534867 106.514 -0.626754 
v -0.117643 106.529 -0.637206 
v -0.21296 106.603 -0.589814 
v -0.205846 106.527 -0.593456 
v -0.211765 106.527 -0.59405 
v -0.299326 106.599 -0.527146 
v -0.29935 106.523 -0.53083 
v -0.299218 106.523 -0.524692 
v -0.371095 106.594 -0.447497 
v -0.369708 106.519 -0.457968 
v -0.107281 106.604 -0.617953 
v -0.0961349 106.514 -0.626754 
v -0.124516 106.528 -0.615897 
v -0.204731 106.602 -0.57465 
v -0.187431 106.526 -0.584444 
v -0.208241 106.526 -0.578894 
v -0.291096 106.598 -0.511982 
v -0.287326 106.522 -0.515666 
v -0.29395 106.522 -0.509528 
v -0.359787 106.518 -0.442822 
v -0.362865 106.594 -0.432336 
v -0.10278 106.673 -0.599014 
v -0.194921 106.67 -0.558046 
v -0.27652 106.667 -0.498853 
v -0.34401 106.663 -0.424007 
v -0.0980896 106.672 -0.584598 
v 0.00550107 106.674 -0.616065 
v -0.187332 106.67 -0.544924 
v -0.266364 106.666 -0.48759 
v -0.332667 106.662 -0.41381 
v 0.0025103 106.517 -0.637521 
v 0.000805182 106.514 -0.626754 
v -0.0961349 106.514 -0.626754 
v -0.332667 106.662 -0.41381 
v -0.362865 106.594 -0.432336 
v -0.291096 106.598 -0.511982 
v -0.266364 106.666 -0.48759 
v -0.266364 106.666 -0.48759 
v -0.291096 106.598 -0.511982 
v -0.204731 106.602 -0.57465 
v -0.187332 106.67 -0.544924 
v -0.187332 106.67 -0.544924 
v -0.204731 106.602 -0.57465 
v -0.107281 106.604 -0.617953 
v -0.0980896 106.672 -0.584598 
v 0.00283958 106.601 -0.621672 
v 0.00550107 106.674 -0.616065 
v -0.0980896 106.672 -0.584598 
v 0.00923989 106.6 -0.621868 
v 0.107592 106.604 -0.617953 
v 0.0984011 106.672 -0.584598 
v 0.0103934 106.674 -0.617708 
v 0.107592 106.604 -0.617953 
v 0.205042 106.602 -0.57465 
v 0.187643 106.67 -0.544924 
v 0.0984011 106.672 -0.584598 
v 0.205042 106.602 -0.57465 
v 0.291407 106.598 -0.511982 
v 0.266675 106.666 -0.48759 
v 0.187643 106.67 -0.544924 
v 0.291407 106.598 -0.511982 
v 0.363176 106.594 -0.432336 
v 0.332978 106.662 -0.41381 
v 0.266675 106.666 -0.48759 
v 0.294262 106.522 -0.509528 
v 0.360099 106.518 -0.442822 
v 0.208552 106.526 -0.578894 
v 0.287638 106.522 -0.515666 
v 0.124827 106.528 -0.615897 
v 0.187743 106.526 -0.584444 
v 0.00534867 106.514 -0.626754 
v 0.0964464 106.514 -0.626754 
v -0.0961349 106.514 -0.626754 
v 0.000805182 106.514 -0.626754 
v -0.187431 106.526 -0.584444 
v -0.124516 106.528 -0.615897 
v -0.287326 106.522 -0.515666 
v -0.208241 106.526 -0.578894 
v -0.359787 106.518 -0.442822 
v -0.29395 106.522 -0.509528 
v 0.0103934 106.674 -0.617708 
v 0.00923989 106.6 -0.621868 
v 0.00283958 106.601 -0.621672 
v 0.00377428 106.606 -0.644211 
v 0.00986839 106.606 -0.64491 
v 0.00455518 106.61 -0.663031 
v 0.0103934 106.61 -0.664143 
v 0.00986839 106.606 -0.64491 
v 0.00767669 106.517 -0.637521 
v 0.00534867 106.514 -0.626754 
v 0.0103934 106.519 -0.656872 
v 0.00767669 106.517 -0.637521 
v 0.00986839 106.606 -0.64491 
v 0.00377428 106.606 -0.644211 
v 0.0025103 106.517 -0.637521 
v 0.00520955 106.519 -0.656348 
v 0.00283958 106.601 -0.621672 
v 0.000805182 106.514 -0.626754 
v 0.0025103 106.517 -0.637521 
v 0.00377428 106.606 -0.644211 
v 0.154095 106.329 -0.579467 
v 0.147378 106.29 -0.545316 
v 0.000155718 106.288 -0.588157 
v 0.000155716 106.327 -0.620889 
v 0.368546 106.431 0.309077 
v 0.444572 106.422 -0.0376264 
v 0.000155732 106.422 -0.0376264 
v 0.000155742 106.431 0.309077 
v 0.368546 106.29 0.316384 
v 0.386185 106.332 0.34632 
v 0.000155745 106.332 0.34632 
v 0.000155744 106.29 0.316384 
v 0.465964 106.321 -0.0391484 
v 0.444572 106.28 -0.03032 
v 0.349823 106.429 -0.313738 
v 0.000155724 106.429 -0.313738 
v 0.349823 106.288 -0.306432 
v 0.366536 106.328 -0.328833 
v 0.264402 106.405 -0.464142 
v 0.000155719 106.405 -0.464142 
v 0.264402 106.264 -0.456835 
v 0.276897 106.303 -0.486703 
v 0.147378 106.431 -0.552621 
v 0.000155715 106.429 -0.595462 
v 0.46543 106.394 -0.0427487 
v 0.366118 106.401 -0.332095 
v 0.385743 106.405 0.341748 
v 0.000155743 106.405 0.341748 
v 0.153926 106.402 -0.582438 
v 0.000155715 106.4 -0.623888 
v 0.276585 106.376 -0.489779 
v -0.147066 106.29 -0.545316 
v -0.153783 106.329 -0.579467 
v -0.444261 106.422 -0.0376264 
v -0.368235 106.431 0.309077 
v -0.385873 106.332 0.34632 
v -0.368235 106.29 0.316384 
v -0.465653 106.321 -0.0391484 
v -0.444261 106.28 -0.0303201 
v -0.349511 106.429 -0.313738 
v -0.349511 106.288 -0.306432 
v -0.366225 106.328 -0.328833 
v -0.264091 106.405 -0.464142 
v -0.276586 106.303 -0.486703 
v -0.264091 106.264 -0.456835 
v -0.147066 106.431 -0.552621 
v -0.465118 106.394 -0.0427488 
v -0.365807 106.401 -0.332095 
v -0.385431 106.405 0.341748 
v -0.153615 106.402 -0.582438 
v -0.276274 106.376 -0.489779 
v 0.470578 105.701 0.698224 
v 0.369765 105.627 0.607313 
v 0.483073 105.629 0.437748 
v 0.614792 105.703 0.482408 
v 0.254747 105.699 0.842427 
v 0.200187 105.626 0.720612 
v 0.000155768 105.639 0.759662 
v 0.00015577 105.717 0.892097 
v 0.254746 105.715 -0.386754 
v 0.200187 105.638 -0.245149 
v 0.000155737 105.638 -0.284934 
v 0.000155731 105.715 -0.437393 
v 0.470578 105.713 -0.242551 
v 0.369764 105.636 -0.131849 
v 0.614792 105.71 -0.0267357 
v 0.483072 105.634 0.0377162 
v 0.665433 105.707 0.227836 
v 0.522861 105.632 0.237732 
v 0.553314 105.797 0.770013 
v 0.722891 105.801 0.516241 
v 0.299523 105.795 0.939578 
v 0.000155772 105.794 0.999121 
v 0.299523 105.814 -0.505788 
v 0.000155725 105.814 -0.565331 
v 0.553314 105.811 -0.336221 
v 0.722891 105.808 -0.0824489 
v 0.782441 105.804 0.216896 
v 0.803219 105.971 0.551487 
v 0.614793 105.967 0.833463 
v 0.332795 105.965 1.02188 
v 0.000155772 105.964 1.08804 
v 0.00015572 105.986 -0.650293 
v 0.332794 105.986 -0.58413 
v 0.614792 105.983 -0.395717 
v 0.803219 105.98 -0.113741 
v 0.869382 105.975 0.218873 
v 0.85268 106.156 0.574119 
v 0.652651 106.152 0.873464 
v 0.353284 106.15 1.07348 
v 0.000155771 106.149 1.14372 
v 0.000155717 106.095 -0.697686 
v 0.353283 106.139 -0.62974 
v 0.65265 106.169 -0.431428 
v 0.85268 106.165 -0.132083 
v 0.92292 106.161 0.221018 
v 0.869382 106.349 0.583267 
v 0.665434 106.345 0.888477 
v 0.360202 106.343 1.09241 
v 0.000155769 106.342 1.16403 
v 0.869382 106.358 -0.13677 
v 0.661699 106.499 -0.446839 
v 0.940998 106.354 0.223249 
v 0.85268 106.542 0.578581 
v 0.652651 106.538 0.877926 
v 0.353284 106.536 1.07794 
v 0.000155765 106.535 1.14818 
v 0.533351 106.587 -0.508291 
v 0.65265 106.555 -0.426967 
v 0.85268 106.551 -0.127622 
v 0.92292 106.547 0.22548 
v 0.803219 106.728 0.560239 
v 0.614793 106.724 0.842216 
v 0.332795 106.722 1.03063 
v 0.000155761 106.721 1.09679 
v 0.332794 106.742 -0.57537 
v 0.342317 106.697 -0.598259 
v 0.000155708 106.765 -0.668561 
v 0.000155708 106.807 -0.644819 
v 0.614792 106.74 -0.386966 
v 0.437834 106.647 -0.551922 
v 0.803219 106.736 -0.104989 
v 0.869382 106.732 0.227625 
v 0.722891 106.899 0.528946 
v 0.553314 106.896 0.782719 
v 0.299523 106.894 0.952288 
v 0.000155756 106.893 1.01183 
v 0.299523 106.912 -0.493078 
v 0.000155709 106.913 -0.552628 
v 0.553314 106.91 -0.323516 
v 0.722891 106.907 -0.0697433 
v 0.782441 106.903 0.229602 
v 0.614792 107.05 0.485906 
v 0.470578 107.047 0.701722 
v 0.254747 107.045 0.845926 
v 0.00015575 107.044 0.896565 
v 0.00015571 107.061 -0.433893 
v 0.254746 107.061 -0.383257 
v 0.470578 107.059 -0.239053 
v 0.614792 107.056 -0.0232367 
v 0.665433 107.053 0.231335 
v 0.483073 107.173 0.432772 
v 0.369765 107.171 0.602338 
v 0.200187 107.17 0.715638 
v 0.000155744 107.169 0.755423 
v 0.000155713 107.183 -0.28991 
v 0.200187 107.182 -0.250124 
v 0.369764 107.181 -0.136824 
v 0.483072 107.178 0.0327414 
v 0.522861 107.176 0.232756 
v 0.332795 107.265 0.371587 
v 0.254746 107.264 0.488386 
v 0.13794 107.263 0.566427 
v 0.000155738 107.263 0.593833 
v 0.000155716 107.272 -0.126206 
v 0.137939 107.271 -0.0988002 
v 0.254746 107.27 -0.0207584 
v 0.332795 107.269 0.0960398 
v 0.360202 107.267 0.233814 
v 0.169734 107.323 0.3047 
v 0.129945 107.322 0.364243 
v 0.070397 107.321 0.404029 
v 0.000155732 107.321 0.418 
v 0.000155721 107.326 0.0509279 
v 0.070397 107.326 0.0648995 
v 0.129945 107.325 0.104684 
v 0.169734 107.324 0.164228 
v 0.183705 107.323 0.234464 
v 0.000155726 107.342 0.234684 
v 0.000155717 106.127 -0.701643 
v 0.355984 106.17 -0.633123 
v 0.470878 106.246 -0.562388 
v 0.336508 106.181 -0.664946 
v 0.355984 106.17 -0.633123 
v 0.000155717 106.127 -0.701643 
v 0.000155716 106.136 -0.72953 
v 0.445114 106.255 -0.598224 
v 0.470878 106.246 -0.562388 
v 0.590163 106.474 -0.489765 
v 0.661699 106.499 -0.446839 
v 0.000155708 106.765 -0.668561 
v 0.342317 106.697 -0.598259 
v 0.323589 106.667 -0.631389 
v 0.000155707 106.751 -0.69886 
v 0.437834 106.647 -0.551922 
v 0.533351 106.587 -0.508291 
v 0.504167 106.558 -0.546064 
v 0.413878 106.634 -0.588325 
v 0.308028 106.222 -0.683655 
v 0.314471 106.196 -0.67681 
v 0.000155715 106.153 -0.73708 
v 0.000155715 106.175 -0.740744 
v 0.415961 106.267 -0.61452 
v 0.407062 106.285 -0.625 
v 0.491417 106.452 -0.556795 
v 0.535293 106.463 -0.513527 
v 0.000155707 106.733 -0.708697 
v 0.302398 106.645 -0.645176 
v 0.289797 106.622 -0.660074 
v 0.000155707 106.685 -0.736822 
v 0.386772 106.621 -0.605278 
v 0.471145 106.541 -0.565317 
v 0.449316 106.532 -0.592156 
v 0.382101 106.608 -0.622371 
v 0.000155716 106.2 -0.682816 
v 0.286221 106.247 -0.641561 
v 0.390636 106.302 -0.599007 
v 0.460432 106.434 -0.550594 
v 0.00015571 106.631 -0.666401 
v 0.269282 106.544 -0.624447 
v 0.355047 106.539 -0.597077 
v 0.4175 106.483 -0.574923 
v -0.470267 105.701 0.698223 
v -0.614481 105.703 0.482408 
v -0.482761 105.629 0.437748 
v -0.369453 105.627 0.607312 
v -0.254436 105.699 0.842427 
v -0.199875 105.626 0.720612 
v 0.000155768 105.639 0.759662 
v 0.00015577 105.717 0.892097 
v -0.254435 105.715 -0.386754 
v 0.000155731 105.715 -0.437393 
v 0.000155737 105.638 -0.284934 
v -0.199875 105.638 -0.245149 
v -0.470266 105.713 -0.242551 
v -0.369452 105.636 -0.131849 
v -0.614481 105.71 -0.0267358 
v -0.482761 105.634 0.0377162 
v -0.665122 105.707 0.227836 
v -0.52255 105.632 0.237732 
v -0.553003 105.797 0.770013 
v -0.72258 105.801 0.516241 
v -0.299212 105.795 0.939578 
v 0.000155772 105.794 0.999121 
v -0.299211 105.814 -0.505788 
v 0.000155725 105.814 -0.565331 
v -0.553003 105.811 -0.336221 
v -0.72258 105.808 -0.0824489 
v -0.78213 105.804 0.216896 
v -0.802907 105.971 0.551487 
v -0.614481 105.967 0.833463 
v -0.332484 105.965 1.02188 
v 0.000155772 105.964 1.08804 
v 0.00015572 105.986 -0.650293 
v -0.332483 105.986 -0.58413 
v -0.614481 105.983 -0.395717 
v -0.802907 105.98 -0.113741 
v -0.869071 105.975 0.218873 
v -0.852369 106.156 0.574119 
v -0.652339 106.152 0.873464 
v -0.352972 106.15 1.07348 
v 0.000155771 106.149 1.14372 
v 0.000155717 106.095 -0.697686 
v -0.352972 106.139 -0.62974 
v -0.652339 106.169 -0.431428 
v -0.852369 106.165 -0.132083 
v -0.922608 106.161 0.221018 
v -0.869071 106.349 0.583267 
v -0.665123 106.345 0.888477 
v -0.35989 106.343 1.09241 
v 0.000155769 106.342 1.16403 
v -0.869071 106.358 -0.13677 
v -0.661388 106.499 -0.446839 
v -0.940687 106.354 0.223249 
v -0.852369 106.542 0.578581 
v -0.652339 106.538 0.877926 
v -0.352972 106.536 1.07794 
v 0.000155765 106.535 1.14818 
v -0.533039 106.587 -0.508291 
v -0.652339 106.555 -0.426967 
v -0.852369 106.551 -0.127622 
v -0.922608 106.547 0.22548 
v -0.802907 106.728 0.560239 
v -0.614481 106.724 0.842216 
v -0.332484 106.722 1.03063 
v 0.000155761 106.721 1.09679 
v -0.332483 106.742 -0.57537 
v 0.000155708 106.807 -0.644819 
v 0.000155708 106.765 -0.668561 
v -0.342006 106.697 -0.598259 
v -0.437522 106.647 -0.551922 
v -0.614481 106.74 -0.386966 
v -0.802907 106.736 -0.104989 
v -0.869071 106.732 0.227625 
v -0.72258 106.899 0.528946 
v -0.553003 106.896 0.782719 
v -0.299212 106.894 0.952288 
v 0.000155756 106.893 1.01183 
v -0.299211 106.912 -0.493078 
v 0.000155709 106.913 -0.552628 
v -0.553003 106.91 -0.323516 
v -0.72258 106.907 -0.0697434 
v -0.78213 106.903 0.229602 
v -0.614481 107.05 0.485906 
v -0.470267 107.047 0.701722 
v -0.254436 107.045 0.845926 
v 0.00015575 107.044 0.896565 
v 0.00015571 107.061 -0.433893 
v -0.254435 107.061 -0.383257 
v -0.470266 107.059 -0.239053 
v -0.614481 107.056 -0.0232368 
v -0.665122 107.053 0.231335 
v -0.482761 107.173 0.432772 
v -0.369453 107.171 0.602338 
v -0.199875 107.17 0.715638 
v 0.000155744 107.169 0.755423 
v 0.000155713 107.183 -0.28991 
v -0.199875 107.182 -0.250124 
v -0.369452 107.181 -0.136824 
v -0.482761 107.178 0.0327413 
v -0.52255 107.176 0.232756 
v -0.332483 107.265 0.371587 
v -0.254435 107.264 0.488386 
v -0.137628 107.263 0.566427 
v 0.000155738 107.263 0.593833 
v 0.000155716 107.272 -0.126206 
v -0.137628 107.271 -0.0988002 
v -0.254435 107.27 -0.0207584 
v -0.332483 107.269 0.0960398 
v -0.35989 107.267 0.233814 
v -0.169422 107.323 0.3047 
v -0.129633 107.322 0.364243 
v -0.0700855 107.321 0.404029 
v 0.000155732 107.321 0.418 
v 0.000155721 107.326 0.0509279 
v -0.0700855 107.326 0.0648995 
v -0.129633 107.325 0.104684 
v -0.169422 107.324 0.164228 
v -0.183394 107.323 0.234464 
v 0.000155717 106.127 -0.701643 
v -0.355672 106.17 -0.633123 
v -0.470567 106.246 -0.562388 
v -0.336197 106.181 -0.664946 
v 0.000155716 106.136 -0.72953 
v 0.000155717 106.127 -0.701643 
v -0.355672 106.17 -0.633123 
v -0.444803 106.255 -0.598224 
v -0.470567 106.246 -0.562388 
v -0.589851 106.474 -0.489765 
v -0.661388 106.499 -0.446839 
v -0.323278 106.667 -0.631389 
v -0.342006 106.697 -0.598259 
v 0.000155708 106.765 -0.668561 
v 0.000155707 106.751 -0.69886 
v -0.503856 106.558 -0.546064 
v -0.533039 106.587 -0.508291 
v -0.437522 106.647 -0.551922 
v -0.413567 106.634 -0.588325 
v -0.307717 106.222 -0.683655 
v 0.000155715 106.175 -0.740744 
v 0.000155715 106.153 -0.73708 
v -0.314159 106.196 -0.67681 
v -0.415649 106.267 -0.61452 
v -0.40675 106.285 -0.625 
v -0.491106 106.452 -0.556795 
v -0.534982 106.463 -0.513527 
v -0.289486 106.622 -0.660074 
v -0.302087 106.645 -0.645176 
v 0.000155707 106.733 -0.708697 
v 0.000155707 106.685 -0.736822 
v -0.449004 106.532 -0.592156 
v -0.470833 106.541 -0.565317 
v -0.38646 106.621 -0.605278 
v -0.38179 106.608 -0.622371 
v 0.000155716 106.2 -0.682816 
v -0.28591 106.247 -0.641561 
v -0.390324 106.302 -0.599007 
v -0.46012 106.434 -0.550594 
v 0.00015571 106.631 -0.666401 
v -0.268971 106.544 -0.624447 
v -0.354736 106.539 -0.597077 
v -0.417189 106.483 -0.574923 
v 0.000155719 106.176 -0.609752 
v 0.324364 106.229 -0.562996 
v 0.4427 106.291 -0.514765 
v 0.521801 106.441 -0.459896 
v 0.000155712 106.664 -0.591142 
v 0.305166 106.565 -0.54361 
v 0.402366 106.56 -0.512583 
v 0.473146 106.496 -0.487471 
v 0.000155719 106.176 -0.609752 
v -0.324053 106.229 -0.562996 
v -0.442388 106.291 -0.514765 
v -0.52149 106.441 -0.459896 
v 0.000155712 106.664 -0.591142 
v -0.304854 106.565 -0.54361 
v -0.402055 106.56 -0.512583 
v -0.472835 106.496 -0.487471 
v 0.000155728 106.186 -0.304069 
v 0.350225 106.241 -0.253459 
v 0.478 106.305 -0.201227 
v 0.563411 106.46 -0.14161 
v 0.00015572 106.689 -0.282743 
v 0.329495 106.587 -0.231667 
v 0.434449 106.582 -0.198189 
v 0.510875 106.516 -0.171244 
v 0.000155728 106.186 -0.304069 
v -0.349913 106.241 -0.253459 
v -0.477688 106.305 -0.201227 
v -0.5631 106.46 -0.14161 
v 0.00015572 106.689 -0.282743 
v -0.329184 106.587 -0.231667 
v -0.434137 106.582 -0.198189 
v -0.510563 106.516 -0.171244 
v 0.00015574 106.276 0.167871 
v 0.262187 106.317 0.205754 
v 0.357828 106.365 0.244851 
v 0.42176 106.481 0.289475 
v 0.000155735 106.653 0.183835 
v 0.246671 106.576 0.222065 
v 0.325229 106.572 0.247125 
v 0.382436 106.523 0.267293 
v 0.00015574 106.276 0.167871 
v -0.261875 106.317 0.205754 
v -0.357517 106.365 0.244851 
v -0.421448 106.481 0.289475 
v 0.000155735 106.653 0.183835 
v -0.246359 106.576 0.222065 
v -0.324918 106.572 0.247125 
v -0.382124 106.523 0.267293 
v 0.113605 106.421 0.451285 
v 0.000155746 106.404 0.426882 
v 0.155015 106.44 0.476543 
v 0.182694 106.486 0.506124 
v 0.106888 106.525 0.46468 
v 0.000155744 106.551 0.441673 
v 0.165669 106.503 0.492649 
v 0.1409 106.522 0.480529 
v -0.113294 106.421 0.451285 
v 0.000155746 106.404 0.426882 
v -0.154703 106.44 0.476543 
v -0.182383 106.486 0.506124 
v -0.106576 106.525 0.46468 
v 0.000155744 106.551 0.441673 
v -0.165358 106.503 0.492649 
v -0.140589 106.522 0.480529 
v -0.0445276 106.495 0.645513 
v -0.0583825 106.495 0.660625 
v -0.0529225 106.505 0.648555 
v -0.0449792 106.517 0.637763 
v 0.0343833 106.523 0.623079 
v 0.035922 106.495 0.635787 
v 0.00015575 106.495 0.596776 
v 0.000155749 106.53 0.602949 
v 0.0365379 106.452 0.609589 
v 0.00015575 106.441 0.58706 
v -0.0495059 106.465 0.632938 
v 0.0452907 106.517 0.637763 
v 0.0462967 106.495 0.647103 
v 0.0498174 106.465 0.632938 
v -0.0340718 106.523 0.623079 
v 0.000155749 106.53 0.602949 
v 0.00015575 106.495 0.596776 
v -0.0354078 106.495 0.635566 
v 0.00015575 106.441 0.58706 
v -0.0362264 106.452 0.609589 
v 0.058694 106.495 0.660625 
v 0.053234 106.505 0.648555 
v 0.000155752 105.639 0.238987 
v -0.19953 105.636 0.238508 
v 0.200703 105.636 0.238506 
v 0.370114 105.634 0.238099 
v -0.369393 105.634 0.2381 

vn 0.291339 -0.228346 -0.929134 
vn 0.149606 -0.850394 -0.511811 
vn 0.00787402 -0.984252 0.173228 
vn -0.244094 -0.0787402 -0.968504 
vn 0.488189 -0.220472 -0.84252 
vn 0.283465 -0.850394 -0.440945 
vn 0.653543 -0.228346 -0.716535 
vn 0.377953 -0.850394 -0.370079 
vn 0.968504 -0.19685 -0.125984 
vn 0.685039 -0.724409 0.023622 
vn 0.511811 0.480315 -0.708661 
vn -0.519685 0.551181 -0.653543 
vn 0.669291 0.440945 -0.598425 
vn -0.015748 0.433071 -0.905512 
vn 0.755906 0.417323 -0.503937 
vn -0.015748 0.417323 -0.905512 
vn 0.834646 0.440945 -0.322835 
vn 0.015748 0.448819 -0.897638 
vn 0.023622 0.850394 -0.519685 
vn 0.740157 0.669291 0.0314961 
vn -0.692913 0.629921 -0.338583 
vn 0.015748 0.905512 -0.425197 
vn 0.700787 0.677165 0.228346 
vn -0.614173 0.637795 -0.464567 
vn 0.204724 0.834646 -0.519685 
vn 0.755906 0.645669 0.110236 
vn -0.551181 0.685039 -0.480315 
vn 0.889764 -0.023622 0.464567 
vn 0.700787 0.692913 0.165354 
vn -0.212598 0.307087 0.929134 
vn 0.291339 0.732283 0.614173 
vn -0.543307 0.677165 0.496063 
vn -0.480315 0.299213 0.826772 
vn -0.0551181 0.661417 0.748031 
vn -0.76378 0.598425 0.228346 
vn -0.661417 0.251969 0.708661 
vn 0.0708661 0.598425 0.795276 
vn -0.779528 0.606299 0.15748 
vn 0.0708661 0.622047 0.779528 
vn 0.251969 0.141732 0.96063 
vn 0 -1 0.0551181 
vn 0 -1 0.0551181 
vn 0 -1 0.0551181 
vn 0.543307 -0.685039 0.480315 
vn -0.23622 -0.519685 0.818898 
vn -0.417323 -0.503937 0.755906 
vn -0.559055 -0.503937 0.653543 
vn -0.188976 -0.393701 0.897638 
vn -0.0629921 -0.889764 -0.448819 
vn -0.141732 -0.850394 -0.511811 
vn -0.275591 -0.220472 -0.937008 
vn 0.125984 -0.015748 -0.992126 
vn -0.283465 -0.850394 -0.440945 
vn -0.488189 -0.220472 -0.84252 
vn -0.377953 -0.850394 -0.370079 
vn -0.653543 -0.228346 -0.716535 
vn -0.685039 -0.724409 0.023622 
vn -0.968504 -0.19685 -0.125984 
vn -0.503937 0.480315 -0.716535 
vn 0.614173 0.543307 -0.574803 
vn -0.669291 0.440945 -0.598425 
vn 0.015748 0.433071 -0.905512 
vn -0.755906 0.417323 -0.503937 
vn 0.015748 0.417323 -0.905512 
vn -0.834646 0.440945 -0.322835 
vn -0.015748 0.448819 -0.897638 
vn -0.023622 0.850394 -0.519685 
vn -0.740157 0.669291 0.0314961 
vn -0.716535 0.653543 -0.244094 
vn -0.653543 0.606299 0.448819 
vn 0.692913 0.629921 -0.338583 
vn -0.015748 0.905512 -0.425197 
vn -0.700787 0.677165 0.228346 
vn 0.614173 0.637795 -0.464567 
vn -0.204724 0.834646 -0.519685 
vn -0.755906 0.645669 0.110236 
vn 0.551181 0.685039 -0.480315 
vn -0.889764 -0.023622 0.464567 
vn -0.700787 0.692913 0.165354 
vn 0.220472 0.307087 0.929134 
vn -0.291339 0.732283 0.614173 
vn 0.551181 0.677165 0.488189 
vn 0.488189 0.283465 0.826772 
vn 0.0472441 0.669291 0.740157 
vn 0.76378 0.606299 0.220472 
vn 0.653543 0.251969 0.716535 
vn -0.0866142 0.606299 0.787402 
vn 0.779528 0.606299 0.165354 
vn -0.0629921 0.622047 0.779528 
vn -0.244094 0.15748 0.952756 
vn 0.00787402 -0.984252 0.173228 
vn 0 -1 0.0551181 
vn 0 -1 0.0551181 
vn 0 -1 0.0551181 
vn -0.543307 -0.685039 0.480315 
vn 0.228346 -0.629921 0.740157 
vn 0.220472 -0.519685 0.826772 
vn 0.417323 -0.503937 0.755906 
vn 0.559055 -0.503937 0.653543 
vn 0.188976 -0.393701 0.897638 
vn 0.732283 0.685039 -0.015748 
vn -0.291339 0.732283 0.614173 
vn 0.527559 0.661417 0.535433 
vn 0.188976 -0.393701 0.897638 
vn 0.559055 -0.503937 0.653543 
vn 0.653543 0.251969 0.716535 
vn -0.244094 0.15748 0.952756 
vn 0.559055 -0.503937 0.653543 
vn 0.417323 -0.503937 0.755906 
vn 0.488189 0.283465 0.826772 
vn 0.653543 0.251969 0.716535 
vn 0.417323 -0.503937 0.755906 
vn 0.220472 -0.519685 0.826772 
vn 0.220472 0.307087 0.929134 
vn 0.488189 0.283465 0.826772 
vn 0.393701 0.377953 0.84252 
vn 0.220472 -0.519685 0.826772 
vn 0.228346 -0.629921 0.740157 
vn -0.23622 -0.519685 0.818898 
vn -0.212598 0.307087 0.929134 
vn -0.409449 0.393701 0.826772 
vn 0.00787402 -0.984252 0.173228 
vn -0.417323 -0.503937 0.755906 
vn -0.480315 0.299213 0.826772 
vn -0.212598 0.307087 0.929134 
vn -0.23622 -0.519685 0.818898 
vn -0.559055 -0.503937 0.653543 
vn -0.661417 0.251969 0.708661 
vn -0.480315 0.299213 0.826772 
vn -0.417323 -0.503937 0.755906 
vn -0.188976 -0.393701 0.897638 
vn 0.251969 0.141732 0.96063 
vn -0.661417 0.251969 0.708661 
vn -0.559055 -0.503937 0.653543 
vn 0.0708661 0.622047 0.779528 
vn -0.779528 0.606299 0.15748 
vn 0.0708661 0.598425 0.795276 
vn -0.76378 0.598425 0.228346 
vn -0.0551181 0.661417 0.748031 
vn -0.543307 0.677165 0.496063 
vn 0.291339 0.732283 0.614173 
vn -0.653543 0.606299 0.448819 
vn -0.291339 0.732283 0.614173 
vn 0.527559 0.661417 0.535433 
vn 0.551181 0.677165 0.488189 
vn 0.0472441 0.669291 0.740157 
vn 0.76378 0.606299 0.220472 
vn -0.0866142 0.606299 0.787402 
vn 0.779528 0.606299 0.165354 
vn -0.0629921 0.622047 0.779528 
vn 0.00787402 -0.984252 0.173228 
vn 0.716535 0.685039 -0.11811 
vn 0.393701 0.377953 0.84252 
vn -0.409449 0.393701 0.826772 
vn -0.732283 0.653543 -0.173228 
vn 0.125984 -0.015748 -0.992126 
vn -0.244094 -0.0787402 -0.968504 
vn -0.716535 0.653543 -0.244094 
vn -0.732283 0.653543 -0.173228 
vn -0.653543 0.606299 0.448819 
vn -0.732283 0.653543 -0.173228 
vn -0.716535 0.653543 -0.244094 
vn -0.519685 0.551181 -0.653543 
vn 0.716535 0.685039 -0.11811 
vn 0.614173 0.543307 -0.574803 
vn 0.732283 0.685039 -0.015748 
vn 0.393701 0.377953 0.84252 
vn 0.716535 0.685039 -0.11811 
vn 0.732283 0.685039 -0.015748 
vn 0.527559 0.661417 0.535433 
vn 0.00787402 0.984252 0.173228 
vn 0.149606 0.850394 -0.511811 
vn 0.291339 0.228346 -0.929134 
vn 0.0551181 0.0866142 -0.992126 
vn 0.283465 0.850394 -0.440945 
vn 0.488189 0.220472 -0.84252 
vn 0.377953 0.850394 -0.370079 
vn 0.653543 0.228346 -0.716535 
vn 0.685039 0.724409 0.023622 
vn 0.968504 0.19685 -0.125984 
vn 0.511811 -0.480315 -0.708661 
vn 0.0944882 -0.692913 -0.716535 
vn 0.669291 -0.440945 -0.598425 
vn -0.015748 -0.433071 -0.905512 
vn 0.755906 -0.417323 -0.503937 
vn -0.015748 -0.417323 -0.905512 
vn 0.834646 -0.440945 -0.322835 
vn 0.015748 -0.448819 -0.897638 
vn 0.023622 -0.850394 -0.519685 
vn 0.740157 -0.669291 0.0314961 
vn -0.692913 -0.629921 -0.338583 
vn 0.015748 -0.905512 -0.425197 
vn 0.700787 -0.677165 0.228346 
vn -0.614173 -0.637795 -0.464567 
vn 0.204724 -0.834646 -0.519685 
vn 0.755906 -0.645669 0.110236 
vn -0.551181 -0.685039 -0.480315 
vn 0.889764 0.023622 0.464567 
vn 0.700787 -0.692913 0.165354 
vn -0.212598 -0.307087 0.929134 
vn 0.291339 -0.732283 0.614173 
vn -0.543307 -0.677165 0.496063 
vn -0.480315 -0.299213 0.826772 
vn -0.0551181 -0.661417 0.748031 
vn -0.76378 -0.598425 0.228346 
vn -0.661417 -0.251969 0.708661 
vn 0.0708661 -0.598425 0.795276 
vn -0.779528 -0.606299 0.15748 
vn 0.0708661 -0.622047 0.779528 
vn 0.251969 -0.141732 0.96063 
vn 0 1 0.0551181 
vn 0 1 0.0551181 
vn 0 1 0.0551181 
vn 0.543307 0.685039 0.480315 
vn -0.23622 0.519685 0.818898 
vn -0.417323 0.503937 0.755906 
vn -0.559055 0.503937 0.653543 
vn -0.188976 0.393701 0.897638 
vn -0.275591 0.220472 -0.937008 
vn -0.141732 0.850394 -0.511811 
vn -0.0629921 0.889764 -0.448819 
vn -0.15748 0.015748 -0.984252 
vn -0.488189 0.220472 -0.84252 
vn -0.283465 0.850394 -0.440945 
vn -0.653543 0.228346 -0.716535 
vn -0.377953 0.850394 -0.370079 
vn -0.968504 0.19685 -0.125984 
vn -0.685039 0.724409 0.023622 
vn -0.503937 -0.480315 -0.716535 
vn -0.0787402 -0.629921 -0.771654 
vn -0.669291 -0.440945 -0.598425 
vn 0.015748 -0.433071 -0.905512 
vn -0.755906 -0.417323 -0.503937 
vn 0.015748 -0.417323 -0.905512 
vn -0.834646 -0.440945 -0.322835 
vn -0.015748 -0.448819 -0.897638 
vn -0.023622 -0.850394 -0.519685 
vn -0.740157 -0.669291 0.0314961 
vn 0.00787402 -0.984252 -0.181102 
vn 0 -0.740157 0.669291 
vn 0.692913 -0.629921 -0.338583 
vn -0.015748 -0.905512 -0.425197 
vn -0.700787 -0.677165 0.228346 
vn 0.614173 -0.637795 -0.464567 
vn -0.204724 -0.834646 -0.519685 
vn -0.755906 -0.645669 0.110236 
vn 0.551181 -0.685039 -0.480315 
vn -0.889764 0.023622 0.464567 
vn -0.700787 -0.692913 0.165354 
vn 0.220472 -0.307087 0.929134 
vn -0.291339 -0.732283 0.614173 
vn 0.551181 -0.677165 0.488189 
vn 0.488189 -0.283465 0.826772 
vn 0.0472441 -0.669291 0.740157 
vn 0.76378 -0.606299 0.220472 
vn 0.653543 -0.251969 0.716535 
vn -0.0866142 -0.606299 0.787402 
vn 0.779528 -0.606299 0.165354 
vn -0.0629921 -0.622047 0.779528 
vn -0.244094 -0.15748 0.952756 
vn 0 1 0.0551181 
vn 0 1 0.0551181 
vn 0 1 0.0551181 
vn -0.543307 0.685039 0.480315 
vn 0.220472 0.519685 0.826772 
vn 0.228346 0.629921 0.740157 
vn 0.417323 0.503937 0.755906 
vn 0.559055 0.503937 0.653543 
vn 0.188976 0.393701 0.897638 
vn -0.015748 -0.984252 -0.181102 
vn 0 -0.811024 0.582677 
vn -0.291339 -0.732283 0.614173 
vn 0.188976 0.393701 0.897638 
vn -0.244094 -0.15748 0.952756 
vn 0.653543 -0.251969 0.716535 
vn 0.559055 0.503937 0.653543 
vn 0.559055 0.503937 0.653543 
vn 0.653543 -0.251969 0.716535 
vn 0.488189 -0.283465 0.826772 
vn 0.417323 0.503937 0.755906 
vn 0.417323 0.503937 0.755906 
vn 0.488189 -0.283465 0.826772 
vn 0.220472 -0.307087 0.929134 
vn 0.220472 0.519685 0.826772 
vn 0.0708661 -0.409449 0.905512 
vn 0.228346 0.629921 0.740157 
vn 0.220472 0.519685 0.826772 
vn -0.0787402 -0.425197 0.897638 
vn -0.212598 -0.307087 0.929134 
vn -0.23622 0.519685 0.818898 
vn 0.00787402 0.984252 0.173228 
vn -0.212598 -0.307087 0.929134 
vn -0.480315 -0.299213 0.826772 
vn -0.417323 0.503937 0.755906 
vn -0.23622 0.519685 0.818898 
vn -0.480315 -0.299213 0.826772 
vn -0.661417 -0.251969 0.708661 
vn -0.559055 0.503937 0.653543 
vn -0.417323 0.503937 0.755906 
vn -0.661417 -0.251969 0.708661 
vn 0.251969 -0.141732 0.96063 
vn -0.188976 0.393701 0.897638 
vn -0.559055 0.503937 0.653543 
vn -0.779528 -0.606299 0.15748 
vn 0.0708661 -0.622047 0.779528 
vn -0.76378 -0.598425 0.228346 
vn 0.0708661 -0.598425 0.795276 
vn -0.543307 -0.677165 0.496063 
vn -0.0551181 -0.661417 0.748031 
vn 0 -0.740157 0.669291 
vn 0.291339 -0.732283 0.614173 
vn -0.291339 -0.732283 0.614173 
vn 0 -0.811024 0.582677 
vn 0.0472441 -0.669291 0.740157 
vn 0.551181 -0.677165 0.488189 
vn -0.0866142 -0.606299 0.787402 
vn 0.76378 -0.606299 0.220472 
vn -0.0629921 -0.622047 0.779528 
vn 0.779528 -0.606299 0.165354 
vn 0.00787402 0.984252 0.173228 
vn -0.0787402 -0.425197 0.897638 
vn 0.0708661 -0.409449 0.905512 
vn -0.0314961 -0.976378 -0.220472 
vn -0.0314961 -0.976378 -0.220472 
vn -0.15748 0.015748 -0.984252 
vn 0.0551181 0.0866142 -0.992126 
vn -0.0314961 -0.976378 -0.220472 
vn 0.00787402 -0.984252 -0.181102 
vn 0 -0.740157 0.669291 
vn 0.0944882 -0.692913 -0.716535 
vn 0.00787402 -0.984252 -0.181102 
vn -0.0314961 -0.976378 -0.220472 
vn -0.0314961 -0.976378 -0.220472 
vn -0.015748 -0.984252 -0.181102 
vn -0.0787402 -0.629921 -0.771654 
vn 0.0708661 -0.409449 0.905512 
vn 0 -0.811024 0.582677 
vn -0.015748 -0.984252 -0.181102 
vn -0.0314961 -0.976378 -0.220472 
vn 0.393701 -0.330709 -0.858268 
vn 0.23622 -0.76378 -0.598425 
vn 0 -0.826772 -0.559055 
vn 0 -0.346457 -0.937008 
vn 0.314961 0.905512 0.283465 
vn 0.511811 0.858268 -0.015748 
vn 0 1 0 
vn 0 0.944882 0.314961 
vn 0.385827 -0.818898 0.425197 
vn 0.590551 -0.267717 0.76378 
vn 0 -0.267717 0.96063 
vn 0 -0.874016 0.480315 
vn 0.968504 -0.23622 -0.0629921 
vn 0.590551 -0.811024 0 
vn 0.409449 0.889764 -0.212598 
vn 0 1 -0.0629921 
vn 0.724409 -0.629921 -0.283465 
vn 0.889764 -0.259843 -0.385827 
vn 0.370079 0.874016 -0.322835 
vn 0 1 0.0314961 
vn 0.401575 -0.858268 -0.322835 
vn 0.685039 -0.346457 -0.637795 
vn 0.228346 0.944882 -0.244094 
vn 0 0.92126 -0.385827 
vn 0.952756 0.299213 -0.0708661 
vn 0.84252 0.330709 -0.417323 
vn 0.574803 0.417323 0.708661 
vn 0 0.456693 0.889764 
vn 0.425197 0.362205 -0.834646 
vn 0 0.330709 -0.944882 
vn 0.716535 0.299213 -0.629921 
vn -0.23622 -0.76378 -0.598425 
vn -0.393701 -0.330709 -0.858268 
vn -0.511811 0.858268 -0.015748 
vn -0.314961 0.905512 0.283465 
vn -0.590551 -0.267717 0.76378 
vn -0.385827 -0.818898 0.425197 
vn -0.968504 -0.23622 -0.0629921 
vn -0.590551 -0.811024 0 
vn -0.409449 0.889764 -0.212598 
vn -0.724409 -0.629921 -0.283465 
vn -0.889764 -0.259843 -0.385827 
vn -0.370079 0.874016 -0.322835 
vn -0.685039 -0.346457 -0.637795 
vn -0.401575 -0.858268 -0.322835 
vn -0.228346 0.944882 -0.244094 
vn -0.952756 0.299213 -0.0708661 
vn -0.84252 0.330709 -0.417323 
vn -0.574803 0.417323 0.708661 
vn -0.425197 0.362205 -0.834646 
vn -0.716535 0.299213 -0.629921 
vn 0.417323 -0.811024 0.409449 
vn 0.19685 -0.96063 0.181102 
vn 0.251969 -0.96063 0.0944882 
vn 0.535433 -0.818898 0.212598 
vn 0.212598 -0.811024 0.543307 
vn 0.0708661 -0.96063 0.259843 
vn 0 -0.952756 0.299213 
vn -0.015748 -0.826772 0.559055 
vn 0.204724 -0.84252 -0.503937 
vn 0.0944882 -0.968504 -0.244094 
vn 0 -0.968504 -0.259843 
vn 0 -0.84252 -0.543307 
vn 0.385827 -0.834646 -0.393701 
vn 0.181102 -0.968504 -0.188976 
vn 0.511811 -0.834646 -0.220472 
vn 0.23622 -0.968504 -0.110236 
vn 0.566929 -0.826772 -0.00787402 
vn 0.259843 -0.968504 -0.00787402 
vn 0.566929 -0.606299 0.559055 
vn 0.740157 -0.606299 0.299213 
vn 0.307087 -0.598425 0.740157 
vn -0.00787402 -0.629921 0.771654 
vn 0.299213 -0.614173 -0.732283 
vn 0 -0.614173 -0.787402 
vn 0.551181 -0.614173 -0.559055 
vn 0.724409 -0.614173 -0.314961 
vn 0.795276 -0.606299 -0.00787402 
vn 0.858268 -0.370079 0.354331 
vn 0.661417 -0.370079 0.653543 
vn 0.354331 -0.370079 0.858268 
vn 0 -0.370079 0.929134 
vn 0 -0.417323 -0.905512 
vn 0.362205 -0.377953 -0.850394 
vn 0.661417 -0.354331 -0.661417 
vn 0.858268 -0.362205 -0.362205 
vn 0.929134 -0.362205 -0.00787402 
vn 0.905512 -0.188976 0.370079 
vn 0.692913 -0.188976 0.692913 
vn 0.377953 -0.19685 0.905512 
vn 0 -0.19685 0.984252 
vn 0 -0.259843 -0.968504 
vn 0.385827 -0.212598 -0.897638 
vn 0.700787 -0.165354 -0.692913 
vn 0.905512 -0.181102 -0.377953 
vn 0.984252 -0.181102 0 
vn 0.92126 -0.00787402 0.385827 
vn 0.708661 -0.00787402 0.708661 
vn 0.385827 -0.00787402 0.92126 
vn 0 -0.00787402 1 
vn 0.929134 0 -0.377953 
vn 0.692913 0.133858 -0.708661 
vn 1 0 0 
vn 0.905512 0.181102 0.377953 
vn 0.692913 0.173228 0.700787 
vn 0.377953 0.173228 0.913386 
vn 0 0.173228 0.984252 
vn 0.590551 0.283465 -0.755906 
vn 0.708661 0.314961 -0.637795 
vn 0.913386 0.19685 -0.362205 
vn 0.984252 0.181102 0 
vn 0.858268 0.362205 0.362205 
vn 0.661417 0.354331 0.661417 
vn 0.354331 0.354331 0.866142 
vn 0 0.354331 0.937008 
vn 0.401575 0.456693 -0.795276 
vn 0.448819 0.511811 -0.732283 
vn 0 0.724409 -0.685039 
vn 0 0.551181 -0.834646 
vn 0.661417 0.377953 -0.645669 
vn 0.582677 0.425197 -0.692913 
vn 0.858268 0.370079 -0.354331 
vn 0.929134 0.362205 0.00787402 
vn 0.779528 0.527559 0.330709 
vn 0.598425 0.527559 0.606299 
vn 0.322835 0.519685 0.787402 
vn 0 0.519685 0.850394 
vn 0.338583 0.551181 -0.76378 
vn 0 0.637795 -0.76378 
vn 0.598425 0.535433 -0.590551 
vn 0.779528 0.535433 -0.314961 
vn 0.850394 0.527559 0.00787402 
vn 0.677165 0.677165 0.291339 
vn 0.519685 0.677165 0.527559 
vn 0.275591 0.677165 0.685039 
vn 0 0.677165 0.740157 
vn 0 0.692913 -0.724409 
vn 0.283465 0.692913 -0.669291 
vn 0.519685 0.692913 -0.503937 
vn 0.677165 0.685039 -0.267717 
vn 0.732283 0.685039 0.00787402 
vn 0.535433 0.811024 0.23622 
vn 0.409449 0.811024 0.425197 
vn 0.220472 0.80315 0.551181 
vn 0 0.80315 0.590551 
vn 0 0.818898 -0.574803 
vn 0.220472 0.818898 -0.527559 
vn 0.409449 0.818898 -0.401575 
vn 0.535433 0.818898 -0.212598 
vn 0.582677 0.811024 0.00787402 
vn 0.377953 0.913386 0.165354 
vn 0.291339 0.905512 0.299213 
vn 0.15748 0.905512 0.393701 
vn 0 0.905512 0.417323 
vn 0 0.913386 -0.401575 
vn 0.15748 0.913386 -0.370079 
vn 0.291339 0.913386 -0.275591 
vn 0.377953 0.913386 -0.141732 
vn 0.409449 0.913386 0.00787402 
vn 0.19685 0.976378 0.0944882 
vn 0.149606 0.976378 0.165354 
vn 0.0866142 0.976378 0.212598 
vn 0 0.976378 0.228346 
vn 0 0.976378 -0.204724 
vn 0.0866142 0.976378 -0.188976 
vn 0.149606 0.976378 -0.141732 
vn 0.19685 0.976378 -0.0708661 
vn 0.220472 0.976378 0.015748 
vn 0 1 0.015748 
vn 0 -0.629921 -0.779528 
vn 0.519685 -0.377953 -0.76378 
vn 0.645669 -0.165354 -0.748031 
vn 0.433071 -0.488189 -0.755906 
vn 0.519685 -0.377953 -0.76378 
vn 0 -0.629921 -0.779528 
vn 0 -0.724409 -0.685039 
vn 0.637795 -0.165354 -0.748031 
vn 0.645669 -0.165354 -0.748031 
vn 0.496063 0.0472441 -0.866142 
vn 0.692913 0.133858 -0.708661 
vn 0 0.724409 -0.685039 
vn 0.448819 0.511811 -0.732283 
vn 0.393701 0.393701 -0.834646 
vn 0 0.724409 -0.685039 
vn 0.582677 0.425197 -0.692913 
vn 0.590551 0.283465 -0.755906 
vn 0.574803 0.141732 -0.80315 
vn 0.566929 0.346457 -0.748031 
vn 0.212598 0.346457 -0.913386 
vn 0.354331 -0.204724 -0.913386 
vn 0 -0.299213 -0.952756 
vn 0 0.385827 -0.92126 
vn 0.574803 -0.015748 -0.818898 
vn 0.299213 0.299213 -0.905512 
vn 0.480315 -0.0393701 -0.874016 
vn 0.488189 0.0314961 -0.874016 
vn 0 0.488189 -0.874016 
vn 0.346457 0.322835 -0.88189 
vn 0.259843 -0.0551181 -0.96063 
vn 0 -0.0944882 -0.992126 
vn 0.559055 0.314961 -0.76378 
vn 0.614173 0.102362 -0.779528 
vn 0.440945 -0.0314961 -0.897638 
vn 0.496063 0.173228 -0.850394 
vn 0 0.992126 -0.0944882 
vn -0.23622 0.96063 -0.149606 
vn -0.645669 0.755906 -0.11811 
vn -0.976378 0.0314961 -0.212598 
vn 0 -0.968504 -0.23622 
vn -0.102362 -0.913386 -0.393701 
vn -0.11811 -0.889764 -0.440945 
vn -0.543307 -0.740157 -0.393701 
vn -0.417323 -0.811024 0.409449 
vn -0.535433 -0.818898 0.212598 
vn -0.251969 -0.96063 0.0944882 
vn -0.19685 -0.96063 0.181102 
vn -0.19685 -0.811024 0.551181 
vn -0.0708661 -0.96063 0.259843 
vn 0 -0.952756 0.299213 
vn -0.015748 -0.826772 0.559055 
vn -0.204724 -0.84252 -0.503937 
vn 0 -0.84252 -0.543307 
vn 0 -0.968504 -0.259843 
vn -0.0944882 -0.968504 -0.244094 
vn -0.385827 -0.834646 -0.393701 
vn -0.181102 -0.968504 -0.188976 
vn -0.511811 -0.834646 -0.220472 
vn -0.23622 -0.968504 -0.110236 
vn -0.566929 -0.826772 -0.00787402 
vn -0.259843 -0.968504 -0.00787402 
vn -0.566929 -0.606299 0.559055 
vn -0.740157 -0.606299 0.299213 
vn -0.299213 -0.606299 0.732283 
vn -0.00787402 -0.629921 0.771654 
vn -0.299213 -0.614173 -0.732283 
vn 0 -0.614173 -0.787402 
vn -0.551181 -0.614173 -0.559055 
vn -0.724409 -0.614173 -0.314961 
vn -0.795276 -0.606299 -0.00787402 
vn -0.858268 -0.370079 0.354331 
vn -0.661417 -0.370079 0.653543 
vn -0.354331 -0.370079 0.858268 
vn 0 -0.370079 0.929134 
vn 0 -0.417323 -0.905512 
vn -0.362205 -0.377953 -0.850394 
vn -0.661417 -0.354331 -0.661417 
vn -0.858268 -0.362205 -0.362205 
vn -0.929134 -0.362205 -0.00787402 
vn -0.905512 -0.188976 0.370079 
vn -0.692913 -0.188976 0.692913 
vn -0.377953 -0.19685 0.905512 
vn 0 -0.19685 0.984252 
vn 0 -0.259843 -0.968504 
vn -0.385827 -0.212598 -0.897638 
vn -0.700787 -0.165354 -0.692913 
vn -0.905512 -0.181102 -0.377953 
vn -0.984252 -0.181102 0 
vn -0.92126 -0.00787402 0.385827 
vn -0.708661 -0.00787402 0.708661 
vn -0.385827 -0.00787402 0.92126 
vn 0 -0.00787402 1 
vn -0.929134 0 -0.377953 
vn -0.692913 0.133858 -0.708661 
vn -1 0 0 
vn -0.905512 0.181102 0.377953 
vn -0.692913 0.173228 0.700787 
vn -0.377953 0.173228 0.913386 
vn 0 0.173228 0.984252 
vn -0.590551 0.283465 -0.755906 
vn -0.708661 0.314961 -0.637795 
vn -0.913386 0.19685 -0.362205 
vn -0.984252 0.181102 0 
vn -0.858268 0.362205 0.362205 
vn -0.661417 0.354331 0.661417 
vn -0.354331 0.354331 0.866142 
vn 0 0.354331 0.937008 
vn -0.401575 0.456693 -0.795276 
vn 0 0.551181 -0.834646 
vn 0 0.724409 -0.685039 
vn -0.448819 0.511811 -0.732283 
vn -0.582677 0.425197 -0.692913 
vn -0.661417 0.377953 -0.645669 
vn -0.858268 0.370079 -0.354331 
vn -0.929134 0.362205 0.00787402 
vn -0.779528 0.527559 0.330709 
vn -0.598425 0.527559 0.606299 
vn -0.322835 0.519685 0.787402 
vn 0 0.519685 0.850394 
vn -0.338583 0.551181 -0.76378 
vn 0 0.637795 -0.76378 
vn -0.598425 0.535433 -0.590551 
vn -0.779528 0.535433 -0.314961 
vn -0.850394 0.527559 0.00787402 
vn -0.677165 0.677165 0.291339 
vn -0.519685 0.677165 0.527559 
vn -0.275591 0.677165 0.685039 
vn 0 0.677165 0.740157 
vn 0 0.692913 -0.724409 
vn -0.283465 0.692913 -0.669291 
vn -0.519685 0.692913 -0.503937 
vn -0.677165 0.685039 -0.267717 
vn -0.732283 0.685039 0.00787402 
vn -0.535433 0.811024 0.23622 
vn -0.409449 0.811024 0.425197 
vn -0.220472 0.80315 0.551181 
vn 0 0.80315 0.590551 
vn 0 0.818898 -0.574803 
vn -0.220472 0.818898 -0.527559 
vn -0.409449 0.818898 -0.401575 
vn -0.535433 0.818898 -0.212598 
vn -0.582677 0.811024 0.00787402 
vn -0.377953 0.913386 0.165354 
vn -0.291339 0.905512 0.299213 
vn -0.15748 0.905512 0.393701 
vn 0 0.905512 0.417323 
vn 0 0.913386 -0.401575 
vn -0.15748 0.913386 -0.370079 
vn -0.291339 0.913386 -0.275591 
vn -0.377953 0.913386 -0.141732 
vn -0.409449 0.913386 0.00787402 
vn -0.19685 0.976378 0.0944882 
vn -0.149606 0.976378 0.165354 
vn -0.0866142 0.976378 0.212598 
vn 0 0.976378 0.228346 
vn 0 0.976378 -0.204724 
vn -0.0866142 0.976378 -0.188976 
vn -0.149606 0.976378 -0.141732 
vn -0.19685 0.976378 -0.0708661 
vn -0.220472 0.976378 0.015748 
vn 0 -0.629921 -0.779528 
vn -0.519685 -0.377953 -0.76378 
vn -0.645669 -0.165354 -0.748031 
vn -0.433071 -0.488189 -0.755906 
vn 0 -0.724409 -0.685039 
vn 0 -0.629921 -0.779528 
vn -0.519685 -0.377953 -0.76378 
vn -0.637795 -0.165354 -0.748031 
vn -0.645669 -0.165354 -0.748031 
vn -0.496063 0.0472441 -0.866142 
vn -0.692913 0.133858 -0.708661 
vn -0.393701 0.393701 -0.834646 
vn -0.448819 0.511811 -0.732283 
vn 0 0.724409 -0.685039 
vn 0 0.724409 -0.685039 
vn -0.574803 0.141732 -0.80315 
vn -0.590551 0.283465 -0.755906 
vn -0.582677 0.425197 -0.692913 
vn -0.566929 0.346457 -0.748031 
vn -0.212598 0.346457 -0.913386 
vn 0 0.385827 -0.92126 
vn 0 -0.299213 -0.952756 
vn -0.354331 -0.204724 -0.913386 
vn -0.574803 -0.015748 -0.818898 
vn -0.299213 0.299213 -0.905512 
vn -0.480315 -0.0393701 -0.874016 
vn -0.488189 0.0314961 -0.874016 
vn -0.259843 -0.0551181 -0.96063 
vn -0.346457 0.322835 -0.88189 
vn 0 0.488189 -0.874016 
vn 0 -0.0944882 -0.992126 
vn -0.440945 -0.0314961 -0.897638 
vn -0.614173 0.102362 -0.779528 
vn -0.559055 0.314961 -0.76378 
vn -0.496063 0.173228 -0.850394 
vn 0 0.992126 -0.0944882 
vn 0.23622 0.96063 -0.149606 
vn 0.645669 0.755906 -0.11811 
vn 0.976378 0.0314961 -0.212598 
vn 0 -0.968504 -0.23622 
vn 0.102362 -0.913386 -0.393701 
vn 0.11811 -0.889764 -0.440945 
vn 0.543307 -0.740157 -0.393701 
vn 0 0.984252 0.15748 
vn -0.377953 0.897638 0.212598 
vn -0.740157 0.606299 0.283465 
vn -0.952756 -0.0944882 0.283465 
vn 0 -0.968504 0.251969 
vn -0.220472 -0.952756 0.220472 
vn -0.456693 -0.84252 0.283465 
vn -0.740157 -0.574803 0.338583 
vn 0 0.984252 0.15748 
vn 0.377953 0.897638 0.212598 
vn 0.740157 0.606299 0.283465 
vn 0.952756 -0.0944882 0.283465 
vn 0 -0.968504 0.251969 
vn 0.220472 -0.952756 0.220472 
vn 0.456693 -0.84252 0.283465 
vn 0.740157 -0.574803 0.338583 
vn 0 0.992126 -0.102362 
vn -0.291339 0.952756 -0.0944882 
vn -0.685039 0.724409 -0.0944882 
vn -0.984252 -0.102362 -0.125984 
vn 0 -1 0.015748 
vn -0.173228 -0.984252 0.015748 
vn -0.401575 -0.913386 0.00787402 
vn -0.692913 -0.716535 -0.015748 
vn 0 0.992126 -0.102362 
vn 0.291339 0.952756 -0.0944882 
vn 0.685039 0.724409 -0.0944882 
vn 0.984252 -0.102362 -0.125984 
vn 0 -1 0.015748 
vn 0.173228 -0.984252 0.015748 
vn 0.401575 -0.913386 0.00787402 
vn 0.692913 -0.716535 -0.015748 
vn 0 0.952756 -0.299213 
vn -0.212598 0.92126 -0.322835 
vn -0.535433 0.732283 -0.425197 
vn -0.834646 -0.102362 -0.543307 
vn 0 -0.976378 -0.19685 
vn -0.125984 -0.976378 -0.149606 
vn -0.322835 -0.913386 -0.251969 
vn -0.566929 -0.748031 -0.338583 
vn 0 0.952756 -0.299213 
vn 0.212598 0.92126 -0.322835 
vn 0.535433 0.732283 -0.425197 
vn 0.834646 -0.102362 -0.543307 
vn 0 -0.976378 -0.19685 
vn 0.125984 -0.976378 -0.149606 
vn 0.322835 -0.913386 -0.251969 
vn 0.566929 -0.748031 -0.338583 
vn -0.133858 0.92126 -0.370079 
vn 0 0.937008 -0.354331 
vn -0.377953 0.795276 -0.480315 
vn -0.724409 -0.0944882 -0.685039 
vn -0.110236 -0.976378 -0.188976 
vn 0 -0.96063 -0.267717 
vn -0.440945 -0.80315 -0.409449 
vn -0.23622 -0.929134 -0.267717 
vn 0.133858 0.92126 -0.370079 
vn 0 0.937008 -0.354331 
vn 0.377953 0.795276 -0.480315 
vn 0.724409 -0.0944882 -0.685039 
vn 0.110236 -0.976378 -0.188976 
vn 0 -0.96063 -0.267717 
vn 0.440945 -0.80315 -0.409449 
vn 0.23622 -0.929134 -0.267717 
vn -0.724409 0.0393701 -0.692913 
vn 0.110236 -0.0551181 -0.992126 
vn -0.0472441 -0.708661 -0.708661 
vn -0.133858 -0.740157 -0.661417 
vn 0.267717 -0.795276 -0.543307 
vn 0.740157 0.0708661 -0.669291 
vn 0 0.188976 -0.984252 
vn 0 -0.771654 -0.637795 
vn 0.188976 0.787402 -0.590551 
vn 0 0.811024 -0.582677 
vn -0.0866142 0.732283 -0.677165 
vn 0.133858 -0.740157 -0.661417 
vn 0.724409 0.0393701 -0.692913 
vn 0.0866142 0.732283 -0.677165 
vn -0.267717 -0.795276 -0.543307 
vn 0 -0.771654 -0.637795 
vn 0 0.188976 -0.984252 
vn -0.740157 0.0708661 -0.669291 
vn 0 0.811024 -0.582677 
vn -0.188976 0.787402 -0.590551 
vn -0.110236 -0.0551181 -0.992126 
vn 0.0393701 -0.708661 -0.708661 
vn 0 -1 -0.00787402 
vn 0.015748 -1 -0.015748 
vn -0.015748 -1 -0.015748 
vn -0.015748 -1 -0.015748 
vn 0.015748 -1 -0.015748 

vt 0.065304 0.366191 
vt 0.072694 0.382733 
vt 0.105455 0.374873 
vt 0.099828 0.354693 
vt 0.031827 0.400554 
vt 0.049653 0.405396 
vt 0.020488 0.437127 
vt 0.042321 0.4323 
vt 0.035587 0.468108 
vt 0.048749 0.461819 
vt 0.072764 0.346299 
vt 0.091164 0.335173 
vt 0.03237 0.379502 
vt 0.046295 0.368659 
vt 0.007699 0.425483 
vt 0.016206 0.40914 
vt 0.022706 0.473465 
vt 0.013978 0.459301 
vt 0.062886 0.363517 
vt 0.07096 0.344546 
vt 0.044765 0.365864 
vt 0.029293 0.398848 
vt 0.030453 0.378469 
vt 0.0138 0.407374 
vt 0.017556 0.438704 
vt 0.005898 0.426267 
vt 0.011808 0.460631 
vt 0.03614 0.470568 
vt 0.02225 0.475687 
vt 0.058674 0.358662 
vt 0.069473 0.340668 
vt 0.039396 0.361803 
vt 0.023898 0.394472 
vt 0.027179 0.373382 
vt 0.009817 0.405069 
vt 0.011986 0.442223 
vt -0.000357 0.427499 
vt 0.008533 0.463366 
vt 0.021346 0.481657 
vt 0.038548 0.475064 
vt 0.074135 0.38433 
vt 0.051353 0.406429 
vt 0.044507 0.433464 
vt 0.051024 0.463258 
vt 0.075857 0.387233 
vt 0.054451 0.407783 
vt 0.048084 0.434293 
vt 0.05511 0.465171 
vt 0.105122 0.374421 
vt 0.072694 0.382733 
vt 0.065304 0.366191 
vt 0.099828 0.355281 
vt 0.049653 0.405396 
vt 0.031827 0.400554 
vt 0.042321 0.4323 
vt 0.020488 0.437127 
vt 0.048749 0.461819 
vt 0.035587 0.468108 
vt 0.072764 0.346299 
vt 0.091164 0.335173 
vt 0.03237 0.379502 
vt 0.046295 0.368659 
vt 0.007699 0.425483 
vt 0.016206 0.40914 
vt 0.022706 0.473465 
vt 0.013978 0.459301 
vt 0.062886 0.363517 
vt 0.07096 0.344546 
vt 0.07096 0.344546 
vt 0.089756 0.332285 
vt 0.044765 0.365864 
vt 0.029293 0.398848 
vt 0.030453 0.378469 
vt 0.0138 0.407374 
vt 0.017556 0.438704 
vt 0.005898 0.426267 
vt 0.011808 0.460631 
vt 0.03614 0.470568 
vt 0.02225 0.475687 
vt 0.058674 0.358662 
vt 0.069473 0.340668 
vt 0.039396 0.361803 
vt 0.023898 0.394472 
vt 0.027179 0.373382 
vt 0.009817 0.405069 
vt 0.011986 0.442223 
vt -0.000357 0.427499 
vt 0.008533 0.463366 
vt 0.021346 0.481657 
vt 0.038548 0.475064 
vt 0.105122 0.373986 
vt 0.074135 0.38433 
vt 0.051353 0.406429 
vt 0.044507 0.433464 
vt 0.051024 0.463258 
vt 0.105122 0.374645 
vt 0.075857 0.387233 
vt 0.054451 0.407783 
vt 0.048084 0.434293 
vt 0.05511 0.465171 
vt 0.07096 0.344546 
vt 0.090773 0.334455 
vt 0.091164 0.332847 
vt 0.11944 0.442178 
vt 0.091214 0.442178 
vt 0.091214 0.422915 
vt 0.11944 0.422915 
vt 0.11944 0.442178 
vt 0.091214 0.442178 
vt 0.091214 0.422915 
vt 0.11944 0.422915 
vt 0.11944 0.442178 
vt 0.091214 0.442178 
vt 0.091214 0.422915 
vt 0.11944 0.422915 
vt 0.11944 0.422915 
vt 0.091214 0.403575 
vt 0.11944 0.403575 
vt 0.091214 0.442178 
vt 0.091214 0.422915 
vt 0.11944 0.422915 
vt 0.11944 0.442178 
vt 0.091214 0.442178 
vt 0.091214 0.422915 
vt 0.11944 0.422915 
vt 0.11944 0.442178 
vt 0.091214 0.442178 
vt 0.091214 0.422915 
vt 0.11944 0.422915 
vt 0.11944 0.442178 
vt 0.091214 0.442178 
vt 0.091214 0.422915 
vt 0.11944 0.422915 
vt 0.11944 0.442178 
vt 0.091214 0.403575 
vt 0.11944 0.403575 
vt 0.091214 0.403575 
vt 0.11944 0.403575 
vt 0.091214 0.403575 
vt 0.11944 0.403575 
vt 0.091214 0.403575 
vt 0.11944 0.403575 
vt 0.091214 0.442178 
vt 0.11944 0.442178 
vt 0.091214 0.403575 
vt 0.11944 0.403575 
vt 0.091214 0.403575 
vt 0.11944 0.403575 
vt 0.091214 0.403575 
vt 0.11944 0.403575 
vt 0.11944 0.403575 
vt 0.091214 0.422915 
vt 0.091214 0.403575 
vt 0.11944 0.403575 
vt 0.11944 0.422915 
vt 0.091214 0.442178 
vt 0.11944 0.442178 
vt 0.091214 0.442178 
vt 0.091214 0.403575 
vt 0.11944 0.442178 
vt 0.091214 0.442178 
vt 0.091214 0.403575 
vt 0.11944 0.403575 
vt 0.11944 0.442178 
vt 0.091214 0.403575 
vt 0.11944 0.403575 
vt 0.11944 0.442178 
vt 0.091214 0.442178 
vt 0.091214 0.403575 
vt 0.11944 0.403575 
vt 0.105122 0.373986 
vt 0.072694 0.382733 
vt 0.065304 0.366191 
vt 0.106005 0.354384 
vt 0.049653 0.405396 
vt 0.031827 0.400554 
vt 0.042321 0.4323 
vt 0.020488 0.437127 
vt 0.048749 0.461819 
vt 0.035587 0.468108 
vt 0.072764 0.346299 
vt 0.090477 0.335173 
vt 0.03237 0.379502 
vt 0.046295 0.368659 
vt 0.007699 0.425483 
vt 0.016206 0.40914 
vt 0.022706 0.473465 
vt 0.013978 0.459301 
vt 0.062886 0.363517 
vt 0.07096 0.344546 
vt 0.044765 0.365864 
vt 0.029293 0.398848 
vt 0.030453 0.378469 
vt 0.0138 0.407374 
vt 0.017556 0.438704 
vt 0.005898 0.426267 
vt 0.011808 0.460631 
vt 0.03614 0.470568 
vt 0.02225 0.475687 
vt 0.058674 0.358662 
vt 0.069473 0.340668 
vt 0.039396 0.361803 
vt 0.023898 0.394472 
vt 0.027179 0.373382 
vt 0.009817 0.405069 
vt 0.011986 0.442223 
vt -0.000357 0.427499 
vt 0.008533 0.463366 
vt 0.021346 0.481657 
vt 0.038548 0.475064 
vt 0.074135 0.38433 
vt 0.051353 0.406429 
vt 0.044507 0.433464 
vt 0.051024 0.463258 
vt 0.075857 0.387233 
vt 0.054451 0.407783 
vt 0.048084 0.434293 
vt 0.05511 0.465171 
vt 0.065304 0.366191 
vt 0.072694 0.382733 
vt 0.103508 0.374421 
vt 0.103978 0.354972 
vt 0.031827 0.400554 
vt 0.049653 0.405396 
vt 0.020488 0.437127 
vt 0.042321 0.4323 
vt 0.035587 0.468108 
vt 0.048749 0.461819 
vt 0.072764 0.346299 
vt 0.089595 0.335727 
vt 0.03237 0.379502 
vt 0.046295 0.368659 
vt 0.007699 0.425483 
vt 0.016206 0.40914 
vt 0.022706 0.473465 
vt 0.013978 0.459301 
vt 0.062886 0.363517 
vt 0.07096 0.344546 
vt 0.07096 0.344546 
vt 0.089613 0.332754 
vt 0.044765 0.365864 
vt 0.029293 0.398848 
vt 0.030453 0.378469 
vt 0.0138 0.407374 
vt 0.017556 0.438704 
vt 0.005898 0.426267 
vt 0.011808 0.460631 
vt 0.03614 0.470568 
vt 0.02225 0.475687 
vt 0.058674 0.358662 
vt 0.069473 0.340668 
vt 0.039396 0.361803 
vt 0.023898 0.394472 
vt 0.027179 0.373382 
vt 0.009817 0.405069 
vt 0.011986 0.442223 
vt -0.000357 0.427499 
vt 0.008533 0.463366 
vt 0.021346 0.481657 
vt 0.038548 0.475064 
vt 0.074135 0.38433 
vt 0.051353 0.406429 
vt 0.044507 0.433464 
vt 0.051024 0.463258 
vt 0.075857 0.387233 
vt 0.103665 0.374645 
vt 0.054451 0.407783 
vt 0.048084 0.434293 
vt 0.05511 0.465171 
vt 0.07096 0.344546 
vt 0.08969 0.332847 
vt 0.091164 0.334612 
vt 0.11944 0.442178 
vt 0.11944 0.422915 
vt 0.091214 0.422915 
vt 0.091214 0.442178 
vt 0.11944 0.442178 
vt 0.11944 0.422915 
vt 0.091214 0.422915 
vt 0.091214 0.442178 
vt 0.11944 0.442178 
vt 0.11944 0.422915 
vt 0.091214 0.422915 
vt 0.091214 0.442178 
vt 0.11944 0.422915 
vt 0.11944 0.403575 
vt 0.091214 0.403575 
vt 0.11944 0.422915 
vt 0.091214 0.422915 
vt 0.091214 0.442178 
vt 0.11944 0.442178 
vt 0.11944 0.422915 
vt 0.091214 0.422915 
vt 0.091214 0.442178 
vt 0.11944 0.442178 
vt 0.11944 0.422915 
vt 0.091214 0.422915 
vt 0.091214 0.442178 
vt 0.11944 0.442178 
vt 0.11944 0.422915 
vt 0.091214 0.422915 
vt 0.091214 0.442178 
vt 0.11944 0.442178 
vt 0.11944 0.403575 
vt 0.091214 0.403575 
vt 0.11944 0.403575 
vt 0.091214 0.403575 
vt 0.11944 0.403575 
vt 0.091214 0.403575 
vt 0.11944 0.403575 
vt 0.091214 0.403575 
vt 0.091214 0.442178 
vt 0.11944 0.442178 
vt 0.11944 0.403575 
vt 0.091214 0.403575 
vt 0.11944 0.403575 
vt 0.091214 0.403575 
vt 0.11944 0.403575 
vt 0.091214 0.403575 
vt 0.11944 0.403575 
vt 0.11944 0.403575 
vt 0.091214 0.403575 
vt 0.091214 0.422915 
vt 0.11944 0.422915 
vt 0.091214 0.442178 
vt 0.11944 0.442178 
vt 0.091214 0.403575 
vt 0.091214 0.442178 
vt 0.11944 0.442178 
vt 0.11944 0.403575 
vt 0.091214 0.403575 
vt 0.091214 0.442178 
vt 0.11944 0.442178 
vt 0.11944 0.403575 
vt 0.091214 0.403575 
vt 0.11944 0.442178 
vt 0.11944 0.403575 
vt 0.091214 0.403575 
vt 0.091214 0.442178 
vt 0.208874 0.439307 
vt 0.219894 0.445202 
vt 0.166835 0.466233 
vt 0.167163 0.460419 
vt 0.233891 0.262776 
vt 0.240531 0.324124 
vt 0.175688 0.30786 
vt 0.181948 0.221853 
vt 0.262573 0.248781 
vt 0.251724 0.252724 
vt 0.182488 0.201618 
vt 0.182687 0.193534 
vt 0.262355 0.324137 
vt 0.270565 0.323004 
vt 0.223069 0.375363 
vt 0.171135 0.375666 
vt 0.255129 0.383862 
vt 0.244399 0.384003 
vt 0.211445 0.404065 
vt 0.168952 0.410095 
vt 0.24174 0.419509 
vt 0.231378 0.418574 
vt 0.190649 0.421815 
vt 0.168455 0.442115 
vt 0.247684 0.324406 
vt 0.229447 0.379996 
vt 0.240231 0.25848 
vt 0.182215 0.21459 
vt 0.196217 0.429039 
vt 0.167947 0.449766 
vt 0.217505 0.410459 
vt 0.219894 0.445202 
vt 0.208874 0.439307 
vt 0.240531 0.324124 
vt 0.233891 0.262776 
vt 0.251724 0.252724 
vt 0.262573 0.248781 
vt 0.262355 0.324137 
vt 0.270565 0.323004 
vt 0.223069 0.375363 
vt 0.255129 0.383862 
vt 0.244399 0.384003 
vt 0.211445 0.404065 
vt 0.231378 0.418574 
vt 0.24174 0.419509 
vt 0.190649 0.421815 
vt 0.247684 0.324406 
vt 0.229447 0.379996 
vt 0.240231 0.25848 
vt 0.196217 0.429039 
vt 0.217505 0.410459 
vt 0.710277 0.641578 
vt 0.692222 0.690799 
vt 0.62389 0.679404 
vt 0.631799 0.632628 
vt 0.790369 0.65885 
vt 0.762602 0.706686 
vt 0.820798 0.734646 
vt 0.861247 0.691637 
vt 0.328497 0.647974 
vt 0.359992 0.699296 
vt 0.304328 0.734646 
vt 0.262249 0.691631 
vt 0.401498 0.626723 
vt 0.423867 0.679868 
vt 0.476538 0.622574 
vt 0.489607 0.673368 
vt 0.55388 0.626093 
vt 0.556674 0.674451 
vt 0.724389 0.595374 
vt 0.638007 0.584672 
vt 0.814412 0.611809 
vt 0.898337 0.641169 
vt 0.302083 0.597988 
vt 0.226046 0.649351 
vt 0.383464 0.573398 
vt 0.46622 0.570201 
vt 0.551975 0.57575 
vt 0.642944 0.530763 
vt 0.737422 0.541448 
vt 0.836294 0.555217 
vt 0.930694 0.57861 
vt 0.187879 0.592522 
vt 0.277409 0.537535 
vt 0.366854 0.510374 
vt 0.458253 0.512036 
vt 0.550722 0.520663 
vt 0.647598 0.479928 
vt 0.746627 0.488574 
vt 0.849813 0.498282 
vt 0.953752 0.51259 
vt 0.168115 0.558839 
vt 0.261493 0.486989 
vt 0.356547 0.448551 
vt 0.452666 0.457251 
vt 0.551082 0.469204 
vt 0.651869 0.430899 
vt 0.752705 0.437289 
vt 0.857269 0.441047 
vt 0.961979 0.445117 
vt 0.451517 0.405554 
vt 0.355035 0.345212 
vt 0.55314 0.420657 
vt 0.656236 0.383118 
vt 0.754955 0.386489 
vt 0.857318 0.383992 
vt 0.96072 0.376425 
vt 0.336629 0.295463 
vt 0.363999 0.328548 
vt 0.460044 0.356632 
vt 0.558659 0.373396 
vt 0.660095 0.335442 
vt 0.754364 0.335729 
vt 0.851481 0.326992 
vt 0.94545 0.309888 
vt 0.324769 0.20394 
vt 0.312697 0.216573 
vt 0.274452 0.099929 
vt 0.288925 0.09287 
vt 0.391438 0.276519 
vt 0.325107 0.255275 
vt 0.47667 0.308049 
vt 0.567032 0.326672 
vt 0.664137 0.287479 
vt 0.750807 0.28511 
vt 0.837985 0.270781 
vt 0.918459 0.245925 
vt 0.368987 0.160381 
vt 0.333387 0.073565 
vt 0.425038 0.224447 
vt 0.497766 0.260209 
vt 0.579133 0.279388 
vt 0.667029 0.239439 
vt 0.743529 0.234211 
vt 0.818539 0.216045 
vt 0.884328 0.185495 
vt 0.394328 0.04817 
vt 0.419225 0.121998 
vt 0.46387 0.177169 
vt 0.523586 0.212319 
vt 0.593144 0.232032 
vt 0.669312 0.189557 
vt 0.732386 0.182898 
vt 0.789263 0.165436 
vt 0.83706 0.133887 
vt 0.46096 0.03068 
vt 0.473787 0.088247 
vt 0.506855 0.134024 
vt 0.552947 0.165986 
vt 0.608684 0.18409 
vt 0.669372 0.139227 
vt 0.714681 0.132601 
vt 0.752807 0.117135 
vt 0.781635 0.090353 
vt 0.527535 0.022988 
vt 0.532067 0.062559 
vt 0.552711 0.095981 
vt 0.58527 0.12014 
vt 0.625717 0.134479 
vt 0.666979 0.086975 
vt 0.689831 0.083706 
vt 0.709735 0.073308 
vt 0.722357 0.057705 
vt 0.592957 0.02483 
vt 0.593449 0.04531 
vt 0.603029 0.062792 
vt 0.621096 0.075986 
vt 0.642977 0.084718 
vt 0.663966 0.039175 
vt 0.163485 0.549518 
vt 0.259313 0.477121 
vt 0.29394 0.439248 
vt 0.602763 0.896409 
vt 0.607548 0.892044 
vt 0.607548 0.980596 
vt 0.601458 0.981107 
vt 0.598735 0.861728 
vt 0.602935 0.854204 
vt 0.586249 0.795773 
vt 0.598817 0.774249 
vt 0.472644 0.696705 
vt 0.535162 0.750293 
vt 0.530195 0.753042 
vt 0.468411 0.700764 
vt 0.552063 0.768725 
vt 0.570254 0.782138 
vt 0.564458 0.790854 
vt 0.546017 0.769789 
vt 0.596237 0.899974 
vt 0.600049 0.900404 
vt 0.597962 0.980646 
vt 0.593781 0.979732 
vt 0.594741 0.86721 
vt 0.590882 0.86714 
vt 0.571551 0.814763 
vt 0.57809 0.806601 
vt 0.466602 0.703802 
vt 0.525733 0.75362 
vt 0.521928 0.755391 
vt 0.461789 0.711915 
vt 0.540832 0.769272 
vt 0.559937 0.79377 
vt 0.55467 0.794003 
vt 0.538527 0.771175 
vt 0.582553 0.975356 
vt 0.588231 0.898876 
vt 0.584638 0.865296 
vt 0.567199 0.820499 
vt 0.458161 0.726168 
vt 0.516307 0.765619 
vt 0.533913 0.7835 
vt 0.552382 0.802917 
vt 0.708008 0.6366 
vt 0.630756 0.627707 
vt 0.621726 0.670491 
vt 0.689408 0.682064 
vt 0.786885 0.653234 
vt 0.757223 0.699016 
vt 0.815737 0.725888 
vt 0.855586 0.685319 
vt 0.329081 0.639801 
vt 0.261153 0.681539 
vt 0.302832 0.724345 
vt 0.359047 0.689239 
vt 0.402776 0.619942 
vt 0.424273 0.671122 
vt 0.478523 0.616905 
vt 0.490463 0.664559 
vt 0.554798 0.621022 
vt 0.556215 0.665631 
vt 0.72267 0.592578 
vt 0.637822 0.581849 
vt 0.810595 0.608669 
vt 0.892872 0.637845 
vt 0.301976 0.591682 
vt 0.225497 0.64014 
vt 0.385096 0.569099 
vt 0.468223 0.56749 
vt 0.553378 0.574017 
vt 0.644145 0.531171 
vt 0.737207 0.541963 
vt 0.833058 0.554981 
vt 0.925827 0.577044 
vt 0.18686 0.584628 
vt 0.277209 0.532624 
vt 0.368675 0.50756 
vt 0.460875 0.510772 
vt 0.553004 0.520301 
vt 0.65018 0.481892 
vt 0.747063 0.490675 
vt 0.847351 0.499884 
vt 0.949353 0.515054 
vt 0.166726 0.550393 
vt 0.261222 0.482471 
vt 0.359178 0.446501 
vt 0.456287 0.456914 
vt 0.554342 0.470303 
vt 0.654837 0.433957 
vt 0.753753 0.440862 
vt 0.856075 0.444978 
vt 0.959269 0.449221 
vt 0.455279 0.405184 
vt 0.355775 0.341542 
vt 0.556759 0.42245 
vt 0.659621 0.386992 
vt 0.756817 0.391221 
vt 0.857335 0.389436 
vt 0.959799 0.381779 
vt 0.336746 0.292165 
vt 0.364816 0.325553 
vt 0.463293 0.357096 
vt 0.562395 0.376141 
vt 0.663766 0.339911 
vt 0.756839 0.341516 
vt 0.853095 0.333816 
vt 0.946767 0.316341 
vt 0.325449 0.202028 
vt 0.291807 0.091634 
vt 0.277226 0.098364 
vt 0.313443 0.214039 
vt 0.325006 0.252958 
vt 0.392813 0.274747 
vt 0.480397 0.309263 
vt 0.570995 0.329548 
vt 0.668072 0.292478 
vt 0.753991 0.291327 
vt 0.840473 0.278047 
vt 0.921872 0.253173 
vt 0.370288 0.159049 
vt 0.334558 0.072299 
vt 0.426799 0.224014 
vt 0.500872 0.261535 
vt 0.58302 0.282745 
vt 0.671262 0.244599 
vt 0.747104 0.240701 
vt 0.821912 0.223464 
vt 0.888358 0.192973 
vt 0.397018 0.047943 
vt 0.421351 0.122131 
vt 0.466444 0.177778 
vt 0.526864 0.214417 
vt 0.59728 0.235857 
vt 0.673672 0.194723 
vt 0.736116 0.189385 
vt 0.794969 0.171358 
vt 0.842109 0.140945 
vt 0.464219 0.031603 
vt 0.476338 0.089184 
vt 0.509541 0.13574 
vt 0.55704 0.168779 
vt 0.612998 0.188057 
vt 0.674251 0.144013 
vt 0.719556 0.137928 
vt 0.758844 0.122709 
vt 0.788398 0.095758 
vt 0.531302 0.024653 
vt 0.53585 0.064353 
vt 0.556835 0.098512 
vt 0.58933 0.123607 
vt 0.629967 0.138818 
vt 0.672701 0.09142 
vt 0.695787 0.08824 
vt 0.71555 0.078059 
vt 0.728701 0.062318 
vt 0.598308 0.027146 
vt 0.598854 0.047996 
vt 0.608698 0.065993 
vt 0.626109 0.079762 
vt 0.64812 0.089099 
vt 0.162087 0.541177 
vt 0.258338 0.471792 
vt 0.293742 0.435224 
vt 0.243737 0.744528 
vt 0.183681 0.686417 
vt 0.188293 0.682324 
vt 0.250445 0.744475 
vt 0.264662 0.774165 
vt 0.273654 0.775959 
vt 0.304601 0.829743 
vt 0.330395 0.835126 
vt 0.295175 0.899881 
vt 0.301577 0.898311 
vt 0.295367 0.97961 
vt 0.289477 0.979761 
vt 0.292611 0.848408 
vt 0.303208 0.851438 
vt 0.302146 0.872835 
vt 0.296349 0.876367 
vt 0.237016 0.747114 
vt 0.179185 0.692867 
vt 0.181578 0.68922 
vt 0.238934 0.743789 
vt 0.257931 0.773534 
vt 0.255347 0.776155 
vt 0.279235 0.827656 
vt 0.290948 0.827709 
vt 0.287053 0.903552 
vt 0.291217 0.902382 
vt 0.286049 0.978986 
vt 0.276876 0.976909 
vt 0.282631 0.853107 
vt 0.286662 0.849598 
vt 0.292349 0.880579 
vt 0.288991 0.880931 
vt 0.175062 0.703693 
vt 0.233216 0.754214 
vt 0.252416 0.781574 
vt 0.271807 0.825969 
vt 0.26414 0.969211 
vt 0.275492 0.899878 
vt 0.27628 0.875921 
vt 0.274258 0.848128 
vt 0.568316 0.974521 
vt 0.577363 0.885893 
vt 0.567917 0.858467 
vt 0.55085 0.833342 
vt 0.449072 0.736687 
vt 0.518669 0.782044 
vt 0.533997 0.801011 
vt 0.546687 0.819589 
vt 0.167076 0.714486 
vt 0.235033 0.771813 
vt 0.244561 0.797213 
vt 0.251683 0.828182 
vt 0.250273 0.968082 
vt 0.265289 0.886853 
vt 0.262485 0.862563 
vt 0.258471 0.840017 
vt 0.517393 0.980954 
vt 0.52468 0.908284 
vt 0.513423 0.884358 
vt 0.490217 0.86293 
vt 0.413388 0.773938 
vt 0.471449 0.817044 
vt 0.483385 0.832105 
vt 0.489353 0.848125 
vt 0.127448 0.746192 
vt 0.185581 0.794065 
vt 0.194668 0.818251 
vt 0.193879 0.848332 
vt 0.200629 0.966712 
vt 0.211573 0.894509 
vt 0.208383 0.87591 
vt 0.202603 0.859622 
vt 0.422586 0.986458 
vt 0.426446 0.943442 
vt 0.422304 0.921904 
vt 0.413013 0.900665 
vt 0.351984 0.834243 
vt 0.387497 0.865171 
vt 0.39899 0.878126 
vt 0.407676 0.890645 
vt 0.055216 0.809568 
vt 0.09119 0.837437 
vt 0.103891 0.855862 
vt 0.112569 0.878051 
vt 0.115654 0.96823 
vt 0.118899 0.920418 
vt 0.11812 0.903437 
vt 0.115833 0.8888 
vt 0.366013 0.945261 
vt 0.365767 0.966378 
vt 0.362402 0.934777 
vt 0.355756 0.922204 
vt 0.345926 0.90545 
vt 0.330457 0.889496 
vt 0.353627 0.917269 
vt 0.350188 0.91148 
vt 0.045592 0.880325 
vt 0.028526 0.865754 
vt 0.050818 0.889764 
vt 0.05488 0.902907 
vt 0.059979 0.921819 
vt 0.059884 0.944169 
vt 0.056867 0.907873 
vt 0.058653 0.914411 
vt 0.033882 0.91257 
vt 0.034905 0.9113 
vt 0.035341 0.912808 
vt 0.035707 0.915149 
vt 0.332485 0.924845 
vt 0.334768 0.93076 
vt 0.326356 0.93181 
vt 0.324626 0.920855 
vt 0.338122 0.938155 
vt 0.3364 0.94668 
vt 0.032958 0.908423 
vt 0.334648 0.927014 
vt 0.335674 0.93065 
vt 0.33769 0.93371 
vt 0.035844 0.918501 
vt 0.032948 0.926849 
vt 0.026141 0.918597 
vt 0.033208 0.913407 
vt 0.021656 0.900152 
vt 0.029718 0.904882 
vt 0.336756 0.93052 
vt 0.335984 0.928938 
vt 0.560827 0.730254 
vt 0.559065 0.705566 
vt 0.559233 0.708844 
vt 0.557887 0.690758 
vt 0.557567 0.684566 

usemtl Handle1Mtl

f 155/155/155 156/156/156 157/157/157 
f 157/157/157 158/158/158 155/155/155 
f 159/159/159 160/160/160 156/156/156 
f 156/156/156 155/155/155 159/159/159 
f 161/161/161 162/162/162 160/160/160 
f 160/160/160 159/159/159 161/161/161 
f 163/163/163 164/164/164 162/162/162 
f 162/162/162 161/161/161 163/163/163 
f 165/165/165 155/155/155 158/158/158 
f 158/158/158 166/166/166 165/165/165 
f 167/167/167 159/159/159 155/155/155 
f 155/155/155 168/168/168 167/167/167 
f 169/169/169 161/161/161 159/159/159 
f 159/159/159 170/170/170 169/169/169 
f 171/171/171 163/163/163 161/161/161 
f 161/161/161 172/172/172 171/171/171 
f 173/173/173 155/155/155 165/165/165 
f 165/165/165 174/174/174 173/173/173 
f 173/173/173 175/175/175 168/168/168 
f 168/168/168 155/155/155 173/173/173 
f 176/176/176 159/159/159 167/167/167 
f 167/167/167 177/177/177 176/176/176 
f 177/177/177 167/167/167 168/168/168 
f 168/168/168 175/175/175 177/177/177 
f 176/176/176 178/178/178 170/170/170 
f 170/170/170 159/159/159 176/176/176 
f 179/179/179 161/161/161 169/169/169 
f 169/169/169 180/180/180 179/179/179 
f 178/178/178 180/180/180 169/169/169 
f 169/169/169 170/170/170 178/178/178 
f 179/179/179 181/181/181 172/172/172 
f 172/172/172 161/161/161 179/179/179 
f 182/182/182 163/163/163 171/171/171 
f 171/171/171 183/183/183 182/182/182 
f 181/181/181 183/183/183 171/171/171 
f 171/171/171 172/172/172 181/181/181 
f 184/184/184 173/173/173 174/174/174 
f 174/174/174 185/185/185 184/184/184 
f 184/184/184 186/186/186 175/175/175 
f 175/175/175 173/173/173 184/184/184 
f 187/187/187 176/176/176 177/177/177 
f 177/177/177 188/188/188 187/187/187 
f 186/186/186 188/188/188 177/177/177 
f 177/177/177 175/175/175 186/186/186 
f 189/189/189 178/178/178 176/176/176 
f 176/176/176 187/187/187 189/189/189 
f 190/190/190 179/179/179 180/180/180 
f 180/180/180 191/191/191 190/190/190 
f 189/189/189 191/191/191 180/180/180 
f 180/180/180 178/178/178 189/189/189 
f 190/190/190 192/192/192 181/181/181 
f 181/181/181 179/179/179 190/190/190 
f 193/193/193 194/194/194 182/182/182 
f 182/182/182 183/183/183 193/193/193 
f 192/192/192 193/193/193 183/183/183 
f 183/183/183 181/181/181 192/192/192 
f 157/157/157 156/156/156 195/195/195 
f 196/196/196 195/195/195 156/156/156 
f 156/156/156 160/160/160 196/196/196 
f 196/196/196 160/160/160 162/162/162 
f 162/162/162 197/197/197 196/196/196 
f 197/197/197 162/162/162 164/164/164 
f 164/164/164 198/198/198 197/197/197 
f 157/157/157 195/195/195 199/199/199 
f 199/199/199 195/195/195 196/196/196 
f 196/196/196 200/200/200 199/199/199 
f 200/200/200 196/196/196 197/197/197 
f 197/197/197 201/201/201 200/200/200 
f 201/201/201 197/197/197 198/198/198 
f 198/198/198 202/202/202 201/201/201 
f 182/182/182 198/198/198 164/164/164 
f 164/164/164 163/163/163 182/182/182 
f 198/198/198 182/182/182 194/194/194 
f 194/194/194 202/202/202 198/198/198 
f 203/203/203 204/204/204 205/205/205 
f 205/205/205 206/206/206 203/203/203 
f 204/204/204 207/207/207 208/208/208 
f 208/208/208 205/205/205 204/204/204 
f 207/207/207 209/209/209 210/210/210 
f 210/210/210 208/208/208 207/207/207 
f 209/209/209 211/211/211 212/212/212 
f 212/212/212 210/210/210 209/209/209 
f 206/206/206 205/205/205 213/213/213 
f 213/213/213 214/214/214 206/206/206 
f 205/205/205 208/208/208 215/215/215 
f 215/215/215 216/216/216 205/205/205 
f 208/208/208 210/210/210 217/217/217 
f 217/217/217 218/218/218 208/208/208 
f 210/210/210 212/212/212 219/219/219 
f 219/219/219 220/220/220 210/210/210 
f 213/213/213 205/205/205 221/221/221 
f 221/221/221 222/222/222 213/213/213 
f 185/185/185 174/174/174 223/223/223 
f 223/223/223 224/224/224 185/185/185 
f 221/221/221 205/205/205 216/216/216 
f 216/216/216 225/225/225 221/221/221 
f 215/215/215 208/208/208 226/226/226 
f 226/226/226 227/227/227 215/215/215 
f 216/216/216 215/215/215 227/227/227 
f 227/227/227 225/225/225 216/216/216 
f 226/226/226 208/208/208 218/218/218 
f 218/218/218 228/228/228 226/226/226 
f 217/217/217 210/210/210 229/229/229 
f 229/229/229 230/230/230 217/217/217 
f 228/228/228 218/218/218 217/217/217 
f 217/217/217 230/230/230 228/228/228 
f 229/229/229 210/210/210 220/220/220 
f 220/220/220 231/231/231 229/229/229 
f 219/219/219 212/212/212 232/232/232 
f 232/232/232 233/233/233 219/219/219 
f 231/231/231 220/220/220 219/219/219 
f 219/219/219 233/233/233 231/231/231 
f 222/222/222 221/221/221 234/234/234 
f 234/234/234 235/235/235 222/222/222 
f 234/234/234 221/221/221 225/225/225 
f 225/225/225 236/236/236 234/234/234 
f 227/227/227 226/226/226 237/237/237 
f 237/237/237 238/238/238 227/227/227 
f 236/236/236 225/225/225 227/227/227 
f 227/227/227 238/238/238 236/236/236 
f 226/226/226 228/228/228 239/239/239 
f 239/239/239 237/237/237 226/226/226 
f 230/230/230 229/229/229 240/240/240 
f 240/240/240 241/241/241 230/230/230 
f 239/239/239 228/228/228 230/230/230 
f 230/230/230 241/241/241 239/239/239 
f 240/240/240 229/229/229 231/231/231 
f 231/231/231 242/242/242 240/240/240 
f 243/243/243 233/233/233 232/232/232 
f 232/232/232 244/244/244 243/243/243 
f 242/242/242 231/231/231 233/233/233 
f 233/233/233 243/243/243 242/242/242 
f 203/203/203 245/245/245 246/246/246 
f 246/246/246 204/204/204 203/203/203 
f 247/247/247 207/207/207 204/204/204 
f 204/204/204 246/246/246 247/247/247 
f 209/209/209 207/207/207 247/247/247 
f 247/247/247 248/248/248 209/209/209 
f 211/211/211 209/209/209 248/248/248 
f 248/248/248 249/249/249 211/211/211 
f 245/245/245 250/250/250 251/251/251 
f 251/251/251 246/246/246 245/245/245 
f 247/247/247 246/246/246 251/251/251 
f 251/251/251 252/252/252 247/247/247 
f 248/248/248 247/247/247 252/252/252 
f 252/252/252 253/253/253 248/248/248 
f 249/249/249 248/248/248 253/253/253 
f 253/253/253 254/254/254 249/249/249 
f 211/211/211 249/249/249 232/232/232 
f 232/232/232 212/212/212 211/211/211 
f 244/244/244 232/232/232 249/249/249 
f 249/249/249 254/254/254 244/244/244 
f 165/165/165 166/166/166 223/223/223 
f 223/223/223 174/174/174 165/165/165 
f 255/255/255 214/214/214 213/213/213 
f 213/213/213 222/222/222 255/255/255 
f 256/256/256 257/257/257 255/255/255 
f 255/255/255 222/222/222 256/256/256 
f 258/258/258 259/259/259 260/260/260 
f 260/260/260 261/261/261 258/258/258 
f 262/262/262 263/263/263 264/264/264 
f 264/264/264 265/265/265 262/262/262 
f 266/266/266 267/267/267 268/268/268 
f 268/268/268 269/269/269 266/266/266 
f 270/270/270 268/268/268 271/271/271 
f 271/271/271 272/272/272 270/270/270 
f 273/273/273 274/274/274 275/275/275 
f 275/275/275 276/276/276 273/273/273 
f 277/277/277 278/278/278 279/279/279 
f 279/279/279 280/280/280 277/277/277 
f 281/281/281 282/282/282 283/283/283 
f 283/283/283 284/284/284 281/281/281 
f 285/285/285 286/286/286 287/287/287 
f 287/287/287 288/288/288 285/285/285 
f 286/286/286 289/289/289 290/290/290 
f 290/290/290 287/287/287 286/286/286 
f 282/282/282 291/291/291 292/292/292 
f 292/292/292 283/283/283 282/282/282 
f 278/278/278 293/293/293 294/294/294 
f 294/294/294 279/279/279 278/278/278 
f 275/275/275 274/274/274 295/295/295 
f 295/295/295 296/296/296 275/275/275 
f 297/297/297 268/268/268 270/270/270 
f 270/270/270 298/298/298 297/297/297 
f 268/268/268 299/299/299 300/300/300 
f 300/300/300 269/269/269 268/268/268 
f 264/264/264 301/301/301 302/302/302 
f 302/302/302 265/265/265 264/264/264 
f 260/260/260 303/303/303 304/304/304 
f 304/304/304 261/261/261 260/260/260 
f 270/270/270 272/272/272 305/305/305 
f 305/305/305 275/275/275 270/270/270 
f 245/245/245 203/203/203 206/206/206 
f 206/206/206 158/158/158 245/245/245 
f 306/306/306 307/307/307 308/308/308 
f 308/308/308 309/309/309 306/306/306 
f 310/310/310 306/306/306 309/309/309 
f 309/309/309 311/311/311 310/310/310 
f 312/312/312 313/313/313 308/308/308 
f 308/308/308 314/314/314 312/312/312 
f 315/315/315 316/316/316 317/317/317 
f 317/317/317 311/311/311 315/315/315 
f 318/318/318 310/310/310 319/319/319 
f 319/319/319 320/320/320 318/318/318 
f 321/321/321 322/322/322 323/323/323 
f 323/323/323 324/324/324 321/321/321 
f 325/325/325 326/326/326 327/327/327 
f 327/327/327 328/328/328 325/325/325 
f 326/326/326 329/329/329 330/330/330 
f 330/330/330 327/327/327 326/326/326 
f 329/329/329 331/331/331 332/332/332 
f 332/332/332 330/330/330 329/329/329 
f 331/331/331 333/333/333 334/334/334 
f 334/334/334 332/332/332 331/331/331 
f 328/328/328 327/327/327 335/335/335 
f 335/335/335 336/336/336 328/328/328 
f 327/327/327 330/330/330 337/337/337 
f 337/337/337 338/338/338 327/327/327 
f 330/330/330 332/332/332 339/339/339 
f 339/339/339 340/340/340 330/330/330 
f 332/332/332 334/334/334 341/341/341 
f 341/341/341 342/342/342 332/332/332 
f 335/335/335 327/327/327 343/343/343 
f 343/343/343 344/344/344 335/335/335 
f 343/343/343 327/327/327 338/338/338 
f 338/338/338 345/345/345 343/343/343 
f 337/337/337 330/330/330 346/346/346 
f 346/346/346 347/347/347 337/337/337 
f 338/338/338 337/337/337 347/347/347 
f 347/347/347 345/345/345 338/338/338 
f 346/346/346 330/330/330 340/340/340 
f 340/340/340 348/348/348 346/346/346 
f 339/339/339 332/332/332 349/349/349 
f 349/349/349 350/350/350 339/339/339 
f 348/348/348 340/340/340 339/339/339 
f 339/339/339 350/350/350 348/348/348 
f 349/349/349 332/332/332 342/342/342 
f 342/342/342 351/351/351 349/349/349 
f 341/341/341 334/334/334 352/352/352 
f 352/352/352 353/353/353 341/341/341 
f 351/351/351 342/342/342 341/341/341 
f 341/341/341 353/353/353 351/351/351 
f 344/344/344 343/343/343 354/354/354 
f 354/354/354 355/355/355 344/344/344 
f 354/354/354 343/343/343 345/345/345 
f 345/345/345 356/356/356 354/354/354 
f 347/347/347 346/346/346 357/357/357 
f 357/357/357 358/358/358 347/347/347 
f 356/356/356 345/345/345 347/347/347 
f 347/347/347 358/358/358 356/356/356 
f 346/346/346 348/348/348 359/359/359 
f 359/359/359 357/357/357 346/346/346 
f 350/350/350 349/349/349 360/360/360 
f 360/360/360 361/361/361 350/350/350 
f 359/359/359 348/348/348 350/350/350 
f 350/350/350 361/361/361 359/359/359 
f 360/360/360 349/349/349 351/351/351 
f 351/351/351 362/362/362 360/360/360 
f 363/363/363 353/353/353 352/352/352 
f 352/352/352 364/364/364 363/363/363 
f 362/362/362 351/351/351 353/353/353 
f 353/353/353 363/363/363 362/362/362 
f 325/325/325 365/365/365 326/326/326 
f 366/366/366 329/329/329 326/326/326 
f 326/326/326 365/365/365 366/366/366 
f 331/331/331 329/329/329 366/366/366 
f 366/366/366 367/367/367 331/331/331 
f 333/333/333 331/331/331 367/367/367 
f 367/367/367 368/368/368 333/333/333 
f 325/325/325 369/369/369 365/365/365 
f 366/366/366 365/365/365 369/369/369 
f 369/369/369 370/370/370 366/366/366 
f 367/367/367 366/366/366 370/370/370 
f 370/370/370 371/371/371 367/367/367 
f 368/368/368 367/367/367 371/371/371 
f 371/371/371 372/372/372 368/368/368 
f 333/333/333 368/368/368 352/352/352 
f 352/352/352 334/334/334 333/333/333 
f 364/364/364 352/352/352 368/368/368 
f 368/368/368 372/372/372 364/364/364 
f 373/373/373 374/374/374 375/375/375 
f 375/375/375 376/376/376 373/373/373 
f 377/377/377 378/378/378 374/374/374 
f 374/374/374 373/373/373 377/377/377 
f 379/379/379 380/380/380 378/378/378 
f 378/378/378 377/377/377 379/379/379 
f 381/381/381 382/382/382 380/380/380 
f 380/380/380 379/379/379 381/381/381 
f 383/383/383 373/373/373 376/376/376 
f 376/376/376 384/384/384 383/383/383 
f 385/385/385 377/377/377 373/373/373 
f 373/373/373 386/386/386 385/385/385 
f 387/387/387 379/379/379 377/377/377 
f 377/377/377 388/388/388 387/387/387 
f 389/389/389 381/381/381 379/379/379 
f 379/379/379 390/390/390 389/389/389 
f 391/391/391 373/373/373 383/383/383 
f 383/383/383 392/392/392 391/391/391 
f 393/393/393 344/344/344 355/355/355 
f 355/355/355 394/394/394 393/393/393 
f 391/391/391 395/395/395 386/386/386 
f 386/386/386 373/373/373 391/391/391 
f 396/396/396 377/377/377 385/385/385 
f 385/385/385 397/397/397 396/396/396 
f 397/397/397 385/385/385 386/386/386 
f 386/386/386 395/395/395 397/397/397 
f 396/396/396 398/398/398 388/388/388 
f 388/388/388 377/377/377 396/396/396 
f 399/399/399 379/379/379 387/387/387 
f 387/387/387 400/400/400 399/399/399 
f 398/398/398 400/400/400 387/387/387 
f 387/387/387 388/388/388 398/398/398 
f 399/399/399 401/401/401 390/390/390 
f 390/390/390 379/379/379 399/399/399 
f 402/402/402 381/381/381 389/389/389 
f 389/389/389 403/403/403 402/402/402 
f 401/401/401 403/403/403 389/389/389 
f 389/389/389 390/390/390 401/401/401 
f 404/404/404 391/391/391 392/392/392 
f 392/392/392 405/405/405 404/404/404 
f 404/404/404 406/406/406 395/395/395 
f 395/395/395 391/391/391 404/404/404 
f 407/407/407 396/396/396 397/397/397 
f 397/397/397 408/408/408 407/407/407 
f 406/406/406 408/408/408 397/397/397 
f 397/397/397 395/395/395 406/406/406 
f 409/409/409 398/398/398 396/396/396 
f 396/396/396 407/407/407 409/409/409 
f 410/410/410 399/399/399 400/400/400 
f 400/400/400 411/411/411 410/410/410 
f 409/409/409 411/411/411 400/400/400 
f 400/400/400 398/398/398 409/409/409 
f 410/410/410 412/412/412 401/401/401 
f 401/401/401 399/399/399 410/410/410 
f 413/413/413 414/414/414 402/402/402 
f 402/402/402 403/403/403 413/413/413 
f 412/412/412 413/413/413 403/403/403 
f 403/403/403 401/401/401 412/412/412 
f 415/415/415 325/325/325 375/375/375 
f 375/375/375 374/374/374 415/415/415 
f 416/416/416 415/415/415 374/374/374 
f 374/374/374 378/378/378 416/416/416 
f 416/416/416 378/378/378 380/380/380 
f 380/380/380 417/417/417 416/416/416 
f 417/417/417 380/380/380 382/382/382 
f 382/382/382 418/418/418 417/417/417 
f 415/415/415 419/419/419 420/420/420 
f 420/420/420 325/325/325 415/415/415 
f 419/419/419 415/415/415 416/416/416 
f 416/416/416 421/421/421 419/419/419 
f 421/421/421 416/416/416 417/417/417 
f 417/417/417 422/422/422 421/421/421 
f 422/422/422 417/417/417 418/418/418 
f 418/418/418 423/423/423 422/422/422 
f 402/402/402 418/418/418 382/382/382 
f 382/382/382 381/381/381 402/402/402 
f 418/418/418 402/402/402 414/414/414 
f 414/414/414 423/423/423 418/418/418 
f 393/393/393 336/336/336 335/335/335 
f 335/335/335 344/344/344 393/393/393 
f 383/383/383 384/384/384 424/424/424 
f 424/424/424 392/392/392 383/383/383 
f 424/424/424 425/425/425 426/426/426 
f 426/426/426 392/392/392 424/424/424 
f 427/427/427 428/428/428 429/429/429 
f 429/429/429 430/430/430 427/427/427 
f 431/431/431 432/432/432 433/433/433 
f 433/433/433 434/434/434 431/431/431 
f 435/435/435 436/436/436 437/437/437 
f 437/437/437 438/438/438 435/435/435 
f 439/439/439 440/440/440 441/441/441 
f 441/441/441 437/437/437 439/439/439 
f 442/442/442 443/443/443 444/444/444 
f 444/444/444 445/445/445 442/442/442 
f 446/446/446 447/447/447 448/448/448 
f 448/448/448 449/449/449 446/446/446 
f 450/450/450 451/451/451 452/452/452 
f 452/452/452 453/453/453 450/450/450 
f 454/454/454 455/455/455 456/456/456 
f 456/456/456 457/457/457 454/454/454 
f 458/458/458 459/459/459 455/455/455 
f 455/455/455 454/454/454 458/458/458 
f 460/460/460 461/461/461 451/451/451 
f 451/451/451 450/450/450 460/460/460 
f 462/462/462 463/463/463 447/447/447 
f 447/447/447 446/446/446 462/462/462 
f 442/442/442 464/464/464 465/465/465 
f 465/465/465 443/443/443 442/442/442 
f 439/439/439 437/437/437 466/466/466 
f 466/466/466 467/467/467 439/439/439 
f 468/468/468 469/469/469 437/437/437 
f 437/437/437 436/436/436 468/468/468 
f 470/470/470 471/471/471 433/433/433 
f 433/433/433 432/432/432 470/470/470 
f 472/472/472 473/473/473 429/429/429 
f 429/429/429 428/428/428 472/472/472 
f 474/474/474 440/440/440 439/439/439 
f 439/439/439 442/442/442 474/474/474 
f 376/376/376 375/375/375 325/325/325 
f 325/325/325 328/328/328 376/376/376 
f 475/475/475 476/476/476 477/477/477 
f 477/477/477 478/478/478 475/475/475 
f 478/478/478 477/477/477 479/479/479 
f 479/479/479 480/480/480 478/478/478 
f 475/475/475 481/481/481 482/482/482 
f 482/482/482 483/483/483 475/475/475 
f 484/484/484 485/485/485 486/486/486 
f 486/486/486 480/480/480 484/484/484 
f 487/487/487 488/488/488 489/489/489 
f 489/489/489 479/479/479 487/487/487 
f 490/490/490 491/491/491 492/492/492 
f 492/492/492 493/493/493 490/490/490 
f 494/494/494 495/495/495 496/496/496 
f 496/496/496 497/497/497 494/494/494 
f 498/498/498 499/499/499 500/500/500 
f 500/500/500 501/501/501 498/498/498 
f 502/502/502 503/503/503 504/504/504 
f 504/504/504 505/505/505 502/502/502 
f 506/506/506 503/503/503 502/502/502 
f 502/502/502 507/507/507 506/506/506 
f 508/508/508 509/509/509 500/500/500 
f 500/500/500 499/499/499 508/508/508 
f 510/510/510 511/511/511 506/506/506 
f 506/506/506 507/507/507 510/510/510 
f 512/512/512 513/513/513 509/509/509 
f 509/509/509 508/508/508 512/512/512 
f 514/514/514 515/515/515 511/511/511 
f 511/511/511 510/510/510 514/514/514 
f 516/516/516 517/517/517 513/513/513 
f 513/513/513 512/512/512 516/516/516 
f 495/495/495 494/494/494 515/515/515 
f 515/515/515 514/514/514 495/495/495 
f 508/508/508 499/499/499 518/518/518 
f 518/518/518 519/519/519 508/508/508 
f 498/498/498 520/520/520 518/518/518 
f 518/518/518 499/499/499 498/498/498 
f 521/521/521 520/520/520 498/498/498 
f 498/498/498 501/501/501 521/521/521 
f 517/517/517 516/516/516 522/522/522 
f 522/522/522 523/523/523 517/517/517 
f 516/516/516 512/512/512 524/524/524 
f 524/524/524 522/522/522 516/516/516 
f 512/512/512 508/508/508 519/519/519 
f 519/519/519 524/524/524 512/512/512 
f 494/494/494 522/522/522 524/524/524 
f 524/524/524 515/515/515 494/494/494 
f 511/511/511 515/515/515 524/524/524 
f 524/524/524 519/519/519 511/511/511 
f 511/511/511 519/519/519 518/518/518 
f 518/518/518 506/506/506 511/511/511 
f 520/520/520 503/503/503 506/506/506 
f 506/506/506 518/518/518 520/520/520 
f 503/503/503 520/520/520 521/521/521 
f 521/521/521 504/504/504 503/503/503 
f 522/522/522 494/494/494 497/497/497 
f 497/497/497 523/523/523 522/522/522 
f 496/496/496 525/525/525 526/526/526 
f 526/526/526 497/497/497 496/496/496 
f 500/500/500 527/527/527 528/528/528 
f 528/528/528 501/501/501 500/500/500 
f 504/504/504 529/529/529 530/530/530 
f 530/530/530 505/505/505 504/504/504 
f 531/531/531 532/532/532 530/530/530 
f 530/530/530 529/529/529 531/531/531 
f 533/533/533 527/527/527 500/500/500 
f 500/500/500 509/509/509 533/533/533 
f 534/534/534 532/532/532 531/531/531 
f 531/531/531 535/535/535 534/534/534 
f 536/536/536 533/533/533 509/509/509 
f 509/509/509 513/513/513 536/536/536 
f 535/535/535 537/537/537 538/538/538 
f 538/538/538 534/534/534 535/535/535 
f 539/539/539 536/536/536 513/513/513 
f 513/513/513 517/517/517 539/539/539 
f 525/525/525 538/538/538 537/537/537 
f 537/537/537 526/526/526 525/525/525 
f 540/540/540 527/527/527 533/533/533 
f 533/533/533 541/541/541 540/540/540 
f 540/540/540 542/542/542 528/528/528 
f 528/528/528 527/527/527 540/540/540 
f 521/521/521 501/501/501 528/528/528 
f 528/528/528 542/542/542 521/521/521 
f 517/517/517 523/523/523 543/543/543 
f 543/543/543 539/539/539 517/517/517 
f 544/544/544 536/536/536 539/539/539 
f 539/539/539 543/543/543 544/544/544 
f 541/541/541 533/533/533 536/536/536 
f 536/536/536 544/544/544 541/541/541 
f 526/526/526 537/537/537 544/544/544 
f 544/544/544 543/543/543 526/526/526 
f 535/535/535 541/541/541 544/544/544 
f 544/544/544 537/537/537 535/535/535 
f 535/535/535 531/531/531 540/540/540 
f 540/540/540 541/541/541 535/535/535 
f 531/531/531 529/529/529 542/542/542 
f 542/542/542 540/540/540 531/531/531 
f 521/521/521 542/542/542 529/529/529 
f 529/529/529 504/504/504 521/521/521 
f 497/497/497 526/526/526 543/543/543 
f 543/543/543 523/523/523 497/497/497 
f 532/532/532 534/534/534 538/538/538 
f 538/538/538 525/525/525 496/496/496 
f 496/496/496 495/495/495 514/514/514 
f 538/538/538 496/496/496 514/514/514 
f 514/514/514 510/510/510 507/507/507 
f 507/507/507 502/502/502 505/505/505 
f 514/514/514 507/507/507 505/505/505 
f 538/538/538 514/514/514 505/505/505 
f 532/532/532 538/538/538 505/505/505 
f 532/532/532 505/505/505 530/530/530 
f 545/545/545 546/546/546 547/547/547 
f 547/547/547 548/548/548 545/545/545 
f 549/549/549 550/550/550 546/546/546 
f 546/546/546 545/545/545 549/549/549 
f 551/551/551 550/550/550 549/549/549 
f 549/549/549 552/552/552 551/551/551 
f 553/553/553 554/554/554 555/555/555 
f 555/555/555 556/556/556 553/553/553 
f 557/557/557 558/558/558 554/554/554 
f 554/554/554 553/553/553 557/557/557 
f 559/559/559 560/560/560 558/558/558 
f 558/558/558 557/557/557 559/559/559 
f 561/561/561 562/562/562 560/560/560 
f 560/560/560 559/559/559 561/561/561 
f 548/548/548 547/547/547 562/562/562 
f 562/562/562 561/561/561 548/548/548 
f 563/563/563 545/545/545 548/548/548 
f 548/548/548 564/564/564 563/563/563 
f 565/565/565 549/549/549 545/545/545 
f 545/545/545 563/563/563 565/565/565 
f 566/566/566 552/552/552 549/549/549 
f 549/549/549 565/565/565 566/566/566 
f 567/567/567 553/553/553 556/556/556 
f 556/556/556 568/568/568 567/567/567 
f 569/569/569 557/557/557 553/553/553 
f 553/553/553 567/567/567 569/569/569 
f 570/570/570 559/559/559 557/557/557 
f 557/557/557 569/569/569 570/570/570 
f 571/571/571 561/561/561 559/559/559 
f 559/559/559 570/570/570 571/571/571 
f 564/564/564 548/548/548 561/561/561 
f 561/561/561 571/571/571 564/564/564 
f 563/563/563 564/564/564 572/572/572 
f 572/572/572 573/573/573 563/563/563 
f 565/565/565 563/563/563 573/573/573 
f 573/573/573 574/574/574 565/565/565 
f 566/566/566 565/565/565 574/574/574 
f 574/574/574 575/575/575 566/566/566 
f 567/567/567 568/568/568 576/576/576 
f 576/576/576 577/577/577 567/567/567 
f 569/569/569 567/567/567 577/577/577 
f 577/577/577 578/578/578 569/569/569 
f 570/570/570 569/569/569 578/578/578 
f 578/578/578 579/579/579 570/570/570 
f 571/571/571 570/570/570 579/579/579 
f 579/579/579 580/580/580 571/571/571 
f 564/564/564 571/571/571 580/580/580 
f 580/580/580 572/572/572 564/564/564 
f 573/573/573 572/572/572 581/581/581 
f 581/581/581 582/582/582 573/573/573 
f 574/574/574 573/573/573 582/582/582 
f 582/582/582 583/583/583 574/574/574 
f 575/575/575 574/574/574 583/583/583 
f 583/583/583 584/584/584 575/575/575 
f 577/577/577 576/576/576 585/585/585 
f 585/585/585 586/586/586 577/577/577 
f 578/578/578 577/577/577 586/586/586 
f 586/586/586 587/587/587 578/578/578 
f 579/579/579 578/578/578 587/587/587 
f 587/587/587 588/588/588 579/579/579 
f 580/580/580 579/579/579 588/588/588 
f 588/588/588 589/589/589 580/580/580 
f 572/572/572 580/580/580 589/589/589 
f 589/589/589 581/581/581 572/572/572 
f 582/582/582 581/581/581 590/590/590 
f 590/590/590 591/591/591 582/582/582 
f 583/583/583 582/582/582 591/591/591 
f 591/591/591 592/592/592 583/583/583 
f 584/584/584 583/583/583 592/592/592 
f 592/592/592 593/593/593 584/584/584 
f 594/594/594 588/588/588 587/587/587 
f 587/587/587 595/595/595 594/594/594 
f 589/589/589 588/588/588 594/594/594 
f 594/594/594 596/596/596 589/589/589 
f 581/581/581 589/589/589 596/596/596 
f 596/596/596 590/590/590 581/581/581 
f 591/591/591 590/590/590 597/597/597 
f 597/597/597 598/598/598 591/591/591 
f 592/592/592 591/591/591 598/598/598 
f 598/598/598 599/599/599 592/592/592 
f 593/593/593 592/592/592 599/599/599 
f 599/599/599 600/600/600 593/593/593 
f 601/601/601 602/602/602 595/595/595 
f 603/603/603 594/594/594 595/595/595 
f 595/595/595 602/602/602 603/603/603 
f 596/596/596 594/594/594 603/603/603 
f 603/603/603 604/604/604 596/596/596 
f 590/590/590 596/596/596 604/604/604 
f 604/604/604 597/597/597 590/590/590 
f 598/598/598 597/597/597 605/605/605 
f 605/605/605 606/606/606 598/598/598 
f 599/599/599 598/598/598 606/606/606 
f 606/606/606 607/607/607 599/599/599 
f 600/600/600 599/599/599 607/607/607 
f 607/607/607 608/608/608 600/600/600 
f 609/609/609 610/610/610 611/611/611 
f 611/611/611 612/612/612 609/609/609 
f 609/609/609 613/613/613 614/614/614 
f 614/614/614 610/610/610 609/609/609 
f 603/603/603 602/602/602 613/613/613 
f 613/613/613 615/615/615 603/603/603 
f 604/604/604 603/603/603 615/615/615 
f 615/615/615 616/616/616 604/604/604 
f 597/597/597 604/604/604 616/616/616 
f 616/616/616 605/605/605 597/597/597 
f 606/606/606 605/605/605 617/617/617 
f 617/617/617 618/618/618 606/606/606 
f 607/607/607 606/606/606 618/618/618 
f 618/618/618 619/619/619 607/607/607 
f 608/608/608 607/607/607 619/619/619 
f 619/619/619 620/620/620 608/608/608 
f 621/621/621 609/609/609 612/612/612 
f 612/612/612 622/622/622 621/621/621 
f 613/613/613 609/609/609 621/621/621 
f 621/621/621 623/623/623 613/613/613 
f 615/615/615 613/613/613 623/623/623 
f 623/623/623 624/624/624 615/615/615 
f 616/616/616 615/615/615 624/624/624 
f 624/624/624 625/625/625 616/616/616 
f 605/605/605 616/616/616 625/625/625 
f 625/625/625 617/617/617 605/605/605 
f 618/618/618 617/617/617 626/626/626 
f 626/626/626 627/627/627 618/618/618 
f 619/619/619 618/618/618 627/627/627 
f 627/627/627 628/628/628 619/619/619 
f 620/620/620 619/619/619 628/628/628 
f 628/628/628 629/629/629 620/620/620 
f 621/621/621 622/622/622 630/630/630 
f 630/630/630 631/631/631 621/621/621 
f 623/623/623 621/621/621 631/631/631 
f 631/631/631 632/632/632 623/623/623 
f 624/624/624 623/623/623 632/632/632 
f 632/632/632 633/633/633 624/624/624 
f 625/625/625 624/624/624 633/633/633 
f 633/633/633 634/634/634 625/625/625 
f 617/617/617 625/625/625 634/634/634 
f 634/634/634 626/626/626 617/617/617 
f 627/627/627 626/626/626 635/635/635 
f 635/635/635 636/636/636 627/627/627 
f 628/628/628 627/627/627 636/636/636 
f 636/636/636 637/637/637 628/628/628 
f 629/629/629 628/628/628 637/637/637 
f 637/637/637 638/638/638 629/629/629 
f 631/631/631 630/630/630 639/639/639 
f 639/639/639 640/640/640 631/631/631 
f 632/632/632 631/631/631 640/640/640 
f 640/640/640 641/641/641 632/632/632 
f 633/633/633 632/632/632 641/641/641 
f 641/641/641 642/642/642 633/633/633 
f 634/634/634 633/633/633 642/642/642 
f 642/642/642 643/643/643 634/634/634 
f 626/626/626 634/634/634 643/643/643 
f 643/643/643 635/635/635 626/626/626 
f 636/636/636 635/635/635 644/644/644 
f 644/644/644 645/645/645 636/636/636 
f 637/637/637 636/636/636 645/645/645 
f 645/645/645 646/646/646 637/637/637 
f 638/638/638 637/637/637 646/646/646 
f 646/646/646 647/647/647 638/638/638 
f 640/640/640 639/639/639 648/648/648 
f 648/648/648 649/649/649 640/640/640 
f 641/641/641 640/640/640 649/649/649 
f 649/649/649 650/650/650 641/641/641 
f 642/642/642 641/641/641 650/650/650 
f 650/650/650 651/651/651 642/642/642 
f 643/643/643 642/642/642 651/651/651 
f 651/651/651 652/652/652 643/643/643 
f 635/635/635 643/643/643 652/652/652 
f 652/652/652 644/644/644 635/635/635 
f 645/645/645 644/644/644 653/653/653 
f 653/653/653 654/654/654 645/645/645 
f 646/646/646 645/645/645 654/654/654 
f 654/654/654 655/655/655 646/646/646 
f 647/647/647 646/646/646 655/655/655 
f 655/655/655 656/656/656 647/647/647 
f 649/649/649 648/648/648 657/657/657 
f 657/657/657 658/658/658 649/649/649 
f 650/650/650 649/649/649 658/658/658 
f 658/658/658 659/659/659 650/650/650 
f 651/651/651 650/650/650 659/659/659 
f 659/659/659 660/660/660 651/651/651 
f 652/652/652 651/651/651 660/660/660 
f 660/660/660 661/661/661 652/652/652 
f 644/644/644 652/652/652 661/661/661 
f 661/661/661 653/653/653 644/644/644 
f 653/653/653 662/662/662 654/654/654 
f 654/654/654 662/662/662 655/655/655 
f 655/655/655 662/662/662 656/656/656 
f 657/657/657 662/662/662 658/658/658 
f 658/658/658 662/662/662 659/659/659 
f 659/659/659 662/662/662 660/660/660 
f 660/660/660 662/662/662 661/661/661 
f 661/661/661 662/662/662 653/653/653 
f 586/586/586 585/585/585 663/663/663 
f 663/663/663 664/664/664 586/586/586 
f 665/665/665 595/595/595 587/587/587 
f 613/613/613 602/602/602 601/601/601 
f 601/601/601 614/614/614 613/613/613 
f 665/665/665 587/587/587 586/586/586 
f 586/586/586 664/664/664 665/665/665 
f 666/666/666 667/667/667 668/668/668 
f 668/668/668 669/669/669 666/666/666 
f 670/670/670 671/671/671 667/667/667 
f 667/667/667 666/666/666 670/670/670 
f 672/672/672 673/673/673 671/671/671 
f 671/671/671 670/670/670 672/672/672 
f 674/674/674 675/675/675 676/676/676 
f 676/676/676 677/677/677 674/674/674 
f 678/678/678 679/679/679 680/680/680 
f 680/680/680 681/681/681 678/678/678 
f 675/675/675 678/678/678 681/681/681 
f 681/681/681 676/676/676 675/675/675 
f 679/679/679 673/673/673 672/672/672 
f 672/672/672 680/680/680 679/679/679 
f 682/682/682 683/683/683 684/684/684 
f 684/684/684 685/685/685 682/682/682 
f 686/686/686 683/683/683 682/682/682 
f 682/682/682 687/687/687 686/686/686 
f 688/688/688 689/689/689 686/686/686 
f 686/686/686 687/687/687 688/688/688 
f 690/690/690 691/691/691 692/692/692 
f 692/692/692 693/693/693 690/690/690 
f 694/694/694 695/695/695 696/696/696 
f 696/696/696 697/697/697 694/694/694 
f 691/691/691 694/694/694 697/697/697 
f 697/697/697 692/692/692 691/691/691 
f 695/695/695 689/689/689 688/688/688 
f 688/688/688 696/696/696 695/695/695 
f 682/682/682 685/685/685 698/698/698 
f 698/698/698 699/699/699 682/682/682 
f 687/687/687 682/682/682 699/699/699 
f 699/699/699 700/700/700 687/687/687 
f 701/701/701 688/688/688 687/687/687 
f 687/687/687 700/700/700 701/701/701 
f 702/702/702 693/693/693 692/692/692 
f 692/692/692 703/703/703 702/702/702 
f 704/704/704 697/697/697 696/696/696 
f 696/696/696 705/705/705 704/704/704 
f 692/692/692 697/697/697 704/704/704 
f 704/704/704 703/703/703 692/692/692 
f 705/705/705 696/696/696 688/688/688 
f 688/688/688 701/701/701 705/705/705 
f 706/706/706 707/707/707 708/708/708 
f 708/708/708 709/709/709 706/706/706 
f 710/710/710 706/706/706 709/709/709 
f 709/709/709 711/711/711 710/710/710 
f 710/710/710 711/711/711 712/712/712 
f 712/712/712 713/713/713 710/710/710 
f 714/714/714 715/715/715 716/716/716 
f 716/716/716 717/717/717 714/714/714 
f 718/718/718 714/714/714 717/717/717 
f 717/717/717 719/719/719 718/718/718 
f 720/720/720 718/718/718 719/719/719 
f 719/719/719 721/721/721 720/720/720 
f 722/722/722 720/720/720 721/721/721 
f 721/721/721 723/723/723 722/722/722 
f 707/707/707 722/722/722 723/723/723 
f 723/723/723 708/708/708 707/707/707 
f 724/724/724 725/725/725 707/707/707 
f 707/707/707 706/706/706 724/724/724 
f 726/726/726 724/724/724 706/706/706 
f 706/706/706 710/710/710 726/726/726 
f 726/726/726 710/710/710 713/713/713 
f 713/713/713 727/727/727 726/726/726 
f 728/728/728 729/729/729 715/715/715 
f 715/715/715 714/714/714 728/728/728 
f 730/730/730 728/728/728 714/714/714 
f 714/714/714 718/718/718 730/730/730 
f 731/731/731 730/730/730 718/718/718 
f 718/718/718 720/720/720 731/731/731 
f 732/732/732 731/731/731 720/720/720 
f 720/720/720 722/722/722 732/732/732 
f 725/725/725 732/732/732 722/722/722 
f 722/722/722 707/707/707 725/725/725 
f 733/733/733 725/725/725 724/724/724 
f 724/724/724 734/734/734 733/733/733 
f 734/734/734 724/724/724 726/726/726 
f 726/726/726 735/735/735 734/734/734 
f 735/735/735 726/726/726 727/727/727 
f 727/727/727 736/736/736 735/735/735 
f 737/737/737 729/729/729 728/728/728 
f 728/728/728 738/738/738 737/737/737 
f 738/738/738 728/728/728 730/730/730 
f 730/730/730 739/739/739 738/738/738 
f 739/739/739 730/730/730 731/731/731 
f 731/731/731 740/740/740 739/739/739 
f 740/740/740 731/731/731 732/732/732 
f 732/732/732 741/741/741 740/740/740 
f 741/741/741 732/732/732 725/725/725 
f 725/725/725 733/733/733 741/741/741 
f 742/742/742 733/733/733 734/734/734 
f 734/734/734 743/743/743 742/742/742 
f 743/743/743 734/734/734 735/735/735 
f 735/735/735 744/744/744 743/743/743 
f 744/744/744 735/735/735 736/736/736 
f 736/736/736 745/745/745 744/744/744 
f 746/746/746 737/737/737 738/738/738 
f 738/738/738 747/747/747 746/746/746 
f 747/747/747 738/738/738 739/739/739 
f 739/739/739 748/748/748 747/747/747 
f 748/748/748 739/739/739 740/740/740 
f 740/740/740 749/749/749 748/748/748 
f 749/749/749 740/740/740 741/741/741 
f 741/741/741 750/750/750 749/749/749 
f 750/750/750 741/741/741 733/733/733 
f 733/733/733 742/742/742 750/750/750 
f 751/751/751 742/742/742 743/743/743 
f 743/743/743 752/752/752 751/751/751 
f 752/752/752 743/743/743 744/744/744 
f 744/744/744 753/753/753 752/752/752 
f 753/753/753 744/744/744 745/745/745 
f 745/745/745 754/754/754 753/753/753 
f 755/755/755 756/756/756 748/748/748 
f 748/748/748 749/749/749 755/755/755 
f 755/755/755 749/749/749 750/750/750 
f 750/750/750 757/757/757 755/755/755 
f 757/757/757 750/750/750 742/742/742 
f 742/742/742 751/751/751 757/757/757 
f 758/758/758 751/751/751 752/752/752 
f 752/752/752 759/759/759 758/758/758 
f 759/759/759 752/752/752 753/753/753 
f 753/753/753 760/760/760 759/759/759 
f 760/760/760 753/753/753 754/754/754 
f 754/754/754 761/761/761 760/760/760 
f 762/762/762 756/756/756 763/763/763 
f 764/764/764 763/763/763 756/756/756 
f 756/756/756 755/755/755 764/764/764 
f 764/764/764 755/755/755 757/757/757 
f 757/757/757 765/765/765 764/764/764 
f 765/765/765 757/757/757 751/751/751 
f 751/751/751 758/758/758 765/765/765 
f 766/766/766 758/758/758 759/759/759 
f 759/759/759 767/767/767 766/766/766 
f 767/767/767 759/759/759 760/760/760 
f 760/760/760 768/768/768 767/767/767 
f 768/768/768 760/760/760 761/761/761 
f 761/761/761 769/769/769 768/768/768 
f 770/770/770 771/771/771 772/772/772 
f 772/772/772 773/773/773 770/770/770 
f 770/770/770 773/773/773 774/774/774 
f 774/774/774 775/775/775 770/770/770 
f 775/775/775 763/763/763 764/764/764 
f 764/764/764 776/776/776 775/775/775 
f 776/776/776 764/764/764 765/765/765 
f 765/765/765 777/777/777 776/776/776 
f 777/777/777 765/765/765 758/758/758 
f 758/758/758 766/766/766 777/777/777 
f 778/778/778 766/766/766 767/767/767 
f 767/767/767 779/779/779 778/778/778 
f 779/779/779 767/767/767 768/768/768 
f 768/768/768 780/780/780 779/779/779 
f 780/780/780 768/768/768 769/769/769 
f 769/769/769 781/781/781 780/780/780 
f 782/782/782 783/783/783 771/771/771 
f 771/771/771 770/770/770 782/782/782 
f 782/782/782 770/770/770 775/775/775 
f 775/775/775 784/784/784 782/782/782 
f 784/784/784 775/775/775 776/776/776 
f 776/776/776 785/785/785 784/784/784 
f 785/785/785 776/776/776 777/777/777 
f 777/777/777 786/786/786 785/785/785 
f 786/786/786 777/777/777 766/766/766 
f 766/766/766 778/778/778 786/786/786 
f 787/787/787 778/778/778 779/779/779 
f 779/779/779 788/788/788 787/787/787 
f 788/788/788 779/779/779 780/780/780 
f 780/780/780 789/789/789 788/788/788 
f 789/789/789 780/780/780 781/781/781 
f 781/781/781 790/790/790 789/789/789 
f 791/791/791 783/783/783 782/782/782 
f 782/782/782 792/792/792 791/791/791 
f 792/792/792 782/782/782 784/784/784 
f 784/784/784 793/793/793 792/792/792 
f 793/793/793 784/784/784 785/785/785 
f 785/785/785 794/794/794 793/793/793 
f 794/794/794 785/785/785 786/786/786 
f 786/786/786 795/795/795 794/794/794 
f 795/795/795 786/786/786 778/778/778 
f 778/778/778 787/787/787 795/795/795 
f 796/796/796 787/787/787 788/788/788 
f 788/788/788 797/797/797 796/796/796 
f 797/797/797 788/788/788 789/789/789 
f 789/789/789 798/798/798 797/797/797 
f 798/798/798 789/789/789 790/790/790 
f 790/790/790 799/799/799 798/798/798 
f 800/800/800 791/791/791 792/792/792 
f 792/792/792 801/801/801 800/800/800 
f 801/801/801 792/792/792 793/793/793 
f 793/793/793 802/802/802 801/801/801 
f 802/802/802 793/793/793 794/794/794 
f 794/794/794 803/803/803 802/802/802 
f 803/803/803 794/794/794 795/795/795 
f 795/795/795 804/804/804 803/803/803 
f 804/804/804 795/795/795 787/787/787 
f 787/787/787 796/796/796 804/804/804 
f 805/805/805 796/796/796 797/797/797 
f 797/797/797 806/806/806 805/805/805 
f 806/806/806 797/797/797 798/798/798 
f 798/798/798 807/807/807 806/806/806 
f 807/807/807 798/798/798 799/799/799 
f 799/799/799 808/808/808 807/807/807 
f 809/809/809 800/800/800 801/801/801 
f 801/801/801 810/810/810 809/809/809 
f 810/810/810 801/801/801 802/802/802 
f 802/802/802 811/811/811 810/810/810 
f 811/811/811 802/802/802 803/803/803 
f 803/803/803 812/812/812 811/811/811 
f 812/812/812 803/803/803 804/804/804 
f 804/804/804 813/813/813 812/812/812 
f 813/813/813 804/804/804 796/796/796 
f 796/796/796 805/805/805 813/813/813 
f 814/814/814 805/805/805 806/806/806 
f 806/806/806 815/815/815 814/814/814 
f 815/815/815 806/806/806 807/807/807 
f 807/807/807 816/816/816 815/815/815 
f 816/816/816 807/807/807 808/808/808 
f 808/808/808 817/817/817 816/816/816 
f 818/818/818 809/809/809 810/810/810 
f 810/810/810 819/819/819 818/818/818 
f 819/819/819 810/810/810 811/811/811 
f 811/811/811 820/820/820 819/819/819 
f 820/820/820 811/811/811 812/812/812 
f 812/812/812 821/821/821 820/820/820 
f 821/821/821 812/812/812 813/813/813 
f 813/813/813 822/822/822 821/821/821 
f 822/822/822 813/813/813 805/805/805 
f 805/805/805 814/814/814 822/822/822 
f 814/814/814 815/815/815 662/662/662 
f 815/815/815 816/816/816 662/662/662 
f 816/816/816 817/817/817 662/662/662 
f 818/818/818 819/819/819 662/662/662 
f 819/819/819 820/820/820 662/662/662 
f 820/820/820 821/821/821 662/662/662 
f 821/821/821 822/822/822 662/662/662 
f 822/822/822 814/814/814 662/662/662 
f 823/823/823 746/746/746 747/747/747 
f 747/747/747 824/824/824 823/823/823 
f 825/825/825 748/748/748 756/756/756 
f 775/775/775 774/774/774 762/762/762 
f 762/762/762 763/763/763 775/775/775 
f 825/825/825 824/824/824 747/747/747 
f 747/747/747 748/748/748 825/825/825 
f 826/826/826 827/827/827 828/828/828 
f 828/828/828 829/829/829 826/826/826 
f 830/830/830 826/826/826 829/829/829 
f 829/829/829 831/831/831 830/830/830 
f 832/832/832 830/830/830 831/831/831 
f 831/831/831 833/833/833 832/832/832 
f 834/834/834 835/835/835 836/836/836 
f 836/836/836 837/837/837 834/834/834 
f 838/838/838 839/839/839 840/840/840 
f 840/840/840 841/841/841 838/838/838 
f 841/841/841 840/840/840 835/835/835 
f 835/835/835 834/834/834 841/841/841 
f 832/832/832 833/833/833 839/839/839 
f 839/839/839 838/838/838 832/832/832 
f 842/842/842 843/843/843 844/844/844 
f 844/844/844 845/845/845 842/842/842 
f 842/842/842 845/845/845 846/846/846 
f 846/846/846 847/847/847 842/842/842 
f 848/848/848 847/847/847 846/846/846 
f 846/846/846 849/849/849 848/848/848 
f 850/850/850 851/851/851 852/852/852 
f 852/852/852 853/853/853 850/850/850 
f 854/854/854 855/855/855 856/856/856 
f 856/856/856 857/857/857 854/854/854 
f 857/857/857 856/856/856 851/851/851 
f 851/851/851 850/850/850 857/857/857 
f 848/848/848 849/849/849 855/855/855 
f 855/855/855 854/854/854 848/848/848 
f 858/858/858 843/843/843 842/842/842 
f 842/842/842 859/859/859 858/858/858 
f 859/859/859 842/842/842 847/847/847 
f 847/847/847 860/860/860 859/859/859 
f 861/861/861 860/860/860 847/847/847 
f 847/847/847 848/848/848 861/861/861 
f 862/862/862 863/863/863 850/850/850 
f 850/850/850 853/853/853 862/862/862 
f 864/864/864 865/865/865 854/854/854 
f 854/854/854 857/857/857 864/864/864 
f 864/864/864 857/857/857 850/850/850 
f 850/850/850 863/863/863 864/864/864 
f 865/865/865 861/861/861 848/848/848 
f 848/848/848 854/854/854 865/865/865 
f 866/866/866 867/867/867 699/699/699 
f 699/699/699 698/698/698 866/866/866 
f 867/867/867 868/868/868 700/700/700 
f 700/700/700 699/699/699 867/867/867 
f 868/868/868 869/869/869 701/701/701 
f 701/701/701 700/700/700 868/868/868 
f 870/870/870 702/702/702 703/703/703 
f 703/703/703 871/871/871 870/870/870 
f 872/872/872 704/704/704 705/705/705 
f 705/705/705 873/873/873 872/872/872 
f 871/871/871 703/703/703 704/704/704 
f 704/704/704 872/872/872 871/871/871 
f 873/873/873 705/705/705 701/701/701 
f 701/701/701 869/869/869 873/873/873 
f 874/874/874 858/858/858 859/859/859 
f 859/859/859 875/875/875 874/874/874 
f 875/875/875 859/859/859 860/860/860 
f 860/860/860 876/876/876 875/875/875 
f 876/876/876 860/860/860 861/861/861 
f 861/861/861 877/877/877 876/876/876 
f 878/878/878 879/879/879 863/863/863 
f 863/863/863 862/862/862 878/878/878 
f 880/880/880 881/881/881 865/865/865 
f 865/865/865 864/864/864 880/880/880 
f 879/879/879 880/880/880 864/864/864 
f 864/864/864 863/863/863 879/879/879 
f 881/881/881 877/877/877 861/861/861 
f 861/861/861 865/865/865 881/881/881 
f 882/882/882 883/883/883 867/867/867 
f 867/867/867 866/866/866 882/882/882 
f 883/883/883 884/884/884 868/868/868 
f 868/868/868 867/867/867 883/883/883 
f 884/884/884 885/885/885 869/869/869 
f 869/869/869 868/868/868 884/884/884 
f 886/886/886 870/870/870 871/871/871 
f 871/871/871 887/887/887 886/886/886 
f 888/888/888 872/872/872 873/873/873 
f 873/873/873 889/889/889 888/888/888 
f 887/887/887 871/871/871 872/872/872 
f 872/872/872 888/888/888 887/887/887 
f 889/889/889 873/873/873 869/869/869 
f 869/869/869 885/885/885 889/889/889 
f 890/890/890 874/874/874 875/875/875 
f 875/875/875 891/891/891 890/890/890 
f 891/891/891 875/875/875 876/876/876 
f 876/876/876 892/892/892 891/891/891 
f 892/892/892 876/876/876 877/877/877 
f 877/877/877 893/893/893 892/892/892 
f 894/894/894 895/895/895 879/879/879 
f 879/879/879 878/878/878 894/894/894 
f 896/896/896 897/897/897 881/881/881 
f 881/881/881 880/880/880 896/896/896 
f 895/895/895 896/896/896 880/880/880 
f 880/880/880 879/879/879 895/895/895 
f 897/897/897 893/893/893 877/877/877 
f 877/877/877 881/881/881 897/897/897 
f 898/898/898 899/899/899 883/883/883 
f 883/883/883 882/882/882 898/898/898 
f 899/899/899 900/900/900 884/884/884 
f 884/884/884 883/883/883 899/899/899 
f 900/900/900 901/901/901 885/885/885 
f 885/885/885 884/884/884 900/900/900 
f 902/902/902 886/886/886 887/887/887 
f 887/887/887 903/903/903 902/902/902 
f 904/904/904 888/888/888 889/889/889 
f 889/889/889 905/905/905 904/904/904 
f 903/903/903 887/887/887 888/888/888 
f 888/888/888 904/904/904 903/903/903 
f 905/905/905 889/889/889 885/885/885 
f 885/885/885 901/901/901 905/905/905 
f 906/906/906 890/890/890 891/891/891 
f 891/891/891 907/907/907 906/906/906 
f 907/907/907 891/891/891 892/892/892 
f 892/892/892 908/908/908 907/907/907 
f 908/908/908 892/892/892 893/893/893 
f 893/893/893 909/909/909 908/908/908 
f 910/910/910 911/911/911 895/895/895 
f 895/895/895 894/894/894 910/910/910 
f 912/912/912 913/913/913 897/897/897 
f 897/897/897 896/896/896 912/912/912 
f 911/911/911 912/912/912 896/896/896 
f 896/896/896 895/895/895 911/911/911 
f 913/913/913 909/909/909 893/893/893 
f 893/893/893 897/897/897 913/913/913 
f 914/914/914 899/899/899 898/898/898 
f 898/898/898 915/915/915 914/914/914 
f 916/916/916 900/900/900 899/899/899 
f 899/899/899 914/914/914 916/916/916 
f 916/916/916 917/917/917 901/901/901 
f 901/901/901 900/900/900 916/916/916 
f 918/918/918 919/919/919 902/902/902 
f 902/902/902 903/903/903 918/918/918 
f 920/920/920 921/921/921 904/904/904 
f 904/904/904 905/905/905 920/920/920 
f 921/921/921 918/918/918 903/903/903 
f 903/903/903 904/904/904 921/921/921 
f 917/917/917 920/920/920 905/905/905 
f 905/905/905 901/901/901 917/917/917 
f 922/922/922 923/923/923 906/906/906 
f 906/906/906 907/907/907 922/922/922 
f 924/924/924 922/922/922 907/907/907 
f 907/907/907 908/908/908 924/924/924 
f 924/924/924 908/908/908 909/909/909 
f 909/909/909 925/925/925 924/924/924 
f 926/926/926 911/911/911 910/910/910 
f 910/910/910 927/927/927 926/926/926 
f 928/928/928 913/913/913 912/912/912 
f 912/912/912 929/929/929 928/928/928 
f 929/929/929 912/912/912 911/911/911 
f 911/911/911 926/926/926 929/929/929 
f 925/925/925 909/909/909 913/913/913 
f 913/913/913 928/928/928 925/925/925 
f 930/930/930 931/931/931 932/932/932 
f 932/932/932 933/933/933 930/930/930 
f 934/934/934 935/935/935 936/936/936 
f 936/936/936 937/937/937 934/934/934 
f 936/936/936 935/935/935 938/938/938 
f 938/938/938 939/939/939 936/936/936 
f 931/931/931 930/930/930 940/940/940 
f 941/941/941 942/942/942 935/935/935 
f 935/935/935 934/934/934 941/941/941 
f 943/943/943 938/938/938 935/935/935 
f 935/935/935 942/942/942 943/943/943 
f 944/944/944 945/945/945 946/946/946 
f 946/946/946 947/947/947 944/944/944 
f 946/946/946 948/948/948 949/949/949 
f 949/949/949 947/947/947 946/946/946 
f 939/939/939 938/938/938 914/914/914 
f 914/914/914 915/915/915 939/939/939 
f 938/938/938 943/943/943 916/916/916 
f 916/916/916 914/914/914 938/938/938 
f 943/943/943 950/950/950 917/917/917 
f 917/917/917 916/916/916 943/943/943 
f 951/951/951 920/920/920 917/917/917 
f 917/917/917 950/950/950 951/951/951 
f 941/941/941 921/921/921 920/920/920 
f 920/920/920 951/951/951 941/941/941 
f 934/934/934 918/918/918 921/921/921 
f 921/921/921 941/941/941 934/934/934 
f 937/937/937 919/919/919 918/918/918 
f 918/918/918 934/934/934 937/937/937 
f 945/945/945 944/944/944 926/926/926 
f 926/926/926 927/927/927 945/945/945 
f 944/944/944 933/933/933 929/929/929 
f 929/929/929 926/926/926 944/944/944 
f 933/933/933 932/932/932 928/928/928 
f 928/928/928 929/929/929 933/933/933 
f 932/932/932 931/931/931 925/925/925 
f 925/925/925 928/928/928 932/932/932 
f 940/940/940 924/924/924 925/925/925 
f 925/925/925 931/931/931 940/940/940 
f 949/949/949 922/922/922 924/924/924 
f 924/924/924 940/940/940 949/949/949 
f 948/948/948 923/923/923 922/922/922 
f 922/922/922 949/949/949 948/948/948 
f 849/849/849 846/846/846 830/830/830 
f 830/830/830 832/832/832 849/849/849 
f 846/846/846 845/845/845 826/826/826 
f 826/826/826 830/830/830 846/846/846 
f 845/845/845 844/844/844 827/827/827 
f 827/827/827 826/826/826 845/845/845 
f 683/683/683 666/666/666 669/669/669 
f 669/669/669 684/684/684 683/683/683 
f 686/686/686 670/670/670 666/666/666 
f 666/666/666 683/683/683 686/686/686 
f 689/689/689 672/672/672 670/670/670 
f 670/670/670 686/686/686 689/689/689 
f 689/689/689 695/695/695 680/680/680 
f 680/680/680 672/672/672 689/689/689 
f 695/695/695 694/694/694 681/681/681 
f 681/681/681 680/680/680 695/695/695 
f 694/694/694 691/691/691 676/676/676 
f 676/676/676 681/681/681 694/694/694 
f 691/691/691 690/690/690 677/677/677 
f 677/677/677 676/676/676 691/691/691 
f 851/851/851 834/834/834 837/837/837 
f 837/837/837 852/852/852 851/851/851 
f 856/856/856 841/841/841 834/834/834 
f 834/834/834 851/851/851 856/856/856 
f 855/855/855 838/838/838 841/841/841 
f 841/841/841 856/856/856 855/855/855 
f 849/849/849 832/832/832 838/838/838 
f 838/838/838 855/855/855 849/849/849 
f 933/933/933 944/944/944 947/947/947 
f 947/947/947 930/930/930 933/933/933 
f 947/947/947 949/949/949 940/940/940 
f 940/940/940 930/930/930 947/947/947 
f 942/942/942 941/941/941 951/951/951 
f 951/951/951 950/950/950 942/942/942 
f 943/943/943 942/942/942 950/950/950 
f 717/717/717 555/555/555 952/952/952 
f 952/952/952 953/953/953 717/717/717 
f 554/554/554 954/954/954 952/952/952 
f 952/952/952 555/555/555 554/554/554 
f 952/952/952 954/954/954 550/550/550 
f 550/550/550 712/712/712 952/952/952 
f 711/711/711 953/953/953 952/952/952 
f 952/952/952 712/712/712 711/711/711 
f 558/558/558 955/955/955 954/954/954 
f 954/954/954 554/554/554 558/558/558 
f 954/954/954 955/955/955 546/546/546 
f 546/546/546 550/550/550 954/954/954 
f 560/560/560 562/562/562 955/955/955 
f 955/955/955 558/558/558 560/560/560 
f 955/955/955 562/562/562 547/547/547 
f 547/547/547 546/546/546 955/955/955 
f 708/708/708 723/723/723 956/956/956 
f 956/956/956 709/709/709 708/708/708 
f 721/721/721 719/719/719 956/956/956 
f 956/956/956 723/723/723 721/721/721 
f 719/719/719 717/717/717 953/953/953 
f 953/953/953 956/956/956 719/719/719 
f 953/953/953 711/711/711 709/709/709 
f 709/709/709 956/956/956 953/953/953 

g Handle2

v 0.019144 107.216 0.234684 
v 0.0135825 107.216 0.221257 
v 0.0135825 107.383 0.221257 
v 0.019144 107.383 0.234684 
v 0.000155727 107.216 0.215695 
v 0.000155725 107.383 0.215695 
v -0.013271 107.216 0.221257 
v -0.013271 107.383 0.221257 
v -0.0188326 107.216 0.234684 
v -0.0188326 107.383 0.234684 
v -0.013271 107.216 0.24811 
v -0.013271 107.383 0.24811 
v 0.000155728 107.216 0.253672 
v 0.000155726 107.383 0.253672 
v 0.0135825 107.216 0.24811 
v 0.0135825 107.383 0.24811 
v 0.019144 107.216 0.234684 
v 0.019144 107.383 0.234684 
v 0.000155727 107.216 0.215695 
v 0.0135825 107.216 0.221257 
v 0.0135825 107.383 0.221257 
v 0.000155725 107.383 0.215695 
v 0.593808 107.351 0.254388 
v 0.417863 107.355 0.284311 
v 0.417863 107.331 0.190363 
v 0.593808 107.336 0.224099 
v 0.000155726 107.342 0.244585 
v 0.000155726 107.342 0.224782 
v 0.593808 107.364 0.245268 
v 0.593808 107.349 0.214979 
v 0.417863 107.345 0.185056 
v 0.417863 107.369 0.279005 
v 0.000155725 107.357 0.224782 
v 0.000155726 107.357 0.244585 
v 0.616146 107.339 0.212109 
v 0.616146 107.361 0.257258 
v 0.616146 107.361 0.257258 
v 0.616146 107.339 0.212109 
v 0.417863 107.337 0.182005 
v 0.417863 107.331 0.190363 
v 0.000155726 107.342 0.224782 
v 0.000155725 107.35 0.224782 
v 0.417863 107.337 0.182005 
v 0.616146 107.339 0.212109 
v 0.417863 107.345 0.185056 
v 0.593808 107.349 0.214979 
v 0.000155725 107.357 0.224782 
v 0.000155726 107.342 0.244585 
v 0.417863 107.355 0.284311 
v 0.417863 107.363 0.287363 
v 0.000155726 107.35 0.244585 
v 0.593808 107.351 0.254388 
v 0.616146 107.361 0.257258 
v 0.000155726 107.35 0.244585 
v 0.417863 107.363 0.287363 
v -0.593497 107.351 0.214979 
v -0.417551 107.355 0.185056 
v -0.417551 107.331 0.279004 
v -0.593497 107.336 0.245268 
v -0.593497 107.364 0.224099 
v -0.593497 107.349 0.254388 
v -0.417551 107.345 0.284311 
v -0.417551 107.369 0.190363 
v -0.615835 107.339 0.257258 
v -0.615835 107.361 0.212109 
v -0.615835 107.361 0.212109 
v -0.615835 107.339 0.257258 
v -0.417551 107.337 0.287363 
v -0.417551 107.331 0.279004 
v -0.417551 107.337 0.287363 
v -0.615835 107.339 0.257258 
v -0.417551 107.345 0.284311 
v -0.593497 107.349 0.254388 
v 0.000155726 107.357 0.244585 
v -0.417551 107.355 0.185056 
v -0.417551 107.363 0.182004 
v -0.593497 107.351 0.214979 
v -0.615835 107.361 0.212109 
v 0.000155725 107.35 0.224782 
v -0.417551 107.363 0.182004 
v 0.0198604 107.351 -0.358968 
v 0.0497831 107.355 -0.183023 
v -0.0441651 107.331 -0.183023 
v -0.0104285 107.336 -0.358968 
v 0.0100573 107.342 0.234684 
v -0.00974586 107.342 0.234684 
v 0.0107402 107.364 -0.358968 
v -0.0195485 107.349 -0.358968 
v -0.0494715 107.345 -0.183023 
v 0.0444768 107.369 -0.183023 
v -0.00974586 107.357 0.234684 
v 0.0100573 107.357 0.234684 
v -0.0224188 107.339 -0.381306 
v 0.0227305 107.361 -0.381306 
v 0.0227305 107.361 -0.381306 
v -0.0224188 107.339 -0.381306 
v -0.0525233 107.337 -0.183023 
v -0.0441651 107.331 -0.183023 
v -0.00974586 107.342 0.234684 
v -0.00974586 107.35 0.234684 
v -0.0525233 107.337 -0.183023 
v -0.0224188 107.339 -0.381306 
v -0.0494715 107.345 -0.183023 
v -0.0195485 107.349 -0.358968 
v -0.00974586 107.357 0.234684 
v 0.0100573 107.342 0.234684 
v 0.0497831 107.355 -0.183023 
v 0.0528349 107.363 -0.183023 
v 0.0100573 107.35 0.234684 
v 0.0198604 107.351 -0.358968 
v 0.0227305 107.361 -0.381306 
v 0.0100573 107.35 0.234684 
v 0.0528349 107.363 -0.183023 
v -0.0195487 107.351 0.828336 
v -0.0494716 107.355 0.65239 
v 0.0444767 107.331 0.65239 
v 0.0107401 107.336 0.828336 
v -0.0104286 107.364 0.828336 
v 0.0198601 107.349 0.828336 
v 0.0497831 107.345 0.65239 
v -0.0441652 107.369 0.65239 
v 0.0227304 107.339 0.850674 
v -0.022419 107.361 0.850674 
v -0.022419 107.361 0.850674 
v 0.0227304 107.339 0.850674 
v 0.0528349 107.337 0.65239 
v 0.0444767 107.331 0.65239 
v 0.0528349 107.337 0.65239 
v 0.0227304 107.339 0.850674 
v 0.0497831 107.345 0.65239 
v 0.0198601 107.349 0.828336 
v 0.0100573 107.357 0.234684 
v -0.0494716 107.355 0.65239 
v -0.0525234 107.363 0.65239 
v -0.0195487 107.351 0.828336 
v -0.022419 107.361 0.850674 
v -0.00974586 107.35 0.234684 
v -0.0525234 107.363 0.65239 
v 0.000155727 107.246 0.234684 
v 0.333826 107.188 0.234684 
v 0.317495 107.188 0.131574 
v 0.270101 107.188 0.0385572 
v 0.196282 107.188 -0.0352611 
v 0.103265 107.188 -0.0826554 
v 0.000155718 107.188 -0.0989866 
v -0.102954 107.188 -0.0826554 
v -0.195971 107.188 -0.0352611 
v -0.269789 107.188 0.0385572 
v -0.317183 107.188 0.131574 
v -0.333515 107.188 0.234684 
v -0.317183 107.188 0.337793 
v -0.269789 107.188 0.43081 
v -0.195971 107.188 0.504628 
v -0.102954 107.188 0.552023 
v 0.000155738 107.188 0.568354 
v 0.103265 107.188 0.552023 
v 0.196282 107.188 0.504628 
v 0.270101 107.188 0.43081 
v 0.317495 107.188 0.337793 
v 0.442789 107.142 0.234684 
v 0.421125 107.142 0.0979027 
v 0.358253 107.142 -0.0254896 
v 0.260329 107.142 -0.123414 
v 0.136937 107.142 -0.186286 
v 0.000155648 107.142 -0.207949 
v -0.136625 107.142 -0.186286 
v -0.260018 107.142 -0.123414 
v -0.357942 107.142 -0.0254896 
v -0.420814 107.142 0.0979026 
v -0.442478 107.142 0.234684 
v -0.420814 107.142 0.371465 
v -0.357942 107.142 0.494857 
v -0.260018 107.142 0.592781 
v -0.136625 107.142 0.655653 
v 0.000155809 107.142 0.677317 
v 0.136937 107.142 0.655653 
v 0.260329 107.142 0.592781 
v 0.358253 107.142 0.494857 
v 0.421125 107.142 0.371465 
v 0.541086 107.067 0.234684 
v 0.514611 107.067 0.0675272 
v 0.437778 107.067 -0.083267 
v 0.318106 107.067 -0.202938 
v 0.167312 107.067 -0.279771 
v 0.000155647 107.067 -0.306246 
v -0.167001 107.067 -0.279771 
v -0.317795 107.067 -0.202938 
v -0.437466 107.067 -0.083267 
v -0.514299 107.067 0.0675272 
v -0.540775 107.067 0.234684 
v -0.514299 107.067 0.40184 
v -0.437466 107.067 0.552634 
v -0.317795 107.067 0.672305 
v -0.167001 107.067 0.749138 
v 0.000155814 107.067 0.775614 
v 0.167312 107.067 0.749138 
v 0.318106 107.067 0.672305 
v 0.437778 107.067 0.552634 
v 0.514611 107.067 0.40184 
v 0.619094 106.972 0.234684 
v 0.588799 106.972 0.0434212 
v 0.500888 106.972 -0.129119 
v 0.363959 106.972 -0.266048 
v 0.191418 106.972 -0.35396 
v 0.000155646 106.972 -0.384254 
v -0.191107 106.972 -0.35396 
v -0.363647 106.972 -0.266048 
v -0.500576 106.972 -0.129119 
v -0.588488 106.972 0.0434212 
v -0.618782 106.972 0.234684 
v -0.588488 106.972 0.425946 
v -0.500576 106.972 0.598486 
v -0.363647 106.972 0.735415 
v -0.191107 106.972 0.823327 
v 0.000155817 106.972 0.853621 
v 0.191418 106.972 0.823327 
v 0.363959 106.972 0.735415 
v 0.500888 106.972 0.598486 
v 0.588799 106.972 0.425946 
v 0.669179 106.866 0.234684 
v 0.636434 106.866 0.0279438 
v 0.541407 106.866 -0.158558 
v 0.393398 106.866 -0.306568 
v 0.206896 106.866 -0.401595 
v 0.000155646 106.866 -0.434339 
v -0.206584 106.866 -0.401595 
v -0.393087 106.866 -0.306568 
v -0.541096 106.866 -0.158558 
v -0.636123 106.866 0.0279438 
v -0.668868 106.866 0.234684 
v -0.636123 106.866 0.441423 
v -0.541096 106.866 0.627926 
v -0.393086 106.866 0.775935 
v -0.206584 106.866 0.870962 
v 0.00015582 106.866 0.903707 
v 0.206896 106.866 0.870962 
v 0.393398 106.866 0.775935 
v 0.541407 106.866 0.627926 
v 0.636434 106.866 0.441423 
v 0.686435 106.752 0.234684 
v 0.652849 106.752 0.0226112 
v 0.555369 106.752 -0.168703 
v 0.403542 106.752 -0.32053 
v 0.212228 106.752 -0.418009 
v 0.000155647 106.752 -0.451596 
v -0.211917 106.752 -0.418009 
v -0.403231 106.752 -0.32053 
v -0.555058 106.752 -0.168703 
v -0.652538 106.752 0.0226111 
v -0.686124 106.752 0.234684 
v -0.652538 106.752 0.446756 
v -0.555058 106.752 0.63807 
v -0.403231 106.752 0.789897 
v -0.211917 106.752 0.887377 
v 0.000155823 106.752 0.920963 
v 0.212228 106.752 0.887377 
v 0.403542 106.752 0.789897 
v 0.555369 106.752 0.638069 
v 0.652849 106.752 0.446756 
v 0.315938 107.182 0.132079 
v 0.332189 107.182 0.234684 
v 0.000155727 107.24 0.234684 
v 0.268776 107.182 0.0395194 
v 0.19532 107.182 -0.0339369 
v 0.102759 107.182 -0.0810986 
v 0.000155718 107.182 -0.0973496 
v -0.102448 107.182 -0.0810986 
v -0.195009 107.182 -0.0339369 
v -0.268465 107.182 0.0395194 
v -0.315627 107.182 0.13208 
v -0.331878 107.182 0.234684 
v -0.315627 107.182 0.337287 
v -0.268465 107.182 0.429848 
v -0.195009 107.182 0.503304 
v -0.102448 107.182 0.550466 
v 0.000155738 107.182 0.566717 
v 0.102759 107.182 0.550466 
v 0.19532 107.182 0.503304 
v 0.268776 107.182 0.429848 
v 0.315938 107.182 0.337287 
v 0.510846 107.062 0.0687503 
v 0.537127 107.062 0.234684 
v 0.434575 107.062 -0.08094 
v 0.315779 107.062 -0.199735 
v 0.166089 107.062 -0.276006 
v 0.000155647 107.062 -0.302288 
v -0.165778 107.062 -0.276006 
v -0.315468 107.062 -0.199735 
v -0.434263 107.062 -0.08094 
v -0.510535 107.062 0.0687503 
v -0.536816 107.062 0.234684 
v -0.510535 107.062 0.400617 
v -0.434263 107.062 0.550307 
v -0.315468 107.062 0.669103 
v -0.165778 107.062 0.745374 
v 0.000155814 107.062 0.771655 
v 0.166089 107.062 0.745374 
v 0.315779 107.062 0.669103 
v 0.434575 107.062 0.550307 
v 0.510846 107.062 0.400617 
v 0.63116 106.865 0.029657 
v 0.663634 106.865 0.234684 
v 0.536923 106.865 -0.1553 
v 0.39014 106.865 -0.302083 
v 0.205182 106.865 -0.396321 
v 0.000155646 106.865 -0.428794 
v -0.204871 106.865 -0.396321 
v -0.389828 106.865 -0.302083 
v -0.536611 106.865 -0.1553 
v -0.630849 106.865 0.029657 
v -0.663323 106.865 0.234684 
v -0.630849 106.865 0.43971 
v -0.536611 106.865 0.624668 
v -0.389828 106.865 0.77145 
v -0.204871 106.865 0.865688 
v 0.00015582 106.865 0.898162 
v 0.205182 106.865 0.865688 
v 0.39014 106.865 0.77145 
v 0.536923 106.865 0.624668 
v 0.63116 106.865 0.43971 
v 0.647389 106.751 0.0243842 
v 0.680698 106.751 0.234684 
v 0.550726 106.751 -0.165329 
v 0.400169 106.751 -0.315887 
v 0.210455 106.751 -0.412549 
v 0.000155647 106.751 -0.445859 
v -0.210144 106.751 -0.412549 
v -0.399857 106.751 -0.315887 
v -0.550415 106.751 -0.165329 
v -0.647077 106.751 0.0243842 
v -0.680387 106.751 0.234684 
v -0.647077 106.751 0.444983 
v -0.550415 106.751 0.634696 
v -0.399857 106.751 0.785254 
v -0.210143 106.751 0.881916 
v 0.000155823 106.751 0.915226 
v 0.210455 106.751 0.881916 
v 0.400169 106.751 0.785254 
v 0.550726 106.751 0.634697 
v 0.647389 106.751 0.444982 
v 0.652849 106.752 0.0226112 
v 0.686435 106.752 0.234684 
v 0.555369 106.752 -0.168703 
v 0.403542 106.752 -0.32053 
v 0.212228 106.752 -0.418009 
v 0.000155647 106.752 -0.451596 
v -0.211917 106.752 -0.418009 
v -0.403231 106.752 -0.32053 
v -0.555058 106.752 -0.168703 
v -0.652538 106.752 0.0226111 
v -0.686124 106.752 0.234684 
v -0.652538 106.752 0.446756 
v -0.555058 106.752 0.63807 
v -0.403231 106.752 0.789897 
v -0.211917 106.752 0.887377 
v 0.000155823 106.752 0.920963 
v 0.212228 106.752 0.887377 
v 0.403542 106.752 0.789897 
v 0.555369 106.752 0.638069 
v 0.652849 106.752 0.446756 

vn 1 0 0 
vn 0.708661 0 -0.708661 
vn 0.708661 0 -0.708661 
vn 1 0 0 
vn 0 0 -1 
vn 0 0 -1 
vn -0.708661 0 -0.708661 
vn -0.708661 0 -0.708661 
vn -1 0 0 
vn -1 0 0 
vn -0.708661 0 0.708661 
vn -0.708661 0 0.708661 
vn 0 0 1 
vn 0 0 1 
vn 0.708661 0 0.708661 
vn 0.708661 0 0.708661 
vn 1 0 0 
vn 1 0 0 
vn 0 0 -1 
vn 0.708661 0 -0.708661 
vn 0.708661 0 -0.708661 
vn 0 0 -1 
vn -0.0314961 -0.929134 0.377953 
vn 0.00787402 -0.968504 0.244094 
vn 0 -0.968504 0.259843 
vn -0.0551181 -0.897638 0.433071 
vn 0.0314961 -1 0 
vn 0.023622 -1 0.0314961 
vn 0.0314961 0.92126 -0.377953 
vn 0.0551181 0.897638 -0.433071 
vn 0 0.968504 -0.259843 
vn -0.00787402 0.968504 -0.244094 
vn -0.023622 1 -0.0314961 
vn -0.0314961 1 0 
vn 0.992126 0.125984 -0.0629921 
vn 0.992126 -0.125984 0.0629921 
vn 0.992126 -0.125984 0.0629921 
vn 0.992126 0.125984 -0.0629921 
vn 0.0314961 -0.299213 -0.952756 
vn 0 -0.968504 0.259843 
vn 0.023622 -1 0.0314961 
vn -0.0944882 -0.00787402 -0.992126 
vn 0.0314961 -0.299213 -0.952756 
vn 0.992126 0.125984 -0.0629921 
vn 0 0.968504 -0.259843 
vn 0.0551181 0.897638 -0.433071 
vn -0.023622 1 -0.0314961 
vn 0.0314961 -1 0 
vn 0.00787402 -0.968504 0.244094 
vn 0.0314961 0.299213 0.952756 
vn -0.0944882 0.00787402 0.992126 
vn -0.0314961 -0.929134 0.377953 
vn 0.992126 -0.125984 0.0629921 
vn -0.0944882 0.00787402 0.992126 
vn 0.0314961 0.299213 0.952756 
vn 0.0314961 -0.929134 -0.377953 
vn -0.00787402 -0.968504 -0.244094 
vn 0 -0.968504 -0.259843 
vn 0.0551181 -0.897638 -0.433071 
vn -0.0314961 0.92126 0.377953 
vn -0.0551181 0.897638 0.433071 
vn 0 0.968504 0.259843 
vn 0.00787402 0.968504 0.244094 
vn -0.992126 0.125984 0.0629921 
vn -0.992126 -0.125984 -0.0629921 
vn -0.992126 -0.125984 -0.0629921 
vn -0.992126 0.125984 0.0629921 
vn -0.0314961 -0.299213 0.952756 
vn 0 -0.968504 -0.259843 
vn -0.0314961 -0.299213 0.952756 
vn -0.992126 0.125984 0.0629921 
vn 0 0.968504 0.259843 
vn -0.0551181 0.897638 0.433071 
vn -0.0314961 1 0 
vn -0.00787402 -0.968504 -0.244094 
vn -0.0314961 0.299213 -0.952756 
vn 0.0314961 -0.929134 -0.377953 
vn -0.992126 -0.125984 -0.0629921 
vn -0.0944882 -0.00787402 -0.992126 
vn -0.0314961 0.299213 -0.952756 
vn 0.377953 -0.929134 0.0314961 
vn 0.244094 -0.968504 -0.00787402 
vn 0.259843 -0.968504 0 
vn 0.433071 -0.897638 0.0551181 
vn 0 -1 -0.0314961 
vn 0.0314961 -1 -0.023622 
vn -0.377953 0.92126 -0.0314961 
vn -0.433071 0.897638 -0.0551181 
vn -0.259843 0.968504 0 
vn -0.244094 0.968504 0.00787402 
vn -0.0314961 1 0.023622 
vn 0 1 0.0314961 
vn -0.0629921 0.125984 -0.992126 
vn 0.0629921 -0.125984 -0.992126 
vn 0.0629921 -0.125984 -0.992126 
vn -0.0629921 0.125984 -0.992126 
vn -0.952756 -0.299213 -0.0314961 
vn 0.259843 -0.968504 0 
vn 0.0314961 -1 -0.023622 
vn -0.992126 -0.00787402 0.0944882 
vn -0.952756 -0.299213 -0.0314961 
vn -0.0629921 0.125984 -0.992126 
vn -0.259843 0.968504 0 
vn -0.433071 0.897638 -0.0551181 
vn -0.0314961 1 0.023622 
vn 0 -1 -0.0314961 
vn 0.244094 -0.968504 -0.00787402 
vn 0.952756 0.299213 -0.0314961 
vn 0.992126 0.00787402 0.0944882 
vn 0.377953 -0.929134 0.0314961 
vn 0.0629921 -0.125984 -0.992126 
vn 0.992126 0.00787402 0.0944882 
vn 0.952756 0.299213 -0.0314961 
vn -0.377953 -0.929134 -0.0314961 
vn -0.244094 -0.968504 0.00787402 
vn -0.259843 -0.968504 0 
vn -0.433071 -0.897638 -0.0551181 
vn 0.377953 0.92126 0.0314961 
vn 0.433071 0.897638 0.0551181 
vn 0.259843 0.968504 0 
vn 0.244094 0.968504 -0.00787402 
vn 0.0629921 0.125984 0.992126 
vn -0.0629921 -0.125984 0.992126 
vn -0.0629921 -0.125984 0.992126 
vn 0.0629921 0.125984 0.992126 
vn 0.952756 -0.299213 0.0314961 
vn -0.259843 -0.968504 0 
vn 0.952756 -0.299213 0.0314961 
vn 0.0629921 0.125984 0.992126 
vn 0.259843 0.968504 0 
vn 0.433071 0.897638 0.0551181 
vn 0 1 0.0314961 
vn -0.244094 -0.968504 0.00787402 
vn -0.952756 0.299213 0.0314961 
vn -0.377953 -0.929134 -0.0314961 
vn -0.0629921 -0.125984 0.992126 
vn -0.992126 -0.00787402 0.0944882 
vn -0.952756 0.299213 0.0314961 
vn 0 1 0 
vn 0.291339 0.952756 0 
vn 0.283465 0.952756 -0.0944882 
vn 0.23622 0.952756 -0.173228 
vn 0.173228 0.952756 -0.23622 
vn 0.0944882 0.952756 -0.283465 
vn 0 0.952756 -0.291339 
vn -0.0944882 0.952756 -0.283465 
vn -0.173228 0.952756 -0.23622 
vn -0.23622 0.952756 -0.173228 
vn -0.283465 0.952756 -0.0944882 
vn -0.291339 0.952756 0 
vn -0.283465 0.952756 0.0944882 
vn -0.23622 0.952756 0.173228 
vn -0.173228 0.952756 0.23622 
vn -0.0944882 0.952756 0.283465 
vn 0 0.952756 0.291339 
vn 0.0944882 0.952756 0.283465 
vn 0.173228 0.952756 0.23622 
vn 0.23622 0.952756 0.173228 
vn 0.283465 0.952756 0.0944882 
vn 0.511811 0.858268 0 
vn 0.488189 0.858268 -0.15748 
vn 0.417323 0.858268 -0.299213 
vn 0.299213 0.858268 -0.417323 
vn 0.15748 0.858268 -0.488189 
vn 0 0.858268 -0.511811 
vn -0.15748 0.858268 -0.488189 
vn -0.299213 0.858268 -0.417323 
vn -0.417323 0.858268 -0.299213 
vn -0.488189 0.858268 -0.15748 
vn -0.511811 0.858268 0 
vn -0.488189 0.858268 0.15748 
vn -0.417323 0.858268 0.299213 
vn -0.299213 0.858268 0.417323 
vn -0.15748 0.858268 0.488189 
vn 0 0.858268 0.511811 
vn 0.15748 0.858268 0.488189 
vn 0.299213 0.858268 0.417323 
vn 0.417323 0.858268 0.299213 
vn 0.488189 0.858268 0.15748 
vn 0.700787 0.716535 0 
vn 0.661417 0.716535 -0.212598 
vn 0.566929 0.716535 -0.409449 
vn 0.409449 0.716535 -0.566929 
vn 0.212598 0.716535 -0.661417 
vn 0 0.716535 -0.700787 
vn -0.212598 0.716535 -0.661417 
vn -0.409449 0.716535 -0.566929 
vn -0.566929 0.716535 -0.409449 
vn -0.661417 0.716535 -0.212598 
vn -0.700787 0.716535 0 
vn -0.661417 0.716535 0.212598 
vn -0.566929 0.716535 0.409449 
vn -0.409449 0.716535 0.566929 
vn -0.212598 0.716535 0.661417 
vn 0 0.716535 0.700787 
vn 0.212598 0.716535 0.661417 
vn 0.409449 0.716535 0.566929 
vn 0.566929 0.716535 0.409449 
vn 0.661417 0.716535 0.212598 
vn 0.850394 0.527559 0 
vn 0.80315 0.527559 -0.259843 
vn 0.685039 0.527559 -0.496063 
vn 0.496063 0.527559 -0.685039 
vn 0.259843 0.527559 -0.80315 
vn 0 0.527559 -0.850394 
vn -0.259843 0.527559 -0.80315 
vn -0.496063 0.527559 -0.685039 
vn -0.685039 0.527559 -0.496063 
vn -0.80315 0.527559 -0.259843 
vn -0.850394 0.527559 0 
vn -0.80315 0.527559 0.259843 
vn -0.685039 0.527559 0.496063 
vn -0.496063 0.527559 0.685039 
vn -0.259843 0.527559 0.80315 
vn 0 0.527559 0.850394 
vn 0.259843 0.527559 0.80315 
vn 0.496063 0.527559 0.685039 
vn 0.685039 0.527559 0.496063 
vn 0.80315 0.527559 0.259843 
vn 0.96063 0.283465 0 
vn 0.913386 0.283465 -0.299213 
vn 0.771654 0.283465 -0.566929 
vn 0.566929 0.283465 -0.771654 
vn 0.299213 0.283465 -0.913386 
vn 0 0.283465 -0.96063 
vn -0.299213 0.283465 -0.913386 
vn -0.566929 0.283465 -0.771654 
vn -0.771654 0.283465 -0.566929 
vn -0.913386 0.283465 -0.299213 
vn -0.96063 0.283465 0 
vn -0.913386 0.283465 0.299213 
vn -0.771654 0.283465 0.566929 
vn -0.566929 0.283465 0.771654 
vn -0.299213 0.283465 0.913386 
vn 0 0.283465 0.96063 
vn 0.299213 0.283465 0.913386 
vn 0.566929 0.283465 0.771654 
vn 0.771654 0.283465 0.566929 
vn 0.913386 0.283465 0.299213 
vn 0.992126 0.149606 0 
vn 0.937008 0.149606 -0.307087 
vn 0.80315 0.149606 -0.582677 
vn 0.582677 0.149606 -0.80315 
vn 0.307087 0.149606 -0.937008 
vn 0 0.149606 -0.992126 
vn -0.307087 0.149606 -0.937008 
vn -0.582677 0.149606 -0.80315 
vn -0.80315 0.149606 -0.582677 
vn -0.937008 0.149606 -0.307087 
vn -0.992126 0.149606 0 
vn -0.937008 0.149606 0.307087 
vn -0.80315 0.149606 0.582677 
vn -0.582677 0.149606 0.80315 
vn -0.307087 0.149606 0.937008 
vn 0 0.149606 0.992126 
vn 0.307087 0.149606 0.937008 
vn 0.582677 0.149606 0.80315 
vn 0.80315 0.149606 0.582677 
vn 0.937008 0.149606 0.307087 
vn -0.346457 -0.929134 0.110236 
vn -0.362205 -0.929134 0 
vn 0 -1 0 
vn -0.291339 -0.929134 0.212598 
vn -0.212598 -0.929134 0.291339 
vn -0.110236 -0.929134 0.346457 
vn 0 -0.929134 0.362205 
vn 0.110236 -0.929134 0.346457 
vn 0.212598 -0.929134 0.291339 
vn 0.291339 -0.929134 0.212598 
vn 0.346457 -0.929134 0.110236 
vn 0.362205 -0.929134 0 
vn 0.346457 -0.929134 -0.110236 
vn 0.291339 -0.929134 -0.212598 
vn 0.212598 -0.929134 -0.291339 
vn 0.110236 -0.929134 -0.346457 
vn 0 -0.929134 -0.362205 
vn -0.110236 -0.929134 -0.346457 
vn -0.212598 -0.929134 -0.291339 
vn -0.291339 -0.929134 -0.212598 
vn -0.346457 -0.929134 -0.110236 
vn -0.669291 -0.708661 0.220472 
vn -0.708661 -0.708661 0 
vn -0.574803 -0.708661 0.417323 
vn -0.417323 -0.708661 0.574803 
vn -0.220472 -0.708661 0.669291 
vn 0 -0.708661 0.708661 
vn 0.220472 -0.708661 0.669291 
vn 0.417323 -0.708661 0.574803 
vn 0.574803 -0.708661 0.417323 
vn 0.669291 -0.708661 0.220472 
vn 0.708661 -0.708661 0 
vn 0.669291 -0.708661 -0.220472 
vn 0.574803 -0.708661 -0.417323 
vn 0.417323 -0.708661 -0.574803 
vn 0.220472 -0.708661 -0.669291 
vn 0 -0.708661 -0.708661 
vn -0.220472 -0.708661 -0.669291 
vn -0.417323 -0.708661 -0.574803 
vn -0.574803 -0.708661 -0.417323 
vn -0.669291 -0.708661 -0.220472 
vn -0.889764 -0.346457 0.291339 
vn -0.937008 -0.346457 0 
vn -0.76378 -0.346457 0.551181 
vn -0.551181 -0.346457 0.76378 
vn -0.291339 -0.346457 0.889764 
vn 0 -0.346457 0.937008 
vn 0.291339 -0.346457 0.889764 
vn 0.551181 -0.346457 0.76378 
vn 0.76378 -0.346457 0.551181 
vn 0.889764 -0.346457 0.291339 
vn 0.937008 -0.346457 0 
vn 0.889764 -0.346457 -0.291339 
vn 0.76378 -0.346457 -0.551181 
vn 0.551181 -0.346457 -0.76378 
vn 0.291339 -0.346457 -0.889764 
vn 0 -0.346457 -0.937008 
vn -0.291339 -0.346457 -0.889764 
vn -0.551181 -0.346457 -0.76378 
vn -0.76378 -0.346457 -0.551181 
vn -0.889764 -0.346457 -0.291339 
vn -0.937008 -0.149606 0.307087 
vn -0.992126 -0.149606 0 
vn -0.80315 -0.149606 0.582677 
vn -0.582677 -0.149606 0.80315 
vn -0.307087 -0.149606 0.937008 
vn 0 -0.149606 0.992126 
vn 0.307087 -0.149606 0.937008 
vn 0.582677 -0.149606 0.80315 
vn 0.80315 -0.149606 0.582677 
vn 0.937008 -0.149606 0.307087 
vn 0.992126 -0.149606 0 
vn 0.937008 -0.149606 -0.307087 
vn 0.80315 -0.149606 -0.582677 
vn 0.582677 -0.149606 -0.80315 
vn 0.307087 -0.149606 -0.937008 
vn 0 -0.149606 -0.992126 
vn -0.307087 -0.149606 -0.937008 
vn -0.582677 -0.149606 -0.80315 
vn -0.80315 -0.149606 -0.582677 
vn -0.937008 -0.149606 -0.307087 
vn 0.937008 0.149606 -0.307087 
vn 0.992126 0.149606 0 
vn 0.80315 0.149606 -0.582677 
vn 0.582677 0.149606 -0.80315 
vn 0.307087 0.149606 -0.937008 
vn 0 0.149606 -0.992126 
vn -0.307087 0.149606 -0.937008 
vn -0.582677 0.149606 -0.80315 
vn -0.80315 0.149606 -0.582677 
vn -0.937008 0.149606 -0.307087 
vn -0.992126 0.149606 0 
vn -0.937008 0.149606 0.307087 
vn -0.80315 0.149606 0.582677 
vn -0.582677 0.149606 0.80315 
vn -0.307087 0.149606 0.937008 
vn 0 0.149606 0.992126 
vn 0.307087 0.149606 0.937008 
vn 0.582677 0.149606 0.80315 
vn 0.80315 0.149606 0.582677 
vn 0.937008 0.149606 0.307087 

vt 0.774389 0.779021 
vt 0.789576 0.779021 
vt 0.789576 0.940613 
vt 0.774389 0.940613 
vt 0.804763 0.779021 
vt 0.804763 0.940613 
vt 0.81995 0.779021 
vt 0.81995 0.940613 
vt 0.835137 0.779021 
vt 0.835137 0.940613 
vt 0.850324 0.779021 
vt 0.850324 0.940613 
vt 0.865511 0.779021 
vt 0.865511 0.940613 
vt 0.880699 0.779021 
vt 0.880699 0.940613 
vt 0.895886 0.779021 
vt 0.895886 0.940613 
vt 0.92626 0.779021 
vt 0.911073 0.779021 
vt 0.911073 0.940613 
vt 0.92626 0.940613 
vt 0.506785 0.291247 
vt 0.434343 0.278927 
vt 0.434343 0.317608 
vt 0.506785 0.303718 
vt 0.262362 0.295284 
vt 0.262362 0.303437 
vt 0.510684 0.242365 
vt 0.510684 0.254836 
vt 0.438242 0.267156 
vt 0.438242 0.228475 
vt 0.266261 0.2508 
vt 0.266261 0.242647 
vt 0.515982 0.308655 
vt 0.515982 0.290066 
vt 0.519881 0.237429 
vt 0.519881 0.256018 
vt 0.434343 0.32105 
vt 0.442141 0.0888578 
vt 0.27016 0.0933834 
vt 0.27016 0.0963168 
vt 0.442141 0.0910973 
vt 0.52378 0.0920636 
vt 0.442141 0.0944674 
vt 0.514583 0.0959985 
vt 0.27016 0.0992499 
vt 0.266261 0.0115035 
vt 0.438242 0.0162861 
vt 0.438242 0.0196561 
vt 0.266261 0.0144369 
vt 0.510684 0.0147551 
vt 0.519881 0.0186899 
vt 0.266261 0.242647 
vt 0.438242 0.225034 
vt 0.017939 0.307473 
vt 0.0903808 0.319793 
vt 0.0903808 0.281112 
vt 0.017939 0.295002 
vt 0.021838 0.251081 
vt 0.021838 0.23861 
vt 0.0942798 0.22629 
vt 0.0942798 0.264971 
vt 0.0087415 0.290066 
vt 0.0087415 0.308655 
vt 0.0126405 0.256018 
vt 0.0126405 0.237429 
vt 0.0903808 0.277671 
vt 0.0942798 0.00697792 
vt 0.0942798 0.00921744 
vt 0.0126405 0.0101837 
vt 0.0942798 0.0125875 
vt 0.021838 0.0141186 
vt 0.266261 0.01737 
vt 0.0981788 0.0981659 
vt 0.0981788 0.101536 
vt 0.0257371 0.096635 
vt 0.0165396 0.10057 
vt 0.266261 0.2508 
vt 0.0942798 0.268413 
vt 0.510684 0.180125 
vt 0.438242 0.167805 
vt 0.438242 0.206486 
vt 0.510684 0.192595 
vt 0.266261 0.184161 
vt 0.266261 0.192314 
vt 0.512633 0.129293 
vt 0.512633 0.141764 
vt 0.440191 0.154084 
vt 0.440191 0.115403 
vt 0.26821 0.137728 
vt 0.26821 0.129574 
vt 0.519881 0.197532 
vt 0.519881 0.178943 
vt 0.521831 0.124356 
vt 0.521831 0.142946 
vt 0.438242 0.209927 
vt 0.44409 0.063514 
vt 0.272109 0.0680396 
vt 0.272109 0.0709728 
vt 0.44409 0.0657535 
vt 0.52573 0.0667198 
vt 0.44409 0.0691236 
vt 0.516532 0.0706547 
vt 0.272109 0.0739061 
vt 0.272109 0.0465949 
vt 0.44409 0.0513774 
vt 0.44409 0.0547474 
vt 0.272109 0.049528 
vt 0.516532 0.0498465 
vt 0.52573 0.0537812 
vt 0.26821 0.129574 
vt 0.440191 0.111962 
vt 0.021838 0.19635 
vt 0.0942798 0.208671 
vt 0.0942798 0.16999 
vt 0.021838 0.18388 
vt 0.0237876 0.138009 
vt 0.0237876 0.125538 
vt 0.0962293 0.113218 
vt 0.0962293 0.151899 
vt 0.0126406 0.178943 
vt 0.0126406 0.197532 
vt 0.0145901 0.142946 
vt 0.0145901 0.124356 
vt 0.0942798 0.166548 
vt 0.100128 0.0420693 
vt 0.100128 0.0443088 
vt 0.0184891 0.0452751 
vt 0.100128 0.0476789 
vt 0.0276865 0.0492097 
vt 0.272109 0.0524614 
vt 0.100128 0.0728222 
vt 0.100128 0.0761922 
vt 0.0276865 0.071291 
vt 0.0184891 0.075226 
vt 0.26821 0.137728 
vt 0.0962293 0.15534 
vt 0.349091 0.655027 
vt 0.511263 0.655027 
vt 0.503326 0.705141 
vt 0.480291 0.75035 
vt 0.444414 0.786227 
vt 0.399205 0.809262 
vt 0.349091 0.817199 
vt 0.298977 0.809262 
vt 0.253769 0.786227 
vt 0.217891 0.75035 
vt 0.194857 0.705141 
vt 0.186919 0.655027 
vt 0.194857 0.604913 
vt 0.217891 0.559705 
vt 0.253769 0.523827 
vt 0.298977 0.500793 
vt 0.349091 0.492855 
vt 0.399205 0.500793 
vt 0.444414 0.523827 
vt 0.480291 0.559705 
vt 0.503326 0.604913 
vt 0.564222 0.655027 
vt 0.553693 0.721506 
vt 0.523136 0.781478 
vt 0.475542 0.829072 
vt 0.41557 0.859629 
vt 0.349091 0.870158 
vt 0.282612 0.859629 
vt 0.222641 0.829072 
vt 0.175047 0.781478 
vt 0.14449 0.721506 
vt 0.133961 0.655027 
vt 0.14449 0.588548 
vt 0.175047 0.528577 
vt 0.222641 0.480983 
vt 0.282612 0.450426 
vt 0.349091 0.439897 
vt 0.41557 0.450426 
vt 0.475542 0.480983 
vt 0.523136 0.528577 
vt 0.553693 0.588548 
vt 0.611997 0.655027 
vt 0.599129 0.736269 
vt 0.561786 0.809559 
vt 0.503623 0.867722 
vt 0.430333 0.905065 
vt 0.349091 0.917933 
vt 0.267849 0.905065 
vt 0.194559 0.867722 
vt 0.136396 0.809559 
vt 0.0990535 0.736269 
vt 0.0861859 0.655027 
vt 0.0990535 0.573785 
vt 0.136396 0.500495 
vt 0.194559 0.442332 
vt 0.267849 0.404989 
vt 0.349091 0.392122 
vt 0.430334 0.404989 
vt 0.503623 0.442332 
vt 0.561786 0.500496 
vt 0.599129 0.573785 
vt 0.649911 0.655027 
vt 0.635188 0.747986 
vt 0.592459 0.831845 
vt 0.525909 0.898395 
vt 0.44205 0.941124 
vt 0.349091 0.955847 
vt 0.256133 0.941124 
vt 0.172274 0.898395 
vt 0.105723 0.831845 
vt 0.0629949 0.747986 
vt 0.0482718 0.655027 
vt 0.0629949 0.562069 
vt 0.105723 0.47821 
vt 0.172274 0.411659 
vt 0.256133 0.368931 
vt 0.349091 0.354208 
vt 0.44205 0.368931 
vt 0.525909 0.411659 
vt 0.592459 0.47821 
vt 0.635188 0.562069 
vt 0.674253 0.655027 
vt 0.658339 0.755508 
vt 0.612153 0.846153 
vt 0.540217 0.918089 
vt 0.449572 0.964275 
vt 0.349091 0.980189 
vt 0.248611 0.964275 
vt 0.157966 0.918089 
vt 0.0860297 0.846153 
vt 0.0398439 0.755508 
vt 0.0239293 0.655027 
vt 0.0398439 0.554547 
vt 0.0860298 0.463902 
vt 0.157966 0.391966 
vt 0.248611 0.34578 
vt 0.349091 0.329865 
vt 0.449572 0.34578 
vt 0.540217 0.391966 
vt 0.612153 0.463902 
vt 0.658339 0.554547 
vt 0.682641 0.655027 
vt 0.666316 0.7581 
vt 0.618939 0.851083 
vt 0.545147 0.924875 
vt 0.452164 0.972252 
vt 0.349091 0.988577 
vt 0.246019 0.972252 
vt 0.153036 0.924875 
vt 0.0792438 0.851083 
vt 0.0318665 0.7581 
vt 0.0155415 0.655027 
vt 0.0318666 0.551955 
vt 0.0792438 0.458972 
vt 0.153036 0.38518 
vt 0.246019 0.337803 
vt 0.349091 0.321478 
vt 0.452164 0.337803 
vt 0.545147 0.38518 
vt 0.618939 0.458972 
vt 0.666316 0.551955 
vt 0.873465 0.313997 
vt 0.878182 0.284215 
vt 0.781804 0.284215 
vt 0.859775 0.340864 
vt 0.838453 0.362186 
vt 0.811586 0.375875 
vt 0.781804 0.380592 
vt 0.752022 0.375875 
vt 0.725155 0.362186 
vt 0.703833 0.340864 
vt 0.690144 0.313997 
vt 0.685427 0.284215 
vt 0.690144 0.254433 
vt 0.703833 0.227566 
vt 0.725155 0.206244 
vt 0.752022 0.192554 
vt 0.781804 0.187837 
vt 0.811586 0.192554 
vt 0.838453 0.206244 
vt 0.859775 0.227566 
vt 0.873465 0.254433 
vt 0.930039 0.332379 
vt 0.937668 0.284215 
vt 0.907901 0.375829 
vt 0.873419 0.410311 
vt 0.829969 0.43245 
vt 0.781804 0.440079 
vt 0.73364 0.43245 
vt 0.69019 0.410311 
vt 0.655708 0.375829 
vt 0.633569 0.332379 
vt 0.62594 0.284215 
vt 0.633569 0.23605 
vt 0.655708 0.1926 
vt 0.69019 0.158118 
vt 0.73364 0.13598 
vt 0.781804 0.128351 
vt 0.829969 0.13598 
vt 0.873419 0.158118 
vt 0.907901 0.1926 
vt 0.930039 0.23605 
vt 0.964963 0.343727 
vt 0.974389 0.284215 
vt 0.937609 0.397413 
vt 0.895003 0.440019 
vt 0.841316 0.467374 
vt 0.781804 0.4768 
vt 0.722292 0.467374 
vt 0.668606 0.440019 
vt 0.626 0.397413 
vt 0.598645 0.343727 
vt 0.589219 0.284215 
vt 0.598645 0.224703 
vt 0.626 0.171016 
vt 0.668606 0.12841 
vt 0.722292 0.101056 
vt 0.781804 0.09163 
vt 0.841316 0.101056 
vt 0.895003 0.12841 
vt 0.937609 0.171016 
vt 0.964963 0.224703 
vt 0.969673 0.345257 
vt 0.979341 0.284215 
vt 0.941615 0.400324 
vt 0.897914 0.444026 
vt 0.842847 0.472084 
vt 0.781804 0.481752 
vt 0.720762 0.472084 
vt 0.665695 0.444026 
vt 0.621993 0.400324 
vt 0.593935 0.345257 
vt 0.584267 0.284215 
vt 0.593935 0.223172 
vt 0.621993 0.168105 
vt 0.665695 0.124404 
vt 0.720762 0.0963456 
vt 0.781804 0.0866775 
vt 0.842847 0.0963456 
vt 0.897914 0.124404 
vt 0.941615 0.168105 
vt 0.969673 0.223172 
vt 0.971258 0.345772 
vt 0.981007 0.284215 
vt 0.942963 0.401304 
vt 0.898893 0.445374 
vt 0.843361 0.473668 
vt 0.781804 0.483418 
vt 0.720247 0.473668 
vt 0.664715 0.445374 
vt 0.620645 0.401304 
vt 0.592351 0.345772 
vt 0.582601 0.284215 
vt 0.592351 0.222658 
vt 0.620645 0.167126 
vt 0.664715 0.123056 
vt 0.720247 0.0947613 
vt 0.781804 0.0850116 
vt 0.843361 0.0947613 
vt 0.898893 0.123056 
vt 0.942963 0.167126 
vt 0.971258 0.222658 

usemtl Handle2Mtl

f 957/957/957 958/958/958 959/959/959 
f 959/959/959 960/960/960 957/957/957 
f 958/958/958 961/961/961 962/962/962 
f 962/962/962 959/959/959 958/958/958 
f 961/961/961 963/963/963 964/964/964 
f 964/964/964 962/962/962 961/961/961 
f 963/963/963 965/965/965 966/966/966 
f 966/966/966 964/964/964 963/963/963 
f 965/965/965 967/967/967 968/968/968 
f 968/968/968 966/966/966 965/965/965 
f 967/967/967 969/969/969 970/970/970 
f 970/970/970 968/968/968 967/967/967 
f 969/969/969 971/971/971 972/972/972 
f 972/972/972 970/970/970 969/969/969 
f 971/971/971 973/973/973 974/974/974 
f 974/974/974 972/972/972 971/971/971 
f 969/969/969 967/967/967 965/965/965 
f 965/965/965 963/963/963 975/975/975 
f 975/975/975 976/976/976 973/973/973 
f 965/965/965 975/975/975 973/973/973 
f 969/969/969 965/965/965 973/973/973 
f 971/971/971 969/969/969 973/973/973 
f 977/977/977 978/978/978 964/964/964 
f 964/964/964 966/966/966 968/968/968 
f 968/968/968 970/970/970 972/972/972 
f 964/964/964 968/968/968 972/972/972 
f 977/977/977 964/964/964 972/972/972 
f 974/974/974 977/977/977 972/972/972 
f 979/979/979 980/980/980 981/981/981 
f 981/981/981 982/982/982 979/979/979 
f 980/980/980 983/983/983 984/984/984 
f 984/984/984 981/981/981 980/980/980 
f 985/985/985 986/986/986 987/987/987 
f 987/987/987 988/988/988 985/985/985 
f 988/988/988 987/987/987 989/989/989 
f 989/989/989 990/990/990 988/988/988 
f 979/979/979 982/982/982 991/991/991 
f 991/991/991 992/992/992 979/979/979 
f 993/993/993 994/994/994 986/986/986 
f 986/986/986 985/985/985 993/993/993 
f 982/982/982 981/981/981 995/995/995 
f 995/995/995 991/991/991 982/982/982 
f 996/996/996 997/997/997 998/998/998 
f 998/998/998 999/999/999 996/996/996 
f 1000/1000/1000 999/999/999 1001/1001/1001 
f 1001/1001/1001 1002/1002/1002 1000/1000/1000 
f 999/999/999 998/998/998 1003/1003/1003 
f 1003/1003/1003 1001/1001/1001 999/999/999 
f 1004/1004/1004 1005/1005/1005 1006/1006/1006 
f 1006/1006/1006 1007/1007/1007 1004/1004/1004 
f 1005/1005/1005 1008/1008/1008 1009/1009/1009 
f 1009/1009/1009 1006/1006/1006 1005/1005/1005 
f 1010/1010/1010 1011/1011/1011 988/988/988 
f 988/988/988 990/990/990 1010/1010/1010 
f 1011/1011/1011 993/993/993 985/985/985 
f 985/985/985 988/988/988 1011/1011/1011 
f 1012/1012/1012 1013/1013/1013 1014/1014/1014 
f 1014/1014/1014 1015/1015/1015 1012/1012/1012 
f 1013/1013/1013 984/984/984 983/983/983 
f 983/983/983 1014/1014/1014 1013/1013/1013 
f 1016/1016/1016 1017/1017/1017 1018/1018/1018 
f 1018/1018/1018 1019/1019/1019 1016/1016/1016 
f 1019/1019/1019 1018/1018/1018 990/990/990 
f 990/990/990 989/989/989 1019/1019/1019 
f 1012/1012/1012 1015/1015/1015 1020/1020/1020 
f 1020/1020/1020 1021/1021/1021 1012/1012/1012 
f 1022/1022/1022 1023/1023/1023 1017/1017/1017 
f 1017/1017/1017 1016/1016/1016 1022/1022/1022 
f 1015/1015/1015 1014/1014/1014 1024/1024/1024 
f 1024/1024/1024 1020/1020/1020 1015/1015/1015 
f 1025/1025/1025 1004/1004/1004 1007/1007/1007 
f 1007/1007/1007 1026/1026/1026 1025/1025/1025 
f 1027/1027/1027 1026/1026/1026 1028/1028/1028 
f 1028/1028/1028 1029/1029/1029 1027/1027/1027 
f 1026/1026/1026 1007/1007/1007 1030/1030/1030 
f 1030/1030/1030 1028/1028/1028 1026/1026/1026 
f 997/997/997 1031/1031/1031 1032/1032/1032 
f 1032/1032/1032 998/998/998 997/997/997 
f 1031/1031/1031 1033/1033/1033 1034/1034/1034 
f 1034/1034/1034 1032/1032/1032 1031/1031/1031 
f 1035/1035/1035 1036/1036/1036 1019/1019/1019 
f 1019/1019/1019 989/989/989 1035/1035/1035 
f 1036/1036/1036 1022/1022/1022 1016/1016/1016 
f 1016/1016/1016 1019/1019/1019 1036/1036/1036 
f 1037/1037/1037 1038/1038/1038 1039/1039/1039 
f 1039/1039/1039 1040/1040/1040 1037/1037/1037 
f 1038/1038/1038 1041/1041/1041 1042/1042/1042 
f 1042/1042/1042 1039/1039/1039 1038/1038/1038 
f 1043/1043/1043 1044/1044/1044 1045/1045/1045 
f 1045/1045/1045 1046/1046/1046 1043/1043/1043 
f 1046/1046/1046 1045/1045/1045 1047/1047/1047 
f 1047/1047/1047 1048/1048/1048 1046/1046/1046 
f 1037/1037/1037 1040/1040/1040 1049/1049/1049 
f 1049/1049/1049 1050/1050/1050 1037/1037/1037 
f 1051/1051/1051 1052/1052/1052 1044/1044/1044 
f 1044/1044/1044 1043/1043/1043 1051/1051/1051 
f 1040/1040/1040 1039/1039/1039 1053/1053/1053 
f 1053/1053/1053 1049/1049/1049 1040/1040/1040 
f 1054/1054/1054 1055/1055/1055 1056/1056/1056 
f 1056/1056/1056 1057/1057/1057 1054/1054/1054 
f 1058/1058/1058 1057/1057/1057 1059/1059/1059 
f 1059/1059/1059 1060/1060/1060 1058/1058/1058 
f 1057/1057/1057 1056/1056/1056 1061/1061/1061 
f 1061/1061/1061 1059/1059/1059 1057/1057/1057 
f 1062/1062/1062 1063/1063/1063 1064/1064/1064 
f 1064/1064/1064 1065/1065/1065 1062/1062/1062 
f 1063/1063/1063 1066/1066/1066 1067/1067/1067 
f 1067/1067/1067 1064/1064/1064 1063/1063/1063 
f 1068/1068/1068 1069/1069/1069 1046/1046/1046 
f 1046/1046/1046 1048/1048/1048 1068/1068/1068 
f 1069/1069/1069 1051/1051/1051 1043/1043/1043 
f 1043/1043/1043 1046/1046/1046 1069/1069/1069 
f 1070/1070/1070 1071/1071/1071 1072/1072/1072 
f 1072/1072/1072 1073/1073/1073 1070/1070/1070 
f 1071/1071/1071 1042/1042/1042 1041/1041/1041 
f 1041/1041/1041 1072/1072/1072 1071/1071/1071 
f 1074/1074/1074 1075/1075/1075 1076/1076/1076 
f 1076/1076/1076 1077/1077/1077 1074/1074/1074 
f 1077/1077/1077 1076/1076/1076 1048/1048/1048 
f 1048/1048/1048 1047/1047/1047 1077/1077/1077 
f 1070/1070/1070 1073/1073/1073 1078/1078/1078 
f 1078/1078/1078 1079/1079/1079 1070/1070/1070 
f 1080/1080/1080 1081/1081/1081 1075/1075/1075 
f 1075/1075/1075 1074/1074/1074 1080/1080/1080 
f 1073/1073/1073 1072/1072/1072 1082/1082/1082 
f 1082/1082/1082 1078/1078/1078 1073/1073/1073 
f 1083/1083/1083 1062/1062/1062 1065/1065/1065 
f 1065/1065/1065 1084/1084/1084 1083/1083/1083 
f 1085/1085/1085 1084/1084/1084 1086/1086/1086 
f 1086/1086/1086 1087/1087/1087 1085/1085/1085 
f 1084/1084/1084 1065/1065/1065 1088/1088/1088 
f 1088/1088/1088 1086/1086/1086 1084/1084/1084 
f 1055/1055/1055 1089/1089/1089 1090/1090/1090 
f 1090/1090/1090 1056/1056/1056 1055/1055/1055 
f 1089/1089/1089 1091/1091/1091 1092/1092/1092 
f 1092/1092/1092 1090/1090/1090 1089/1089/1089 
f 1093/1093/1093 1094/1094/1094 1077/1077/1077 
f 1077/1077/1077 1047/1047/1047 1093/1093/1093 
f 1094/1094/1094 1080/1080/1080 1074/1074/1074 
f 1074/1074/1074 1077/1077/1077 1094/1094/1094 
f 1095/1095/1095 1096/1096/1096 1097/1097/1097 
f 1095/1095/1095 1097/1097/1097 1098/1098/1098 
f 1095/1095/1095 1098/1098/1098 1099/1099/1099 
f 1095/1095/1095 1099/1099/1099 1100/1100/1100 
f 1095/1095/1095 1100/1100/1100 1101/1101/1101 
f 1095/1095/1095 1101/1101/1101 1102/1102/1102 
f 1095/1095/1095 1102/1102/1102 1103/1103/1103 
f 1095/1095/1095 1103/1103/1103 1104/1104/1104 
f 1095/1095/1095 1104/1104/1104 1105/1105/1105 
f 1095/1095/1095 1105/1105/1105 1106/1106/1106 
f 1095/1095/1095 1106/1106/1106 1107/1107/1107 
f 1095/1095/1095 1107/1107/1107 1108/1108/1108 
f 1095/1095/1095 1108/1108/1108 1109/1109/1109 
f 1095/1095/1095 1109/1109/1109 1110/1110/1110 
f 1095/1095/1095 1110/1110/1110 1111/1111/1111 
f 1095/1095/1095 1111/1111/1111 1112/1112/1112 
f 1095/1095/1095 1112/1112/1112 1113/1113/1113 
f 1095/1095/1095 1113/1113/1113 1114/1114/1114 
f 1095/1095/1095 1114/1114/1114 1115/1115/1115 
f 1095/1095/1095 1115/1115/1115 1096/1096/1096 
f 1096/1096/1096 1116/1116/1116 1117/1117/1117 
f 1117/1117/1117 1097/1097/1097 1096/1096/1096 
f 1097/1097/1097 1117/1117/1117 1118/1118/1118 
f 1118/1118/1118 1098/1098/1098 1097/1097/1097 
f 1098/1098/1098 1118/1118/1118 1119/1119/1119 
f 1119/1119/1119 1099/1099/1099 1098/1098/1098 
f 1099/1099/1099 1119/1119/1119 1120/1120/1120 
f 1120/1120/1120 1100/1100/1100 1099/1099/1099 
f 1100/1100/1100 1120/1120/1120 1121/1121/1121 
f 1121/1121/1121 1101/1101/1101 1100/1100/1100 
f 1101/1101/1101 1121/1121/1121 1122/1122/1122 
f 1122/1122/1122 1102/1102/1102 1101/1101/1101 
f 1102/1102/1102 1122/1122/1122 1123/1123/1123 
f 1123/1123/1123 1103/1103/1103 1102/1102/1102 
f 1103/1103/1103 1123/1123/1123 1124/1124/1124 
f 1124/1124/1124 1104/1104/1104 1103/1103/1103 
f 1104/1104/1104 1124/1124/1124 1125/1125/1125 
f 1125/1125/1125 1105/1105/1105 1104/1104/1104 
f 1105/1105/1105 1125/1125/1125 1126/1126/1126 
f 1126/1126/1126 1106/1106/1106 1105/1105/1105 
f 1106/1106/1106 1126/1126/1126 1127/1127/1127 
f 1127/1127/1127 1107/1107/1107 1106/1106/1106 
f 1107/1107/1107 1127/1127/1127 1128/1128/1128 
f 1128/1128/1128 1108/1108/1108 1107/1107/1107 
f 1108/1108/1108 1128/1128/1128 1129/1129/1129 
f 1129/1129/1129 1109/1109/1109 1108/1108/1108 
f 1109/1109/1109 1129/1129/1129 1130/1130/1130 
f 1130/1130/1130 1110/1110/1110 1109/1109/1109 
f 1110/1110/1110 1130/1130/1130 1131/1131/1131 
f 1131/1131/1131 1111/1111/1111 1110/1110/1110 
f 1111/1111/1111 1131/1131/1131 1132/1132/1132 
f 1132/1132/1132 1112/1112/1112 1111/1111/1111 
f 1112/1112/1112 1132/1132/1132 1133/1133/1133 
f 1133/1133/1133 1113/1113/1113 1112/1112/1112 
f 1113/1113/1113 1133/1133/1133 1134/1134/1134 
f 1134/1134/1134 1114/1114/1114 1113/1113/1113 
f 1114/1114/1114 1134/1134/1134 1135/1135/1135 
f 1135/1135/1135 1115/1115/1115 1114/1114/1114 
f 1115/1115/1115 1135/1135/1135 1116/1116/1116 
f 1116/1116/1116 1096/1096/1096 1115/1115/1115 
f 1116/1116/1116 1136/1136/1136 1137/1137/1137 
f 1137/1137/1137 1117/1117/1117 1116/1116/1116 
f 1117/1117/1117 1137/1137/1137 1138/1138/1138 
f 1138/1138/1138 1118/1118/1118 1117/1117/1117 
f 1118/1118/1118 1138/1138/1138 1139/1139/1139 
f 1139/1139/1139 1119/1119/1119 1118/1118/1118 
f 1119/1119/1119 1139/1139/1139 1140/1140/1140 
f 1140/1140/1140 1120/1120/1120 1119/1119/1119 
f 1120/1120/1120 1140/1140/1140 1141/1141/1141 
f 1141/1141/1141 1121/1121/1121 1120/1120/1120 
f 1121/1121/1121 1141/1141/1141 1142/1142/1142 
f 1142/1142/1142 1122/1122/1122 1121/1121/1121 
f 1122/1122/1122 1142/1142/1142 1143/1143/1143 
f 1143/1143/1143 1123/1123/1123 1122/1122/1122 
f 1123/1123/1123 1143/1143/1143 1144/1144/1144 
f 1144/1144/1144 1124/1124/1124 1123/1123/1123 
f 1124/1124/1124 1144/1144/1144 1145/1145/1145 
f 1145/1145/1145 1125/1125/1125 1124/1124/1124 
f 1125/1125/1125 1145/1145/1145 1146/1146/1146 
f 1146/1146/1146 1126/1126/1126 1125/1125/1125 
f 1126/1126/1126 1146/1146/1146 1147/1147/1147 
f 1147/1147/1147 1127/1127/1127 1126/1126/1126 
f 1127/1127/1127 1147/1147/1147 1148/1148/1148 
f 1148/1148/1148 1128/1128/1128 1127/1127/1127 
f 1128/1128/1128 1148/1148/1148 1149/1149/1149 
f 1149/1149/1149 1129/1129/1129 1128/1128/1128 
f 1129/1129/1129 1149/1149/1149 1150/1150/1150 
f 1150/1150/1150 1130/1130/1130 1129/1129/1129 
f 1130/1130/1130 1150/1150/1150 1151/1151/1151 
f 1151/1151/1151 1131/1131/1131 1130/1130/1130 
f 1131/1131/1131 1151/1151/1151 1152/1152/1152 
f 1152/1152/1152 1132/1132/1132 1131/1131/1131 
f 1132/1132/1132 1152/1152/1152 1153/1153/1153 
f 1153/1153/1153 1133/1133/1133 1132/1132/1132 
f 1133/1133/1133 1153/1153/1153 1154/1154/1154 
f 1154/1154/1154 1134/1134/1134 1133/1133/1133 
f 1134/1134/1134 1154/1154/1154 1155/1155/1155 
f 1155/1155/1155 1135/1135/1135 1134/1134/1134 
f 1135/1135/1135 1155/1155/1155 1136/1136/1136 
f 1136/1136/1136 1116/1116/1116 1135/1135/1135 
f 1136/1136/1136 1156/1156/1156 1157/1157/1157 
f 1157/1157/1157 1137/1137/1137 1136/1136/1136 
f 1137/1137/1137 1157/1157/1157 1158/1158/1158 
f 1158/1158/1158 1138/1138/1138 1137/1137/1137 
f 1138/1138/1138 1158/1158/1158 1159/1159/1159 
f 1159/1159/1159 1139/1139/1139 1138/1138/1138 
f 1139/1139/1139 1159/1159/1159 1160/1160/1160 
f 1160/1160/1160 1140/1140/1140 1139/1139/1139 
f 1140/1140/1140 1160/1160/1160 1161/1161/1161 
f 1161/1161/1161 1141/1141/1141 1140/1140/1140 
f 1141/1141/1141 1161/1161/1161 1162/1162/1162 
f 1162/1162/1162 1142/1142/1142 1141/1141/1141 
f 1142/1142/1142 1162/1162/1162 1163/1163/1163 
f 1163/1163/1163 1143/1143/1143 1142/1142/1142 
f 1143/1143/1143 1163/1163/1163 1164/1164/1164 
f 1164/1164/1164 1144/1144/1144 1143/1143/1143 
f 1144/1144/1144 1164/1164/1164 1165/1165/1165 
f 1165/1165/1165 1145/1145/1145 1144/1144/1144 
f 1145/1145/1145 1165/1165/1165 1166/1166/1166 
f 1166/1166/1166 1146/1146/1146 1145/1145/1145 
f 1146/1146/1146 1166/1166/1166 1167/1167/1167 
f 1167/1167/1167 1147/1147/1147 1146/1146/1146 
f 1147/1147/1147 1167/1167/1167 1168/1168/1168 
f 1168/1168/1168 1148/1148/1148 1147/1147/1147 
f 1148/1148/1148 1168/1168/1168 1169/1169/1169 
f 1169/1169/1169 1149/1149/1149 1148/1148/1148 
f 1149/1149/1149 1169/1169/1169 1170/1170/1170 
f 1170/1170/1170 1150/1150/1150 1149/1149/1149 
f 1150/1150/1150 1170/1170/1170 1171/1171/1171 
f 1171/1171/1171 1151/1151/1151 1150/1150/1150 
f 1151/1151/1151 1171/1171/1171 1172/1172/1172 
f 1172/1172/1172 1152/1152/1152 1151/1151/1151 
f 1152/1152/1152 1172/1172/1172 1173/1173/1173 
f 1173/1173/1173 1153/1153/1153 1152/1152/1152 
f 1153/1153/1153 1173/1173/1173 1174/1174/1174 
f 1174/1174/1174 1154/1154/1154 1153/1153/1153 
f 1154/1154/1154 1174/1174/1174 1175/1175/1175 
f 1175/1175/1175 1155/1155/1155 1154/1154/1154 
f 1155/1155/1155 1175/1175/1175 1156/1156/1156 
f 1156/1156/1156 1136/1136/1136 1155/1155/1155 
f 1156/1156/1156 1176/1176/1176 1177/1177/1177 
f 1177/1177/1177 1157/1157/1157 1156/1156/1156 
f 1157/1157/1157 1177/1177/1177 1178/1178/1178 
f 1178/1178/1178 1158/1158/1158 1157/1157/1157 
f 1158/1158/1158 1178/1178/1178 1179/1179/1179 
f 1179/1179/1179 1159/1159/1159 1158/1158/1158 
f 1159/1159/1159 1179/1179/1179 1180/1180/1180 
f 1180/1180/1180 1160/1160/1160 1159/1159/1159 
f 1160/1160/1160 1180/1180/1180 1181/1181/1181 
f 1181/1181/1181 1161/1161/1161 1160/1160/1160 
f 1161/1161/1161 1181/1181/1181 1182/1182/1182 
f 1182/1182/1182 1162/1162/1162 1161/1161/1161 
f 1162/1162/1162 1182/1182/1182 1183/1183/1183 
f 1183/1183/1183 1163/1163/1163 1162/1162/1162 
f 1163/1163/1163 1183/1183/1183 1184/1184/1184 
f 1184/1184/1184 1164/1164/1164 1163/1163/1163 
f 1164/1164/1164 1184/1184/1184 1185/1185/1185 
f 1185/1185/1185 1165/1165/1165 1164/1164/1164 
f 1165/1165/1165 1185/1185/1185 1186/1186/1186 
f 1186/1186/1186 1166/1166/1166 1165/1165/1165 
f 1166/1166/1166 1186/1186/1186 1187/1187/1187 
f 1187/1187/1187 1167/1167/1167 1166/1166/1166 
f 1167/1167/1167 1187/1187/1187 1188/1188/1188 
f 1188/1188/1188 1168/1168/1168 1167/1167/1167 
f 1168/1168/1168 1188/1188/1188 1189/1189/1189 
f 1189/1189/1189 1169/1169/1169 1168/1168/1168 
f 1169/1169/1169 1189/1189/1189 1190/1190/1190 
f 1190/1190/1190 1170/1170/1170 1169/1169/1169 
f 1170/1170/1170 1190/1190/1190 1191/1191/1191 
f 1191/1191/1191 1171/1171/1171 1170/1170/1170 
f 1171/1171/1171 1191/1191/1191 1192/1192/1192 
f 1192/1192/1192 1172/1172/1172 1171/1171/1171 
f 1172/1172/1172 1192/1192/1192 1193/1193/1193 
f 1193/1193/1193 1173/1173/1173 1172/1172/1172 
f 1173/1173/1173 1193/1193/1193 1194/1194/1194 
f 1194/1194/1194 1174/1174/1174 1173/1173/1173 
f 1174/1174/1174 1194/1194/1194 1195/1195/1195 
f 1195/1195/1195 1175/1175/1175 1174/1174/1174 
f 1175/1175/1175 1195/1195/1195 1176/1176/1176 
f 1176/1176/1176 1156/1156/1156 1175/1175/1175 
f 1176/1176/1176 1196/1196/1196 1197/1197/1197 
f 1197/1197/1197 1177/1177/1177 1176/1176/1176 
f 1177/1177/1177 1197/1197/1197 1198/1198/1198 
f 1198/1198/1198 1178/1178/1178 1177/1177/1177 
f 1178/1178/1178 1198/1198/1198 1199/1199/1199 
f 1199/1199/1199 1179/1179/1179 1178/1178/1178 
f 1179/1179/1179 1199/1199/1199 1200/1200/1200 
f 1200/1200/1200 1180/1180/1180 1179/1179/1179 
f 1180/1180/1180 1200/1200/1200 1201/1201/1201 
f 1201/1201/1201 1181/1181/1181 1180/1180/1180 
f 1181/1181/1181 1201/1201/1201 1202/1202/1202 
f 1202/1202/1202 1182/1182/1182 1181/1181/1181 
f 1182/1182/1182 1202/1202/1202 1203/1203/1203 
f 1203/1203/1203 1183/1183/1183 1182/1182/1182 
f 1183/1183/1183 1203/1203/1203 1204/1204/1204 
f 1204/1204/1204 1184/1184/1184 1183/1183/1183 
f 1184/1184/1184 1204/1204/1204 1205/1205/1205 
f 1205/1205/1205 1185/1185/1185 1184/1184/1184 
f 1185/1185/1185 1205/1205/1205 1206/1206/1206 
f 1206/1206/1206 1186/1186/1186 1185/1185/1185 
f 1186/1186/1186 1206/1206/1206 1207/1207/1207 
f 1207/1207/1207 1187/1187/1187 1186/1186/1186 
f 1187/1187/1187 1207/1207/1207 1208/1208/1208 
f 1208/1208/1208 1188/1188/1188 1187/1187/1187 
f 1188/1188/1188 1208/1208/1208 1209/1209/1209 
f 1209/1209/1209 1189/1189/1189 1188/1188/1188 
f 1189/1189/1189 1209/1209/1209 1210/1210/1210 
f 1210/1210/1210 1190/1190/1190 1189/1189/1189 
f 1190/1190/1190 1210/1210/1210 1211/1211/1211 
f 1211/1211/1211 1191/1191/1191 1190/1190/1190 
f 1191/1191/1191 1211/1211/1211 1212/1212/1212 
f 1212/1212/1212 1192/1192/1192 1191/1191/1191 
f 1192/1192/1192 1212/1212/1212 1213/1213/1213 
f 1213/1213/1213 1193/1193/1193 1192/1192/1192 
f 1193/1193/1193 1213/1213/1213 1214/1214/1214 
f 1214/1214/1214 1194/1194/1194 1193/1193/1193 
f 1194/1194/1194 1214/1214/1214 1215/1215/1215 
f 1215/1215/1215 1195/1195/1195 1194/1194/1194 
f 1195/1195/1195 1215/1215/1215 1196/1196/1196 
f 1196/1196/1196 1176/1176/1176 1195/1195/1195 
f 1216/1216/1216 1217/1217/1217 1218/1218/1218 
f 1219/1219/1219 1216/1216/1216 1218/1218/1218 
f 1220/1220/1220 1219/1219/1219 1218/1218/1218 
f 1221/1221/1221 1220/1220/1220 1218/1218/1218 
f 1222/1222/1222 1221/1221/1221 1218/1218/1218 
f 1223/1223/1223 1222/1222/1222 1218/1218/1218 
f 1224/1224/1224 1223/1223/1223 1218/1218/1218 
f 1225/1225/1225 1224/1224/1224 1218/1218/1218 
f 1226/1226/1226 1225/1225/1225 1218/1218/1218 
f 1227/1227/1227 1226/1226/1226 1218/1218/1218 
f 1228/1228/1228 1227/1227/1227 1218/1218/1218 
f 1229/1229/1229 1228/1228/1228 1218/1218/1218 
f 1230/1230/1230 1229/1229/1229 1218/1218/1218 
f 1231/1231/1231 1230/1230/1230 1218/1218/1218 
f 1232/1232/1232 1231/1231/1231 1218/1218/1218 
f 1233/1233/1233 1232/1232/1232 1218/1218/1218 
f 1234/1234/1234 1233/1233/1233 1218/1218/1218 
f 1235/1235/1235 1234/1234/1234 1218/1218/1218 
f 1236/1236/1236 1235/1235/1235 1218/1218/1218 
f 1217/1217/1217 1236/1236/1236 1218/1218/1218 
f 1217/1217/1217 1216/1216/1216 1237/1237/1237 
f 1237/1237/1237 1238/1238/1238 1217/1217/1217 
f 1216/1216/1216 1219/1219/1219 1239/1239/1239 
f 1239/1239/1239 1237/1237/1237 1216/1216/1216 
f 1219/1219/1219 1220/1220/1220 1240/1240/1240 
f 1240/1240/1240 1239/1239/1239 1219/1219/1219 
f 1220/1220/1220 1221/1221/1221 1241/1241/1241 
f 1241/1241/1241 1240/1240/1240 1220/1220/1220 
f 1221/1221/1221 1222/1222/1222 1242/1242/1242 
f 1242/1242/1242 1241/1241/1241 1221/1221/1221 
f 1222/1222/1222 1223/1223/1223 1243/1243/1243 
f 1243/1243/1243 1242/1242/1242 1222/1222/1222 
f 1223/1223/1223 1224/1224/1224 1244/1244/1244 
f 1244/1244/1244 1243/1243/1243 1223/1223/1223 
f 1224/1224/1224 1225/1225/1225 1245/1245/1245 
f 1245/1245/1245 1244/1244/1244 1224/1224/1224 
f 1225/1225/1225 1226/1226/1226 1246/1246/1246 
f 1246/1246/1246 1245/1245/1245 1225/1225/1225 
f 1226/1226/1226 1227/1227/1227 1247/1247/1247 
f 1247/1247/1247 1246/1246/1246 1226/1226/1226 
f 1227/1227/1227 1228/1228/1228 1248/1248/1248 
f 1248/1248/1248 1247/1247/1247 1227/1227/1227 
f 1228/1228/1228 1229/1229/1229 1249/1249/1249 
f 1249/1249/1249 1248/1248/1248 1228/1228/1228 
f 1229/1229/1229 1230/1230/1230 1250/1250/1250 
f 1250/1250/1250 1249/1249/1249 1229/1229/1229 
f 1230/1230/1230 1231/1231/1231 1251/1251/1251 
f 1251/1251/1251 1250/1250/1250 1230/1230/1230 
f 1231/1231/1231 1232/1232/1232 1252/1252/1252 
f 1252/1252/1252 1251/1251/1251 1231/1231/1231 
f 1232/1232/1232 1233/1233/1233 1253/1253/1253 
f 1253/1253/1253 1252/1252/1252 1232/1232/1232 
f 1233/1233/1233 1234/1234/1234 1254/1254/1254 
f 1254/1254/1254 1253/1253/1253 1233/1233/1233 
f 1234/1234/1234 1235/1235/1235 1255/1255/1255 
f 1255/1255/1255 1254/1254/1254 1234/1234/1234 
f 1235/1235/1235 1236/1236/1236 1256/1256/1256 
f 1256/1256/1256 1255/1255/1255 1235/1235/1235 
f 1236/1236/1236 1217/1217/1217 1238/1238/1238 
f 1238/1238/1238 1256/1256/1256 1236/1236/1236 
f 1238/1238/1238 1237/1237/1237 1257/1257/1257 
f 1257/1257/1257 1258/1258/1258 1238/1238/1238 
f 1237/1237/1237 1239/1239/1239 1259/1259/1259 
f 1259/1259/1259 1257/1257/1257 1237/1237/1237 
f 1239/1239/1239 1240/1240/1240 1260/1260/1260 
f 1260/1260/1260 1259/1259/1259 1239/1239/1239 
f 1240/1240/1240 1241/1241/1241 1261/1261/1261 
f 1261/1261/1261 1260/1260/1260 1240/1240/1240 
f 1241/1241/1241 1242/1242/1242 1262/1262/1262 
f 1262/1262/1262 1261/1261/1261 1241/1241/1241 
f 1242/1242/1242 1243/1243/1243 1263/1263/1263 
f 1263/1263/1263 1262/1262/1262 1242/1242/1242 
f 1243/1243/1243 1244/1244/1244 1264/1264/1264 
f 1264/1264/1264 1263/1263/1263 1243/1243/1243 
f 1244/1244/1244 1245/1245/1245 1265/1265/1265 
f 1265/1265/1265 1264/1264/1264 1244/1244/1244 
f 1245/1245/1245 1246/1246/1246 1266/1266/1266 
f 1266/1266/1266 1265/1265/1265 1245/1245/1245 
f 1246/1246/1246 1247/1247/1247 1267/1267/1267 
f 1267/1267/1267 1266/1266/1266 1246/1246/1246 
f 1247/1247/1247 1248/1248/1248 1268/1268/1268 
f 1268/1268/1268 1267/1267/1267 1247/1247/1247 
f 1248/1248/1248 1249/1249/1249 1269/1269/1269 
f 1269/1269/1269 1268/1268/1268 1248/1248/1248 
f 1249/1249/1249 1250/1250/1250 1270/1270/1270 
f 1270/1270/1270 1269/1269/1269 1249/1249/1249 
f 1250/1250/1250 1251/1251/1251 1271/1271/1271 
f 1271/1271/1271 1270/1270/1270 1250/1250/1250 
f 1251/1251/1251 1252/1252/1252 1272/1272/1272 
f 1272/1272/1272 1271/1271/1271 1251/1251/1251 
f 1252/1252/1252 1253/1253/1253 1273/1273/1273 
f 1273/1273/1273 1272/1272/1272 1252/1252/1252 
f 1253/1253/1253 1254/1254/1254 1274/1274/1274 
f 1274/1274/1274 1273/1273/1273 1253/1253/1253 
f 1254/1254/1254 1255/1255/1255 1275/1275/1275 
f 1275/1275/1275 1274/1274/1274 1254/1254/1254 
f 1255/1255/1255 1256/1256/1256 1276/1276/1276 
f 1276/1276/1276 1275/1275/1275 1255/1255/1255 
f 1256/1256/1256 1238/1238/1238 1258/1258/1258 
f 1258/1258/1258 1276/1276/1276 1256/1256/1256 
f 1277/1277/1277 1278/1278/1278 1258/1258/1258 
f 1258/1258/1258 1257/1257/1257 1277/1277/1277 
f 1279/1279/1279 1277/1277/1277 1257/1257/1257 
f 1257/1257/1257 1259/1259/1259 1279/1279/1279 
f 1280/1280/1280 1279/1279/1279 1259/1259/1259 
f 1259/1259/1259 1260/1260/1260 1280/1280/1280 
f 1281/1281/1281 1280/1280/1280 1260/1260/1260 
f 1260/1260/1260 1261/1261/1261 1281/1281/1281 
f 1282/1282/1282 1281/1281/1281 1261/1261/1261 
f 1261/1261/1261 1262/1262/1262 1282/1282/1282 
f 1283/1283/1283 1282/1282/1282 1262/1262/1262 
f 1262/1262/1262 1263/1263/1263 1283/1283/1283 
f 1284/1284/1284 1283/1283/1283 1263/1263/1263 
f 1263/1263/1263 1264/1264/1264 1284/1284/1284 
f 1285/1285/1285 1284/1284/1284 1264/1264/1264 
f 1264/1264/1264 1265/1265/1265 1285/1285/1285 
f 1286/1286/1286 1285/1285/1285 1265/1265/1265 
f 1265/1265/1265 1266/1266/1266 1286/1286/1286 
f 1287/1287/1287 1286/1286/1286 1266/1266/1266 
f 1266/1266/1266 1267/1267/1267 1287/1287/1287 
f 1288/1288/1288 1287/1287/1287 1267/1267/1267 
f 1267/1267/1267 1268/1268/1268 1288/1288/1288 
f 1289/1289/1289 1288/1288/1288 1268/1268/1268 
f 1268/1268/1268 1269/1269/1269 1289/1289/1289 
f 1290/1290/1290 1289/1289/1289 1269/1269/1269 
f 1269/1269/1269 1270/1270/1270 1290/1290/1290 
f 1291/1291/1291 1290/1290/1290 1270/1270/1270 
f 1270/1270/1270 1271/1271/1271 1291/1291/1291 
f 1292/1292/1292 1291/1291/1291 1271/1271/1271 
f 1271/1271/1271 1272/1272/1272 1292/1292/1292 
f 1293/1293/1293 1292/1292/1292 1272/1272/1272 
f 1272/1272/1272 1273/1273/1273 1293/1293/1293 
f 1294/1294/1294 1293/1293/1293 1273/1273/1273 
f 1273/1273/1273 1274/1274/1274 1294/1294/1294 
f 1295/1295/1295 1294/1294/1294 1274/1274/1274 
f 1274/1274/1274 1275/1275/1275 1295/1295/1295 
f 1296/1296/1296 1295/1295/1295 1275/1275/1275 
f 1275/1275/1275 1276/1276/1276 1296/1296/1296 
f 1278/1278/1278 1296/1296/1296 1276/1276/1276 
f 1276/1276/1276 1258/1258/1258 1278/1278/1278 
f 1278/1278/1278 1277/1277/1277 1297/1297/1297 
f 1297/1297/1297 1298/1298/1298 1278/1278/1278 
f 1277/1277/1277 1279/1279/1279 1299/1299/1299 
f 1299/1299/1299 1297/1297/1297 1277/1277/1277 
f 1279/1279/1279 1280/1280/1280 1300/1300/1300 
f 1300/1300/1300 1299/1299/1299 1279/1279/1279 
f 1280/1280/1280 1281/1281/1281 1301/1301/1301 
f 1301/1301/1301 1300/1300/1300 1280/1280/1280 
f 1281/1281/1281 1282/1282/1282 1302/1302/1302 
f 1302/1302/1302 1301/1301/1301 1281/1281/1281 
f 1282/1282/1282 1283/1283/1283 1303/1303/1303 
f 1303/1303/1303 1302/1302/1302 1282/1282/1282 
f 1283/1283/1283 1284/1284/1284 1304/1304/1304 
f 1304/1304/1304 1303/1303/1303 1283/1283/1283 
f 1284/1284/1284 1285/1285/1285 1305/1305/1305 
f 1305/1305/1305 1304/1304/1304 1284/1284/1284 
f 1285/1285/1285 1286/1286/1286 1306/1306/1306 
f 1306/1306/1306 1305/1305/1305 1285/1285/1285 
f 1286/1286/1286 1287/1287/1287 1307/1307/1307 
f 1307/1307/1307 1306/1306/1306 1286/1286/1286 
f 1287/1287/1287 1288/1288/1288 1308/1308/1308 
f 1308/1308/1308 1307/1307/1307 1287/1287/1287 
f 1288/1288/1288 1289/1289/1289 1309/1309/1309 
f 1309/1309/1309 1308/1308/1308 1288/1288/1288 
f 1289/1289/1289 1290/1290/1290 1310/1310/1310 
f 1310/1310/1310 1309/1309/1309 1289/1289/1289 
f 1290/1290/1290 1291/1291/1291 1311/1311/1311 
f 1311/1311/1311 1310/1310/1310 1290/1290/1290 
f 1291/1291/1291 1292/1292/1292 1312/1312/1312 
f 1312/1312/1312 1311/1311/1311 1291/1291/1291 
f 1292/1292/1292 1293/1293/1293 1313/1313/1313 
f 1313/1313/1313 1312/1312/1312 1292/1292/1292 
f 1293/1293/1293 1294/1294/1294 1314/1314/1314 
f 1314/1314/1314 1313/1313/1313 1293/1293/1293 
f 1294/1294/1294 1295/1295/1295 1315/1315/1315 
f 1315/1315/1315 1314/1314/1314 1294/1294/1294 
f 1295/1295/1295 1296/1296/1296 1316/1316/1316 
f 1316/1316/1316 1315/1315/1315 1295/1295/1295 
f 1296/1296/1296 1278/1278/1278 1298/1298/1298 
f 1298/1298/1298 1316/1316/1316 1296/1296/1296 

g Player2

v -0.447989 106.848 0.682779 
v -0.447989 106.848 0.682779 
v -0.447989 106.848 0.682779 
v 0.448301 105.906 -0.21351 
v 0.448301 105.906 -0.21351 
v 0.448301 105.906 -0.21351 

vn 0 0 -1 
vn 0 0 -1 
vn 0 0 -1 
vn 0 0 -1 
vn 0 0 -1 
vn 0 0 -1 

vt 0.387828 0.260563 
vt 0.318504 0.389965 
vt 0.318504 0.260563 
vt 0.179858 0.260563 
vt 0.249181 0.389965 
vt 0.179858 0.389965 

usemtl Player1Mtl

f 1317/1317/1317 1318/1318/1318 1319/1319/1319 
f 1320/1320/1320 1321/1321/1321 1322/1322/1322 

g Player3

v -0.43691 103.857 -0.401253 
v -0.428044 103.93 -0.396946 
v -0.382861 103.827 -0.429407 
v -0.387246 103.664 -0.359967 
v -0.366151 103.958 -0.373658 
v -0.467269 104.006 -0.309349 
v -0.387197 103.846 -0.422238 
v -0.380578 103.824 -0.371111 
v -0.512069 103.94 -0.22209 
v -0.497319 103.759 -0.157773 
v -0.380892 103.942 -0.438374 
v -0.476439 104.092 -0.318527 
v -0.349295 104.114 -0.344482 
v -0.429917 104.286 -0.364482 
v -0.280755 103.973 -0.417681 
v -0.448907 104.176 -0.271437 
v -0.432927 103.99 -0.252766 
v -0.475809 104.044 -0.224056 
v -0.317697 103.922 -0.316415 
v -0.432927 103.99 -0.252766 
v -0.380578 103.824 -0.371111 
v -0.322686 103.668 -0.433525 
v -0.291522 103.742 -0.481924 
v -0.307563 103.656 -0.407007 
v -0.310517 103.832 -0.412434 
v -0.326576 103.659 -0.393332 
v -0.33187 103.655 -0.329777 
v -0.332348 104.246 -0.42004 
v -0.364088 104.236 -0.328243 
v -0.405108 104.231 -0.403825 
v -0.342157 104.231 -0.415105 
v -0.287093 103.909 -0.384179 
v -0.29032 104.223 -0.378141 
v -0.353362 104.087 -0.255536 
v -0.41791 104.08 -0.199299 
v -0.419206 104.219 -0.239798 
v -0.452384 103.751 -0.141452 
v -0.425045 104.185 -0.218141 
v -0.465584 104.185 -0.299802 
v -0.447192 104.235 -0.267699 
v -0.418263 104.176 -0.297623 
v -0.473351 104.212 -0.247284 
v -0.442015 104.199 -0.317141 
v -0.410638 104.192 -0.268108 
v -0.372643 104.241 -0.30211 
v -0.407667 104.306 -0.336669 
v -0.566429 104.233 -0.138753 
v -0.422571 104.254 -0.228458 
v -0.422571 104.254 -0.228458 
v -0.410638 104.192 -0.268108 
v -0.372643 104.241 -0.30211 
v -0.262723 103.878 -0.332943 
v -0.452384 103.751 -0.141452 
v -0.33187 103.655 -0.329777 
v -0.366151 103.958 -0.373658 
v -0.375551 103.962 -0.165155 
v -0.345938 104.056 -0.23072 
v -0.41791 104.08 -0.199299 
v -0.349295 104.114 -0.344482 
v -0.419206 104.219 -0.239798 
v -0.286822 104.272 -0.361409 
v -0.425045 104.185 -0.218141 
v -0.284578 104.137 -0.280712 
v -0.353362 104.087 -0.255536 
v -0.35724 104.106 -0.15483 
v -0.529681 104.288 -0.29747 
v -0.462378 104.294 -0.353165 
v -0.451998 104.473 -0.456426 
v -0.452516 104.301 -0.367918 
v -0.388308 104.351 -0.356788 
v -0.511742 104.394 -0.343081 
v -0.466106 104.442 -0.345748 
v -0.571351 104.459 -0.322759 
v -0.569328 104.606 -0.310298 
v -0.406662 104.588 -0.496366 
v -0.139527 104.524 -0.35146 
v -0.544299 104.527 -0.199059 
v -0.516438 104.582 -0.53942 
v -0.335154 104.276 -0.451144 
v -0.328009 104.312 -0.482422 
v -0.335736 104.331 -0.386266 
v -0.308935 104.388 -0.417798 
v -0.286822 104.272 -0.361409 
v -0.324057 104.361 -0.480281 
v -0.314712 104.369 -0.362101 
v -0.354191 104.395 -0.38907 
v -0.313277 104.53 -0.60469 
v -0.388977 104.519 -0.547621 
v -0.353589 104.596 -0.570587 
v -0.414211 104.54 -0.455261 
v -0.35294 104.599 -0.466879 
v -0.320153 104.293 -0.267181 
v -0.364088 104.236 -0.328243 
v -0.29032 104.223 -0.378141 
v -0.553745 104.373 -0.285697 
v -0.457816 104.363 -0.270292 
v -0.436902 104.296 -0.283716 
v -0.614855 104.348 -0.152132 
v -0.484202 104.275 -0.123841 
v -0.506996 104.393 -0.214472 
v -0.633805 104.46 -0.110323 
v -0.44994 104.54 -0.157792 
v -0.506996 104.393 -0.214472 
v -0.457816 104.363 -0.270292 
v -0.466106 104.442 -0.345748 
v -0.46212 104.432 -0.0859165 
v -0.399856 104.42 -0.25118 
v -0.333507 104.439 -0.253896 
v -0.528546 104.65 -0.250328 
v -0.407667 104.306 -0.336669 
v -0.37163 104.35 -0.233163 
v -0.436902 104.296 -0.283716 
v -0.388308 104.351 -0.356788 
v -0.232872 103.866 -0.437659 
v -0.266834 103.644 -0.45351 
v -0.190531 103.676 -0.431414 
v -0.217173 103.67 -0.485059 
v -0.249157 103.836 -0.360566 
v -0.230276 103.828 -0.502563 
v -0.254246 103.633 -0.408909 
v -0.216919 103.885 -0.479038 
v -0.236319 104.083 -0.511836 
v -0.0165841 103.894 -0.512265 
v -0.239483 103.895 -0.494118 
v -0.234166 103.848 -0.453024 
v -0.282881 104.07 -0.453872 
v -0.2778 103.89 -0.43141 
v -0.0188083 103.886 -0.514521 
v -0.0116027 103.68 -0.513218 
v 0.0149531 103.866 -0.429324 
v -0.200089 103.627 -0.457554 
v -0.164012 103.616 -0.388941 
v 0.00922812 103.656 -0.428272 
v -0.188162 103.85 -0.378317 
v -0.000996957 103.928 -0.419016 
v -0.0298882 104.093 -0.448887 
v 0.0164191 103.894 -0.512322 
v -0.0136041 103.892 -0.42701 
v -0.221612 103.904 -0.388498 
v 0.0137058 103.892 -0.427031 
v -0.227299 103.665 -0.343458 
v -0.310517 103.832 -0.412434 
v -0.307563 103.656 -0.407007 
v -0.326576 103.659 -0.393332 
v -0.254246 103.633 -0.408909 
v -0.250217 103.724 -0.353653 
v -0.291909 104.083 -0.344924 
v -0.24832 103.886 -0.346474 
v -0.232872 103.866 -0.437659 
v -0.274923 103.91 -0.318702 
v -0.190531 103.676 -0.431414 
v -0.199917 103.606 -0.361875 
v -0.240142 103.846 -0.34178 
v -0.220584 103.965 -0.371217 
v -0.220584 103.965 -0.371217 
v -0.24832 103.886 -0.346474 
v -0.282367 104.308 -0.548534 
v -0.277054 104.374 -0.524702 
v -0.29569 104.137 -0.446482 
v -0.253229 104.097 -0.498958 
v -0.0120169 104.136 -0.548976 
v -0.20891 104.081 -0.399666 
v -0.0133549 104.1 -0.535283 
v -0.20801 104.147 -0.417207 
v -0.00801613 104.373 -0.573221 
v -0.288937 104.386 -0.552372 
v -0.00519618 104.405 -0.573954 
v -0.258937 104.375 -0.413642 
v -0.256896 104.415 -0.456655 
v -0.0011809 104.602 -0.612969 
v -0.0340027 104.177 -0.476913 
v 0.00283612 104.344 -0.578855 
v 0.0119058 104.136 -0.549024 
v -0.0362826 104.362 -0.492671 
v -0.0085667 104.117 -0.463593 
v -0.0100293 104.155 -0.447829 
v 0.0144995 104.101 -0.534616 
v 0.0205172 104.398 -0.554387 
v 0.00120186 104.602 -0.612969 
v -0.0348608 104.439 -0.501969 
v -0.0289642 104.636 -0.528727 
v 0.004644 104.405 -0.574115 
v -0.00936199 104.433 -0.492007 
v 0.00938296 104.433 -0.492007 
v 0.0351761 104.439 -0.502084 
v -0.25536 104.132 -0.449528 
v -0.298249 104.154 -0.348386 
v -0.250534 104.081 -0.356188 
v -0.266548 104.298 -0.407682 
v -0.266548 104.298 -0.407682 
v -0.35294 104.599 -0.466879 
v -0.19908 104.118 -0.401164 
v -0.19908 104.118 -0.401164 
v 0.00858768 104.117 -0.463593 
v 0.0100503 104.155 -0.447829 
v -0.484202 104.275 -0.123841 
v -0.475049 103.833 0.150816 
v -0.537829 104.121 0.0552615 
v -0.490277 104.106 0.138087 
v -0.503013 104.044 0.0747797 
v -0.472467 104.125 0.190862 
v -0.518538 104.197 0.100586 
v -0.585737 104.305 0.0255547 
v -0.482517 104.248 0.0902316 
v -0.532665 104.278 0.109515 
v -0.518538 104.197 0.100586 
v -0.418263 104.176 -0.297623 
v -0.47505 104.191 0.0638487 
v -0.517242 104.129 0.166166 
v -0.514827 104.212 0.0908731 
v -0.463008 104.126 0.125885 
v -0.433861 104.036 0.0967753 
v -0.463008 104.126 0.125885 
v -0.403866 103.963 0.11935 
v -0.43582 103.779 0.15232 
v -0.43582 103.779 0.15232 
v -0.446154 104.081 0.197296 
v -0.447192 104.235 -0.267699 
v -0.482517 104.248 0.0902316 
v -0.47505 104.191 0.0638487 
v -0.514827 104.212 0.0908731 
v -0.486474 104.224 0.236814 
v -0.416918 104.056 0.255651 
v -0.449514 104.143 0.227052 
v -0.42587 104.081 0.265397 
v -0.489851 104.092 0.296366 
v -0.486474 104.224 0.236814 
v -0.559822 104.213 0.453634 
v -0.666947 104.231 0.24695 
v -0.552259 104.183 0.206637 
v -0.381336 104.248 0.398305 
v -0.430825 104.15 0.313301 
v -0.350364 104.204 0.434931 
v -0.370258 104.164 0.15373 
v -0.472467 104.125 0.190862 
v -0.401449 104.118 0.193985 
v -0.375383 104.101 0.207919 
v -0.385955 103.821 0.263535 
v -0.395162 104.09 0.414352 
v -0.364828 104.062 0.273043 
v -0.401449 104.118 0.193985 
v -0.275461 104.206 0.266877 
v -0.404338 104.257 0.611345 
v -0.489091 104.365 0.00618355 
v -0.58355 104.287 -0.00526062 
v -0.557912 104.336 -0.0534257 
v -0.617761 104.337 -0.0848067 
v -0.61368 104.386 -0.0269076 
v -0.585653 104.353 0.000846751 
v -0.523334 104.264 0.00170629 
v -0.588916 104.429 -0.027437 
v -0.623647 104.606 -0.0665419 
v -0.615977 104.475 -0.0108628 
v -0.56458 104.352 0.0394637 
v -0.431727 104.379 -0.0845121 
v -0.56458 104.352 0.0394637 
v -0.523334 104.264 0.00170629 
v -0.588916 104.429 -0.027437 
v -0.557912 104.336 -0.0534257 
v -0.472314 104.524 -0.0587755 
v -0.547239 104.49 0.0122196 
v -0.533354 104.386 0.0652478 
v -0.601156 104.348 0.0053864 
v -0.730939 104.518 -0.00448117 
v -0.533354 104.386 0.0652478 
v -0.854635 104.441 0.357777 
v -0.694447 104.401 0.577104 
v -0.547239 104.49 0.0122196 
v -0.730939 104.518 -0.00448117 
v -0.489091 104.365 0.00618355 
v -0.601156 104.348 0.0053864 
v -0.851689 104.727 0.556343 
v -0.44732 104.434 0.729643 
v -0.690048 104.667 0.741997 
v -0.532665 104.278 0.109515 
v -0.51619 104.317 0.0675913 
v -0.51619 104.317 0.0675913 
v -0.575663 104.634 -0.0410645 
v -0.585653 104.353 0.000846751 
v -0.362502 103.757 0.216714 
v -0.32873 103.966 0.140974 
v -0.362502 103.757 0.216714 
v -0.281805 103.854 0.312718 
v -0.258727 103.861 0.23444 
v -0.367706 104.035 0.282879 
v -0.368681 104.051 0.174386 
v -0.433861 104.036 0.0967753 
v -0.314116 104.03 0.230939 
v -0.360838 104.077 0.283853 
v -0.366674 104.106 0.183177 
v -0.314116 104.03 0.230939 
v -0.368681 104.051 0.174386 
v -0.366674 104.106 0.183177 
v -0.248649 104.079 0.141972 
v -0.246881 103.791 0.259488 
v -0.204965 103.876 0.30348 
v -0.0962647 103.952 0.193906 
v -0.258727 103.861 0.23444 
v -0.208531 103.937 0.161747 
v -0.246881 103.791 0.259488 
v 0.00563552 103.854 0.325654 
v -0.101498 104.137 0.209574 
v -0.204965 103.876 0.30348 
v 0.0370921 103.921 0.299881 
v -0.264592 103.861 0.325336 
v -0.240039 103.895 0.372829 
v -0.296495 104.034 0.362982 
v -0.304509 104.043 0.270956 
v -0.335488 104.033 0.348789 
v -0.0880122 104.157 0.418188 
v -0.145052 104.086 0.429522 
v -0.0222701 103.855 0.375617 
v 0.00563552 103.854 0.325654 
v 0.0163048 103.862 0.382296 
v -0.0370711 103.921 0.299881 
v -0.020901 103.849 0.299946 
v -0.120915 103.903 0.407047 
v -0.010519 103.899 0.396151 
v 0.0321802 104.223 0.32654 
v -0.0177694 104.18 0.421043 
v -0.149314 104.174 0.410084 
v -0.375383 104.101 0.207919 
v -0.130741 104.223 0.329873 
v -0.304509 104.043 0.270956 
v -0.139527 104.524 -0.35146 
v -0.331823 104.588 -0.0206721 
v -0.544299 104.527 -0.199059 
v -0.309627 104.446 0.0243145 
v -0.381336 104.248 0.398305 
v -0.179357 104.23 0.475622 
v -0.130741 104.223 0.329873 
v -0.0208985 104.188 0.371704 
v -0.0208985 104.188 0.371704 
v -0.0321592 104.223 0.32654 
v 0.0177904 104.18 0.421043 
v -0.016137 104.511 0.0889462 
v 0.0239106 104.516 0.0828309 
v 0.0428104 104.314 0.41792 
v -0.0858317 104.65 0.111219 
v -0.0427893 104.314 0.41792 
v 0.0338267 104.292 0.423867 
v -0.00991985 104.298 0.37878 
v -0.0101582 104.327 0.53821 
v -0.0672311 104.219 0.473866 
v -0.0131575 104.353 0.462951 
v -0.186173 104.263 0.64863 
v 0.0101793 104.327 0.53821 
v -0.0131575 104.353 0.462951 
v -0.188202 104.427 0.753501 
v -0.21222 104.657 0.856343 
v -0.00991985 104.298 0.37878 
v 0.0108312 104.301 0.379911 
v 0.0338267 104.292 0.423867 
v -0.0198358 104.48 0.629913 
v -0.0960189 104.804 0.198108 
v -0.0268577 104.706 0.738816 
v 0.0198568 104.48 0.629913 
v -0.405491 104.621 -0.46918 
v -0.721036 104.761 -0.457842 
v -0.668341 104.631 -0.365354 
v -0.548303 104.965 -0.707124 
v -0.56807 104.755 -0.653533 
v -0.773793 104.774 -0.133013 
v -0.528546 104.65 -0.250328 
v -0.399349 104.644 -0.418021 
v -0.794864 105.006 -0.176357 
v -0.734954 105.005 -0.544396 
v -0.478551 105.274 -0.594029 
v -0.736394 105.202 -0.43529 
v -0.360961 104.753 -0.748987 
v -0.321952 104.661 -0.511 
v -0.399349 104.644 -0.418021 
v -0.144851 104.583 -0.632579 
v -0.346484 104.961 -0.785529 
v -0.145772 104.753 -0.773109 
v -0.371305 105.256 -0.665052 
v -0.124854 105.232 -0.678186 
v -0.696773 104.588 -0.112696 
v -0.661146 104.641 0.0627665 
v -0.773793 104.774 -0.133013 
v -0.696773 104.588 -0.112696 
v -0.538657 104.59 0.075963 
v -0.719361 104.785 0.134967 
v -0.795987 104.789 0.0501577 
v -0.346378 104.911 -0.246751 
v -0.795987 104.789 0.0501577 
v -0.739353 105.027 0.104569 
v -0.794864 105.006 -0.176357 
v -0.768796 105.276 -0.153109 
v -0.795193 105.059 0.18241 
v -0.330333 105.192 0.142402 
v -0.309627 104.446 0.0243145 
v -0.575663 104.634 -0.0410645 
v -0.593354 105.292 0.366653 
v -0.768796 105.276 -0.153109 
v -0.60063 105.55 -0.312705 
v -0.483048 105.31 -0.525009 
v -0.677758 105.548 -0.0712059 
v -0.714448 105.333 0.120338 
v -0.677758 105.548 -0.0712059 
v -0.538968 105.617 0.0103715 
v -0.503142 105.345 -0.00823962 
v -0.632953 105.514 0.0650215 
v -0.589429 105.662 -0.0559418 
v -0.460322 105.692 -0.0971666 
v -0.383626 105.603 -0.386631 
v -0.576756 105.663 0.105329 
v -0.589429 105.662 -0.0559418 
v -0.460322 105.692 -0.0971666 
v -0.340748 105.34 -0.604595 
v -0.356211 105.297 -0.601493 
v -0.126961 105.288 -0.614998 
v -0.363402 105.382 -0.00317346 
v -0.0998747 105.578 -0.425063 
v -0.107087 105.67 -0.150486 
v -0.390589 105.674 0.0184459 
v -0.279109 105.398 0.0400911 
v -0.275898 105.444 -0.00112656 
v -0.336683 105.625 0.0905109 
v -0.297914 105.642 -0.00951406 
v -0.636182 105.312 0.0537805 
v -0.636182 105.312 0.0537805 
v -0.503142 105.345 -0.00823962 
v -0.506193 105.016 0.261137 
v -0.363402 105.382 -0.00317346 
v -0.700873 105.307 0.210426 
v -0.640721 105.589 0.159709 
v -0.443486 105.696 0.133264 
v -0.697976 105.571 0.174264 
v -0.591917 105.726 0.166283 
v -0.429184 105.81 0.178329 
v -0.305761 105.364 0.0656644 
v -0.279109 105.398 0.0400911 
v -0.242861 105.09 0.256624 
v -0.336683 105.625 0.0905109 
v -0.305761 105.364 0.0656644 
v -0.287523 105.419 0.151358 
v -0.117038 105.681 0.100613 
v -0.285239 105.703 0.0613595 
v -0.275898 105.83 0.0399825 
v -0.305761 105.886 0.121162 
v -0.305761 105.886 0.121162 
v -0.287523 105.805 0.192467 
v -0.212995 105.276 0.0651213 
v -0.0239905 104.663 -0.598336 
v -0.00175142 104.71 -0.538024 
v -0.0205404 104.628 -0.564426 
v -0.140321 104.958 -0.799496 
v 0.0200124 104.755 -0.661276 
v 0.0179728 104.962 -0.676407 
v 0.026141 105.235 -0.578416 
v 0.0240115 104.663 -0.598336 
v -0.0788874 104.762 -0.348868 
v -0.0179519 104.962 -0.676407 
v -0.0199914 104.755 -0.661276 
v 0.0205614 104.628 -0.564426 
v -0.0786047 105.267 -0.308762 
v -0.02612 105.235 -0.578416 
v 0.0115004 105.295 -0.532793 
v 0.0300799 105.314 -0.541335 
v -0.0186735 105.294 -0.528111 
v -0.0650302 105.316 -0.354355 
v -0.0260859 105.313 -0.543376 
v -0.016137 104.511 0.0889462 
v -0.123983 104.588 -0.0528838 
v -0.0088427 104.634 -0.123363 
v 0.0858527 104.65 0.111219 
v 0.0285053 104.803 -0.0369066 
v -0.133519 105.038 -0.0240408 
v 1.05033e-05 104.737 0.125416 
v -0.180254 104.906 0.125416 
v -0.240343 105.416 0.125416 
v -0.180254 105.416 -0.0763505 
v 1.04903e-05 105.416 -0.143606 
v 0.0595029 105.365 0.0297625 
v 0.0960399 104.804 0.198108 
v 0.0438921 105.03 0.308645 
v -0.0282873 104.769 -0.043538 
v -0.0786047 105.267 -0.308762 
v -0.0788874 104.762 -0.348868 
v 0.02819 104.585 -0.341289 
v -0.028169 104.585 -0.341289 
v 0.02819 104.585 -0.341289 
v 0.00886369 104.634 -0.123363 
v -0.028169 104.585 -0.341289 
v -0.0594819 105.365 0.0297624 
v 1.04961e-05 104.906 -0.0763505 
v -0.115442 105.338 -0.611361 
v -0.133519 105.793 -0.0240407 
v -0.202532 105.646 -0.0351166 
v -0.205148 105.38 -0.0285563 
v -0.138467 105.442 0.0117719 
v -0.112382 105.639 0.00789896 
v -0.107087 105.67 -0.150486 
v -0.00133184 105.63 0.0269165 
v -0.0836473 105.377 -0.259093 
v -0.0650302 105.316 -0.354355 
v 0.00977589 105.555 -0.368483 
v -0.0836473 105.377 -0.259093 
v -0.00975493 105.555 -0.368483 
v -0.0450685 105.621 -0.161796 
v -0.0450685 105.621 -0.161796 
v 0.0450894 105.621 -0.161796 
v 0.0450894 105.621 -0.161796 
v 1.04885e-05 105.925 -0.0763505 
v 0.00135282 105.63 0.0269165 
v 1.04942e-05 105.96 0.125416 
v -0.212995 105.276 0.0651213 
v -0.107885 105.79 0.243434 
v -0.220842 105.346 0.177298 
v -0.150092 105.416 0.164257 
v -0.180254 105.925 0.125416 
v -0.205148 105.901 0.0269411 
v -0.138467 105.828 0.0528811 
v -0.212995 105.927 0.139118 
v -0.120229 105.361 0.0830775 
v -0.120229 105.361 0.0830775 
v -0.089307 105.621 0.113728 
v -0.089307 105.621 0.113728 
v -0.120229 105.883 0.138575 
v -0.795193 105.059 0.18241 
v -0.738064 104.888 0.593884 
v -0.74782 104.904 0.679636 
v -0.79137 104.988 0.582209 
v -0.757717 104.951 0.622517 
v -0.666063 104.857 0.714255 
v -0.729024 105.212 0.341944 
v -0.7937 105.1 0.587412 
v -0.684088 105.052 0.462024 
v -0.79137 104.988 0.582209 
v -0.738064 104.888 0.593884 
v -0.797036 105.035 0.716063 
v -0.7937 105.1 0.587412 
v -0.593354 105.292 0.366653 
v -0.630296 104.96 0.781593 
v -0.461227 105.018 0.451617 
v -0.497391 104.861 0.618783 
v -0.266796 104.881 0.368831 
v -0.512546 104.961 0.630464 
v -0.4851 105.141 0.614135 
v -0.474789 104.81 0.659594 
v -0.497391 104.861 0.618783 
v -0.382394 104.963 0.657768 
v -0.329114 105.08 0.68417 
v -0.647473 105.19 0.453693 
v -0.395432 105.182 0.704289 
v -0.429276 105.157 0.470345 
v -0.512546 104.961 0.630464 
v -0.483953 105.057 0.81196 
v -0.4851 105.141 0.614135 
v -0.255422 104.933 0.843651 
v -0.382394 104.963 0.657768 
v -0.515169 104.857 0.783442 
v -0.69118 104.922 0.786654 
v -0.449102 104.675 0.843958 
v -0.505065 104.932 0.872622 
v -0.466779 104.839 0.791862 
v -0.714973 105.048 0.827255 
v -0.468584 105.061 0.907361 
v -0.474789 104.81 0.659594 
v -0.293175 104.638 0.675837 
v -0.421985 104.927 0.8119 
v -0.324819 104.831 0.976914 
v -0.316711 105.045 0.971581 
v -0.329114 105.08 0.68417 
v -0.372904 105.046 0.840386 
v -0.565622 105.121 0.693123 
v -0.750145 105.592 0.522228 
v -0.764011 105.36 0.570641 
v -0.729024 105.212 0.341944 
v -0.764011 105.36 0.570641 
v -0.700873 105.307 0.210426 
v -0.675971 105.426 0.623445 
v -0.637951 105.741 0.564034 
v -0.716378 105.567 0.648739 
v -0.622876 105.666 0.714993 
v -0.200643 105.271 0.406479 
v -0.428605 105.448 0.707233 
v -0.340777 105.378 0.725521 
v -0.432851 105.827 0.595491 
v -0.256265 105.858 0.202244 
v -0.741471 105.408 0.711483 
v -0.71453 105.324 0.723411 
v -0.675971 105.426 0.623445 
v -0.608605 105.465 0.821497 
v -0.651162 105.374 0.79622 
v -0.741471 105.408 0.711483 
v -0.428605 105.448 0.707233 
v -0.608605 105.465 0.821497 
v -0.394909 105.534 0.858144 
v -0.440846 105.368 0.866718 
v -0.31525 105.468 0.791028 
v -0.372937 105.322 0.831998 
v -0.403049 105.732 0.755228 
v -0.340777 105.378 0.725521 
v -0.394909 105.534 0.858144 
v -0.309847 104.686 0.891875 
v -0.240343 105.416 0.125416 
v -0.180254 104.906 0.125416 
v -0.133519 105.038 0.274872 
v 0.078527 105.054 0.580939 
v -0.247654 105.14 0.346376 
v 0.0599778 104.605 0.433052 
v -0.293175 104.638 0.675837 
v -0.200643 105.271 0.406479 
v -0.0974521 104.914 0.731885 
v -0.056896 105.175 0.422764 
v -0.102807 105.507 0.241457 
v -0.180254 105.416 0.327182 
v -0.211042 105.295 0.679866 
v -0.292661 105.53 0.626398 
v 1.05063e-05 105.416 0.394437 
v 1.05033e-05 104.737 0.125416 
v -0.0438711 105.03 0.308645 
v 0.0941116 104.789 0.491146 
v -0.0599568 104.605 0.433052 
v -0.00597737 104.642 0.676144 
v -0.0940906 104.789 0.491146 
v 0.0268787 104.706 0.738816 
v 1.05081e-05 104.906 0.327182 
v -0.056896 105.175 0.422764 
v -0.00278595 105.611 0.602311 
v 0.0438921 105.03 0.308645 
v 0.00599841 104.642 0.676144 
v 0.0209851 105.023 0.84061 
v 0.0299555 104.76 0.775031 
v -0.208763 105.559 0.848809 
v -0.0275988 105.526 0.785444 
v 0.0599778 104.605 0.433052 
v -0.0299344 104.76 0.775031 
v -0.078506 105.054 0.580939 
v -0.0209641 105.023 0.84061 
v 0.0276198 105.526 0.785444 
v -0.292661 105.53 0.626398 
v -0.313608 105.608 0.19634 
v -0.223457 105.601 0.239356 
v -0.220842 105.867 0.232796 
v -0.150092 105.803 0.205366 
v -0.212995 105.927 0.139118 
v -0.102807 105.507 0.241457 
v -0.128076 105.605 0.213753 
v -0.133519 105.793 0.274872 
v -0.180254 105.925 0.125416 
v -0.120229 105.883 0.138575 
v 1.04942e-05 105.96 0.125416 
v -0.140269 105.868 0.516032 
v 1.05005e-05 105.925 0.327182 
v 0.0882503 105.661 0.509382 
v -0.177442 105.642 0.591487 
v -0.177442 105.642 0.591487 
v -0.129881 105.622 0.778886 
v 0.0427303 105.79 0.560277 
v -0.129881 105.622 0.778886 
v 0.0699993 105.68 0.642905 
v 0.0882503 105.661 0.509382 
v 0.00280697 105.611 0.602311 
v -0.00278595 105.611 0.602311 
v 0.0699993 105.68 0.642905 
v 0.0850216 105.826 0.446911 
v 0.104446 105.788 0.24296 
v -0.0882293 105.661 0.509382 
v -0.0850006 105.826 0.446911 
v -0.0638747 105.696 0.63978 
v 0.14029 105.868 0.516032 
v 0.00177239 104.71 -0.538024 
v 0.0200468 103.886 -0.513897 
v 0.0115445 103.68 -0.513239 
v -0.00921766 103.655 -0.42829 
v 0.206238 103.867 -0.506228 
v 0.218046 103.669 -0.484647 
v 0.200213 103.627 -0.456817 
v 0.164033 103.616 -0.388941 
v -0.00161638 103.934 -0.421233 
v 0.24302 104.046 -0.514322 
v 0.0299092 104.093 -0.448887 
v 0.188183 103.85 -0.378317 
v 0.223299 103.904 -0.388476 
v 0.240599 103.851 -0.468943 
v 0.266066 103.654 -0.463345 
v 0.232893 103.866 -0.437659 
v 0.313376 103.814 -0.476292 
v 0.321646 103.666 -0.432979 
v 0.234398 103.848 -0.451987 
v 0.190552 103.676 -0.431414 
v 0.239504 103.895 -0.494118 
v 0.277821 103.89 -0.43141 
v 0.286512 104.053 -0.453478 
v 0.39547 103.967 -0.425365 
v 0.249178 103.836 -0.360566 
v 0.199938 103.606 -0.361875 
v 0.22732 103.665 -0.343458 
v 0.254267 103.633 -0.408909 
v 0.250238 103.724 -0.353653 
v 0.190552 103.676 -0.431414 
v 0.254267 103.633 -0.408909 
v 0.232893 103.866 -0.437659 
v 0.240163 103.846 -0.34178 
v 0.281042 103.968 -0.41479 
v 0.248341 103.886 -0.346474 
v 0.220605 103.965 -0.371217 
v 0.248341 103.886 -0.346474 
v 0.284599 104.137 -0.280712 
v 0.220605 103.965 -0.371217 
v 0.274944 103.91 -0.318702 
v 0.327182 103.66 -0.39448 
v 0.327182 103.66 -0.39448 
v 0.311522 103.91 -0.321269 
v 0.310538 103.832 -0.412434 
v 0.331891 103.655 -0.329777 
v 0.262744 103.878 -0.332943 
v 0.376132 103.815 -0.373017 
v 0.364787 103.957 -0.372647 
v 0.287114 103.909 -0.384179 
v 0.292331 104.084 -0.345122 
v 0.339737 104.098 -0.354185 
v 0.353383 104.087 -0.255536 
v 0.255901 104.131 -0.449716 
v 0.0340237 104.177 -0.476913 
v 0.0363036 104.362 -0.492671 
v 0.282388 104.308 -0.548534 
v 0.0289851 104.636 -0.528727 
v 0.258958 104.375 -0.413642 
v 0.256917 104.415 -0.456655 
v 0.313298 104.53 -0.60469 
v 0.254361 104.099 -0.500742 
v 0.273534 104.373 -0.527651 
v 0.32803 104.312 -0.482422 
v 0.232425 104.106 -0.495457 
v 0.295711 104.137 -0.446482 
v 0.324136 104.362 -0.4888 
v 0.288957 104.386 -0.552372 
v 0.139731 104.524 -0.351367 
v 0.144872 104.583 -0.632579 
v 0.361277 104.583 -0.600355 
v 0.208931 104.081 -0.399666 
v 0.25048 104.082 -0.356183 
v 0.198747 104.117 -0.401116 
v 0.198747 104.117 -0.401116 
v 0.208031 104.147 -0.417207 
v 0.286843 104.272 -0.361409 
v 0.286843 104.272 -0.361409 
v 0.332369 104.246 -0.42004 
v 0.335757 104.331 -0.386266 
v 0.29827 104.154 -0.348386 
v 0.353383 104.087 -0.255536 
v 0.335175 104.276 -0.451144 
v 0.290341 104.223 -0.378141 
v 0.266569 104.298 -0.407682 
v 0.308956 104.388 -0.417798 
v 0.314733 104.369 -0.362101 
v 0.320174 104.293 -0.267181 
v 0.266569 104.298 -0.407682 
v 0.290341 104.223 -0.378141 
v 0.333528 104.439 -0.253896 
v 0.308069 103.655 -0.407211 
v 0.381995 103.84 -0.42878 
v 0.310538 103.832 -0.412434 
v 0.415935 103.851 -0.421607 
v 0.308069 103.655 -0.407211 
v 0.376132 103.815 -0.373017 
v 0.331891 103.655 -0.329777 
v 0.387267 103.664 -0.359967 
v 0.339737 104.098 -0.354185 
v 0.342178 104.231 -0.415105 
v 0.408364 104.231 -0.404387 
v 0.434005 104.28 -0.360395 
v 0.364109 104.236 -0.328243 
v 0.446372 104.169 -0.275213 
v 0.364787 103.957 -0.372647 
v 0.427749 103.932 -0.395042 
v 0.467935 104.007 -0.309483 
v 0.51209 103.94 -0.22209 
v 0.496708 104.116 -0.272449 
v 0.47583 104.044 -0.224056 
v 0.42552 103.982 -0.255504 
v 0.345959 104.056 -0.230719 
v 0.375572 103.962 -0.165155 
v 0.452405 103.751 -0.141452 
v 0.452405 103.751 -0.141452 
v 0.417931 104.08 -0.199299 
v 0.425603 104.185 -0.217703 
v 0.419227 104.219 -0.239798 
v 0.433287 104.277 -0.198511 
v 0.372664 104.241 -0.30211 
v 0.410659 104.192 -0.268108 
v 0.425603 104.185 -0.217703 
v 0.372664 104.241 -0.30211 
v 0.443022 104.2 -0.316809 
v 0.410659 104.192 -0.268108 
v 0.419227 104.219 -0.239798 
v 0.42552 103.982 -0.255504 
v 0.417931 104.08 -0.199299 
v 0.49734 103.759 -0.157773 
v 0.447213 104.235 -0.267699 
v 0.465143 104.184 -0.299776 
v 0.417613 104.175 -0.2973 
v 0.473372 104.212 -0.247284 
v 0.529702 104.288 -0.29747 
v 0.568689 104.233 -0.13524 
v 0.433287 104.277 -0.198511 
v 0.452537 104.301 -0.367918 
v 0.356718 104.598 -0.469304 
v 0.414232 104.54 -0.455261 
v 0.354212 104.395 -0.38907 
v 0.407688 104.306 -0.336669 
v 0.356718 104.598 -0.469304 
v 0.385048 104.544 -0.552675 
v 0.319804 104.611 -0.586176 
v 0.40643 104.588 -0.496365 
v 0.54432 104.527 -0.199059 
v 0.39937 104.644 -0.418021 
v 0.452019 104.473 -0.456426 
v 0.463819 104.295 -0.353581 
v 0.388329 104.351 -0.356788 
v 0.466342 104.442 -0.346067 
v 0.51131 104.394 -0.343328 
v 0.571372 104.459 -0.322759 
v 0.405512 104.621 -0.46918 
v 0.557519 104.584 -0.497908 
v 0.569349 104.606 -0.310297 
v 0.364109 104.236 -0.328243 
v 0.407688 104.306 -0.336669 
v 0.436923 104.296 -0.283716 
v 0.371651 104.35 -0.233163 
v 0.388329 104.351 -0.356788 
v 0.436923 104.296 -0.283716 
v 0.528567 104.65 -0.250328 
v 0.408339 104.427 -0.202406 
v 0.466342 104.442 -0.346067 
v 0.457837 104.363 -0.270292 
v 0.449961 104.54 -0.157792 
v 0.553766 104.373 -0.285697 
v 0.457837 104.363 -0.270292 
v 0.615017 104.356 -0.154017 
v 0.507017 104.393 -0.214472 
v 0.633825 104.46 -0.110323 
v -0.020901 103.849 0.299946 
v 0.16552 103.947 0.167004 
v 0.252324 103.857 0.231638 
v 0.328751 103.966 0.140974 
v 0.204986 103.876 0.30348 
v 0.314137 104.03 0.230939 
v 0.362523 103.757 0.216714 
v 0.246902 103.791 0.259488 
v -0.0370711 103.921 0.299881 
v 0.246902 103.791 0.259488 
v 0.362523 103.757 0.216714 
v 0.281826 103.854 0.312718 
v 0.24867 104.079 0.141972 
v 0.101519 104.137 0.209574 
v 0.368702 104.051 0.174386 
v 0.292867 104.144 0.235409 
v 0.252324 103.857 0.231638 
v 0.368702 104.051 0.174386 
v 0.373085 104.06 0.275081 
v 0.385976 103.821 0.263535 
v 0.40353 103.963 0.119358 
v 0.398861 104.117 0.195122 
v 0.458346 103.804 0.151927 
v 0.458346 103.804 0.151927 
v 0.433882 104.036 0.0967753 
v 0.357261 104.106 -0.15483 
v 0.368679 104.167 0.168101 
v 0.376314 104.095 0.204212 
v 0.478274 104.183 0.0717719 
v 0.415706 104.056 0.259041 
v 0.323223 104.044 0.258216 
v 0.364849 104.062 0.273043 
v 0.398861 104.117 0.195122 
v 0.314137 104.03 0.230939 
v 0.373487 104.108 0.197612 
v 0.204986 103.876 0.30348 
v 0.0370921 103.921 0.299881 
v 0.249389 103.855 0.322508 
v 0.279426 103.887 0.343635 
v 0.120936 103.903 0.407047 
v 0.296516 104.034 0.362982 
v -0.0321592 104.223 0.32654 
v 0.150932 104.149 0.424324 
v 0.425891 104.081 0.265397 
v 0.335509 104.033 0.348789 
v 0.395183 104.09 0.414352 
v 0.0880332 104.157 0.418188 
v 0.373487 104.108 0.197612 
v 0.0108312 104.301 0.379911 
v 0.275482 104.206 0.266877 
v 0.361435 104.21 0.146952 
v 0.323223 104.044 0.258216 
v 0.0209196 104.188 0.371704 
v 0.292867 104.144 0.235409 
v 0.232565 104.217 0.468367 
v 0.309648 104.446 0.0243146 
v 0.124004 104.588 -0.0528838 
v 0.139731 104.524 -0.351367 
v 0.331844 104.588 -0.0206721 
v 0.0858527 104.65 0.111219 
v 0.430846 104.15 0.313301 
v 0.54432 104.527 -0.199059 
v 0.383263 104.167 0.0968704 
v 0.443579 104.091 0.202689 
v 0.368679 104.167 0.168101 
v 0.376314 104.095 0.204212 
v 0.448986 104.143 0.227651 
v 0.478274 104.183 0.0717719 
v 0.431748 104.379 -0.0845121 
v 0.475975 104.241 0.109689 
v 0.486495 104.224 0.236814 
v 0.381357 104.248 0.398305 
v 0.0321802 104.223 0.32654 
v -0.0338057 104.292 0.423867 
v 0.0131785 104.353 0.462951 
v 0.0209196 104.188 0.371704 
v 0.0672521 104.219 0.473866 
v -0.0338057 104.292 0.423867 
v 0.0131785 104.353 0.462951 
v 0.0960399 104.804 0.198108 
v 0.186194 104.263 0.64863 
v 0.188223 104.427 0.753501 
v 0.381357 104.248 0.398305 
v 0.404359 104.257 0.611345 
v 0.447341 104.434 0.729643 
v 0.212241 104.657 0.856343 
v 0.463029 104.126 0.125885 
v 0.503034 104.044 0.0747797 
v 0.433882 104.036 0.0967753 
v 0.463029 104.126 0.125885 
v 0.520106 104.2 0.0972069 
v 0.417613 104.175 -0.2973 
v 0.572557 104.333 0.0272296 
v 0.447213 104.235 -0.267699 
v 0.490041 104.106 0.138295 
v 0.475975 104.241 0.109689 
v 0.53785 104.121 0.0552615 
v 0.497796 104.12 0.161254 
v 0.570396 104.257 0.0584649 
v 0.520106 104.2 0.0972069 
v 0.532686 104.278 0.109515 
v 0.514848 104.212 0.0908731 
v 0.517263 104.129 0.166166 
v 0.532686 104.278 0.109515 
v 0.489872 104.092 0.296366 
v 0.486495 104.224 0.236814 
v 0.559843 104.213 0.453634 
v 0.514848 104.212 0.0908731 
v 0.577527 104.335 0.00835576 
v 0.55228 104.183 0.206637 
v 0.666968 104.231 0.24695 
v 0.572557 104.333 0.0272296 
v 0.572476 104.268 -0.00803594 
v 0.511782 104.302 0.0579661 
v 0.533375 104.386 0.0652478 
v 0.589589 104.427 -0.0234142 
v 0.557933 104.336 -0.0534257 
v 0.507017 104.393 -0.214472 
v 0.472335 104.524 -0.0587755 
v 0.346399 104.911 -0.246751 
v 0.577527 104.335 0.00835576 
v 0.309648 104.446 0.0243146 
v 0.575564 104.634 -0.0408214 
v 0.617782 104.337 -0.0848067 
v 0.557933 104.336 -0.0534257 
v 0.612436 104.391 -0.0225181 
v 0.589589 104.427 -0.0234142 
v 0.623668 104.606 -0.0665404 
v 0.696794 104.588 -0.112696 
v 0.538678 104.59 0.075963 
v 0.615998 104.475 -0.0108628 
v 0.511782 104.302 0.0579661 
v 0.533375 104.386 0.0652478 
v 0.694468 104.401 0.577104 
v 0.54726 104.49 0.0122196 
v 0.586857 104.352 -0.00248705 
v 0.586857 104.352 -0.00248705 
v 0.73096 104.518 -0.00448113 
v 0.854656 104.441 0.357777 
v 0.575564 104.634 -0.0408214 
v 0.54726 104.49 0.0122196 
v 0.690069 104.667 0.741997 
v 0.85171 104.727 0.556343 
v 0.140342 104.958 -0.799496 
v 0.0789084 104.762 -0.348868 
v 0.124875 105.232 -0.678186 
v 0.12692 105.288 -0.614984 
v 0.0782454 105.266 -0.317986 
v 0.0650631 105.316 -0.352989 
v 0.115463 105.338 -0.611361 
v 0.145793 104.753 -0.773109 
v 0.360982 104.753 -0.748987 
v 0.321973 104.661 -0.511 
v 0.346505 104.961 -0.785529 
v 0.358 105.296 -0.600526 
v 0.0789084 104.762 -0.348868 
v -0.0858317 104.65 0.111219 
v -0.0960189 104.804 0.198108 
v 0.0782454 105.266 -0.317986 
v 0.13354 105.038 -0.0240408 
v -0.0438711 105.03 0.308645 
v 0.0239106 104.516 0.0828309 
v 0.330354 105.192 0.142402 
v 0.180275 104.906 0.125416 
v 0.180275 105.416 -0.0763505 
v 0.240364 105.416 0.125416 
v 0.204608 105.273 0.409213 
v 0.0650631 105.316 -0.352989 
v 0.0836683 105.377 -0.259093 
v 0.0998956 105.578 -0.425063 
v 0.0836683 105.377 -0.259093 
v 0.107108 105.67 -0.150486 
v 0.107108 105.67 -0.150486 
v 0.13354 105.793 -0.0240407 
v 0.350906 105.342 -0.60223 
v 0.202553 105.646 -0.0351166 
v 0.275919 105.444 -0.00112654 
v 0.205169 105.38 -0.0285563 
v 0.138488 105.442 0.011772 
v 0.112403 105.639 0.00789896 
v 0.386279 105.602 -0.38591 
v 0.459797 105.692 -0.0982911 
v 0.117059 105.681 0.100613 
v 0.297935 105.642 -0.00951405 
v 0.275919 105.83 0.0399825 
v 0.138488 105.828 0.0528812 
v 0.12025 105.361 0.0830775 
v 0.089328 105.621 0.113728 
v 0.213016 105.276 0.0651213 
v 0.089328 105.621 0.113728 
v 0.12025 105.361 0.0830775 
v 0.150113 105.416 0.164257 
v 0.213016 105.276 0.0651213 
v 0.180275 105.925 0.125416 
v 0.12025 105.883 0.138575 
v 0.12025 105.883 0.138575 
v 0.150113 105.803 0.205366 
v 0.213016 105.927 0.139118 
v 0.205169 105.901 0.0269411 
v 0.305782 105.364 0.0656644 
v 0.220863 105.346 0.177298 
v 0.287544 105.419 0.151358 
v 0.3413 105.68 0.0306061 
v 0.276873 105.393 0.0424807 
v 0.256286 105.858 0.202244 
v 0.305782 105.886 0.121162 
v 0.568091 104.755 -0.653533 
v 0.39937 104.644 -0.418021 
v 0.548324 104.965 -0.707124 
v 0.373262 105.256 -0.664871 
v 0.478572 105.274 -0.594028 
v 0.721057 104.761 -0.457842 
v 0.668362 104.631 -0.365354 
v 0.528567 104.65 -0.250328 
v 0.773814 104.774 -0.133013 
v 0.794885 105.006 -0.176356 
v 0.734975 105.005 -0.544396 
v 0.736314 105.201 -0.437496 
v 0.768817 105.276 -0.153109 
v 0.73096 104.518 -0.00448113 
v 0.796008 104.789 0.0501578 
v 0.719382 104.785 0.134967 
v 0.503163 105.345 -0.00823959 
v 0.367613 105.046 0.260133 
v 0.363423 105.382 -0.00317344 
v 0.591162 105.292 0.365156 
v 0.795214 105.059 0.18241 
v 0.636203 105.312 0.0537805 
v 0.506214 105.016 0.261137 
v 0.739374 105.027 0.104569 
v 0.714469 105.333 0.120338 
v 0.661167 104.641 0.0627665 
v 0.696794 104.588 -0.112696 
v 0.773814 104.774 -0.133013 
v 0.796008 104.789 0.0501578 
v 0.768817 105.276 -0.153109 
v 0.794885 105.006 -0.176356 
v 0.477022 105.309 -0.528019 
v 0.363423 105.382 -0.00317344 
v 0.552633 105.577 -0.320516 
v 0.459797 105.692 -0.0982911 
v 0.336704 105.625 0.090511 
v 0.538989 105.617 0.0103715 
v 0.503163 105.345 -0.00823959 
v 0.641697 105.478 -0.33191 
v 0.677779 105.548 -0.0712058 
v 0.677779 105.548 -0.0712058 
v 0.632974 105.514 0.0650216 
v 0.58945 105.662 -0.0559418 
v 0.47417 105.697 0.13534 
v 0.58945 105.662 -0.0559418 
v 0.576777 105.663 0.105329 
v 0.636203 105.312 0.0537805 
v 0.305782 105.364 0.0656644 
v 0.2438 105.084 0.256207 
v 0.276873 105.393 0.0424807 
v 0.336704 105.625 0.090511 
v 0.313629 105.608 0.19634 
v 0.305782 105.886 0.121162 
v 0.287544 105.805 0.192467 
v 0.213016 105.927 0.139118 
v 0.429205 105.81 0.178329 
v 0.700894 105.307 0.210426 
v 0.640742 105.589 0.159709 
v 0.697997 105.571 0.174264 
v 0.591938 105.726 0.166283 
v -0.0940906 104.789 0.491146 
v 0.266817 104.881 0.368831 
v -0.0599568 104.605 0.433052 
v 0.0941116 104.789 0.491146 
v 0.0974732 104.914 0.731885 
v 0.13354 105.038 0.274872 
v 0.056917 105.175 0.422764 
v -0.078506 105.054 0.580939 
v 0.056917 105.175 0.422764 
v 0.00280697 105.611 0.602311 
v 0.247675 105.14 0.346376 
v 0.180275 104.906 0.125416 
v 0.240364 105.416 0.125416 
v 0.485121 105.141 0.614135 
v 0.293196 104.638 0.675837 
v 0.204608 105.273 0.409213 
v 0.47481 104.81 0.659594 
v 0.211063 105.295 0.679866 
v 0.180275 105.416 0.327182 
v 0.395453 105.182 0.704289 
v 0.292682 105.53 0.626398 
v 0.293196 104.638 0.675837 
v 0.309868 104.686 0.891875 
v 0.231143 104.923 0.835129 
v 0.078527 105.054 0.580939 
v 0.32484 104.831 0.976914 
v 0.316732 105.045 0.971581 
v 0.44608 104.801 0.781862 
v 0.449123 104.675 0.843958 
v 0.429346 104.947 0.82793 
v 0.429297 105.157 0.470345 
v 0.329135 105.08 0.68417 
v 0.340798 105.378 0.725521 
v 0.340798 105.378 0.725521 
v 0.329135 105.08 0.68417 
v 0.372958 105.322 0.831998 
v 0.372925 105.046 0.840386 
v 0.483974 105.057 0.81196 
v 0.315271 105.468 0.791028 
v 0.102828 105.507 0.241457 
v 0.128097 105.605 0.213753 
v 0.102828 105.507 0.241457 
v 0.223478 105.601 0.239356 
v 0.13354 105.793 0.274872 
v 0.180275 105.925 0.125416 
v 0.220863 105.867 0.232796 
v 0.432872 105.827 0.595491 
v -0.0638747 105.696 0.63978 
v -0.0882293 105.661 0.509382 
v 0.177463 105.642 0.591487 
v 0.129902 105.622 0.778886 
v 0.208785 105.559 0.848809 
v 0.177463 105.642 0.591487 
v 0.103082 105.77 0.637956 
v 0.129902 105.622 0.778886 
v 0.40307 105.732 0.755228 
v 0.485121 105.141 0.614135 
v 0.292682 105.53 0.626398 
v 0.39493 105.534 0.858144 
v 0.39493 105.534 0.858144 
v 0.478281 104.886 0.792406 
v 0.512567 104.961 0.630464 
v 0.684109 105.052 0.462024 
v 0.506761 104.858 0.62731 
v 0.461248 105.018 0.451617 
v 0.738022 104.888 0.596668 
v 0.382416 104.963 0.657768 
v 0.506761 104.858 0.62731 
v 0.738022 104.888 0.596668 
v 0.666084 104.857 0.714255 
v 0.647494 105.19 0.453693 
v 0.512567 104.961 0.630464 
v 0.591162 105.292 0.365156 
v 0.630317 104.96 0.781593 
v 0.757738 104.951 0.622517 
v 0.791391 104.988 0.582209 
v 0.756893 104.92 0.685551 
v 0.795214 105.059 0.18241 
v 0.729045 105.212 0.341944 
v 0.793721 105.1 0.587412 
v 0.791391 104.988 0.582209 
v 0.797057 105.035 0.716063 
v 0.793721 105.1 0.587412 
v 0.519611 104.852 0.776516 
v 0.382416 104.963 0.657768 
v 0.47481 104.81 0.659594 
v 0.422006 104.927 0.8119 
v 0.505086 104.932 0.872622 
v 0.468605 105.061 0.907361 
v 0.691201 104.922 0.786654 
v 0.714994 105.048 0.827255 
v 0.565643 105.121 0.693123 
v 0.700894 105.307 0.210426 
v 0.764032 105.36 0.570641 
v 0.428626 105.448 0.707233 
v 0.637972 105.741 0.564034 
v 0.634126 105.448 0.637389 
v 0.622897 105.666 0.714993 
v 0.729045 105.212 0.341944 
v 0.711241 105.381 0.608673 
v 0.711241 105.381 0.608673 
v 0.714551 105.324 0.723411 
v 0.750166 105.592 0.522228 
v 0.764032 105.36 0.570641 
v 0.716399 105.567 0.648739 
v 0.440867 105.368 0.866718 
v 0.428626 105.448 0.707233 
v 0.608626 105.465 0.821497 
v 0.651183 105.374 0.79622 
v 0.608626 105.465 0.821497 
v 0.634126 105.448 0.637389 
v 0.741492 105.408 0.711483 
v 0.741492 105.408 0.711483 

vn -0.755906 -0.0551181 -0.653543 
vn -0.464567 0.433071 -0.771654 
vn -0.173228 0 -0.984252 
vn -0.637795 -0.685039 -0.354331 
vn 0.409449 0.677165 -0.606299 
vn -0.913386 -0.354331 -0.188976 
vn -0.866142 -0.251969 -0.440945 
vn -0.732283 -0.456693 0.503937 
vn -0.976378 0.0551181 -0.212598 
vn -0.88189 -0.464567 0.023622 
vn -0.409449 0.188976 -0.889764 
vn -0.826772 0.220472 -0.527559 
vn 0.614173 0.598425 -0.511811 
vn -0.795276 0.393701 -0.464567 
vn -0.141732 -0.362205 -0.92126 
vn -0.984252 -0.133858 0.0944882 
vn -0.141732 -0.88189 0.440945 
vn -0.724409 0.582677 -0.362205 
vn 0.606299 -0.11811 0.787402 
vn -0.141732 -0.88189 0.440945 
vn -0.732283 -0.456693 0.503937 
vn -0.716535 -0.527559 -0.456693 
vn -0.0944882 -0.0472441 -0.992126 
vn 0.503937 -0.535433 -0.677165 
vn 0.685039 0.125984 -0.716535 
vn -0.645669 -0.622047 0.440945 
vn 0.598425 -0.748031 0.283465 
vn -0.0866142 0.401575 -0.913386 
vn -0.141732 -0.889764 0.440945 
vn -0.519685 -0.724409 -0.448819 
vn 0.11811 -0.834646 -0.535433 
vn -0.425197 -0.779528 -0.456693 
vn 0.755906 -0.653543 0.00787402 
vn -0.110236 -0.425197 0.897638 
vn 0.362205 0.905512 -0.204724 
vn 0.00787402 0.937008 -0.346457 
vn 0.330709 -0.850394 0.417323 
vn -0.425197 0.0708661 0.905512 
vn -0.559055 -0.23622 -0.795276 
vn 0.267717 0.858268 -0.433071 
vn 0.76378 -0.228346 -0.598425 
vn 0.102362 -0.92126 0.370079 
vn -0.125984 -0.755906 -0.637795 
vn 0.488189 -0.811024 0.330709 
vn 0.913386 -0.346457 -0.204724 
vn -0.212598 0.937008 0.267717 
vn -0.543307 -0.84252 0.00787402 
vn 0.606299 -0.519685 0.598425 
vn 0.606299 -0.519685 0.598425 
vn 0.488189 -0.811024 0.330709 
vn 0.913386 -0.346457 -0.204724 
vn 0.984252 0.149606 0.0708661 
vn 0.330709 -0.850394 0.417323 
vn 0.598425 -0.748031 0.283465 
vn 0.409449 0.677165 -0.606299 
vn 0.968504 0.15748 0.212598 
vn 0.897638 -0.125984 0.425197 
vn 0.362205 0.905512 -0.204724 
vn 0.614173 0.598425 -0.511811 
vn 0.00787402 0.937008 -0.346457 
vn 0.669291 0.740157 0.0708661 
vn -0.425197 0.0708661 0.905512 
vn 0.614173 0.165354 0.771654 
vn -0.110236 -0.425197 0.897638 
vn 0.992126 0.0314961 0.133858 
vn -0.787402 -0.314961 -0.527559 
vn -0.76378 -0.622047 -0.15748 
vn -0.622047 -0.149606 -0.771654 
vn -0.141732 -0.220472 -0.968504 
vn 0.692913 0.15748 -0.708661 
vn -0.669291 0.251969 -0.700787 
vn -0.0393701 0.724409 -0.685039 
vn -0.866142 -0.102362 -0.488189 
vn -0.80315 0.425197 -0.425197 
vn -0.165354 0.330709 -0.929134 
vn 0.19685 -0.976378 -0.023622 
vn -0.212598 -0.976378 0.023622 
vn -0.385827 -0.795276 -0.472441 
vn 0.188976 -0.322835 -0.929134 
vn -0.944882 0.0629921 -0.314961 
vn -0.992126 0.0472441 -0.110236 
vn -0.818898 0.511811 -0.251969 
vn 0.669291 0.740157 0.0708661 
vn -0.503937 -0.834646 -0.23622 
vn -0.267717 -0.96063 0.0787402 
vn -0.779528 -0.622047 -0.023622 
vn -0.314961 -0.0708661 -0.944882 
vn -0.850394 -0.173228 -0.496063 
vn -0.566929 0.385827 -0.724409 
vn -0.944882 -0.15748 -0.275591 
vn 0.771654 0.456693 -0.448819 
vn 0.519685 -0.330709 0.787402 
vn -0.141732 -0.889764 0.440945 
vn 0.755906 -0.653543 0.00787402 
vn -0.716535 -0.645669 -0.259843 
vn -0.125984 -0.574803 0.811024 
vn -0.519685 -0.488189 0.700787 
vn -0.976378 0.0551181 -0.228346 
vn 0.645669 -0.685039 0.338583 
vn 0.456693 -0.80315 0.377953 
vn -0.992126 -0.0708661 -0.0708661 
vn 0.874016 0.204724 0.440945 
vn 0.456693 -0.80315 0.377953 
vn -0.125984 -0.574803 0.811024 
vn -0.0393701 0.724409 -0.685039 
vn 0.574803 0.748031 0.322835 
vn 0.748031 0.669291 0 
vn 0.732283 0.133858 0.669291 
vn 0.0393701 1 0.0314961 
vn -0.212598 0.937008 0.267717 
vn 0.968504 0.0314961 0.23622 
vn -0.519685 -0.488189 0.700787 
vn 0.692913 0.15748 -0.708661 
vn 0.866142 0.370079 -0.330709 
vn -0.00787402 -0.669291 -0.740157 
vn 0.952756 -0.259843 -0.149606 
vn -0.692913 -0.314961 -0.645669 
vn -0.992126 0.0551181 -0.11811 
vn -0.716535 0.125984 -0.685039 
vn 0.220472 -0.905512 0.362205 
vn -0.590551 0.622047 -0.511811 
vn -0.511811 0.354331 -0.787402 
vn 0.496063 -0.496063 -0.708661 
vn -0.480315 -0.330709 -0.811024 
vn -0.401575 -0.834646 -0.370079 
vn -0.913386 0.267717 -0.314961 
vn -0.92126 -0.322835 -0.220472 
vn 0.488189 0.417323 -0.76378 
vn 0.551181 -0.385827 -0.740157 
vn 0.944882 0.125984 -0.307087 
vn -0.488189 -0.755906 -0.433071 
vn 0.141732 -0.96063 -0.251969 
vn 0.748031 -0.543307 -0.370079 
vn 0.133858 -0.992126 -0.0551181 
vn 0.511811 0.771654 -0.377953 
vn -0.905512 0.0787402 -0.417323 
vn -0.503937 -0.496063 -0.708661 
vn -0.755906 -0.566929 -0.338583 
vn -0.748031 0.629921 -0.228346 
vn 0.755906 -0.566929 -0.330709 
vn -0.968504 -0.244094 -0.0944882 
vn 0.685039 0.125984 -0.716535 
vn 0.503937 -0.535433 -0.677165 
vn -0.645669 -0.622047 0.440945 
vn 0.220472 -0.905512 0.362205 
vn 0.433071 -0.15748 0.889764 
vn -0.976378 0.204724 -0.0866142 
vn 0.496063 -0.818898 0.299213 
vn 0.866142 0.370079 -0.330709 
vn -0.96063 -0.291339 0.00787402 
vn 0.952756 -0.259843 -0.149606 
vn -0.716535 -0.685039 -0.141732 
vn -0.606299 -0.795276 0.0314961 
vn 0.96063 -0.267717 -0.0787402 
vn 0.96063 -0.267717 -0.0787402 
vn 0.496063 -0.818898 0.299213 
vn -0.535433 0.0314961 -0.84252 
vn -0.519685 0.559055 -0.645669 
vn -0.897638 -0.401575 -0.19685 
vn -0.448819 -0.629921 -0.637795 
vn 0.448819 -0.496063 -0.740157 
vn -0.015748 -0.984252 -0.165354 
vn 0.440945 0.314961 -0.84252 
vn -0.401575 0.826772 -0.385827 
vn 0.409449 0.299213 -0.858268 
vn -0.251969 -0.629921 -0.732283 
vn 0.519685 -0.629921 -0.574803 
vn 0.19685 -0.976378 0.125984 
vn -0.362205 0.826772 -0.425197 
vn 0.559055 0.0787402 -0.826772 
vn -0.889764 -0.212598 -0.401575 
vn -0.488189 0.110236 -0.866142 
vn -0.448819 -0.511811 -0.732283 
vn -0.858268 0.149606 -0.488189 
vn -0.551181 -0.779528 -0.299213 
vn -0.511811 0.669291 -0.543307 
vn -0.448819 0.314961 -0.834646 
vn -0.251969 0.606299 -0.748031 
vn -0.559055 0.0551181 -0.826772 
vn -0.850394 -0.472441 -0.244094 
vn -0.88189 0.141732 -0.440945 
vn -0.519685 -0.622047 -0.582677 
vn -0.480315 0.677165 -0.559055 
vn 0.448819 0.685039 -0.574803 
vn 0.850394 -0.472441 -0.244094 
vn 0.220472 0.102362 -0.968504 
vn -0.929134 -0.362205 0.023622 
vn -0.637795 -0.771654 -0.015748 
vn 0.952756 -0.0787402 -0.291339 
vn 0.952756 -0.0787402 -0.291339 
vn 0.771654 0.456693 -0.448819 
vn 0.976378 0.11811 -0.188976 
vn 0.976378 0.11811 -0.188976 
vn 0.551181 -0.779528 -0.299213 
vn 0.488189 0.669291 -0.559055 
vn 0.645669 -0.685039 0.338583 
vn -0.88189 -0.330709 0.338583 
vn -0.992126 0.0551181 0.0787402 
vn -0.92126 0.346457 0.165354 
vn -0.732283 -0.637795 0.23622 
vn -0.606299 0.15748 0.779528 
vn 0.228346 -0.598425 0.771654 
vn -1 0.0314961 -0.00787402 
vn -0.354331 0.88189 0.299213 
vn 0.125984 0.228346 0.968504 
vn 0.228346 -0.598425 0.771654 
vn 0.76378 -0.228346 -0.598425 
vn 0.0314961 0.102362 -0.992126 
vn -0.897638 -0.417323 -0.165354 
vn -0.740157 0.393701 -0.551181 
vn 0.11811 0.944882 -0.314961 
vn 0.417323 -0.889764 0.19685 
vn 0.11811 0.944882 -0.314961 
vn 0.889764 0.0393701 -0.456693 
vn 0.0629921 -1 0.0314961 
vn 0.0629921 -1 0.0314961 
vn -0.354331 -0.480315 0.80315 
vn 0.267717 0.858268 -0.433071 
vn -0.354331 0.88189 0.299213 
vn 0.0314961 0.102362 -0.992126 
vn -0.740157 0.393701 -0.551181 
vn -0.708661 0.677165 0.19685 
vn -0.259843 -0.937008 -0.220472 
vn -0.496063 0.700787 0.511811 
vn -0.488189 0.204724 0.850394 
vn -0.866142 -0.354331 0.346457 
vn -0.708661 0.677165 0.19685 
vn -0.385827 -0.834646 0.393701 
vn -0.700787 -0.700787 -0.133858 
vn -0.212598 -0.897638 -0.377953 
vn -0.464567 0.685039 0.566929 
vn 0.228346 -0.952756 -0.19685 
vn 0.19685 -0.984252 -0.023622 
vn 0.897638 0.291339 0.338583 
vn -0.606299 0.15748 0.779528 
vn 0.629921 0.724409 -0.283465 
vn 0.677165 -0.149606 0.716535 
vn -0.559055 -0.354331 0.748031 
vn -0.503937 -0.346457 0.795276 
vn 0.354331 0.543307 0.755906 
vn 0.629921 0.724409 -0.283465 
vn 0.370079 0.488189 -0.787402 
vn -0.165354 -0.779528 0.606299 
vn 0.204724 -0.590551 -0.779528 
vn -0.755906 -0.480315 0.440945 
vn 0.590551 -0.755906 0.291339 
vn -0.740157 -0.669291 0.015748 
vn -0.952756 0.125984 0.267717 
vn -0.204724 -0.511811 0.834646 
vn 0.322835 -0.84252 0.425197 
vn -0.566929 0.787402 0.251969 
vn -0.874016 0.417323 0.23622 
vn -0.771654 0.0472441 0.629921 
vn -0.220472 0.92126 0.307087 
vn 0.913386 0.00787402 0.409449 
vn -0.220472 0.92126 0.307087 
vn 0.322835 -0.84252 0.425197 
vn -0.566929 0.787402 0.251969 
vn 0.590551 -0.755906 0.291339 
vn 0.897638 0.102362 0.425197 
vn 0.291339 0.0551181 0.952756 
vn -0.0629921 0.425197 0.905512 
vn -0.275591 -0.590551 -0.755906 
vn -0.653543 -0.314961 -0.692913 
vn -0.0629921 0.425197 0.905512 
vn -0.944882 -0.330709 0.0472441 
vn -0.614173 -0.535433 0.582677 
vn 0.291339 0.0551181 0.952756 
vn -0.653543 -0.314961 -0.692913 
vn 0.204724 -0.590551 -0.779528 
vn -0.275591 -0.590551 -0.755906 
vn -0.944882 -0.00787402 0.330709 
vn -0.259843 -0.511811 0.818898 
vn -0.590551 -0.173228 0.787402 
vn 0.125984 0.228346 0.968504 
vn 0.259843 -0.244094 0.937008 
vn 0.259843 -0.244094 0.937008 
vn -0.0393701 0.76378 0.637795 
vn -0.204724 -0.511811 0.834646 
vn 0 -0.992126 -0.133858 
vn 0.629921 0.0708661 -0.771654 
vn 0 -0.992126 -0.133858 
vn -0.0629921 -0.23622 0.968504 
vn -0.409449 -0.779528 -0.472441 
vn -0.944882 -0.173228 0.283465 
vn -0.818898 -0.149606 -0.551181 
vn 0.417323 -0.889764 0.19685 
vn 0.818898 0.551181 -0.149606 
vn -0.834646 0.362205 0.409449 
vn -0.76378 0.503937 -0.401575 
vn 0.818898 0.551181 -0.149606 
vn -0.818898 -0.149606 -0.551181 
vn -0.76378 0.503937 -0.401575 
vn -0.0472441 0.251969 -0.968504 
vn 0.779528 -0.622047 -0.023622 
vn 0.905512 0.0787402 0.417323 
vn 0.440945 -0.275591 -0.858268 
vn -0.409449 -0.779528 -0.472441 
vn 0.0866142 -0.370079 -0.92126 
vn 0.779528 -0.622047 -0.023622 
vn 0.685039 -0.724409 -0.102362 
vn 0.322835 0.417323 -0.850394 
vn 0.905512 0.0787402 0.417323 
vn 0.944882 -0.212598 -0.259843 
vn -0.598425 -0.724409 0.346457 
vn -0.417323 -0.417323 0.80315 
vn -0.606299 0.00787402 0.795276 
vn 0.448819 -0.700787 -0.559055 
vn 0.023622 -0.944882 0.314961 
vn 0.409449 -0.795276 0.440945 
vn -0.220472 0.0787402 0.976378 
vn 0.385827 -0.740157 0.543307 
vn 0.685039 -0.724409 -0.102362 
vn -0.456693 -0.551181 0.700787 
vn -0.952756 -0.212598 -0.204724 
vn -0.645669 -0.748031 -0.173228 
vn -0.102362 -0.401575 0.913386 
vn 0.590551 -0.23622 0.771654 
vn 0.889764 0.393701 -0.220472 
vn 0.480315 0.110236 0.866142 
vn -0.433071 0.527559 0.732283 
vn 0.677165 -0.149606 0.716535 
vn -0.377953 0.913386 -0.173228 
vn 0.448819 -0.700787 -0.559055 
vn 0.19685 -0.976378 -0.023622 
vn 0.204724 -0.692913 0.692913 
vn -0.212598 -0.976378 0.023622 
vn 0.370079 -0.622047 -0.692913 
vn -0.464567 0.685039 0.566929 
vn 0.275591 -0.952756 -0.11811 
vn -0.377953 0.913386 -0.173228 
vn 0.755906 -0.488189 -0.440945 
vn 0.755906 -0.488189 -0.440945 
vn -0.897638 0.370079 -0.228346 
vn -0.496063 0.0944882 0.866142 
vn 0.559055 -0.559055 -0.614173 
vn -0.543307 -0.551181 -0.629921 
vn -0.559055 -0.779528 -0.275591 
vn -0.889764 -0.125984 -0.440945 
vn 0.574803 -0.771654 -0.259843 
vn 0.976378 0.173228 0.102362 
vn 0.370079 0.858268 0.346457 
vn -0.811024 -0.543307 0.220472 
vn 0.228346 -0.307087 0.92126 
vn 0.251969 0.740157 0.622047 
vn 0.251969 -0.76378 0.598425 
vn 0.811024 -0.535433 0.228346 
vn 0.251969 0.740157 0.622047 
vn 0.259843 -0.448819 0.858268 
vn 0.259843 -0.141732 0.952756 
vn 0.370079 0.858268 0.346457 
vn -0.354331 0.874016 0.338583 
vn 0.976378 0.173228 0.102362 
vn -0.858268 -0.188976 0.472441 
vn -0.96063 0.188976 -0.204724 
vn 0.787402 0.0393701 0.614173 
vn 0.858268 -0.188976 0.472441 
vn -0.84252 0.322835 -0.433071 
vn -0.874016 -0.322835 -0.370079 
vn -0.724409 -0.637795 -0.251969 
vn -0.535433 0.0866142 -0.84252 
vn -0.574803 -0.370079 -0.724409 
vn -0.968504 -0.244094 0.0393701 
vn 0.0393701 1 0.0314961 
vn 0.330709 0.937008 -0.0787402 
vn -1 0 0 
vn -0.84252 0.0708661 -0.535433 
vn -0.433071 0.637795 -0.629921 
vn -0.84252 0.314961 -0.433071 
vn -0.23622 -0.401575 -0.889764 
vn -0.346457 0.748031 -0.566929 
vn 0.330709 0.937008 -0.0787402 
vn 0.188976 -0.818898 -0.543307 
vn -0.204724 0.102362 -0.976378 
vn 0.228346 -0.377953 -0.897638 
vn -0.204724 0.590551 -0.779528 
vn 0.267717 0.527559 -0.80315 
vn -0.724409 -0.685039 0.0866142 
vn -0.472441 -0.582677 0.661417 
vn -0.968504 -0.244094 0.0393701 
vn -0.724409 -0.685039 0.0866142 
vn 0.0866142 -0.637795 0.771654 
vn -0.614173 -0.188976 0.771654 
vn -0.84252 0.0708661 -0.535433 
vn 0.11811 0.228346 -0.968504 
vn -0.84252 0.0708661 -0.535433 
vn -0.748031 0.0314961 0.661417 
vn -1 0 0 
vn -0.976378 0.220472 -0.0314961 
vn -0.834646 0.433071 -0.338583 
vn 0.15748 -0.0866142 0.984252 
vn 0.370079 -0.622047 -0.692913 
vn -0.0393701 0.76378 0.637795 
vn -0.283465 0.96063 0.0314961 
vn -0.976378 0.220472 -0.0314961 
vn -0.629921 0.614173 -0.480315 
vn -0.464567 0.598425 -0.653543 
vn -0.889764 0.456693 -0.0629921 
vn -0.740157 0.0866142 0.669291 
vn -0.889764 0.456693 -0.0629921 
vn -0.370079 0.346457 -0.866142 
vn -0.19685 -0.291339 -0.937008 
vn -0.724409 0.141732 -0.669291 
vn -0.559055 0.818898 -0.125984 
vn -0.149606 0.968504 -0.188976 
vn -0.188976 0.787402 -0.590551 
vn -0.409449 0.716535 0.566929 
vn -0.559055 0.818898 -0.125984 
vn -0.149606 0.968504 -0.188976 
vn -0.220472 0.314961 -0.92126 
vn -0.244094 0.503937 -0.826772 
vn 0.212598 0.401575 -0.889764 
vn 0.259843 -0.228346 -0.937008 
vn 0.212598 0.76378 -0.606299 
vn 0.188976 0.968504 -0.165354 
vn 0.0551181 0.409449 -0.913386 
vn 0.606299 -0.173228 -0.779528 
vn -0.653543 -0.188976 -0.732283 
vn -1 0.00787402 -0.0708661 
vn -0.685039 0.0787402 -0.724409 
vn -0.685039 -0.283465 -0.677165 
vn -0.685039 -0.283465 -0.677165 
vn -0.19685 -0.291339 -0.937008 
vn -0.259843 -0.92126 -0.291339 
vn 0.259843 -0.228346 -0.937008 
vn -0.897638 -0.314961 -0.307087 
vn -0.590551 0.299213 0.748031 
vn 0.015748 0.661417 0.748031 
vn -0.905512 0.259843 -0.330709 
vn -0.606299 0.700787 -0.377953 
vn -0.244094 0.889764 -0.393701 
vn -0.889764 -0.433071 -0.141732 
vn 0.606299 -0.173228 -0.779528 
vn 0.629921 -0.724409 -0.291339 
vn -1 0.00787402 -0.0708661 
vn -0.889764 -0.433071 -0.141732 
vn -0.779528 -0.322835 0.535433 
vn 0.307087 0.590551 0.748031 
vn 0.409449 0.370079 -0.834646 
vn -0.661417 0.377953 -0.645669 
vn -0.858268 0.511811 0.015748 
vn -0.858268 0.511811 0.015748 
vn -0.755906 0.228346 0.614173 
vn 0 -0.984252 -0.165354 
vn 0.251969 0.535433 -0.80315 
vn 0.456693 0.614173 -0.645669 
vn 0.685039 -0.629921 -0.362205 
vn 0.267717 0.110236 -0.96063 
vn 0.818898 -0.251969 -0.519685 
vn 0.826772 0.0708661 -0.559055 
vn 0.811024 0.314961 -0.496063 
vn -0.275591 0.527559 -0.80315 
vn -0.984252 -0.15748 -0.015748 
vn -0.826772 0.0708661 -0.559055 
vn -0.818898 -0.251969 -0.519685 
vn -0.685039 -0.629921 -0.362205 
vn -0.992126 0.102362 -0.0472441 
vn -0.80315 0.314961 -0.503937 
vn 0.834646 -0.15748 -0.527559 
vn 0.795276 -0.11811 -0.590551 
vn -0.889764 -0.110236 -0.440945 
vn -0.984252 0.0787402 -0.173228 
vn -0.771654 -0.0708661 -0.629921 
vn 0.559055 -0.559055 -0.614173 
vn 0.244094 -0.661417 0.708661 
vn 0.677165 -0.551181 0.488189 
vn 0.889764 -0.11811 -0.440945 
vn 0.755906 -0.204724 0.622047 
vn -0.716535 -0.259843 -0.645669 
vn 0 -1 0 
vn -0.897638 -0.448819 0 
vn -1 0 0 
vn -0.748031 0 -0.669291 
vn 0 0 -1 
vn 0.818898 0 0.574803 
vn 0.96063 0.188976 -0.204724 
vn 0.889764 0.440945 -0.110236 
vn -0.748031 -0.212598 0.622047 
vn -0.992126 0.102362 -0.0472441 
vn -0.984252 -0.15748 -0.015748 
vn 0.779528 -0.629921 0.00787402 
vn -0.771654 -0.629921 0 
vn 0.779528 -0.629921 0.00787402 
vn -0.677165 -0.559055 0.480315 
vn -0.771654 -0.629921 0 
vn -0.818898 0 0.574803 
vn 0 -0.488189 -0.874016 
vn 0.228346 0.291339 -0.929134 
vn -0.708661 0.322835 -0.629921 
vn 0.0944882 0.102362 -0.992126 
vn 0.0787402 -0.385827 -0.92126 
vn 0.76378 -0.19685 -0.614173 
vn 0.80315 0.0629921 -0.598425 
vn 0.188976 0.968504 -0.165354 
vn 0.700787 0.480315 0.527559 
vn -1 -0.0393701 -0.0472441 
vn -0.984252 0.0787402 -0.173228 
vn 0.708661 0.574803 -0.417323 
vn -1 -0.0393701 -0.0472441 
vn -0.708661 0.574803 -0.417323 
vn -0.818898 0.566929 -0.0629921 
vn -0.818898 0.566929 -0.0629921 
vn 0.818898 0.566929 -0.0629921 
vn 0.818898 0.566929 -0.0629921 
vn 0 0.590551 -0.80315 
vn -0.700787 0.480315 0.527559 
vn 0 1 0 
vn 0 -0.984252 -0.165354 
vn 0.653543 0.448819 -0.606299 
vn -0.0866142 -0.590551 0.80315 
vn 0.669291 -0.338583 0.661417 
vn -0.834646 0.551181 0 
vn 0.0787402 0.661417 -0.748031 
vn 0.771654 0.362205 -0.527559 
vn 0 0.984252 0.19685 
vn 0.889764 -0.448819 -0.00787402 
vn 0.889764 -0.448819 -0.00787402 
vn 1 -0.00787402 0.0708661 
vn 1 -0.00787402 0.0708661 
vn 0.858268 0.496063 0.149606 
vn -0.834646 0.433071 -0.338583 
vn -0.551181 -0.732283 -0.401575 
vn -0.795276 -0.559055 0.228346 
vn -0.897638 -0.244094 -0.362205 
vn -0.80315 0.354331 0.472441 
vn -0.307087 -0.92126 0.251969 
vn -0.732283 0.677165 -0.015748 
vn -0.937008 0.141732 -0.307087 
vn -0.409449 -0.212598 -0.889764 
vn -0.897638 -0.244094 -0.362205 
vn -0.551181 -0.732283 -0.401575 
vn -0.952756 -0.0551181 0.307087 
vn -0.937008 0.141732 -0.307087 
vn -0.283465 0.96063 0.0314961 
vn -0.425197 0.393701 0.818898 
vn 0.409449 -0.354331 -0.84252 
vn 0.330709 -0.866142 -0.377953 
vn -0.283465 -0.188976 -0.937008 
vn -0.952756 -0.141732 -0.259843 
vn -0.929134 0.228346 -0.299213 
vn -0.834646 -0.511811 -0.19685 
vn 0.330709 -0.866142 -0.377953 
vn 0.850394 -0.496063 -0.181102 
vn 0.984252 -0.102362 -0.125984 
vn -0.283465 0.314961 -0.905512 
vn 0.291339 -0.661417 0.692913 
vn 0.574803 0.173228 -0.795276 
vn -0.952756 -0.141732 -0.259843 
vn -0.897638 0.15748 0.417323 
vn -0.929134 0.228346 -0.299213 
vn 0.173228 0.409449 0.897638 
vn 0.850394 -0.496063 -0.181102 
vn 0.173228 -0.929134 0.330709 
vn -0.519685 -0.511811 0.685039 
vn -0.220472 -0.188976 0.96063 
vn 0.0393701 -0.519685 0.850394 
vn -0.889764 -0.299213 0.346457 
vn -0.614173 -0.0551181 0.787402 
vn 0.141732 -0.102362 0.984252 
vn -0.834646 -0.511811 -0.19685 
vn -0.440945 -0.858268 -0.244094 
vn 0.692913 -0.598425 0.409449 
vn -0.244094 -0.299213 0.92126 
vn -0.228346 0.0787402 0.968504 
vn 0.984252 -0.102362 -0.125984 
vn 0.811024 -0.204724 0.543307 
vn -0.354331 -0.740157 0.566929 
vn -0.952756 0.314961 0.015748 
vn -0.96063 -0.228346 0.141732 
vn -0.732283 0.677165 -0.015748 
vn -0.96063 -0.228346 0.141732 
vn -0.897638 -0.314961 -0.307087 
vn -0.551181 0.779528 -0.314961 
vn -0.653543 0.740157 0.165354 
vn -0.858268 0.338583 0.385827 
vn -0.559055 0.551181 0.622047 
vn 0.338583 0.937008 0.0629921 
vn 0.488189 0.858268 -0.149606 
vn 0.929134 0.362205 -0.00787402 
vn -0.228346 0.929134 0.299213 
vn 0.125984 0.88189 -0.448819 
vn -0.84252 -0.0708661 0.535433 
vn -0.88189 0.346457 0.307087 
vn -0.551181 0.779528 -0.314961 
vn -0.448819 -0.015748 0.889764 
vn -0.511811 0.535433 0.677165 
vn -0.84252 -0.0708661 0.535433 
vn 0.488189 0.858268 -0.149606 
vn -0.448819 -0.015748 0.889764 
vn 0.0708661 0.0708661 0.992126 
vn 0.181102 0.511811 0.84252 
vn -0.787402 0.472441 0.393701 
vn 0.779528 0.251969 0.574803 
vn -0.0787402 0.677165 0.732283 
vn 0.929134 0.362205 -0.00787402 
vn 0.0708661 0.0708661 0.992126 
vn -0.267717 -0.755906 0.598425 
vn -1 0 0 
vn -0.897638 -0.448819 0 
vn -0.716535 -0.259843 0.645669 
vn 0.944882 0.11811 -0.307087 
vn -0.149606 0.220472 -0.96063 
vn 0.409449 -0.811024 -0.417323 
vn -0.440945 -0.858268 -0.244094 
vn 0.338583 0.937008 0.0629921 
vn 0.669291 0.393701 0.629921 
vn 0.724409 0.677165 0.133858 
vn 0.858268 -0.23622 -0.448819 
vn -0.748031 0 0.669291 
vn 0.645669 -0.559055 0.511811 
vn -0.80315 0.551181 -0.23622 
vn 0 0 1 
vn 0 -1 0 
vn -0.889764 0.440945 -0.110236 
vn 0.874016 -0.251969 -0.417323 
vn -0.409449 -0.811024 -0.417323 
vn -0.606299 -0.692913 0.385827 
vn -0.874016 -0.251969 -0.417323 
vn -0.787402 0.0393701 0.614173 
vn 0 -0.488189 0.874016 
vn 0.724409 0.677165 0.133858 
vn 0.795276 0.543307 -0.267717 
vn 0.889764 0.440945 -0.110236 
vn 0.606299 -0.692913 0.385827 
vn 0.76378 0.0314961 0.645669 
vn 0.771654 -0.259843 0.582677 
vn -0.173228 0.622047 0.76378 
vn 0.685039 0.433071 0.590551 
vn 0.409449 -0.811024 -0.417323 
vn -0.771654 -0.259843 0.582677 
vn -0.944882 0.11811 -0.307087 
vn -0.76378 0.0314961 0.645669 
vn -0.685039 0.433071 0.590551 
vn -0.80315 0.551181 -0.23622 
vn -0.80315 -0.0629921 0.598425 
vn -0.0944882 -0.102362 0.992126 
vn -0.0787402 0.440945 0.897638 
vn 0.645669 0.220472 0.732283 
vn 0 0.984252 0.19685 
vn 0.858268 -0.23622 -0.448819 
vn 0.685039 -0.0787402 0.724409 
vn -0.708661 0.322835 0.629921 
vn -0.834646 0.551181 0 
vn 0.858268 0.496063 0.149606 
vn 0 1 0 
vn 0.102362 0.968504 0.228346 
vn 0 0.590551 0.80315 
vn 0.992126 -0.149606 0.00787402 
vn -0.102362 0.874016 -0.464567 
vn -0.102362 0.874016 -0.464567 
vn 0.488189 0.0787402 0.866142 
vn 0.614173 0.614173 0.496063 
vn 0.488189 0.0787402 0.866142 
vn 0.76378 0.0629921 0.637795 
vn 0.992126 -0.149606 0.00787402 
vn -0.795276 0.543307 -0.267717 
vn 0.795276 0.543307 -0.267717 
vn 0.76378 0.0629921 0.637795 
vn 0.850394 0.472441 -0.23622 
vn -0.645669 0.440945 -0.622047 
vn -0.976378 -0.204724 -0.015748 
vn -0.850394 0.488189 -0.19685 
vn -0.755906 0.133858 0.637795 
vn -0.141732 0.96063 0.23622 
vn -0.472441 0.637795 -0.606299 
vn -0.511811 0.401575 -0.76378 
vn -0.574803 -0.377953 -0.724409 
vn -0.779528 -0.527559 -0.330709 
vn 0.425197 0.409449 -0.811024 
vn 0.692913 -0.314961 -0.645669 
vn 0.480315 -0.76378 -0.425197 
vn -0.141732 -0.96063 -0.244094 
vn -0.629921 0.645669 -0.425197 
vn 0.519685 0.0866142 -0.850394 
vn 0.905512 0.0708661 -0.409449 
vn -0.125984 -0.992126 -0.0551181 
vn 0.708661 0.677165 -0.212598 
vn 0.905512 0.228346 -0.354331 
vn 0 -0.519685 -0.858268 
vn -0.874016 0.338583 -0.346457 
vn 0.125984 0.0472441 -0.992126 
vn 0.708661 -0.527559 -0.472441 
vn 0.393701 -0.84252 -0.370079 
vn -0.952756 -0.251969 -0.15748 
vn 0.480315 -0.354331 -0.80315 
vn 0.92126 -0.330709 -0.204724 
vn 0.929134 0.188976 -0.307087 
vn 0.480315 0.220472 -0.850394 
vn 1 0.0393701 -0.0629921 
vn 0.708661 -0.692913 -0.141732 
vn 0.96063 -0.251969 -0.0787402 
vn -0.212598 -0.92126 0.330709 
vn -0.425197 -0.15748 0.889764 
vn -0.952756 -0.251969 -0.15748 
vn -0.212598 -0.92126 0.330709 
vn -0.874016 0.338583 -0.346457 
vn 0.606299 -0.795276 0.023622 
vn 0.141732 -0.362205 -0.92126 
vn -0.496063 -0.811024 0.299213 
vn -0.96063 -0.267717 -0.0866142 
vn -0.496063 -0.811024 0.299213 
vn -0.614173 0.165354 0.771654 
vn -0.96063 -0.267717 -0.0866142 
vn 0.952756 -0.291339 0.015748 
vn 0.669291 -0.614173 0.417323 
vn 0.669291 -0.614173 0.417323 
vn -0.606299 -0.110236 0.787402 
vn -0.653543 0.110236 -0.748031 
vn -0.598425 -0.748031 0.283465 
vn -0.984252 0.149606 0.0708661 
vn 0.732283 -0.456693 0.503937 
vn -0.409449 0.677165 -0.614173 
vn 0.425197 -0.787402 -0.448819 
vn 0.976378 0.212598 -0.0708661 
vn -0.622047 0.606299 -0.496063 
vn 0.110236 -0.425197 0.897638 
vn -0.212598 0.102362 -0.968504 
vn 0.88189 -0.204724 -0.433071 
vn 0.874016 0.102362 -0.480315 
vn 0.543307 0.0393701 -0.834646 
vn 0.88189 0.141732 -0.440945 
vn -0.188976 -0.976378 0.110236 
vn 0.385827 0.834646 -0.385827 
vn 0.354331 -0.102362 -0.929134 
vn 0.448819 -0.629921 -0.629921 
vn 0.496063 0.566929 -0.653543 
vn 0.944882 0.0629921 -0.314961 
vn 0.472441 0.606299 -0.637795 
vn 0.897638 -0.401575 -0.188976 
vn 0.519685 -0.811024 -0.275591 
vn 0.267717 -0.614173 -0.740157 
vn -0.19685 -0.984252 -0.023622 
vn -0.204724 -0.811024 -0.543307 
vn 0.173228 -0.834646 -0.519685 
vn 0.0314961 -0.984252 -0.173228 
vn 0.637795 -0.771654 -0.015748 
vn -0.976378 0.11811 -0.188976 
vn -0.976378 0.11811 -0.188976 
vn 0.409449 0.84252 -0.346457 
vn -0.661417 0.748031 0.0629921 
vn -0.661417 0.748031 0.0629921 
vn 0.102362 0.393701 -0.913386 
vn 0.992126 0.0551181 -0.11811 
vn 0.929134 -0.362205 0.023622 
vn 0.110236 -0.425197 0.897638 
vn -0.188976 -0.322835 -0.929134 
vn -0.755906 -0.653543 0.00787402 
vn -0.952756 -0.0708661 -0.291339 
vn 0.818898 0.511811 -0.267717 
vn 0.267717 -0.96063 0.0708661 
vn -0.519685 -0.330709 0.787402 
vn -0.952756 -0.0708661 -0.291339 
vn -0.755906 -0.653543 0.00787402 
vn -0.732283 0.133858 0.669291 
vn -0.511811 -0.527559 -0.685039 
vn 0.84252 -0.23622 -0.480315 
vn -0.653543 0.110236 -0.748031 
vn 0.511811 0.0393701 -0.858268 
vn -0.511811 -0.527559 -0.685039 
vn 0.732283 -0.456693 0.503937 
vn -0.598425 -0.748031 0.283465 
vn 0.645669 -0.677165 -0.346457 
vn -0.622047 0.606299 -0.496063 
vn -0.125984 -0.834646 -0.535433 
vn 0.519685 -0.724409 -0.448819 
vn 0.826772 0.377953 -0.425197 
vn 0.133858 -0.889764 0.440945 
vn 0.976378 -0.204724 0.0629921 
vn -0.409449 0.677165 -0.614173 
vn 0.488189 0.440945 -0.748031 
vn 0.913386 -0.338583 -0.228346 
vn 0.976378 0.0393701 -0.212598 
vn 0.889764 0.204724 -0.409449 
vn 0.732283 0.574803 -0.370079 
vn 0.149606 -0.866142 0.480315 
vn -0.897638 -0.110236 0.433071 
vn -0.96063 0.141732 0.228346 
vn -0.433071 -0.811024 0.385827 
vn -0.433071 -0.811024 0.385827 
vn -0.362205 0.905512 -0.204724 
vn 0.448819 0.0708661 0.889764 
vn -0.0787402 0.929134 -0.362205 
vn -0.645669 -0.566929 0.511811 
vn -0.92126 -0.330709 -0.212598 
vn -0.488189 -0.818898 0.299213 
vn 0.448819 0.0708661 0.889764 
vn -0.92126 -0.330709 -0.212598 
vn 0.133858 -0.755906 -0.637795 
vn -0.488189 -0.818898 0.299213 
vn -0.0787402 0.929134 -0.362205 
vn 0.149606 -0.866142 0.480315 
vn -0.362205 0.905512 -0.204724 
vn 0.858268 -0.511811 0.015748 
vn -0.204724 0.88189 -0.433071 
vn 0.543307 -0.23622 -0.80315 
vn -0.740157 -0.181102 -0.653543 
vn -0.0866142 -0.905512 0.409449 
vn 0.787402 -0.307087 -0.527559 
vn 0.551181 -0.834646 0.023622 
vn -0.645669 -0.566929 0.511811 
vn 0.141732 -0.220472 -0.96063 
vn -0.76378 0.448819 -0.464567 
vn 0.944882 -0.220472 -0.244094 
vn 0.779528 -0.622047 -0.0629921 
vn 0.165354 0.952756 0.244094 
vn -0.76378 0.448819 -0.464567 
vn 0.834646 -0.015748 -0.551181 
vn 0.393701 0.464567 -0.795276 
vn 0.15748 0.330709 -0.929134 
vn 0.212598 -0.976378 0.023622 
vn -0.354331 0.929134 -0.0866142 
vn 0.622047 -0.149606 -0.771654 
vn 0.771654 -0.622047 -0.149606 
vn -0.692913 0.188976 -0.700787 
vn -0.015748 0.740157 -0.677165 
vn 0.661417 0.259843 -0.700787 
vn 0.866142 -0.102362 -0.488189 
vn 0.858268 0.299213 -0.417323 
vn 0.440945 -0.787402 -0.425197 
vn 0.795276 0.425197 -0.425197 
vn 0.133858 -0.889764 0.440945 
vn 0.165354 0.952756 0.244094 
vn 0.511811 -0.488189 0.700787 
vn -0.976378 0.015748 0.19685 
vn -0.692913 0.188976 -0.700787 
vn 0.511811 -0.488189 0.700787 
vn -0.0393701 1 0.0314961 
vn -0.732283 0.661417 0.141732 
vn -0.015748 0.740157 -0.677165 
vn 0.125984 -0.574803 0.811024 
vn -0.874016 0.204724 0.440945 
vn 0.724409 -0.645669 -0.259843 
vn 0.125984 -0.574803 0.811024 
vn 0.968504 0.0787402 -0.220472 
vn -0.456693 -0.80315 0.377953 
vn 0.992126 -0.0708661 -0.0708661 
vn -0.645669 -0.748031 -0.173228 
vn -0.267717 -0.251969 -0.929134 
vn 0.393701 -0.755906 -0.519685 
vn -0.629921 0.0708661 -0.771654 
vn -0.905512 0.0787402 0.417323 
vn -0.826772 0.551181 -0.149606 
vn 0.015748 -0.984252 -0.173228 
vn -0.779528 -0.622047 -0.023622 
vn -0.952756 -0.212598 -0.204724 
vn -0.779528 -0.622047 -0.023622 
vn 0.015748 -0.984252 -0.173228 
vn 0.0629921 -0.23622 0.968504 
vn 0.0551181 0.23622 -0.968504 
vn -0.346457 0.385827 -0.858268 
vn 0.787402 -0.0629921 -0.606299 
vn 0.417323 0.897638 -0.165354 
vn 0.393701 -0.755906 -0.519685 
vn 0.787402 -0.0629921 -0.606299 
vn 0.937008 0.0866142 0.330709 
vn 0.566929 -0.354331 0.748031 
vn -0.88189 0 -0.472441 
vn -0.629921 0.724409 -0.283465 
vn 0.653543 -0.755906 0.0629921 
vn 0.653543 -0.755906 0.0629921 
vn -0.433071 -0.874016 0.204724 
vn -0.984252 0.0551181 0.149606 
vn -0.874016 0.338583 0.362205 
vn -0.653543 -0.259843 0.716535 
vn 0.165354 0.0393701 -0.984252 
vn 0.291339 -0.937008 -0.181102 
vn -0.409449 -0.732283 -0.543307 
vn -0.354331 0.543307 0.76378 
vn -0.629921 0.724409 -0.283465 
vn -0.826772 0.551181 -0.149606 
vn 0.80315 0.551181 -0.23622 
vn -0.905512 0.0787402 0.417323 
vn 0.944882 -0.212598 -0.259843 
vn 0.346457 -0.897638 0.275591 
vn 0.669291 -0.496063 0.551181 
vn 0.11811 -0.370079 0.92126 
vn 0.606299 0.0708661 0.787402 
vn -0.897638 0.370079 -0.228346 
vn 0.354331 0.299213 0.889764 
vn 0.503937 0.19685 0.84252 
vn -0.0472441 -0.944882 0.314961 
vn 0.503937 -0.346457 0.795276 
vn -0.417323 -0.80315 0.417323 
vn 0.80315 0.551181 -0.23622 
vn -0.354331 0.874016 0.338583 
vn -0.393701 0.503937 -0.76378 
vn -0.606299 0.377953 -0.700787 
vn -0.409449 -0.732283 -0.543307 
vn -0.755906 -0.480315 -0.448819 
vn 0.417323 0.897638 -0.165354 
vn -0.251969 -0.96063 -0.0787402 
vn -0.338583 -0.622047 -0.708661 
vn -0.244094 -0.661417 0.708661 
vn -0.19685 -0.984252 -0.023622 
vn -0.204724 -0.692913 0.692913 
vn 0.889764 -0.11811 -0.440945 
vn -0.165354 -0.968504 -0.181102 
vn 0.212598 -0.976378 0.023622 
vn -0.976378 0.19685 -0.0787402 
vn 0.354331 -0.212598 0.913386 
vn -0.874016 0.338583 0.362205 
vn -0.653543 -0.259843 0.716535 
vn 0.496063 0.700787 0.511811 
vn 0.165354 0.0393701 -0.984252 
vn -0.897638 0.0472441 0.440945 
vn 0.307087 0.874016 0.370079 
vn 0.716535 0.669291 0.19685 
vn 0.456693 0.677165 0.574803 
vn 0.889764 0.393701 -0.220472 
vn -0.976378 0.181102 0.102362 
vn -0.251969 0.740157 0.622047 
vn -0.755906 -0.480315 -0.448819 
vn -0.228346 -0.307087 0.92126 
vn -0.976378 0.181102 0.102362 
vn -0.251969 0.740157 0.622047 
vn 0.96063 0.188976 -0.204724 
vn -0.251969 -0.771654 0.582677 
vn -0.259843 -0.448819 0.858268 
vn 0.456693 0.677165 0.574803 
vn 0.173228 -0.771654 0.606299 
vn 0.259843 -0.511811 0.818898 
vn -0.251969 -0.141732 0.96063 
vn -0.11811 0.944882 -0.307087 
vn 0.708661 -0.669291 0.228346 
vn -0.433071 -0.874016 0.204724 
vn -0.11811 0.944882 -0.307087 
vn -0.291339 -0.606299 0.740157 
vn -0.740157 -0.181102 -0.653543 
vn 0.629921 0.771654 0.0866142 
vn -0.204724 0.88189 -0.433071 
vn 0.929134 0.338583 0.15748 
vn 0.307087 0.874016 0.370079 
vn 0.992126 0.0551181 0.0787402 
vn 0.787402 0.015748 0.614173 
vn 0.952756 -0.228346 0.220472 
vn -0.291339 -0.606299 0.740157 
vn -0.204724 0.291339 0.937008 
vn 0.80315 0.370079 -0.464567 
vn 0.897638 -0.417323 -0.15748 
vn -0.204724 0.291339 0.937008 
vn 0.866142 -0.354331 0.346457 
vn 0.716535 0.669291 0.19685 
vn 0.385827 -0.834646 0.393701 
vn 0.80315 0.370079 -0.464567 
vn 0.141732 -0.629921 -0.76378 
vn 0.181102 -0.905512 -0.393701 
vn 0.692913 -0.700787 -0.149606 
vn 0.629921 0.771654 0.0866142 
vn 0.566929 -0.685039 0.456693 
vn -0.283465 -0.291339 0.913386 
vn 0.0629921 0.448819 0.889764 
vn 0.511811 0.811024 0.267717 
vn -0.590551 -0.755906 0.299213 
vn -0.456693 -0.80315 0.377953 
vn -0.897638 0.102362 0.425197 
vn -0.11811 0.228346 -0.968504 
vn 0.141732 -0.629921 -0.76378 
vn -0.338583 -0.622047 -0.708661 
vn 0.0393701 0.76378 0.637795 
vn 0.748031 -0.669291 0.015748 
vn -0.590551 -0.755906 0.299213 
vn 0.944882 0.133858 0.299213 
vn 0.511811 0.811024 0.267717 
vn 0.88189 0.417323 0.23622 
vn 0.724409 -0.685039 0.0866142 
vn -0.0866142 -0.637795 0.771654 
vn 0.771654 0.0393701 0.637795 
vn -0.283465 -0.291339 0.913386 
vn 0.0629921 0.448819 0.889764 
vn 0.614173 -0.535433 0.582677 
vn -0.283465 0.0472441 0.96063 
vn 0.220472 -0.519685 0.826772 
vn 0.220472 -0.519685 0.826772 
vn 0.669291 -0.299213 -0.685039 
vn 0.944882 -0.330709 0.0472441 
vn 0.0393701 0.76378 0.637795 
vn -0.283465 0.0472441 0.96063 
vn 0.598425 -0.181102 0.779528 
vn 0.944882 -0.00787402 0.330709 
vn -0.267717 0.110236 -0.96063 
vn 0.984252 -0.15748 -0.015748 
vn -0.267717 0.527559 -0.80315 
vn -0.204724 0.401575 -0.889764 
vn 0.992126 0.110236 -0.0551181 
vn 0.984252 0.0866142 -0.173228 
vn -0.228346 0.291339 -0.929134 
vn -0.23622 -0.362205 -0.897638 
vn 0.244094 -0.393701 -0.889764 
vn 0.464567 0.685039 -0.559055 
vn 0.204724 0.102362 -0.976378 
vn 0.228346 0.488189 -0.84252 
vn 0.984252 -0.15748 -0.015748 
vn -0.889764 -0.125984 -0.440945 
vn -0.96063 0.188976 -0.204724 
vn 0.992126 0.110236 -0.0551181 
vn 0.716535 -0.259843 -0.645669 
vn -0.889764 0.440945 -0.110236 
vn -0.543307 -0.551181 -0.629921 
vn -0.15748 -0.0866142 0.984252 
vn 0.897638 -0.448819 0 
vn 0.748031 0 -0.669291 
vn 1 0 0 
vn -0.330709 0.944882 0.0708661 
vn 0.984252 0.0866142 -0.173228 
vn 1 -0.0393701 -0.0393701 
vn -0.212598 0.76378 -0.606299 
vn 1 -0.0393701 -0.0393701 
vn -0.188976 0.968504 -0.165354 
vn -0.188976 0.968504 -0.165354 
vn 0.708661 0.322835 -0.629921 
vn 0.244094 0.314961 -0.92126 
vn -0.0944882 0.102362 -0.992126 
vn 0.653543 -0.188976 -0.732283 
vn -0.0787402 -0.385827 -0.92126 
vn -0.76378 -0.19685 -0.614173 
vn -0.80315 0.0629921 -0.598425 
vn 0.181102 0.787402 -0.590551 
vn 0.133858 0.976378 -0.188976 
vn -0.307087 0.590551 0.748031 
vn 0.685039 0.0787402 -0.724409 
vn 0.661417 0.377953 -0.645669 
vn -0.771654 0.362205 -0.527559 
vn -0.889764 -0.448819 -0.00787402 
vn -1 -0.00787402 0.0708661 
vn 0 -0.984252 -0.165354 
vn -1 -0.00787402 0.0708661 
vn -0.889764 -0.448819 -0.00787402 
vn -0.669291 -0.338583 0.661417 
vn 0 -0.984252 -0.165354 
vn 0.834646 0.551181 0 
vn -0.858268 0.496063 0.149606 
vn -0.858268 0.496063 0.149606 
vn -0.645669 0.220472 0.732283 
vn 0 0.984252 0.19685 
vn -0.0787402 0.661417 -0.748031 
vn 0.889764 -0.433071 -0.141732 
vn 0.0866142 -0.590551 0.80315 
vn 0.779528 -0.322835 0.535433 
vn -0.228346 0.385827 -0.897638 
vn -0.582677 -0.204724 -0.787402 
vn -0.133858 0.874016 -0.472441 
vn 0.858268 0.511811 0.015748 
vn 0.566929 -0.385827 -0.732283 
vn -0.354331 0.929134 -0.0866142 
vn 0.535433 0.0866142 -0.84252 
vn 0.212598 0.598425 -0.779528 
vn 0.433071 0.645669 -0.629921 
vn 0.874016 -0.314961 -0.370079 
vn 0.732283 -0.629921 -0.244094 
vn -0.0393701 1 0.0314961 
vn 0.968504 -0.244094 0.0393701 
vn 1 0 0 
vn 0.84252 0.0708661 -0.535433 
vn 0.84252 0.314961 -0.433071 
vn 0.976378 0.212598 -0.023622 
vn 0.669291 -0.299213 -0.685039 
vn 0.84252 0.0708661 -0.535433 
vn 0.614173 -0.188976 0.771654 
vn 0.188976 -0.291339 -0.937008 
vn -0.346457 -0.889764 -0.307087 
vn -0.23622 -0.23622 -0.944882 
vn 0.283465 0.96063 0.023622 
vn 0.834646 0.433071 -0.338583 
vn 0.685039 -0.283465 -0.677165 
vn 0.267717 -0.92126 -0.291339 
vn 0.748031 0.0314961 0.661417 
vn 0.740157 0.0866142 0.669291 
vn 0.472441 -0.582677 0.661417 
vn 0.724409 -0.685039 0.0866142 
vn 0.968504 -0.244094 0.0393701 
vn 0.84252 0.0708661 -0.535433 
vn 0.976378 0.212598 -0.023622 
vn 1 0 0 
vn 0.448819 0.606299 -0.653543 
vn -0.23622 -0.23622 -0.944882 
vn 0.511811 0.685039 -0.519685 
vn 0.133858 0.976378 -0.188976 
vn 1 0.00787402 -0.0708661 
vn 0.346457 0.354331 -0.874016 
vn 0.188976 -0.291339 -0.937008 
vn 0.724409 0.496063 -0.480315 
vn 0.88189 0.472441 -0.0708661 
vn 0.88189 0.472441 -0.0708661 
vn 0.724409 0.141732 -0.669291 
vn 0.566929 0.811024 -0.133858 
vn 0 0.661417 0.748031 
vn 0.566929 0.811024 -0.133858 
vn 0.425197 0.724409 0.543307 
vn 0.685039 -0.283465 -0.677165 
vn 0.889764 -0.433071 -0.141732 
vn -0.669291 -0.685039 -0.283465 
vn -0.582677 -0.204724 -0.787402 
vn 1 0.00787402 -0.0708661 
vn 0.80315 -0.0629921 0.598425 
vn 0.858268 0.511811 0.015748 
vn 0.755906 0.228346 0.614173 
vn 0 0.984252 0.19685 
vn 0.259843 0.88189 -0.393701 
vn 0.897638 -0.314961 -0.307087 
vn 0.590551 0.299213 0.748031 
vn 0.905512 0.259843 -0.330709 
vn 0.590551 0.700787 -0.393701 
vn -0.874016 -0.251969 -0.417323 
vn 0.283465 -0.188976 -0.937008 
vn -0.409449 -0.811024 -0.417323 
vn 0.874016 -0.251969 -0.417323 
vn -0.669291 0.393701 0.629921 
vn 0.716535 -0.259843 0.645669 
vn -0.724409 0.677165 0.125984 
vn -0.944882 0.11811 -0.307087 
vn -0.724409 0.677165 0.125984 
vn -0.795276 0.543307 -0.267717 
vn 0.149606 0.220472 -0.96063 
vn 0.897638 -0.448819 0 
vn 1 0 0 
vn 0.92126 0.23622 -0.299213 
vn 0.433071 -0.866142 -0.251969 
vn -0.330709 0.944882 0.0708661 
vn 0.834646 -0.511811 -0.19685 
vn -0.637795 -0.574803 0.519685 
vn 0.748031 0 0.669291 
vn -0.275591 -0.669291 0.692913 
vn 0.80315 0.551181 -0.23622 
vn 0.433071 -0.866142 -0.251969 
vn 0.275591 -0.748031 0.598425 
vn -0.259843 0.401575 0.88189 
vn 0.944882 0.11811 -0.307087 
vn 0.244094 -0.299213 0.92126 
vn 0.220472 0.0866142 0.968504 
vn 0.826772 -0.488189 0.283465 
vn 0.212598 -0.188976 0.96063 
vn 0.110236 0.417323 0.905512 
vn -0.582677 0.173228 -0.795276 
vn -0.984252 -0.102362 -0.125984 
vn -0.929134 0.362205 -0.00787402 
vn -0.929134 0.362205 -0.00787402 
vn -0.984252 -0.102362 -0.125984 
vn -0.779528 0.251969 0.574803 
vn -0.811024 -0.204724 0.543307 
vn 0.889764 0.173228 0.417323 
vn 0.787402 0.472441 0.393701 
vn -0.858268 -0.23622 -0.448819 
vn -0.685039 -0.0787402 0.724409 
vn -0.858268 -0.23622 -0.448819 
vn 0.0944882 -0.102362 0.992126 
vn 0.708661 0.322835 0.629921 
vn 0.834646 0.551181 0 
vn 0.0787402 0.440945 0.897638 
vn 0.23622 0.929134 0.291339 
vn -0.755906 0.133858 0.637795 
vn -0.976378 -0.204724 -0.015748 
vn 0.102362 0.874016 -0.464567 
vn -0.488189 0.0708661 0.874016 
vn 0.173228 0.622047 0.76378 
vn 0.102362 0.874016 -0.464567 
vn -0.220472 0.724409 0.645669 
vn -0.488189 0.0708661 0.874016 
vn 0.0944882 0.669291 0.732283 
vn 0.92126 0.23622 -0.299213 
vn 0.80315 0.551181 -0.23622 
vn -0.0708661 0.0629921 0.992126 
vn -0.0708661 0.0629921 0.992126 
vn 0.913386 -0.15748 0.370079 
vn 0.952756 -0.141732 -0.259843 
vn 0.409449 -0.212598 -0.889764 
vn -0.307087 -0.874016 -0.370079 
vn -0.417323 -0.362205 -0.834646 
vn 0.566929 -0.740157 -0.362205 
vn -0.84252 -0.503937 -0.188976 
vn -0.307087 -0.874016 -0.370079 
vn 0.566929 -0.740157 -0.362205 
vn 0.322835 -0.913386 0.23622 
vn 0.251969 0.307087 -0.92126 
vn 0.952756 -0.141732 -0.259843 
vn 0.283465 0.96063 0.023622 
vn 0.448819 0.385827 0.811024 
vn 0.80315 0.354331 0.472441 
vn 0.897638 -0.244094 -0.370079 
vn 0.826772 -0.496063 0.259843 
vn 0.834646 0.433071 -0.338583 
vn 0.732283 0.685039 -0.00787402 
vn 0.937008 0.149606 -0.314961 
vn 0.897638 -0.244094 -0.370079 
vn 0.944882 -0.0472441 0.322835 
vn 0.937008 0.149606 -0.314961 
vn -0.173228 -0.929134 0.314961 
vn -0.84252 -0.503937 -0.188976 
vn 0.834646 -0.511811 -0.19685 
vn -0.685039 -0.598425 0.409449 
vn -0.0393701 -0.519685 0.850394 
vn -0.141732 -0.102362 0.984252 
vn 0.527559 -0.527559 0.669291 
vn 0.614173 -0.0551181 0.787402 
vn 0.362205 -0.740157 0.566929 
vn 0.897638 -0.314961 -0.307087 
vn 0.96063 -0.228346 0.141732 
vn -0.503937 0.850394 -0.141732 
vn 0.653543 0.740157 0.165354 
vn 0.377953 0.88189 -0.283465 
vn 0.559055 0.551181 0.622047 
vn 0.732283 0.685039 -0.00787402 
vn 0.834646 0.480315 -0.267717 
vn 0.834646 0.480315 -0.267717 
vn 0.866142 0.377953 0.338583 
vn 0.952756 0.314961 0.015748 
vn 0.96063 -0.228346 0.141732 
vn 0.858268 0.338583 0.385827 
vn -0.181102 0.503937 0.84252 
vn -0.503937 0.850394 -0.141732 
vn 0.448819 -0.015748 0.889764 
vn 0.519685 0.527559 0.677165 
vn 0.448819 -0.015748 0.889764 
vn 0.377953 0.88189 -0.283465 
vn 0.84252 -0.0708661 0.535433 
vn 0.84252 -0.0708661 0.535433 

vt 0.41886 0.991852 
vt 0.418821 0.991858 
vt 0.418869 0.991799 
vt 0.418975 0.991826 
vt 0.41878 0.991825 
vt 0.418719 0.988583 
vt 0.418683 0.988427 
vt 0.418723 0.988417 
vt 0.41884 0.992012 
vt 0.418958 0.992034 
vt 0.418642 0.988476 
vt 0.418685 0.988624 
vt 0.418573 0.988599 
vt 0.415736 0.997307 
vt 0.41562 0.997117 
vt 0.415815 0.997227 
vt 0.418773 0.988578 
vt 0.418773 0.992011 
vt 0.419216 0.990855 
vt 0.419151 0.990956 
vt 0.419133 0.990815 
vt 0.418674 0.988293 
vt 0.418628 0.988326 
vt 0.418978 0.991745 
vt 0.41886 0.991732 
vt 0.418699 0.988281 
vt 0.41902 0.991805 
vt 0.415654 0.997291 
vt 0.415673 0.99624 
vt 0.415622 0.996276 
vt 0.415605 0.996222 
vt 0.415645 0.997061 
vt 0.415616 0.99617 
vt 0.415809 0.997115 
vt 0.418721 0.99202 
vt 0.418619 0.988725 
vt 0.418998 0.992038 
vt 0.415854 0.997236 
vt 0.410761 0.988715 
vt 0.410736 0.98875 
vt 0.410734 0.988685 
vt 0.41169 0.995198 
vt 0.411634 0.995204 
vt 0.411641 0.995161 
vt 0.411585 0.995172 
vt 0.41575 0.997344 
vt 0.411784 0.995256 
vt 0.411692 0.99514 
vt 0.419412 0.99175 
vt 0.419382 0.991791 
vt 0.419341 0.991765 
vt 0.418901 0.995714 
vt 0.418754 0.995881 
vt 0.41877 0.995671 
vt 0.418986 0.995728 
vt 0.418904 0.995886 
vt 0.419231 0.990978 
vt 0.418988 0.995895 
vt 0.419311 0.990933 
vt 0.419329 0.991048 
vt 0.417282 0.990467 
vt 0.417424 0.990596 
vt 0.417292 0.9906 
vt 0.417348 0.990684 
vt 0.419226 0.991053 
vt 0.411674 0.995288 
vt 0.415639 0.996344 
vt 0.415512 0.996371 
vt 0.411601 0.995271 
vt 0.411539 0.995263 
vt 0.411629 0.99534 
vt 0.411588 0.995366 
vt 0.415585 0.996495 
vt 0.41551 0.996549 
vt 0.415436 0.996364 
vt 0.410759 0.99185 
vt 0.410745 0.991294 
vt 0.41092 0.991454 
vt 0.41557 0.996228 
vt 0.41687 0.997192 
vt 0.416939 0.997197 
vt 0.416903 0.997253 
vt 0.415617 0.997337 
vt 0.414275 0.996914 
vt 0.414315 0.996834 
vt 0.41434 0.99688 
vt 0.41425 0.99706 
vt 0.414313 0.997039 
vt 0.414292 0.997097 
vt 0.414382 0.997023 
vt 0.415397 0.996331 
vt 0.416969 0.996513 
vt 0.41701 0.996465 
vt 0.417053 0.996537 
vt 0.415644 0.996483 
vt 0.415693 0.996392 
vt 0.415693 0.996337 
vt 0.411778 0.995344 
vt 0.411795 0.995173 
vt 0.415713 0.996478 
vt 0.415648 0.996655 
vt 0.416765 0.996512 
vt 0.416833 0.996408 
vt 0.41689 0.99643 
vt 0.419285 0.991601 
vt 0.419469 0.991581 
vt 0.419355 0.991639 
vt 0.416895 0.996554 
vt 0.416714 0.996636 
vt 0.417393 0.99044 
vt 0.419375 0.991687 
vt 0.416937 0.996425 
vt 0.419286 0.991696 
vt 0.418536 0.988373 
vt 0.418638 0.988261 
vt 0.41858 0.988231 
vt 0.410949 0.994583 
vt 0.411047 0.994695 
vt 0.410948 0.994682 
vt 0.418647 0.988226 
vt 0.410947 0.99472 
vt 0.419439 0.993276 
vt 0.41928 0.993141 
vt 0.419447 0.993161 
vt 0.419457 0.993119 
vt 0.419489 0.993269 
vt 0.419495 0.993151 
vt 0.410791 0.994708 
vt 0.41079 0.99458 
vt 0.410725 0.994716 
vt 0.410946 0.994543 
vt 0.410947 0.994487 
vt 0.410753 0.994533 
vt 0.419456 0.993053 
vt 0.410754 0.994771 
vt 0.419203 0.993273 
vt 0.41928 0.993141 
vt 0.419231 0.9931 
vt 0.410994 0.994758 
vt 0.419231 0.9931 
vt 0.411036 0.994545 
vt 0.418928 0.995641 
vt 0.418808 0.995586 
vt 0.41912 0.990694 
vt 0.41916 0.990642 
vt 0.419191 0.990705 
vt 0.419571 0.993274 
vt 0.415641 0.997008 
vt 0.419283 0.990738 
vt 0.419566 0.99313 
vt 0.41922 0.990631 
vt 0.410995 0.9945 
vt 0.419521 0.993079 
vt 0.415586 0.99708 
vt 0.417168 0.99067 
vt 0.41718 0.990743 
vt 0.416815 0.997192 
vt 0.41682 0.997235 
vt 0.416865 0.997067 
vt 0.416811 0.997054 
vt 0.416619 0.997061 
vt 0.416825 0.99697 
vt 0.419268 0.993273 
vt 0.419458 0.993365 
vt 0.416603 0.997214 
vt 0.414235 0.996958 
vt 0.414015 0.996981 
vt 0.414245 0.996841 
vt 0.416836 0.997293 
vt 0.41401 0.997108 
vt 0.416547 0.997055 
vt 0.4166 0.997196 
vt 0.416619 0.997061 
vt 0.416537 0.99721 
vt 0.416584 0.997004 
vt 0.419225 0.993328 
vt 0.419268 0.993273 
vt 0.416607 0.997236 
vt 0.41401 0.997108 
vt 0.413951 0.996973 
vt 0.41395 0.997132 
vt 0.414015 0.996981 
vt 0.416564 0.997273 
vt 0.416564 0.997273 
vt 0.413951 0.996973 
vt 0.415593 0.997211 
vt 0.416929 0.997042 
vt 0.416883 0.99698 
vt 0.415556 0.99616 
vt 0.417042 0.9966 
vt 0.416907 0.99676 
vt 0.417175 0.990553 
vt 0.41554 0.997205 
vt 0.416584 0.997004 
vt 0.419225 0.993328 
vt 0.419502 0.991709 
vt 0.418956 0.9923 
vt 0.418846 0.988861 
vt 0.418802 0.992273 
vt 0.418896 0.988841 
vt 0.418909 0.988942 
vt 0.411046 0.98884 
vt 0.41096 0.988897 
vt 0.418806 0.988958 
vt 0.41515 0.988932 
vt 0.415095 0.988938 
vt 0.415121 0.988571 
vt 0.413168 0.996868 
vt 0.41309 0.996848 
vt 0.413157 0.996815 
vt 0.418767 0.99232 
vt 0.418956 0.988843 
vt 0.418967 0.996137 
vt 0.418852 0.996139 
vt 0.418999 0.99232 
vt 0.418722 0.996098 
vt 0.418943 0.988934 
vt 0.415162 0.988607 
vt 0.419256 0.991301 
vt 0.411231 0.99064 
vt 0.411248 0.990677 
vt 0.41117 0.990767 
vt 0.412996 0.996915 
vt 0.418797 0.992392 
vt 0.418836 0.992419 
vt 0.413005 0.996842 
vt 0.413061 0.996738 
vt 0.413519 0.988282 
vt 0.413642 0.988396 
vt 0.413543 0.988454 
vt 0.412891 0.996707 
vt 0.413427 0.988403 
vt 0.413349 0.988318 
vt 0.41916 0.991306 
vt 0.419213 0.991338 
vt 0.418944 0.996207 
vt 0.418981 0.988974 
vt 0.418974 0.992427 
vt 0.412903 0.996839 
vt 0.418831 0.992471 
vt 0.418764 0.992422 
vt 0.411009 0.990666 
vt 0.4134 0.988181 
vt 0.413483 0.988651 
vt 0.411879 0.995286 
vt 0.415767 0.996649 
vt 0.415717 0.996637 
vt 0.411871 0.995354 
vt 0.415746 0.996702 
vt 0.411897 0.995237 
vt 0.411885 0.995392 
vt 0.41559 0.99673 
vt 0.415675 0.996727 
vt 0.410966 0.988935 
vt 0.419476 0.991624 
vt 0.415214 0.98889 
vt 0.419586 0.991639 
vt 0.419519 0.991492 
vt 0.41673 0.996316 
vt 0.416708 0.996458 
vt 0.416651 0.996392 
vt 0.419588 0.991541 
vt 0.413662 0.988589 
vt 0.413907 0.988452 
vt 0.411959 0.995321 
vt 0.41378 0.988198 
vt 0.41362 0.988127 
vt 0.415694 0.996791 
vt 0.418305 0.99043 
vt 0.418113 0.990316 
vt 0.418204 0.990312 
vt 0.413778 0.98795 
vt 0.413441 0.988042 
vt 0.413619 0.987917 
vt 0.411037 0.988899 
vt 0.41195 0.995265 
vt 0.419605 0.991587 
vt 0.416616 0.996501 
vt 0.416679 0.996303 
vt 0.418684 0.996176 
vt 0.418837 0.996207 
vt 0.419024 0.99242 
vt 0.418961 0.992532 
vt 0.41914 0.987493 
vt 0.418994 0.987436 
vt 0.418998 0.987352 
vt 0.419092 0.991228 
vt 0.418879 0.996279 
vt 0.418962 0.987433 
vt 0.418944 0.987355 
vt 0.418817 0.99253 
vt 0.419564 0.992706 
vt 0.419568 0.992754 
vt 0.419468 0.992706 
vt 0.418697 0.996297 
vt 0.418735 0.996378 
vt 0.419346 0.992621 
vt 0.419475 0.992548 
vt 0.419436 0.992618 
vt 0.419017 0.992552 
vt 0.419239 0.992539 
vt 0.419343 0.992743 
vt 0.418955 0.992603 
vt 0.419219 0.992592 
vt 0.419091 0.987537 
vt 0.419061 0.987569 
vt 0.418986 0.987517 
vt 0.412913 0.996987 
vt 0.412896 0.996922 
vt 0.41267 0.996919 
vt 0.418947 0.987655 
vt 0.419087 0.987761 
vt 0.419121 0.987804 
vt 0.419079 0.987764 
vt 0.419071 0.987858 
vt 0.419117 0.987819 
vt 0.419054 0.987674 
vt 0.419056 0.987768 
vt 0.419208 0.992803 
vt 0.418897 0.987768 
vt 0.418895 0.987646 
vt 0.419109 0.991333 
vt 0.418828 0.987631 
vt 0.41103 0.990557 
vt 0.413911 0.98886 
vt 0.414082 0.989136 
vt 0.413933 0.989342 
vt 0.413211 0.98863 
vt 0.411041 0.990817 
vt 0.413216 0.988253 
vt 0.419339 0.992857 
vt 0.410782 0.990628 
vt 0.412611 0.996955 
vt 0.418866 0.987853 
vt 0.418897 0.987768 
vt 0.412917 0.988337 
vt 0.412922 0.988348 
vt 0.413098 0.988204 
vt 0.412817 0.988164 
vt 0.413098 0.988204 
vt 0.410725 0.990699 
vt 0.419203 0.99288 
vt 0.413102 0.988116 
vt 0.412641 0.996863 
vt 0.410746 0.990764 
vt 0.413251 0.988134 
vt 0.413102 0.988116 
vt 0.412564 0.996805 
vt 0.413266 0.988014 
vt 0.413293 0.987865 
vt 0.418825 0.98778 
vt 0.418825 0.98778 
vt 0.412539 0.996878 
vt 0.413102 0.987998 
vt 0.412798 0.98797 
vt 0.413153 0.987847 
vt 0.413102 0.987998 
vt 0.414376 0.997093 
vt 0.411033 0.991254 
vt 0.410923 0.991258 
vt 0.411171 0.991458 
vt 0.411052 0.991436 
vt 0.410977 0.991017 
vt 0.415468 0.996602 
vt 0.41539 0.99642 
vt 0.411172 0.990996 
vt 0.411187 0.991278 
vt 0.411358 0.991468 
vt 0.411309 0.991224 
vt 0.411061 0.991606 
vt 0.414299 0.997166 
vt 0.416845 0.996739 
vt 0.410954 0.991788 
vt 0.411174 0.991616 
vt 0.411076 0.991769 
vt 0.411345 0.991582 
vt 0.411334 0.991794 
vt 0.410825 0.991097 
vt 0.414154 0.989438 
vt 0.414173 0.989664 
vt 0.414049 0.989519 
vt 0.414124 0.989331 
vt 0.41425 0.989477 
vt 0.414065 0.988157 
vt 0.417974 0.990674 
vt 0.418344 0.990618 
vt 0.414376 0.989519 
vt 0.414342 0.989739 
vt 0.41454 0.989701 
vt 0.418325 0.990826 
vt 0.41445 0.989144 
vt 0.417964 0.990359 
vt 0.415578 0.99678 
vt 0.418141 0.991018 
vt 0.411401 0.991023 
vt 0.411559 0.991309 
vt 0.41141 0.991459 
vt 0.411644 0.991108 
vt 0.414544 0.98948 
vt 0.414742 0.989544 
vt 0.414201 0.992602 
vt 0.414196 0.992435 
vt 0.4143 0.992579 
vt 0.411741 0.991207 
vt 0.411792 0.991365 
vt 0.41162 0.991527 
vt 0.414726 0.989345 
vt 0.414815 0.989409 
vt 0.414896 0.989259 
vt 0.411429 0.991602 
vt 0.411406 0.991587 
vt 0.411386 0.991796 
vt 0.414048 0.99246 
vt 0.4116 0.991817 
vt 0.411804 0.991835 
vt 0.414088 0.992642 
vt 0.413958 0.992504 
vt 0.419343 0.995283 
vt 0.419448 0.995403 
vt 0.419365 0.99541 
vt 0.414349 0.99247 
vt 0.416254 0.989795 
vt 0.416167 0.989671 
vt 0.41641 0.989593 
vt 0.41613 0.989521 
vt 0.414484 0.992574 
vt 0.41467 0.989394 
vt 0.414735 0.989223 
vt 0.414359 0.992674 
vt 0.414256 0.992729 
vt 0.414135 0.992782 
vt 0.419373 0.995211 
vt 0.416137 0.98942 
vt 0.416352 0.989387 
vt 0.410914 0.997202 
vt 0.410755 0.997093 
vt 0.410823 0.997069 
vt 0.41472 0.988951 
vt 0.414011 0.992692 
vt 0.41936 0.995539 
vt 0.4194 0.995605 
vt 0.411098 0.997175 
vt 0.411045 0.997122 
vt 0.410725 0.996972 
vt 0.414022 0.997149 
vt 0.413986 0.997193 
vt 0.410967 0.991912 
vt 0.411179 0.991768 
vt 0.411063 0.991913 
vt 0.411179 0.991915 
vt 0.411341 0.991945 
vt 0.414022 0.997149 
vt 0.41101 0.992129 
vt 0.411179 0.991915 
vt 0.411063 0.991913 
vt 0.410967 0.991912 
vt 0.411398 0.992153 
vt 0.411341 0.991945 
vt 0.411389 0.991948 
vt 0.411413 0.991942 
vt 0.41139 0.991949 
vt 0.411461 0.992073 
vt 0.411411 0.991941 
vt 0.417717 0.990409 
vt 0.414094 0.988946 
vt 0.414108 0.988821 
vt 0.417631 0.990489 
vt 0.414224 0.988811 
vt 0.417356 0.992133 
vt 0.417214 0.991898 
vt 0.417412 0.991992 
vt 0.417562 0.992362 
vt 0.417402 0.992378 
vt 0.417253 0.992393 
vt 0.414544 0.988791 
vt 0.417611 0.990611 
vt 0.417638 0.990789 
vt 0.414205 0.988813 
vt 0.414464 0.988536 
vt 0.414115 0.988597 
vt 0.410873 0.992042 
vt 0.410873 0.992042 
vt 0.414006 0.988693 
vt 0.414108 0.988821 
vt 0.414006 0.988693 
vt 0.414544 0.988791 
vt 0.417229 0.992095 
vt 0.411415 0.991804 
vt 0.417395 0.992628 
vt 0.419288 0.995417 
vt 0.419278 0.995262 
vt 0.419216 0.995294 
vt 0.419211 0.995423 
vt 0.414853 0.988836 
vt 0.414698 0.988837 
vt 0.41455 0.988565 
vt 0.414503 0.988488 
vt 0.411602 0.991935 
vt 0.411535 0.992114 
vt 0.411602 0.991935 
vt 0.414732 0.98869 
vt 0.41173 0.99202 
vt 0.41173 0.99202 
vt 0.414732 0.98869 
vt 0.417277 0.992692 
vt 0.414698 0.988837 
vt 0.417293 0.992889 
vt 0.419271 0.995161 
vt 0.413904 0.992875 
vt 0.410813 0.996993 
vt 0.41085 0.996928 
vt 0.417473 0.992756 
vt 0.419299 0.995571 
vt 0.419234 0.99555 
vt 0.419306 0.995673 
vt 0.410796 0.996875 
vt 0.419177 0.995228 
vt 0.419129 0.995431 
vt 0.410981 0.996848 
vt 0.419204 0.995623 
vt 0.414029 0.987813 
vt 0.415878 0.99616 
vt 0.415936 0.996179 
vt 0.415878 0.996278 
vt 0.413731 0.987769 
vt 0.415977 0.996096 
vt 0.41386 0.987598 
vt 0.416046 0.987573 
vt 0.415923 0.98753 
vt 0.416032 0.987483 
vt 0.415978 0.987406 
vt 0.415975 0.996277 
vt 0.415923 0.996373 
vt 0.413717 0.98743 
vt 0.413599 0.987728 
vt 0.415757 0.987514 
vt 0.415747 0.987351 
vt 0.41756 0.989695 
vt 0.417828 0.989753 
vt 0.417804 0.989892 
vt 0.417814 0.98963 
vt 0.416042 0.995911 
vt 0.415621 0.987439 
vt 0.415565 0.987538 
vt 0.415895 0.987619 
vt 0.416674 0.989383 
vt 0.415722 0.987592 
vt 0.411958 0.993747 
vt 0.412069 0.993646 
vt 0.412101 0.993817 
vt 0.413322 0.987716 
vt 0.416207 0.995872 
vt 0.416089 0.996011 
vt 0.416015 0.996154 
vt 0.41345 0.987869 
vt 0.416138 0.996062 
vt 0.411948 0.993573 
vt 0.416056 0.996229 
vt 0.416203 0.996102 
vt 0.411867 0.993626 
vt 0.411799 0.993333 
vt 0.416175 0.995995 
vt 0.412033 0.993425 
vt 0.41213 0.993476 
vt 0.416318 0.995923 
vt 0.416251 0.996025 
vt 0.416689 0.989534 
vt 0.414477 0.992929 
vt 0.414609 0.992925 
vt 0.418258 0.990984 
vt 0.416727 0.989782 
vt 0.4164 0.989838 
vt 0.415905 0.98784 
vt 0.414373 0.993007 
vt 0.414498 0.993039 
vt 0.414414 0.993125 
vt 0.417821 0.990988 
vt 0.415642 0.987851 
vt 0.415561 0.987781 
vt 0.414221 0.993095 
vt 0.414012 0.992836 
vt 0.414591 0.993077 
vt 0.416133 0.996412 
vt 0.416193 0.996496 
vt 0.416897 0.989519 
vt 0.416204 0.996367 
vt 0.416835 0.9897 
vt 0.41642 0.99631 
vt 0.4145 0.993241 
vt 0.41431 0.993371 
vt 0.416325 0.996223 
vt 0.412363 0.99362 
vt 0.416362 0.996162 
vt 0.414248 0.993232 
vt 0.416439 0.996173 
vt 0.41687 0.989265 
vt 0.411949 0.99338 
vt 0.412428 0.995713 
vt 0.412156 0.995446 
vt 0.412292 0.995425 
vt 0.41713 0.989842 
vt 0.417537 0.98986 
vt 0.417291 0.989498 
vt 0.417686 0.989447 
vt 0.413212 0.987357 
vt 0.413185 0.987714 
vt 0.41304 0.987516 
vt 0.416242 0.989141 
vt 0.412486 0.995544 
vt 0.41662 0.98921 
vt 0.41762 0.990205 
vt 0.412541 0.995386 
vt 0.412132 0.995204 
vt 0.412854 0.98769 
vt 0.417192 0.989625 
vt 0.411932 0.992851 
vt 0.411986 0.993039 
vt 0.412081 0.99286 
vt 0.413153 0.987847 
vt 0.412294 0.995277 
vt 0.417699 0.990937 
vt 0.417291 0.990245 
vt 0.412854 0.98769 
vt 0.411986 0.993039 
vt 0.412225 0.993153 
vt 0.412078 0.993083 
vt 0.412416 0.993513 
vt 0.412479 0.993331 
vt 0.411932 0.992851 
vt 0.412078 0.993083 
vt 0.412291 0.992956 
vt 0.412225 0.993153 
vt 0.412479 0.993331 
vt 0.412474 0.993689 
vt 0.410931 0.99711 
vt 0.410947 0.997025 
vt 0.411081 0.997057 
vt 0.411071 0.996982 
vt 0.411169 0.997079 
vt 0.413779 0.992744 
vt 0.410963 0.99694 
vt 0.4127 0.995607 
vt 0.412787 0.995727 
vt 0.411139 0.996958 
vt 0.41295 0.995569 
vt 0.413984 0.993102 
vt 0.412788 0.995496 
vt 0.413745 0.99313 
vt 0.417484 0.990264 
vt 0.412592 0.993561 
vt 0.41671 0.989004 
vt 0.413838 0.993176 
vt 0.414031 0.993372 
vt 0.416538 0.988856 
vt 0.416431 0.988879 
vt 0.41261 0.993325 
vt 0.41261 0.993325 
vt 0.413814 0.993264 
vt 0.413819 0.993081 
vt 0.413904 0.992876 
vt 0.413745 0.99313 
vt 0.413819 0.993081 
vt 0.413817 0.993254 
vt 0.413984 0.993102 
vt 0.413986 0.997193 
vt 0.410791 0.994709 
vt 0.41079 0.99458 
vt 0.410753 0.994533 
vt 0.410934 0.9947 
vt 0.410949 0.994583 
vt 0.410946 0.994543 
vt 0.410947 0.994487 
vt 0.410756 0.994775 
vt 0.419443 0.993254 
vt 0.419203 0.993273 
vt 0.419456 0.993053 
vt 0.410995 0.994757 
vt 0.41097 0.994695 
vt 0.418636 0.988269 
vt 0.418536 0.988373 
vt 0.418625 0.988374 
vt 0.418673 0.988292 
vt 0.419458 0.993118 
vt 0.41858 0.988231 
vt 0.419447 0.993161 
vt 0.419495 0.993151 
vt 0.419493 0.993259 
vt 0.418647 0.988497 
vt 0.411047 0.994695 
vt 0.410995 0.9945 
vt 0.411036 0.994545 
vt 0.418647 0.988226 
vt 0.419191 0.990705 
vt 0.41922 0.990631 
vt 0.41916 0.990642 
vt 0.419283 0.990738 
vt 0.419521 0.993079 
vt 0.415619 0.997116 
vt 0.415641 0.997008 
vt 0.415586 0.99708 
vt 0.41718 0.990743 
vt 0.417292 0.9906 
vt 0.417168 0.99067 
vt 0.419566 0.99313 
vt 0.41912 0.990695 
vt 0.418699 0.988282 
vt 0.419215 0.990844 
vt 0.418928 0.995641 
vt 0.41877 0.995671 
vt 0.418901 0.995714 
vt 0.419132 0.990808 
vt 0.418986 0.995727 
vt 0.415645 0.997061 
vt 0.419571 0.993274 
vt 0.419308 0.990918 
vt 0.415809 0.997115 
vt 0.415593 0.997212 
vt 0.416547 0.997055 
vt 0.416537 0.99721 
vt 0.416815 0.997192 
vt 0.41395 0.997132 
vt 0.414245 0.996841 
vt 0.416836 0.997293 
vt 0.41425 0.99706 
vt 0.416811 0.997055 
vt 0.416817 0.997236 
vt 0.41687 0.997192 
vt 0.419442 0.993294 
vt 0.416865 0.997067 
vt 0.414276 0.996915 
vt 0.414235 0.996958 
vt 0.410759 0.99185 
vt 0.410954 0.991788 
vt 0.410926 0.991598 
vt 0.416825 0.99697 
vt 0.416883 0.99698 
vt 0.41554 0.997204 
vt 0.417175 0.990553 
vt 0.419458 0.993365 
vt 0.415617 0.997337 
vt 0.417282 0.990467 
vt 0.415654 0.997291 
vt 0.416939 0.997197 
vt 0.416929 0.997042 
vt 0.417348 0.990684 
vt 0.41557 0.996228 
vt 0.415616 0.99617 
vt 0.415556 0.99616 
vt 0.416903 0.997253 
vt 0.414315 0.996834 
vt 0.416969 0.996513 
vt 0.417042 0.9966 
vt 0.417053 0.996537 
vt 0.416895 0.996554 
vt 0.418808 0.995586 
vt 0.418682 0.988419 
vt 0.41886 0.991732 
vt 0.418864 0.99183 
vt 0.418978 0.991745 
vt 0.418721 0.988409 
vt 0.41902 0.991805 
vt 0.418975 0.991826 
vt 0.418569 0.988582 
vt 0.415605 0.996222 
vt 0.415621 0.996276 
vt 0.415754 0.997285 
vt 0.415673 0.99624 
vt 0.415816 0.997219 
vt 0.41878 0.991824 
vt 0.418821 0.991859 
vt 0.418719 0.988583 
vt 0.41884 0.992012 
vt 0.418702 0.988661 
vt 0.418773 0.992011 
vt 0.419151 0.990953 
vt 0.419231 0.990978 
vt 0.418904 0.995886 
vt 0.418998 0.992038 
vt 0.418754 0.995881 
vt 0.418988 0.995895 
vt 0.417424 0.990597 
vt 0.419329 0.991048 
vt 0.419436 0.991739 
vt 0.419341 0.991765 
vt 0.419382 0.991791 
vt 0.415855 0.997236 
vt 0.411585 0.995172 
vt 0.411635 0.995204 
vt 0.411641 0.995161 
vt 0.418619 0.988725 
vt 0.41877 0.988576 
vt 0.418721 0.99202 
vt 0.418958 0.992034 
vt 0.410736 0.98875 
vt 0.410761 0.988717 
vt 0.410734 0.988685 
vt 0.41169 0.995198 
vt 0.411674 0.995288 
vt 0.411784 0.995259 
vt 0.411719 0.995149 
vt 0.411601 0.995271 
vt 0.415397 0.996332 
vt 0.414382 0.997023 
vt 0.41434 0.99688 
vt 0.41575 0.997344 
vt 0.416907 0.99676 
vt 0.414316 0.997055 
vt 0.414265 0.99711 
vt 0.415436 0.996364 
vt 0.410745 0.991294 
vt 0.416845 0.996739 
vt 0.415512 0.996371 
vt 0.415638 0.996345 
vt 0.411539 0.995263 
vt 0.411588 0.995366 
vt 0.411628 0.99534 
vt 0.415585 0.996495 
vt 0.414376 0.997093 
vt 0.410918 0.991407 
vt 0.41551 0.996549 
vt 0.41701 0.996465 
vt 0.417393 0.99044 
vt 0.415693 0.996337 
vt 0.419375 0.991687 
vt 0.419286 0.991696 
vt 0.416937 0.996425 
vt 0.416714 0.996636 
vt 0.419386 0.991623 
vt 0.419285 0.991601 
vt 0.41689 0.99643 
vt 0.416765 0.996512 
vt 0.415644 0.996483 
vt 0.415693 0.996392 
vt 0.411777 0.995349 
vt 0.415713 0.996478 
vt 0.415648 0.996655 
vt 0.419227 0.992541 
vt 0.419402 0.99262 
vt 0.41947 0.992547 
vt 0.418837 0.996207 
vt 0.418735 0.996378 
vt 0.418879 0.996279 
vt 0.418684 0.996176 
vt 0.418697 0.996297 
vt 0.419219 0.992592 
vt 0.419017 0.992552 
vt 0.419024 0.99242 
vt 0.418961 0.992532 
vt 0.419468 0.992706 
vt 0.419343 0.992743 
vt 0.419564 0.992706 
vt 0.419496 0.992791 
vt 0.41914 0.9875 
vt 0.418998 0.987352 
vt 0.418992 0.987438 
vt 0.418974 0.992427 
vt 0.418852 0.996139 
vt 0.418943 0.996209 
vt 0.418722 0.996098 
vt 0.418977 0.99231 
vt 0.419092 0.991228 
vt 0.419226 0.991053 
vt 0.419159 0.991325 
vt 0.419108 0.991334 
vt 0.413167 0.996869 
vt 0.412993 0.996915 
vt 0.412936 0.996985 
vt 0.418831 0.992471 
vt 0.418765 0.992425 
vt 0.418817 0.99253 
vt 0.418959 0.987367 
vt 0.418955 0.992603 
vt 0.419071 0.987858 
vt 0.419101 0.987548 
vt 0.419069 0.987531 
vt 0.419054 0.987674 
vt 0.418986 0.987517 
vt 0.419208 0.992803 
vt 0.418911 0.987649 
vt 0.418836 0.992419 
vt 0.412896 0.996922 
vt 0.412903 0.996839 
vt 0.41267 0.996919 
vt 0.419583 0.992746 
vt 0.419203 0.99288 
vt 0.411009 0.990666 
vt 0.411124 0.990648 
vt 0.411046 0.990559 
vt 0.410782 0.990628 
vt 0.418895 0.987439 
vt 0.413257 0.988273 
vt 0.413211 0.98863 
vt 0.414094 0.988946 
vt 0.413911 0.98886 
vt 0.414082 0.989136 
vt 0.412817 0.988164 
vt 0.413427 0.988403 
vt 0.413933 0.989342 
vt 0.419172 0.991267 
vt 0.418938 0.988942 
vt 0.418935 0.989001 
vt 0.418982 0.988975 
vt 0.418796 0.992392 
vt 0.41123 0.99064 
vt 0.419476 0.991624 
vt 0.419246 0.991315 
vt 0.41117 0.990767 
vt 0.411041 0.990817 
vt 0.418866 0.987853 
vt 0.410725 0.990699 
vt 0.410746 0.990764 
vt 0.412611 0.996955 
vt 0.412641 0.996863 
vt 0.412539 0.996878 
vt 0.412564 0.996805 
vt 0.412798 0.98797 
vt 0.413251 0.988134 
vt 0.413266 0.988014 
vt 0.412891 0.996707 
vt 0.4134 0.988181 
vt 0.413441 0.988042 
vt 0.413293 0.987865 
vt 0.418967 0.996137 
vt 0.418896 0.988841 
vt 0.418956 0.988843 
vt 0.418767 0.99232 
vt 0.411043 0.98884 
vt 0.415121 0.988571 
vt 0.415214 0.98889 
vt 0.415162 0.988607 
vt 0.418802 0.992273 
vt 0.418822 0.988971 
vt 0.418846 0.988861 
vt 0.418894 0.988924 
vt 0.410993 0.988874 
vt 0.415095 0.988938 
vt 0.41515 0.988932 
vt 0.413157 0.996815 
vt 0.41309 0.996848 
vt 0.411037 0.988899 
vt 0.413005 0.996842 
vt 0.413061 0.996738 
vt 0.413519 0.988282 
vt 0.411248 0.990677 
vt 0.413626 0.988601 
vt 0.413543 0.988454 
vt 0.413642 0.988396 
vt 0.41096 0.988919 
vt 0.411876 0.995271 
vt 0.4196 0.991599 
vt 0.419588 0.991541 
vt 0.419522 0.991493 
vt 0.41673 0.996316 
vt 0.416833 0.996408 
vt 0.416708 0.996458 
vt 0.417974 0.990674 
vt 0.418186 0.990313 
vt 0.417964 0.990359 
vt 0.416616 0.9965 
vt 0.415717 0.996637 
vt 0.415767 0.996649 
vt 0.411871 0.995355 
vt 0.411888 0.995392 
vt 0.41559 0.99673 
vt 0.414049 0.989519 
vt 0.414124 0.989331 
vt 0.415675 0.996727 
vt 0.41194 0.995256 
vt 0.411959 0.995321 
vt 0.41362 0.988127 
vt 0.416651 0.996392 
vt 0.416679 0.996303 
vt 0.415744 0.9967 
vt 0.413907 0.988452 
vt 0.41378 0.988198 
vt 0.415578 0.99678 
vt 0.415694 0.996791 
vt 0.413619 0.987917 
vt 0.413778 0.98795 
vt 0.411179 0.991768 
vt 0.41101 0.992129 
vt 0.411334 0.991794 
vt 0.411386 0.991796 
vt 0.411396 0.992153 
vt 0.411432 0.992089 
vt 0.411415 0.991804 
vt 0.411076 0.991769 
vt 0.411061 0.991606 
vt 0.414299 0.997166 
vt 0.411174 0.991616 
vt 0.411405 0.991585 
vt 0.414115 0.988597 
vt 0.417631 0.990489 
vt 0.417611 0.990611 
vt 0.414462 0.988536 
vt 0.417111 0.992159 
vt 0.417638 0.990789 
vt 0.417724 0.990408 
vt 0.41445 0.989144 
vt 0.417033 0.992031 
vt 0.417104 0.992408 
vt 0.416944 0.992425 
vt 0.417824 0.990989 
vt 0.414496 0.988489 
vt 0.411535 0.992114 
vt 0.4116 0.991817 
vt 0.41455 0.988565 
vt 0.411804 0.991835 
vt 0.414853 0.988836 
vt 0.41715 0.992653 
vt 0.41143 0.991594 
vt 0.419288 0.995417 
vt 0.419343 0.995283 
vt 0.419278 0.995262 
vt 0.419216 0.995294 
vt 0.419211 0.995423 
vt 0.41162 0.991524 
vt 0.414896 0.989258 
vt 0.41472 0.988951 
vt 0.419365 0.99541 
vt 0.41936 0.995539 
vt 0.419234 0.99555 
vt 0.419177 0.995228 
vt 0.419129 0.995431 
vt 0.419271 0.995161 
vt 0.410981 0.996848 
vt 0.410796 0.996875 
vt 0.41085 0.996928 
vt 0.410725 0.996972 
vt 0.417094 0.992794 
vt 0.419204 0.995623 
vt 0.411139 0.996958 
vt 0.411071 0.996982 
vt 0.419306 0.995673 
vt 0.419299 0.995571 
vt 0.419373 0.995211 
vt 0.410813 0.996993 
vt 0.410823 0.997069 
vt 0.414054 0.992663 
vt 0.413956 0.992506 
vt 0.414012 0.992836 
vt 0.4194 0.995605 
vt 0.411052 0.991436 
vt 0.41539 0.99642 
vt 0.411171 0.991458 
vt 0.411345 0.991581 
vt 0.411358 0.991468 
vt 0.411033 0.991254 
vt 0.410923 0.991258 
vt 0.415468 0.996602 
vt 0.410977 0.991017 
vt 0.411172 0.990996 
vt 0.411187 0.991278 
vt 0.411308 0.991224 
vt 0.411401 0.991023 
vt 0.418305 0.99043 
vt 0.418344 0.990618 
vt 0.41425 0.989477 
vt 0.416167 0.989671 
vt 0.416376 0.989486 
vt 0.41613 0.989521 
vt 0.418139 0.991018 
vt 0.418325 0.990826 
vt 0.416254 0.989795 
vt 0.41641 0.989593 
vt 0.414376 0.989519 
vt 0.414544 0.98948 
vt 0.414154 0.989438 
vt 0.410825 0.991097 
vt 0.414173 0.989664 
vt 0.414065 0.988157 
vt 0.41454 0.989701 
vt 0.414342 0.989739 
vt 0.411412 0.991465 
vt 0.414048 0.99246 
vt 0.411594 0.991343 
vt 0.411792 0.991367 
vt 0.419448 0.995403 
vt 0.414201 0.992602 
vt 0.414196 0.992435 
vt 0.411513 0.991262 
vt 0.411644 0.991108 
vt 0.414742 0.989544 
vt 0.4143 0.992579 
vt 0.411741 0.991207 
vt 0.414734 0.989248 
vt 0.414815 0.989409 
vt 0.414726 0.989345 
vt 0.414349 0.99247 
vt 0.410755 0.997093 
vt 0.416353 0.989388 
vt 0.416138 0.989417 
vt 0.410914 0.997202 
vt 0.410931 0.99711 
vt 0.411098 0.997175 
vt 0.411045 0.997122 
vt 0.411169 0.997079 
vt 0.414135 0.992782 
vt 0.414484 0.992574 
vt 0.41467 0.989394 
vt 0.414359 0.992674 
vt 0.414256 0.992729 
vt 0.417192 0.989625 
vt 0.41756 0.989695 
vt 0.417291 0.989498 
vt 0.412081 0.99286 
vt 0.413185 0.987714 
vt 0.412382 0.995166 
vt 0.417699 0.990937 
vt 0.41713 0.989842 
vt 0.41304 0.987516 
vt 0.417291 0.990245 
vt 0.417537 0.98986 
vt 0.412295 0.995046 
vt 0.412655 0.99506 
vt 0.417804 0.989892 
vt 0.417686 0.989447 
vt 0.413217 0.987357 
vt 0.417814 0.98963 
vt 0.41662 0.98921 
vt 0.412596 0.995229 
vt 0.416674 0.989383 
vt 0.41762 0.990205 
vt 0.411799 0.993333 
vt 0.411949 0.99338 
vt 0.413304 0.987717 
vt 0.412291 0.992956 
vt 0.412033 0.993425 
vt 0.41213 0.993476 
vt 0.411926 0.993547 
vt 0.41345 0.987869 
vt 0.413448 0.987702 
vt 0.415722 0.987592 
vt 0.415565 0.987538 
vt 0.415561 0.987781 
vt 0.416439 0.996173 
vt 0.416318 0.995923 
vt 0.416362 0.996162 
vt 0.416251 0.996025 
vt 0.412069 0.993646 
vt 0.412363 0.99362 
vt 0.416242 0.989141 
vt 0.410963 0.99694 
vt 0.413779 0.992744 
vt 0.410947 0.997025 
vt 0.41279 0.995348 
vt 0.412926 0.995327 
vt 0.411081 0.997057 
vt 0.414221 0.993095 
vt 0.416538 0.988856 
vt 0.416431 0.988879 
vt 0.417484 0.990264 
vt 0.41671 0.989004 
vt 0.412416 0.993513 
vt 0.412592 0.993561 
vt 0.413974 0.993225 
vt 0.414031 0.993372 
vt 0.414248 0.993232 
vt 0.412101 0.993817 
vt 0.412474 0.993689 
vt 0.41687 0.989265 
vt 0.41431 0.993371 
vt 0.41197 0.993599 
vt 0.417828 0.989753 
vt 0.415923 0.98753 
vt 0.415756 0.987347 
vt 0.415757 0.987514 
vt 0.415987 0.987414 
vt 0.415621 0.987439 
vt 0.416033 0.995916 
vt 0.415886 0.996167 
vt 0.415977 0.996096 
vt 0.415895 0.987619 
vt 0.411958 0.993747 
vt 0.413714 0.987429 
vt 0.413599 0.987728 
vt 0.413731 0.987769 
vt 0.415878 0.996278 
vt 0.41594 0.996193 
vt 0.414029 0.987813 
vt 0.41386 0.987598 
vt 0.416046 0.987573 
vt 0.416032 0.987483 
vt 0.415975 0.996277 
vt 0.415923 0.996373 
vt 0.416088 0.996013 
vt 0.416207 0.995872 
vt 0.411867 0.993626 
vt 0.416175 0.995995 
vt 0.416138 0.996062 
vt 0.416203 0.996102 
vt 0.416015 0.996154 
vt 0.416056 0.996229 
vt 0.416689 0.989534 
vt 0.4164 0.989838 
vt 0.416727 0.989782 
vt 0.415642 0.987851 
vt 0.414373 0.993007 
vt 0.415864 0.987873 
vt 0.414414 0.993125 
vt 0.418258 0.990984 
vt 0.41595 0.987804 
vt 0.416138 0.996506 
vt 0.416133 0.996412 
vt 0.414477 0.992929 
vt 0.414609 0.992925 
vt 0.414498 0.993039 
vt 0.416325 0.996223 
vt 0.41642 0.99631 
vt 0.416897 0.989519 
vt 0.416204 0.996367 
vt 0.4145 0.993241 
vt 0.416244 0.996487 
vt 0.414591 0.993077 
vt 0.416835 0.9897 

usemtl Player1Mtl

f 1723/1723/1723 1724/1724/1724 1725/1725/1725 
f 1725/1725/1725 1724/1724/1724 1743/1743/1743 
f 1743/1743/1743 1748/1748/1748 1725/1725/1725 
f 1723/1723/1723 1735/1735/1735 1724/1724/1724 
f 1725/1725/1725 1748/1748/1748 1751/1751/1751 
f 1751/1751/1751 1723/1723/1723 1725/1725/1725 
f 1748/1748/1748 1890/1890/1890 1751/1751/1751 
f 1890/1890/1890 1748/1748/1748 1891/1891/1891 
f 1723/1723/1723 1751/1751/1751 1752/1752/1752 
f 1896/1896/1896 1751/1751/1751 1890/1890/1890 
f 1751/1751/1751 1896/1896/1896 1752/1752/1752 
f 1891/1891/1891 1897/1897/1897 1890/1890/1890 
f 1897/1897/1897 1896/1896/1896 1890/1890/1890 
f 1891/1891/1891 1904/1904/1904 1897/1897/1897 
f 1911/1911/1911 1897/1897/1897 1904/1904/1904 
f 1753/1753/1753 1723/1723/1723 1752/1752/1752 
f 1752/1752/1752 1896/1896/1896 1753/1753/1753 
f 1897/1897/1897 1911/1911/1911 1898/1898/1898 
f 1896/1896/1896 1897/1897/1897 1898/1898/1898 
f 1912/1912/1912 1898/1898/1898 1911/1911/1911 
f 1902/1902/1902 1896/1896/1896 1898/1898/1898 
f 1753/1753/1753 1896/1896/1896 1902/1902/1902 
f 1898/1898/1898 1912/1912/1912 1916/1916/1916 
f 1898/1898/1898 1916/1916/1916 1902/1902/1902 
f 1975/1975/1975 1916/1916/1916 1912/1912/1912 
f 1916/1916/1916 1975/1975/1975 1974/1974/1974 
f 1980/1980/1980 1974/1974/1974 1975/1975/1975 
f 1970/1970/1970 1974/1974/1974 1980/1980/1980 
f 1968/1968/1968 1916/1916/1916 1974/1974/1974 
f 1916/1916/1916 1968/1968/1968 1902/1902/1902 
f 1970/1970/1970 1981/1981/1981 1974/1974/1974 
f 1968/1968/1968 1974/1974/1974 1981/1981/1981 
f 1970/1970/1970 1831/1831/1831 1981/1981/1981 
f 1831/1831/1831 1968/1968/1968 1981/1981/1981 
f 1831/1831/1831 1970/1970/1970 1962/1962/1962 
f 1831/1831/1831 1962/1962/1962 1739/1739/1739 
f 1903/1903/1903 1902/1902/1902 1968/1968/1968 
f 1903/1903/1903 1968/1968/1968 1831/1831/1831 
f 1753/1753/1753 1902/1902/1902 1903/1903/1903 
f 1903/1903/1903 1831/1831/1831 1761/1761/1761 
f 1761/1761/1761 1753/1753/1753 1903/1903/1903 
f 1831/1831/1831 1739/1739/1739 1761/1761/1761 
f 1738/1738/1738 1753/1753/1753 1761/1761/1761 
f 1761/1761/1761 1739/1739/1739 1738/1738/1738 
f 1723/1723/1723 1753/1753/1753 1738/1738/1738 
f 1738/1738/1738 1739/1739/1739 1735/1735/1735 
f 1738/1738/1738 1735/1735/1735 1723/1723/1723 
f 2458/2458/2458 2459/2459/2459 2460/2460/2460 
f 2460/2460/2460 2531/2531/2531 2458/2458/2458 
f 2459/2459/2459 2461/2461/2461 2460/2460/2460 
f 2530/2530/2530 2531/2531/2531 2460/2460/2460 
f 2459/2459/2459 2511/2511/2511 2461/2461/2461 
f 2513/2513/2513 2460/2460/2460 2461/2461/2461 
f 2513/2513/2513 2530/2530/2530 2460/2460/2460 
f 2513/2513/2513 2461/2461/2461 2511/2511/2511 
f 2511/2511/2511 2459/2459/2459 2509/2509/2509 
f 2513/2513/2513 2533/2533/2533 2530/2530/2530 
f 2530/2530/2530 2533/2533/2533 2531/2531/2531 
f 2535/2535/2535 2531/2531/2531 2533/2533/2533 
f 2509/2509/2509 2508/2508/2508 2511/2511/2511 
f 2492/2492/2492 2508/2508/2508 2509/2509/2509 
f 2512/2512/2512 2513/2513/2513 2511/2511/2511 
f 2508/2508/2508 2512/2512/2512 2511/2511/2511 
f 2513/2513/2513 2515/2515/2515 2533/2533/2533 
f 2515/2515/2515 2513/2513/2513 2512/2512/2512 
f 2535/2535/2535 2533/2533/2533 2526/2526/2526 
f 2533/2533/2533 2515/2515/2515 2526/2526/2526 
f 2525/2525/2525 2535/2535/2535 2526/2526/2526 
f 2507/2507/2507 2525/2525/2525 2526/2526/2526 
f 2526/2526/2526 2506/2506/2506 2507/2507/2507 
f 2506/2506/2506 2526/2526/2526 2515/2515/2515 
f 2507/2507/2507 2506/2506/2506 2500/2500/2500 
f 2515/2515/2515 2512/2512/2512 2514/2514/2514 
f 2506/2506/2506 2515/2515/2515 2514/2514/2514 
f 2508/2508/2508 2514/2514/2514 2512/2512/2512 
f 2506/2506/2506 2501/2501/2501 2500/2500/2500 
f 2501/2501/2501 2506/2506/2506 2514/2514/2514 
f 2493/2493/2493 2500/2500/2500 2501/2501/2501 
f 2514/2514/2514 2508/2508/2508 2494/2494/2494 
f 2494/2494/2494 2501/2501/2501 2514/2514/2514 
f 2501/2501/2501 2494/2494/2494 2493/2493/2493 
f 2492/2492/2492 2494/2494/2494 2508/2508/2508 
f 2492/2492/2492 2493/2493/2493 2494/2494/2494 
f 1982/1982/1982 1983/1983/1983 1984/1984/1984 
f 1983/1983/1983 1985/1985/1985 1984/1984/1984 
f 1983/1983/1983 1982/1982/1982 2466/2466/2466 
f 1982/1982/1982 2362/2362/2362 2466/2466/2466 
f 1984/1984/1984 1985/1985/1985 1986/1986/1986 
f 1986/1986/1986 1982/1982/1982 1984/1984/1984 
f 1986/1986/1986 1985/1985/1985 2478/2478/2478 
f 1985/1985/1985 2479/2479/2479 2478/2478/2478 
f 1982/1982/1982 1986/1986/1986 2363/2363/2363 
f 1982/1982/1982 2361/2361/2361 2362/2362/2362 
f 1982/1982/1982 2363/2363/2363 2361/2361/2361 
f 2361/2361/2361 2397/2397/2397 2362/2362/2362 
f 2471/2471/2471 2363/2363/2363 1986/1986/1986 
f 2471/2471/2471 1986/1986/1986 2478/2478/2478 
f 2480/2480/2480 2478/2478/2478 2479/2479/2479 
f 2471/2471/2471 2478/2478/2478 2480/2480/2480 
f 2479/2479/2479 2484/2484/2484 2480/2480/2480 
f 2401/2401/2401 2397/2397/2397 2361/2361/2361 
f 2361/2361/2361 2363/2363/2363 2420/2420/2420 
f 2363/2363/2363 2471/2471/2471 2420/2420/2420 
f 2401/2401/2401 2361/2361/2361 2420/2420/2420 
f 2484/2484/2484 2522/2522/2522 2480/2480/2480 
f 2522/2522/2522 2471/2471/2471 2480/2480/2480 
f 2484/2484/2484 2534/2534/2534 2522/2522/2522 
f 2520/2520/2520 2420/2420/2420 2471/2471/2471 
f 2471/2471/2471 2522/2522/2522 2520/2520/2520 
f 2534/2534/2534 2529/2529/2529 2522/2522/2522 
f 2520/2520/2520 2522/2522/2522 2529/2529/2529 
f 2534/2534/2534 2536/2536/2536 2529/2529/2529 
f 2536/2536/2536 2528/2528/2528 2529/2529/2529 
f 2420/2420/2420 2520/2520/2520 2424/2424/2424 
f 2420/2420/2420 2424/2424/2424 2401/2401/2401 
f 2528/2528/2528 2527/2527/2527 2529/2529/2529 
f 2520/2520/2520 2529/2529/2529 2527/2527/2527 
f 2421/2421/2421 2527/2527/2527 2528/2528/2528 
f 2520/2520/2520 2423/2423/2423 2424/2424/2424 
f 2423/2423/2423 2520/2520/2520 2527/2527/2527 
f 2423/2423/2423 2401/2401/2401 2424/2424/2424 
f 2423/2423/2423 2527/2527/2527 2421/2421/2421 
f 2421/2421/2421 2406/2406/2406 2423/2423/2423 
f 2401/2401/2401 2423/2423/2423 2406/2406/2406 
f 2406/2406/2406 2421/2421/2421 2411/2411/2411 
f 2402/2402/2402 2406/2406/2406 2411/2411/2411 
f 2402/2402/2402 2401/2401/2401 2406/2406/2406 
f 2397/2397/2397 2401/2401/2401 2402/2402/2402 
f 1844/1844/1844 1845/1845/1845 1846/1846/1846 
f 1844/1844/1844 1848/1848/1848 1845/1845/1845 
f 1844/1844/1844 1864/1864/1864 1848/1848/1848 
f 1854/1854/1854 1846/1846/1846 1845/1845/1845 
f 1846/1846/1846 1854/1854/1854 1855/1855/1855 
f 1848/1848/1848 1876/1876/1876 1845/1845/1845 
f 1845/1845/1845 1876/1876/1876 1854/1854/1854 
f 1848/1848/1848 1864/1864/1864 1875/1875/1875 
f 1875/1875/1875 1876/1876/1876 1848/1848/1848 
f 1864/1864/1864 1874/1874/1874 1875/1875/1875 
f 1855/1855/1855 1854/1854/1854 1905/1905/1905 
f 1906/1906/1906 1855/1855/1855 1905/1905/1905 
f 1854/1854/1854 1876/1876/1876 1880/1880/1880 
f 1905/1905/1905 1854/1854/1854 1880/1880/1880 
f 1906/1906/1906 1905/1905/1905 1908/1908/1908 
f 1905/1905/1905 1880/1880/1880 1908/1908/1908 
f 1910/1910/1910 1906/1906/1906 1908/1908/1908 
f 1878/1878/1878 1880/1880/1880 1876/1876/1876 
f 1876/1876/1876 1875/1875/1875 1878/1878/1878 
f 1881/1881/1881 1908/1908/1908 1880/1880/1880 
f 1880/1880/1880 1878/1878/1878 1881/1881/1881 
f 1910/1910/1910 1908/1908/1908 1913/1913/1913 
f 1908/1908/1908 1881/1881/1881 1913/1913/1913 
f 1910/1910/1910 1913/1913/1913 1915/1915/1915 
f 1881/1881/1881 1915/1915/1915 1913/1913/1913 
f 1910/1910/1910 1915/1915/1915 1917/1917/1917 
f 1887/1887/1887 1917/1917/1917 1915/1915/1915 
f 1888/1888/1888 1915/1915/1915 1881/1881/1881 
f 1887/1887/1887 1915/1915/1915 1888/1888/1888 
f 1881/1881/1881 1878/1878/1878 1884/1884/1884 
f 1884/1884/1884 1888/1888/1888 1881/1881/1881 
f 1884/1884/1884 1887/1887/1887 1888/1888/1888 
f 1878/1878/1878 1875/1875/1875 1884/1884/1884 
f 1887/1887/1887 1884/1884/1884 1874/1874/1874 
f 1874/1874/1874 1884/1884/1884 1875/1875/1875 
f 1364/1364/1364 1365/1365/1365 1366/1366/1366 
f 1370/1370/1370 1364/1364/1364 1366/1366/1366 
f 1370/1370/1370 1421/1421/1421 1364/1364/1364 
f 1366/1366/1366 1365/1365/1365 1367/1367/1367 
f 1369/1369/1369 1364/1364/1364 1421/1421/1421 
f 1365/1365/1365 1364/1364/1364 1369/1369/1369 
f 1421/1421/1421 1572/1572/1572 1369/1369/1369 
f 1365/1365/1365 1391/1391/1391 1367/1367/1367 
f 1391/1391/1391 1392/1392/1392 1367/1367/1367 
f 1391/1391/1391 1394/1394/1394 1392/1392/1392 
f 1365/1365/1365 1388/1388/1388 1391/1391/1391 
f 1365/1365/1365 1369/1369/1369 1388/1388/1388 
f 1391/1391/1391 1393/1393/1393 1394/1394/1394 
f 1388/1388/1388 1393/1393/1393 1391/1391/1391 
f 1420/1420/1420 1394/1394/1394 1393/1393/1393 
f 1388/1388/1388 1420/1420/1420 1393/1393/1393 
f 1369/1369/1369 1420/1420/1420 1388/1388/1388 
f 1394/1394/1394 1420/1420/1420 1573/1573/1573 
f 1573/1573/1573 1420/1420/1420 1570/1570/1570 
f 1570/1570/1570 1587/1587/1587 1573/1573/1573 
f 1369/1369/1369 1567/1567/1567 1420/1420/1420 
f 1567/1567/1567 1570/1570/1570 1420/1420/1420 
f 1587/1587/1587 1570/1570/1570 1567/1567/1567 
f 1369/1369/1369 1572/1572/1572 1567/1567/1567 
f 1567/1567/1567 1598/1598/1598 1587/1587/1587 
f 1572/1572/1572 1598/1598/1598 1567/1567/1567 
f 1870/1870/1870 1871/1871/1871 1872/1872/1872 
f 1871/1871/1871 1870/1870/1870 1879/1879/1879 
f 1882/1882/1882 1879/1879/1879 1870/1870/1870 
f 1872/1872/1872 1871/1871/1871 1914/1914/1914 
f 1956/1956/1956 1872/1872/1872 1914/1914/1914 
f 1883/1883/1883 1879/1879/1879 1882/1882/1882 
f 1879/1879/1879 1886/1886/1886 1871/1871/1871 
f 1871/1871/1871 1886/1886/1886 1914/1914/1914 
f 1949/1949/1949 1956/1956/1956 1914/1914/1914 
f 1886/1886/1886 1949/1949/1949 1914/1914/1914 
f 1949/1949/1949 1972/1972/1972 1956/1956/1956 
f 1950/1950/1950 1972/1972/1972 1949/1949/1949 
f 1886/1886/1886 1950/1950/1950 1949/1949/1949 
f 1972/1972/1972 1950/1950/1950 1979/1979/1979 
f 2449/2449/2449 1979/1979/1979 1950/1950/1950 
f 1950/1950/1950 1886/1886/1886 1947/1947/1947 
f 2449/2449/2449 1950/1950/1950 1947/1947/1947 
f 1885/1885/1885 1947/1947/1947 1886/1886/1886 
f 1885/1885/1885 1886/1886/1886 1879/1879/1879 
f 2449/2449/2449 1947/1947/1947 1948/1948/1948 
f 1885/1885/1885 1948/1948/1948 1947/1947/1947 
f 2428/2428/2428 2449/2449/2449 1948/1948/1948 
f 1885/1885/1885 1879/1879/1879 1919/1919/1919 
f 1919/1919/1919 1948/1948/1948 1885/1885/1885 
f 1883/1883/1883 1919/1919/1919 1879/1879/1879 
f 2428/2428/2428 1948/1948/1948 1946/1946/1946 
f 1919/1919/1919 1946/1946/1946 1948/1948/1948 
f 1883/1883/1883 1946/1946/1946 1919/1919/1919 
f 1951/1951/1951 2428/2428/2428 1946/1946/1946 
f 1883/1883/1883 1951/1951/1951 1946/1946/1946 
f 1938/1938/1938 1939/1939/1939 1940/1940/1940 
f 2446/2446/2446 1939/1939/1939 1938/1938/1938 
f 1952/1952/1952 1940/1940/1940 1939/1939/1939 
f 1940/1940/1940 1952/1952/1952 1953/1953/1953 
f 2446/2446/2446 2447/2447/2447 1939/1939/1939 
f 2447/2447/2447 1952/1952/1952 1939/1939/1939 
f 2446/2446/2446 2452/2452/2452 2447/2447/2447 
f 2446/2446/2446 2510/2510/2510 2452/2452/2452 
f 2450/2450/2450 1952/1952/1952 2447/2447/2447 
f 2450/2450/2450 2447/2447/2447 2452/2452/2452 
f 1953/1953/1953 1952/1952/1952 1954/1954/1954 
f 2450/2450/2450 1954/1954/1954 1952/1952/1952 
f 2510/2510/2510 2485/2485/2485 2452/2452/2452 
f 2485/2485/2485 2450/2450/2450 2452/2452/2452 
f 2496/2496/2496 2485/2485/2485 2510/2510/2510 
f 1954/1954/1954 2450/2450/2450 2451/2451/2451 
f 2485/2485/2485 2451/2451/2451 2450/2450/2450 
f 1954/1954/1954 1955/1955/1955 1953/1953/1953 
f 2451/2451/2451 1955/1955/1955 1954/1954/1954 
f 1978/1978/1978 1953/1953/1953 1955/1955/1955 
f 1955/1955/1955 2477/2477/2477 1978/1978/1978 
f 2462/2462/2462 2485/2485/2485 2496/2496/2496 
f 2451/2451/2451 2485/2485/2485 2462/2462/2462 
f 2481/2481/2481 2462/2462/2462 2496/2496/2496 
f 2477/2477/2477 1955/1955/1955 2476/2476/2476 
f 1955/1955/1955 2451/2451/2451 2476/2476/2476 
f 2477/2477/2477 2476/2476/2476 2482/2482/2482 
f 2462/2462/2462 2463/2463/2463 2451/2451/2451 
f 2463/2463/2463 2462/2462/2462 2481/2481/2481 
f 2463/2463/2463 2476/2476/2476 2451/2451/2451 
f 2481/2481/2481 2482/2482/2482 2463/2463/2463 
f 2482/2482/2482 2476/2476/2476 2463/2463/2463 
f 2116/2116/2116 2117/2117/2117 2118/2118/2118 
f 2118/2118/2118 2117/2117/2117 2249/2249/2249 
f 2116/2116/2116 2270/2270/2270 2117/2117/2117 
f 2257/2257/2257 2249/2249/2249 2117/2117/2117 
f 2117/2117/2117 2270/2270/2270 2257/2257/2257 
f 2249/2249/2249 2257/2257/2257 2262/2262/2262 
f 2257/2257/2257 2270/2270/2270 2262/2262/2262 
f 1361/1361/1361 1362/1362/1362 1363/1363/1363 
f 1363/1363/1363 1524/1524/1524 1361/1361/1361 
f 1361/1361/1361 1525/1525/1525 1362/1362/1362 
f 1361/1361/1361 1524/1524/1524 1525/1525/1525 
f 1576/1576/1576 1362/1362/1362 1525/1525/1525 
f 1524/1524/1524 1597/1597/1597 1525/1525/1525 
f 1525/1525/1525 1597/1597/1597 1576/1576/1576 
f 2109/2109/2109 2110/2110/2110 2111/2111/2111 
f 2110/2110/2110 2119/2119/2119 2111/2111/2111 
f 2111/2111/2111 2119/2119/2119 2122/2122/2122 
f 2110/2110/2110 2109/2109/2109 2123/2123/2123 
f 2123/2123/2123 2109/2109/2109 2136/2136/2136 
f 2136/2136/2136 2137/2137/2137 2123/2123/2123 
f 2119/2119/2119 2121/2121/2121 2122/2122/2122 
f 2110/2110/2110 2121/2121/2121 2119/2119/2119 
f 2271/2271/2271 2122/2122/2122 2121/2121/2121 
f 2290/2290/2290 2122/2122/2122 2271/2271/2271 
f 2271/2271/2271 2291/2291/2291 2290/2290/2290 
f 2291/2291/2291 2271/2271/2271 2284/2284/2284 
f 2284/2284/2284 2285/2285/2285 2291/2291/2291 
f 2271/2271/2271 2156/2156/2156 2284/2284/2284 
f 2285/2285/2285 2284/2284/2284 2156/2156/2156 
f 2156/2156/2156 2271/2271/2271 2121/2121/2121 
f 2156/2156/2156 2137/2137/2137 2285/2285/2285 
f 2120/2120/2120 2121/2121/2121 2110/2110/2110 
f 2121/2121/2121 2120/2120/2120 2156/2156/2156 
f 2123/2123/2123 2120/2120/2120 2110/2110/2110 
f 2137/2137/2137 2156/2156/2156 2138/2138/2138 
f 2138/2138/2138 2123/2123/2123 2137/2137/2137 
f 2156/2156/2156 2120/2120/2120 2138/2138/2138 
f 2138/2138/2138 2120/2120/2120 2123/2123/2123 
f 1351/1351/1351 1352/1352/1352 1353/1353/1353 
f 1351/1351/1351 1353/1353/1353 1355/1355/1355 
f 1401/1401/1401 1355/1355/1355 1353/1353/1353 
f 1352/1352/1352 1401/1401/1401 1353/1353/1353 
f 1355/1355/1355 1401/1401/1401 1511/1511/1511 
f 1401/1401/1401 1413/1413/1413 1511/1511/1511 
f 1389/1389/1389 1352/1352/1352 1351/1351/1351 
f 1419/1419/1419 1389/1389/1389 1351/1351/1351 
f 1390/1390/1390 1401/1401/1401 1352/1352/1352 
f 1389/1389/1389 1390/1390/1390 1352/1352/1352 
f 1389/1389/1389 1419/1419/1419 1418/1418/1418 
f 1401/1401/1401 1390/1390/1390 1397/1397/1397 
f 1413/1413/1413 1401/1401/1401 1397/1397/1397 
f 1397/1397/1397 1687/1687/1687 1413/1413/1413 
f 1397/1397/1397 1396/1396/1396 1687/1687/1687 
f 1390/1390/1390 1396/1396/1396 1397/1397/1397 
f 1686/1686/1686 1687/1687/1687 1396/1396/1396 
f 1390/1390/1390 1389/1389/1389 1395/1395/1395 
f 1396/1396/1396 1390/1390/1390 1395/1395/1395 
f 1417/1417/1417 1389/1389/1389 1418/1418/1418 
f 1389/1389/1389 1417/1417/1417 1395/1395/1395 
f 1417/1417/1417 1418/1418/1418 1422/1422/1422 
f 1395/1395/1395 1423/1423/1423 1396/1396/1396 
f 1417/1417/1417 1423/1423/1423 1395/1395/1395 
f 1396/1396/1396 1574/1574/1574 1686/1686/1686 
f 1574/1574/1574 1396/1396/1396 1423/1423/1423 
f 1715/1715/1715 1686/1686/1686 1574/1574/1574 
f 1590/1590/1590 1715/1715/1715 1574/1574/1574 
f 1569/1569/1569 1417/1417/1417 1422/1422/1422 
f 1423/1423/1423 1417/1417/1417 1569/1569/1569 
f 1422/1422/1422 1568/1568/1568 1569/1569/1569 
f 1568/1568/1568 1571/1571/1571 1569/1569/1569 
f 1569/1569/1569 1575/1575/1575 1423/1423/1423 
f 1423/1423/1423 1575/1575/1575 1574/1574/1574 
f 1575/1575/1575 1569/1569/1569 1571/1571/1571 
f 1590/1590/1590 1574/1574/1574 1575/1575/1575 
f 1571/1571/1571 1590/1590/1590 1575/1575/1575 
f 2068/2068/2068 2069/2069/2069 2070/2070/2070 
f 2124/2124/2124 2068/2068/2068 2070/2070/2070 
f 2069/2069/2069 2068/2068/2068 2086/2086/2086 
f 2089/2089/2089 2069/2069/2069 2086/2086/2086 
f 2068/2068/2068 2124/2124/2124 2131/2131/2131 
f 2131/2131/2131 2124/2124/2124 2366/2366/2366 
f 2087/2087/2087 2086/2086/2086 2068/2068/2068 
f 2087/2087/2087 2089/2089/2089 2086/2086/2086 
f 2134/2134/2134 2068/2068/2068 2131/2131/2131 
f 2068/2068/2068 2134/2134/2134 2087/2087/2087 
f 2142/2142/2142 2131/2131/2131 2366/2366/2366 
f 2131/2131/2131 2142/2142/2142 2134/2134/2134 
f 2366/2366/2366 2372/2372/2372 2142/2142/2142 
f 2135/2135/2135 2089/2089/2089 2087/2087/2087 
f 2087/2087/2087 2134/2134/2134 2135/2135/2135 
f 2145/2145/2145 2089/2089/2089 2135/2135/2135 
f 2145/2145/2145 2135/2135/2135 2155/2155/2155 
f 2286/2286/2286 2142/2142/2142 2372/2372/2372 
f 2372/2372/2372 2298/2298/2298 2286/2286/2286 
f 2298/2298/2298 2299/2299/2299 2286/2286/2286 
f 2135/2135/2135 2154/2154/2154 2155/2155/2155 
f 2155/2155/2155 2154/2154/2154 2157/2157/2157 
f 2139/2139/2139 2135/2135/2135 2134/2134/2134 
f 2134/2134/2134 2142/2142/2142 2139/2139/2139 
f 2135/2135/2135 2139/2139/2139 2154/2154/2154 
f 2142/2142/2142 2158/2158/2158 2139/2139/2139 
f 2139/2139/2139 2158/2158/2158 2154/2154/2154 
f 2142/2142/2142 2286/2286/2286 2158/2158/2158 
f 2154/2154/2154 2282/2282/2282 2157/2157/2157 
f 2154/2154/2154 2158/2158/2158 2282/2282/2282 
f 2283/2283/2283 2157/2157/2157 2282/2282/2282 
f 2295/2295/2295 2283/2283/2283 2282/2282/2282 
f 2289/2289/2289 2282/2282/2282 2158/2158/2158 
f 2282/2282/2282 2289/2289/2289 2295/2295/2295 
f 2286/2286/2286 2289/2289/2289 2158/2158/2158 
f 2295/2295/2295 2289/2289/2289 2299/2299/2299 
f 2289/2289/2289 2286/2286/2286 2299/2299/2299 
f 1336/1336/1336 1337/1337/1337 1338/1338/1338 
f 1338/1338/1338 1368/1368/1368 1336/1336/1336 
f 1360/1360/1360 1368/1368/1368 1338/1338/1338 
f 1356/1356/1356 1360/1360/1360 1338/1338/1338 
f 1350/1350/1350 1336/1336/1336 1368/1368/1368 
f 1350/1350/1350 1337/1337/1337 1336/1336/1336 
f 1368/1368/1368 1405/1405/1405 1350/1350/1350 
f 1338/1338/1338 1354/1354/1354 1356/1356/1356 
f 1338/1338/1338 1337/1337/1337 1354/1354/1354 
f 1356/1356/1356 1354/1354/1354 1470/1470/1470 
f 1337/1337/1337 1470/1470/1470 1354/1354/1354 
f 1470/1470/1470 1337/1337/1337 1476/1476/1476 
f 1350/1350/1350 1405/1405/1405 1508/1508/1508 
f 1337/1337/1337 1350/1350/1350 1508/1508/1508 
f 1508/1508/1508 1476/1476/1476 1337/1337/1337 
f 1405/1405/1405 1515/1515/1515 1508/1508/1508 
f 1476/1476/1476 1508/1508/1508 1515/1515/1515 
f 2020/2020/2020 2021/2021/2021 2022/2022/2022 
f 2021/2021/2021 2020/2020/2020 2035/2035/2035 
f 2038/2038/2038 2021/2021/2021 2035/2035/2035 
f 2035/2035/2035 2090/2090/2090 2038/2038/2038 
f 2090/2090/2090 2035/2035/2035 2020/2020/2020 
f 2090/2090/2090 2108/2108/2108 2038/2038/2038 
f 2090/2090/2090 2088/2088/2088 2108/2108/2108 
f 2020/2020/2020 2088/2088/2088 2090/2090/2090 
f 2088/2088/2088 2127/2127/2127 2108/2108/2108 
f 2022/2022/2022 2039/2039/2039 2020/2020/2020 
f 2039/2039/2039 2022/2022/2022 2059/2059/2059 
f 2062/2062/2062 2039/2039/2039 2059/2059/2059 
f 2064/2064/2064 2020/2020/2020 2039/2039/2039 
f 2064/2064/2064 2039/2039/2039 2062/2062/2062 
f 2020/2020/2020 2064/2064/2064 2088/2088/2088 
f 2064/2064/2064 2062/2062/2062 2127/2127/2127 
f 2088/2088/2088 2064/2064/2064 2127/2127/2127 
f 1493/1493/1493 1494/1494/1494 1495/1495/1495 
f 1494/1494/1494 1493/1493/1493 1496/1496/1496 
f 1493/1493/1493 1495/1495/1495 1497/1497/1497 
f 2057/2057/2057 1497/1497/1497 1495/1495/1495 
f 1494/1494/1494 1496/1496/1496 1500/1500/1500 
f 1500/1500/1500 1496/1496/1496 1505/1505/1505 
f 1505/1505/1505 2045/2045/2045 1500/1500/1500 
f 2042/2042/2042 1494/1494/1494 1500/1500/1500 
f 2042/2042/2042 1495/1495/1495 1494/1494/1494 
f 2048/2048/2048 1500/1500/1500 2045/2045/2045 
f 1500/1500/1500 2048/2048/2048 2042/2042/2042 
f 2045/2045/2045 2071/2071/2071 2048/2048/2048 
f 1495/1495/1495 2047/2047/2047 2057/2057/2057 
f 1495/1495/1495 2042/2042/2042 2047/2047/2047 
f 2058/2058/2058 2057/2057/2057 2047/2047/2047 
f 2071/2071/2071 2049/2049/2049 2048/2048/2048 
f 2048/2048/2048 2049/2049/2049 2042/2042/2042 
f 2049/2049/2049 2071/2071/2071 2065/2065/2065 
f 2042/2042/2042 2051/2051/2051 2047/2047/2047 
f 2051/2051/2051 2042/2042/2042 2049/2049/2049 
f 2051/2051/2051 2058/2058/2058 2047/2047/2047 
f 2051/2051/2051 2049/2049/2049 2065/2065/2065 
f 2058/2058/2058 2051/2051/2051 2066/2066/2066 
f 2051/2051/2051 2065/2065/2065 2066/2066/2066 
f 1402/1402/1402 1403/1403/1403 1404/1404/1404 
f 1404/1404/1404 1480/1480/1480 1402/1402/1402 
f 1491/1491/1491 1480/1480/1480 1404/1404/1404 
f 1481/1481/1481 1403/1403/1403 1402/1402/1402 
f 1403/1403/1403 1481/1481/1481 1509/1509/1509 
f 1510/1510/1510 1509/1509/1509 1481/1481/1481 
f 1479/1479/1479 1481/1481/1481 1402/1402/1402 
f 1479/1479/1479 1402/1402/1402 1480/1480/1480 
f 1482/1482/1482 1510/1510/1510 1481/1481/1481 
f 1481/1481/1481 1479/1479/1479 1482/1482/1482 
f 1484/1484/1484 1510/1510/1510 1482/1482/1482 
f 1487/1487/1487 1480/1480/1480 1491/1491/1491 
f 1479/1479/1479 1480/1480/1480 1487/1487/1487 
f 1491/1491/1491 1506/1506/1506 1487/1487/1487 
f 2041/2041/2041 1487/1487/1487 1506/1506/1506 
f 1487/1487/1487 2041/2041/2041 2040/2040/2040 
f 1482/1482/1482 1483/1483/1483 1484/1484/1484 
f 1479/1479/1479 1483/1483/1483 1482/1482/1482 
f 1479/1479/1479 1487/1487/1487 1483/1483/1483 
f 1483/1483/1483 1487/1487/1487 2040/2040/2040 
f 1483/1483/1483 1516/1516/1516 1484/1484/1484 
f 1483/1483/1483 2040/2040/2040 1516/1516/1516 
f 1398/1398/1398 1399/1399/1399 1400/1400/1400 
f 1400/1400/1400 1399/1399/1399 1682/1682/1682 
f 1700/1700/1700 1682/1682/1682 1399/1399/1399 
f 1685/1685/1685 1682/1682/1682 1700/1700/1700 
f 1685/1685/1685 1681/1681/1681 1682/1682/1682 
f 1681/1681/1681 1400/1400/1400 1682/1682/1682 
f 1688/1688/1688 1681/1681/1681 1685/1685/1685 
f 1400/1400/1400 1681/1681/1681 1684/1684/1684 
f 1681/1681/1681 1688/1688/1688 1689/1689/1689 
f 1681/1681/1681 1683/1683/1683 1684/1684/1684 
f 1683/1683/1683 1681/1681/1681 1689/1689/1689 
f 1689/1689/1689 1688/1688/1688 1691/1691/1691 
f 1691/1691/1691 1688/1688/1688 1717/1717/1717 
f 1684/1684/1684 1692/1692/1692 1400/1400/1400 
f 1683/1683/1683 1692/1692/1692 1684/1684/1684 
f 1692/1692/1692 1695/1695/1695 1400/1400/1400 
f 1398/1398/1398 1400/1400/1400 1695/1695/1695 
f 1691/1691/1691 1717/1717/1717 1718/1718/1718 
f 1718/1718/1718 1717/1717/1717 1720/1720/1720 
f 1720/1720/1720 1726/1726/1726 1718/1718/1718 
f 1718/1718/1718 1726/1726/1726 1727/1727/1727 
f 1398/1398/1398 1695/1695/1695 1769/1769/1769 
f 1769/1769/1769 1803/1803/1803 1398/1398/1398 
f 2303/2303/2303 1803/1803/1803 1769/1769/1769 
f 1769/1769/1769 1695/1695/1695 1771/1771/1771 
f 1771/1771/1771 2303/2303/2303 1769/1769/1769 
f 1697/1697/1697 1771/1771/1771 1695/1695/1695 
f 1692/1692/1692 1697/1697/1697 1695/1695/1695 
f 1772/1772/1772 2303/2303/2303 1771/1771/1771 
f 2303/2303/2303 1772/1772/1772 2306/2306/2306 
f 1770/1770/1770 1771/1771/1771 1697/1697/1697 
f 1771/1771/1771 1770/1770/1770 1772/1772/1772 
f 1696/1696/1696 1697/1697/1697 1692/1692/1692 
f 1770/1770/1770 1697/1697/1697 1696/1696/1696 
f 1683/1683/1683 1696/1696/1696 1692/1692/1692 
f 1699/1699/1699 1772/1772/1772 1770/1770/1770 
f 1696/1696/1696 1699/1699/1699 1770/1770/1770 
f 1773/1773/1773 2306/2306/2306 1772/1772/1772 
f 1699/1699/1699 1773/1773/1773 1772/1772/1772 
f 1781/1781/1781 2306/2306/2306 1773/1773/1773 
f 2306/2306/2306 1781/1781/1781 2307/2307/2307 
f 1773/1773/1773 1699/1699/1699 1734/1734/1734 
f 1773/1773/1773 1734/1734/1734 1781/1781/1781 
f 1699/1699/1699 1696/1696/1696 1698/1698/1698 
f 1698/1698/1698 1696/1696/1696 1683/1683/1683 
f 1781/1781/1781 1782/1782/1782 2307/2307/2307 
f 1781/1781/1781 1734/1734/1734 1782/1782/1782 
f 1782/1782/1782 2327/2327/2327 2307/2307/2307 
f 1699/1699/1699 1733/1733/1733 1734/1734/1734 
f 1733/1733/1733 1699/1699/1699 1698/1698/1698 
f 1698/1698/1698 1683/1683/1683 1690/1690/1690 
f 1733/1733/1733 1698/1698/1698 1690/1690/1690 
f 1689/1689/1689 1690/1690/1690 1683/1683/1683 
f 1690/1690/1690 1689/1689/1689 1691/1691/1691 
f 1719/1719/1719 1690/1690/1690 1691/1691/1691 
f 1733/1733/1733 1690/1690/1690 1719/1719/1719 
f 1718/1718/1718 1719/1719/1719 1691/1691/1691 
f 1732/1732/1732 1733/1733/1733 1719/1719/1719 
f 1719/1719/1719 1718/1718/1718 1732/1732/1732 
f 1732/1732/1732 1734/1734/1734 1733/1733/1733 
f 1728/1728/1728 1732/1732/1732 1718/1718/1718 
f 1728/1728/1728 1718/1718/1718 1727/1727/1727 
f 1737/1737/1737 1728/1728/1728 1727/1727/1727 
f 1732/1732/1732 1728/1728/1728 1736/1736/1736 
f 1728/1728/1728 1737/1737/1737 1736/1736/1736 
f 1732/1732/1732 1810/1810/1810 1734/1734/1734 
f 1810/1810/1810 1732/1732/1732 1736/1736/1736 
f 1782/1782/1782 1734/1734/1734 1810/1810/1810 
f 1736/1736/1736 1737/1737/1737 1820/1820/1820 
f 1820/1820/1820 1810/1810/1810 1736/1736/1736 
f 1810/1810/1810 1820/1820/1820 1782/1782/1782 
f 1737/1737/1737 1825/1825/1825 1820/1820/1820 
f 2327/2327/2327 1782/1782/1782 1820/1820/1820 
f 1820/1820/1820 1825/1825/1825 2327/2327/2327 
f 1775/1775/1775 1776/1776/1776 1777/1777/1777 
f 1776/1776/1776 1775/1775/1775 1779/1779/1779 
f 1775/1775/1775 1777/1777/1777 1778/1778/1778 
f 1778/1778/1778 1804/1804/1804 1775/1775/1775 
f 2054/2054/2054 1804/1804/1804 1778/1778/1778 
f 1777/1777/1777 2055/2055/2055 1778/1778/1778 
f 2055/2055/2055 2054/2054/2054 1778/1778/1778 
f 2302/2302/2302 1777/1777/1777 1776/1776/1776 
f 1777/1777/1777 2309/2309/2309 2055/2055/2055 
f 1777/1777/1777 2302/2302/2302 2309/2309/2309 
f 2054/2054/2054 2055/2055/2055 2056/2056/2056 
f 2056/2056/2056 2132/2132/2132 2054/2054/2054 
f 2309/2309/2309 2310/2310/2310 2055/2055/2055 
f 2056/2056/2056 2055/2055/2055 2310/2310/2310 
f 2302/2302/2302 2312/2312/2312 2309/2309/2309 
f 2312/2312/2312 2310/2310/2310 2309/2309/2309 
f 2304/2304/2304 2302/2302/2302 1776/1776/1776 
f 2304/2304/2304 2312/2312/2312 2302/2302/2302 
f 2367/2367/2367 2310/2310/2310 2312/2312/2312 
f 2365/2365/2365 2056/2056/2056 2310/2310/2310 
f 2310/2310/2310 2367/2367/2367 2365/2365/2365 
f 2365/2365/2365 2141/2141/2141 2056/2056/2056 
f 2132/2132/2132 2056/2056/2056 2141/2141/2141 
f 2141/2141/2141 2365/2365/2365 2370/2370/2370 
f 2367/2367/2367 2370/2370/2370 2365/2365/2365 
f 2132/2132/2132 2141/2141/2141 2371/2371/2371 
f 2371/2371/2371 2141/2141/2141 2370/2370/2370 
f 2371/2371/2371 2391/2391/2391 2132/2132/2132 
f 2373/2373/2373 2391/2391/2391 2371/2371/2371 
f 2370/2370/2370 2373/2373/2373 2371/2371/2371 
f 2370/2370/2370 2374/2374/2374 2373/2373/2373 
f 2370/2370/2370 2367/2367/2367 2375/2375/2375 
f 2370/2370/2370 2375/2375/2375 2374/2374/2374 
f 2312/2312/2312 2368/2368/2368 2367/2367/2367 
f 2312/2312/2312 2304/2304/2304 2368/2368/2368 
f 2369/2369/2369 2375/2375/2375 2367/2367/2367 
f 2367/2367/2367 2368/2368/2368 2369/2369/2369 
f 2376/2376/2376 2374/2374/2374 2375/2375/2375 
f 2375/2375/2375 2369/2369/2369 2376/2376/2376 
f 2374/2374/2374 2376/2376/2376 2377/2377/2377 
f 2369/2369/2369 2368/2368/2368 2313/2313/2313 
f 2304/2304/2304 2313/2313/2313 2368/2368/2368 
f 2376/2376/2376 2369/2369/2369 2396/2396/2396 
f 2369/2369/2369 2313/2313/2313 2396/2396/2396 
f 2403/2403/2403 2377/2377/2377 2376/2376/2376 
f 2403/2403/2403 2376/2376/2376 2396/2396/2396 
f 2377/2377/2377 2403/2403/2403 2404/2404/2404 
f 2403/2403/2403 2407/2407/2407 2404/2404/2404 
f 2407/2407/2407 2403/2403/2403 2398/2398/2398 
f 2396/2396/2396 2398/2398/2398 2403/2403/2403 
f 2398/2398/2398 2399/2399/2399 2407/2407/2407 
f 2313/2313/2313 2333/2333/2333 2396/2396/2396 
f 2398/2398/2398 2396/2396/2396 2333/2333/2333 
f 2339/2339/2339 2399/2399/2399 2398/2398/2398 
f 2339/2339/2339 2398/2398/2398 2333/2333/2333 
f 2339/2339/2339 2330/2330/2330 2399/2399/2399 
f 2305/2305/2305 2333/2333/2333 2313/2313/2313 
f 2313/2313/2313 2304/2304/2304 2305/2305/2305 
f 2333/2333/2333 2328/2328/2328 2339/2339/2339 
f 2328/2328/2328 2330/2330/2330 2339/2339/2339 
f 2308/2308/2308 2328/2328/2328 2333/2333/2333 
f 2333/2333/2333 2305/2305/2305 2308/2308/2308 
f 1822/1822/1822 2330/2330/2330 2328/2328/2328 
f 2308/2308/2308 1822/1822/1822 2328/2328/2328 
f 2330/2330/2330 1822/1822/1822 1824/1824/1824 
f 1824/1824/1824 1822/1822/1822 1821/1821/1821 
f 1822/1822/1822 2308/2308/2308 1785/1785/1785 
f 1785/1785/1785 1821/1821/1821 1822/1822/1822 
f 2308/2308/2308 2305/2305/2305 1785/1785/1785 
f 1785/1785/1785 1784/1784/1784 1821/1821/1821 
f 1783/1783/1783 1784/1784/1784 1785/1785/1785 
f 2305/2305/2305 1783/1783/1783 1785/1785/1785 
f 1783/1783/1783 1779/1779/1779 1784/1784/1784 
f 1783/1783/1783 2305/2305/2305 1780/1780/1780 
f 1779/1779/1779 1783/1783/1783 1780/1780/1780 
f 2304/2304/2304 1780/1780/1780 2305/2305/2305 
f 1779/1779/1779 1780/1780/1780 1776/1776/1776 
f 1780/1780/1780 2304/2304/2304 1776/1776/1776 
f 1406/1406/1406 1407/1407/1407 1408/1408/1408 
f 1490/1490/1490 1407/1407/1407 1406/1406/1406 
f 1406/1406/1406 1408/1408/1408 1412/1412/1412 
f 1406/1406/1406 1489/1489/1489 1490/1490/1490 
f 1507/1507/1507 1490/1490/1490 1489/1489/1489 
f 1489/1489/1489 1406/1406/1406 1488/1488/1488 
f 1489/1489/1489 1492/1492/1492 1507/1507/1507 
f 1492/1492/1492 2043/2043/2043 1507/1507/1507 
f 1409/1409/1409 1489/1489/1489 1488/1488/1488 
f 1409/1409/1409 1492/1492/1492 1489/1489/1489 
f 1406/1406/1406 1409/1409/1409 1488/1488/1488 
f 2043/2043/2043 1492/1492/1492 1767/1767/1767 
f 1492/1492/1492 1409/1409/1409 1767/1767/1767 
f 1767/1767/1767 1768/1768/1768 2043/2043/2043 
f 1693/1693/1693 1768/1768/1768 1767/1767/1767 
f 1767/1767/1767 1411/1411/1411 1693/1693/1693 
f 1411/1411/1411 1767/1767/1767 1409/1409/1409 
f 1693/1693/1693 1411/1411/1411 1680/1680/1680 
f 1409/1409/1409 1406/1406/1406 1410/1410/1410 
f 1409/1409/1409 1410/1410/1410 1411/1411/1411 
f 1410/1410/1410 1680/1680/1680 1411/1411/1411 
f 1406/1406/1406 1412/1412/1412 1410/1410/1410 
f 1680/1680/1680 1410/1410/1410 1412/1412/1412 
f 1501/1501/1501 1502/1502/1502 1503/1503/1503 
f 1502/1502/1502 1501/1501/1501 1504/1504/1504 
f 2044/2044/2044 1502/1502/1502 1504/1504/1504 
f 1501/1501/1501 1503/1503/1503 1774/1774/1774 
f 1774/1774/1774 1503/1503/1503 1987/1987/1987 
f 1987/1987/1987 2311/2311/2311 1774/1774/1774 
f 2046/2046/2046 1501/1501/1501 1774/1774/1774 
f 2046/2046/2046 1504/1504/1504 1501/1501/1501 
f 2130/2130/2130 1774/1774/1774 2311/2311/2311 
f 1774/1774/1774 2130/2130/2130 2046/2046/2046 
f 2129/2129/2129 2130/2130/2130 2311/2311/2311 
f 2129/2129/2129 2046/2046/2046 2130/2130/2130 
f 2140/2140/2140 2129/2129/2129 2311/2311/2311 
f 2129/2129/2129 2140/2140/2140 2125/2125/2125 
f 1504/1504/1504 2046/2046/2046 2053/2053/2053 
f 2052/2052/2052 2046/2046/2046 2129/2129/2129 
f 2052/2052/2052 2129/2129/2129 2125/2125/2125 
f 2046/2046/2046 2052/2052/2052 2053/2053/2053 
f 2053/2053/2053 2052/2052/2052 1504/1504/1504 
f 1504/1504/1504 2052/2052/2052 2044/2044/2044 
f 2052/2052/2052 2125/2125/2125 2126/2126/2126 
f 2052/2052/2052 2072/2072/2072 2044/2044/2044 
f 2052/2052/2052 2126/2126/2126 2072/2072/2072 
f 1458/1458/1458 1459/1459/1459 1460/1460/1460 
f 1998/1998/1998 1460/1460/1460 1459/1459/1459 
f 1459/1459/1459 1458/1458/1458 1499/1499/1499 
f 1458/1458/1458 1498/1498/1498 1499/1499/1499 
f 1498/1498/1498 2061/2061/2061 1499/1499/1499 
f 1459/1459/1459 2005/2005/2005 1998/1998/1998 
f 2005/2005/2005 2019/2019/2019 1998/1998/1998 
f 2050/2050/2050 1499/1499/1499 2061/2061/2061 
f 2061/2061/2061 2036/2036/2036 2050/2050/2050 
f 1996/1996/1996 1459/1459/1459 1499/1499/1499 
f 2050/2050/2050 1996/1996/1996 1499/1499/1499 
f 2009/2009/2009 2050/2050/2050 2036/2036/2036 
f 2050/2050/2050 2009/2009/2009 1996/1996/1996 
f 2026/2026/2026 2009/2009/2009 2036/2036/2036 
f 1459/1459/1459 1996/1996/1996 2007/2007/2007 
f 2007/2007/2007 2005/2005/2005 1459/1459/1459 
f 2007/2007/2007 1996/1996/1996 2009/2009/2009 
f 2007/2007/2007 2008/2008/2008 2005/2005/2005 
f 2007/2007/2007 2009/2009/2009 2008/2008/2008 
f 2009/2009/2009 2026/2026/2026 2008/2008/2008 
f 2008/2008/2008 2019/2019/2019 2005/2005/2005 
f 2008/2008/2008 2026/2026/2026 2019/2019/2019 
f 1444/1444/1444 1445/1445/1445 1446/1446/1446 
f 1446/1446/1446 1448/1448/1448 1444/1444/1444 
f 1448/1448/1448 1486/1486/1486 1444/1444/1444 
f 1469/1469/1469 1486/1486/1486 1448/1448/1448 
f 1485/1485/1485 1444/1444/1444 1486/1486/1486 
f 1485/1485/1485 1445/1445/1445 1444/1444/1444 
f 1486/1486/1486 1517/1517/1517 1485/1485/1485 
f 1997/1997/1997 1485/1485/1485 1517/1517/1517 
f 1997/1997/1997 1445/1445/1445 1485/1485/1485 
f 1445/1445/1445 1997/1997/1997 1462/1462/1462 
f 1445/1445/1445 1462/1462/1462 1456/1456/1456 
f 1449/1449/1449 1469/1469/1469 1448/1448/1448 
f 1448/1448/1448 1446/1446/1446 1449/1449/1449 
f 1469/1469/1469 1449/1449/1449 1472/1472/1472 
f 1472/1472/1472 1449/1449/1449 1475/1475/1475 
f 1447/1447/1447 1445/1445/1445 1456/1456/1456 
f 1445/1445/1445 1447/1447/1447 1446/1446/1446 
f 1456/1456/1456 1475/1475/1475 1447/1447/1447 
f 1446/1446/1446 1447/1447/1447 1449/1449/1449 
f 1447/1447/1447 1475/1475/1475 1449/1449/1449 
f 1530/1530/1530 1531/1531/1531 1532/1532/1532 
f 1532/1532/1532 1531/1531/1531 1549/1549/1549 
f 1530/1530/1530 1545/1545/1545 1531/1531/1531 
f 1531/1531/1531 1548/1548/1548 1549/1549/1549 
f 1545/1545/1545 1548/1548/1548 1531/1531/1531 
f 1549/1549/1549 1548/1548/1548 1553/1553/1553 
f 1630/1630/1630 1545/1545/1545 1530/1530/1530 
f 1630/1630/1630 1631/1631/1631 1545/1545/1545 
f 1561/1561/1561 1548/1548/1548 1545/1545/1545 
f 1548/1548/1548 1561/1561/1561 1553/1553/1553 
f 1561/1561/1561 1545/1545/1545 1631/1631/1631 
f 1632/1632/1632 1631/1631/1631 1630/1630/1630 
f 1632/1632/1632 1561/1561/1561 1631/1631/1631 
f 1630/1630/1630 1655/1655/1655 1632/1632/1632 
f 1561/1561/1561 1666/1666/1666 1553/1553/1553 
f 1666/1666/1666 1561/1561/1561 1632/1632/1632 
f 1655/1655/1655 1666/1666/1666 1632/1632/1632 
f 1670/1670/1670 1553/1553/1553 1666/1666/1666 
f 1666/1666/1666 1655/1655/1655 1675/1675/1675 
f 1666/1666/1666 1675/1675/1675 1670/1670/1670 
f 2187/2187/2187 2188/2188/2188 2189/2189/2189 
f 2188/2188/2188 2203/2203/2203 2189/2189/2189 
f 2188/2188/2188 2187/2187/2187 2261/2261/2261 
f 2187/2187/2187 2260/2260/2260 2261/2261/2261 
f 2261/2261/2261 2260/2260/2260 2264/2264/2264 
f 2264/2264/2264 2263/2263/2263 2261/2261/2261 
f 2263/2263/2263 2188/2188/2188 2261/2261/2261 
f 2263/2263/2263 2264/2264/2264 2241/2241/2241 
f 2204/2204/2204 2188/2188/2188 2263/2263/2263 
f 2188/2188/2188 2204/2204/2204 2203/2203/2203 
f 2263/2263/2263 2241/2241/2241 2204/2204/2204 
f 2189/2189/2189 2203/2203/2203 2205/2205/2205 
f 2205/2205/2205 2203/2203/2203 2204/2204/2204 
f 2234/2234/2234 2189/2189/2189 2205/2205/2205 
f 2235/2235/2235 2204/2204/2204 2241/2241/2241 
f 2204/2204/2204 2235/2235/2235 2205/2205/2205 
f 2235/2235/2235 2234/2234/2234 2205/2205/2205 
f 2235/2235/2235 2241/2241/2241 2237/2237/2237 
f 2234/2234/2234 2235/2235/2235 2236/2236/2236 
f 2235/2235/2235 2237/2237/2237 2236/2236/2236 
f 1328/1328/1328 1329/1329/1329 1330/1330/1330 
f 1330/1330/1330 1339/1339/1339 1328/1328/1328 
f 1344/1344/1344 1330/1330/1330 1329/1329/1329 
f 1330/1330/1330 1344/1344/1344 1348/1348/1348 
f 1344/1344/1344 1442/1442/1442 1348/1348/1348 
f 1442/1442/1442 1344/1344/1344 1437/1437/1437 
f 1442/1442/1442 1437/1437/1437 1438/1438/1438 
f 1344/1344/1344 1345/1345/1345 1437/1437/1437 
f 1345/1345/1345 1438/1438/1438 1437/1437/1437 
f 1344/1344/1344 1329/1329/1329 1345/1345/1345 
f 1436/1436/1436 1438/1438/1438 1345/1345/1345 
f 1329/1329/1329 1333/1333/1333 1345/1345/1345 
f 1345/1345/1345 1333/1333/1333 1436/1436/1436 
f 1328/1328/1328 1333/1333/1333 1329/1329/1329 
f 1436/1436/1436 1333/1333/1333 1335/1335/1335 
f 1334/1334/1334 1335/1335/1335 1333/1333/1333 
f 1333/1333/1333 1328/1328/1328 1334/1334/1334 
f 1335/1335/1335 1334/1334/1334 1358/1358/1358 
f 1334/1334/1334 1520/1520/1520 1358/1358/1358 
f 1328/1328/1328 1520/1520/1520 1334/1334/1334 
f 1526/1526/1526 1358/1358/1358 1520/1520/1520 
f 1520/1520/1520 1523/1523/1523 1526/1526/1526 
f 1328/1328/1328 1522/1522/1522 1520/1520/1520 
f 1522/1522/1522 1523/1523/1523 1520/1520/1520 
f 1522/1522/1522 1328/1328/1328 1339/1339/1339 
f 1522/1522/1522 1339/1339/1339 1534/1534/1534 
f 1523/1523/1523 1522/1522/1522 1539/1539/1539 
f 1522/1522/1522 1534/1534/1534 1539/1539/1539 
f 1539/1539/1539 1559/1559/1559 1523/1523/1523 
f 1539/1539/1539 1534/1534/1534 1559/1559/1559 
f 1988/1988/1988 1989/1989/1989 1990/1990/1990 
f 1988/1988/1988 1990/1990/1990 1995/1995/1995 
f 1994/1994/1994 1990/1990/1990 1989/1989/1989 
f 1995/1995/1995 1991/1991/1991 1988/1988/1988 
f 1991/1991/1991 1989/1989/1989 1988/1988/1988 
f 1991/1991/1991 1995/1995/1995 1999/1999/1999 
f 1999/1999/1999 2000/2000/2000 1991/1991/1991 
f 2000/2000/2000 1999/1999/1999 2011/2011/2011 
f 1992/1992/1992 1991/1991/1991 2000/2000/2000 
f 1992/1992/1992 2000/2000/2000 2011/2011/2011 
f 1989/1989/1989 1991/1991/1991 1992/1992/1992 
f 1992/1992/1992 2011/2011/2011 2013/2013/2013 
f 1989/1989/1989 1993/1993/1993 1994/1994/1994 
f 1992/1992/1992 1993/1993/1993 1989/1989/1989 
f 1992/1992/1992 2013/2013/2013 1993/1993/1993 
f 1993/1993/1993 2012/2012/2012 1994/1994/1994 
f 2013/2013/2013 2012/2012/2012 1993/1993/1993 
f 1439/1439/1439 1440/1440/1440 1441/1441/1441 
f 1440/1440/1440 1439/1439/1439 1463/1463/1463 
f 1441/1441/1441 1440/1440/1440 1443/1443/1443 
f 1443/1443/1443 1440/1440/1440 1461/1461/1461 
f 1457/1457/1457 1443/1443/1443 1461/1461/1461 
f 1443/1443/1443 1457/1457/1457 1450/1450/1450 
f 1450/1450/1450 1441/1441/1441 1443/1443/1443 
f 1452/1452/1452 1450/1450/1450 1457/1457/1457 
f 1441/1441/1441 1450/1450/1450 1451/1451/1451 
f 1452/1452/1452 1451/1451/1451 1450/1450/1450 
f 1441/1441/1441 1451/1451/1451 1439/1439/1439 
f 1451/1451/1451 1452/1452/1452 1455/1455/1455 
f 1451/1451/1451 1455/1455/1455 1454/1454/1454 
f 1451/1451/1451 1453/1453/1453 1439/1439/1439 
f 1453/1453/1453 1451/1451/1451 1454/1454/1454 
f 1463/1463/1463 1439/1439/1439 1453/1453/1453 
f 1454/1454/1454 1474/1474/1474 1453/1453/1453 
f 1463/1463/1463 1453/1453/1453 1474/1474/1474 
f 2001/2001/2001 2002/2002/2002 2003/2003/2003 
f 2002/2002/2002 2001/2001/2001 2006/2006/2006 
f 2014/2014/2014 2006/2006/2006 2001/2001/2001 
f 2002/2002/2002 2010/2010/2010 2003/2003/2003 
f 2004/2004/2004 2014/2014/2014 2001/2001/2001 
f 2003/2003/2003 2004/2004/2004 2001/2001/2001 
f 2028/2028/2028 2014/2014/2014 2004/2004/2004 
f 2004/2004/2004 2082/2082/2082 2028/2028/2028 
f 2078/2078/2078 2004/2004/2004 2003/2003/2003 
f 2082/2082/2082 2004/2004/2004 2078/2078/2078 
f 2078/2078/2078 2003/2003/2003 2010/2010/2010 
f 2010/2010/2010 2002/2002/2002 2085/2085/2085 
f 2093/2093/2093 2082/2082/2082 2078/2078/2078 
f 2078/2078/2078 2010/2010/2010 2093/2093/2093 
f 2113/2113/2113 2082/2082/2082 2093/2093/2093 
f 2085/2085/2085 2095/2095/2095 2010/2010/2010 
f 2093/2093/2093 2010/2010/2010 2095/2095/2095 
f 2095/2095/2095 2085/2085/2085 2112/2112/2112 
f 2093/2093/2093 2246/2246/2246 2113/2113/2113 
f 2095/2095/2095 2246/2246/2246 2093/2093/2093 
f 2113/2113/2113 2246/2246/2246 2247/2247/2247 
f 2255/2255/2255 2095/2095/2095 2112/2112/2112 
f 2246/2246/2246 2095/2095/2095 2255/2255/2255 
f 2112/2112/2112 2254/2254/2254 2255/2255/2255 
f 2255/2255/2255 2256/2256/2256 2246/2246/2246 
f 2254/2254/2254 2256/2256/2256 2255/2255/2255 
f 2246/2246/2246 2222/2222/2222 2247/2247/2247 
f 2222/2222/2222 2246/2246/2246 2256/2256/2256 
f 2256/2256/2256 2254/2254/2254 2222/2222/2222 
f 2247/2247/2247 2222/2222/2222 2224/2224/2224 
f 2222/2222/2222 2254/2254/2254 2223/2223/2223 
f 2222/2222/2222 2223/2223/2223 2224/2224/2224 
f 1323/1323/1323 1324/1324/1324 1325/1325/1325 
f 1325/1325/1325 1324/1324/1324 1327/1327/1327 
f 1327/1327/1327 1347/1347/1347 1325/1325/1325 
f 1346/1346/1346 1325/1325/1325 1347/1347/1347 
f 1340/1340/1340 1327/1327/1327 1324/1324/1324 
f 1327/1327/1327 1340/1340/1340 1357/1357/1357 
f 1340/1340/1340 1533/1533/1533 1357/1357/1357 
f 1325/1325/1325 1346/1346/1346 1326/1326/1326 
f 1326/1326/1326 1323/1323/1323 1325/1325/1325 
f 1349/1349/1349 1326/1326/1326 1346/1346/1346 
f 1349/1349/1349 1359/1359/1359 1326/1326/1326 
f 1332/1332/1332 1323/1323/1323 1326/1326/1326 
f 1332/1332/1332 1326/1326/1326 1359/1359/1359 
f 1323/1323/1323 1331/1331/1331 1324/1324/1324 
f 1323/1323/1323 1332/1332/1332 1331/1331/1331 
f 1340/1340/1340 1324/1324/1324 1331/1331/1331 
f 1359/1359/1359 1519/1519/1519 1332/1332/1332 
f 1519/1519/1519 1331/1331/1331 1332/1332/1332 
f 1519/1519/1519 1359/1359/1359 1537/1537/1537 
f 1331/1331/1331 1521/1521/1521 1340/1340/1340 
f 1331/1331/1331 1519/1519/1519 1521/1521/1521 
f 1533/1533/1533 1340/1340/1340 1521/1521/1521 
f 1560/1560/1560 1519/1519/1519 1537/1537/1537 
f 1560/1560/1560 1537/1537/1537 1604/1604/1604 
f 1519/1519/1519 1547/1547/1547 1521/1521/1521 
f 1547/1547/1547 1519/1519/1519 1560/1560/1560 
f 1521/1521/1521 1546/1546/1546 1533/1533/1533 
f 1521/1521/1521 1547/1547/1547 1546/1546/1546 
f 1546/1546/1546 1563/1563/1563 1533/1533/1533 
f 1605/1605/1605 1560/1560/1560 1604/1604/1604 
f 1560/1560/1560 1605/1605/1605 1547/1547/1547 
f 1604/1604/1604 1622/1622/1622 1605/1605/1605 
f 1622/1622/1622 1625/1625/1625 1605/1605/1605 
f 1562/1562/1562 1563/1563/1563 1546/1546/1546 
f 1547/1547/1547 1562/1562/1562 1546/1546/1546 
f 1547/1547/1547 1605/1605/1605 1562/1562/1562 
f 1625/1625/1625 1562/1562/1562 1605/1605/1605 
f 1562/1562/1562 1613/1613/1613 1563/1563/1563 
f 1613/1613/1613 1562/1562/1562 1625/1625/1625 
f 2079/2079/2079 2080/2080/2080 2081/2081/2081 
f 2080/2080/2080 2079/2079/2079 2091/2091/2091 
f 2084/2084/2084 2081/2081/2081 2080/2080/2080 
f 2083/2083/2083 2081/2081/2081 2084/2084/2084 
f 2100/2100/2100 2083/2083/2083 2084/2084/2084 
f 2091/2091/2091 2092/2092/2092 2080/2080/2080 
f 2084/2084/2084 2115/2115/2115 2100/2100/2100 
f 2182/2182/2182 2100/2100/2100 2115/2115/2115 
f 2094/2094/2094 2084/2084/2084 2080/2080/2080 
f 2094/2094/2094 2080/2080/2080 2092/2092/2092 
f 2084/2084/2084 2094/2094/2094 2115/2115/2115 
f 2091/2091/2091 2096/2096/2096 2092/2092/2092 
f 2092/2092/2092 2096/2096/2096 2094/2094/2094 
f 2091/2091/2091 2114/2114/2114 2096/2096/2096 
f 2248/2248/2248 2096/2096/2096 2114/2114/2114 
f 2253/2253/2253 2094/2094/2094 2096/2096/2096 
f 2253/2253/2253 2115/2115/2115 2094/2094/2094 
f 2096/2096/2096 2248/2248/2248 2253/2253/2253 
f 2115/2115/2115 2253/2253/2253 2182/2182/2182 
f 2248/2248/2248 2225/2225/2225 2253/2253/2253 
f 2191/2191/2191 2225/2225/2225 2248/2248/2248 
f 2182/2182/2182 2253/2253/2253 2202/2202/2202 
f 2225/2225/2225 2202/2202/2202 2253/2253/2253 
f 2182/2182/2182 2202/2202/2202 2178/2178/2178 
f 2178/2178/2178 2169/2169/2169 2182/2182/2182 
f 2225/2225/2225 2190/2190/2190 2202/2202/2202 
f 2190/2190/2190 2225/2225/2225 2191/2191/2191 
f 2190/2190/2190 2191/2191/2191 2192/2192/2192 
f 2194/2194/2194 2190/2190/2190 2192/2192/2192 
f 2169/2169/2169 2178/2178/2178 2170/2170/2170 
f 2202/2202/2202 2170/2170/2170 2178/2178/2178 
f 2170/2170/2170 2202/2202/2202 2190/2190/2190 
f 2190/2190/2190 2194/2194/2194 2170/2170/2170 
f 2168/2168/2168 2169/2169/2169 2170/2170/2170 
f 2194/2194/2194 2168/2168/2168 2170/2170/2170 
f 1550/1550/1550 1551/1551/1551 1552/1552/1552 
f 1551/1551/1551 1585/1585/1585 1552/1552/1552 
f 1566/1566/1566 1552/1552/1552 1585/1585/1585 
f 1585/1585/1585 1551/1551/1551 1586/1586/1586 
f 1566/1566/1566 1554/1554/1554 1552/1552/1552 
f 1550/1550/1550 1552/1552/1552 1554/1554/1554 
f 1650/1650/1650 1554/1554/1554 1566/1566/1566 
f 1588/1588/1588 1586/1586/1586 1551/1551/1551 
f 1588/1588/1588 1706/1706/1706 1586/1586/1586 
f 1589/1589/1589 1588/1588/1588 1551/1551/1551 
f 1589/1589/1589 1551/1551/1551 1550/1550/1550 
f 1594/1594/1594 1706/1706/1706 1588/1588/1588 
f 1594/1594/1594 1588/1588/1588 1589/1589/1589 
f 1594/1594/1594 1843/1843/1843 1706/1706/1706 
f 1594/1594/1594 1849/1849/1849 1843/1843/1843 
f 1550/1550/1550 1554/1554/1554 1555/1555/1555 
f 1650/1650/1650 1555/1555/1555 1554/1554/1554 
f 1849/1849/1849 1594/1594/1594 1847/1847/1847 
f 1847/1847/1847 1856/1856/1856 1849/1849/1849 
f 1847/1847/1847 1594/1594/1594 1596/1596/1596 
f 1596/1596/1596 1594/1594/1594 1589/1589/1589 
f 1856/1856/1856 1847/1847/1847 1857/1857/1857 
f 1847/1847/1847 1596/1596/1596 1857/1857/1857 
f 1856/1856/1856 1857/1857/1857 1873/1873/1873 
f 1927/1927/1927 1856/1856/1856 1873/1873/1873 
f 1877/1877/1877 1857/1857/1857 1596/1596/1596 
f 1857/1857/1857 1877/1877/1877 1873/1873/1873 
f 1595/1595/1595 1596/1596/1596 1589/1589/1589 
f 1596/1596/1596 1595/1595/1595 1877/1877/1877 
f 1550/1550/1550 1595/1595/1595 1589/1589/1589 
f 1927/1927/1927 1873/1873/1873 1928/1928/1928 
f 1927/1927/1927 1928/1928/1928 1929/1929/1929 
f 1928/1928/1928 1945/1945/1945 1929/1929/1929 
f 1873/1873/1873 1877/1877/1877 1672/1672/1672 
f 1672/1672/1672 1928/1928/1928 1873/1873/1873 
f 1595/1595/1595 1672/1672/1672 1877/1877/1877 
f 1678/1678/1678 1945/1945/1945 1928/1928/1928 
f 1928/1928/1928 1672/1672/1672 1678/1678/1678 
f 1671/1671/1671 1672/1672/1672 1595/1595/1595 
f 1671/1671/1671 1678/1678/1678 1672/1672/1672 
f 1595/1595/1595 1550/1550/1550 1565/1565/1565 
f 1565/1565/1565 1671/1671/1671 1595/1595/1595 
f 1555/1555/1555 1565/1565/1565 1550/1550/1550 
f 1679/1679/1679 1945/1945/1945 1678/1678/1678 
f 1678/1678/1678 1671/1671/1671 1679/1679/1679 
f 1945/1945/1945 1679/1679/1679 2238/2238/2238 
f 1669/1669/1669 2238/2238/2238 1679/1679/1679 
f 1671/1671/1671 1669/1669/1669 1679/1679/1679 
f 2238/2238/2238 1669/1669/1669 2218/2218/2218 
f 1565/1565/1565 1668/1668/1668 1671/1671/1671 
f 1555/1555/1555 1668/1668/1668 1565/1565/1565 
f 1669/1669/1669 1671/1671/1671 1668/1668/1668 
f 1668/1668/1668 1555/1555/1555 1652/1652/1652 
f 1668/1668/1668 1652/1652/1652 1669/1669/1669 
f 1650/1650/1650 1652/1652/1652 1555/1555/1555 
f 1662/1662/1662 2218/2218/2218 1669/1669/1669 
f 1652/1652/1652 1662/1662/1662 1669/1669/1669 
f 2218/2218/2218 1662/1662/1662 1658/1658/1658 
f 1652/1652/1652 1650/1650/1650 1658/1658/1658 
f 1662/1662/1662 1652/1652/1652 1658/1658/1658 
f 1659/1659/1659 1660/1660/1660 1661/1661/1661 
f 1665/1665/1665 1661/1661/1661 1660/1660/1660 
f 1661/1661/1661 1665/1665/1665 1677/1677/1677 
f 1660/1660/1660 1659/1659/1659 2213/2213/2213 
f 2213/2213/2213 1659/1659/1659 2214/2214/2214 
f 1660/1660/1660 2239/2239/2239 1665/1665/1665 
f 2239/2239/2239 1660/1660/1660 2213/2213/2213 
f 1676/1676/1676 1677/1677/1677 1665/1665/1665 
f 1677/1677/1677 1676/1676/1676 1936/1936/1936 
f 2240/2240/2240 1665/1665/1665 2239/2239/2239 
f 1665/1665/1665 2240/2240/2240 1676/1676/1676 
f 2213/2213/2213 2242/2242/2242 2239/2239/2239 
f 2239/2239/2239 2242/2242/2242 2240/2240/2240 
f 2219/2219/2219 2213/2213/2213 2214/2214/2214 
f 2219/2219/2219 2242/2242/2242 2213/2213/2213 
f 2267/2267/2267 2219/2219/2219 2214/2214/2214 
f 1676/1676/1676 2240/2240/2240 1941/1941/1941 
f 1941/1941/1941 1936/1936/1936 1676/1676/1676 
f 2267/2267/2267 2268/2268/2268 2219/2219/2219 
f 1936/1936/1936 1941/1941/1941 2429/2429/2429 
f 1936/1936/1936 2429/2429/2429 2433/2433/2433 
f 2429/2429/2429 2440/2440/2440 2433/2433/2433 
f 1941/1941/1941 2244/2244/2244 2429/2429/2429 
f 2240/2240/2240 2244/2244/2244 1941/1941/1941 
f 2448/2448/2448 2440/2440/2440 2429/2429/2429 
f 2244/2244/2244 2448/2448/2448 2429/2429/2429 
f 2240/2240/2240 2243/2243/2243 2244/2244/2244 
f 2243/2243/2243 2240/2240/2240 2242/2242/2242 
f 2244/2244/2244 2453/2453/2453 2448/2448/2448 
f 2243/2243/2243 2453/2453/2453 2244/2244/2244 
f 2440/2440/2440 2448/2448/2448 2454/2454/2454 
f 2453/2453/2453 2454/2454/2454 2448/2448/2448 
f 2454/2454/2454 2497/2497/2497 2440/2440/2440 
f 2453/2453/2453 2498/2498/2498 2454/2454/2454 
f 2497/2497/2497 2454/2454/2454 2498/2498/2498 
f 2243/2243/2243 2300/2300/2300 2453/2453/2453 
f 2453/2453/2453 2300/2300/2300 2498/2498/2498 
f 2497/2497/2497 2498/2498/2498 2499/2499/2499 
f 2498/2498/2498 2300/2300/2300 2499/2499/2499 
f 2497/2497/2497 2499/2499/2499 2503/2503/2503 
f 2301/2301/2301 2503/2503/2503 2499/2499/2499 
f 2499/2499/2499 2300/2300/2300 2301/2301/2301 
f 2503/2503/2503 2301/2301/2301 2502/2502/2502 
f 2502/2502/2502 2301/2301/2301 2393/2393/2393 
f 2300/2300/2300 2292/2292/2292 2301/2301/2301 
f 2243/2243/2243 2292/2292/2292 2300/2300/2300 
f 2297/2297/2297 2393/2393/2393 2301/2301/2301 
f 2301/2301/2301 2292/2292/2292 2297/2297/2297 
f 2393/2393/2393 2297/2297/2297 2296/2296/2296 
f 2269/2269/2269 2296/2296/2296 2297/2297/2297 
f 2297/2297/2297 2292/2292/2292 2269/2269/2269 
f 2296/2296/2296 2269/2269/2269 2267/2267/2267 
f 2269/2269/2269 2268/2268/2268 2267/2267/2267 
f 2292/2292/2292 2265/2265/2265 2269/2269/2269 
f 2269/2269/2269 2265/2265/2265 2268/2268/2268 
f 2243/2243/2243 2265/2265/2265 2292/2292/2292 
f 2265/2265/2265 2219/2219/2219 2268/2268/2268 
f 2265/2265/2265 2243/2243/2243 2242/2242/2242 
f 2242/2242/2242 2219/2219/2219 2265/2265/2265 
f 1636/1636/1636 1637/1637/1637 1638/1638/1638 
f 1636/1636/1636 1638/1638/1638 2175/2175/2175 
f 1637/1637/1637 1636/1636/1636 1657/1657/1657 
f 1656/1656/1656 1637/1637/1637 1657/1657/1657 
f 1674/1674/1674 1656/1656/1656 1657/1657/1657 
f 2196/2196/2196 1636/1636/1636 2175/2175/2175 
f 2201/2201/2201 1674/1674/1674 1657/1657/1657 
f 2212/2212/2212 1674/1674/1674 2201/2201/2201 
f 2198/2198/2198 1657/1657/1657 1636/1636/1636 
f 1636/1636/1636 2196/2196/2196 2198/2198/2198 
f 1657/1657/1657 2198/2198/2198 2201/2201/2201 
f 2175/2175/2175 2197/2197/2197 2196/2196/2196 
f 2197/2197/2197 2198/2198/2198 2196/2196/2196 
f 2199/2199/2199 2198/2198/2198 2197/2197/2197 
f 2198/2198/2198 2199/2199/2199 2201/2201/2201 
f 2175/2175/2175 2177/2177/2177 2197/2197/2197 
f 2199/2199/2199 2197/2197/2197 2177/2177/2177 
f 2199/2199/2199 2177/2177/2177 2201/2201/2201 
f 2177/2177/2177 2212/2212/2212 2201/2201/2201 
f 2175/2175/2175 2176/2176/2176 2177/2177/2177 
f 2193/2193/2193 2212/2212/2212 2177/2177/2177 
f 2176/2176/2176 2193/2193/2193 2177/2177/2177 
f 1606/1606/1606 1607/1607/1607 1608/1608/1608 
f 1611/1611/1611 1608/1608/1608 1607/1607/1607 
f 1608/1608/1608 1611/1611/1611 1612/1612/1612 
f 1645/1645/1645 1612/1612/1612 1611/1611/1611 
f 1611/1611/1611 1643/1643/1643 1645/1645/1645 
f 1645/1645/1645 1643/1643/1643 1673/1673/1673 
f 1607/1607/1607 1629/1629/1629 1611/1611/1611 
f 1643/1643/1643 1611/1611/1611 1629/1629/1629 
f 1607/1607/1607 1606/1606/1606 1627/1627/1627 
f 1673/1673/1673 1643/1643/1643 1642/1642/1642 
f 2231/2231/2231 1673/1673/1673 1642/1642/1642 
f 2195/2195/2195 2231/2231/2231 1642/1642/1642 
f 1633/1633/1633 1642/1642/1642 1643/1643/1643 
f 1629/1629/1629 1633/1633/1633 1643/1643/1643 
f 2195/2195/2195 1642/1642/1642 1640/1640/1640 
f 1640/1640/1640 1642/1642/1642 1633/1633/1633 
f 1640/1640/1640 1635/1635/1635 2195/2195/2195 
f 1607/1607/1607 1628/1628/1628 1629/1629/1629 
f 1633/1633/1633 1629/1629/1629 1628/1628/1628 
f 1628/1628/1628 1607/1607/1607 1627/1627/1627 
f 1628/1628/1628 1639/1639/1639 1633/1633/1633 
f 1640/1640/1640 1633/1633/1633 1639/1639/1639 
f 1627/1627/1627 1639/1639/1639 1628/1628/1628 
f 1635/1635/1635 1640/1640/1640 1634/1634/1634 
f 1634/1634/1634 1640/1640/1640 1639/1639/1639 
f 1627/1627/1627 1634/1634/1634 1639/1639/1639 
f 1634/1634/1634 1606/1606/1606 1635/1635/1635 
f 1606/1606/1606 1634/1634/1634 1627/1627/1627 
f 1920/1920/1920 1921/1921/1921 1922/1922/1922 
f 1935/1935/1935 1922/1922/1922 1921/1921/1921 
f 1920/1920/1920 1922/1922/1922 1931/1931/1931 
f 1922/1922/1922 1935/1935/1935 1942/1942/1942 
f 1964/1964/1964 1920/1920/1920 1931/1931/1931 
f 1965/1965/1965 1920/1920/1920 1964/1964/1964 
f 1922/1922/1922 1934/1934/1934 1931/1931/1931 
f 1942/1942/1942 1934/1934/1934 1922/1922/1922 
f 1931/1931/1931 1934/1934/1934 1964/1964/1964 
f 1967/1967/1967 1965/1965/1965 1964/1964/1964 
f 1967/1967/1967 1964/1964/1964 1969/1969/1969 
f 1934/1934/1934 1969/1969/1969 1964/1964/1964 
f 2468/2468/2468 1967/1967/1967 1969/1969/1969 
f 1969/1969/1969 1934/1934/1934 2468/2468/2468 
f 1967/1967/1967 2468/2468/2468 2469/2469/2469 
f 2437/2437/2437 2469/2469/2469 2468/2468/2468 
f 2443/2443/2443 2468/2468/2468 1934/1934/1934 
f 2437/2437/2437 2468/2468/2468 2443/2443/2443 
f 2430/2430/2430 2443/2443/2443 1934/1934/1934 
f 2443/2443/2443 2430/2430/2430 2437/2437/2437 
f 1934/1934/1934 1942/1942/1942 2430/2430/2430 
f 1935/1935/1935 2430/2430/2430 1942/1942/1942 
f 2436/2436/2436 2437/2437/2437 2430/2430/2430 
f 2430/2430/2430 1935/1935/1935 2436/2436/2436 
f 1740/1740/1740 1741/1741/1741 1742/1742/1742 
f 1741/1741/1741 1740/1740/1740 1754/1754/1754 
f 1762/1762/1762 1742/1742/1742 1741/1741/1741 
f 1762/1762/1762 1741/1741/1741 1763/1763/1763 
f 1837/1837/1837 1762/1762/1762 1763/1763/1763 
f 1762/1762/1762 1812/1812/1812 1742/1742/1742 
f 1742/1742/1742 1812/1812/1812 1740/1740/1740 
f 1762/1762/1762 1837/1837/1837 1835/1835/1835 
f 1835/1835/1835 1812/1812/1812 1762/1762/1762 
f 1836/1836/1836 1835/1835/1835 1837/1837/1837 
f 1812/1812/1812 1835/1835/1835 1836/1836/1836 
f 1837/1837/1837 1842/1842/1842 1836/1836/1836 
f 1842/1842/1842 1840/1840/1840 1836/1836/1836 
f 1836/1836/1836 1815/1815/1815 1812/1812/1812 
f 1815/1815/1815 1836/1836/1836 1840/1840/1840 
f 1812/1812/1812 1813/1813/1813 1740/1740/1740 
f 1813/1813/1813 1754/1754/1754 1740/1740/1740 
f 1830/1830/1830 1754/1754/1754 1813/1813/1813 
f 1813/1813/1813 1812/1812/1812 1814/1814/1814 
f 1814/1814/1814 1830/1830/1830 1813/1813/1813 
f 1814/1814/1814 1812/1812/1812 1815/1815/1815 
f 1814/1814/1814 1815/1815/1815 1840/1840/1840 
f 1830/1830/1830 1814/1814/1814 1839/1839/1839 
f 1840/1840/1840 1839/1839/1839 1814/1814/1814 
f 2334/2334/2334 2335/2335/2335 2336/2336/2336 
f 2358/2358/2358 2336/2336/2336 2335/2335/2335 
f 2336/2336/2336 2358/2358/2358 2347/2347/2347 
f 2400/2400/2400 2358/2358/2358 2335/2335/2335 
f 2347/2347/2347 2337/2337/2337 2336/2336/2336 
f 2334/2334/2334 2336/2336/2336 2337/2337/2337 
f 2337/2337/2337 2347/2347/2347 2345/2345/2345 
f 2337/2337/2337 2345/2345/2345 2346/2346/2346 
f 2335/2335/2335 2342/2342/2342 2400/2400/2400 
f 2334/2334/2334 2342/2342/2342 2335/2335/2335 
f 2338/2338/2338 2337/2337/2337 2346/2346/2346 
f 2337/2337/2337 2338/2338/2338 2334/2334/2334 
f 2344/2344/2344 2338/2338/2338 2346/2346/2346 
f 2334/2334/2334 2338/2338/2338 2344/2344/2344 
f 2344/2344/2344 2346/2346/2346 2353/2353/2353 
f 2356/2356/2356 2344/2344/2344 2353/2353/2353 
f 2357/2357/2357 2334/2334/2334 2344/2344/2344 
f 2344/2344/2344 2356/2356/2356 2357/2357/2357 
f 2343/2343/2343 2342/2342/2342 2334/2334/2334 
f 2334/2334/2334 2357/2357/2357 2343/2343/2343 
f 2357/2357/2357 2356/2356/2356 2343/2343/2343 
f 2343/2343/2343 2400/2400/2400 2342/2342/2342 
f 2343/2343/2343 2356/2356/2356 2364/2364/2364 
f 2400/2400/2400 2343/2343/2343 2364/2364/2364 
f 1757/1757/1757 1758/1758/1758 1759/1759/1759 
f 1766/1766/1766 1759/1759/1759 1758/1758/1758 
f 1757/1757/1757 1759/1759/1759 1957/1957/1957 
f 1759/1759/1759 1766/1766/1766 1832/1832/1832 
f 1765/1765/1765 1757/1757/1757 1957/1957/1957 
f 1764/1764/1764 1757/1757/1757 1765/1765/1765 
f 1759/1759/1759 1958/1958/1958 1957/1957/1957 
f 1832/1832/1832 1958/1958/1958 1759/1759/1759 
f 1765/1765/1765 1957/1957/1957 1958/1958/1958 
f 1961/1961/1961 1764/1764/1764 1765/1765/1765 
f 1961/1961/1961 1765/1765/1765 1959/1959/1959 
f 1958/1958/1958 1959/1959/1959 1765/1765/1765 
f 1960/1960/1960 1961/1961/1961 1959/1959/1959 
f 1959/1959/1959 1958/1958/1958 1960/1960/1960 
f 1966/1966/1966 1961/1961/1961 1960/1960/1960 
f 1841/1841/1841 1966/1966/1966 1960/1960/1960 
f 1960/1960/1960 1958/1958/1958 1963/1963/1963 
f 1841/1841/1841 1960/1960/1960 1963/1963/1963 
f 1833/1833/1833 1963/1963/1963 1958/1958/1958 
f 1963/1963/1963 1833/1833/1833 1841/1841/1841 
f 1958/1958/1958 1832/1832/1832 1833/1833/1833 
f 1766/1766/1766 1833/1833/1833 1832/1832/1832 
f 1838/1838/1838 1841/1841/1841 1833/1833/1833 
f 1833/1833/1833 1766/1766/1766 1838/1838/1838 
f 2348/2348/2348 2349/2349/2349 2350/2350/2350 
f 2351/2351/2351 2350/2350/2350 2349/2349/2349 
f 2348/2348/2348 2350/2350/2350 2465/2465/2465 
f 2350/2350/2350 2351/2351/2351 2359/2359/2359 
f 2348/2348/2348 2465/2465/2465 2355/2355/2355 
f 2354/2354/2354 2348/2348/2348 2355/2355/2355 
f 2467/2467/2467 2465/2465/2465 2350/2350/2350 
f 2359/2359/2359 2467/2467/2467 2350/2350/2350 
f 2465/2465/2465 2467/2467/2467 2355/2355/2355 
f 2354/2354/2354 2355/2355/2355 2419/2419/2419 
f 2419/2419/2419 2355/2355/2355 2470/2470/2470 
f 2467/2467/2467 2470/2470/2470 2355/2355/2355 
f 2419/2419/2419 2470/2470/2470 2418/2418/2418 
f 2467/2467/2467 2418/2418/2418 2470/2470/2470 
f 2419/2419/2419 2418/2418/2418 2417/2417/2417 
f 2415/2415/2415 2417/2417/2417 2418/2418/2418 
f 2416/2416/2416 2418/2418/2418 2467/2467/2467 
f 2415/2415/2415 2418/2418/2418 2416/2416/2416 
f 2360/2360/2360 2416/2416/2416 2467/2467/2467 
f 2360/2360/2360 2415/2415/2415 2416/2416/2416 
f 2467/2467/2467 2359/2359/2359 2360/2360/2360 
f 2351/2351/2351 2360/2360/2360 2359/2359/2359 
f 2412/2412/2412 2415/2415/2415 2360/2360/2360 
f 2360/2360/2360 2351/2351/2351 2412/2412/2412 
f 1791/1791/1791 1792/1792/1792 1793/1793/1793 
f 1794/1794/1794 1791/1791/1791 1793/1793/1793 
f 1792/1792/1792 1791/1791/1791 1809/1809/1809 
f 1791/1791/1791 1794/1794/1794 1795/1795/1795 
f 2318/2318/2318 1792/1792/1792 1809/1809/1809 
f 1792/1792/1792 2318/2318/2318 2322/2322/2322 
f 1796/1796/1796 1809/1809/1809 1791/1791/1791 
f 1795/1795/1795 1796/1796/1796 1791/1791/1791 
f 1809/1809/1809 1796/1796/1796 2318/2318/2318 
f 2324/2324/2324 2322/2322/2322 2318/2318/2318 
f 2318/2318/2318 2323/2323/2323 2324/2324/2324 
f 2323/2323/2323 2318/2318/2318 1796/1796/1796 
f 2323/2323/2323 2332/2332/2332 2324/2324/2324 
f 2332/2332/2332 2323/2323/2323 1796/1796/1796 
f 2352/2352/2352 2324/2324/2324 2332/2332/2332 
f 1829/1829/1829 2352/2352/2352 2332/2332/2332 
f 1796/1796/1796 1827/1827/1827 2332/2332/2332 
f 2332/2332/2332 1827/1827/1827 1829/1829/1829 
f 1827/1827/1827 1796/1796/1796 1811/1811/1811 
f 1811/1811/1811 1829/1829/1829 1827/1827/1827 
f 1811/1811/1811 1796/1796/1796 1795/1795/1795 
f 1811/1811/1811 1795/1795/1795 1794/1794/1794 
f 1829/1829/1829 1811/1811/1811 1834/1834/1834 
f 1811/1811/1811 1794/1794/1794 1834/1834/1834 
f 2278/2278/2278 2279/2279/2279 2280/2280/2280 
f 2378/2378/2378 2279/2279/2279 2278/2278/2278 
f 2320/2320/2320 2278/2278/2278 2280/2280/2280 
f 2278/2278/2278 2379/2379/2379 2378/2378/2378 
f 2315/2315/2315 2278/2278/2278 2320/2320/2320 
f 2315/2315/2315 2316/2316/2316 2278/2278/2278 
f 2278/2278/2278 2385/2385/2385 2379/2379/2379 
f 2316/2316/2316 2319/2319/2319 2278/2278/2278 
f 2278/2278/2278 2384/2384/2384 2385/2385/2385 
f 2385/2385/2385 2384/2384/2384 2523/2523/2523 
f 2325/2325/2325 2384/2384/2384 2278/2278/2278 
f 2325/2325/2325 2278/2278/2278 2319/2319/2319 
f 2325/2325/2325 2319/2319/2319 2431/2431/2431 
f 1591/1591/1591 1592/1592/1592 1593/1593/1593 
f 1707/1707/1707 1592/1592/1592 1591/1591/1591 
f 1707/1707/1707 1714/1714/1714 1592/1592/1592 
f 1707/1707/1707 1591/1591/1591 1708/1708/1708 
f 1786/1786/1786 1714/1714/1714 1707/1707/1707 
f 1786/1786/1786 1707/1707/1707 1789/1789/1789 
f 1789/1789/1789 1707/1707/1707 1798/1798/1798 
f 1707/1707/1707 1708/1708/1708 1712/1712/1712 
f 1798/1798/1798 1707/1707/1707 1799/1799/1799 
f 1707/1707/1707 1712/1712/1712 1716/1716/1716 
f 1712/1712/1712 1892/1892/1892 1716/1716/1716 
f 1707/1707/1707 1716/1716/1716 1899/1899/1899 
f 1799/1799/1799 1707/1707/1707 1899/1899/1899 
f 1799/1799/1799 1899/1899/1899 1943/1943/1943 
f 1800/1800/1800 1801/1801/1801 1802/1802/1802 
f 1800/1800/1800 1802/1802/1802 1806/1806/1806 
f 1806/1806/1806 1802/1802/1802 1807/1807/1807 
f 1807/1807/1807 2216/2216/2216 1806/1806/1806 
f 2215/2215/2215 1800/1800/1800 1806/1806/1806 
f 2216/2216/2216 2215/2215/2215 1806/1806/1806 
f 1800/1800/1800 1808/1808/1808 1801/1801/1801 
f 1819/1819/1819 1801/1801/1801 1808/1808/1808 
f 1818/1818/1818 1819/1819/1819 1808/1808/1808 
f 1818/1818/1818 1808/1808/1808 1823/1823/1823 
f 1823/1823/1823 1808/1808/1808 1828/1828/1828 
f 1823/1823/1823 1828/1828/1828 2331/2331/2331 
f 1800/1800/1800 2321/2321/2321 1808/1808/1808 
f 2215/2215/2215 2321/2321/2321 1800/1800/1800 
f 1808/1808/1808 2341/2341/2341 1828/1828/1828 
f 2341/2341/2341 2331/2331/2331 1828/1828/1828 
f 1808/1808/1808 2321/2321/2321 2341/2341/2341 
f 2340/2340/2340 2331/2331/2331 2341/2341/2341 
f 2340/2340/2340 2341/2341/2341 2408/2408/2408 
f 2341/2341/2341 2321/2321/2321 2408/2408/2408 
f 2408/2408/2408 2409/2409/2409 2340/2340/2340 
f 2409/2409/2409 2408/2408/2408 2410/2410/2410 
f 2405/2405/2405 2409/2409/2409 2410/2410/2410 
f 2408/2408/2408 2422/2422/2422 2410/2410/2410 
f 2405/2405/2405 2410/2410/2410 2422/2422/2422 
f 2408/2408/2408 2321/2321/2321 2422/2422/2422 
f 2389/2389/2389 2405/2405/2405 2422/2422/2422 
f 2389/2389/2389 2422/2422/2422 2321/2321/2321 
f 2405/2405/2405 2389/2389/2389 2394/2394/2394 
f 2388/2388/2388 2394/2394/2394 2389/2389/2389 
f 2388/2388/2388 2389/2389/2389 2321/2321/2321 
f 2394/2394/2394 2388/2388/2388 2395/2395/2395 
f 2392/2392/2392 2395/2395/2395 2388/2388/2388 
f 2321/2321/2321 2380/2380/2380 2388/2388/2388 
f 2392/2392/2392 2388/2388/2388 2380/2380/2380 
f 2392/2392/2392 2380/2380/2380 2390/2390/2390 
f 2392/2392/2392 2390/2390/2390 2287/2287/2287 
f 2380/2380/2380 2288/2288/2288 2390/2390/2390 
f 2288/2288/2288 2287/2287/2287 2390/2390/2390 
f 2380/2380/2380 2321/2321/2321 2288/2288/2288 
f 2287/2287/2287 2288/2288/2288 2220/2220/2220 
f 2217/2217/2217 2288/2288/2288 2321/2321/2321 
f 2217/2217/2217 2220/2220/2220 2288/2288/2288 
f 2321/2321/2321 2215/2215/2215 2217/2217/2217 
f 2216/2216/2216 2220/2220/2220 2217/2217/2217 
f 2215/2215/2215 2216/2216/2216 2217/2217/2217 
f 1647/1647/1647 1648/1648/1648 1649/1649/1649 
f 1649/1649/1649 1648/1648/1648 1704/1704/1704 
f 1649/1649/1649 1704/1704/1704 1703/1703/1703 
f 1703/1703/1703 1704/1704/1704 1701/1701/1701 
f 1701/1701/1701 1702/1702/1702 1703/1703/1703 
f 1704/1704/1704 1705/1705/1705 1701/1701/1701 
f 1705/1705/1705 1702/1702/1702 1701/1701/1701 
f 1648/1648/1648 1713/1713/1713 1704/1704/1704 
f 1704/1704/1704 1713/1713/1713 1705/1705/1705 
f 1787/1787/1787 1648/1648/1648 1647/1647/1647 
f 1713/1713/1713 1648/1648/1648 1787/1787/1787 
f 1709/1709/1709 1702/1702/1702 1705/1705/1705 
f 1713/1713/1713 1709/1709/1709 1705/1705/1705 
f 1702/1702/1702 1709/1709/1709 1710/1710/1710 
f 1710/1710/1710 1709/1709/1709 1711/1711/1711 
f 1711/1711/1711 1709/1709/1709 1721/1721/1721 
f 1709/1709/1709 1713/1713/1713 1721/1721/1721 
f 1711/1711/1711 1721/1721/1721 1722/1722/1722 
f 1722/1722/1722 1721/1721/1721 1749/1749/1749 
f 1721/1721/1721 1713/1713/1713 1749/1749/1749 
f 1722/1722/1722 1749/1749/1749 1729/1729/1729 
f 1713/1713/1713 1729/1729/1729 1749/1749/1749 
f 1722/1722/1722 1729/1729/1729 1730/1730/1730 
f 1731/1731/1731 1730/1730/1730 1729/1729/1729 
f 1731/1731/1731 1729/1729/1729 1750/1750/1750 
f 1729/1729/1729 1713/1713/1713 1750/1750/1750 
f 1760/1760/1760 1731/1731/1731 1750/1750/1750 
f 1760/1760/1760 1750/1750/1750 1713/1713/1713 
f 1731/1731/1731 1760/1760/1760 1816/1816/1816 
f 1816/1816/1816 1760/1760/1760 1817/1817/1817 
f 1816/1816/1816 1817/1817/1817 1826/1826/1826 
f 1760/1760/1760 1797/1797/1797 1817/1817/1817 
f 1797/1797/1797 1826/1826/1826 1817/1817/1817 
f 1713/1713/1713 1797/1797/1797 1760/1760/1760 
f 1826/1826/1826 1797/1797/1797 2329/2329/2329 
f 2326/2326/2326 2329/2329/2329 1797/1797/1797 
f 2317/2317/2317 2326/2326/2326 1797/1797/1797 
f 1713/1713/1713 1790/1790/1790 1797/1797/1797 
f 2317/2317/2317 1797/1797/1797 1790/1790/1790 
f 1713/1713/1713 1787/1787/1787 1790/1790/1790 
f 1790/1790/1790 2314/2314/2314 2317/2317/2317 
f 1790/1790/1790 1787/1787/1787 1788/1788/1788 
f 2314/2314/2314 1790/1790/1790 1788/1788/1788 
f 1787/1787/1787 1647/1647/1647 1788/1788/1788 
f 1788/1788/1788 1805/1805/1805 2314/2314/2314 
f 1788/1788/1788 1647/1647/1647 1805/1805/1805 
f 1614/1614/1614 1615/1615/1615 1616/1616/1616 
f 1653/1653/1653 1616/1616/1616 1615/1615/1615 
f 1620/1620/1620 1614/1614/1614 1616/1616/1616 
f 1641/1641/1641 1653/1653/1653 1664/1664/1664 
f 1620/1620/1620 1616/1616/1616 1621/1621/1621 
f 1653/1653/1653 1641/1641/1641 1624/1624/1624 
f 1616/1616/1616 1653/1653/1653 1624/1624/1624 
f 1624/1624/1624 1621/1621/1621 1616/1616/1616 
f 1641/1641/1641 1626/1626/1626 1624/1624/1624 
f 1619/1619/1619 1620/1620/1620 1621/1621/1621 
f 1621/1621/1621 1624/1624/1624 1619/1619/1619 
f 1624/1624/1624 1626/1626/1626 1619/1619/1619 
f 1620/1620/1620 1619/1619/1619 1623/1623/1623 
f 1623/1623/1623 1619/1619/1619 1626/1626/1626 
f 2159/2159/2159 2160/2160/2160 2161/2161/2161 
f 2160/2160/2160 2159/2159/2159 2167/2167/2167 
f 2161/2161/2161 2160/2160/2160 2171/2171/2171 
f 2173/2173/2173 2161/2161/2161 2171/2171/2171 
f 2172/2172/2172 2160/2160/2160 2167/2167/2167 
f 2172/2172/2172 2171/2171/2171 2160/2160/2160 
f 2200/2200/2200 2172/2172/2172 2167/2167/2167 
f 2207/2207/2207 2172/2172/2172 2200/2200/2200 
f 2172/2172/2172 2207/2207/2207 2174/2174/2174 
f 2174/2174/2174 2171/2171/2171 2172/2172/2172 
f 2173/2173/2173 2171/2171/2171 2174/2174/2174 
f 2174/2174/2174 2206/2206/2206 2173/2173/2173 
f 2030/2030/2030 2031/2031/2031 2032/2032/2032 
f 2030/2030/2030 2077/2077/2077 2031/2031/2031 
f 2032/2032/2032 2034/2034/2034 2030/2030/2030 
f 2101/2101/2101 2032/2032/2032 2031/2031/2031 
f 2032/2032/2032 2099/2099/2099 2034/2034/2034 
f 2032/2032/2032 2101/2101/2101 2099/2099/2099 
f 2099/2099/2099 2102/2102/2102 2034/2034/2034 
f 2245/2245/2245 2102/2102/2102 2099/2099/2099 
f 2099/2099/2099 2101/2101/2101 2179/2179/2179 
f 2099/2099/2099 2179/2179/2179 2245/2245/2245 
f 2101/2101/2101 2181/2181/2181 2179/2179/2179 
f 2245/2245/2245 2179/2179/2179 2180/2180/2180 
f 2179/2179/2179 2181/2181/2181 2165/2165/2165 
f 2179/2179/2179 2162/2162/2162 2180/2180/2180 
f 2179/2179/2179 2165/2165/2165 2162/2162/2162 
f 2180/2180/2180 2162/2162/2162 2164/2164/2164 
f 2165/2165/2165 2166/2166/2166 2162/2162/2162 
f 2162/2162/2162 2163/2163/2163 2164/2164/2164 
f 2163/2163/2163 2162/2162/2162 2166/2166/2166 
f 1860/1860/1860 1861/1861/1861 1862/1862/1862 
f 1861/1861/1861 1860/1860/1860 1863/1863/1863 
f 1860/1860/1860 1926/1926/1926 1863/1863/1863 
f 1860/1860/1860 1925/1925/1925 1926/1926/1926 
f 1860/1860/1860 1937/1937/1937 1925/1925/1925 
f 1860/1860/1860 1923/1923/1923 1937/1937/1937 
f 1862/1862/1862 1924/1924/1924 1860/1860/1860 
f 1923/1923/1923 1860/1860/1860 1924/1924/1924 
f 1924/1924/1924 1862/1862/1862 1933/1933/1933 
f 1944/1944/1944 1923/1923/1923 1924/1924/1924 
f 1971/1971/1971 1924/1924/1924 1933/1933/1933 
f 1944/1944/1944 1924/1924/1924 1971/1971/1971 
f 2425/2425/2425 2426/2426/2426 2427/2427/2427 
f 2426/2426/2426 2439/2439/2439 2427/2427/2427 
f 2426/2426/2426 2441/2441/2441 2439/2439/2439 
f 2441/2441/2441 2426/2426/2426 2486/2486/2486 
f 2432/2432/2432 2426/2426/2426 2425/2425/2425 
f 2426/2426/2426 2438/2438/2438 2486/2486/2486 
f 2432/2432/2432 2435/2435/2435 2426/2426/2426 
f 2438/2438/2438 2426/2426/2426 2435/2435/2435 
f 2434/2434/2434 2435/2435/2435 2432/2432/2432 
f 2435/2435/2435 2445/2445/2445 2438/2438/2438 
f 2474/2474/2474 2435/2435/2435 2434/2434/2434 
f 2435/2435/2435 2474/2474/2474 2445/2445/2445 
f 1374/1374/1374 1375/1375/1375 1376/1376/1376 
f 1376/1376/1376 1464/1464/1464 1374/1374/1374 
f 1464/1464/1464 1376/1376/1376 1465/1465/1465 
f 1374/1374/1374 1464/1464/1464 1377/1377/1377 
f 1374/1374/1374 1377/1377/1377 1378/1378/1378 
f 1375/1375/1375 1374/1374/1374 1378/1378/1378 
f 1378/1378/1378 1377/1377/1377 1380/1380/1380 
f 1380/1380/1380 1535/1535/1535 1378/1378/1378 
f 1378/1378/1378 1536/1536/1536 1375/1375/1375 
f 1378/1378/1378 1535/1535/1535 1536/1536/1536 
f 1375/1375/1375 1536/1536/1536 1538/1538/1538 
f 1536/1536/1536 1535/1535/1535 1558/1558/1558 
f 1538/1538/1538 1536/1536/1536 1602/1602/1602 
f 1558/1558/1558 1603/1603/1603 1536/1536/1536 
f 1602/1602/1602 1536/1536/1536 1603/1603/1603 
f 1603/1603/1603 1558/1558/1558 1610/1610/1610 
f 1603/1603/1603 1617/1617/1617 1602/1602/1602 
f 1618/1618/1618 1603/1603/1603 1610/1610/1610 
f 1603/1603/1603 1618/1618/1618 1617/1617/1617 
f 2015/2015/2015 2016/2016/2016 2017/2017/2017 
f 2027/2027/2027 2015/2015/2015 2017/2017/2017 
f 2016/2016/2016 2015/2015/2015 2018/2018/2018 
f 2015/2015/2015 2027/2027/2027 2033/2033/2033 
f 2018/2018/2018 2015/2015/2015 2029/2029/2029 
f 2029/2029/2029 2015/2015/2015 2033/2033/2033 
f 2029/2029/2029 2037/2037/2037 2018/2018/2018 
f 2029/2029/2029 2033/2033/2033 2097/2097/2097 
f 2037/2037/2037 2029/2029/2029 2098/2098/2098 
f 2098/2098/2098 2029/2029/2029 2097/2097/2097 
f 2098/2098/2098 2104/2104/2104 2037/2037/2037 
f 2097/2097/2097 2184/2184/2184 2098/2098/2098 
f 2184/2184/2184 2104/2104/2104 2098/2098/2098 
f 2097/2097/2097 2183/2183/2183 2184/2184/2184 
f 2228/2228/2228 2104/2104/2104 2184/2184/2184 
f 2184/2184/2184 2221/2221/2221 2228/2228/2228 
f 2184/2184/2184 2183/2183/2183 2221/2221/2221 
f 2228/2228/2228 2221/2221/2221 2185/2185/2185 
f 2183/2183/2183 2185/2185/2185 2221/2221/2221 
f 2185/2185/2185 2183/2183/2183 2186/2186/2186 
f 1341/1341/1341 1342/1342/1342 1343/1343/1343 
f 1468/1468/1468 1341/1341/1341 1343/1343/1343 
f 1468/1468/1468 1343/1343/1343 1466/1466/1466 
f 1466/1466/1466 1467/1467/1467 1468/1468/1468 
f 1473/1473/1473 1468/1468/1468 1467/1467/1467 
f 1473/1473/1473 1471/1471/1471 1468/1468/1468 
f 1468/1468/1468 1471/1471/1471 1341/1341/1341 
f 1381/1381/1381 1341/1341/1341 1471/1471/1471 
f 1381/1381/1381 1379/1379/1379 1341/1341/1341 
f 1379/1379/1379 1342/1342/1342 1341/1341/1341 
f 1382/1382/1382 1379/1379/1379 1381/1381/1381 
f 1342/1342/1342 1379/1379/1379 1387/1387/1387 
f 1379/1379/1379 1382/1382/1382 1387/1387/1387 
f 1609/1609/1609 1342/1342/1342 1387/1387/1387 
f 1382/1382/1382 1541/1541/1541 1387/1387/1387 
f 1387/1387/1387 1556/1556/1556 1609/1609/1609 
f 1387/1387/1387 1541/1541/1541 1556/1556/1556 
f 1644/1644/1644 1609/1609/1609 1556/1556/1556 
f 1556/1556/1556 1541/1541/1541 1557/1557/1557 
f 1556/1556/1556 1557/1557/1557 1644/1644/1644 
f 2381/2381/2381 2382/2382/2382 2383/2383/2383 
f 2382/2382/2382 2381/2381/2381 2387/2387/2387 
f 2386/2386/2386 2387/2387/2387 2381/2381/2381 
f 2387/2387/2387 2386/2386/2386 2517/2517/2517 
f 2518/2518/2518 2387/2387/2387 2517/2517/2517 
f 2387/2387/2387 2518/2518/2518 2516/2516/2516 
f 2518/2518/2518 2532/2532/2532 2516/2516/2516 
f 2532/2532/2532 2518/2518/2518 2537/2537/2537 
f 2444/2444/2444 2387/2387/2387 2516/2516/2516 
f 2516/2516/2516 2532/2532/2532 2444/2444/2444 
f 2387/2387/2387 2444/2444/2444 2382/2382/2382 
f 2444/2444/2444 2532/2532/2532 2483/2483/2483 
f 2444/2444/2444 2483/2483/2483 2442/2442/2442 
f 2442/2442/2442 2382/2382/2382 2444/2444/2444 
f 2442/2442/2442 2483/2483/2483 2475/2475/2475 
f 2472/2472/2472 2442/2442/2442 2475/2475/2475 
f 2442/2442/2442 2472/2472/2472 2473/2473/2473 
f 2464/2464/2464 2442/2442/2442 2473/2473/2473 
f 2382/2382/2382 2442/2442/2442 2413/2413/2413 
f 2413/2413/2413 2442/2442/2442 2464/2464/2464 
f 2413/2413/2413 2383/2383/2383 2382/2382/2382 
f 2413/2413/2413 2464/2464/2464 2414/2414/2414 
f 2383/2383/2383 2413/2413/2413 2414/2414/2414 
f 1744/1744/1744 1745/1745/1745 1746/1746/1746 
f 1746/1746/1746 1894/1894/1894 1744/1744/1744 
f 1747/1747/1747 1746/1746/1746 1745/1745/1745 
f 1746/1746/1746 1893/1893/1893 1894/1894/1894 
f 1746/1746/1746 1747/1747/1747 1756/1756/1756 
f 1755/1755/1755 1756/1756/1756 1747/1747/1747 
f 1756/1756/1756 1755/1755/1755 1930/1930/1930 
f 1746/1746/1746 1889/1889/1889 1893/1893/1893 
f 1907/1907/1907 1893/1893/1893 1889/1889/1889 
f 1893/1893/1893 1907/1907/1907 1909/1909/1909 
f 1746/1746/1746 1868/1868/1868 1889/1889/1889 
f 1868/1868/1868 1907/1907/1907 1889/1889/1889 
f 1756/1756/1756 1868/1868/1868 1746/1746/1746 
f 1868/1868/1868 1918/1918/1918 1907/1907/1907 
f 1932/1932/1932 1756/1756/1756 1930/1930/1930 
f 1756/1756/1756 1932/1932/1932 1868/1868/1868 
f 1868/1868/1868 1932/1932/1932 1918/1918/1918 
f 1932/1932/1932 1930/1930/1930 1977/1977/1977 
f 1932/1932/1932 1973/1973/1973 1918/1918/1918 
f 1932/1932/1932 1977/1977/1977 1976/1976/1976 
f 1932/1932/1932 1976/1976/1976 1973/1973/1973 
f 2208/2208/2208 2209/2209/2209 2210/2210/2210 
f 2210/2210/2210 2209/2209/2209 2226/2226/2226 
f 2210/2210/2210 2211/2211/2211 2208/2208/2208 
f 2229/2229/2229 2226/2226/2226 2209/2209/2209 
f 2229/2229/2229 2266/2266/2266 2226/2226/2226 
f 2208/2208/2208 2229/2229/2229 2209/2209/2209 
f 2232/2232/2232 2208/2208/2208 2211/2211/2211 
f 2229/2229/2229 2208/2208/2208 2230/2230/2230 
f 2208/2208/2208 2232/2232/2232 2233/2233/2233 
f 2233/2233/2233 2230/2230/2230 2208/2208/2208 
f 1542/1542/1542 1543/1543/1543 1544/1544/1544 
f 1564/1564/1564 1542/1542/1542 1544/1544/1544 
f 1564/1564/1564 1646/1646/1646 1542/1542/1542 
f 1564/1564/1564 1544/1544/1544 1651/1651/1651 
f 1564/1564/1564 1654/1654/1654 1646/1646/1646 
f 1667/1667/1667 1564/1564/1564 1651/1651/1651 
f 1564/1564/1564 1663/1663/1663 1654/1654/1654 
f 1663/1663/1663 1564/1564/1564 1667/1667/1667 
f 1414/1414/1414 1415/1415/1415 1416/1416/1416 
f 1414/1414/1414 1434/1434/1434 1415/1415/1415 
f 1414/1414/1414 1416/1416/1416 1512/1512/1512 
f 1414/1414/1414 1430/1430/1430 1434/1434/1434 
f 1512/1512/1512 1430/1430/1430 1414/1414/1414 
f 1430/1430/1430 1512/1512/1512 1513/1513/1513 
f 1513/1513/1513 1694/1694/1694 1430/1430/1430 
f 1434/1434/1434 1430/1430/1430 1426/1426/1426 
f 1431/1431/1431 1430/1430/1430 1694/1694/1694 
f 1430/1430/1430 1424/1424/1424 1426/1426/1426 
f 1430/1430/1430 1431/1431/1431 1424/1424/1424 
f 1424/1424/1424 1425/1425/1425 1426/1426/1426 
f 1431/1431/1431 1600/1600/1600 1424/1424/1424 
f 1424/1424/1424 1581/1581/1581 1425/1425/1425 
f 1424/1424/1424 1600/1600/1600 1582/1582/1582 
f 1581/1581/1581 1424/1424/1424 1582/1582/1582 
f 1582/1582/1582 1600/1600/1600 1583/1583/1583 
f 1581/1581/1581 1582/1582/1582 1583/1583/1583 
f 1581/1581/1581 1583/1583/1583 1601/1601/1601 
f 2073/2073/2073 2074/2074/2074 2075/2075/2075 
f 2073/2073/2073 2075/2075/2075 2143/2143/2143 
f 2073/2073/2073 2143/2143/2143 2148/2148/2148 
f 2074/2074/2074 2073/2073/2073 2076/2076/2076 
f 2148/2148/2148 2076/2076/2076 2073/2073/2073 
f 2128/2128/2128 2074/2074/2074 2076/2076/2076 
f 2128/2128/2128 2076/2076/2076 2133/2133/2133 
f 2076/2076/2076 2148/2148/2148 2152/2152/2152 
f 2076/2076/2076 2149/2149/2149 2133/2133/2133 
f 2076/2076/2076 2152/2152/2152 2153/2153/2153 
f 2149/2149/2149 2076/2076/2076 2153/2153/2153 
f 2276/2276/2276 2153/2153/2153 2152/2152/2152 
f 2153/2153/2153 2281/2281/2281 2149/2149/2149 
f 2275/2275/2275 2153/2153/2153 2276/2276/2276 
f 2153/2153/2153 2277/2277/2277 2281/2281/2281 
f 2153/2153/2153 2275/2275/2275 2277/2277/2277 
f 2281/2281/2281 2277/2277/2277 2293/2293/2293 
f 2277/2277/2277 2275/2275/2275 2293/2293/2293 
f 2294/2294/2294 2293/2293/2293 2275/2275/2275 
f 1383/1383/1383 1384/1384/1384 1385/1385/1385 
f 1384/1384/1384 1383/1383/1383 1432/1432/1432 
f 1385/1385/1385 1514/1514/1514 1383/1383/1383 
f 1386/1386/1386 1385/1385/1385 1384/1384/1384 
f 1514/1514/1514 1385/1385/1385 1477/1477/1477 
f 1386/1386/1386 1478/1478/1478 1385/1385/1385 
f 1477/1477/1477 1385/1385/1385 1478/1478/1478 
f 2023/2023/2023 2024/2024/2024 2025/2025/2025 
f 2024/2024/2024 2060/2060/2060 2025/2025/2025 
f 2024/2024/2024 2023/2023/2023 2067/2067/2067 
f 2060/2060/2060 2024/2024/2024 2063/2063/2063 
f 2103/2103/2103 2024/2024/2024 2067/2067/2067 
f 2103/2103/2103 2063/2063/2063 2024/2024/2024 
f 2063/2063/2063 2103/2103/2103 2144/2144/2144 
f 2105/2105/2105 2106/2106/2106 2107/2107/2107 
f 2106/2106/2106 2105/2105/2105 2146/2146/2146 
f 2146/2146/2146 2147/2147/2147 2106/2106/2106 
f 2227/2227/2227 2146/2146/2146 2105/2105/2105 
f 2272/2272/2272 2227/2227/2227 2105/2105/2105 
f 2227/2227/2227 2272/2272/2272 2273/2273/2273 
f 2227/2227/2227 2150/2150/2150 2146/2146/2146 
f 2150/2150/2150 2147/2147/2147 2146/2146/2146 
f 2273/2273/2273 2150/2150/2150 2227/2227/2227 
f 2150/2150/2150 2151/2151/2151 2147/2147/2147 
f 2274/2274/2274 2150/2150/2150 2273/2273/2273 
f 2151/2151/2151 2150/2150/2150 2274/2274/2274 
f 1850/1850/1850 1851/1851/1851 1852/1852/1852 
f 1853/1853/1853 1852/1852/1852 1851/1851/1851 
f 1859/1859/1859 1853/1853/1853 1851/1851/1851 
f 1850/1850/1850 1867/1867/1867 1851/1851/1851 
f 1895/1895/1895 1867/1867/1867 1850/1850/1850 
f 1900/1900/1900 1867/1867/1867 1895/1895/1895 
f 1851/1851/1851 1858/1858/1858 1859/1859/1859 
f 1867/1867/1867 1858/1858/1858 1851/1851/1851 
f 1858/1858/1858 1865/1865/1865 1859/1859/1859 
f 1858/1858/1858 1866/1866/1866 1865/1865/1865 
f 1858/1858/1858 1867/1867/1867 1869/1869/1869 
f 1866/1866/1866 1858/1858/1858 1869/1869/1869 
f 1867/1867/1867 1900/1900/1900 1869/1869/1869 
f 1869/1869/1869 1901/1901/1901 1866/1866/1866 
f 1869/1869/1869 1900/1900/1900 1901/1901/1901 
f 1371/1371/1371 1372/1372/1372 1373/1373/1373 
f 1371/1371/1371 1373/1373/1373 1433/1433/1433 
f 1433/1433/1433 1373/1373/1373 1435/1435/1435 
f 1433/1433/1433 1518/1518/1518 1371/1371/1371 
f 1435/1435/1435 1429/1429/1429 1433/1433/1433 
f 1427/1427/1427 1429/1429/1429 1435/1435/1435 
f 1518/1518/1518 1433/1433/1433 1577/1577/1577 
f 1518/1518/1518 1577/1577/1577 1579/1579/1579 
f 1577/1577/1577 1599/1599/1599 1579/1579/1579 
f 1584/1584/1584 1599/1599/1599 1577/1577/1577 
f 1427/1427/1427 1428/1428/1428 1429/1429/1429 
f 1428/1428/1428 1433/1433/1433 1429/1429/1429 
f 1433/1433/1433 1428/1428/1428 1577/1577/1577 
f 1428/1428/1428 1584/1584/1584 1577/1577/1577 
f 1427/1427/1427 1580/1580/1580 1428/1428/1428 
f 1428/1428/1428 1580/1580/1580 1584/1584/1584 
f 2455/2455/2455 2456/2456/2456 2457/2457/2457 
f 2519/2519/2519 2455/2455/2455 2457/2457/2457 
f 2489/2489/2489 2456/2456/2456 2455/2455/2455 
f 2519/2519/2519 2495/2495/2495 2455/2455/2455 
f 2495/2495/2495 2489/2489/2489 2455/2455/2455 
f 2456/2456/2456 2489/2489/2489 2491/2491/2491 
f 2495/2495/2495 2519/2519/2519 2521/2521/2521 
f 2524/2524/2524 2495/2495/2495 2521/2521/2521 
f 2489/2489/2489 2488/2488/2488 2491/2491/2491 
f 2524/2524/2524 2504/2504/2504 2495/2495/2495 
f 2487/2487/2487 2488/2488/2488 2489/2489/2489 
f 2489/2489/2489 2495/2495/2495 2487/2487/2487 
f 2504/2504/2504 2487/2487/2487 2495/2495/2495 
f 2488/2488/2488 2487/2487/2487 2490/2490/2490 
f 2487/2487/2487 2504/2504/2504 2505/2505/2505 
f 2490/2490/2490 2487/2487/2487 2505/2505/2505 
f 1527/1527/1527 1528/1528/1528 1529/1529/1529 
f 1527/1527/1527 1529/1529/1529 1540/1540/1540 
f 1527/1527/1527 1540/1540/1540 1578/1578/1578 
f 2250/2250/2250 2251/2251/2251 2252/2252/2252 
f 2251/2251/2251 2250/2250/2250 2259/2259/2259 
f 2250/2250/2250 2258/2258/2258 2259/2259/2259 

g Player4

v 0.202792 102.289 -0.244203 
v 0.132459 102.604 -0.347014 
v 0.230329 102.493 -0.487779 
v 0.204613 102.616 -0.303813 
v 0.180521 102.722 -0.376395 
v 0.233199 102.653 -0.367686 
v 0.184546 102.92 -0.418417 
v 0.146454 102.682 -0.327125 
v 0.264356 102.719 -0.344859 
v 0.204613 102.616 -0.303813 
v 0.233199 102.653 -0.367686 
v 0.39964 102.433 -0.533862 
v 0.287726 102.084 -0.337035 
v 0.149501 102.686 -0.336172 
v 0.419881 102.513 -0.39016 
v 0.299372 102.423 -0.36935 
v 0.363895 102.757 -0.554509 
v 0.255804 102.678 -0.285991 
v 0.189656 102.721 -0.15988 
v 0.138666 102.273 -0.17838 
v 0.0928971 102.816 -0.189144 
v 0.132483 102.74 -0.272528 
v 0.169059 102.707 -0.245431 
v 0.334725 102.103 -0.314677 
v 0.418117 102.116 -0.132416 
v 0.216318 102.737 -0.240991 
v 0.169059 102.707 -0.245431 
v 0.273243 102.898 -0.347679 
v 0.244374 102.953 -0.543841 
v 0.234624 102.886 -0.426242 
v 0.334805 102.738 -0.520012 
v 0.263766 102.792 -0.448699 
v 0.290589 102.811 -0.530028 
v 0.297714 102.768 -0.374174 
v 0.263766 102.792 -0.448699 
v 0.336857 102.693 -0.408151 
v 0.320151 102.704 -0.468172 
v 0.390808 102.744 -0.357508 
v 0.320151 102.704 -0.468172 
v 0.379806 102.819 -0.567104 
v 0.234624 102.886 -0.426242 
v 0.111398 102.874 -0.344617 
v 0.146732 102.856 -0.203347 
v 0.341871 102.962 -0.30816 
v 0.316384 102.624 -0.413965 
v 0.329765 102.64 -0.248008 
v 0.269957 102.869 -0.284972 
v 0.410515 102.593 -0.211627 
v 0.122768 102.804 -0.285886 
v 0.356114 102.907 -0.288694 
v 0.36703 102.918 -0.33201 
v 0.316384 102.624 -0.413965 
v 0.49634 102.395 -0.517763 
v 0.428153 102.255 -0.390485 
v 0.424099 102.189 -0.397341 
v 0.416214 102.668 -0.567883 
v 0.414519 102.629 -0.472172 
v 0.407337 102.629 -0.39559 
v 0.468767 102.65 -0.414966 
v 0.556771 102.472 -0.436952 
v 0.49428 102.63 -0.47124 
v 0.414519 102.629 -0.472172 
v 0.465714 102.706 -0.528021 
v 0.49428 102.63 -0.47124 
v 0.510177 102.226 -0.313823 
v 0.428153 102.255 -0.390485 
v 0.434788 102.377 -0.265868 
v 0.362845 101.998 -0.154991 
v 0.429454 102.134 -0.27564 
v 0.509382 102.248 -0.381466 
v 0.505114 102.093 -0.368664 
v 0.56816 102.178 -0.287407 
v 0.423085 102.308 -0.319656 
v 0.418804 102.886 -0.185402 
v 0.505261 102.541 -0.401803 
v 0.482443 102.397 -0.244632 
v 0.407094 102.705 -0.543822 
v 0.395063 102.975 -0.521263 
v 0.471774 102.808 -0.551783 
v 0.453603 102.828 -0.51723 
v 0.506849 102.771 -0.475914 
v 0.585443 102.751 -0.593134 
v 0.273243 102.898 -0.347679 
v 0.432057 102.906 -0.243557 
v 0.419881 102.513 -0.39016 
v 0.500167 102.736 -0.186638 
v 0.468417 102.955 -0.374416 
v 0.481152 102.739 -0.393242 
v 0.498351 102.641 -0.297331 
v 0.506849 102.771 -0.475914 
v 0.436794 102.899 -0.414454 
v 0.230192 101.968 0.010391 
v 0.1635 102.238 0.110116 
v 0.0449674 102.551 -0.0111036 
v 0.245622 102.294 -0.0604257 
v 0.415452 102.233 0.0261193 
v 0.134297 102.375 -0.0638915 
v 0.269693 102.376 -0.19043 
v 0.250845 101.918 -0.00193132 
v 0.221625 102.267 -0.102535 
v 0.449593 102.153 -0.289695 
v 0.456288 102.516 -0.284642 
v 0.221625 102.267 -0.102535 
v 0.287657 102.641 -0.167942 
v 0.194191 102.189 0.149484 
v 0.179096 102.185 0.222515 
v 0.17275 102.502 0.124927 
v 0.221625 102.267 -0.102535 
v 0.274917 102.292 0.252834 
v 0.0354951 102.594 0.19331 
v 0.294918 102.333 0.303496 
v 0.250845 101.918 -0.00193132 
v 0.413534 102.078 0.114839 
v 0.406538 102.42 0.343367 
v 0.0428334 102.687 -0.119424 
v 0.122768 102.804 -0.285886 
v 0.1766 102.751 0.0809835 
v 0.146732 102.856 -0.203347 
v 0.217178 102.858 -0.208842 
v 0.277766 102.715 0.0285133 
v 0.368596 102.478 -0.0057333 
v 0.189656 102.721 -0.15988 
v 0.245622 102.294 -0.0604257 
v 0.269693 102.376 -0.19043 
v 0.338631 102.776 -0.0420144 
v 0.0499592 103.029 -0.074203 
v 0.192481 102.593 0.430101 
v 0.157073 102.962 0.337817 
v 0.17275 102.502 0.124927 
v 0.1766 102.751 0.0809835 
v 0.274917 102.292 0.252834 
v 0.41946 102.499 0.175787 
v 0.470116 102.748 0.36873 
v 0.418498 102.756 0.249168 
v 0.391627 102.82 0.0743686 
v 0.351113 102.205 0.214487 
v 0.315935 102.368 0.242778 
v 0.467837 102.294 0.00994273 
v 0.413534 102.078 0.114839 
v 0.418117 102.116 -0.132416 
v 0.492245 101.75 -0.189902 
v 0.517079 102.069 -0.138785 
v 0.503247 102.095 0.219159 
v 0.416886 102.108 0.214577 
v 0.501705 102.362 0.25032 
v 0.416886 102.108 0.214577 
v 0.362907 102.216 0.335124 
v 0.351113 102.205 0.214487 
v 0.315935 102.368 0.242778 
v 0.448286 102.258 0.437177 
v 0.349503 102.324 0.408723 
v 0.411201 102.14 0.354452 
v 0.488917 102.133 0.319293 
v 0.503247 102.095 0.219159 
v 0.449593 102.153 -0.289695 
v 0.415452 102.233 0.0261193 
v 0.516098 102.701 -0.109054 
v 0.323827 102.721 0.271556 
v 0.462443 102.768 -0.108541 
v 0.484657 102.537 -0.0411114 
v 0.564776 102.967 -0.126905 
v 0.577208 102.549 -0.0895942 
v 0.526056 102.389 -0.0107974 
v 0.548111 102.703 -0.0544596 
v 0.323827 102.721 0.271556 
v 0.418498 102.756 0.249168 
v 0.418305 102.691 0.455195 
v 0.46579 102.963 0.112101 
v 0.561804 102.394 0.103658 
v 0.58068 102.583 0.456737 
v 0.329013 102.977 -0.217454 
v 0.220414 102.895 -0.424217 
v 0.248494 102.92 -0.512727 
v 0.161576 103.04 -0.41016 
v 0.164178 102.884 -0.420747 
v 0.165149 103.011 -0.405191 
v 0.328309 103.077 -0.464416 
v 0.220414 102.895 -0.424217 
v 0.348191 102.977 -0.557148 
v 0.203794 103.07 -0.494468 
v 0.260933 102.895 -0.345888 
v 0.165149 103.011 -0.405191 
v 0.210402 103.015 -0.318882 
v 0.253917 103.037 -0.375424 
v 0.283097 102.881 -0.376013 
v 0.317825 103.053 -0.425405 
v 0.115983 103.064 -0.347197 
v 0.214076 103.113 -0.429074 
v 0.170699 103.155 -0.388198 
v 0.217644 103.191 -0.4566 
v 0.214076 103.113 -0.429074 
v 0.327786 103.184 -0.529082 
v 0.315888 103.339 -0.470705 
v 0.30979 103.342 -0.369818 
v 0.176743 103.126 -0.325776 
v 0.21916 103.134 -0.324276 
v 0.170699 103.155 -0.388198 
v 0.176743 103.126 -0.325776 
v 0.225468 103.086 -0.328602 
v 0.244471 103.06 -0.298864 
v 0.225468 103.086 -0.328602 
v 0.434697 102.961 -0.301991 
v 0.328309 103.077 -0.464416 
v 0.315269 103.243 -0.289587 
v 0.30979 103.342 -0.369818 
v 0.452598 103.018 -0.545286 
v 0.317825 103.053 -0.425405 
v 0.488976 103.132 -0.53295 
v 0.434665 103.257 -0.406483 
v 0.494806 103 -0.464942 
v 0.524476 102.979 -0.507109 
v 0.424523 103.095 -0.394576 
v 0.466607 103.132 -0.494591 
v 0.454357 103.274 -0.50472 
v 0.453603 102.828 -0.51723 
v 0.515612 102.799 -0.372173 
v 0.434424 103.126 -0.271717 
v 0.434665 103.257 -0.406483 
v 0.479033 102.914 -0.421163 
v 0.510288 103.069 -0.283166 
v 0.494806 103 -0.464942 
v 0.463219 103.194 -0.326447 
v 0.500736 103.266 -0.417068 
v 0.355872 103.301 -0.364504 
v 0.400716 103.343 -0.473743 
v 0.4205 103.375 -0.452678 
v 0.394861 103.547 -0.400981 
v 0.530704 103.413 -0.502249 
v 0.400716 103.343 -0.473743 
v 0.466607 103.132 -0.494591 
v 0.500736 103.266 -0.417068 
v 0.510558 103.567 -0.418894 
v 0.460458 103.427 -0.372093 
v 0.423018 103.306 -0.31916 
v 0.460458 103.427 -0.372093 
v 0.394861 103.547 -0.400981 
v 0.375235 103.465 -0.320913 
v 0.517095 103.684 -0.232722 
v 0.0982586 102.862 -0.253576 
v 0.111956 102.988 -0.266367 
v 0.146377 103.012 -0.216987 
v 0.161677 103.079 -0.189569 
v 0.204297 102.986 -0.231631 
v 0.0452034 103.09 0.161193 
v 0.327054 102.985 -0.123764 
v 0.161677 103.079 -0.189569 
v 0.146377 103.012 -0.216987 
v 0.283894 103.169 -0.211942 
v 0.3381 103.093 -0.293177 
v 0.0626799 103.218 -0.217688 
v 0.177432 103.318 0.056725 
v 0.0626799 103.218 -0.217688 
v 0.351689 103.147 0.323487 
v 0.177432 103.318 0.056725 
v 0.579204 102.957 -0.110466 
v 0.513993 103.248 -0.298107 
v 0.439819 103.275 -0.055394 
v 0.371262 103.132 0.223388 
v 0.545493 103.151 0.389606 
v 0.371262 103.132 0.223388 
v 0.394578 103.39 0.104924 
v 0.407221 102.936 -0.200297 
v 0.470116 102.748 0.36873 
v 0.509215 103.148 0.148023 
v 0.351689 103.147 0.323487 
v 0.453769 103.316 -0.22066 
v 0.436441 103.534 -0.188349 
v 0.580387 103.09 -0.283617 
v 0.517095 103.684 -0.232722 
v 0.493944 103.371 -0.127158 
v 0.618329 103.296 -0.156042 
v 0.621373 103.431 0.242478 
v 0.394578 103.39 0.104924 
v 0.571097 103.543 -0.117408 
v 0.429454 102.134 -0.27564 
v 0.611947 102.45 -0.325672 
v 0.423085 102.308 -0.319656 
v 0.663209 102.095 -0.376289 
v 0.650944 102.23 -0.373289 
v 0.650944 102.23 -0.373289 
v 0.564962 101.971 -0.28944 
v 0.660591 102.367 -0.551695 
v 0.644063 102.326 -0.414379 
v 0.611947 102.45 -0.325672 
v 0.669186 102.422 -0.474571 
v 0.734787 102.217 -0.266199 
v 0.535479 101.971 -0.214086 
v 0.741129 102.262 -0.293028 
v 0.602234 102.48 -0.214268 
v 0.510177 102.226 -0.313823 
v 0.587228 102.35 -0.203182 
v 0.665133 101.895 -0.270337 
v 0.597152 102.363 -0.177499 
v 0.56816 102.178 -0.287407 
v 0.622122 102.573 -0.270774 
v 0.556771 102.472 -0.436952 
v 0.652749 102.901 -0.466801 
v 0.676045 102.69 -0.432348 
v 0.544166 102.805 -0.431425 
v 0.589298 102.844 -0.492595 
v 0.547206 102.831 -0.329381 
v 0.592974 102.679 -0.374157 
v 0.67128 102.741 -0.313425 
v 0.667015 102.785 -0.278954 
v 0.676045 102.69 -0.432348 
v 0.589298 102.844 -0.492595 
v 0.65777 102.888 -0.515549 
v 0.76958 102.319 -0.352312 
v 0.819666 102.462 -0.364392 
v 0.760981 102.533 -0.488796 
v 0.819666 102.462 -0.364392 
v 0.861001 102.526 -0.387454 
v 0.734787 102.217 -0.266199 
v 0.669186 102.422 -0.474571 
v 0.804082 102.128 -0.316052 
v 0.809219 102.445 -0.289134 
v 0.747679 101.952 -0.240651 
v 0.773752 101.814 -0.201327 
v 0.741129 102.262 -0.293028 
v 0.594323 102.219 -0.104841 
v 0.809219 102.445 -0.289134 
v 0.719421 102.529 -0.250237 
v 0.952007 102.495 -0.160812 
v 0.828078 102.181 -0.20549 
v 0.967919 102.367 -0.248354 
v 0.973922 102.871 -0.189347 
v 0.733353 102.831 -0.516761 
v 0.652749 102.901 -0.466801 
v 0.785649 102.772 -0.415126 
v 0.74633 102.808 -0.480411 
v 0.750007 102.643 -0.361974 
v 0.769225 102.863 -0.365807 
v 0.890511 102.892 -0.379434 
v 0.822939 102.911 -0.402706 
v 0.67114 102.676 -0.331282 
v 0.750007 102.643 -0.361974 
v 0.769225 102.863 -0.365807 
v 0.691888 102.836 -0.226892 
v 0.776477 102.829 -0.317076 
v 0.776477 102.829 -0.317076 
v 0.535479 101.971 -0.214086 
v 0.583627 102.307 -0.082682 
v 0.517079 102.069 -0.138785 
v 0.645585 101.865 -0.155458 
v 0.591031 102.498 -0.0579978 
v 0.610504 102.597 0.103705 
v 0.551956 102.201 0.358822 
v 0.600188 102.184 0.204341 
v 0.501705 102.362 0.25032 
v 0.600188 102.184 0.204341 
v 0.74151 102.4 0.144069 
v 0.84644 102.789 -0.103965 
v 0.725784 102.503 0.328046 
v 0.539593 102.87 0.0426645 
v 0.842163 102.628 0.0312381 
v 0.660913 102.917 0.143706 
v 0.645585 101.865 -0.155458 
v 0.747281 101.905 -0.139384 
v 0.747281 101.905 -0.139384 
v 0.828078 102.181 -0.20549 
v 0.963456 102.03 -0.0765793 
v 0.952007 102.495 -0.160812 
v 0.913545 102.479 -0.0774086 
v 0.781176 102.342 -0.018415 
v 0.71905 102.463 0.333816 
v 0.74151 102.4 0.144069 
v 0.781176 102.342 -0.018415 
v 0.929445 102.317 0.143971 
v 0.938002 102.751 0.0586751 
v 0.884336 102.777 0.218802 
v 0.739976 102.856 0.0920518 
v 0.739976 102.856 0.0920518 
v 0.849655 102.802 -0.185468 
v 0.938002 102.751 0.0586751 
v 0.918553 102.854 0.00172614 
v 0.939576 102.978 0.0596463 
v 0.842163 102.628 0.0312381 
v 0.84644 102.789 -0.103965 
v 0.744903 102.886 0.23786 
v 0.750982 102.992 0.363168 
v 0.849413 103.063 -0.0333817 
v 0.524476 102.979 -0.507109 
v 0.584299 103.171 -0.535817 
v 0.613586 103.089 -0.483385 
v 0.63292 103.007 -0.545546 
v 0.605575 103.205 -0.379262 
v 0.649822 103.076 -0.218678 
v 0.610282 103.373 -0.122625 
v 0.778432 102.998 -0.196768 
v 0.65812 103.369 -0.319317 
v 0.605575 103.205 -0.379262 
v 0.688236 103.487 -0.403899 
v 0.624704 103.694 -0.316874 
v 0.657939 103.54 -0.10855 
v 0.707326 103.659 -0.215109 
v 0.666283 103.68 -0.104243 
v 0.519755 103.578 -0.0879125 
v 0.631263 103.524 -0.191958 
v 0.530865 103.43 -0.123967 
v 0.571989 103.717 -0.14133 
v 0.666283 103.68 -0.104243 
v 0.594684 103.295 -0.0884021 
v 0.686967 103.294 -0.138844 
v 0.741288 103.46 -0.150816 
v 0.661496 103.687 -0.111082 
v 0.631263 103.524 -0.191958 
v 0.571989 103.717 -0.14133 
v 0.753747 102.977 -0.494804 
v 0.725361 103.202 -0.470856 
v 0.808277 103.249 -0.28308 
v 0.812654 103.2 -0.358973 
v 0.769042 103.138 -0.259431 
v 0.769042 103.138 -0.259431 
v 0.869709 103.119 -0.0493446 
v 0.778432 102.998 -0.196768 
v 0.65812 103.369 -0.319317 
v 0.787151 103.517 -0.259739 
v 0.657939 103.54 -0.10855 
v 0.741288 103.46 -0.150816 
v 0.736425 103.403 -0.111572 
v 0.686967 103.294 -0.138844 
v 0.728091 103.581 -0.156207 
v 0.841145 103.378 -0.129354 
v 0.813478 103.374 0.0114089 
v 0.618329 103.296 -0.156042 
v 0.558367 103.245 0.0127942 
v 0.573064 103.218 0.0277561 
v 0.502432 103.356 0.0354205 
v 0.702128 103.02 0.120598 
v 0.677736 103.235 0.0119397 
v 0.57792 103.261 0.137574 
v 0.534845 103.328 0.184862 
v 0.616986 103.373 0.223014 
v 0.744903 102.886 0.23786 
v 0.641699 103.283 0.164517 
v 0.459315 103.49 -0.0370548 
v 0.492646 103.539 0.0331386 
v 0.570512 103.663 0.0191162 
v 0.636662 103.472 0.0796876 
v 0.459315 103.49 -0.0370548 
v 0.570512 103.663 0.0191162 
v 0.675184 103.679 0.00329973 
v 0.67697 103.381 0.0628055 
v 0.533711 103.454 0.145058 
v 0.595841 103.501 0.177768 
v 0.595841 103.501 0.177768 
v 0.662396 103.552 0.124022 
v 0.755602 103.358 -0.00208268 
v 0.677736 103.235 0.0119397 
v 0.819426 103.243 -0.00593812 
v 0.833796 103.243 0.201256 
v 0.706605 103.36 0.116538 
v 0.641699 103.283 0.164517 
v 0.67697 103.381 0.0628055 
v 0.745816 103.542 -0.00436457 
v 0.616986 103.373 0.223014 
v 0.702695 103.456 0.157424 

vn -0.937008 -0.330709 0.102362 
vn -0.992126 -0.0472441 -0.11811 
vn -0.629921 -0.212598 -0.748031 
vn -0.015748 -0.976378 0.204724 
vn -0.464567 -0.330709 -0.818898 
vn 0.338583 -0.574803 -0.748031 
vn -0.937008 0.23622 -0.267717 
vn -0.84252 -0.464567 -0.275591 
vn 0.937008 -0.244094 -0.244094 
vn -0.015748 -0.976378 0.204724 
vn 0.338583 -0.574803 -0.748031 
vn 0.141732 -0.244094 -0.96063 
vn -0.527559 -0.755906 -0.385827 
vn -0.645669 0.015748 -0.76378 
vn 0.291339 0.0314961 -0.952756 
vn -0.299213 -0.149606 -0.944882 
vn 0.11811 0.0314961 -0.992126 
vn 0.80315 -0.377953 0.456693 
vn -0.826772 0.173228 0.535433 
vn -0.866142 -0.314961 -0.393701 
vn -0.96063 0.19685 -0.212598 
vn -0.889764 -0.346457 0.291339 
vn -0.330709 -0.456693 0.826772 
vn -0.212598 -0.503937 -0.834646 
vn 0.125984 -0.779528 0.614173 
vn 0.433071 -0.275591 0.858268 
vn -0.330709 -0.456693 0.826772 
vn -0.0472441 0.409449 -0.913386 
vn -0.425197 0.251969 -0.866142 
vn 0.354331 -0.0866142 -0.929134 
vn -0.551181 -0.456693 -0.692913 
vn -0.905512 -0.425197 -0.0708661 
vn -0.637795 -0.244094 -0.732283 
vn -0.582677 -0.409449 0.708661 
vn -0.905512 -0.425197 -0.0708661 
vn -0.653543 -0.622047 0.433071 
vn -0.748031 -0.622047 -0.244094 
vn 0.0629921 -0.244094 0.968504 
vn -0.748031 -0.622047 -0.244094 
vn -0.11811 -0.102362 -0.984252 
vn 0.354331 -0.0866142 -0.929134 
vn -0.929134 -0.0866142 -0.362205 
vn -0.338583 -0.0787402 0.937008 
vn -0.818898 0.181102 0.543307 
vn -0.96063 -0.15748 -0.23622 
vn -0.771654 -0.0866142 0.629921 
vn 0.92126 0.0314961 0.385827 
vn 0.417323 -0.23622 -0.874016 
vn -0.464567 -0.0787402 -0.88189 
vn 0.307087 0.0787402 -0.944882 
vn 0.149606 -0.173228 0.976378 
vn -0.96063 -0.15748 -0.23622 
vn -0.377953 -0.401575 -0.834646 
vn -0.692913 -0.700787 -0.149606 
vn 0.244094 -0.598425 -0.76378 
vn -0.511811 -0.0866142 -0.858268 
vn -0.228346 -0.889764 -0.393701 
vn -0.0944882 -0.700787 0.700787 
vn 0.637795 -0.496063 0.590551 
vn 0.779528 -0.0944882 -0.614173 
vn 0.795276 -0.566929 -0.212598 
vn -0.228346 -0.889764 -0.393701 
vn 0.496063 -0.330709 -0.80315 
vn 0.795276 -0.566929 -0.212598 
vn 0.614173 -0.291339 -0.740157 
vn -0.692913 -0.700787 -0.149606 
vn -0.590551 -0.425197 0.685039 
vn -0.023622 -0.92126 -0.385827 
vn -0.992126 -0.102362 0.0944882 
vn -0.417323 0.0708661 -0.905512 
vn -0.472441 -0.346457 -0.811024 
vn 0.826772 -0.527559 -0.204724 
vn -0.905512 0.370079 -0.212598 
vn -0.984252 -0.015748 0.173228 
vn -0.708661 -0.259843 -0.653543 
vn -0.874016 -0.480315 0.0708661 
vn -0.110236 -0.433071 -0.897638 
vn -0.574803 0.149606 -0.80315 
vn 0.574803 -0.0393701 -0.818898 
vn 0.661417 0.251969 -0.708661 
vn 0.992126 -0.0393701 -0.102362 
vn 0.133858 0.0472441 -0.992126 
vn -0.0472441 0.409449 -0.913386 
vn 0.716535 0.566929 -0.409449 
vn 0.291339 0.0314961 -0.952756 
vn -0.110236 0.0551181 0.992126 
vn 0.740157 -0.0708661 0.669291 
vn 0.724409 -0.11811 0.685039 
vn 0.740157 0.244094 -0.629921 
vn 0.992126 -0.0393701 -0.102362 
vn -0.748031 0.0944882 -0.653543 
vn -0.566929 -0.787402 0.228346 
vn -0.787402 -0.267717 0.559055 
vn -0.976378 0.00787402 0.228346 
vn -0.629921 -0.275591 0.724409 
vn 0.496063 -0.818898 -0.283465 
vn -0.740157 -0.527559 -0.409449 
vn -0.0866142 -0.519685 -0.850394 
vn -0.88189 -0.181102 -0.440945 
vn -0.866142 -0.0551181 -0.503937 
vn -0.346457 -0.141732 -0.929134 
vn -0.362205 0.11811 -0.929134 
vn -0.866142 -0.0551181 -0.503937 
vn -0.740157 0.291339 -0.606299 
vn -0.551181 -0.811024 0.204724 
vn -0.92126 0.0472441 0.377953 
vn -0.952756 0.204724 0.23622 
vn -0.866142 -0.0551181 -0.503937 
vn -0.15748 -0.102362 0.984252 
vn -0.937008 -0.173228 0.299213 
vn -0.0551181 -0.566929 0.818898 
vn -0.88189 -0.181102 -0.440945 
vn 0.417323 -0.551181 0.724409 
vn -0.346457 0.228346 0.913386 
vn -0.929134 -0.181102 -0.314961 
vn -0.464567 -0.0787402 -0.88189 
vn -0.511811 0.377953 0.771654 
vn -0.338583 -0.0787402 0.937008 
vn 0.464567 -0.023622 0.88189 
vn -0.88189 0.472441 -0.0393701 
vn -0.125984 0 0.992126 
vn -0.826772 0.173228 0.535433 
vn -0.629921 -0.275591 0.724409 
vn -0.0866142 -0.519685 -0.850394 
vn -0.110236 0.370079 0.92126 
vn -0.984252 0.133858 -0.0866142 
vn -0.322835 -0.133858 0.937008 
vn -0.496063 0.251969 0.826772 
vn -0.952756 0.204724 0.23622 
vn -0.511811 0.377953 0.771654 
vn -0.15748 -0.102362 0.984252 
vn 0.385827 0.181102 0.905512 
vn 0.496063 0.015748 0.866142 
vn -0.433071 0.409449 0.80315 
vn 0.362205 0.535433 0.76378 
vn -0.913386 -0.338583 -0.23622 
vn -0.984252 -0.0866142 -0.133858 
vn -0.251969 -0.354331 -0.897638 
vn 0.417323 -0.551181 0.724409 
vn 0.125984 -0.779528 0.614173 
vn -0.354331 -0.23622 -0.905512 
vn 0.795276 -0.590551 -0.110236 
vn 0.362205 -0.913386 -0.19685 
vn -0.527559 -0.787402 -0.322835 
vn 0.685039 -0.464567 0.551181 
vn -0.527559 -0.787402 -0.322835 
vn -0.866142 -0.385827 0.307087 
vn -0.913386 -0.338583 -0.23622 
vn -0.984252 -0.0866142 -0.133858 
vn -0.015748 -0.322835 0.944882 
vn -0.716535 -0.149606 0.685039 
vn -0.401575 -0.700787 0.590551 
vn 0.307087 -0.818898 0.488189 
vn 0.362205 -0.913386 -0.19685 
vn -0.346457 -0.141732 -0.929134 
vn 0.496063 -0.818898 -0.283465 
vn 0.700787 0.354331 0.614173 
vn -0.992126 0.0866142 0.0787402 
vn -0.614173 -0.370079 -0.692913 
vn -0.370079 -0.275591 -0.889764 
vn -0.338583 0.724409 -0.606299 
vn 0.811024 -0.275591 -0.511811 
vn 0.527559 -0.125984 0.84252 
vn 0.905512 0.362205 0.220472 
vn -0.992126 0.0866142 0.0787402 
vn -0.433071 0.409449 0.80315 
vn -0.456693 0.110236 0.88189 
vn -0.559055 0.76378 0.322835 
vn 0.818898 -0.023622 0.574803 
vn 0.299213 -0.0629921 0.952756 
vn 0.0393701 0.700787 0.708661 
vn -0.929134 -0.370079 -0.00787402 
vn -0.677165 -0.133858 -0.724409 
vn -0.590551 0.19685 -0.779528 
vn -0.496063 -0.110236 -0.866142 
vn -0.984252 -0.15748 0.0314961 
vn 0.19685 0.795276 -0.574803 
vn -0.929134 -0.370079 -0.00787402 
vn -0.15748 0.0629921 -0.984252 
vn -0.716535 0.0472441 -0.700787 
vn -0.480315 -0.346457 0.80315 
vn -0.984252 -0.15748 0.0314961 
vn -0.566929 -0.181102 0.80315 
vn 0.929134 0.299213 -0.204724 
vn 0.952756 -0.00787402 -0.307087 
vn -0.937008 0.267717 -0.212598 
vn -0.913386 0.346457 -0.212598 
vn 0.23622 0.519685 -0.826772 
vn -0.952756 0.275591 0.149606 
vn -0.771654 0.370079 -0.511811 
vn 0.23622 0.519685 -0.826772 
vn -0.220472 0.220472 -0.952756 
vn -0.472441 0.598425 -0.645669 
vn -0.598425 0.700787 0.377953 
vn -0.133858 0.96063 0.251969 
vn -0.606299 0.149606 0.779528 
vn -0.952756 0.275591 0.149606 
vn -0.133858 0.96063 0.251969 
vn -0.614173 0.748031 0.259843 
vn 0.787402 0.433071 0.433071 
vn -0.614173 0.748031 0.259843 
vn 0.740157 0.637795 0.212598 
vn 0.19685 0.795276 -0.574803 
vn -0.220472 0.244094 0.944882 
vn -0.598425 0.700787 0.377953 
vn 0.527559 0.110236 -0.84252 
vn -0.937008 0.267717 -0.212598 
vn -0.0629921 0.425197 -0.905512 
vn -0.433071 0.897638 -0.0866142 
vn 0.992126 0.0314961 -0.102362 
vn -0.535433 -0.204724 -0.818898 
vn -0.952756 -0.299213 0.023622 
vn -0.614173 -0.110236 -0.779528 
vn 0.503937 0.283465 -0.818898 
vn 0.661417 0.251969 -0.708661 
vn 0.913386 0.370079 -0.181102 
vn -0.330709 0.433071 0.84252 
vn -0.433071 0.897638 -0.0866142 
vn -0.929134 -0.346457 -0.133858 
vn -0.622047 -0.291339 0.724409 
vn 0.992126 0.0314961 -0.102362 
vn 0.669291 -0.015748 0.740157 
vn 0.984252 0.165354 -0.023622 
vn -0.984252 -0.141732 0.0708661 
vn -0.685039 0.0629921 -0.732283 
vn 0.212598 0.692913 -0.685039 
vn -0.755906 0.464567 -0.464567 
vn 0.00787402 0.267717 -0.96063 
vn -0.685039 0.0629921 -0.732283 
vn -0.614173 -0.110236 -0.779528 
vn 0.984252 0.165354 -0.023622 
vn -0.0944882 0.574803 -0.811024 
vn 0.566929 0.740157 0.346457 
vn 0.322835 0.267717 0.905512 
vn 0.566929 0.740157 0.346457 
vn -0.755906 0.464567 -0.464567 
vn -0.968504 0.15748 0.204724 
vn -0.543307 0.80315 0.244094 
vn -0.944882 -0.0866142 0.322835 
vn -0.92126 0.23622 0.307087 
vn -0.307087 0.370079 0.874016 
vn -0.566929 0.811024 -0.11811 
vn 0.488189 0.291339 0.826772 
vn -0.874016 0.299213 0.377953 
vn 0.409449 0.858268 0.299213 
vn -0.566929 0.811024 -0.11811 
vn -0.307087 0.370079 0.874016 
vn 0.204724 0.503937 -0.84252 
vn 0.0787402 -0.0944882 0.992126 
vn -0.629921 0.440945 -0.637795 
vn -0.440945 0.874016 0.212598 
vn -0.629921 0.440945 -0.637795 
vn 0.165354 0.511811 0.84252 
vn -0.440945 0.874016 0.212598 
vn 0.818898 0.188976 -0.535433 
vn -0.716535 0.385827 -0.582677 
vn 0.582677 0.740157 -0.338583 
vn -0.929134 0.181102 0.314961 
vn -0.181102 0.330709 0.92126 
vn -0.929134 0.181102 0.314961 
vn -0.874016 0.480315 0.11811 
vn -0.653543 -0.133858 -0.748031 
vn 0.496063 0.015748 0.866142 
vn 0.716535 0.598425 0.370079 
vn 0.165354 0.511811 0.84252 
vn -0.653543 -0.228346 0.724409 
vn -0.740157 0.165354 0.653543 
vn 0.362205 0.433071 0.826772 
vn -0.543307 0.80315 0.244094 
vn -0.897638 0.425197 0.11811 
vn 0.023622 0.370079 -0.929134 
vn 0.0708661 0.677165 0.732283 
vn -0.874016 0.480315 0.11811 
vn -0.307087 0.0787402 0.952756 
vn -0.992126 -0.102362 0.0944882 
vn -0.251969 0.952756 -0.165354 
vn -0.905512 0.370079 -0.212598 
vn 0.188976 -0.299213 -0.937008 
vn 0.456693 -0.889764 0.0551181 
vn 0.456693 -0.889764 0.0551181 
vn -0.472441 -0.661417 -0.590551 
vn 0.322835 -0.385827 -0.866142 
vn 0.0629921 0.181102 -0.984252 
vn -0.251969 0.952756 -0.165354 
vn -0.0393701 -0.338583 -0.937008 
vn 0.023622 -0.976378 -0.204724 
vn -0.795276 -0.503937 0.338583 
vn 0.307087 -0.0787402 -0.952756 
vn 0.952756 0.0629921 -0.307087 
vn 0.614173 -0.291339 -0.740157 
vn 0.110236 -0.385827 0.92126 
vn 0.0944882 -0.76378 -0.645669 
vn 0.944882 -0.165354 0.275591 
vn 0.826772 -0.527559 -0.204724 
vn 0.992126 0.149606 -0.00787402 
vn 0.779528 -0.0944882 -0.614173 
vn 0.023622 0.141732 -0.992126 
vn -0.023622 -0.677165 -0.740157 
vn -0.771654 -0.480315 -0.409449 
vn -0.354331 -0.377953 -0.858268 
vn -0.708661 -0.338583 0.622047 
vn -0.685039 -0.716535 0.0944882 
vn 0.0787402 0.267717 -0.96063 
vn -0.0314961 -0.299213 0.952756 
vn -0.023622 -0.677165 -0.740157 
vn -0.354331 -0.377953 -0.858268 
vn 0.0629921 -0.251969 -0.968504 
vn 0.614173 0.141732 -0.779528 
vn 0.968504 -0.220472 0.133858 
vn 0.795276 -0.110236 -0.598425 
vn 0.968504 -0.220472 0.133858 
vn 0.606299 -0.15748 -0.779528 
vn 0.023622 -0.976378 -0.204724 
vn -0.0393701 -0.338583 -0.937008 
vn 0.779528 -0.212598 -0.582677 
vn 0.787402 0.614173 0.023622 
vn 0.748031 -0.527559 -0.401575 
vn 0.370079 -0.188976 -0.913386 
vn 0.307087 -0.0787402 -0.952756 
vn -0.244094 0.19685 0.952756 
vn 0.787402 0.614173 0.023622 
vn 0.606299 -0.110236 0.787402 
vn 0.866142 0.0472441 -0.488189 
vn 0.874016 0.0787402 0.472441 
vn 0.905512 -0.393701 -0.173228 
vn 0.992126 0.110236 -0.0629921 
vn 0.724409 0.19685 -0.661417 
vn 0.023622 0.141732 -0.992126 
vn 0.874016 -0.330709 -0.354331 
vn 0.456693 -0.291339 -0.84252 
vn 0.645669 -0.732283 0.204724 
vn 0.952756 0.267717 0.141732 
vn 0.669291 0.149606 -0.724409 
vn 0.984252 -0.0629921 -0.15748 
vn -0.110236 -0.677165 0.724409 
vn 0.645669 -0.732283 0.204724 
vn 0.952756 0.267717 0.141732 
vn 0.519685 0.181102 0.834646 
vn 0.724409 -0.204724 0.661417 
vn 0.724409 -0.204724 0.661417 
vn -0.795276 -0.503937 0.338583 
vn 0.976378 -0.173228 0.0944882 
vn 0.795276 -0.590551 -0.110236 
vn -0.0866142 -0.700787 0.708661 
vn -0.598425 -0.377953 0.708661 
vn 0.968504 -0.228346 0.102362 
vn 0.582677 -0.503937 0.637795 
vn 0.716535 -0.653543 -0.244094 
vn 0.685039 -0.464567 0.551181 
vn 0.716535 -0.653543 -0.244094 
vn 0.80315 -0.488189 -0.338583 
vn 0.606299 -0.283465 -0.740157 
vn 0.377953 0.212598 0.905512 
vn -0.614173 -0.0787402 0.779528 
vn 0.76378 -0.464567 -0.456693 
vn 0.952756 0.15748 0.244094 
vn -0.0866142 -0.700787 0.708661 
vn 0.669291 -0.401575 0.622047 
vn 0.669291 -0.401575 0.622047 
vn 0.874016 0.0787402 0.472441 
vn 0.929134 -0.0708661 -0.370079 
vn 0.866142 0.0472441 -0.488189 
vn 0.76378 -0.291339 0.582677 
vn 0.110236 -0.535433 0.834646 
vn 0.755906 -0.291339 0.582677 
vn 0.80315 -0.488189 -0.338583 
vn 0.110236 -0.535433 0.834646 
vn 0.913386 0.0787402 0.393701 
vn 0.937008 0.228346 0.275591 
vn 0.905512 -0.133858 0.401575 
vn 0.0944882 -0.0629921 0.992126 
vn 0.0944882 -0.0629921 0.992126 
vn 0.629921 0.322835 -0.708661 
vn 0.937008 0.228346 0.275591 
vn 0.755906 0.023622 0.653543 
vn 1 0.0314961 -0.015748 
vn 0.76378 -0.464567 -0.456693 
vn 0.606299 -0.283465 -0.740157 
vn 0.362205 0.385827 0.850394 
vn 0.543307 0.133858 0.826772 
vn 0.645669 0.748031 -0.15748 
vn -0.535433 -0.204724 -0.818898 
vn 0.0314961 0.102362 -0.992126 
vn 0.590551 0.448819 -0.669291 
vn 0.0629921 -0.0393701 -1 
vn 0.661417 0.740157 0.125984 
vn 0.00787402 -0.259843 0.968504 
vn -0.0629921 -0.212598 0.976378 
vn 0.417323 0.0629921 -0.905512 
vn 0.00787402 0.559055 -0.826772 
vn 0.661417 0.740157 0.125984 
vn 0.566929 0.362205 -0.740157 
vn 0.283465 0.787402 -0.543307 
vn -0.0551181 0.992126 0.125984 
vn 0.755906 0.653543 0.023622 
vn 0.251969 0.456693 0.850394 
vn -0.92126 0.181102 -0.338583 
vn -0.0708661 0.00787402 -1 
vn -0.748031 -0.188976 -0.629921 
vn -0.464567 0.614173 -0.637795 
vn 0.251969 0.456693 0.850394 
vn -0.488189 -0.590551 -0.637795 
vn 0.314961 -0.519685 -0.795276 
vn 0.661417 -0.015748 0.748031 
vn 0.527559 0.755906 -0.393701 
vn -0.0708661 0.00787402 -1 
vn -0.464567 0.614173 -0.637795 
vn 0.598425 0.015748 -0.795276 
vn 0.606299 0.19685 -0.771654 
vn 0.645669 0.393701 -0.653543 
vn 0.984252 0.0944882 -0.141732 
vn 0.724409 -0.133858 0.677165 
vn 0.724409 -0.133858 0.677165 
vn 0.850394 0.23622 -0.472441 
vn 0.417323 0.0629921 -0.905512 
vn 0.00787402 0.559055 -0.826772 
vn 0.96063 0.259843 -0.0629921 
vn -0.0551181 0.992126 0.125984 
vn 0.661417 -0.015748 0.748031 
vn 0.866142 -0.173228 -0.472441 
vn 0.314961 -0.519685 -0.795276 
vn 0.748031 0.220472 -0.629921 
vn 0.858268 0.511811 0 
vn 0.755906 0.590551 -0.283465 
vn 0.023622 0.370079 -0.929134 
vn -0.645669 0.188976 0.740157 
vn -0.527559 -0.84252 -0.0944882 
vn -0.968504 -0.251969 -0.0314961 
vn 0.141732 0.826772 0.551181 
vn 0.574803 -0.818898 -0.00787402 
vn -0.393701 -0.787402 0.480315 
vn -0.685039 -0.23622 0.685039 
vn 0.0944882 -0.0629921 0.992126 
vn 0.362205 0.385827 0.850394 
vn 0.464567 -0.582677 0.669291 
vn -0.440945 0.708661 -0.551181 
vn -0.952756 0.228346 0.188976 
vn -0.496063 0.740157 0.448819 
vn 0.283465 0.96063 0.023622 
vn -0.440945 0.708661 -0.551181 
vn -0.496063 0.740157 0.448819 
vn 0.551181 0.748031 0.377953 
vn 0.015748 0.393701 0.92126 
vn -0.795276 0.220472 0.559055 
vn -0.204724 0.448819 0.866142 
vn -0.204724 0.448819 0.866142 
vn 0.433071 0.559055 0.708661 
vn 0.968504 -0.228346 0.0708661 
vn 0.574803 -0.818898 -0.00787402 
vn 0.716535 0.275591 0.645669 
vn 0.787402 0.377953 0.488189 
vn 0.874016 -0.23622 0.433071 
vn 0.464567 -0.582677 0.669291 
vn 0.015748 0.393701 0.92126 
vn 0.96063 0.244094 0.15748 
vn 0.0944882 -0.0629921 0.992126 
vn 0.732283 0.141732 0.669291 

vt 0.996365 0.487018 
vt 0.996349 0.487234 
vt 0.996447 0.487224 
vt 0.994065 0.49221 
vt 0.994107 0.492283 
vt 0.994112 0.492217 
vt 0.996367 0.487434 
vt 0.994073 0.492274 
vt 0.993465 0.489468 
vt 0.993484 0.489561 
vt 0.993498 0.489477 
vt 0.996533 0.487202 
vt 0.996451 0.486991 
vt 0.991457 0.495591 
vt 0.99162 0.495619 
vt 0.991574 0.495527 
vt 0.996511 0.487394 
vt 0.993457 0.489525 
vt 0.99624 0.487224 
vt 0.99149 0.495335 
vt 0.991361 0.49555 
vt 0.994043 0.492309 
vt 0.994026 0.492276 
vt 0.991616 0.495348 
vt 0.996432 0.486779 
vt 0.993426 0.489559 
vt 0.993432 0.489604 
vt 0.991446 0.495753 
vt 0.996436 0.487467 
vt 0.994167 0.492364 
vt 0.991791 0.496392 
vt 0.991731 0.496412 
vt 0.991774 0.496443 
vt 0.996862 0.496459 
vt 0.996868 0.496382 
vt 0.996825 0.496451 
vt 0.996817 0.496394 
vt 0.996832 0.496525 
vt 0.991771 0.496353 
vt 0.991822 0.496444 
vt 0.993445 0.489332 
vt 0.994083 0.492384 
vt 0.993998 0.49238 
vt 0.994264 0.495825 
vt 0.994265 0.495566 
vt 0.994198 0.495674 
vt 0.993407 0.489467 
vt 0.995592 0.490702 
vt 0.995407 0.49078 
vt 0.99552 0.490871 
vt 0.996884 0.496569 
vt 0.992285 0.49601 
vt 0.992412 0.495879 
vt 0.992368 0.495747 
vt 0.996529 0.487015 
vt 0.992384 0.496051 
vt 0.996762 0.496463 
vt 0.996796 0.496499 
vt 0.996777 0.496541 
vt 0.996632 0.48717 
vt 0.996744 0.496551 
vt 0.99183 0.4963 
vt 0.991863 0.496371 
vt 0.991878 0.496304 
vt 0.991703 0.495398 
vt 0.994105 0.49544 
vt 0.994117 0.49557 
vt 0.991609 0.49519 
vt 0.993021 0.496451 
vt 0.993075 0.496571 
vt 0.993078 0.49648 
vt 0.996576 0.486883 
vt 0.993016 0.49659 
vt 0.995748 0.48834 
vt 0.995765 0.488055 
vt 0.995675 0.488103 
vt 0.991832 0.49638 
vt 0.992375 0.496235 
vt 0.991867 0.496433 
vt 0.996554 0.487456 
vt 0.991906 0.496393 
vt 0.992467 0.496089 
vt 0.996139 0.49263 
vt 0.99623 0.492554 
vt 0.996148 0.492302 
vt 0.994139 0.495795 
vt 0.996856 0.496664 
vt 0.996798 0.496584 
vt 0.996214 0.49238 
vt 0.996765 0.496645 
vt 0.995836 0.488214 
vt 0.991515 0.495108 
vt 0.991412 0.495092 
vt 0.991362 0.495318 
vt 0.996289 0.486895 
vt 0.99318 0.493671 
vt 0.993367 0.493599 
vt 0.993341 0.493432 
vt 0.991279 0.487729 
vt 0.991253 0.487953 
vt 0.991411 0.488001 
vt 0.994099 0.494391 
vt 0.993908 0.49445 
vt 0.99403 0.494556 
vt 0.99329 0.493784 
vt 0.992325 0.488035 
vt 0.992337 0.488241 
vt 0.992489 0.488163 
vt 0.991372 0.49494 
vt 0.993425 0.493868 
vt 0.993261 0.493962 
vt 0.992473 0.487925 
vt 0.991539 0.494918 
vt 0.992175 0.488122 
vt 0.99351 0.493629 
vt 0.993571 0.49345 
vt 0.991253 0.495294 
vt 0.993366 0.489589 
vt 0.993384 0.489539 
vt 0.994 0.494747 
vt 0.991863 0.495838 
vt 0.991844 0.495559 
vt 0.991782 0.495893 
vt 0.995577 0.490532 
vt 0.991911 0.495687 
vt 0.993609 0.493758 
vt 0.993356 0.494069 
vt 0.993474 0.494143 
vt 0.993898 0.494776 
vt 0.996452 0.492773 
vt 0.996597 0.492469 
vt 0.996489 0.492474 
vt 0.993291 0.494295 
vt 0.994053 0.495015 
vt 0.996394 0.492602 
vt 0.993508 0.494907 
vt 0.993469 0.495008 
vt 0.99361 0.495009 
vt 0.996543 0.492214 
vt 0.991867 0.496107 
vt 0.99145 0.487749 
vt 0.991687 0.495145 
vt 0.993592 0.494796 
vt 0.993546 0.494836 
vt 0.993167 0.494007 
vt 0.992776 0.492395 
vt 0.992857 0.492443 
vt 0.992835 0.492344 
vt 0.992925 0.492367 
vt 0.992853 0.492549 
vt 0.992896 0.492497 
vt 0.992824 0.492476 
vt 0.992785 0.492513 
vt 0.992738 0.492483 
vt 0.994052 0.494204 
vt 0.995769 0.490539 
vt 0.99198 0.495786 
vt 0.993444 0.495224 
vt 0.993665 0.495292 
vt 0.993647 0.495147 
vt 0.994174 0.494667 
vt 0.995696 0.49076 
vt 0.991921 0.495927 
vt 0.996338 0.49245 
vt 0.99306 0.492553 
vt 0.992165 0.488337 
vt 0.992973 0.49266 
vt 0.99412 0.494873 
vt 0.996442 0.49235 
vt 0.99289 0.492728 
vt 0.991988 0.495551 
vt 0.991703 0.496489 
vt 0.991752 0.496507 
vt 0.994132 0.492472 
vt 0.994131 0.49238 
vt 0.991681 0.496582 
vt 0.996429 0.487584 
vt 0.996917 0.496394 
vt 0.991811 0.496531 
vt 0.991735 0.496599 
vt 0.996909 0.496478 
vt 0.996974 0.496413 
vt 0.996956 0.496491 
vt 0.99338 0.489346 
vt 0.993428 0.489389 
vt 0.994332 0.495861 
vt 0.994092 0.492486 
vt 0.994159 0.492518 
vt 0.99169 0.496687 
vt 0.991737 0.496679 
vt 0.993363 0.489275 
vt 0.991802 0.496647 
vt 0.991796 0.496746 
vt 0.99177 0.49683 
vt 0.994092 0.492554 
vt 0.996988 0.49653 
vt 0.99702 0.496478 
vt 0.993318 0.489367 
vt 0.996315 0.487531 
vt 0.993356 0.489404 
vt 0.992022 0.4954 
vt 0.992058 0.495605 
vt 0.992129 0.495454 
vt 0.996986 0.496638 
vt 0.997039 0.496667 
vt 0.991866 0.496553 
vt 0.992325 0.496317 
vt 0.992436 0.4963 
vt 0.992413 0.496444 
vt 0.991918 0.496554 
vt 0.996768 0.494451 
vt 0.996777 0.494611 
vt 0.996817 0.494531 
vt 0.991863 0.496704 
vt 0.99219 0.495659 
vt 0.992112 0.495722 
vt 0.994234 0.495947 
vt 0.994298 0.49605 
vt 0.996732 0.494523 
vt 0.996708 0.494683 
vt 0.99683 0.496749 
vt 0.996934 0.496728 
vt 0.996928 0.496827 
vt 0.996825 0.494714 
vt 0.996876 0.49465 
vt 0.991846 0.496778 
vt 0.996613 0.493211 
vt 0.996664 0.493057 
vt 0.996593 0.49305 
vt 0.996619 0.492898 
vt 0.991908 0.496748 
vt 0.996672 0.493178 
vt 0.991866 0.496859 
vt 0.996977 0.496735 
vt 0.997001 0.496817 
vt 0.996895 0.494811 
vt 0.996841 0.494813 
vt 0.996725 0.493366 
vt 0.994034 0.492386 
vt 0.994044 0.492459 
vt 0.994014 0.492487 
vt 0.991302 0.495682 
vt 0.993349 0.489488 
vt 0.993565 0.493957 
vt 0.996279 0.492685 
vt 0.996231 0.492831 
vt 0.99332 0.489514 
vt 0.995488 0.491048 
vt 0.996941 0.496606 
vt 0.99371 0.493686 
vt 0.993689 0.494064 
vt 0.995384 0.491112 
vt 0.9935 0.494326 
vt 0.995541 0.491367 
vt 0.995642 0.490948 
vt 0.995883 0.488429 
vt 0.995597 0.491131 
vt 0.993465 0.495491 
vt 0.993034 0.492916 
vt 0.993162 0.492858 
vt 0.993539 0.495667 
vt 0.993678 0.49541 
vt 0.995909 0.491098 
vt 0.995715 0.491182 
vt 0.995777 0.491354 
vt 0.996757 0.494815 
vt 0.996792 0.49492 
vt 0.99417 0.496018 
vt 0.996829 0.495022 
vt 0.995828 0.488577 
vt 0.993749 0.495626 
vt 0.99306 0.493115 
vt 0.993184 0.493138 
vt 0.996736 0.495001 
vt 0.996996 0.4884 
vt 0.997124 0.488203 
vt 0.997008 0.488277 
vt 0.993153 0.496491 
vt 0.993971 0.495541 
vt 0.992512 0.495712 
vt 0.993111 0.496378 
vt 0.992493 0.495889 
vt 0.993142 0.496619 
vt 0.993125 0.496729 
vt 0.99576 0.487876 
vt 0.995586 0.487928 
vt 0.99309 0.496312 
vt 0.99425 0.494199 
vt 0.996283 0.492286 
vt 0.996244 0.492112 
vt 0.994051 0.495653 
vt 0.993169 0.496355 
vt 0.991997 0.496001 
vt 0.992023 0.496135 
vt 0.992059 0.495889 
vt 0.992153 0.495958 
vt 0.99593 0.488105 
vt 0.99662 0.494396 
vt 0.996693 0.494469 
vt 0.996709 0.494401 
vt 0.996668 0.49456 
vt 0.99664 0.494478 
vt 0.994221 0.494462 
vt 0.996602 0.494579 
vt 0.99678 0.492621 
vt 0.996702 0.492702 
vt 0.996731 0.492746 
vt 0.99321 0.496619 
vt 0.993923 0.495788 
vt 0.992565 0.495949 
vt 0.992626 0.495873 
vt 0.99582 0.487016 
vt 0.995903 0.486779 
vt 0.995736 0.486896 
vt 0.993227 0.496503 
vt 0.993249 0.496694 
vt 0.993217 0.49637 
vt 0.991589 0.487822 
vt 0.991555 0.488099 
vt 0.99711 0.488437 
vt 0.997231 0.488249 
vt 0.994004 0.495785 
vt 0.994403 0.494421 
vt 0.993292 0.496494 
vt 0.995915 0.48699 
vt 0.995925 0.487243 
vt 0.99255 0.496124 
vt 0.995686 0.487242 
vt 0.996827 0.492707 
vt 0.996786 0.492722 
vt 0.996846 0.492618 
vt 0.992633 0.496171 
vt 0.995819 0.48723 
vt 0.996837 0.492792 
vt 0.996599 0.494498 
vt 0.996559 0.494461 
vt 0.994018 0.496042 
vt 0.994075 0.495924 
vt 0.996542 0.4946 
vt 0.996887 0.492742 
vt 0.997039 0.488547 
vt 0.996369 0.492226 
vt 0.996378 0.492075 
vt 0.997107 0.488633 
vt 0.995589 0.488244 
vt 0.995792 0.490843 
vt 0.992787 0.492586 
vt 0.993659 0.494811 
vt 0.995898 0.49076 
vt 0.992708 0.492616 
vt 0.993756 0.494909 
vt 0.99386 0.495228 
vt 0.992007 0.488152 
vt 0.995644 0.488472 
vt 0.993834 0.495063 
vt 0.995758 0.491018 
vt 0.993174 0.496243 
vt 0.993241 0.496278 
vt 0.997169 0.488621 
vt 0.997234 0.488436 
vt 0.991711 0.487942 
vt 0.991695 0.488227 
vt 0.996006 0.487031 
vt 0.996069 0.486925 
vt 0.992789 0.492796 
vt 0.992689 0.492859 
vt 0.995485 0.488181 
vt 0.99185 0.488073 
vt 0.991835 0.48834 
vt 0.992805 0.493045 
vt 0.99613 0.4873 
vt 0.99555 0.488555 
vt 0.994316 0.494559 
vt 0.994414 0.49478 
vt 0.99603 0.487261 
vt 0.992821 0.493226 
vt 0.99269 0.493119 
vt 0.992733 0.493343 
vt 0.991985 0.48839 
vt 0.992923 0.492975 
vt 0.994298 0.49474 
vt 0.996652 0.492785 
vt 0.996683 0.492908 
vt 0.992506 0.496294 
vt 0.99671 0.492816 
vt 0.992523 0.49641 
vt 0.996634 0.494751 
vt 0.99669 0.494931 
vt 0.993844 0.495407 
vt 0.995961 0.488498 
vt 0.994192 0.496126 
vt 0.996756 0.493106 
vt 0.996752 0.493251 
vt 0.995867 0.488735 
vt 0.996819 0.493274 
vt 0.996847 0.493373 
vt 0.997148 0.491925 
vt 0.997239 0.491901 
vt 0.997176 0.491844 
vt 0.997176 0.49202 
vt 0.996723 0.495115 
vt 0.997186 0.49174 
vt 0.997238 0.491718 
vt 0.996639 0.495021 
vt 0.996487 0.497 
vt 0.996459 0.496867 
vt 0.996442 0.497039 
vt 0.996775 0.49281 
vt 0.996763 0.492936 
vt 0.995837 0.487467 
vt 0.996839 0.492962 
vt 0.99657 0.494806 
vt 0.996905 0.492963 
vt 0.992864 0.49335 
vt 0.992828 0.493502 
vt 0.995785 0.487588 
vt 0.99684 0.493167 
vt 0.995922 0.487724 
vt 0.996898 0.493217 
vt 0.99655 0.49685 
vt 0.996555 0.496766 
vt 0.996505 0.496919 
vt 0.995927 0.487533 
vt 0.99296 0.493319 
vt 0.993008 0.49353 
vt 0.995738 0.488631 
vt 0.997127 0.491683 
vt 0.997106 0.491773 
vt 0.994246 0.494894 
vt 0.997156 0.491607 
vt 0.997068 0.491666 
vt 0.997042 0.49171 
vt 0.996998 0.491673 
vt 0.994273 0.495027 
vt 0.997049 0.491612 
vt 0.993629 0.495743 
vt 0.997088 0.491871 
vt 0.997072 0.491966 
vt 0.993062 0.493266 
vt 0.993149 0.493357 
vt 0.99653 0.497149 
vt 0.99654 0.497058 
vt 0.99573 0.488773 
vt 0.997036 0.491784 
vt 0.996996 0.491792 
vt 0.996656 0.497144 
vt 0.996617 0.497086 
vt 0.996608 0.496894 
vt 0.996653 0.496833 
vt 0.996009 0.4875 
vt 0.992941 0.49316 
vt 0.996659 0.496974 
vt 0.996708 0.496988 
vt 0.996047 0.487651 
vt 0.996572 0.496975 
vt 0.996707 0.497082 
vt 0.99665 0.497042 

usemtl Player1Mtl

f 2683/2683/2683 2684/2684/2684 2685/2685/2685 
f 2685/2685/2685 2684/2684/2684 2686/2686/2686 
f 2683/2683/2683 2689/2689/2689 2684/2684/2684 
f 2688/2688/2688 2686/2686/2686 2684/2684/2684 
f 2702/2702/2702 2686/2686/2686 2688/2688/2688 
f 2687/2687/2687 2684/2684/2684 2689/2689/2689 
f 2684/2684/2684 2687/2687/2687 2688/2688/2688 
f 2683/2683/2683 2690/2690/2690 2689/2689/2689 
f 2690/2690/2690 2687/2687/2687 2689/2689/2689 
f 2690/2690/2690 2683/2683/2683 2691/2691/2691 
f 2887/2887/2887 2690/2690/2690 2691/2691/2691 
f 2702/2702/2702 2688/2688/2688 2704/2704/2704 
f 2690/2690/2690 2887/2887/2887 2884/2884/2884 
f 2884/2884/2884 2687/2687/2687 2690/2690/2690 
f 2707/2707/2707 2688/2688/2688 2687/2687/2687 
f 2707/2707/2707 2687/2687/2687 2884/2884/2884 
f 2688/2688/2688 2707/2707/2707 2704/2704/2704 
f 2796/2796/2796 2702/2702/2702 2704/2704/2704 
f 2707/2707/2707 2796/2796/2796 2704/2704/2704 
f 2702/2702/2702 2796/2796/2796 2797/2797/2797 
f 2887/2887/2887 2902/2902/2902 2884/2884/2884 
f 2707/2707/2707 2884/2884/2884 2902/2902/2902 
f 2902/2902/2902 2887/2887/2887 2903/2903/2903 
f 2903/2903/2903 2907/2907/2907 2902/2902/2902 
f 2907/2907/2907 2707/2707/2707 2902/2902/2902 
f 2907/2907/2907 2903/2903/2903 2914/2914/2914 
f 2796/2796/2796 2707/2707/2707 2917/2917/2917 
f 2707/2707/2707 2907/2907/2907 2917/2917/2917 
f 2988/2988/2988 2796/2796/2796 2917/2917/2917 
f 2907/2907/2907 2988/2988/2988 2917/2917/2917 
f 2809/2809/2809 2797/2797/2797 2796/2796/2796 
f 2796/2796/2796 2988/2988/2988 2809/2809/2809 
f 2797/2797/2797 2809/2809/2809 2810/2810/2810 
f 2914/2914/2914 2913/2913/2913 2907/2907/2907 
f 2988/2988/2988 2907/2907/2907 2913/2913/2913 
f 2913/2913/2913 2914/2914/2914 2915/2915/2915 
f 2976/2976/2976 2810/2810/2810 2809/2809/2809 
f 2976/2976/2976 2809/2809/2809 2988/2988/2988 
f 2810/2810/2810 2976/2976/2976 2977/2977/2977 
f 2976/2976/2976 2962/2962/2962 2977/2977/2977 
f 2915/2915/2915 2951/2951/2951 2913/2913/2913 
f 2951/2951/2951 2915/2915/2915 2952/2952/2952 
f 2988/2988/2988 2913/2913/2913 2961/2961/2961 
f 2961/2961/2961 2913/2913/2913 2951/2951/2951 
f 2961/2961/2961 2976/2976/2976 2988/2988/2988 
f 2952/2952/2952 2961/2961/2961 2951/2951/2951 
f 2962/2962/2962 2976/2976/2976 2961/2961/2961 
f 2961/2961/2961 2952/2952/2952 2962/2962/2962 
f 2633/2633/2633 2634/2634/2634 2635/2635/2635 
f 2634/2634/2634 2633/2633/2633 2642/2642/2642 
f 2652/2652/2652 2635/2635/2635 2634/2634/2634 
f 2635/2635/2635 2652/2652/2652 2653/2653/2653 
f 2647/2647/2647 2634/2634/2634 2642/2642/2642 
f 2634/2634/2634 2647/2647/2647 2652/2652/2652 
f 2642/2642/2642 2633/2633/2633 2648/2648/2648 
f 2647/2647/2647 2642/2642/2642 2648/2648/2648 
f 2648/2648/2648 2633/2633/2633 2682/2682/2682 
f 2670/2670/2670 2648/2648/2648 2682/2682/2682 
f 2663/2663/2663 2653/2653/2653 2652/2652/2652 
f 2647/2647/2647 2663/2663/2663 2652/2652/2652 
f 2653/2653/2653 2663/2663/2663 2787/2787/2787 
f 2663/2663/2663 2788/2788/2788 2787/2787/2787 
f 2648/2648/2648 2670/2670/2670 2664/2664/2664 
f 2647/2647/2647 2648/2648/2648 2664/2664/2664 
f 2647/2647/2647 2781/2781/2781 2663/2663/2663 
f 2663/2663/2663 2781/2781/2781 2788/2788/2788 
f 2665/2665/2665 2647/2647/2647 2664/2664/2664 
f 2670/2670/2670 2665/2665/2665 2664/2664/2664 
f 2647/2647/2647 2665/2665/2665 2781/2781/2781 
f 2665/2665/2665 2788/2788/2788 2781/2781/2781 
f 2670/2670/2670 2790/2790/2790 2665/2665/2665 
f 2788/2788/2788 2665/2665/2665 2790/2790/2790 
f 2764/2764/2764 2765/2765/2765 2766/2766/2766 
f 2765/2765/2765 2767/2767/2767 2766/2766/2766 
f 2769/2769/2769 2765/2765/2765 2764/2764/2764 
f 2775/2775/2775 2769/2769/2769 2764/2764/2764 
f 2767/2767/2767 2765/2765/2765 2920/2920/2920 
f 2919/2919/2919 2767/2767/2767 2920/2920/2920 
f 2769/2769/2769 2929/2929/2929 2765/2765/2765 
f 2920/2920/2920 2765/2765/2765 2929/2929/2929 
f 2769/2769/2769 2775/2775/2775 2930/2930/2930 
f 2929/2929/2929 2769/2769/2769 2930/2930/2930 
f 2775/2775/2775 2932/2932/2932 2930/2930/2930 
f 2932/2932/2932 2775/2775/2775 2933/2933/2933 
f 2933/2933/2933 2956/2956/2956 2932/2932/2932 
f 2954/2954/2954 2930/2930/2930 2932/2932/2932 
f 2932/2932/2932 2956/2956/2956 2954/2954/2954 
f 2930/2930/2930 2954/2954/2954 2929/2929/2929 
f 2956/2956/2956 2950/2950/2950 2954/2954/2954 
f 2948/2948/2948 2929/2929/2929 2954/2954/2954 
f 2954/2954/2954 2950/2950/2950 2948/2948/2948 
f 2929/2929/2929 2948/2948/2948 2946/2946/2946 
f 2929/2929/2929 2946/2946/2946 2920/2920/2920 
f 2871/2871/2871 2948/2948/2948 2950/2950/2950 
f 2950/2950/2950 2877/2877/2877 2871/2871/2871 
f 2948/2948/2948 2945/2945/2945 2946/2946/2946 
f 2945/2945/2945 2948/2948/2948 2871/2871/2871 
f 2946/2946/2946 2922/2922/2922 2920/2920/2920 
f 2922/2922/2922 2946/2946/2946 2945/2945/2945 
f 2920/2920/2920 2922/2922/2922 2919/2919/2919 
f 2843/2843/2843 2919/2919/2919 2922/2922/2922 
f 2843/2843/2843 2922/2922/2922 2844/2844/2844 
f 2945/2945/2945 2844/2844/2844 2922/2922/2922 
f 2842/2842/2842 2843/2843/2843 2844/2844/2844 
f 2844/2844/2844 2945/2945/2945 2867/2867/2867 
f 2842/2842/2842 2844/2844/2844 2867/2867/2867 
f 2871/2871/2871 2867/2867/2867 2945/2945/2945 
f 2866/2866/2866 2842/2842/2842 2867/2867/2867 
f 2867/2867/2867 2871/2871/2871 2866/2866/2866 
f 2871/2871/2871 2877/2877/2877 2866/2866/2866 
f 2842/2842/2842 2866/2866/2866 2868/2868/2868 
f 2877/2877/2877 2868/2868/2868 2866/2866/2866 
f 2942/2942/2942 2943/2943/2943 2944/2944/2944 
f 2978/2978/2978 2942/2942/2942 2944/2944/2944 
f 2943/2943/2943 2942/2942/2942 2959/2959/2959 
f 2942/2942/2942 2978/2978/2978 2979/2979/2979 
f 2957/2957/2957 2943/2943/2943 2959/2959/2959 
f 2943/2943/2943 2957/2957/2957 2958/2958/2958 
f 2942/2942/2942 2992/2992/2992 2959/2959/2959 
f 2942/2942/2942 2979/2979/2979 2992/2992/2992 
f 2992/2992/2992 2957/2957/2957 2959/2959/2959 
f 2979/2979/2979 2978/2978/2978 2984/2984/2984 
f 2984/2984/2984 2992/2992/2992 2979/2979/2979 
f 2978/2978/2978 2983/2983/2983 2984/2984/2984 
f 2957/2957/2957 2985/2985/2985 2958/2958/2958 
f 2957/2957/2957 2992/2992/2992 2985/2985/2985 
f 2985/2985/2985 2986/2986/2986 2958/2958/2958 
f 2983/2983/2983 2994/2994/2994 2984/2984/2984 
f 2992/2992/2992 2984/2984/2984 2994/2994/2994 
f 2994/2994/2994 2983/2983/2983 2993/2993/2993 
f 2985/2985/2985 2992/2992/2992 2989/2989/2989 
f 2992/2992/2992 2994/2994/2994 2989/2989/2989 
f 2986/2986/2986 2985/2985/2985 2989/2989/2989 
f 2993/2993/2993 2989/2989/2989 2994/2994/2994 
f 2986/2986/2986 2989/2989/2989 2990/2990/2990 
f 2989/2989/2989 2993/2993/2993 2990/2990/2990 
f 2568/2568/2568 2569/2569/2569 2570/2570/2570 
f 2569/2569/2569 2568/2568/2568 2576/2576/2576 
f 2568/2568/2568 2599/2599/2599 2576/2576/2576 
f 2570/2570/2570 2569/2569/2569 2710/2710/2710 
f 2709/2709/2709 2710/2710/2710 2569/2569/2569 
f 2713/2713/2713 2710/2710/2710 2709/2709/2709 
f 2710/2710/2710 2713/2713/2713 2717/2717/2717 
f 2726/2726/2726 2717/2717/2717 2713/2713/2713 
f 2716/2716/2716 2570/2570/2570 2710/2710/2710 
f 2717/2717/2717 2716/2716/2716 2710/2710/2710 
f 2577/2577/2577 2568/2568/2568 2570/2570/2570 
f 2570/2570/2570 2716/2716/2716 2577/2577/2577 
f 2568/2568/2568 2577/2577/2577 2614/2614/2614 
f 2614/2614/2614 2599/2599/2599 2568/2568/2568 
f 2717/2717/2717 2726/2726/2726 2727/2727/2727 
f 2731/2731/2731 2727/2727/2727 2726/2726/2726 
f 2716/2716/2716 2717/2717/2717 2729/2729/2729 
f 2727/2727/2727 2729/2729/2729 2717/2717/2717 
f 2727/2727/2727 2731/2731/2731 2730/2730/2730 
f 2729/2729/2729 2727/2727/2727 2730/2730/2730 
f 2763/2763/2763 2730/2730/2730 2731/2731/2731 
f 2731/2731/2731 2770/2770/2770 2763/2763/2763 
f 2770/2770/2770 2768/2768/2768 2763/2763/2763 
f 2751/2751/2751 2730/2730/2730 2763/2763/2763 
f 2751/2751/2751 2763/2763/2763 2768/2768/2768 
f 2730/2730/2730 2751/2751/2751 2729/2729/2729 
f 2768/2768/2768 2747/2747/2747 2751/2751/2751 
f 2729/2729/2729 2743/2743/2743 2716/2716/2716 
f 2743/2743/2743 2729/2729/2729 2751/2751/2751 
f 2743/2743/2743 2751/2751/2751 2747/2747/2747 
f 2743/2743/2743 2577/2577/2577 2716/2716/2716 
f 2616/2616/2616 2743/2743/2743 2747/2747/2747 
f 2577/2577/2577 2743/2743/2743 2616/2616/2616 
f 2616/2616/2616 2614/2614/2614 2577/2577/2577 
f 2747/2747/2747 2618/2618/2618 2616/2616/2616 
f 2614/2614/2614 2616/2616/2616 2600/2600/2600 
f 2600/2600/2600 2616/2616/2616 2618/2618/2618 
f 2600/2600/2600 2599/2599/2599 2614/2614/2614 
f 2618/2618/2618 2601/2601/2601 2600/2600/2600 
f 2599/2599/2599 2600/2600/2600 2601/2601/2601 
f 2541/2541/2541 2542/2542/2542 2543/2543/2543 
f 2567/2567/2567 2543/2543/2543 2542/2542/2542 
f 2542/2542/2542 2541/2541/2541 2545/2545/2545 
f 2712/2712/2712 2567/2567/2567 2542/2542/2542 
f 2541/2541/2541 2559/2559/2559 2545/2545/2545 
f 2541/2541/2541 2560/2560/2560 2559/2559/2559 
f 2559/2559/2559 2560/2560/2560 2580/2580/2580 
f 2579/2579/2579 2542/2542/2542 2545/2545/2545 
f 2559/2559/2559 2579/2579/2579 2545/2545/2545 
f 2542/2542/2542 2579/2579/2579 2712/2712/2712 
f 2776/2776/2776 2559/2559/2559 2580/2580/2580 
f 2579/2579/2579 2559/2559/2559 2776/2776/2776 
f 2580/2580/2580 2778/2778/2778 2776/2776/2776 
f 2711/2711/2711 2567/2567/2567 2712/2712/2712 
f 2712/2712/2712 2579/2579/2579 2711/2711/2711 
f 2567/2567/2567 2711/2711/2711 2725/2725/2725 
f 2711/2711/2711 2732/2732/2732 2725/2725/2725 
f 2776/2776/2776 2778/2778/2778 2777/2777/2777 
f 2777/2777/2777 2579/2579/2579 2776/2776/2776 
f 2732/2732/2732 2777/2777/2777 2778/2778/2778 
f 2711/2711/2711 2579/2579/2579 2724/2724/2724 
f 2732/2732/2732 2711/2711/2711 2724/2724/2724 
f 2579/2579/2579 2777/2777/2777 2724/2724/2724 
f 2777/2777/2777 2732/2732/2732 2724/2724/2724 
f 2849/2849/2849 2850/2850/2850 2851/2851/2851 
f 2865/2865/2865 2849/2849/2849 2851/2851/2851 
f 2850/2850/2850 2849/2849/2849 2862/2862/2862 
f 2849/2849/2849 2865/2865/2865 2870/2870/2870 
f 2900/2900/2900 2850/2850/2850 2862/2862/2862 
f 2901/2901/2901 2850/2850/2850 2900/2900/2900 
f 2849/2849/2849 2863/2863/2863 2862/2862/2862 
f 2870/2870/2870 2863/2863/2863 2849/2849/2849 
f 2863/2863/2863 2900/2900/2900 2862/2862/2862 
f 2900/2900/2900 2908/2908/2908 2901/2901/2901 
f 2900/2900/2900 2912/2912/2912 2908/2908/2908 
f 2900/2900/2900 2863/2863/2863 2912/2912/2912 
f 2987/2987/2987 2908/2908/2908 2912/2912/2912 
f 2863/2863/2863 2987/2987/2987 2912/2912/2912 
f 2908/2908/2908 2987/2987/2987 2991/2991/2991 
f 2987/2987/2987 2955/2955/2955 2991/2991/2991 
f 2987/2987/2987 2863/2863/2863 2960/2960/2960 
f 2955/2955/2955 2987/2987/2987 2960/2960/2960 
f 2863/2863/2863 2947/2947/2947 2960/2960/2960 
f 2947/2947/2947 2955/2955/2955 2960/2960/2960 
f 2947/2947/2947 2863/2863/2863 2870/2870/2870 
f 2865/2865/2865 2947/2947/2947 2870/2870/2870 
f 2953/2953/2953 2955/2955/2955 2947/2947/2947 
f 2947/2947/2947 2865/2865/2865 2953/2953/2953 
f 2538/2538/2538 2539/2539/2539 2540/2540/2540 
f 2538/2538/2538 2556/2556/2556 2539/2539/2539 
f 2556/2556/2556 2538/2538/2538 2632/2632/2632 
f 2538/2538/2538 2562/2562/2562 2632/2632/2632 
f 2539/2539/2539 2556/2556/2556 2544/2544/2544 
f 2544/2544/2544 2540/2540/2540 2539/2539/2539 
f 2556/2556/2556 2736/2736/2736 2544/2544/2544 
f 2736/2736/2736 2714/2714/2714 2544/2544/2544 
f 2544/2544/2544 2714/2714/2714 2566/2566/2566 
f 2540/2540/2540 2544/2544/2544 2566/2566/2566 
f 2714/2714/2714 2554/2554/2554 2566/2566/2566 
f 2540/2540/2540 2566/2566/2566 2554/2554/2554 
f 2554/2554/2554 2714/2714/2714 2617/2617/2617 
f 2597/2597/2597 2554/2554/2554 2617/2617/2617 
f 2540/2540/2540 2554/2554/2554 2549/2549/2549 
f 2554/2554/2554 2597/2597/2597 2549/2549/2549 
f 2550/2550/2550 2538/2538/2538 2540/2540/2540 
f 2549/2549/2549 2550/2550/2550 2540/2540/2540 
f 2562/2562/2562 2538/2538/2538 2550/2550/2550 
f 2597/2597/2597 2592/2592/2592 2549/2549/2549 
f 2550/2550/2550 2549/2549/2549 2592/2592/2592 
f 2550/2550/2550 2592/2592/2592 2562/2562/2562 
f 2592/2592/2592 2597/2597/2597 2609/2609/2609 
f 2562/2562/2562 2592/2592/2592 2609/2609/2609 
f 2551/2551/2551 2552/2552/2552 2553/2553/2553 
f 2552/2552/2552 2551/2551/2551 2565/2565/2565 
f 2602/2602/2602 2553/2553/2553 2552/2552/2552 
f 2553/2553/2553 2602/2602/2602 2561/2561/2561 
f 2553/2553/2553 2557/2557/2557 2551/2551/2551 
f 2557/2557/2557 2553/2553/2553 2561/2561/2561 
f 2558/2558/2558 2565/2565/2565 2551/2551/2551 
f 2557/2557/2557 2558/2558/2558 2551/2551/2551 
f 2565/2565/2565 2558/2558/2558 2779/2779/2779 
f 2654/2654/2654 2779/2779/2779 2558/2558/2558 
f 2602/2602/2602 2605/2605/2605 2561/2561/2561 
f 2605/2605/2605 2557/2557/2557 2561/2561/2561 
f 2605/2605/2605 2602/2602/2602 2679/2679/2679 
f 2650/2650/2650 2605/2605/2605 2679/2679/2679 
f 2557/2557/2557 2605/2605/2605 2629/2629/2629 
f 2605/2605/2605 2650/2650/2650 2629/2629/2629 
f 2654/2654/2654 2558/2558/2558 2631/2631/2631 
f 2558/2558/2558 2557/2557/2557 2631/2631/2631 
f 2646/2646/2646 2654/2654/2654 2631/2631/2631 
f 2650/2650/2650 2630/2630/2630 2629/2629/2629 
f 2646/2646/2646 2630/2630/2630 2650/2650/2650 
f 2630/2630/2630 2557/2557/2557 2629/2629/2629 
f 2646/2646/2646 2631/2631/2631 2630/2630/2630 
f 2557/2557/2557 2630/2630/2630 2631/2631/2631 
f 2606/2606/2606 2607/2607/2607 2608/2608/2608 
f 2607/2607/2607 2606/2606/2606 2610/2610/2610 
f 2821/2821/2821 2607/2607/2607 2610/2610/2610 
f 2818/2818/2818 2606/2606/2606 2608/2608/2608 
f 2824/2824/2824 2606/2606/2606 2818/2818/2818 
f 2607/2607/2607 2815/2815/2815 2608/2608/2608 
f 2608/2608/2608 2815/2815/2815 2818/2818/2818 
f 2607/2607/2607 2821/2821/2821 2820/2820/2820 
f 2815/2815/2815 2607/2607/2607 2820/2820/2820 
f 2821/2821/2821 2845/2845/2845 2820/2820/2820 
f 2820/2820/2820 2845/2845/2845 2815/2815/2815 
f 2845/2845/2845 2821/2821/2821 2853/2853/2853 
f 2861/2861/2861 2845/2845/2845 2853/2853/2853 
f 2829/2829/2829 2824/2824/2824 2818/2818/2818 
f 2815/2815/2815 2829/2829/2829 2818/2818/2818 
f 2824/2824/2824 2829/2829/2829 2894/2894/2894 
f 2845/2845/2845 2852/2852/2852 2815/2815/2815 
f 2845/2845/2845 2861/2861/2861 2852/2852/2852 
f 2815/2815/2815 2854/2854/2854 2829/2829/2829 
f 2854/2854/2854 2894/2894/2894 2829/2829/2829 
f 2854/2854/2854 2815/2815/2815 2852/2852/2852 
f 2861/2861/2861 2854/2854/2854 2852/2852/2852 
f 2894/2894/2894 2854/2854/2854 2895/2895/2895 
f 2861/2861/2861 2895/2895/2895 2854/2854/2854 
f 2589/2589/2589 2590/2590/2590 2591/2591/2591 
f 2590/2590/2590 2817/2817/2817 2591/2591/2591 
f 2590/2590/2590 2589/2589/2589 2593/2593/2593 
f 2817/2817/2817 2590/2590/2590 2819/2819/2819 
f 2819/2819/2819 2848/2848/2848 2817/2817/2817 
f 2619/2619/2619 2590/2590/2590 2593/2593/2593 
f 2590/2590/2590 2619/2619/2619 2819/2819/2819 
f 2615/2615/2615 2593/2593/2593 2589/2589/2589 
f 2615/2615/2615 2619/2619/2619 2593/2593/2593 
f 2589/2589/2589 2744/2744/2744 2615/2615/2615 
f 2848/2848/2848 2819/2819/2819 2847/2847/2847 
f 2619/2619/2619 2847/2847/2847 2819/2819/2819 
f 2847/2847/2847 2869/2869/2869 2848/2848/2848 
f 2847/2847/2847 2619/2619/2619 2864/2864/2864 
f 2864/2864/2864 2869/2869/2869 2847/2847/2847 
f 2744/2744/2744 2745/2745/2745 2615/2615/2615 
f 2619/2619/2619 2615/2615/2615 2745/2745/2745 
f 2745/2745/2745 2744/2744/2744 2746/2746/2746 
f 2619/2619/2619 2921/2921/2921 2864/2864/2864 
f 2921/2921/2921 2619/2619/2619 2745/2745/2745 
f 2921/2921/2921 2869/2869/2869 2864/2864/2864 
f 2746/2746/2746 2921/2921/2921 2745/2745/2745 
f 2869/2869/2869 2921/2921/2921 2923/2923/2923 
f 2921/2921/2921 2746/2746/2746 2923/2923/2923 
f 2636/2636/2636 2637/2637/2637 2638/2638/2638 
f 2678/2678/2678 2636/2636/2636 2638/2638/2638 
f 2638/2638/2638 2855/2855/2855 2678/2678/2678 
f 2855/2855/2855 2638/2638/2638 2856/2856/2856 
f 2856/2856/2856 2898/2898/2898 2855/2855/2855 
f 2898/2898/2898 2856/2856/2856 2899/2899/2899 
f 2899/2899/2899 2905/2905/2905 2898/2898/2898 
f 2905/2905/2905 2899/2899/2899 2906/2906/2906 
f 2906/2906/2906 2890/2890/2890 2905/2905/2905 
f 2890/2890/2890 2906/2906/2906 2916/2916/2916 
f 2703/2703/2703 2890/2890/2890 2916/2916/2916 
f 2890/2890/2890 2703/2703/2703 2651/2651/2651 
f 2651/2651/2651 2703/2703/2703 2644/2644/2644 
f 2651/2651/2651 2644/2644/2644 2643/2643/2643 
f 2643/2643/2643 2644/2644/2644 2645/2645/2645 
f 2649/2649/2649 2643/2643/2643 2645/2645/2645 
f 2611/2611/2611 2612/2612/2612 2613/2613/2613 
f 2612/2612/2612 2823/2823/2823 2613/2613/2613 
f 2822/2822/2822 2823/2823/2823 2612/2612/2612 
f 2834/2834/2834 2822/2822/2822 2612/2612/2612 
f 2823/2823/2823 2882/2882/2882 2613/2613/2613 
f 2611/2611/2611 2613/2613/2613 2882/2882/2882 
f 2882/2882/2882 2823/2823/2823 2904/2904/2904 
f 2909/2909/2909 2882/2882/2882 2904/2904/2904 
f 2834/2834/2834 2612/2612/2612 2628/2628/2628 
f 2612/2612/2612 2611/2611/2611 2628/2628/2628 
f 2882/2882/2882 2909/2909/2909 2891/2891/2891 
f 2611/2611/2611 2882/2882/2882 2891/2891/2891 
f 2891/2891/2891 2909/2909/2909 2963/2963/2963 
f 2963/2963/2963 2611/2611/2611 2891/2891/2891 
f 2909/2909/2909 2980/2980/2980 2963/2963/2963 
f 2980/2980/2980 2931/2931/2931 2963/2963/2963 
f 2611/2611/2611 2963/2963/2963 2807/2807/2807 
f 2807/2807/2807 2963/2963/2963 2931/2931/2931 
f 2793/2793/2793 2628/2628/2628 2611/2611/2611 
f 2793/2793/2793 2611/2611/2611 2807/2807/2807 
f 2793/2793/2793 2834/2834/2834 2628/2628/2628 
f 2931/2931/2931 2793/2793/2793 2807/2807/2807 
f 2834/2834/2834 2793/2793/2793 2927/2927/2927 
f 2793/2793/2793 2931/2931/2931 2927/2927/2927 
f 2620/2620/2620 2621/2621/2621 2622/2622/2622 
f 2622/2622/2622 2621/2621/2621 2626/2626/2626 
f 2782/2782/2782 2621/2621/2621 2620/2620/2620 
f 2782/2782/2782 2620/2620/2620 2783/2783/2783 
f 2667/2667/2667 2782/2782/2782 2783/2783/2783 
f 2782/2782/2782 2701/2701/2701 2621/2621/2621 
f 2701/2701/2701 2626/2626/2626 2621/2621/2621 
f 2782/2782/2782 2667/2667/2667 2672/2672/2672 
f 2701/2701/2701 2782/2782/2782 2672/2672/2672 
f 2667/2667/2667 2669/2669/2669 2672/2672/2672 
f 2669/2669/2669 2701/2701/2701 2672/2672/2672 
f 2667/2667/2667 2668/2668/2668 2669/2669/2669 
f 2676/2676/2676 2669/2669/2669 2668/2668/2668 
f 2701/2701/2701 2669/2669/2669 2706/2706/2706 
f 2669/2669/2669 2676/2676/2676 2706/2706/2706 
f 2626/2626/2626 2701/2701/2701 2826/2826/2826 
f 2826/2826/2826 2622/2622/2622 2626/2626/2626 
f 2622/2622/2622 2826/2826/2826 2827/2827/2827 
f 2701/2701/2701 2879/2879/2879 2826/2826/2826 
f 2879/2879/2879 2701/2701/2701 2706/2706/2706 
f 2879/2879/2879 2827/2827/2827 2826/2826/2826 
f 2676/2676/2676 2879/2879/2879 2706/2706/2706 
f 2827/2827/2827 2879/2879/2879 2880/2880/2880 
f 2879/2879/2879 2676/2676/2676 2880/2880/2880 
f 2658/2658/2658 2659/2659/2659 2660/2660/2660 
f 2660/2660/2660 2677/2677/2677 2658/2658/2658 
f 2658/2658/2658 2662/2662/2662 2659/2659/2659 
f 2658/2658/2658 2677/2677/2677 2700/2700/2700 
f 2658/2658/2658 2694/2694/2694 2662/2662/2662 
f 2694/2694/2694 2658/2658/2658 2700/2700/2700 
f 2677/2677/2677 2830/2830/2830 2700/2700/2700 
f 2830/2830/2830 2694/2694/2694 2700/2700/2700 
f 2830/2830/2830 2677/2677/2677 2831/2831/2831 
f 2708/2708/2708 2659/2659/2659 2662/2662/2662 
f 2708/2708/2708 2662/2662/2662 2694/2694/2694 
f 2659/2659/2659 2708/2708/2708 2738/2738/2738 
f 2830/2830/2830 2831/2831/2831 2832/2832/2832 
f 2694/2694/2694 2830/2830/2830 2832/2832/2832 
f 2831/2831/2831 2833/2833/2833 2832/2832/2832 
f 2708/2708/2708 2694/2694/2694 2739/2739/2739 
f 2739/2739/2739 2738/2738/2738 2708/2708/2708 
f 2832/2832/2832 2739/2739/2739 2694/2694/2694 
f 2738/2738/2738 2739/2739/2739 2740/2740/2740 
f 2832/2832/2832 2833/2833/2833 2753/2753/2753 
f 2739/2739/2739 2832/2832/2832 2753/2753/2753 
f 2739/2739/2739 2753/2753/2753 2740/2740/2740 
f 2833/2833/2833 2752/2752/2752 2753/2753/2753 
f 2752/2752/2752 2740/2740/2740 2753/2753/2753 
f 2581/2581/2581 2582/2582/2582 2583/2583/2583 
f 2582/2582/2582 2581/2581/2581 2723/2723/2723 
f 2582/2582/2582 2604/2604/2604 2583/2583/2583 
f 2582/2582/2582 2603/2603/2603 2604/2604/2604 
f 2816/2816/2816 2604/2604/2604 2603/2603/2603 
f 2604/2604/2604 2623/2623/2623 2583/2583/2583 
f 2623/2623/2623 2581/2581/2581 2583/2583/2583 
f 2816/2816/2816 2828/2828/2828 2604/2604/2604 
f 2623/2623/2623 2604/2604/2604 2828/2828/2828 
f 2846/2846/2846 2828/2828/2828 2816/2816/2816 
f 2723/2723/2723 2581/2581/2581 2754/2754/2754 
f 2623/2623/2623 2754/2754/2754 2581/2581/2581 
f 2754/2754/2754 2755/2755/2755 2723/2723/2723 
f 2828/2828/2828 2846/2846/2846 2859/2859/2859 
f 2623/2623/2623 2828/2828/2828 2859/2859/2859 
f 2874/2874/2874 2859/2859/2859 2846/2846/2846 
f 2623/2623/2623 2859/2859/2859 2875/2875/2875 
f 2859/2859/2859 2874/2874/2874 2875/2875/2875 
f 2623/2623/2623 2805/2805/2805 2754/2754/2754 
f 2755/2755/2755 2754/2754/2754 2805/2805/2805 
f 2805/2805/2805 2623/2623/2623 2875/2875/2875 
f 2874/2874/2874 2805/2805/2805 2875/2875/2875 
f 2928/2928/2928 2755/2755/2755 2805/2805/2805 
f 2874/2874/2874 2928/2928/2928 2805/2805/2805 
f 2585/2585/2585 2586/2586/2586 2587/2587/2587 
f 2586/2586/2586 2585/2585/2585 2661/2661/2661 
f 2693/2693/2693 2661/2661/2661 2585/2585/2585 
f 2586/2586/2586 2785/2785/2785 2587/2587/2587 
f 2785/2785/2785 2586/2586/2586 2789/2789/2789 
f 2791/2791/2791 2785/2785/2785 2789/2789/2789 
f 2794/2794/2794 2587/2587/2587 2785/2785/2785 
f 2785/2785/2785 2791/2791/2791 2794/2794/2794 
f 2792/2792/2792 2585/2585/2585 2587/2587/2587 
f 2587/2587/2587 2794/2794/2794 2792/2792/2792 
f 2693/2693/2693 2585/2585/2585 2699/2699/2699 
f 2585/2585/2585 2792/2792/2792 2699/2699/2699 
f 2883/2883/2883 2693/2693/2693 2699/2699/2699 
f 2792/2792/2792 2883/2883/2883 2699/2699/2699 
f 2693/2693/2693 2883/2883/2883 2886/2886/2886 
f 2800/2800/2800 2886/2886/2886 2883/2883/2883 
f 2883/2883/2883 2792/2792/2792 2893/2893/2893 
f 2893/2893/2893 2800/2800/2800 2883/2883/2883 
f 2801/2801/2801 2792/2792/2792 2794/2794/2794 
f 2792/2792/2792 2801/2801/2801 2893/2893/2893 
f 2801/2801/2801 2800/2800/2800 2893/2893/2893 
f 2791/2791/2791 2801/2801/2801 2794/2794/2794 
f 2800/2800/2800 2801/2801/2801 2802/2802/2802 
f 2801/2801/2801 2791/2791/2791 2802/2802/2802 
f 2639/2639/2639 2640/2640/2640 2641/2641/2641 
f 2640/2640/2640 2639/2639/2639 2692/2692/2692 
f 2639/2639/2639 2825/2825/2825 2692/2692/2692 
f 2640/2640/2640 2657/2657/2657 2641/2641/2641 
f 2657/2657/2657 2640/2640/2640 2666/2666/2666 
f 2671/2671/2671 2657/2657/2657 2666/2666/2666 
f 2657/2657/2657 2698/2698/2698 2641/2641/2641 
f 2641/2641/2641 2698/2698/2698 2639/2639/2639 
f 2671/2671/2671 2705/2705/2705 2657/2657/2657 
f 2698/2698/2698 2657/2657/2657 2705/2705/2705 
f 2671/2671/2671 2966/2966/2966 2705/2705/2705 
f 2698/2698/2698 2705/2705/2705 2966/2966/2966 
f 2966/2966/2966 2671/2671/2671 2971/2971/2971 
f 2971/2971/2971 2911/2911/2911 2966/2966/2966 
f 2966/2966/2966 2918/2918/2918 2698/2698/2698 
f 2911/2911/2911 2918/2918/2918 2966/2966/2966 
f 2911/2911/2911 2910/2910/2910 2918/2918/2918 
f 2910/2910/2910 2698/2698/2698 2918/2918/2918 
f 2910/2910/2910 2911/2911/2911 2860/2860/2860 
f 2698/2698/2698 2910/2910/2910 2840/2840/2840 
f 2860/2860/2860 2840/2840/2840 2910/2910/2910 
f 2639/2639/2639 2698/2698/2698 2840/2840/2840 
f 2840/2840/2840 2860/2860/2860 2825/2825/2825 
f 2825/2825/2825 2639/2639/2639 2840/2840/2840 
f 2673/2673/2673 2674/2674/2674 2675/2675/2675 
f 2675/2675/2675 2681/2681/2681 2673/2673/2673 
f 2680/2680/2680 2681/2681/2681 2675/2675/2675 
f 2680/2680/2680 2675/2675/2675 2885/2885/2885 
f 2674/2674/2674 2697/2697/2697 2675/2675/2675 
f 2697/2697/2697 2885/2885/2885 2675/2675/2675 
f 2888/2888/2888 2885/2885/2885 2697/2697/2697 
f 2697/2697/2697 2674/2674/2674 2695/2695/2695 
f 2697/2697/2697 2892/2892/2892 2888/2888/2888 
f 2695/2695/2695 2696/2696/2696 2697/2697/2697 
f 2892/2892/2892 2697/2697/2697 2696/2696/2696 
f 2696/2696/2696 2695/2695/2695 2795/2795/2795 
f 2696/2696/2696 2889/2889/2889 2892/2892/2892 
f 2798/2798/2798 2696/2696/2696 2795/2795/2795 
f 2889/2889/2889 2696/2696/2696 2799/2799/2799 
f 2696/2696/2696 2798/2798/2798 2799/2799/2799 
f 2889/2889/2889 2799/2799/2799 2926/2926/2926 
f 2926/2926/2926 2799/2799/2799 2808/2808/2808 
f 2798/2798/2798 2808/2808/2808 2799/2799/2799 
f 2808/2808/2808 2798/2798/2798 2973/2973/2973 
f 2748/2748/2748 2749/2749/2749 2750/2750/2750 
f 2761/2761/2761 2750/2750/2750 2749/2749/2749 
f 2750/2750/2750 2761/2761/2761 2762/2762/2762 
f 2749/2749/2749 2748/2748/2748 2756/2756/2756 
f 2761/2761/2761 2773/2773/2773 2762/2762/2762 
f 2837/2837/2837 2756/2756/2756 2748/2748/2748 
f 2761/2761/2761 2749/2749/2749 2757/2757/2757 
f 2756/2756/2756 2757/2757/2757 2749/2749/2749 
f 2773/2773/2773 2761/2761/2761 2774/2774/2774 
f 2774/2774/2774 2806/2806/2806 2773/2773/2773 
f 2756/2756/2756 2837/2837/2837 2836/2836/2836 
f 2835/2835/2835 2836/2836/2836 2837/2837/2837 
f 2774/2774/2774 2804/2804/2804 2806/2806/2806 
f 2774/2774/2774 2761/2761/2761 2803/2803/2803 
f 2803/2803/2803 2804/2804/2804 2774/2774/2774 
f 2761/2761/2761 2757/2757/2757 2803/2803/2803 
f 2811/2811/2811 2806/2806/2806 2804/2804/2804 
f 2803/2803/2803 2811/2811/2811 2804/2804/2804 
f 2806/2806/2806 2811/2811/2811 2938/2938/2938 
f 2811/2811/2811 2941/2941/2941 2938/2938/2938 
f 2811/2811/2811 2803/2803/2803 2925/2925/2925 
f 2941/2941/2941 2811/2811/2811 2925/2925/2925 
f 2757/2757/2757 2925/2925/2925 2803/2803/2803 
f 2925/2925/2925 2949/2949/2949 2941/2941/2941 
f 2949/2949/2949 2925/2925/2925 2924/2924/2924 
f 2925/2925/2925 2757/2757/2757 2924/2924/2924 
f 2924/2924/2924 2876/2876/2876 2949/2949/2949 
f 2838/2838/2838 2924/2924/2924 2757/2757/2757 
f 2757/2757/2757 2756/2756/2756 2838/2838/2838 
f 2836/2836/2836 2838/2838/2838 2756/2756/2756 
f 2876/2876/2876 2924/2924/2924 2841/2841/2841 
f 2924/2924/2924 2838/2838/2838 2841/2841/2841 
f 2841/2841/2841 2873/2873/2873 2876/2876/2876 
f 2838/2838/2838 2836/2836/2836 2839/2839/2839 
f 2839/2839/2839 2841/2841/2841 2838/2838/2838 
f 2836/2836/2836 2835/2835/2835 2839/2839/2839 
f 2873/2873/2873 2841/2841/2841 2872/2872/2872 
f 2872/2872/2872 2835/2835/2835 2873/2873/2873 
f 2841/2841/2841 2839/2839/2839 2872/2872/2872 
f 2835/2835/2835 2872/2872/2872 2839/2839/2839 
f 2812/2812/2812 2813/2813/2813 2814/2814/2814 
f 2813/2813/2813 2812/2812/2812 2857/2857/2857 
f 2878/2878/2878 2857/2857/2857 2812/2812/2812 
f 2857/2857/2857 2858/2858/2858 2813/2813/2813 
f 2881/2881/2881 2857/2857/2857 2878/2878/2878 
f 2858/2858/2858 2857/2857/2857 2897/2897/2897 
f 2896/2896/2896 2857/2857/2857 2881/2881/2881 
f 2896/2896/2896 2897/2897/2897 2857/2857/2857 
f 2571/2571/2571 2572/2572/2572 2573/2573/2573 
f 2574/2574/2574 2573/2573/2573 2572/2572/2572 
f 2594/2594/2594 2573/2573/2573 2574/2574/2574 
f 2572/2572/2572 2571/2571/2571 2715/2715/2715 
f 2573/2573/2573 2594/2594/2594 2595/2595/2595 
f 2573/2573/2573 2575/2575/2575 2571/2571/2571 
f 2575/2575/2575 2573/2573/2573 2595/2595/2595 
f 2594/2594/2594 2596/2596/2596 2595/2595/2595 
f 2596/2596/2596 2575/2575/2575 2595/2595/2595 
f 2598/2598/2598 2596/2596/2596 2594/2594/2594 
f 2627/2627/2627 2596/2596/2596 2598/2598/2598 
f 2596/2596/2596 2625/2625/2625 2575/2575/2575 
f 2596/2596/2596 2627/2627/2627 2625/2625/2625 
f 2624/2624/2624 2625/2625/2625 2627/2627/2627 
f 2624/2624/2624 2575/2575/2575 2625/2625/2625 
f 2627/2627/2627 2758/2758/2758 2624/2624/2624 
f 2588/2588/2588 2571/2571/2571 2575/2575/2575 
f 2575/2575/2575 2624/2624/2624 2588/2588/2588 
f 2715/2715/2715 2571/2571/2571 2718/2718/2718 
f 2571/2571/2571 2588/2588/2588 2718/2718/2718 
f 2718/2718/2718 2719/2719/2719 2715/2715/2715 
f 2624/2624/2624 2786/2786/2786 2588/2588/2588 
f 2786/2786/2786 2718/2718/2718 2588/2588/2588 
f 2758/2758/2758 2759/2759/2759 2624/2624/2624 
f 2624/2624/2624 2759/2759/2759 2786/2786/2786 
f 2759/2759/2759 2758/2758/2758 2760/2760/2760 
f 2718/2718/2718 2786/2786/2786 2720/2720/2720 
f 2719/2719/2719 2718/2718/2718 2720/2720/2720 
f 2733/2733/2733 2719/2719/2719 2720/2720/2720 
f 2720/2720/2720 2786/2786/2786 2733/2733/2733 
f 2719/2719/2719 2733/2733/2733 2734/2734/2734 
f 2741/2741/2741 2733/2733/2733 2786/2786/2786 
f 2741/2741/2741 2734/2734/2734 2733/2733/2733 
f 2759/2759/2759 2741/2741/2741 2786/2786/2786 
f 2734/2734/2734 2741/2741/2741 2742/2742/2742 
f 2760/2760/2760 2771/2771/2771 2759/2759/2759 
f 2771/2771/2771 2741/2741/2741 2759/2759/2759 
f 2771/2771/2771 2742/2742/2742 2741/2741/2741 
f 2771/2771/2771 2760/2760/2760 2772/2772/2772 
f 2742/2742/2742 2771/2771/2771 2772/2772/2772 
f 2934/2934/2934 2935/2935/2935 2936/2936/2936 
f 2935/2935/2935 2934/2934/2934 2937/2937/2937 
f 2975/2975/2975 2937/2937/2937 2934/2934/2934 
f 2936/2936/2936 2935/2935/2935 2939/2939/2939 
f 2939/2939/2939 2935/2935/2935 2940/2940/2940 
f 2939/2939/2939 2940/2940/2940 2967/2967/2967 
f 2974/2974/2974 2934/2934/2934 2936/2936/2936 
f 2934/2934/2934 2974/2974/2974 2975/2975/2975 
f 2965/2965/2965 2936/2936/2936 2939/2939/2939 
f 2936/2936/2936 2965/2965/2965 2974/2974/2974 
f 2967/2967/2967 2964/2964/2964 2939/2939/2939 
f 2939/2939/2939 2964/2964/2964 2965/2965/2965 
f 2967/2967/2967 2968/2968/2968 2964/2964/2964 
f 2968/2968/2968 2965/2965/2965 2964/2964/2964 
f 2968/2968/2968 2967/2967/2967 2972/2972/2972 
f 2970/2970/2970 2968/2968/2968 2972/2972/2972 
f 2965/2965/2965 2968/2968/2968 2969/2969/2969 
f 2968/2968/2968 2970/2970/2970 2969/2969/2969 
f 2974/2974/2974 2965/2965/2965 2981/2981/2981 
f 2965/2965/2965 2969/2969/2969 2981/2981/2981 
f 2969/2969/2969 2970/2970/2970 2981/2981/2981 
f 2981/2981/2981 2975/2975/2975 2974/2974/2974 
f 2970/2970/2970 2982/2982/2982 2981/2981/2981 
f 2975/2975/2975 2981/2981/2981 2982/2982/2982 
f 2546/2546/2546 2547/2547/2547 2548/2548/2548 
f 2578/2578/2578 2546/2546/2546 2548/2548/2548 
f 2546/2546/2546 2555/2555/2555 2547/2547/2547 
f 2563/2563/2563 2547/2547/2547 2555/2555/2555 
f 2547/2547/2547 2563/2563/2563 2564/2564/2564 
f 2563/2563/2563 2655/2655/2655 2564/2564/2564 
f 2584/2584/2584 2563/2563/2563 2555/2555/2555 
f 2584/2584/2584 2555/2555/2555 2546/2546/2546 
f 2655/2655/2655 2563/2563/2563 2656/2656/2656 
f 2563/2563/2563 2584/2584/2584 2656/2656/2656 
f 2780/2780/2780 2655/2655/2655 2656/2656/2656 
f 2584/2584/2584 2780/2780/2780 2656/2656/2656 
f 2655/2655/2655 2780/2780/2780 2784/2784/2784 
f 2780/2780/2780 2735/2735/2735 2784/2784/2784 
f 2584/2584/2584 2737/2737/2737 2780/2780/2780 
f 2737/2737/2737 2735/2735/2735 2780/2780/2780 
f 2546/2546/2546 2722/2722/2722 2584/2584/2584 
f 2722/2722/2722 2737/2737/2737 2584/2584/2584 
f 2546/2546/2546 2578/2578/2578 2722/2722/2722 
f 2721/2721/2721 2735/2735/2735 2737/2737/2737 
f 2737/2737/2737 2722/2722/2722 2721/2721/2721 
f 2578/2578/2578 2721/2721/2721 2722/2722/2722 
f 2735/2735/2735 2721/2721/2721 2728/2728/2728 
f 2578/2578/2578 2728/2728/2728 2721/2721/2721 

g Player5

v 0.422948 101.178 0.0873754 
v 0.475272 100.92 0.023478 
v 0.439535 100.913 0.0972148 
v 0.479218 100.933 0.168147 
v 0.432633 101.272 0.0290497 
v 0.504557 101.201 0.00388713 
v 0.514782 100.669 0.104873 
v 0.384909 101.078 0.166886 
v 0.638641 100.875 0.00456843 
v 0.415142 100.843 0.18307 
v 0.416128 101.07 0.0622516 
v 0.389776 100.957 0.248564 
v 0.341984 101.104 0.0866825 
v 0.203796 101.254 0.188477 
v 0.288669 101.031 0.227593 
v 0.435592 101.282 0.137551 
v 0.558839 101.107 0.0659445 
v 0.479218 100.933 0.168147 
v 0.50894 101.215 0.16463 
v 0.435592 101.282 0.137551 
v 0.406239 101.27 -0.032748 
v 0.299531 101.289 0.0196472 
v 0.387269 101.552 -0.0681984 
v 0.275523 101.516 -0.00715092 
v 0.561498 101.312 -0.0404733 
v 0.470015 101.411 0.0772597 
v 0.545763 101.312 0.024842 
v 0.287421 101.539 0.0945822 
v 0.511303 101.526 -0.128216 
v 0.168057 101.561 0.155546 
v 0.470015 101.411 0.0772597 
v 0.548722 101.321 0.133344 
v 0.59639 100.691 0.0213844 
v 0.556608 100.585 0.052671 
v 0.549706 100.944 -0.0154943 
v 0.636678 101.112 -0.0421883 
v 0.669739 100.624 0.0484634 
v 0.626113 100.973 0.0178679 
v 0.682414 100.51 0.0625061 
v 0.458914 100.422 0.249782 
v 0.559567 100.594 0.161173 
v 0.635316 100.495 0.108755 
v 0.590549 101.237 0.0811419 
v 0.626113 100.973 0.0178679 
v 0.545763 101.312 0.024842 
v 0.630058 100.986 0.162537 
v 0.561498 101.312 -0.0404733 
v 0.687808 101.297 0.2677 
v 0.558839 101.107 0.0659445 
v 0.600774 100.705 0.182127 
v 0.559567 100.594 0.161173 
v 0.262087 101.066 0.401375 
v 0.172732 101.285 0.366191 
v 0.341696 101.089 0.425239 
v 0.415142 100.843 0.18307 
v 0.377039 100.85 0.435012 
v 0.458914 100.422 0.249782 
v 0.384909 101.078 0.166886 
v 0.362901 100.99 0.444543 
v 0.269582 101.144 0.480927 
v 0.340592 101.11 0.542342 
v 0.523202 101.032 0.486868 
v 0.431078 100.468 0.469415 
v 0.539473 101.117 0.567155 
v 0.135917 101.585 0.32783 
v 0.196911 101.357 0.486632 
v 0.223381 101.626 0.357316 
v 0.287421 101.539 0.0945822 
v 0.289908 101.352 0.584953 
v 0.166939 101.594 0.461398 
v 0.448635 101.397 0.649859 
v 0.491236 101.145 0.594091 
v 0.552898 101.002 0.273572 
v 0.555624 100.962 0.201509 
v 0.68605 100.384 0.295637 
v 0.431078 100.468 0.469415 
v 0.458914 100.422 0.249782 
v 0.566678 100.85 0.572344 
v 0.598014 100.417 0.599088 
v 0.598014 100.417 0.599088 
v 0.386342 101.525 0.327361 
v 0.519254 101.247 0.191092 
v 0.440137 101.3 0.36154 
v 0.47363 101.475 0.148059 
v 0.782773 100.97 0.30116 
v 0.552898 101.002 0.273572 
v 0.523202 101.032 0.486868 
v 0.575709 101.391 0.619002 
v 0.620875 101.33 0.526678 
v 0.491236 101.145 0.594091 
v 0.448635 101.397 0.649859 
v 0.638968 101.176 0.591693 
v 0.698011 101.031 0.500026 
v 0.80162 101.147 0.548725 
v 0.445268 101.765 0.503117 
v 0.252874 101.653 0.555243 
v 0.283415 101.744 0.0135877 
v 0.205083 101.839 0.136668 
v 0.352777 101.805 -0.0227609 
v 0.286298 101.961 0.133545 
v 0.250857 101.934 -0.00193135 
v 0.169407 101.86 0.312186 
v 0.185677 101.82 0.404586 
v 0.250857 101.934 -0.00193135 
v 0.243886 101.985 0.331133 
v 0.179107 102.182 0.222515 
v 0.449134 102.002 0.155651 
v 0.279342 102.113 0.326928 
v 0.391594 102.268 0.244002 
v 0.366542 102.096 0.239202 
v 0.401881 102.028 0.370338 
v 0.316025 102.325 0.300701 
v 0.346696 101.908 0.382672 
v 0.404166 101.941 0.3105 
v 0.316025 102.325 0.300701 
v 0.279342 102.113 0.326928 
v 0.336957 102.3 0.403163 
v 0.484139 102.451 0.334809 
v 0.484139 102.451 0.334809 
v 0.496078 101.844 -0.0213613 
v 0.532529 101.587 -0.0766386 
v 0.492256 101.779 -0.189902 
v 0.624757 101.707 0.215393 
v 0.532529 101.587 -0.0766386 
v 0.768943 101.607 -0.154208 
v 0.496078 101.844 -0.0213613 
v 0.381812 101.757 0.291186 
v 0.465276 101.717 0.122345 
v 0.6578 102.113 0.112839 
v 0.820527 101.716 -0.0653639 
v 0.449134 102.002 0.155651 
v 0.401881 102.028 0.370338 
v 0.534326 102.101 0.249316 
v 0.522971 102.348 0.236866 
v 0.554727 102.149 0.30566 
v 0.634236 102.315 0.311926 
v 0.522227 101.867 0.33009 
v 0.515711 102.059 0.432447 
v 0.623916 101.928 0.373765 
v 0.653893 102.415 0.394494 
v 0.658036 101.68 0.468058 
v 0.238238 101.9 0.452332 
v 0.490696 101.805 0.437117 
v 0.490696 101.805 0.437117 
v 0.354563 101.97 0.454999 
v 0.346696 101.908 0.382672 
v 0.40559 101.699 0.61492 
v 0.385722 101.943 0.501309 
v 0.29618 102.137 0.444172 
v 0.406549 102.4 0.343367 
v 0.446947 102.392 0.458329 
v 0.44051 102.155 0.52261 
v 0.457526 101.905 0.518567 
v 0.50576 101.874 0.530479 
v 0.525538 101.636 0.594436 
v 0.385722 101.943 0.501309 
v 0.633057 101.863 0.465985 
v 0.574312 101.957 0.518265 
v 0.633057 101.863 0.465985 
v 0.40559 101.699 0.61492 
v 0.575709 101.391 0.619002 
v 0.720735 101.689 0.663108 
v 0.525538 101.636 0.594436 
v 0.50576 101.874 0.530479 
v 0.579599 102.347 0.471086 
v 0.748075 101.864 0.484586 
v 0.687363 102.089 0.481103 
v 0.554727 102.149 0.30566 
v 0.515711 102.059 0.432447 
v 0.653893 102.415 0.394494 
v 0.608294 102.16 0.532725 
v 0.689668 101.914 0.590839 
v 0.682414 100.51 0.0625061 
v 0.682383 100.728 0.0986392 
v 0.669739 100.624 0.0484634 
v 0.791309 100.866 -0.0247365 
v 0.799173 100.497 0.0400174 
v 0.855704 100.555 0.108503 
v 0.672698 100.634 0.156965 
v 0.635316 100.495 0.108755 
v 0.799173 100.497 0.0400174 
v 0.855704 100.555 0.108503 
v 0.787053 100.981 0.164155 
v 0.817242 100.714 0.105448 
v 0.800275 100.625 0.165706 
v 0.665796 100.993 0.0887997 
v 0.796951 101.123 -0.0742286 
v 0.874639 101.153 0.0132115 
v 0.859823 101.251 0.00656027 
v 0.851052 101.073 0.102774 
v 0.803691 100.977 0.0846558 
v 0.838007 101.238 0.0983098 
v 0.828308 101.333 0.15607 
v 0.871388 100.616 0.0796724 
v 0.865125 100.876 0.0605576 
v 0.881871 100.97 0.0494436 
v 0.881871 100.97 0.0494436 
v 0.938299 100.704 0.090927 
v 0.871388 100.616 0.0796724 
v 0.967118 100.964 0.065053 
v 1.00496 100.963 0.138018 
v 0.963702 100.611 0.146103 
v 0.877316 100.5 0.157511 
v 0.968619 100.863 0.302083 
v 0.877316 100.5 0.157511 
v 0.954002 100.706 0.203864 
v 0.899421 101.325 0.0700365 
v 0.899421 101.325 0.0700365 
v 0.959064 101.229 0.0837892 
v 1.01113 101.131 0.142148 
v 0.859823 101.251 0.00656027 
v 1.03351 101.306 0.0408614 
v 0.851052 101.073 0.102774 
v 0.951515 101.163 0.32604 
v 0.991735 101.32 0.136468 
v 0.974767 101.231 0.196726 
v 1.06603 101.219 0.184534 
v 0.832945 100.716 0.218384 
v 0.824891 100.98 0.237121 
v 0.892588 100.619 0.232137 
v 0.910138 100.974 0.25273 
v 0.950958 100.512 0.375393 
v 0.820707 100.445 0.577213 
v 0.816953 100.851 0.554212 
v 0.820707 100.445 0.577213 
v 0.950958 100.512 0.375393 
v 0.85371 101.241 0.211247 
v 0.873877 101.097 0.554396 
v 0.698011 101.031 0.500026 
v 0.782773 100.97 0.30116 
v 0.803527 101.235 0.644318 
v 0.638968 101.176 0.591693 
v 0.884434 101.312 0.623699 
v 0.892588 100.619 0.232137 
v 0.910138 100.974 0.25273 
v 0.988318 100.967 0.217518 
v 0.963329 101.037 0.354129 
v 0.920621 101.328 0.222501 
v 0.920621 101.328 0.222501 
v 1.09456 101.397 0.33833 
v 1.05113 101.183 0.366334 
v 0.96113 101.238 0.557858 
v 0.755584 101.447 0.680745 
v 0.846528 101.477 -0.0514296 
v 0.846528 101.477 -0.0514296 
v 0.945664 101.728 -0.0158692 
v 0.914693 101.445 0.144663 
v 0.995555 101.756 -0.0339011 
v 0.820527 101.716 -0.0653639 
v 0.773764 101.839 -0.201328 
v 0.773773 101.929 -0.0315731 
v 0.936916 101.96 0.00164822 
v 0.773773 101.929 -0.0315731 
v 0.963468 102.039 -0.0765793 
v 0.844913 102.146 0.154382 
v 0.6578 102.113 0.112839 
v 0.738797 102.179 0.351064 
v 0.858449 102.088 0.391726 
v 0.95843 102.056 0.200475 
v 0.725795 102.478 0.328046 
v 0.926791 101.833 0.254326 
v 0.929457 102.305 0.143971 
v 1.03411 101.528 -0.0191723 
v 1.1077 101.572 0.0680553 
v 1.10222 101.363 0.123582 
v 0.914693 101.445 0.144663 
v 1.09257 101.639 0.291091 
v 0.999413 101.928 0.0580374 
v 1.06359 101.783 0.048356 
v 1.04409 101.873 0.245592 
v 0.695494 102.143 0.444998 
v 0.695494 102.143 0.444998 
v 0.79057 102.037 0.482448 
v 0.824399 101.908 0.563182 
v 0.678656 102.119 0.327754 
v 0.860007 101.702 0.632008 
v 0.980225 101.69 0.524289 
v 0.880779 101.477 0.648018 
v 0.992382 101.45 0.552348 
v 0.937253 101.914 0.460108 

vn -1 -0.015748 0.0314961 
vn -0.685039 -0.149606 -0.708661 
vn -0.984252 -0.173228 0.0393701 
vn -0.645669 -0.0866142 0.755906 
vn -0.724409 0.19685 -0.661417 
vn -0.0708661 0.102362 -0.992126 
vn -0.937008 -0.338583 0.0551181 
vn -0.850394 -0.212598 -0.480315 
vn -0.417323 -0.181102 -0.889764 
vn -0.84252 -0.165354 -0.511811 
vn -0.125984 -0.653543 -0.748031 
vn -0.173228 -0.96063 -0.204724 
vn -0.598425 -0.503937 -0.629921 
vn -0.905512 -0.267717 -0.322835 
vn -0.748031 -0.598425 -0.275591 
vn -0.700787 0.251969 0.661417 
vn 0.598425 -0.543307 -0.590551 
vn -0.645669 -0.0866142 0.755906 
vn -0.0314961 0.181102 0.984252 
vn -0.700787 0.251969 0.661417 
vn -0.204724 -0.291339 -0.937008 
vn -0.653543 -0.259843 -0.716535 
vn -0.251969 0 -0.968504 
vn -0.669291 -0.0472441 -0.740157 
vn 0.559055 -0.19685 -0.80315 
vn -0.330709 0.937008 -0.0708661 
vn 0.496063 0.433071 -0.755906 
vn -0.866142 -0.228346 -0.448819 
vn -0.401575 -0.251969 -0.88189 
vn -0.929134 -0.023622 -0.370079 
vn -0.330709 0.937008 -0.0708661 
vn 0.543307 0.503937 0.669291 
vn 0.023622 -0.181102 -0.984252 
vn -0.543307 -0.503937 -0.669291 
vn -0.023622 -0.0393701 -1 
vn -0.370079 -0.212598 -0.905512 
vn 0.700787 -0.251969 -0.661417 
vn 0.645669 0.0866142 -0.755906 
vn -0.330709 -0.472441 -0.818898 
vn -0.716535 -0.566929 -0.393701 
vn -0.496063 -0.433071 0.755906 
vn 0.330709 -0.937008 0.0708661 
vn 0.937008 0.338583 -0.0551181 
vn 0.645669 0.0866142 -0.755906 
vn 0.496063 0.433071 -0.755906 
vn 0.685039 0.149606 0.708661 
vn 0.559055 -0.19685 -0.80315 
vn 0.984252 -0.141732 -0.0787402 
vn 0.598425 -0.543307 -0.590551 
vn 0.0708661 -0.102362 0.992126 
vn -0.496063 -0.433071 0.755906 
vn -0.818898 -0.535433 0.220472 
vn -0.968504 -0.23622 0.0944882 
vn -0.889764 -0.11811 0.433071 
vn -0.84252 -0.165354 -0.511811 
vn -0.913386 -0.0944882 0.393701 
vn -0.716535 -0.566929 -0.393701 
vn -0.850394 -0.212598 -0.480315 
vn -0.307087 -0.84252 0.448819 
vn -0.76378 -0.362205 0.527559 
vn -0.425197 -0.448819 0.787402 
vn 0.535433 -0.637795 0.551181 
vn -0.811024 -0.433071 0.401575 
vn -0.259843 0.015748 0.968504 
vn -1 0.00787402 0.015748 
vn -0.850394 -0.149606 0.503937 
vn -0.913386 -0.0551181 0.409449 
vn -0.866142 -0.228346 -0.448819 
vn -0.535433 -0.125984 0.834646 
vn -0.889764 0.0472441 0.456693 
vn 0.125984 -0.0472441 0.992126 
vn 0.23622 -0.354331 0.905512 
vn 0.700787 -0.708661 -0.0708661 
vn 0.023622 0.0393701 1 
vn 0.125984 -0.976378 -0.165354 
vn -0.811024 -0.433071 0.401575 
vn -0.716535 -0.566929 -0.393701 
vn -0.267717 0.00787402 0.96063 
vn -0.181102 -0.464567 0.866142 
vn -0.181102 -0.464567 0.866142 
vn -0.992126 -0.110236 0.0472441 
vn -0.700787 -0.464567 -0.543307 
vn -0.913386 -0.385827 0.11811 
vn -0.724409 -0.181102 -0.669291 
vn -0.181102 -0.96063 -0.212598 
vn 0.700787 -0.708661 -0.0708661 
vn 0.535433 -0.637795 0.551181 
vn -0.582677 -0.181102 0.787402 
vn 0.834646 -0.0944882 0.543307 
vn 0.23622 -0.354331 0.905512 
vn 0.125984 -0.0472441 0.992126 
vn -0.472441 -0.425197 0.771654 
vn -0.385827 -0.787402 0.488189 
vn 0.480315 0.0708661 0.874016 
vn -0.299213 0.125984 0.944882 
vn -0.590551 0.149606 0.795276 
vn -0.669291 0.181102 -0.716535 
vn -0.850394 0.291339 -0.433071 
vn -0.330709 0.354331 -0.874016 
vn -0.511811 0.700787 -0.496063 
vn -0.874016 -0.188976 -0.440945 
vn -0.944882 0.322835 0 
vn -0.889764 0.251969 0.370079 
vn -0.874016 -0.188976 -0.440945 
vn -0.645669 0.755906 0.102362 
vn -0.92126 0.0472441 0.377953 
vn 0.456693 0.811024 -0.362205 
vn -0.952756 -0.102362 -0.299213 
vn -0.314961 0.19685 -0.929134 
vn -0.370079 -0.181102 -0.913386 
vn 0.291339 0.92126 0.251969 
vn -0.80315 0.440945 -0.401575 
vn -0.795276 -0.598425 -0.11811 
vn -0.330709 -0.519685 -0.787402 
vn -0.80315 0.440945 -0.401575 
vn -0.952756 -0.102362 -0.299213 
vn -0.779528 0.433071 0.456693 
vn -0.125984 0.952756 -0.275591 
vn -0.125984 0.952756 -0.275591 
vn 0.433071 0.472441 -0.76378 
vn 0.488189 0.11811 -0.866142 
vn -0.354331 -0.251969 -0.897638 
vn 0.952756 0.283465 -0.141732 
vn 0.488189 0.11811 -0.866142 
vn 0.330709 -0.188976 -0.92126 
vn 0.433071 0.472441 -0.76378 
vn -0.984252 0.15748 -0.0944882 
vn -0.724409 0.0866142 -0.685039 
vn -0.425197 0.606299 -0.677165 
vn -0.149606 0.0472441 -0.984252 
vn 0.456693 0.811024 -0.362205 
vn 0.291339 0.92126 0.251969 
vn 0.275591 -0.173228 -0.944882 
vn 0.188976 0.322835 -0.929134 
vn -0.669291 0.740157 -0.0472441 
vn 0.716535 0.259843 -0.653543 
vn 0.188976 -0.614173 -0.76378 
vn -0.685039 0.543307 0.488189 
vn 0.732283 -0.448819 -0.503937 
vn 0.771654 0.622047 0.11811 
vn 0.858268 0.283465 0.425197 
vn -0.637795 0.472441 0.606299 
vn -0.110236 -0.968504 0.212598 
vn -0.110236 -0.968504 0.212598 
vn -0.732283 -0.299213 0.614173 
vn -0.795276 -0.598425 -0.11811 
vn 0.0472441 0.244094 0.968504 
vn 0.0629921 0.622047 0.779528 
vn -0.826772 0.0393701 0.559055 
vn -0.338583 0.244094 0.905512 
vn -0.322835 0.590551 0.740157 
vn -0.291339 0.110236 0.952756 
vn -0.283465 -0.346457 0.897638 
vn -0.692913 0.283465 0.669291 
vn -0.653543 0.0472441 0.755906 
vn 0.0629921 0.622047 0.779528 
vn 0.732283 -0.566929 0.377953 
vn 0.275591 -0.220472 0.937008 
vn 0.732283 -0.566929 0.377953 
vn 0.0472441 0.244094 0.968504 
vn -0.582677 -0.181102 0.787402 
vn -0.0787402 0.173228 0.984252 
vn -0.653543 0.0472441 0.755906 
vn -0.692913 0.283465 0.669291 
vn 0.275591 0.472441 0.84252 
vn 0.417323 0.173228 0.889764 
vn -0.0472441 0.669291 0.740157 
vn -0.669291 0.740157 -0.0472441 
vn -0.685039 0.543307 0.488189 
vn 0.771654 0.622047 0.11811 
vn 0.346457 0.102362 0.929134 
vn -0.0944882 0.401575 0.913386 
vn -0.330709 -0.472441 -0.818898 
vn 1 0.015748 -0.0314961 
vn 0.700787 -0.251969 -0.661417 
vn 0.322835 -0.173228 -0.929134 
vn 0.330709 -0.503937 -0.795276 
vn 0.818898 -0.377953 -0.433071 
vn 0.724409 -0.19685 0.661417 
vn 0.330709 -0.937008 0.0708661 
vn 0.330709 -0.503937 -0.795276 
vn 0.818898 -0.377953 -0.433071 
vn -0.992126 0.0393701 0.133858 
vn -0.771654 -0.133858 -0.622047 
vn -0.937008 -0.322835 0.133858 
vn 0.984252 0.173228 -0.0393701 
vn 0.338583 -0.173228 -0.92126 
vn 0.874016 -0.0787402 -0.472441 
vn -0.0708661 -0.401575 -0.913386 
vn -0.023622 -0.716535 -0.700787 
vn -0.771654 0.023622 -0.637795 
vn -0.748031 0.173228 -0.637795 
vn -0.905512 0.409449 0.11811 
vn -0.141732 -0.354331 -0.929134 
vn 0.866142 -0.0866142 -0.488189 
vn -0.11811 -0.00787402 -0.992126 
vn -0.11811 -0.00787402 -0.992126 
vn 0.566929 -0.188976 -0.80315 
vn -0.141732 -0.354331 -0.929134 
vn 0.582677 -0.0314961 -0.811024 
vn 0.992126 -0.0393701 -0.133858 
vn 0.905512 -0.409449 -0.11811 
vn -0.0787402 -1 0.0314961 
vn 1 -0.015748 0.0472441 
vn -0.0787402 -1 0.0314961 
vn 0.748031 -0.173228 0.637795 
vn -0.0866142 0.330709 -0.937008 
vn -0.0866142 0.330709 -0.937008 
vn 0.582677 0.11811 -0.80315 
vn 0.653543 -0.598425 -0.456693 
vn -0.0708661 -0.401575 -0.913386 
vn 0.582677 -0.322835 -0.748031 
vn -0.023622 -0.716535 -0.700787 
vn 0.968504 0.0314961 0.228346 
vn 0.937008 0.322835 -0.133858 
vn 0.771654 0.133858 0.622047 
vn 0.92126 -0.354331 -0.125984 
vn -0.582677 -0.11811 0.80315 
vn -0.582677 0.0314961 0.811024 
vn 0.0866142 -0.330709 0.937008 
vn 0.11811 0.00787402 0.992126 
vn 0.905512 -0.393701 0.141732 
vn 0.511811 -0.401575 0.755906 
vn 0.511811 0.0472441 0.858268 
vn 0.511811 -0.401575 0.755906 
vn 0.905512 -0.393701 0.141732 
vn -0.566929 0.188976 0.80315 
vn 0.377953 -0.598425 0.700787 
vn -0.385827 -0.787402 0.488189 
vn -0.181102 -0.96063 -0.212598 
vn 0.102362 -0.307087 0.944882 
vn -0.472441 -0.425197 0.771654 
vn 0.472441 -0.15748 0.866142 
vn 0.0866142 -0.330709 0.937008 
vn 0.11811 0.00787402 0.992126 
vn 0.771654 -0.023622 0.637795 
vn 0.637795 -0.755906 0.165354 
vn 0.141732 0.354331 0.929134 
vn 0.141732 0.354331 0.929134 
vn 0.968504 -0.0551181 0.251969 
vn 0.905512 -0.338583 0.267717 
vn 0.708661 -0.259843 0.653543 
vn -0.023622 -0.0472441 1 
vn -0.11811 -0.165354 -0.976378 
vn -0.11811 -0.165354 -0.976378 
vn 0.92126 -0.0866142 -0.370079 
vn 0.0787402 1 -0.0314961 
vn 0.464567 0.141732 -0.874016 
vn -0.149606 0.0472441 -0.984252 
vn 0.370079 -0.19685 -0.905512 
vn -0.204724 0.330709 -0.92126 
vn 0.401575 0.464567 -0.787402 
vn -0.204724 0.330709 -0.92126 
vn 0.929134 -0.0787402 -0.370079 
vn 0.330709 0.866142 -0.370079 
vn -0.425197 0.606299 -0.677165 
vn 0.141732 0.944882 0.283465 
vn 0.606299 0.653543 0.448819 
vn 0.787402 0.614173 0 
vn 0.377953 0.228346 0.897638 
vn 0.937008 0.0629921 0.346457 
vn 0.913386 0.0866142 0.393701 
vn 0.527559 -0.0944882 -0.84252 
vn 0.944882 0.0314961 -0.338583 
vn 0.952756 -0.181102 -0.244094 
vn 0.0787402 1 -0.0314961 
vn 0.968504 0.141732 0.212598 
vn 0.795276 0.464567 -0.393701 
vn 0.889764 0.251969 -0.385827 
vn 0.92126 0.346457 0.15748 
vn 0.944882 0.015748 0.322835 
vn 0.944882 0.015748 0.322835 
vn 0.377953 0.590551 0.716535 
vn 0.409449 0.425197 0.80315 
vn 0.818898 -0.110236 -0.566929 
vn 0.433071 0.220472 0.874016 
vn 0.787402 0.204724 0.574803 
vn 0.456693 0.015748 0.889764 
vn 0.795276 0 0.614173 
vn 0.748031 0.409449 0.527559 

vt 0.997088 0.489804 
vt 0.997113 0.489632 
vt 0.997068 0.489641 
vt 0.997021 0.48965 
vt 0.997126 0.48984 
vt 0.997159 0.48979 
vt 0.997067 0.489475 
vt 0.991398 0.487182 
vt 0.991571 0.487155 
vt 0.991435 0.487043 
vt 0.994199 0.493215 
vt 0.994082 0.493187 
vt 0.994179 0.493274 
vt 0.994124 0.493417 
vt 0.994095 0.49328 
vt 0.997074 0.489884 
vt 0.99424 0.493114 
vt 0.995781 0.49672 
vt 0.995866 0.496844 
vt 0.995913 0.496824 
vt 0.994271 0.493327 
vt 0.994222 0.493386 
vt 0.994313 0.493513 
vt 0.994249 0.493521 
vt 0.994343 0.493271 
vt 0.997133 0.489947 
vt 0.997183 0.489863 
vt 0.991318 0.487467 
vt 0.991473 0.48758 
vt 0.994158 0.493587 
vt 0.995946 0.49693 
vt 0.995884 0.496913 
vt 0.997138 0.489461 
vt 0.9971 0.489424 
vt 0.997158 0.489623 
vt 0.991554 0.487313 
vt 0.997152 0.48938 
vt 0.997205 0.489614 
vt 0.991617 0.486924 
vt 0.991485 0.486779 
vt 0.997043 0.489402 
vt 0.997093 0.489317 
vt 0.995854 0.496967 
vt 0.99575 0.497037 
vt 0.995895 0.497012 
vt 0.995766 0.496878 
vt 0.995424 0.495404 
vt 0.995592 0.495512 
vt 0.995515 0.495311 
vt 0.995677 0.49679 
vt 0.995637 0.496745 
vt 0.994007 0.493328 
vt 0.994035 0.493467 
vt 0.992277 0.487311 
vt 0.992411 0.487153 
vt 0.99227 0.487156 
vt 0.992375 0.48688 
vt 0.99242 0.48731 
vt 0.993974 0.493246 
vt 0.993965 0.493377 
vt 0.993924 0.49334 
vt 0.993915 0.493149 
vt 0.992251 0.486907 
vt 0.992148 0.487297 
vt 0.994071 0.493631 
vt 0.993975 0.493521 
vt 0.992307 0.487666 
vt 0.992452 0.487637 
vt 0.993908 0.493516 
vt 0.994004 0.493659 
vt 0.993822 0.493533 
vt 0.993847 0.493298 
vt 0.994073 0.493036 
vt 0.995773 0.496801 
vt 0.996863 0.488959 
vt 0.996927 0.489219 
vt 0.996976 0.489022 
vt 0.992145 0.487127 
vt 0.996814 0.489245 
vt 0.992139 0.486852 
vt 0.993024 0.494899 
vt 0.993115 0.494729 
vt 0.993019 0.494759 
vt 0.993126 0.494875 
vt 0.993122 0.494438 
vt 0.995649 0.495324 
vt 0.995764 0.495435 
vt 0.992872 0.494724 
vt 0.995718 0.49563 
vt 0.995806 0.495561 
vt 0.995801 0.495755 
vt 0.992912 0.494564 
vt 0.992984 0.494465 
vt 0.992015 0.487298 
vt 0.992169 0.487703 
vt 0.993944 0.493721 
vt 0.994259 0.493663 
vt 0.994189 0.493741 
vt 0.994298 0.493696 
vt 0.994213 0.493829 
vt 0.991279 0.487729 
vt 0.994099 0.493782 
vt 0.994048 0.493785 
vt 0.992473 0.487925 
vt 0.994103 0.493876 
vt 0.992325 0.488035 
vt 0.994257 0.493947 
vt 0.99624 0.496332 
vt 0.996307 0.496461 
vt 0.9963 0.496353 
vt 0.994096 0.494026 
vt 0.996259 0.496504 
vt 0.99629 0.496168 
vt 0.996323 0.496235 
vt 0.996772 0.493548 
vt 0.996704 0.493672 
vt 0.996795 0.49364 
vt 0.996365 0.496618 
vt 0.996896 0.493557 
vt 0.99436 0.493741 
vt 0.994386 0.493508 
vt 0.99145 0.487749 
vt 0.995506 0.495735 
vt 0.995365 0.495571 
vt 0.991599 0.487666 
vt 0.995359 0.49576 
vt 0.993038 0.495033 
vt 0.993134 0.495022 
vt 0.993187 0.495291 
vt 0.993333 0.495004 
vt 0.99543 0.495941 
vt 0.995546 0.496058 
vt 0.99638 0.49636 
vt 0.996373 0.496501 
vt 0.993048 0.495311 
vt 0.99644 0.496494 
vt 0.996388 0.496208 
vt 0.992963 0.495238 
vt 0.996447 0.496231 
vt 0.996481 0.49657 
vt 0.995633 0.495786 
vt 0.994029 0.493854 
vt 0.99639 0.496094 
vt 0.996753 0.49402 
vt 0.996739 0.493843 
vt 0.996694 0.493859 
vt 0.993875 0.493783 
vt 0.993984 0.493965 
vt 0.996754 0.493729 
vt 0.992175 0.488122 
vt 0.996863 0.493672 
vt 0.996823 0.493801 
vt 0.996783 0.493929 
vt 0.992896 0.495098 
vt 0.992865 0.494914 
vt 0.995635 0.496059 
vt 0.996481 0.496154 
vt 0.99684 0.493966 
vt 0.996849 0.494059 
vt 0.995742 0.495949 
vt 0.992732 0.49174 
vt 0.992636 0.491923 
vt 0.992733 0.491976 
vt 0.992676 0.492188 
vt 0.996917 0.49374 
vt 0.99202 0.487746 
vt 0.992538 0.49221 
vt 0.99248 0.492409 
vt 0.992584 0.492331 
vt 0.996976 0.493706 
vt 0.996894 0.49387 
vt 0.992602 0.492085 
vt 0.996933 0.488758 
vt 0.995665 0.496912 
vt 0.995619 0.496933 
vt 0.99165 0.487178 
vt 0.991678 0.486936 
vt 0.991726 0.486967 
vt 0.995647 0.496844 
vt 0.995585 0.496826 
vt 0.996885 0.48869 
vt 0.996834 0.488708 
vt 0.992204 0.496704 
vt 0.992128 0.496586 
vt 0.992091 0.496628 
vt 0.995758 0.496956 
vt 0.991636 0.487348 
vt 0.991698 0.487361 
vt 0.993308 0.494659 
vt 0.99325 0.494528 
vt 0.99222 0.496631 
vt 0.992306 0.496707 
vt 0.992316 0.49678 
vt 0.992094 0.496527 
vt 0.991711 0.487177 
vt 0.992237 0.496555 
vt 0.996996 0.49443 
vt 0.997042 0.494254 
vt 0.997018 0.494182 
vt 0.997043 0.494421 
vt 0.997088 0.494412 
vt 0.997074 0.494204 
vt 0.992034 0.496588 
vt 0.991853 0.487143 
vt 0.997068 0.494097 
vt 0.997113 0.49424 
vt 0.992354 0.496704 
vt 0.997049 0.494664 
vt 0.997063 0.494584 
vt 0.992298 0.491504 
vt 0.992171 0.491517 
vt 0.992234 0.491619 
vt 0.992268 0.491367 
vt 0.991873 0.487329 
vt 0.997101 0.49462 
vt 0.997134 0.49457 
vt 0.992317 0.491573 
vt 0.992102 0.496701 
vt 0.992187 0.496778 
vt 0.992053 0.496704 
vt 0.99217 0.496854 
vt 0.996719 0.488892 
vt 0.996722 0.489122 
vt 0.992013 0.487115 
vt 0.992019 0.486859 
vt 0.991885 0.486914 
vt 0.99228 0.496822 
vt 0.992548 0.491515 
vt 0.992601 0.491389 
vt 0.992438 0.49129 
vt 0.992609 0.491613 
vt 0.992682 0.491537 
vt 0.992572 0.491659 
vt 0.997127 0.49416 
vt 0.99718 0.494394 
vt 0.997133 0.494403 
vt 0.992427 0.491453 
vt 0.992314 0.496881 
vt 0.997158 0.494643 
vt 0.992392 0.49169 
vt 0.992415 0.491567 
vt 0.992521 0.491612 
vt 0.992638 0.491758 
vt 0.993336 0.49483 
vt 0.992113 0.49173 
vt 0.991719 0.487736 
vt 0.992374 0.49682 
vt 0.992198 0.491928 
vt 0.992109 0.491967 
vt 0.991589 0.487822 
vt 0.993297 0.495154 
vt 0.992224 0.492073 
vt 0.992168 0.492177 
vt 0.991711 0.487942 
vt 0.992322 0.492213 
vt 0.992308 0.492377 
vt 0.992451 0.492256 
vt 0.992448 0.49214 
vt 0.992337 0.4921 
vt 0.992007 0.488152 
vt 0.991869 0.487759 
vt 0.99185 0.488073 
vt 0.992201 0.49177 
vt 0.992257 0.491791 
vt 0.992284 0.491664 
vt 0.997108 0.494727 
vt 0.992367 0.491829 
vt 0.992257 0.492024 
vt 0.992251 0.491922 
vt 0.99235 0.491972 
vt 0.996523 0.496363 
vt 0.996949 0.493918 
vt 0.992512 0.492132 
vt 0.992544 0.492032 
vt 0.996462 0.496368 
vt 0.992568 0.491897 
vt 0.992493 0.491872 
vt 0.992577 0.491762 
vt 0.992508 0.491733 
vt 0.992469 0.492011 

usemtl Player1Mtl

f 3069/3069/3069 3070/3070/3070 3071/3071/3071 
f 3069/3069/3069 3073/3073/3073 3070/3070/3070 
f 3167/3167/3167 3069/3069/3069 3071/3071/3071 
f 3069/3069/3069 3217/3217/3217 3073/3073/3073 
f 3069/3069/3069 3167/3167/3167 3175/3175/3175 
f 3217/3217/3217 3069/3069/3069 3216/3216/3216 
f 3069/3069/3069 3175/3175/3175 3176/3176/3176 
f 3069/3069/3069 3176/3176/3176 3216/3216/3216 
f 3097/3097/3097 3064/3064/3064 3090/3090/3090 
f 3097/3097/3097 3059/3059/3059 3064/3064/3064 
f 3065/3065/3065 3090/3090/3090 3063/3063/3063 
f 3063/3063/3063 3090/3090/3090 3064/3064/3064 
f 3055/3055/3055 3065/3065/3065 3063/3063/3063 
f 3059/3059/3059 3060/3060/3060 3064/3064/3064 
f 3064/3064/3064 3060/3060/3060 3063/3063/3063 
f 3063/3063/3063 3054/3054/3054 3055/3055/3055 
f 3054/3054/3054 3063/3063/3063 3060/3060/3060 
f 3054/3054/3054 3053/3053/3053 3055/3055/3055 
f 3059/3059/3059 3047/3047/3047 3060/3060/3060 
f 3054/3054/3054 3060/3060/3060 3047/3047/3047 
f 3053/3053/3053 3054/3054/3054 3046/3046/3046 
f 3047/3047/3047 3046/3046/3046 3054/3054/3054 
f 3046/3046/3046 3006/3006/3006 3053/3053/3053 
f 3006/3006/3006 3046/3046/3046 3009/3009/3009 
f 3047/3047/3047 3009/3009/3009 3046/3046/3046 
f 3006/3006/3006 3009/3009/3009 3007/3007/3007 
f 3059/3059/3059 3008/3008/3008 3047/3047/3047 
f 3009/3009/3009 3047/3047/3047 3008/3008/3008 
f 3008/3008/3008 3007/3007/3007 3009/3009/3009 
f 3008/3008/3008 3059/3059/3059 3024/3024/3024 
f 3007/3007/3007 3008/3008/3008 3016/3016/3016 
f 3024/3024/3024 3016/3016/3016 3008/3008/3008 
f 3109/3109/3109 3110/3110/3110 3111/3111/3111 
f 3113/3113/3113 3109/3109/3109 3111/3111/3111 
f 3110/3110/3110 3143/3143/3143 3111/3111/3111 
f 3113/3113/3113 3111/3111/3111 3145/3145/3145 
f 3110/3110/3110 3139/3139/3139 3143/3143/3143 
f 3139/3139/3139 3110/3110/3110 3140/3140/3140 
f 3138/3138/3138 3139/3139/3139 3140/3140/3140 
f 3146/3146/3146 3111/3111/3111 3143/3143/3143 
f 3146/3146/3146 3145/3145/3145 3111/3111/3111 
f 3139/3139/3139 3146/3146/3146 3143/3143/3143 
f 3159/3159/3159 3113/3113/3113 3145/3145/3145 
f 3146/3146/3146 3159/3159/3159 3145/3145/3145 
f 3113/3113/3113 3159/3159/3159 3164/3164/3164 
f 3266/3266/3266 3164/3164/3164 3159/3159/3159 
f 3159/3159/3159 3146/3146/3146 3165/3165/3165 
f 3266/3266/3266 3159/3159/3159 3165/3165/3165 
f 3146/3146/3146 3139/3139/3139 3147/3147/3147 
f 3139/3139/3139 3138/3138/3138 3147/3147/3147 
f 3146/3146/3146 3152/3152/3152 3165/3165/3165 
f 3152/3152/3152 3266/3266/3266 3165/3165/3165 
f 3152/3152/3152 3146/3146/3146 3147/3147/3147 
f 3138/3138/3138 3152/3152/3152 3147/3147/3147 
f 3266/3266/3266 3152/3152/3152 3153/3153/3153 
f 3152/3152/3152 3138/3138/3138 3153/3153/3153 
f 3191/3191/3191 3192/3192/3192 3193/3193/3193 
f 3192/3192/3192 3191/3191/3191 3194/3194/3194 
f 3193/3193/3193 3192/3192/3192 3196/3196/3196 
f 3199/3199/3199 3193/3193/3193 3196/3196/3196 
f 3196/3196/3196 3228/3228/3228 3199/3199/3199 
f 3192/3192/3192 3195/3195/3195 3196/3196/3196 
f 3192/3192/3192 3194/3194/3194 3195/3195/3195 
f 3228/3228/3228 3196/3196/3196 3200/3200/3200 
f 3195/3195/3195 3200/3200/3200 3196/3196/3196 
f 3229/3229/3229 3228/3228/3228 3200/3200/3200 
f 3191/3191/3191 3203/3203/3203 3194/3194/3194 
f 3203/3203/3203 3195/3195/3195 3194/3194/3194 
f 3191/3191/3191 3202/3202/3202 3203/3203/3203 
f 3200/3200/3200 3195/3195/3195 3230/3230/3230 
f 3200/3200/3200 3230/3230/3230 3229/3229/3229 
f 3210/3210/3210 3229/3229/3229 3230/3230/3230 
f 3195/3195/3195 3210/3210/3210 3230/3230/3230 
f 3229/3229/3229 3210/3210/3210 3233/3233/3233 
f 3195/3195/3195 3203/3203/3203 3209/3209/3209 
f 3202/3202/3202 3209/3209/3209 3203/3203/3203 
f 3195/3195/3195 3209/3209/3209 3210/3210/3210 
f 3209/3209/3209 3233/3233/3233 3210/3210/3210 
f 3209/3209/3209 3202/3202/3202 3260/3260/3260 
f 3260/3260/3260 3233/3233/3233 3209/3209/3209 
f 2995/2995/2995 2996/2996/2996 2997/2997/2997 
f 2995/2995/2995 2997/2997/2997 2998/2998/2998 
f 2998/2998/2998 3010/3010/3010 2995/2995/2995 
f 3001/3001/3001 2998/2998/2998 2997/2997/2997 
f 2996/2996/2996 3001/3001/3001 2997/2997/2997 
f 2998/2998/2998 3001/3001/3001 3035/3035/3035 
f 3001/3001/3001 3028/3028/3028 3035/3035/3035 
f 2996/2996/2996 3028/3028/3028 3001/3001/3001 
f 3035/3035/3035 3028/3028/3028 3036/3036/3036 
f 3028/3028/3028 3031/3031/3031 3036/3036/3036 
f 3010/3010/3010 2999/2999/2999 2995/2995/2995 
f 2996/2996/2996 2995/2995/2995 2999/2999/2999 
f 2999/2999/2999 3010/3010/3010 3020/3020/3020 
f 2999/2999/2999 3020/3020/3020 3021/3021/3021 
f 3031/3031/3031 3028/3028/3028 3027/3027/3027 
f 2996/2996/2996 3027/3027/3027 3028/3028/3028 
f 3032/3032/3032 3031/3031/3031 3027/3027/3027 
f 3027/3027/3027 2996/2996/2996 3029/3029/3029 
f 3032/3032/3032 3027/3027/3027 3029/3029/3029 
f 3000/3000/3000 2996/2996/2996 2999/2999/2999 
f 3021/3021/3021 3000/3000/3000 2999/2999/2999 
f 2996/2996/2996 3000/3000/3000 3029/3029/3029 
f 3032/3032/3032 3000/3000/3000 3021/3021/3021 
f 3000/3000/3000 3032/3032/3032 3029/3029/3029 
f 3155/3155/3155 3156/3156/3156 3157/3157/3157 
f 3157/3157/3157 3156/3156/3156 3158/3158/3158 
f 3156/3156/3156 3155/3155/3155 3237/3237/3237 
f 3226/3226/3226 3237/3237/3237 3155/3155/3155 
f 3156/3156/3156 3166/3166/3166 3158/3158/3158 
f 3158/3158/3158 3166/3166/3166 3163/3163/3163 
f 3166/3166/3166 3161/3161/3161 3163/3163/3163 
f 3161/3161/3161 3162/3162/3162 3163/3163/3163 
f 3156/3156/3156 3268/3268/3268 3166/3166/3166 
f 3162/3162/3162 3161/3161/3161 3251/3251/3251 
f 3251/3251/3251 3250/3250/3250 3162/3162/3162 
f 3166/3166/3166 3267/3267/3267 3161/3161/3161 
f 3267/3267/3267 3251/3251/3251 3161/3161/3161 
f 3267/3267/3267 3166/3166/3166 3268/3268/3268 
f 3250/3250/3250 3251/3251/3251 3249/3249/3249 
f 3249/3249/3249 3247/3247/3247 3250/3250/3250 
f 3251/3251/3251 3267/3267/3267 3252/3252/3252 
f 3252/3252/3252 3249/3249/3249 3251/3251/3251 
f 3268/3268/3268 3274/3274/3274 3267/3267/3267 
f 3267/3267/3267 3274/3274/3274 3252/3252/3252 
f 3268/3268/3268 3156/3156/3156 3270/3270/3270 
f 3270/3270/3270 3274/3274/3274 3268/3268/3268 
f 3237/3237/3237 3270/3270/3270 3156/3156/3156 
f 3249/3249/3249 3252/3252/3252 3253/3253/3253 
f 3264/3264/3264 3252/3252/3252 3274/3274/3274 
f 3264/3264/3264 3253/3253/3253 3252/3252/3252 
f 3262/3262/3262 3249/3249/3249 3253/3253/3253 
f 3264/3264/3264 3262/3262/3262 3253/3253/3253 
f 3247/3247/3247 3249/3249/3249 3246/3246/3246 
f 3249/3249/3249 3262/3262/3262 3246/3246/3246 
f 3246/3246/3246 3243/3243/3243 3247/3247/3247 
f 3262/3262/3262 3264/3264/3264 3263/3263/3263 
f 3263/3263/3263 3246/3246/3246 3262/3262/3262 
f 3274/3274/3274 3261/3261/3261 3264/3264/3264 
f 3261/3261/3261 3263/3263/3263 3264/3264/3264 
f 3243/3243/3243 3246/3246/3246 3242/3242/3242 
f 3246/3246/3246 3263/3263/3263 3242/3242/3242 
f 3242/3242/3242 3239/3239/3239 3243/3243/3243 
f 3239/3239/3239 3242/3242/3242 3257/3257/3257 
f 3258/3258/3258 3242/3242/3242 3263/3263/3263 
f 3242/3242/3242 3258/3258/3258 3257/3257/3257 
f 3263/3263/3263 3261/3261/3261 3258/3258/3258 
f 3206/3206/3206 3239/3239/3239 3257/3257/3257 
f 3206/3206/3206 3257/3257/3257 3258/3258/3258 
f 3239/3239/3239 3206/3206/3206 3205/3205/3205 
f 3261/3261/3261 3259/3259/3259 3258/3258/3258 
f 3206/3206/3206 3258/3258/3258 3259/3259/3259 
f 3259/3259/3259 3261/3261/3261 3234/3234/3234 
f 3204/3204/3204 3205/3205/3205 3206/3206/3206 
f 3205/3205/3205 3204/3204/3204 3207/3207/3207 
f 3211/3211/3211 3206/3206/3206 3259/3259/3259 
f 3206/3206/3206 3211/3211/3211 3204/3204/3204 
f 3211/3211/3211 3259/3259/3259 3234/3234/3234 
f 3204/3204/3204 3224/3224/3224 3207/3207/3207 
f 3211/3211/3211 3231/3231/3231 3204/3204/3204 
f 3224/3224/3224 3204/3204/3204 3231/3231/3231 
f 3231/3231/3231 3211/3211/3211 3235/3235/3235 
f 3234/3234/3234 3235/3235/3235 3211/3211/3211 
f 3231/3231/3231 3222/3222/3222 3224/3224/3224 
f 3235/3235/3235 3222/3222/3222 3231/3231/3231 
f 3222/3222/3222 3223/3223/3223 3224/3224/3224 
f 3234/3234/3234 3236/3236/3236 3235/3235/3235 
f 3222/3222/3222 3235/3235/3235 3236/3236/3236 
f 3223/3223/3223 3222/3222/3222 3225/3225/3225 
f 3225/3225/3225 3226/3226/3226 3223/3223/3223 
f 3237/3237/3237 3226/3226/3226 3225/3225/3225 
f 3227/3227/3227 3225/3225/3225 3222/3222/3222 
f 3227/3227/3227 3237/3237/3237 3225/3225/3225 
f 3227/3227/3227 3222/3222/3222 3236/3236/3236 
f 3227/3227/3227 3272/3272/3272 3237/3237/3237 
f 3270/3270/3270 3237/3237/3237 3272/3272/3272 
f 3273/3273/3273 3227/3227/3227 3236/3236/3236 
f 3227/3227/3227 3273/3273/3273 3272/3272/3272 
f 3236/3236/3236 3234/3234/3234 3273/3273/3273 
f 3272/3272/3272 3271/3271/3271 3270/3270/3270 
f 3271/3271/3271 3272/3272/3272 3273/3273/3273 
f 3234/3234/3234 3271/3271/3271 3273/3273/3273 
f 3274/3274/3274 3270/3270/3270 3271/3271/3271 
f 3271/3271/3271 3234/3234/3234 3261/3261/3261 
f 3261/3261/3261 3274/3274/3274 3271/3271/3271 
f 3005/3005/3005 3006/3006/3006 3007/3007/3007 
f 3011/3011/3011 3006/3006/3006 3005/3005/3005 
f 3015/3015/3015 3011/3011/3011 3005/3005/3005 
f 3007/3007/3007 3015/3015/3015 3005/3005/3005 
f 3011/3011/3011 3015/3015/3015 3019/3019/3019 
f 3006/3006/3006 3011/3011/3011 3067/3067/3067 
f 3017/3017/3017 3019/3019/3019 3015/3015/3015 
f 3019/3019/3019 3017/3017/3017 3115/3115/3115 
f 3017/3017/3017 3114/3114/3114 3115/3115/3115 
f 3015/3015/3015 3007/3007/3007 3016/3016/3016 
f 3016/3016/3016 3017/3017/3017 3015/3015/3015 
f 3067/3067/3067 3053/3053/3053 3006/3006/3006 
f 3053/3053/3053 3067/3067/3067 3056/3056/3056 
f 3017/3017/3017 3016/3016/3016 3018/3018/3018 
f 3056/3056/3056 3055/3055/3055 3053/3053/3053 
f 3055/3055/3055 3056/3056/3056 3066/3066/3066 
f 3065/3065/3065 3055/3055/3055 3066/3066/3066 
f 3016/3016/3016 3024/3024/3024 3018/3018/3018 
f 3091/3091/3091 3017/3017/3017 3018/3018/3018 
f 3091/3091/3091 3018/3018/3018 3024/3024/3024 
f 3017/3017/3017 3091/3091/3091 3093/3093/3093 
f 3114/3114/3114 3017/3017/3017 3093/3093/3093 
f 3093/3093/3093 3101/3101/3101 3114/3114/3114 
f 3092/3092/3092 3093/3093/3093 3091/3091/3091 
f 3024/3024/3024 3092/3092/3092 3091/3091/3091 
f 3101/3101/3101 3093/3093/3093 3094/3094/3094 
f 3094/3094/3094 3093/3093/3093 3092/3092/3092 
f 3099/3099/3099 3101/3101/3101 3094/3094/3094 
f 3101/3101/3101 3099/3099/3099 3105/3105/3105 
f 3092/3092/3092 3096/3096/3096 3094/3094/3094 
f 3024/3024/3024 3096/3096/3096 3092/3092/3092 
f 3094/3094/3094 3096/3096/3096 3099/3099/3099 
f 3096/3096/3096 3024/3024/3024 3059/3059/3059 
f 3105/3105/3105 3099/3099/3099 3136/3136/3136 
f 3105/3105/3105 3136/3136/3136 3142/3142/3142 
f 3141/3141/3141 3142/3142/3142 3136/3136/3136 
f 3097/3097/3097 3099/3099/3099 3096/3096/3096 
f 3099/3099/3099 3097/3097/3097 3136/3136/3136 
f 3059/3059/3059 3097/3097/3097 3096/3096/3096 
f 3090/3090/3090 3141/3141/3141 3136/3136/3136 
f 3090/3090/3090 3136/3136/3136 3097/3097/3097 
f 3065/3065/3065 3141/3141/3141 3090/3090/3090 
f 3075/3075/3075 3076/3076/3076 3077/3077/3077 
f 3086/3086/3086 3077/3077/3077 3087/3087/3087 
f 3077/3077/3077 3079/3079/3079 3087/3087/3087 
f 3077/3077/3077 3086/3086/3086 3082/3082/3082 
f 3079/3079/3079 3077/3077/3077 3076/3076/3076 
f 3082/3082/3082 3075/3075/3075 3077/3077/3077 
f 3184/3184/3184 3079/3079/3079 3076/3076/3076 
f 3076/3076/3076 3183/3183/3183 3184/3184/3184 
f 3076/3076/3076 3238/3238/3238 3183/3183/3183 
f 3075/3075/3075 3082/3082/3082 3149/3149/3149 
f 3148/3148/3148 3075/3075/3075 3149/3149/3149 
f 3238/3238/3238 3076/3076/3076 3078/3078/3078 
f 3076/3076/3076 3075/3075/3075 3078/3078/3078 
f 3078/3078/3078 3124/3124/3124 3238/3238/3238 
f 3075/3075/3075 3148/3148/3148 3121/3121/3121 
f 3121/3121/3121 3078/3078/3078 3075/3075/3075 
f 3121/3121/3121 3148/3148/3148 3132/3132/3132 
f 3129/3129/3129 3121/3121/3121 3132/3132/3132 
f 3123/3123/3123 3121/3121/3121 3129/3129/3129 
f 3078/3078/3078 3121/3121/3121 3122/3122/3122 
f 3121/3121/3121 3123/3123/3123 3122/3122/3122 
f 3124/3124/3124 3078/3078/3078 3122/3122/3122 
f 3245/3245/3245 3122/3122/3122 3123/3123/3123 
f 3124/3124/3124 3122/3122/3122 3245/3245/3245 
f 3002/3002/3002 3003/3003/3003 3004/3004/3004 
f 3033/3033/3033 3004/3004/3004 3003/3003/3003 
f 3004/3004/3004 3033/3033/3033 3034/3034/3034 
f 3033/3033/3033 3003/3003/3003 3170/3170/3170 
f 3170/3170/3170 3171/3171/3171 3033/3033/3033 
f 3003/3003/3003 3002/3002/3002 3030/3030/3030 
f 3030/3030/3030 3170/3170/3170 3003/3003/3003 
f 3170/3170/3170 3172/3172/3172 3171/3171/3171 
f 3023/3023/3023 3030/3030/3030 3002/3002/3002 
f 3002/3002/3002 3022/3022/3022 3023/3023/3023 
f 3095/3095/3095 3023/3023/3023 3022/3022/3022 
f 3023/3023/3023 3095/3095/3095 3116/3116/3116 
f 3116/3116/3116 3119/3119/3119 3023/3023/3023 
f 3030/3030/3030 3023/3023/3023 3119/3119/3119 
f 3119/3119/3119 3116/3116/3116 3244/3244/3244 
f 3170/3170/3170 3030/3030/3030 3181/3181/3181 
f 3119/3119/3119 3181/3181/3181 3030/3030/3030 
f 3182/3182/3182 3170/3170/3170 3181/3181/3181 
f 3119/3119/3119 3182/3182/3182 3181/3181/3181 
f 3244/3244/3244 3240/3240/3240 3119/3119/3119 
f 3182/3182/3182 3119/3119/3119 3240/3240/3240 
f 3240/3240/3240 3244/3244/3244 3248/3248/3248 
f 3170/3170/3170 3182/3182/3182 3189/3189/3189 
f 3172/3172/3172 3170/3170/3170 3189/3189/3189 
f 3240/3240/3240 3208/3208/3208 3182/3182/3182 
f 3189/3189/3189 3182/3182/3182 3208/3208/3208 
f 3248/3248/3248 3255/3255/3255 3240/3240/3240 
f 3208/3208/3208 3240/3240/3240 3255/3255/3255 
f 3255/3255/3255 3248/3248/3248 3256/3256/3256 
f 3254/3254/3254 3255/3255/3255 3256/3256/3256 
f 3172/3172/3172 3189/3189/3189 3198/3198/3198 
f 3189/3189/3189 3208/3208/3208 3198/3198/3198 
f 3172/3172/3172 3198/3198/3198 3220/3220/3220 
f 3220/3220/3220 3198/3198/3198 3218/3218/3218 
f 3208/3208/3208 3218/3218/3218 3198/3198/3198 
f 3218/3218/3218 3219/3219/3219 3220/3220/3220 
f 3218/3218/3218 3074/3074/3074 3219/3219/3219 
f 3255/3255/3255 3254/3254/3254 3160/3160/3160 
f 3208/3208/3208 3255/3255/3255 3160/3160/3160 
f 3144/3144/3144 3160/3160/3160 3254/3254/3254 
f 3218/3218/3218 3208/3208/3208 3088/3088/3088 
f 3208/3208/3208 3160/3160/3160 3088/3088/3088 
f 3074/3074/3074 3218/3218/3218 3072/3072/3072 
f 3088/3088/3088 3072/3072/3072 3218/3218/3218 
f 3072/3072/3072 3057/3057/3057 3074/3074/3074 
f 3160/3160/3160 3144/3144/3144 3089/3089/3089 
f 3089/3089/3089 3088/3088/3088 3160/3160/3160 
f 3089/3089/3089 3144/3144/3144 3100/3100/3100 
f 3072/3072/3072 3088/3088/3088 3058/3058/3058 
f 3088/3088/3088 3089/3089/3089 3058/3058/3058 
f 3057/3057/3057 3072/3072/3072 3050/3050/3050 
f 3058/3058/3058 3050/3050/3050 3072/3072/3072 
f 3050/3050/3050 3051/3051/3051 3057/3057/3057 
f 3051/3051/3051 3050/3050/3050 3049/3049/3049 
f 3089/3089/3089 3100/3100/3100 3061/3061/3061 
f 3058/3058/3058 3089/3089/3089 3061/3061/3061 
f 3098/3098/3098 3061/3061/3061 3100/3100/3100 
f 3061/3061/3061 3098/3098/3098 3062/3062/3062 
f 3052/3052/3052 3061/3061/3061 3062/3062/3062 
f 3048/3048/3048 3049/3049/3049 3050/3050/3050 
f 3049/3049/3049 3048/3048/3048 3052/3052/3052 
f 3050/3050/3050 3058/3058/3058 3048/3048/3048 
f 3061/3061/3061 3052/3052/3052 3048/3048/3048 
f 3058/3058/3058 3061/3061/3061 3048/3048/3048 
f 3041/3041/3041 3042/3042/3042 3043/3043/3043 
f 3043/3043/3043 3042/3042/3042 3080/3080/3080 
f 3080/3080/3080 3042/3042/3042 3081/3081/3081 
f 3041/3041/3041 3117/3117/3117 3042/3042/3042 
f 3117/3117/3117 3041/3041/3041 3118/3118/3118 
f 3120/3120/3120 3117/3117/3117 3118/3118/3118 
f 3117/3117/3117 3120/3120/3120 3125/3125/3125 
f 3126/3126/3126 3117/3117/3117 3125/3125/3125 
f 3117/3117/3117 3126/3126/3126 3135/3135/3135 
f 3042/3042/3042 3117/3117/3117 3135/3135/3135 
f 3135/3135/3135 3126/3126/3126 3150/3150/3150 
f 3135/3135/3135 3150/3150/3150 3154/3154/3154 
f 3085/3085/3085 3135/3135/3135 3154/3154/3154 
f 3042/3042/3042 3135/3135/3135 3083/3083/3083 
f 3135/3135/3135 3085/3085/3085 3083/3083/3083 
f 3042/3042/3042 3083/3083/3083 3081/3081/3081 
f 3084/3084/3084 3083/3083/3083 3085/3085/3085 
f 3081/3081/3081 3083/3083/3083 3084/3084/3084 
f 3012/3012/3012 3013/3013/3013 3014/3014/3014 
f 3013/3013/3013 3012/3012/3012 3068/3068/3068 
f 3014/3014/3014 3013/3013/3013 3026/3026/3026 
f 3025/3025/3025 3014/3014/3014 3026/3026/3026 
f 3026/3026/3026 3039/3039/3039 3025/3025/3025 
f 3040/3040/3040 3026/3026/3026 3013/3013/3013 
f 3040/3040/3040 3013/3013/3013 3068/3068/3068 
f 3039/3039/3039 3026/3026/3026 3037/3037/3037 
f 3040/3040/3040 3037/3037/3037 3026/3026/3026 
f 3037/3037/3037 3038/3038/3038 3039/3039/3039 
f 3044/3044/3044 3068/3068/3068 3012/3012/3012 
f 3044/3044/3044 3040/3040/3040 3068/3068/3068 
f 3044/3044/3044 3012/3012/3012 3045/3045/3045 
f 3037/3037/3037 3040/3040/3040 3180/3180/3180 
f 3038/3038/3038 3037/3037/3037 3180/3180/3180 
f 3040/3040/3040 3044/3044/3044 3173/3173/3173 
f 3045/3045/3045 3173/3173/3173 3044/3044/3044 
f 3173/3173/3173 3045/3045/3045 3174/3174/3174 
f 3173/3173/3173 3174/3174/3174 3169/3169/3169 
f 3168/3168/3168 3038/3038/3038 3180/3180/3180 
f 3168/3168/3168 3180/3180/3180 3040/3040/3040 
f 3038/3038/3038 3168/3168/3168 3169/3169/3169 
f 3040/3040/3040 3173/3173/3173 3168/3168/3168 
f 3168/3168/3168 3173/3173/3173 3169/3169/3169 
f 3102/3102/3102 3103/3103/3103 3104/3104/3104 
f 3103/3103/3103 3102/3102/3102 3106/3106/3106 
f 3112/3112/3112 3103/3103/3103 3106/3106/3106 
f 3104/3104/3104 3108/3108/3108 3102/3102/3102 
f 3107/3107/3107 3102/3102/3102 3108/3108/3108 
f 3108/3108/3108 3137/3137/3137 3107/3107/3107 
f 3104/3104/3104 3127/3127/3127 3108/3108/3108 
f 3103/3103/3103 3127/3127/3127 3104/3104/3104 
f 3137/3137/3137 3108/3108/3108 3131/3131/3131 
f 3127/3127/3127 3131/3131/3131 3108/3108/3108 
f 3103/3103/3103 3112/3112/3112 3128/3128/3128 
f 3127/3127/3127 3103/3103/3103 3128/3128/3128 
f 3112/3112/3112 3130/3130/3130 3128/3128/3128 
f 3128/3128/3128 3130/3130/3130 3127/3127/3127 
f 3112/3112/3112 3134/3134/3134 3130/3130/3130 
f 3265/3265/3265 3130/3130/3130 3134/3134/3134 
f 3130/3130/3130 3269/3269/3269 3127/3127/3127 
f 3130/3130/3130 3265/3265/3265 3269/3269/3269 
f 3127/3127/3127 3133/3133/3133 3131/3131/3131 
f 3133/3133/3133 3127/3127/3127 3269/3269/3269 
f 3133/3133/3133 3269/3269/3269 3265/3265/3265 
f 3133/3133/3133 3137/3137/3137 3131/3131/3131 
f 3265/3265/3265 3151/3151/3151 3133/3133/3133 
f 3137/3137/3137 3133/3133/3133 3151/3151/3151 
f 3177/3177/3177 3178/3178/3178 3179/3179/3179 
f 3178/3178/3178 3177/3177/3177 3185/3185/3185 
f 3190/3190/3190 3178/3178/3178 3185/3185/3185 
f 3190/3190/3190 3188/3188/3188 3178/3178/3178 
f 3188/3188/3188 3179/3179/3179 3178/3178/3178 
f 3179/3179/3179 3188/3188/3188 3197/3197/3197 
f 3179/3179/3179 3197/3197/3197 3214/3214/3214 
f 3186/3186/3186 3190/3190/3190 3185/3185/3185 
f 3186/3186/3186 3185/3185/3185 3177/3177/3177 
f 3190/3190/3190 3186/3186/3186 3201/3201/3201 
f 3214/3214/3214 3212/3212/3212 3179/3179/3179 
f 3212/3212/3212 3177/3177/3177 3179/3179/3179 
f 3215/3215/3215 3212/3212/3212 3214/3214/3214 
f 3177/3177/3177 3212/3212/3212 3213/3213/3213 
f 3212/3212/3212 3215/3215/3215 3213/3213/3213 
f 3187/3187/3187 3201/3201/3201 3186/3186/3186 
f 3186/3186/3186 3177/3177/3177 3187/3187/3187 
f 3201/3201/3201 3187/3187/3187 3241/3241/3241 
f 3187/3187/3187 3232/3232/3232 3241/3241/3241 
f 3221/3221/3221 3213/3213/3213 3215/3215/3215 
f 3221/3221/3221 3177/3177/3177 3213/3213/3213 
f 3215/3215/3215 3232/3232/3232 3221/3221/3221 
f 3177/3177/3177 3221/3221/3221 3187/3187/3187 
f 3232/3232/3232 3187/3187/3187 3221/3221/3221 

g Player6

v -0.636526 103.337 -0.0284681 
v -0.362275 103.398 -0.519389 
v -0.294619 103.205 -0.444197 
v -0.246595 103.079 -0.300609 
v -0.54333 103.195 -0.00731854 
v -0.633043 103.522 -0.291563 
v -0.303487 103.608 -0.57586 
v -9.43136e-09 103.353 -0.577623 
v -0.683227 103.463 -0.0421302 
v -9.87139e-11 103.029 -0.345408 
v 1.00958e-08 102.978 -0.0161968 
v -0.307274 103.025 0.00104802 
v -6.06454e-09 103.161 -0.512712 
v -1.18289e-08 103.587 -0.599656 
v -0.35767 103.049 0.297323 
v -0.54333 103.195 -0.00731854 
v -0.307274 103.025 0.00104802 
v -0.45246 103.173 0.43789 
v -0.636526 103.337 -0.0284681 
v -0.497782 103.388 0.487577 
v -0.630861 103.503 0.204262 
v -0.683227 103.463 -0.0421302 
v 2.48945e-08 103.445 0.597123 
v 1.98164e-08 103.028 0.322452 
v 1.00958e-08 102.978 -0.0161968 
v 2.43604e-08 103.2 0.518068 
v -0.351242 103.672 0.514151 
v -0.606339 103.678 0.26804 
v -0.591932 103.67 -0.367887 
v -0.663547 103.695 -0.0509335 
v -0.53082 103.813 -0.303141 
v -0.515044 103.885 -0.057717 
v -0.197778 103.899 -0.0503614 
v -0.240798 103.79 -0.447987 
v -9.18895e-09 103.796 -0.458819 
v 2.55663e-09 103.914 -0.0351212 
v -0.515044 103.885 -0.057717 
v -0.663547 103.695 -0.0509335 
v -0.509321 103.845 0.191376 
v -0.197778 103.899 -0.0503614 
v -0.219551 103.88 0.357018 
v 2.25855e-08 103.711 0.586088 
v 1.57131e-08 103.9 0.402745 
v 2.55663e-09 103.914 -0.0351212 
v 0.197778 103.899 -0.0503614 
v 0.294619 103.205 -0.444197 
v 0.246595 103.079 -0.300609 
v 0.307274 103.025 0.00104804 
v 0.362275 103.398 -0.519389 
v 0.303487 103.608 -0.57586 
v 0.636526 103.337 -0.0284681 
v 0.54333 103.195 -0.00731851 
v 0.633043 103.522 -0.291563 
v 0.683227 103.463 -0.0421302 
v 0.307274 103.025 0.00104804 
v 0.35767 103.049 0.297323 
v 0.45246 103.173 0.43789 
v 0.497782 103.388 0.487577 
v 0.351242 103.672 0.514151 
v 0.54333 103.195 -0.00731851 
v 0.636526 103.337 -0.0284681 
v 0.630861 103.503 0.204262 
v 0.683227 103.463 -0.0421302 
v 0.240798 103.79 -0.447987 
v 0.53082 103.813 -0.303141 
v 0.515044 103.885 -0.057717 
v 0.591932 103.67 -0.367887 
v 0.663547 103.695 -0.0509335 
v 0.509321 103.845 0.191376 
v 0.663547 103.695 -0.0509335 
v 0.515044 103.885 -0.057717 
v 0.197778 103.899 -0.0503614 
v 0.219551 103.88 0.357018 
v 0.606339 103.678 0.26804 

vn -0.874016 -0.472441 -0.0944882 
vn -0.511811 -0.314961 -0.795276 
vn -0.472441 -0.590551 -0.653543 
vn -0.385827 -0.84252 -0.370079 
vn -0.795276 -0.590551 -0.11811 
vn -0.866142 -0.212598 -0.448819 
vn -0.307087 0.212598 -0.929134 
vn 0 -0.275591 -0.96063 
vn -0.968504 -0.228346 -0.0551181 
vn 0 -0.905512 -0.425197 
vn 0 -1 -0.0393701 
vn -0.401575 -0.913386 -0.0866142 
vn 0 -0.598425 -0.80315 
vn 0 0.204724 -0.976378 
vn -0.354331 -0.889764 0.283465 
vn -0.795276 -0.590551 -0.11811 
vn -0.401575 -0.913386 -0.0866142 
vn -0.543307 -0.590551 0.598425 
vn -0.874016 -0.472441 -0.0944882 
vn -0.653543 -0.15748 0.740157 
vn -0.937008 -0.0787402 0.338583 
vn -0.968504 -0.228346 -0.0551181 
vn 0 -0.11811 0.992126 
vn 0 -0.913386 0.401575 
vn 0 -1 -0.0393701 
vn 0 -0.519685 0.850394 
vn -0.425197 0.370079 0.826772 
vn -0.811024 0.385827 0.448819 
vn -0.748031 0.291339 -0.598425 
vn -0.937008 0.338583 -0.015748 
vn -0.488189 0.771654 -0.409449 
vn -0.472441 0.874016 -0.0629921 
vn -0.0708661 0.992126 -0.110236 
vn -0.133858 0.795276 -0.598425 
vn 0 0.811024 -0.582677 
vn 0 0.992126 -0.110236 
vn -0.472441 0.874016 -0.0629921 
vn -0.937008 0.338583 -0.015748 
vn -0.503937 0.811024 0.291339 
vn -0.0708661 0.992126 -0.110236 
vn -0.23622 0.88189 0.417323 
vn 0 0.385827 0.92126 
vn 0 0.897638 0.440945 
vn 0 0.992126 -0.110236 
vn 0.0708661 0.992126 -0.110236 
vn 0.472441 -0.590551 -0.653543 
vn 0.385827 -0.84252 -0.370079 
vn 0.401575 -0.913386 -0.0866142 
vn 0.511811 -0.314961 -0.795276 
vn 0.307087 0.212598 -0.929134 
vn 0.874016 -0.472441 -0.0944882 
vn 0.795276 -0.590551 -0.11811 
vn 0.866142 -0.212598 -0.448819 
vn 0.968504 -0.228346 -0.0551181 
vn 0.401575 -0.913386 -0.0866142 
vn 0.354331 -0.889764 0.283465 
vn 0.543307 -0.590551 0.598425 
vn 0.653543 -0.15748 0.740157 
vn 0.425197 0.370079 0.826772 
vn 0.795276 -0.590551 -0.11811 
vn 0.874016 -0.472441 -0.0944882 
vn 0.937008 -0.0787402 0.338583 
vn 0.968504 -0.228346 -0.0551181 
vn 0.133858 0.795276 -0.598425 
vn 0.488189 0.771654 -0.409449 
vn 0.480315 0.874016 -0.0629921 
vn 0.748031 0.291339 -0.598425 
vn 0.937008 0.346457 -0.015748 
vn 0.503937 0.811024 0.291339 
vn 0.937008 0.346457 -0.015748 
vn 0.480315 0.874016 -0.0629921 
vn 0.0708661 0.992126 -0.110236 
vn 0.23622 0.88189 0.417323 
vn 0.811024 0.385827 0.448819 

vt 0.261564 0.563284 
vt 0.257613 0.563957 
vt 0.257543 0.562299 
vt 0.257704 0.560787 
vt 0.261035 0.561604 
vt 0.259783 0.565317 
vt 0.256834 0.565434 
vt 0.255249 0.563212 
vt 0.26156 0.564816 
vt 0.255779 0.560262 
vt 0.256263 0.557571 
vt 0.259222 0.559125 
vt 0.255513 0.561742 
vt 0.254928 0.564996 
vt 0.247415 0.55549 
vt 0.250273 0.554496 
vt 0.248427 0.55755 
vt 0.247359 0.553948 
vt 0.250842 0.552669 
vt 0.24724 0.552279 
vt 0.249016 0.55107 
vt 0.250811 0.55105 
vt 0.243993 0.552858 
vt 0.244852 0.556758 
vt 0.2454 0.559249 
vt 0.24442 0.554798 
vt 0.245882 0.550504 
vt 0.248114 0.54975 
vt 0.258996 0.566359 
vt 0.261009 0.567419 
vt 0.258636 0.567629 
vt 0.259212 0.569403 
vt 0.25601 0.570537 
vt 0.256332 0.567133 
vt 0.254579 0.566935 
vt 0.253965 0.57035 
vt 0.248125 0.54641 
vt 0.250052 0.548418 
vt 0.247368 0.548095 
vt 0.244653 0.545373 
vt 0.244816 0.548587 
vt 0.243568 0.550929 
vt 0.243171 0.549127 
vt 0.242411 0.545676 
vt 0.252017 0.569619 
vt 0.253452 0.561358 
vt 0.253826 0.559896 
vt 0.253003 0.557696 
vt 0.252815 0.562854 
vt 0.253021 0.564558 
vt 0.24941 0.56049 
vt 0.250477 0.559177 
vt 0.250347 0.563147 
vt 0.248885 0.561902 
vt 0.242022 0.559353 
vt 0.242061 0.556997 
vt 0.241471 0.555606 
vt 0.240884 0.554069 
vt 0.241347 0.551781 
vt 0.239125 0.557634 
vt 0.237864 0.556322 
vt 0.238814 0.553942 
vt 0.237221 0.554875 
vt 0.252897 0.566343 
vt 0.250605 0.565782 
vt 0.249461 0.567161 
vt 0.250712 0.564454 
vt 0.248492 0.564541 
vt 0.239036 0.550441 
vt 0.236799 0.552149 
vt 0.237668 0.549354 
vt 0.240305 0.546597 
vt 0.241494 0.549522 
vt 0.239064 0.552298 

usemtl Player1Mtl

f 3289/3289/3289 3290/3290/3290 3291/3291/3291 
f 3290/3290/3290 3289/3289/3289 3292/3292/3292 
f 3292/3292/3292 3293/3293/3293 3290/3290/3290 
f 3291/3291/3291 3298/3298/3298 3289/3289/3289 
f 3298/3298/3298 3291/3291/3291 3299/3299/3299 
f 3329/3329/3329 3298/3298/3298 3299/3299/3299 
f 3300/3300/3300 3289/3289/3289 3298/3298/3298 
f 3289/3289/3289 3300/3300/3300 3292/3292/3292 
f 3298/3298/3298 3329/3329/3329 3330/3330/3330 
f 3330/3330/3330 3300/3300/3300 3298/3298/3298 
f 3334/3334/3334 3330/3330/3330 3329/3329/3329 
f 3334/3334/3334 3331/3331/3331 3330/3330/3330 
f 3300/3300/3300 3330/3330/3330 3331/3331/3331 
f 3335/3335/3335 3331/3331/3331 3334/3334/3334 
f 3297/3297/3297 3292/3292/3292 3300/3300/3300 
f 3331/3331/3331 3297/3297/3297 3300/3300/3300 
f 3331/3331/3331 3335/3335/3335 3332/3332/3332 
f 3297/3297/3297 3331/3331/3331 3332/3332/3332 
f 3335/3335/3335 3336/3336/3336 3332/3332/3332 
f 3336/3336/3336 3335/3335/3335 3337/3337/3337 
f 3344/3344/3344 3336/3336/3336 3337/3337/3337 
f 3348/3348/3348 3332/3332/3332 3336/3336/3336 
f 3336/3336/3336 3344/3344/3344 3348/3348/3348 
f 3332/3332/3332 3348/3348/3348 3333/3333/3333 
f 3297/3297/3297 3332/3332/3332 3333/3333/3333 
f 3344/3344/3344 3343/3343/3343 3348/3348/3348 
f 3343/3343/3343 3333/3333/3333 3348/3348/3348 
f 3343/3343/3343 3344/3344/3344 3345/3345/3345 
f 3345/3345/3345 3346/3346/3346 3343/3343/3343 
f 3346/3346/3346 3347/3347/3347 3343/3343/3343 
f 3333/3333/3333 3343/3343/3343 3347/3347/3347 
f 3318/3318/3318 3347/3347/3347 3346/3346/3346 
f 3297/3297/3297 3333/3333/3333 3316/3316/3316 
f 3316/3316/3316 3333/3333/3333 3347/3347/3347 
f 3347/3347/3347 3318/3318/3318 3317/3317/3317 
f 3316/3316/3316 3347/3347/3347 3317/3317/3317 
f 3318/3318/3318 3315/3315/3315 3317/3317/3317 
f 3315/3315/3315 3316/3316/3316 3317/3317/3317 
f 3315/3315/3315 3318/3318/3318 3314/3314/3314 
f 3301/3301/3301 3297/3297/3297 3316/3316/3316 
f 3316/3316/3316 3315/3315/3315 3301/3301/3301 
f 3314/3314/3314 3313/3313/3313 3315/3315/3315 
f 3315/3315/3315 3313/3313/3313 3301/3301/3301 
f 3313/3313/3313 3314/3314/3314 3311/3311/3311 
f 3311/3311/3311 3312/3312/3312 3313/3313/3313 
f 3302/3302/3302 3301/3301/3301 3313/3313/3313 
f 3312/3312/3312 3302/3302/3302 3313/3313/3313 
f 3297/3297/3297 3301/3301/3301 3294/3294/3294 
f 3302/3302/3302 3294/3294/3294 3301/3301/3301 
f 3292/3292/3292 3297/3297/3297 3294/3294/3294 
f 3293/3293/3293 3292/3292/3292 3294/3294/3294 
f 3294/3294/3294 3302/3302/3302 3295/3295/3295 
f 3293/3293/3293 3294/3294/3294 3295/3295/3295 
f 3312/3312/3312 3295/3295/3295 3302/3302/3302 
f 3293/3293/3293 3295/3295/3295 3296/3296/3296 
f 3295/3295/3295 3312/3312/3312 3296/3296/3296 
f 3275/3275/3275 3276/3276/3276 3277/3277/3277 
f 3277/3277/3277 3279/3279/3279 3275/3275/3275 
f 3275/3275/3275 3280/3280/3280 3276/3276/3276 
f 3280/3280/3280 3275/3275/3275 3283/3283/3283 
f 3280/3280/3280 3283/3283/3283 3304/3304/3304 
f 3303/3303/3303 3280/3280/3280 3304/3304/3304 
f 3276/3276/3276 3280/3280/3280 3281/3281/3281 
f 3281/3281/3281 3280/3280/3280 3303/3303/3303 
f 3304/3304/3304 3305/3305/3305 3303/3303/3303 
f 3305/3305/3305 3281/3281/3281 3303/3303/3303 
f 3305/3305/3305 3304/3304/3304 3306/3306/3306 
f 3307/3307/3307 3305/3305/3305 3306/3306/3306 
f 3281/3281/3281 3305/3305/3305 3308/3308/3308 
f 3305/3305/3305 3307/3307/3307 3308/3308/3308 
f 3281/3281/3281 3282/3282/3282 3276/3276/3276 
f 3282/3282/3282 3277/3277/3277 3276/3276/3276 
f 3308/3308/3308 3288/3288/3288 3281/3281/3281 
f 3282/3282/3282 3281/3281/3281 3288/3288/3288 
f 3307/3307/3307 3309/3309/3309 3308/3308/3308 
f 3288/3288/3288 3308/3308/3308 3309/3309/3309 
f 3309/3309/3309 3307/3307/3307 3310/3310/3310 
f 3319/3319/3319 3309/3309/3309 3310/3310/3310 
f 3338/3338/3338 3288/3288/3288 3309/3309/3309 
f 3309/3309/3309 3319/3319/3319 3338/3338/3338 
f 3288/3288/3288 3338/3338/3338 3324/3324/3324 
f 3324/3324/3324 3282/3282/3282 3288/3288/3288 
f 3319/3319/3319 3339/3339/3339 3338/3338/3338 
f 3339/3339/3339 3324/3324/3324 3338/3338/3338 
f 3339/3339/3339 3319/3319/3319 3340/3340/3340 
f 3342/3342/3342 3339/3339/3339 3340/3340/3340 
f 3324/3324/3324 3339/3339/3339 3341/3341/3341 
f 3339/3339/3339 3342/3342/3342 3341/3341/3341 
f 3342/3342/3342 3327/3327/3327 3341/3341/3341 
f 3327/3327/3327 3324/3324/3324 3341/3341/3341 
f 3327/3327/3327 3342/3342/3342 3328/3328/3328 
f 3325/3325/3325 3327/3327/3327 3328/3328/3328 
f 3324/3324/3324 3327/3327/3327 3323/3323/3323 
f 3325/3325/3325 3323/3323/3323 3327/3327/3327 
f 3282/3282/3282 3324/3324/3324 3323/3323/3323 
f 3325/3325/3325 3320/3320/3320 3323/3323/3323 
f 3282/3282/3282 3323/3323/3323 3320/3320/3320 
f 3320/3320/3320 3325/3325/3325 3326/3326/3326 
f 3282/3282/3282 3320/3320/3320 3287/3287/3287 
f 3277/3277/3277 3282/3282/3282 3287/3287/3287 
f 3326/3326/3326 3321/3321/3321 3320/3320/3320 
f 3321/3321/3321 3326/3326/3326 3322/3322/3322 
f 3285/3285/3285 3321/3321/3321 3322/3322/3322 
f 3284/3284/3284 3320/3320/3320 3321/3321/3321 
f 3320/3320/3320 3284/3284/3284 3287/3287/3287 
f 3321/3321/3321 3285/3285/3285 3284/3284/3284 
f 3277/3277/3277 3287/3287/3287 3284/3284/3284 
f 3285/3285/3285 3278/3278/3278 3284/3284/3284 
f 3277/3277/3277 3284/3284/3284 3278/3278/3278 
f 3278/3278/3278 3285/3285/3285 3286/3286/3286 
f 3278/3278/3278 3279/3279/3279 3277/3277/3277 
f 3278/3278/3278 3286/3286/3286 3279/3279/3279 

g Player7

v 1.0899 102.492 -0.578737 
v 1.13237 102.462 -0.600135 
v 1.14907 102.451 -0.5515 
v 1.12156 102.468 -0.500462 
v 1.1681 102.604 -0.672572 
v 1.07274 102.569 -0.545353 
v 1.1681 102.604 -0.672572 
v 1.0899 102.492 -0.578737 
v 1.21547 102.535 -0.647435 
v 1.23479 102.518 -0.584692 
v 1.22226 102.551 -0.523882 
v 1.12156 102.468 -0.500462 
v 1.09543 102.502 -0.406024 
v 1.22771 102.58 -0.524529 
v 1.13153 102.455 -0.431041 
v 1.22226 102.551 -0.523882 
v 1.09747 102.549 -0.486746 
v 1.16196 102.413 -0.374539 
v 1.24891 102.495 -0.52676 
v 1.29061 102.438 -0.445746 
v 1.1815 102.627 -0.507978 
v 1.14664 102.667 -0.58386 
v 1.22434 102.753 -0.613137 
v 1.25714 102.725 -0.722318 
v 1.25714 102.725 -0.722318 
v 1.28699 102.722 -0.523956 
v 0.996648 102.888 -0.49497 
v 1.02851 102.792 -0.413162 
v 0.979847 102.808 -0.423737 
v 1.05242 102.854 -0.481107 
v 0.947036 102.939 -0.439453 
v 1.08744 102.981 -0.554603 
v 1.09543 102.502 -0.406024 
v 1.23637 102.658 -0.450993 
v 1.22771 102.58 -0.524529 
v 1.08522 102.852 -0.419613 
v 1.11832 102.952 -0.489226 
v 1.22591 102.941 -0.566232 
v 1.23793 102.861 -0.602757 
v 1.2814 102.809 -0.495255 
v 1.3425 102.674 -0.703585 
v 1.35988 102.676 -0.556525 
v 1.28955 102.805 -0.721091 
v 1.38166 102.655 -0.633797 
v 1.39291 102.627 -0.593717 
v 1.34127 102.691 -0.583592 
v 1.30694 102.745 -0.494436 
v 1.37236 102.758 -0.588547 
v 1.34127 102.691 -0.583592 
v 1.38644 102.751 -0.571083 
v 1.35988 102.676 -0.556525 
v 1.29296 102.58 -0.341046 
v 1.29298 102.772 -0.519234 
v 1.37107 102.72 -0.375117 
v 1.30232 102.782 -0.495156 
v 1.28955 102.805 -0.721091 
v 1.2388 102.801 -0.615996 
v 1.31418 102.884 -0.71359 
v 1.38941 102.78 -0.700466 
v 1.31418 102.884 -0.71359 
v 1.24063 102.892 -0.381657 
v 1.35424 102.748 -0.354012 
v 1.38695 102.792 -0.582624 
v 1.43357 102.595 -0.425359 
v 1.30515 102.473 -0.374074 
v 1.14595 102.433 -0.313532 
v 1.14903 102.521 -0.286755 
v 1.14595 102.433 -0.313532 
v 1.1105 102.574 -0.357694 
v 1.30515 102.473 -0.374074 
v 1.1612 102.58 -0.251392 
v 1.30988 102.525 -0.354672 
v 1.16014 102.478 -0.251569 
v 1.16014 102.478 -0.251569 
v 1.30988 102.525 -0.354672 
v 1.19393 102.431 -0.228728 
v 1.21454 102.444 -0.150393 
v 1.18762 102.6 -0.151272 
v 1.19505 102.506 -0.119505 
v 1.19505 102.506 -0.119505 
v 1.23572 102.451 0.0147679 
v 1.18952 102.51 -0.0740098 
v 1.20887 102.458 -0.0564872 
v 1.23482 102.498 0.0462328 
v 1.18952 102.51 -0.0740098 
v 1.25174 102.594 0.0286599 
v 1.21741 102.603 -0.0624643 
v 0.960783 102.822 -0.364966 
v 0.960464 102.967 -0.379632 
v 0.96303 102.871 -0.31919 
v 1.04416 102.79 -0.350081 
v 1.08802 102.887 -0.361318 
v 1.12074 102.955 -0.415414 
v 1.04101 102.841 -0.30466 
v 1.03167 102.88 -0.30531 
v 0.96303 102.871 -0.31919 
v 1.04101 102.841 -0.30466 
v 0.98159 102.905 -0.311467 
v 1.08802 102.887 -0.361318 
v 1.32522 102.61 -0.185073 
v 1.06853 102.924 -0.339587 
v 1.23482 102.498 0.0462328 
v 1.36288 102.449 -0.227294 
v 1.35685 102.51 -0.176056 
v 1.33759 102.457 -0.323471 
v 1.35685 102.51 -0.176056 
v 1.33601 102.498 -0.161212 
v 1.34511 102.429 -0.12575 
v 1.33601 102.498 -0.161212 
v 1.37688 102.418 -0.0362848 
v 1.39501 102.479 0.0049375 
v 1.39501 102.479 0.0049375 
v 1.43357 102.595 -0.425359 
v 1.29089 102.621 -0.315599 
v 1.30243 102.828 -0.235063 
v 1.41093 102.603 -0.423747 
v 1.37468 102.674 -0.376781 
v 1.35073 102.593 -0.134525 
v 1.35915 102.768 -0.0867526 
v 1.27919 102.957 -0.18117 
v 1.39384 102.579 -0.0131082 
v 1.41223 102.648 -0.224579 
v 1.33208 102.907 -0.0454926 
v 1.28572 102.983 -0.683064 
v 1.03901 103.058 -0.586967 
v 1.04697 103.072 -0.604093 
v 1.08446 103.04 -0.59918 
v 1.08832 103.025 -0.588486 
v 1.07274 103.127 -0.616962 
v 1.10921 103.061 -0.605776 
v 1.12738 103.046 -0.594543 
v 1.12832 103.103 -0.612117 
v 1.02883 103.019 -0.557494 
v 0.998413 103.118 -0.539798 
v 0.981173 103.061 -0.492274 
v 1.01099 103.141 -0.564787 
v 1.02677 103.204 -0.567633 
v 1.10175 103.183 -0.621537 
v 1.04628 103.259 -0.56678 
v 1.11945 103.2 -0.61378 
v 1.05147 103.285 -0.547231 
v 1.07189 103.318 -0.511517 
v 1.00797 103.22 -0.512342 
v 1.00788 103.207 -0.471475 
v 1.14841 103.227 -0.596878 
v 1.20635 103.008 -0.517715 
v 1.33257 103.139 -0.645641 
v 1.15016 103.097 -0.604987 
v 1.14078 103.037 -0.570661 
v 1.33257 103.139 -0.645641 
v 1.31798 102.995 -0.705574 
v 1.28572 102.983 -0.683064 
v 1.34303 102.918 -0.72174 
v 1.36281 102.94 -0.72808 
v 1.14998 103 -0.489877 
v 1.1753 103.018 -0.489882 
v 1.17891 103.083 -0.585274 
v 1.19965 103.034 -0.524806 
v 1.22918 103.115 -0.600508 
v 1.19965 103.034 -0.524806 
v 1.36088 103.085 -0.686976 
v 1.21123 103.311 -0.574015 
v 1.22918 103.115 -0.600508 
v 1.21123 103.311 -0.574015 
v 1.14312 103.418 -0.470161 
v 1.33424 103.431 -0.544055 
v 1.20693 103.494 -0.425148 
v 0.997186 103.06 -0.415649 
v 0.960464 102.967 -0.379632 
v 1.01391 102.962 -0.343342 
v 0.997186 103.06 -0.415649 
v 1.04979 103.023 -0.372524 
v 1.12074 102.955 -0.415414 
v 1.10258 102.977 -0.37857 
v 1.13362 102.999 -0.398863 
v 1.10596 103.032 -0.355833 
v 1.05464 103.11 -0.355105 
v 1.01764 103.178 -0.414863 
v 1.01764 103.178 -0.414863 
v 1.04883 103.288 -0.395658 
v 1.11406 103.395 -0.355865 
v 1.07028 103.192 -0.327341 
v 1.04883 103.288 -0.395658 
v 1.11386 103.067 -0.334418 
v 1.12437 103.265 -0.297796 
v 1.14812 103.072 -0.342704 
v 1.11406 103.395 -0.355865 
v 1.13362 102.999 -0.398863 
v 1.1445 103.019 -0.385494 
v 1.16612 103.021 -0.412197 
v 1.16612 103.021 -0.412197 
v 1.21643 103.012 -0.320838 
v 1.1445 103.019 -0.385494 
v 1.16612 103.021 -0.412197 
v 1.14812 103.072 -0.342704 
v 1.28686 103.276 -0.0830231 
v 1.14312 103.418 -0.470161 
v 1.11406 103.395 -0.355865 
v 1.23037 103.503 -0.351574 
v 1.23952 103.332 -0.235097 
v 1.37543 103.558 -0.435683 
v 1.43598 103.511 -0.336418 
v 1.12437 103.265 -0.297796 
v 1.32456 103.228 0.066363 
v 1.48995 103.451 -0.168559 
v 1.44467 102.572 -0.503944 
v 1.37127 102.717 -0.360347 
v 1.44881 102.677 -0.4361 
v 1.3695 102.681 -0.363419 
v 1.37236 102.758 -0.588547 
v 1.41093 102.603 -0.423747 
v 1.45432 102.539 -0.405297 
v 1.46489 102.677 -0.435358 
v 1.48277 102.517 -0.297501 
v 1.42029 102.668 -0.21388 
v 1.43094 102.75 -0.641021 
v 1.38644 102.751 -0.571083 
v 1.38695 102.792 -0.582624 
v 1.44542 102.725 -0.607323 
v 1.41971 102.868 -0.693242 
v 1.41308 102.68 -0.179765 
v 1.4705 102.72 -0.437916 
v 1.48914 102.842 -0.637371 
v 1.50347 102.67 -0.506554 
v 1.5101 102.639 -0.431272 
v 1.44881 102.677 -0.4361 
v 1.46489 102.677 -0.435358 
v 1.4705 102.72 -0.437916 
v 1.59256 102.72 -0.267409 
v 1.57191 102.763 -0.48223 
v 1.53411 102.612 -0.301377 
v 1.4656 102.562 -0.237746 
v 1.50069 102.627 -0.251636 
v 1.51428 102.667 -0.256028 
v 1.62246 102.764 -0.300275 
v 1.60776 102.796 -0.459876 
v 1.52434 102.868 -0.62422 
v 1.58947 102.811 -0.509611 
v 1.6114 102.889 -0.47353 
v 1.63752 102.79 -0.32465 
v 1.62469 102.816 -0.438993 
v 1.64363 102.836 -0.276398 
v 1.63188 102.751 -0.243695 
v 1.65059 102.837 -0.279728 
v 1.66042 102.839 -0.275193 
v 1.67707 102.837 -0.247964 
v 1.38572 102.614 -0.165335 
v 1.45554 102.552 -0.238776 
v 1.45554 102.552 -0.238776 
v 1.49358 102.485 -0.212093 
v 1.4656 102.562 -0.237746 
v 1.51652 102.459 -0.0987363 
v 1.42192 102.581 -0.0184295 
v 1.50194 102.508 -0.0359949 
v 1.50194 102.508 -0.0359949 
v 1.44593 102.607 -0.0249958 
v 1.41288 102.647 -0.176002 
v 1.49591 102.629 -0.253486 
v 1.50069 102.627 -0.251636 
v 1.51428 102.667 -0.256028 
v 1.44839 102.659 -0.0154653 
v 1.43129 102.75 0.00714704 
v 1.53643 102.767 -0.0157965 
v 1.41879 102.898 0.0436695 
v 1.54324 102.594 -0.231377 
v 1.49591 102.629 -0.253486 
v 1.55264 102.554 -0.099668 
v 1.57943 102.661 -0.0822433 
v 1.52852 102.576 -0.0398367 
v 1.53943 102.658 -0.0334697 
v 1.52852 102.576 -0.0398367 
v 1.53943 102.658 -0.0334697 
v 1.61294 102.698 -0.0920373 
v 1.63465 102.733 -0.109678 
v 1.65168 102.769 -0.225295 
v 1.64799 102.797 -0.0852427 
v 1.62165 102.786 -0.0582311 
v 1.53643 102.767 -0.0157965 
v 1.59132 102.779 -0.0508398 
v 1.64004 102.886 -0.0786652 
v 1.4329 102.892 -0.704374 
v 1.44998 102.985 -0.71043 
v 1.37019 103 -0.72185 
v 1.43948 102.912 -0.716043 
v 1.48563 102.919 -0.682124 
v 1.49127 102.898 -0.665973 
v 1.51088 102.959 -0.645775 
v 1.49991 102.966 -0.673363 
v 1.49882 103.02 -0.664534 
v 1.37687 103.062 -0.707063 
v 1.45954 103.1 -0.664535 
v 1.4586 103.065 -0.691829 
v 1.50945 103.033 -0.639554 
v 1.45777 103.171 -0.62166 
v 1.33424 103.431 -0.544055 
v 1.37543 103.558 -0.435683 
v 1.45284 103.432 -0.528408 
v 1.52779 103.078 -0.587287 
v 1.54497 103.382 -0.442972 
v 1.51524 102.957 -0.626705 
v 1.52539 102.958 -0.62501 
v 1.59238 102.842 -0.524923 
v 1.5432 102.883 -0.608602 
v 1.54656 102.952 -0.611837 
v 1.61487 102.9 -0.501336 
v 1.61458 102.971 -0.503679 
v 1.61648 102.89 -0.477676 
v 1.56256 103.006 -0.583706 
v 1.54921 103.031 -0.588967 
v 1.62071 102.986 -0.482574 
v 1.6235 103.02 -0.446966 
v 1.62227 102.89 -0.475075 
v 1.61408 102.933 -0.052452 
v 1.54105 102.927 0.0170025 
v 1.64386 102.971 -0.441438 
v 1.42655 103.193 0.115494 
v 1.54105 102.927 0.0170025 
v 1.58444 103.259 0.0831517 
v 1.58444 103.259 0.0831517 
v 1.6505 103.249 0.000826001 
v 1.43598 103.511 -0.336418 
v 1.62224 103.321 -0.297279 
v 1.48995 103.451 -0.168559 
v 1.65694 103.278 -0.118162 
v 1.53053 103.417 0.0220281 
v 1.53053 103.417 0.0220281 
v 1.66118 102.846 -0.307439 
v 1.63994 102.886 -0.45395 
v 1.67164 102.923 -0.308017 
v 1.67201 102.911 -0.326506 
v 1.67926 102.914 -0.25245 
v 1.65773 102.868 -0.103051 
v 1.68377 102.893 -0.228502 
v 1.65337 102.943 -0.429214 
v 1.6634 102.957 -0.272273 

vn -0.874016 -0.370079 -0.314961 
vn -0.19685 -0.787402 -0.582677 
vn 0.212598 -0.968504 0.11811 
vn -0.259843 -0.653543 0.716535 
vn -0.574803 0.00787402 -0.818898 
vn -0.968504 0.244094 0.0708661 
vn -0.574803 0.00787402 -0.818898 
vn -0.874016 -0.370079 -0.314961 
vn 0.188976 -0.629921 -0.755906 
vn 0.653543 -0.755906 0.0314961 
vn 0.519685 -0.377953 0.76378 
vn -0.259843 -0.653543 0.716535 
vn -0.976378 -0.0551181 -0.220472 
vn -0.645669 0.173228 -0.748031 
vn -0.645669 -0.551181 -0.535433 
vn 0.519685 -0.377953 0.76378 
vn -0.566929 0.0708661 0.818898 
vn -0.259843 -0.968504 -0.015748 
vn -0.212598 -0.503937 -0.834646 
vn 0.377953 -0.913386 -0.181102 
vn -0.133858 0.346457 0.929134 
vn -0.80315 0.598425 0.00787402 
vn -0.88189 0.464567 0.0708661 
vn -0.448819 0.0787402 -0.889764 
vn -0.448819 0.0787402 -0.889764 
vn -0.0944882 0.141732 0.984252 
vn -0.566929 -0.377953 -0.732283 
vn 0.149606 -0.929134 -0.346457 
vn -0.614173 -0.677165 -0.401575 
vn 0.322835 -0.645669 -0.692913 
vn -0.976378 0.015748 -0.19685 
vn 0.259843 -0.614173 -0.748031 
vn -0.976378 -0.0551181 -0.220472 
vn -0.669291 0.740157 0.0472441 
vn -0.645669 0.173228 -0.748031 
vn 0.858268 -0.503937 -0.102362 
vn 0.818898 -0.511811 -0.259843 
vn -0.968504 -0.0629921 -0.244094 
vn -0.976378 -0.102362 -0.188976 
vn -0.889764 -0.425197 0.173228 
vn 0.425197 -0.409449 -0.811024 
vn 0.645669 -0.322835 0.692913 
vn -0.433071 0.149606 -0.889764 
vn 0.826772 -0.559055 -0.0708661 
vn 0.165354 -0.362205 -0.913386 
vn -0.559055 0.11811 -0.818898 
vn -0.952756 0.307087 -0.0393701 
vn -0.551181 0.0393701 -0.834646 
vn -0.559055 0.11811 -0.818898 
vn 0.685039 -0.188976 0.708661 
vn 0.645669 -0.322835 0.692913 
vn 0.204724 0.244094 0.944882 
vn -0.220472 -0.0708661 0.968504 
vn -0.212598 -0.322835 0.92126 
vn -0.944882 -0.204724 -0.244094 
vn -0.433071 0.149606 -0.889764 
vn -0.992126 0.133858 -0.023622 
vn -0.448819 0.015748 -0.897638 
vn 0.472441 -0.181102 -0.866142 
vn -0.448819 0.015748 -0.897638 
vn -0.913386 -0.385827 0.125984 
vn -0.811024 -0.574803 0.0787402 
vn 0.448819 -0.76378 -0.456693 
vn 0.724409 -0.385827 0.574803 
vn 0.559055 -0.551181 0.614173 
vn -0.401575 -0.614173 0.677165 
vn -0.322835 0.149606 0.937008 
vn -0.401575 -0.614173 0.677165 
vn -0.818898 0.519685 0.244094 
vn 0.559055 -0.551181 0.614173 
vn -0.850394 0.448819 -0.275591 
vn -0.480315 -0.19685 -0.858268 
vn -0.905512 -0.259843 -0.330709 
vn -0.905512 -0.259843 -0.330709 
vn -0.480315 -0.19685 -0.858268 
vn -0.551181 -0.818898 -0.165354 
vn -0.244094 -0.779528 0.574803 
vn -0.551181 0.566929 0.614173 
vn -0.472441 -0.173228 0.866142 
vn -0.472441 -0.173228 0.866142 
vn -0.503937 -0.700787 0.503937 
vn -0.944882 -0.0314961 -0.314961 
vn -0.76378 -0.622047 -0.165354 
vn -0.496063 -0.11811 0.858268 
vn -0.944882 -0.0314961 -0.314961 
vn -0.307087 0.637795 0.708661 
vn -0.700787 0.677165 -0.212598 
vn -0.826772 -0.527559 0.188976 
vn -0.850394 0.338583 0.409449 
vn -0.724409 -0.102362 0.685039 
vn 0.385827 -0.850394 0.354331 
vn 0.889764 -0.188976 0.417323 
vn 0.905512 -0.330709 0.259843 
vn 0.362205 -0.377953 0.850394 
vn 0.251969 0.149606 0.96063 
vn -0.724409 -0.102362 0.685039 
vn 0.362205 -0.377953 0.850394 
vn -0.307087 0.330709 0.889764 
vn 0.889764 -0.188976 0.417323 
vn 0.0708661 0.677165 0.732283 
vn 0.559055 0.204724 0.80315 
vn -0.496063 -0.11811 0.858268 
vn 0.440945 -0.826772 0.346457 
vn 0.440945 -0.181102 0.874016 
vn -0.015748 -0.84252 -0.543307 
vn 0.440945 -0.181102 0.874016 
vn -0.496063 -0.141732 -0.858268 
vn -0.228346 -0.826772 -0.519685 
vn -0.496063 -0.141732 -0.858268 
vn 0.165354 -0.913386 0.362205 
vn 0.330709 -0.267717 0.905512 
vn 0.330709 -0.267717 0.905512 
vn 0.724409 -0.385827 0.574803 
vn -0.590551 0.653543 -0.472441 
vn -0.88189 -0.440945 0.173228 
vn -0.385827 -0.110236 -0.913386 
vn 0.0866142 0.0866142 0.992126 
vn -0.433071 0.771654 -0.464567 
vn -0.850394 -0.409449 0.322835 
vn -0.944882 -0.181102 0.283465 
vn 0.149606 0.669291 0.732283 
vn -0.267717 0.314961 0.913386 
vn -0.858268 -0.220472 0.472441 
vn -0.748031 0.173228 -0.637795 
vn -0.677165 -0.354331 -0.645669 
vn -0.527559 -0.228346 -0.818898 
vn -0.133858 -0.456693 -0.88189 
vn -0.015748 -0.606299 -0.795276 
vn -0.322835 0 -0.944882 
vn 0.110236 -0.307087 -0.944882 
vn 0.346457 -0.496063 -0.795276 
vn 0.220472 -0.125984 -0.968504 
vn -0.606299 -0.314961 -0.724409 
vn -0.937008 0.015748 -0.346457 
vn -0.976378 0.0866142 -0.204724 
vn -0.826772 0.0787402 -0.559055 
vn -0.771654 0.228346 -0.590551 
vn -0.0787402 0.19685 -0.976378 
vn -0.574803 0.440945 -0.692913 
vn 0.228346 0.338583 -0.913386 
vn -0.582677 0.653543 -0.480315 
vn -0.677165 0.629921 -0.370079 
vn -0.929134 0.346457 -0.125984 
vn -0.952756 0.307087 0.0629921 
vn 0.0472441 0.330709 -0.944882 
vn -0.913386 -0.267717 -0.299213 
vn -0.283465 0.322835 -0.905512 
vn 0.448819 -0.173228 -0.88189 
vn 0.535433 -0.622047 -0.574803 
vn -0.283465 0.322835 -0.905512 
vn -0.464567 0.228346 -0.850394 
vn -0.748031 0.173228 -0.637795 
vn -0.19685 -0.149606 -0.968504 
vn -0.0787402 -0.0866142 -0.992126 
vn 0.740157 -0.645669 -0.165354 
vn 0.551181 -0.826772 -0.11811 
vn 0.322835 -0.456693 -0.826772 
vn -0.283465 -0.692913 -0.661417 
vn -0.149606 -0.228346 -0.96063 
vn -0.283465 -0.692913 -0.661417 
vn -0.23622 0.488189 -0.84252 
vn -0.244094 0.385827 -0.889764 
vn -0.149606 -0.228346 -0.96063 
vn -0.244094 0.385827 -0.889764 
vn -0.614173 0.661417 -0.425197 
vn -0.11811 0.543307 -0.826772 
vn -0.527559 0.76378 -0.377953 
vn -0.850394 0.267717 0.456693 
vn -0.850394 0.338583 0.409449 
vn -0.133858 0.488189 0.858268 
vn -0.850394 0.267717 0.456693 
vn -0.283465 0.15748 0.944882 
vn 0.905512 -0.330709 0.259843 
vn 0.574803 -0.110236 0.811024 
vn 0.716535 -0.551181 0.425197 
vn 0.0551181 -0.425197 0.905512 
vn -0.645669 -0.0866142 0.755906 
vn -0.92126 0.173228 0.354331 
vn -0.92126 0.173228 0.354331 
vn -0.88189 0.362205 0.299213 
vn -0.755906 0.527559 0.401575 
vn -0.606299 0.00787402 0.795276 
vn -0.88189 0.362205 0.299213 
vn -0.0944882 -0.362205 0.929134 
vn -0.535433 0.0866142 0.84252 
vn -0.110236 -0.503937 0.858268 
vn -0.755906 0.527559 0.401575 
vn 0.716535 -0.551181 0.425197 
vn 0.503937 -0.645669 0.574803 
vn 0.0472441 -0.976378 0.220472 
vn 0.0472441 -0.976378 0.220472 
vn -0.858268 -0.354331 0.370079 
vn 0.503937 -0.645669 0.574803 
vn 0.0472441 -0.976378 0.220472 
vn -0.110236 -0.503937 0.858268 
vn -0.858268 0.354331 0.377953 
vn -0.614173 0.661417 -0.425197 
vn -0.755906 0.527559 0.401575 
vn -0.456693 0.818898 0.354331 
vn -0.637795 0.370079 0.677165 
vn 0.141732 0.984252 -0.133858 
vn 0.338583 0.905512 0.251969 
vn -0.535433 0.0866142 0.84252 
vn -0.740157 0.220472 0.629921 
vn 0.173228 0.96063 0.228346 
vn 0.748031 -0.629921 -0.204724 
vn -0.92126 -0.0787402 -0.385827 
vn -0.393701 -0.0393701 -0.92126 
vn -0.850394 0.346457 -0.385827 
vn -0.551181 0.0393701 -0.834646 
vn -0.385827 -0.110236 -0.913386 
vn 0.346457 -0.614173 -0.708661 
vn 0.685039 -0.283465 0.669291 
vn 0.748031 -0.653543 0.125984 
vn -0.425197 -0.488189 0.76378 
vn 0.92126 -0.385827 -0.0629921 
vn 0.685039 -0.188976 0.708661 
vn 0.448819 -0.76378 -0.456693 
vn 0.259843 -0.259843 -0.929134 
vn 0.370079 -0.299213 -0.88189 
vn -0.92126 -0.393701 0.023622 
vn 0.464567 -0.811024 -0.346457 
vn 0.637795 -0.362205 -0.685039 
vn 0.858268 -0.503937 -0.102362 
vn 0.503937 -0.448819 -0.740157 
vn -0.393701 -0.0393701 -0.92126 
vn 0.685039 -0.283465 0.669291 
vn 0.464567 -0.811024 -0.346457 
vn 0.818898 -0.543307 -0.19685 
vn 0.755906 -0.511811 -0.401575 
vn 0.850394 -0.488189 0.173228 
vn 0.582677 -0.259843 0.771654 
vn 0.527559 -0.362205 0.76378 
vn 0.496063 -0.834646 -0.220472 
vn 0.850394 -0.519685 0.0866142 
vn 0.724409 -0.417323 -0.543307 
vn 0.551181 -0.251969 -0.795276 
vn 0.866142 -0.417323 -0.275591 
vn 0.889764 -0.149606 -0.425197 
vn 0.897638 -0.440945 -0.0708661 
vn 0.866142 -0.377953 -0.330709 
vn 0.92126 -0.330709 -0.212598 
vn 0.716535 -0.543307 -0.433071 
vn 0.905512 -0.259843 0.330709 
vn 0.724409 -0.188976 -0.669291 
vn 0.952756 -0.220472 -0.212598 
vn -0.716535 0.582677 -0.377953 
vn -0.314961 -0.133858 -0.937008 
vn -0.314961 -0.133858 -0.937008 
vn 0.401575 -0.637795 -0.653543 
vn 0.582677 -0.259843 0.771654 
vn 0.708661 -0.692913 0.125984 
vn -0.0551181 0.511811 0.858268 
vn 0.559055 -0.307087 0.771654 
vn 0.559055 -0.307087 0.771654 
vn -0.393701 0.173228 0.897638 
vn -0.897638 0.259843 -0.346457 
vn -0.267717 -0.0708661 -0.96063 
vn 0.527559 -0.362205 0.76378 
vn 0.496063 -0.834646 -0.220472 
vn -0.488189 -0.275591 0.826772 
vn -0.385827 -0.370079 0.850394 
vn 0.456693 -0.181102 0.874016 
vn -0.275591 -0.267717 0.92126 
vn 0.700787 -0.377953 -0.606299 
vn -0.267717 -0.0708661 -0.96063 
vn 0.929134 -0.338583 0.141732 
vn 0.850394 -0.370079 0.377953 
vn 0.606299 -0.19685 0.771654 
vn 0.527559 -0.188976 0.826772 
vn 0.606299 -0.19685 0.771654 
vn 0.527559 -0.188976 0.826772 
vn 0.732283 -0.559055 0.377953 
vn 0.88189 -0.440945 0.188976 
vn 0.874016 -0.448819 -0.165354 
vn 0.897638 -0.165354 0.409449 
vn 0.637795 -0.165354 0.755906 
vn 0.456693 -0.181102 0.874016 
vn 0.574803 -0.173228 0.80315 
vn 0.787402 0.204724 0.582677 
vn 0.307087 -0.456693 -0.834646 
vn 0.409449 0.0944882 -0.905512 
vn -0.0944882 0.188976 -0.976378 
vn 0.354331 -0.244094 -0.905512 
vn 0.708661 -0.23622 -0.669291 
vn 0.787402 -0.322835 -0.527559 
vn 0.937008 -0.0708661 -0.346457 
vn 0.80315 -0.00787402 -0.598425 
vn 0.80315 0.188976 -0.566929 
vn -0.0708661 0.409449 -0.913386 
vn 0.472441 0.511811 -0.716535 
vn 0.464567 0.385827 -0.795276 
vn 0.88189 0.188976 -0.440945 
vn 0.456693 0.385827 -0.80315 
vn -0.11811 0.543307 -0.826772 
vn 0.141732 0.984252 -0.133858 
vn 0.496063 0.527559 -0.685039 
vn 0.787402 0.275591 -0.551181 
vn 0.80315 0.464567 -0.370079 
vn 0.748031 0.015748 -0.669291 
vn 0.464567 0.125984 -0.874016 
vn 0.858268 -0.23622 -0.456693 
vn 0.732283 -0.165354 -0.661417 
vn 0.716535 0.0314961 -0.700787 
vn 0.937008 -0.0944882 -0.338583 
vn 0.92126 0.102362 -0.377953 
vn 0.984252 -0.173228 -0.015748 
vn 0.795276 0.188976 -0.582677 
vn 0.677165 0.314961 -0.669291 
vn 0.976378 0.133858 -0.181102 
vn 0.92126 0.212598 -0.322835 
vn 0.629921 -0.023622 -0.771654 
vn 0.834646 -0.0472441 0.551181 
vn 0.480315 -0.204724 0.850394 
vn 0.818898 0.259843 -0.511811 
vn -0.15748 0.0314961 0.984252 
vn 0.480315 -0.204724 0.850394 
vn 0.535433 0.188976 0.826772 
vn 0.535433 0.188976 0.826772 
vn 0.905512 0.133858 0.409449 
vn 0.338583 0.905512 0.251969 
vn 0.897638 0.401575 -0.188976 
vn 0.173228 0.96063 0.228346 
vn 0.952756 0.299213 0.0629921 
vn 0.19685 0.826772 0.527559 
vn 0.19685 0.826772 0.527559 
vn 0.968504 -0.244094 0.0472441 
vn 0.889764 -0.149606 -0.433071 
vn 0.984252 0.0944882 0.15748 
vn 1 -0.00787402 -0.0393701 
vn 0.929134 0.212598 -0.307087 
vn 0.92126 0.149606 0.354331 
vn 0.992126 0.149606 0.0314961 
vn 0.952756 0.0629921 -0.307087 
vn 0.992126 0.125984 -0.023622 

vt 0.993721 0.987128 
vt 0.993749 0.987135 
vt 0.993757 0.987101 
vt 0.993747 0.987056 
vt 0.993763 0.987248 
vt 0.993561 0.991473 
vt 0.993522 0.991555 
vt 0.993593 0.991513 
vt 0.993789 0.987195 
vt 0.993804 0.987146 
vt 0.993815 0.987093 
vt 0.993601 0.991417 
vt 0.99391 0.986827 
vt 0.993917 0.987004 
vt 0.993934 0.986858 
vt 0.993535 0.991355 
vt 0.993569 0.99144 
vt 0.993965 0.986838 
vt 0.99395 0.986985 
vt 0.993994 0.986953 
vt 0.993514 0.991405 
vt 0.99351 0.991477 
vt 0.993453 0.991472 
vt 0.993818 0.987338 
vt 0.993477 0.991566 
vt 0.993438 0.991366 
vt 0.996894 0.987653 
vt 0.996882 0.987575 
vt 0.996867 0.987605 
vt 0.996912 0.987607 
vt 0.996857 0.987688 
vt 0.996955 0.98767 
vt 0.993473 0.99106 
vt 0.993386 0.991203 
vt 0.99343 0.991206 
vt 0.996914 0.98755 
vt 0.996962 0.987605 
vt 0.993386 0.99151 
vt 0.993413 0.991485 
vt 0.993373 0.991359 
vt 0.993859 0.987288 
vt 0.993896 0.987179 
vt 0.993846 0.987384 
vt 0.993884 0.987241 
vt 0.993974 0.987144 
vt 0.993937 0.987148 
vt 0.993367 0.991292 
vt 0.993432 0.991273 
vt 0.99342 0.991257 
vt 0.993449 0.991293 
vt 0.993464 0.991314 
vt 0.993345 0.991105 
vt 0.993406 0.991363 
vt 0.993271 0.991206 
vt 0.993369 0.991325 
vt 0.993461 0.991575 
vt 0.993434 0.991476 
vt 0.993451 0.9916 
vt 0.993897 0.987336 
vt 0.993869 0.987426 
vt 0.993294 0.991404 
vt 0.993252 0.991234 
vt 0.993439 0.991283 
vt 0.994056 0.987081 
vt 0.994027 0.986929 
vt 0.993972 0.986785 
vt 0.993413 0.991035 
vt 0.993423 0.990973 
vt 0.993435 0.991076 
vt 0.993343 0.991026 
vt 0.993182 0.990972 
vt 0.993229 0.991052 
vt 0.993201 0.990911 
vt 0.994157 0.986779 
vt 0.994116 0.986943 
vt 0.994173 0.98682 
vt 0.994209 0.986822 
vt 0.993147 0.990969 
vt 0.993125 0.990908 
vt 0.994232 0.986787 
vt 0.994385 0.9869 
vt 0.994345 0.986831 
vt 0.994355 0.986874 
vt 0.994408 0.986888 
vt 0.992895 0.99115 
vt 0.992907 0.991258 
vt 0.992923 0.991202 
vt 0.996842 0.987594 
vt 0.996828 0.987697 
vt 0.99682 0.987589 
vt 0.99687 0.987537 
vt 0.996909 0.987497 
vt 0.996958 0.98754 
vt 0.996852 0.987503 
vt 0.997221 0.987704 
vt 0.997185 0.98772 
vt 0.997229 0.98773 
vt 0.997195 0.987695 
vt 0.997254 0.987677 
vt 0.993132 0.991092 
vt 0.997237 0.98766 
vt 0.992865 0.991264 
vt 0.994196 0.986963 
vt 0.994231 0.986958 
vt 0.99415 0.986958 
vt 0.993099 0.991064 
vt 0.994287 0.986963 
vt 0.994316 0.986985 
vt 0.992986 0.991149 
vt 0.994356 0.987023 
vt 0.994383 0.987053 
vt 0.992927 0.991374 
vt 0.993296 0.991083 
vt 0.993198 0.991096 
vt 0.993193 0.991346 
vt 0.993243 0.991089 
vt 0.993288 0.991176 
vt 0.993002 0.991221 
vt 0.993092 0.991362 
vt 0.993182 0.991463 
vt 0.992967 0.99133 
vt 0.993116 0.991189 
vt 0.993107 0.991475 
vt 0.993434 0.991601 
vt 0.996944 0.987742 
vt 0.996952 0.98775 
vt 0.996966 0.987719 
vt 0.996965 0.987705 
vt 0.99697 0.987776 
vt 0.99698 0.987725 
vt 0.996987 0.987708 
vt 0.996994 0.987747 
vt 0.99693 0.987721 
vt 0.996918 0.987793 
vt 0.996889 0.987767 
vt 0.996933 0.987801 
vt 0.996945 0.987836 
vt 0.996987 0.987806 
vt 0.996958 0.987865 
vt 0.996997 0.987817 
vt 0.996958 0.987888 
vt 0.996963 0.987928 
vt 0.996924 0.987864 
vt 0.996906 0.987875 
vt 0.997012 0.987835 
vt 0.993358 0.99154 
vt 0.993446 0.991711 
vt 0.997005 0.987736 
vt 0.996993 0.987686 
vt 0.993907 0.98761 
vt 0.993881 0.987502 
vt 0.993861 0.987509 
vt 0.993887 0.987441 
vt 0.993899 0.98745 
vt 0.996989 0.987609 
vt 0.997006 0.987612 
vt 0.99702 0.987715 
vt 0.997023 0.987645 
vt 0.993394 0.991652 
vt 0.993359 0.991568 
vt 0.993914 0.987553 
vt 0.993368 0.991781 
vt 0.99705 0.987737 
vt 0.997046 0.987897 
vt 0.996996 0.988012 
vt 0.99338 0.991945 
vt 0.993306 0.991873 
vt 0.996853 0.987787 
vt 0.997172 0.98764 
vt 0.997206 0.987643 
vt 0.997181 0.987567 
vt 0.997219 0.987586 
vt 0.997274 0.987623 
vt 0.997254 0.98761 
vt 0.997272 0.987592 
vt 0.997249 0.987566 
vt 0.997216 0.987521 
vt 0.996878 0.987884 
vt 0.997176 0.987486 
vt 0.99691 0.98797 
vt 0.996944 0.988063 
vt 0.997221 0.987458 
vt 0.997181 0.987402 
vt 0.997251 0.987535 
vt 0.997242 0.987392 
vt 0.997269 0.987526 
vt 0.997206 0.98731 
vt 0.996978 0.987528 
vt 0.996988 0.987516 
vt 0.997 0.987541 
vt 0.993308 0.991546 
vt 0.993258 0.991494 
vt 0.997274 0.987574 
vt 0.997291 0.987579 
vt 0.99328 0.991574 
vt 0.993155 0.99174 
vt 0.993318 0.991804 
vt 0.993279 0.991777 
vt 0.993275 0.991884 
vt 0.993213 0.991764 
vt 0.9933 0.992026 
vt 0.993231 0.992041 
vt 0.993264 0.991692 
vt 0.993097 0.991726 
vt 0.993144 0.992007 
vt 0.994024 0.987116 
vt 0.99324 0.991202 
vt 0.993257 0.991093 
vt 0.993229 0.991175 
vt 0.99394 0.987203 
vt 0.994095 0.987069 
vt 0.994128 0.987086 
vt 0.99328 0.991085 
vt 0.994178 0.987086 
vt 0.993106 0.991208 
vt 0.993924 0.987287 
vt 0.993925 0.987215 
vt 0.993939 0.987228 
vt 0.993981 0.987229 
vt 0.993925 0.98738 
vt 0.993088 0.991235 
vt 0.993271 0.991086 
vt 0.993974 0.987332 
vt 0.994042 0.987196 
vt 0.994114 0.987169 
vt 0.994083 0.98713 
vt 0.994068 0.987142 
vt 0.994077 0.987163 
vt 0.994198 0.987259 
vt 0.994077 0.987271 
vt 0.994179 0.987165 
vt 0.994211 0.987084 
vt 0.994208 0.987145 
vt 0.994209 0.987174 
vt 0.994177 0.9873 
vt 0.994095 0.98731 
vt 0.993996 0.987356 
vt 0.994066 0.987317 
vt 0.994084 0.987376 
vt 0.994164 0.987323 
vt 0.994107 0.98733 
vt 0.994184 0.987359 
vt 0.994209 0.987306 
vt 0.994181 0.987361 
vt 0.994191 0.987367 
vt 0.994204 0.987375 
vt 0.993036 0.991223 
vt 0.993038 0.991138 
vt 0.994241 0.987083 
vt 0.994271 0.987112 
vt 0.993094 0.991112 
vt 0.994319 0.987136 
vt 0.992977 0.991348 
vt 0.99435 0.987157 
vt 0.992945 0.991426 
vt 0.992991 0.991363 
vt 0.993065 0.99123 
vt 0.993063 0.991129 
vt 0.993083 0.991117 
vt 0.993074 0.991117 
vt 0.993008 0.991377 
vt 0.99303 0.991427 
vt 0.992984 0.991493 
vt 0.993046 0.991522 
vt 0.994242 0.987181 
vt 0.994218 0.987144 
vt 0.994307 0.987201 
vt 0.9943 0.987277 
vt 0.992961 0.99144 
vt 0.992974 0.991461 
vt 0.994339 0.987216 
vt 0.994333 0.987277 
vt 0.994285 0.987308 
vt 0.994272 0.98733 
vt 0.994217 0.987329 
vt 0.994275 0.987376 
vt 0.994293 0.987372 
vt 0.994341 0.98736 
vt 0.994308 0.987367 
vt 0.994276 0.987439 
vt 0.993932 0.987397 
vt 0.993946 0.987459 
vt 0.993908 0.987488 
vt 0.993936 0.987412 
vt 0.993963 0.987405 
vt 0.993968 0.987386 
vt 0.993985 0.987428 
vt 0.993973 0.987436 
vt 0.993977 0.987474 
vt 0.993918 0.987528 
vt 0.993965 0.987539 
vt 0.993957 0.98751 
vt 0.993989 0.987483 
vt 0.993976 0.987595 
vt 0.993956 0.987827 
vt 0.994021 0.987917 
vt 0.994013 0.987784 
vt 0.994013 0.987517 
vt 0.994069 0.987739 
vt 0.993994 0.987424 
vt 0.993999 0.987424 
vt 0.994059 0.987342 
vt 0.994009 0.987368 
vt 0.99401 0.987418 
vt 0.994071 0.987386 
vt 0.99407 0.987437 
vt 0.994081 0.987379 
vt 0.994026 0.987459 
vt 0.994019 0.987479 
vt 0.99408 0.987449 
vt 0.994095 0.987478 
vt 0.99409 0.987379 
vt 0.99429 0.987478 
vt 0.994341 0.987485 
vt 0.994104 0.98744 
vt 0.993049 0.991747 
vt 0.99298 0.991594 
vt 0.994323 0.987738 
vt 0.992987 0.991869 
vt 0.994277 0.987703 
vt 0.994084 0.987899 
vt 0.994144 0.987705 
vt 0.994177 0.987881 
vt 0.994224 0.9877 
vt 0.993055 0.991963 
vt 0.994277 0.987863 
vt 0.994169 0.987368 
vt 0.994102 0.98738 
vt 0.994166 0.987425 
vt 0.994159 0.987414 
vt 0.994195 0.987425 
vt 0.994263 0.987419 
vt 0.994207 0.987414 
vt 0.994112 0.987423 
vt 0.994182 0.987455 

usemtl Player1Mtl

f 3349/3349/3349 3350/3350/3350 3351/3351/3351 
f 3352/3352/3352 3349/3349/3349 3351/3351/3351 
f 3349/3349/3349 3353/3353/3353 3350/3350/3350 
f 3359/3359/3359 3352/3352/3352 3351/3351/3351 
f 3351/3351/3351 3358/3358/3358 3359/3359/3359 
f 3350/3350/3350 3358/3358/3358 3351/3351/3351 
f 3390/3390/3390 3359/3359/3359 3358/3358/3358 
f 3350/3350/3350 3353/3353/3353 3357/3357/3357 
f 3358/3358/3358 3350/3350/3350 3357/3357/3357 
f 3353/3353/3353 3372/3372/3372 3357/3357/3357 
f 3389/3389/3389 3357/3357/3357 3372/3372/3372 
f 3389/3389/3389 3358/3358/3358 3357/3357/3357 
f 3391/3391/3391 3389/3389/3389 3372/3372/3372 
f 3358/3358/3358 3392/3392/3392 3390/3390/3390 
f 3358/3358/3358 3389/3389/3389 3392/3392/3392 
f 3392/3392/3392 3565/3565/3565 3390/3390/3390 
f 3392/3392/3392 3564/3564/3564 3565/3565/3565 
f 3564/3564/3564 3392/3392/3392 3389/3389/3389 
f 3564/3564/3564 3566/3566/3566 3565/3565/3565 
f 3389/3389/3389 3391/3391/3391 3407/3407/3407 
f 3389/3389/3389 3407/3407/3407 3564/3564/3564 
f 3408/3408/3408 3407/3407/3407 3391/3391/3391 
f 3568/3568/3568 3564/3564/3564 3407/3407/3407 
f 3407/3407/3407 3408/3408/3408 3568/3568/3568 
f 3566/3566/3566 3564/3564/3564 3571/3571/3571 
f 3564/3564/3564 3568/3568/3568 3571/3571/3571 
f 3501/3501/3501 3568/3568/3568 3408/3408/3408 
f 3408/3408/3408 3500/3500/3500 3501/3501/3501 
f 3568/3568/3568 3501/3501/3501 3629/3629/3629 
f 3629/3629/3629 3571/3571/3571 3568/3568/3568 
f 3499/3499/3499 3501/3501/3501 3500/3500/3500 
f 3498/3498/3498 3499/3499/3499 3500/3500/3500 
f 3502/3502/3502 3629/3629/3629 3501/3501/3501 
f 3501/3501/3501 3499/3499/3499 3502/3502/3502 
f 3631/3631/3631 3502/3502/3502 3499/3499/3499 
f 3629/3629/3629 3502/3502/3502 3632/3632/3632 
f 3630/3630/3630 3502/3502/3502 3631/3631/3631 
f 3502/3502/3502 3630/3630/3630 3632/3632/3632 
f 3632/3632/3632 3634/3634/3634 3629/3629/3629 
f 3571/3571/3571 3629/3629/3629 3634/3634/3634 
f 3634/3634/3634 3632/3632/3632 3633/3633/3633 
f 3630/3630/3630 3633/3633/3633 3632/3632/3632 
f 3499/3499/3499 3638/3638/3638 3631/3631/3631 
f 3638/3638/3638 3630/3630/3630 3631/3631/3631 
f 3638/3638/3638 3499/3499/3499 3509/3509/3509 
f 3499/3499/3499 3498/3498/3498 3509/3509/3509 
f 3633/3633/3633 3630/3630/3630 3636/3636/3636 
f 3498/3498/3498 3642/3642/3642 3509/3509/3509 
f 3643/3643/3643 3642/3642/3642 3498/3498/3498 
f 3509/3509/3509 3639/3639/3639 3638/3638/3638 
f 3642/3642/3642 3639/3639/3639 3509/3509/3509 
f 3640/3640/3640 3630/3630/3630 3638/3638/3638 
f 3640/3640/3640 3638/3638/3638 3639/3639/3639 
f 3630/3630/3630 3637/3637/3637 3636/3636/3636 
f 3630/3630/3630 3640/3640/3640 3637/3637/3637 
f 3375/3375/3375 3376/3376/3376 3377/3377/3377 
f 3377/3377/3377 3379/3379/3379 3375/3375/3375 
f 3376/3376/3376 3436/3436/3436 3377/3377/3377 
f 3379/3379/3379 3377/3377/3377 3436/3436/3436 
f 3376/3376/3376 3375/3375/3375 3378/3378/3378 
f 3436/3436/3436 3437/3437/3437 3379/3379/3379 
f 3437/3437/3437 3436/3436/3436 3438/3438/3438 
f 3516/3516/3516 3379/3379/3379 3437/3437/3437 
f 3439/3439/3439 3438/3438/3438 3436/3436/3436 
f 3436/3436/3436 3376/3376/3376 3439/3439/3439 
f 3438/3438/3438 3439/3439/3439 3442/3442/3442 
f 3439/3439/3439 3440/3440/3440 3442/3442/3442 
f 3439/3439/3439 3376/3376/3376 3384/3384/3384 
f 3440/3440/3440 3439/3439/3439 3384/3384/3384 
f 3384/3384/3384 3376/3376/3376 3378/3378/3378 
f 3384/3384/3384 3441/3441/3441 3440/3440/3440 
f 3378/3378/3378 3385/3385/3385 3384/3384/3384 
f 3384/3384/3384 3385/3385/3385 3441/3441/3441 
f 3378/3378/3378 3380/3380/3380 3385/3385/3385 
f 3380/3380/3380 3378/3378/3378 3375/3375/3375 
f 3503/3503/3503 3441/3441/3441 3385/3385/3385 
f 3441/3441/3441 3503/3503/3503 3536/3536/3536 
f 3385/3385/3385 3497/3497/3497 3503/3503/3503 
f 3497/3497/3497 3385/3385/3385 3380/3380/3380 
f 3504/3504/3504 3536/3536/3536 3503/3503/3503 
f 3497/3497/3497 3504/3504/3504 3503/3503/3503 
f 3536/3536/3536 3504/3504/3504 3537/3537/3537 
f 3537/3537/3537 3504/3504/3504 3538/3538/3538 
f 3506/3506/3506 3538/3538/3538 3504/3504/3504 
f 3504/3504/3504 3505/3505/3505 3506/3506/3506 
f 3505/3505/3505 3504/3504/3504 3497/3497/3497 
f 3511/3511/3511 3506/3506/3506 3505/3505/3505 
f 3493/3493/3493 3511/3511/3511 3505/3505/3505 
f 3511/3511/3511 3493/3493/3493 3512/3512/3512 
f 3505/3505/3505 3497/3497/3497 3496/3496/3496 
f 3496/3496/3496 3493/3493/3493 3505/3505/3505 
f 3479/3479/3479 3496/3496/3496 3497/3497/3497 
f 3380/3380/3380 3479/3479/3479 3497/3497/3497 
f 3493/3493/3493 3496/3496/3496 3488/3488/3488 
f 3490/3490/3490 3512/3512/3512 3493/3493/3493 
f 3488/3488/3488 3490/3490/3490 3493/3493/3493 
f 3512/3512/3512 3490/3490/3490 3513/3513/3513 
f 3529/3529/3529 3513/3513/3513 3528/3528/3528 
f 3490/3490/3490 3528/3528/3528 3513/3513/3513 
f 3496/3496/3496 3479/3479/3479 3480/3480/3480 
f 3480/3480/3480 3488/3488/3488 3496/3496/3496 
f 3490/3490/3490 3488/3488/3488 3489/3489/3489 
f 3478/3478/3478 3480/3480/3480 3479/3479/3479 
f 3492/3492/3492 3528/3528/3528 3490/3490/3490 
f 3528/3528/3528 3492/3492/3492 3526/3526/3526 
f 3491/3491/3491 3490/3490/3490 3489/3489/3489 
f 3492/3492/3492 3490/3490/3490 3491/3491/3491 
f 3488/3488/3488 3487/3487/3487 3489/3489/3489 
f 3487/3487/3487 3491/3491/3491 3489/3489/3489 
f 3488/3488/3488 3480/3480/3480 3486/3486/3486 
f 3487/3487/3487 3488/3488/3488 3486/3486/3486 
f 3480/3480/3480 3477/3477/3477 3486/3486/3486 
f 3478/3478/3478 3477/3477/3477 3480/3480/3480 
f 3486/3486/3486 3485/3485/3485 3487/3487/3487 
f 3491/3491/3491 3487/3487/3487 3485/3485/3485 
f 3485/3485/3485 3486/3486/3486 3477/3477/3477 
f 3484/3484/3484 3491/3491/3491 3485/3485/3485 
f 3477/3477/3477 3484/3484/3484 3485/3485/3485 
f 3491/3491/3491 3484/3484/3484 3482/3482/3482 
f 3482/3482/3482 3492/3492/3492 3491/3491/3491 
f 3474/3474/3474 3484/3484/3484 3477/3477/3477 
f 3484/3484/3484 3474/3474/3474 3482/3482/3482 
f 3475/3475/3475 3477/3477/3477 3478/3478/3478 
f 3477/3477/3477 3475/3475/3475 3474/3474/3474 
f 3478/3478/3478 3476/3476/3476 3475/3475/3475 
f 3479/3479/3479 3476/3476/3476 3478/3478/3478 
f 3479/3479/3479 3380/3380/3380 3476/3476/3476 
f 3473/3473/3473 3474/3474/3474 3475/3475/3475 
f 3482/3482/3482 3474/3474/3474 3473/3473/3473 
f 3476/3476/3476 3473/3473/3473 3475/3475/3475 
f 3476/3476/3476 3380/3380/3380 3481/3481/3481 
f 3476/3476/3476 3481/3481/3481 3473/3473/3473 
f 3481/3481/3481 3482/3482/3482 3473/3473/3473 
f 3380/3380/3380 3375/3375/3375 3481/3481/3481 
f 3379/3379/3379 3481/3481/3481 3375/3375/3375 
f 3482/3482/3482 3481/3481/3481 3483/3483/3483 
f 3481/3481/3481 3379/3379/3379 3483/3483/3483 
f 3492/3492/3492 3482/3482/3482 3483/3483/3483 
f 3379/3379/3379 3516/3516/3516 3483/3483/3483 
f 3483/3483/3483 3526/3526/3526 3492/3492/3492 
f 3526/3526/3526 3483/3483/3483 3516/3516/3516 
f 3443/3443/3443 3444/3444/3444 3445/3445/3445 
f 3447/3447/3447 3443/3443/3443 3445/3445/3445 
f 3444/3444/3444 3443/3443/3443 3446/3446/3446 
f 3517/3517/3517 3444/3444/3444 3446/3446/3446 
f 3443/3443/3443 3447/3447/3447 3449/3449/3449 
f 3517/3517/3517 3446/3446/3446 3518/3518/3518 
f 3446/3446/3446 3443/3443/3443 3518/3518/3518 
f 3518/3518/3518 3443/3443/3443 3449/3449/3449 
f 3517/3517/3517 3518/3518/3518 3519/3519/3519 
f 3521/3521/3521 3449/3449/3449 3447/3447/3447 
f 3518/3518/3518 3449/3449/3449 3520/3520/3520 
f 3519/3519/3519 3518/3518/3518 3520/3520/3520 
f 3449/3449/3449 3521/3521/3521 3522/3522/3522 
f 3520/3520/3520 3449/3449/3449 3522/3522/3522 
f 3523/3523/3523 3522/3522/3522 3521/3521/3521 
f 3522/3522/3522 3523/3523/3523 3524/3524/3524 
f 3524/3524/3524 3520/3520/3520 3522/3522/3522 
f 3541/3541/3541 3524/3524/3524 3523/3523/3523 
f 3525/3525/3525 3519/3519/3519 3520/3520/3520 
f 3520/3520/3520 3524/3524/3524 3525/3525/3525 
f 3519/3519/3519 3525/3525/3525 3527/3527/3527 
f 3524/3524/3524 3541/3541/3541 3532/3532/3532 
f 3532/3532/3532 3525/3525/3525 3524/3524/3524 
f 3534/3534/3534 3532/3532/3532 3541/3541/3541 
f 3542/3542/3542 3534/3534/3534 3541/3541/3541 
f 3525/3525/3525 3532/3532/3532 3530/3530/3530 
f 3530/3530/3530 3527/3527/3527 3525/3525/3525 
f 3534/3534/3534 3530/3530/3530 3532/3532/3532 
f 3527/3527/3527 3530/3530/3530 3531/3531/3531 
f 3530/3530/3530 3534/3534/3534 3533/3533/3533 
f 3533/3533/3533 3531/3531/3531 3530/3530/3530 
f 3531/3531/3531 3533/3533/3533 3535/3535/3535 
f 3635/3635/3635 3633/3633/3633 3636/3636/3636 
f 3637/3637/3637 3635/3635/3635 3636/3636/3636 
f 3633/3633/3633 3635/3635/3635 3634/3634/3634 
f 3640/3640/3640 3641/3641/3641 3637/3637/3637 
f 3641/3641/3641 3640/3640/3640 3639/3639/3639 
f 3635/3635/3635 3637/3637/3637 3641/3641/3641 
f 3648/3648/3648 3634/3634/3634 3635/3635/3635 
f 3641/3641/3641 3648/3648/3648 3635/3635/3635 
f 3641/3641/3641 3639/3639/3639 3646/3646/3646 
f 3642/3642/3642 3646/3646/3646 3639/3639/3639 
f 3648/3648/3648 3641/3641/3641 3646/3646/3646 
f 3634/3634/3634 3648/3648/3648 3571/3571/3571 
f 3571/3571/3571 3648/3648/3648 3585/3585/3585 
f 3645/3645/3645 3642/3642/3642 3643/3643/3643 
f 3644/3644/3644 3645/3645/3645 3643/3643/3643 
f 3669/3669/3669 3645/3645/3645 3644/3644/3644 
f 3647/3647/3647 3642/3642/3642 3645/3645/3645 
f 3669/3669/3669 3647/3647/3647 3645/3645/3645 
f 3647/3647/3647 3646/3646/3646 3642/3642/3642 
f 3669/3669/3669 3670/3670/3670 3647/3647/3647 
f 3670/3670/3670 3669/3669/3669 3671/3671/3671 
f 3647/3647/3647 3659/3659/3659 3646/3646/3646 
f 3670/3670/3670 3659/3659/3659 3647/3647/3647 
f 3671/3671/3671 3672/3672/3672 3670/3670/3670 
f 3672/3672/3672 3671/3671/3671 3674/3674/3674 
f 3668/3668/3668 3672/3672/3672 3674/3674/3674 
f 3674/3674/3674 3666/3666/3666 3668/3668/3668 
f 3672/3672/3672 3683/3683/3683 3670/3670/3670 
f 3670/3670/3670 3683/3683/3683 3659/3659/3659 
f 3668/3668/3668 3661/3661/3661 3672/3672/3672 
f 3666/3666/3666 3661/3661/3661 3668/3668/3668 
f 3683/3683/3683 3672/3672/3672 3661/3661/3661 
f 3661/3661/3661 3666/3666/3666 3662/3662/3662 
f 3662/3662/3662 3627/3627/3627 3661/3661/3661 
f 3627/3627/3627 3662/3662/3662 3626/3626/3626 
f 3661/3661/3661 3679/3679/3679 3683/3683/3683 
f 3661/3661/3661 3627/3627/3627 3628/3628/3628 
f 3679/3679/3679 3661/3661/3661 3628/3628/3628 
f 3626/3626/3626 3616/3616/3616 3627/3627/3627 
f 3616/3616/3616 3626/3626/3626 3620/3620/3620 
f 3619/3619/3619 3616/3616/3616 3620/3620/3620 
f 3679/3679/3679 3590/3590/3590 3683/3683/3683 
f 3616/3616/3616 3619/3619/3619 3615/3615/3615 
f 3602/3602/3602 3615/3615/3615 3619/3619/3619 
f 3615/3615/3615 3602/3602/3602 3600/3600/3600 
f 3458/3458/3458 3600/3600/3600 3602/3602/3602 
f 3458/3458/3458 3602/3602/3602 3459/3459/3459 
f 3432/3432/3432 3458/3458/3458 3459/3459/3459 
f 3456/3456/3456 3600/3600/3600 3458/3458/3458 
f 3458/3458/3458 3432/3432/3432 3429/3429/3429 
f 3429/3429/3429 3456/3456/3456 3458/3458/3458 
f 3432/3432/3432 3430/3430/3430 3429/3429/3429 
f 3429/3429/3429 3430/3430/3430 3431/3431/3431 
f 3456/3456/3456 3429/3429/3429 3431/3431/3431 
f 3430/3430/3430 3455/3455/3455 3431/3431/3431 
f 3431/3431/3431 3455/3455/3455 3456/3456/3456 
f 3597/3597/3597 3456/3456/3456 3455/3455/3455 
f 3600/3600/3600 3456/3456/3456 3598/3598/3598 
f 3456/3456/3456 3597/3597/3597 3598/3598/3598 
f 3615/3615/3615 3600/3600/3600 3598/3598/3598 
f 3597/3597/3597 3613/3613/3613 3598/3598/3598 
f 3613/3613/3613 3615/3615/3615 3598/3598/3598 
f 3613/3613/3613 3597/3597/3597 3614/3614/3614 
f 3613/3613/3613 3616/3616/3616 3615/3615/3615 
f 3582/3582/3582 3613/3613/3613 3614/3614/3614 
f 3616/3616/3616 3613/3613/3613 3577/3577/3577 
f 3613/3613/3613 3582/3582/3582 3577/3577/3577 
f 3579/3579/3579 3577/3577/3577 3582/3582/3582 
f 3581/3581/3581 3579/3579/3579 3582/3582/3582 
f 3580/3580/3580 3579/3579/3579 3581/3581/3581 
f 3579/3579/3579 3580/3580/3580 3562/3562/3562 
f 3452/3452/3452 3562/3562/3562 3580/3580/3580 
f 3579/3579/3579 3562/3562/3562 3560/3560/3560 
f 3560/3560/3560 3573/3573/3573 3579/3579/3579 
f 3573/3573/3573 3577/3577/3577 3579/3579/3579 
f 3562/3562/3562 3453/3453/3453 3560/3560/3560 
f 3559/3559/3559 3573/3573/3573 3560/3560/3560 
f 3453/3453/3453 3559/3559/3559 3560/3560/3560 
f 3573/3573/3573 3559/3559/3559 3574/3574/3574 
f 3559/3559/3559 3453/3453/3453 3423/3423/3423 
f 3576/3576/3576 3573/3573/3573 3574/3574/3574 
f 3453/3453/3453 3562/3562/3562 3451/3451/3451 
f 3562/3562/3562 3452/3452/3452 3451/3451/3451 
f 3424/3424/3424 3423/3423/3423 3453/3453/3453 
f 3451/3451/3451 3424/3424/3424 3453/3453/3453 
f 3422/3422/3422 3423/3423/3423 3424/3424/3424 
f 3425/3425/3425 3451/3451/3451 3452/3452/3452 
f 3424/3424/3424 3451/3451/3451 3425/3425/3425 
f 3425/3425/3425 3422/3422/3422 3424/3424/3424 
f 3452/3452/3452 3428/3428/3428 3425/3425/3425 
f 3428/3428/3428 3422/3422/3422 3425/3425/3425 
f 3573/3573/3573 3576/3576/3576 3578/3578/3578 
f 3577/3577/3577 3573/3573/3573 3578/3578/3578 
f 3576/3576/3576 3572/3572/3572 3578/3578/3578 
f 3572/3572/3572 3576/3576/3576 3575/3575/3575 
f 3412/3412/3412 3572/3572/3572 3575/3575/3575 
f 3572/3572/3572 3412/3412/3412 3554/3554/3554 
f 3368/3368/3368 3554/3554/3554 3412/3412/3412 
f 3368/3368/3368 3412/3412/3412 3413/3413/3413 
f 3393/3393/3393 3572/3572/3572 3554/3554/3554 
f 3368/3368/3368 3393/3393/3393 3554/3554/3554 
f 3413/3413/3413 3366/3366/3366 3368/3368/3368 
f 3413/3413/3413 3414/3414/3414 3366/3366/3366 
f 3414/3414/3414 3361/3361/3361 3366/3366/3366 
f 3361/3361/3361 3363/3363/3363 3366/3366/3366 
f 3361/3361/3361 3362/3362/3362 3363/3363/3363 
f 3366/3366/3366 3367/3367/3367 3368/3368/3368 
f 3367/3367/3367 3366/3366/3366 3363/3363/3363 
f 3363/3363/3363 3362/3362/3362 3367/3367/3367 
f 3393/3393/3393 3368/3368/3368 3367/3367/3367 
f 3362/3362/3362 3393/3393/3393 3367/3367/3367 
f 3393/3393/3393 3362/3362/3362 3394/3394/3394 
f 3558/3558/3558 3393/3393/3393 3394/3394/3394 
f 3393/3393/3393 3558/3558/3558 3567/3567/3567 
f 3572/3572/3572 3393/3393/3393 3567/3567/3567 
f 3566/3566/3566 3567/3567/3567 3558/3558/3558 
f 3567/3567/3567 3566/3566/3566 3571/3571/3571 
f 3567/3567/3567 3578/3578/3578 3572/3572/3572 
f 3578/3578/3578 3567/3567/3567 3571/3571/3571 
f 3578/3578/3578 3571/3571/3571 3585/3585/3585 
f 3578/3578/3578 3585/3585/3585 3586/3586/3586 
f 3586/3586/3586 3585/3585/3585 3650/3650/3650 
f 3586/3586/3586 3587/3587/3587 3578/3578/3578 
f 3650/3650/3650 3655/3655/3655 3586/3586/3586 
f 3587/3587/3587 3586/3586/3586 3655/3655/3655 
f 3655/3655/3655 3650/3650/3650 3653/3653/3653 
f 3650/3650/3650 3585/3585/3585 3651/3651/3651 
f 3651/3651/3651 3653/3653/3653 3650/3650/3650 
f 3585/3585/3585 3649/3649/3649 3651/3651/3651 
f 3649/3649/3649 3585/3585/3585 3648/3648/3648 
f 3653/3653/3653 3651/3651/3651 3652/3652/3652 
f 3651/3651/3651 3649/3649/3649 3652/3652/3652 
f 3654/3654/3654 3655/3655/3655 3653/3653/3653 
f 3652/3652/3652 3654/3654/3654 3653/3653/3653 
f 3649/3649/3649 3656/3656/3656 3652/3652/3652 
f 3654/3654/3654 3652/3652/3652 3656/3656/3656 
f 3648/3648/3648 3657/3657/3657 3649/3649/3649 
f 3656/3656/3656 3649/3649/3649 3657/3657/3657 
f 3657/3657/3657 3654/3654/3654 3656/3656/3656 
f 3657/3657/3657 3648/3648/3648 3646/3646/3646 
f 3655/3655/3655 3654/3654/3654 3658/3658/3658 
f 3654/3654/3654 3657/3657/3657 3658/3658/3658 
f 3646/3646/3646 3658/3658/3658 3657/3657/3657 
f 3658/3658/3658 3587/3587/3587 3655/3655/3655 
f 3646/3646/3646 3659/3659/3659 3658/3658/3658 
f 3587/3587/3587 3658/3658/3658 3659/3659/3659 
f 3663/3663/3663 3587/3587/3587 3659/3659/3659 
f 3659/3659/3659 3677/3677/3677 3663/3663/3663 
f 3659/3659/3659 3683/3683/3683 3677/3677/3677 
f 3590/3590/3590 3677/3677/3677 3683/3683/3683 
f 3587/3587/3587 3663/3663/3663 3660/3660/3660 
f 3663/3663/3663 3677/3677/3677 3682/3682/3682 
f 3682/3682/3682 3660/3660/3660 3663/3663/3663 
f 3682/3682/3682 3677/3677/3677 3678/3678/3678 
f 3660/3660/3660 3584/3584/3584 3587/3587/3587 
f 3578/3578/3578 3587/3587/3587 3584/3584/3584 
f 3660/3660/3660 3682/3682/3682 3676/3676/3676 
f 3678/3678/3678 3676/3676/3676 3682/3682/3682 
f 3584/3584/3584 3660/3660/3660 3589/3589/3589 
f 3660/3660/3660 3676/3676/3676 3589/3589/3589 
f 3676/3676/3676 3678/3678/3678 3675/3675/3675 
f 3677/3677/3677 3675/3675/3675 3678/3678/3678 
f 3675/3675/3675 3589/3589/3589 3676/3676/3676 
f 3675/3675/3675 3677/3677/3677 3592/3592/3592 
f 3677/3677/3677 3590/3590/3590 3592/3592/3592 
f 3589/3589/3589 3675/3675/3675 3588/3588/3588 
f 3588/3588/3588 3584/3584/3584 3589/3589/3589 
f 3592/3592/3592 3588/3588/3588 3675/3675/3675 
f 3583/3583/3583 3584/3584/3584 3588/3588/3588 
f 3588/3588/3588 3592/3592/3592 3583/3583/3583 
f 3583/3583/3583 3578/3578/3578 3584/3584/3584 
f 3590/3590/3590 3583/3583/3583 3592/3592/3592 
f 3578/3578/3578 3583/3583/3583 3577/3577/3577 
f 3583/3583/3583 3590/3590/3590 3577/3577/3577 
f 3577/3577/3577 3590/3590/3590 3591/3591/3591 
f 3616/3616/3616 3577/3577/3577 3591/3591/3591 
f 3593/3593/3593 3591/3591/3591 3590/3590/3590 
f 3590/3590/3590 3679/3679/3679 3593/3593/3593 
f 3681/3681/3681 3593/3593/3593 3679/3679/3679 
f 3679/3679/3679 3628/3628/3628 3681/3681/3681 
f 3593/3593/3593 3681/3681/3681 3594/3594/3594 
f 3594/3594/3594 3591/3591/3591 3593/3593/3593 
f 3681/3681/3681 3628/3628/3628 3680/3680/3680 
f 3680/3680/3680 3594/3594/3594 3681/3681/3681 
f 3628/3628/3628 3624/3624/3624 3680/3680/3680 
f 3594/3594/3594 3680/3680/3680 3624/3624/3624 
f 3594/3594/3594 3624/3624/3624 3623/3623/3623 
f 3591/3591/3591 3594/3594/3594 3623/3623/3623 
f 3624/3624/3624 3628/3628/3628 3625/3625/3625 
f 3628/3628/3628 3627/3627/3627 3625/3625/3625 
f 3624/3624/3624 3622/3622/3622 3623/3623/3623 
f 3622/3622/3622 3591/3591/3591 3623/3623/3623 
f 3625/3625/3625 3622/3622/3622 3624/3624/3624 
f 3621/3621/3621 3591/3591/3591 3622/3622/3622 
f 3622/3622/3622 3625/3625/3625 3621/3621/3621 
f 3627/3627/3627 3621/3621/3621 3625/3625/3625 
f 3591/3591/3591 3621/3621/3621 3616/3616/3616 
f 3621/3621/3621 3627/3627/3627 3616/3616/3616 
f 3494/3494/3494 3472/3472/3472 3386/3386/3386 
f 3472/3472/3472 3494/3494/3494 3495/3495/3495 
f 3409/3409/3409 3386/3386/3386 3388/3388/3388 
f 3386/3386/3386 3409/3409/3409 3494/3494/3494 
f 3388/3388/3388 3411/3411/3411 3403/3403/3403 
f 3403/3403/3403 3411/3411/3411 3396/3396/3396 
f 3410/3410/3410 3409/3409/3409 3388/3388/3388 
f 3410/3410/3410 3388/3388/3388 3403/3403/3403 
f 3396/3396/3396 3395/3395/3395 3403/3403/3403 
f 3395/3395/3395 3396/3396/3396 3397/3397/3397 
f 3410/3410/3410 3403/3403/3403 3402/3402/3402 
f 3395/3395/3395 3402/3402/3402 3403/3403/3403 
f 3397/3397/3397 3382/3382/3382 3395/3395/3395 
f 3382/3382/3382 3397/3397/3397 3383/3383/3383 
f 3381/3381/3381 3382/3382/3382 3383/3383/3383 
f 3382/3382/3382 3381/3381/3381 3417/3417/3417 
f 3417/3417/3417 3381/3381/3381 3415/3415/3415 
f 3415/3415/3415 3382/3382/3382 3417/3417/3417 
f 3415/3415/3415 3381/3381/3381 3416/3416/3416 
f 3418/3418/3418 3415/3415/3415 3416/3416/3416 
f 3382/3382/3382 3415/3415/3415 3400/3400/3400 
f 3415/3415/3415 3418/3418/3418 3400/3400/3400 
f 3400/3400/3400 3395/3395/3395 3382/3382/3382 
f 3461/3461/3461 3400/3400/3400 3418/3418/3418 
f 3395/3395/3395 3400/3400/3400 3465/3465/3465 
f 3400/3400/3400 3461/3461/3461 3465/3465/3465 
f 3402/3402/3402 3395/3395/3395 3465/3465/3465 
f 3561/3561/3561 3465/3465/3465 3461/3461/3461 
f 3465/3465/3465 3561/3561/3561 3402/3402/3402 
f 3570/3570/3570 3402/3402/3402 3561/3561/3561 
f 3402/3402/3402 3570/3570/3570 3410/3410/3410 
f 3410/3410/3410 3570/3570/3570 3555/3555/3555 
f 3555/3555/3555 3570/3570/3570 3556/3556/3556 
f 3555/3555/3555 3556/3556/3556 3557/3557/3557 
f 3557/3557/3557 3556/3556/3556 3464/3464/3464 
f 3464/3464/3464 3462/3462/3462 3557/3557/3557 
f 3462/3462/3462 3464/3464/3464 3420/3420/3420 
f 3557/3557/3557 3470/3470/3470 3555/3555/3555 
f 3462/3462/3462 3470/3470/3470 3557/3557/3557 
f 3563/3563/3563 3410/3410/3410 3555/3555/3555 
f 3563/3563/3563 3555/3555/3555 3470/3470/3470 
f 3420/3420/3420 3419/3419/3419 3462/3462/3462 
f 3419/3419/3419 3420/3420/3420 3421/3421/3421 
f 3421/3421/3421 3426/3426/3426 3419/3419/3419 
f 3426/3426/3426 3421/3421/3421 3427/3427/3427 
f 3419/3419/3419 3448/3448/3448 3462/3462/3462 
f 3448/3448/3448 3419/3419/3419 3426/3426/3426 
f 3427/3427/3427 3448/3448/3448 3426/3426/3426 
f 3470/3470/3470 3462/3462/3462 3448/3448/3448 
f 3427/3427/3427 3454/3454/3454 3448/3448/3448 
f 3470/3470/3470 3448/3448/3448 3454/3454/3454 
f 3599/3599/3599 3470/3470/3470 3454/3454/3454 
f 3607/3607/3607 3470/3470/3470 3599/3599/3599 
f 3470/3470/3470 3607/3607/3607 3563/3563/3563 
f 3608/3608/3608 3563/3563/3563 3607/3607/3607 
f 3563/3563/3563 3608/3608/3608 3569/3569/3569 
f 3410/3410/3410 3563/3563/3563 3569/3569/3569 
f 3606/3606/3606 3569/3569/3569 3608/3608/3608 
f 3463/3463/3463 3410/3410/3410 3569/3569/3569 
f 3409/3409/3409 3410/3410/3410 3463/3463/3463 
f 3569/3569/3569 3606/3606/3606 3605/3605/3605 
f 3596/3596/3596 3605/3605/3605 3606/3606/3606 
f 3463/3463/3463 3540/3540/3540 3409/3409/3409 
f 3605/3605/3605 3596/3596/3596 3595/3595/3595 
f 3457/3457/3457 3595/3595/3595 3596/3596/3596 
f 3609/3609/3609 3569/3569/3569 3605/3605/3605 
f 3540/3540/3540 3494/3494/3494 3409/3409/3409 
f 3595/3595/3595 3604/3604/3604 3605/3605/3605 
f 3605/3605/3605 3604/3604/3604 3609/3609/3609 
f 3595/3595/3595 3457/3457/3457 3466/3466/3466 
f 3435/3435/3435 3466/3466/3466 3457/3457/3457 
f 3457/3457/3457 3433/3433/3433 3435/3435/3435 
f 3466/3466/3466 3601/3601/3601 3595/3595/3595 
f 3604/3604/3604 3595/3595/3595 3601/3601/3601 
f 3601/3601/3601 3466/3466/3466 3469/3469/3469 
f 3433/3433/3433 3434/3434/3434 3435/3435/3435 
f 3434/3434/3434 3466/3466/3466 3435/3435/3435 
f 3466/3466/3466 3434/3434/3434 3469/3469/3469 
f 3434/3434/3434 3433/3433/3433 3450/3450/3450 
f 3460/3460/3460 3434/3434/3434 3450/3450/3450 
f 3434/3434/3434 3460/3460/3460 3469/3469/3469 
f 3460/3460/3460 3601/3601/3601 3469/3469/3469 
f 3603/3603/3603 3601/3601/3601 3460/3460/3460 
f 3601/3601/3601 3603/3603/3603 3604/3604/3604 
f 3604/3604/3604 3603/3603/3603 3617/3617/3617 
f 3618/3618/3618 3604/3604/3604 3617/3617/3617 
f 3604/3604/3604 3618/3618/3618 3609/3609/3609 
f 3611/3611/3611 3609/3609/3609 3618/3618/3618 
f 3609/3609/3609 3611/3611/3611 3610/3610/3610 
f 3611/3611/3611 3612/3612/3612 3610/3610/3610 
f 3612/3612/3612 3611/3611/3611 3665/3665/3665 
f 3467/3467/3467 3609/3609/3609 3610/3610/3610 
f 3569/3569/3569 3609/3609/3609 3467/3467/3467 
f 3467/3467/3467 3463/3463/3463 3569/3569/3569 
f 3610/3610/3610 3471/3471/3471 3467/3467/3467 
f 3471/3471/3471 3610/3610/3610 3612/3612/3612 
f 3467/3467/3467 3468/3468/3468 3463/3463/3463 
f 3468/3468/3468 3467/3467/3467 3471/3471/3471 
f 3540/3540/3540 3463/3463/3463 3468/3468/3468 
f 3665/3665/3665 3664/3664/3664 3612/3612/3612 
f 3664/3664/3664 3471/3471/3471 3612/3612/3612 
f 3664/3664/3664 3665/3665/3665 3667/3667/3667 
f 3673/3673/3673 3664/3664/3664 3667/3667/3667 
f 3471/3471/3471 3664/3664/3664 3552/3552/3552 
f 3664/3664/3664 3673/3673/3673 3552/3552/3552 
f 3471/3471/3471 3544/3544/3544 3468/3468/3468 
f 3544/3544/3544 3471/3471/3471 3552/3552/3552 
f 3552/3552/3552 3673/3673/3673 3544/3544/3544 
f 3544/3544/3544 3540/3540/3540 3468/3468/3468 
f 3544/3544/3544 3673/3673/3673 3553/3553/3553 
f 3544/3544/3544 3553/3553/3553 3548/3548/3548 
f 3540/3540/3540 3544/3544/3544 3548/3548/3548 
f 3548/3548/3548 3553/3553/3553 3550/3550/3550 
f 3540/3540/3540 3548/3548/3548 3543/3543/3543 
f 3540/3540/3540 3543/3543/3543 3539/3539/3539 
f 3548/3548/3548 3551/3551/3551 3543/3543/3543 
f 3494/3494/3494 3540/3540/3540 3539/3539/3539 
f 3494/3494/3494 3539/3539/3539 3508/3508/3508 
f 3507/3507/3507 3494/3494/3494 3508/3508/3508 
f 3495/3495/3495 3494/3494/3494 3507/3507/3507 
f 3510/3510/3510 3495/3495/3495 3507/3507/3507 
f 3548/3548/3548 3546/3546/3546 3551/3551/3551 
f 3510/3510/3510 3514/3514/3514 3495/3495/3495 
f 3548/3548/3548 3550/3550/3550 3547/3547/3547 
f 3546/3546/3546 3548/3548/3548 3547/3547/3547 
f 3547/3547/3547 3550/3550/3550 3549/3549/3549 
f 3515/3515/3515 3546/3546/3546 3547/3547/3547 
f 3547/3547/3547 3549/3549/3549 3515/3515/3515 
f 3515/3515/3515 3549/3549/3549 3514/3514/3514 
f 3510/3510/3510 3515/3515/3515 3514/3514/3514 
f 3545/3545/3545 3546/3546/3546 3515/3515/3515 
f 3515/3515/3515 3510/3510/3510 3545/3545/3545 
f 3354/3354/3354 3355/3355/3355 3356/3356/3356 
f 3360/3360/3360 3354/3354/3354 3356/3356/3356 
f 3354/3354/3354 3360/3360/3360 3365/3365/3365 
f 3364/3364/3364 3365/3365/3365 3360/3360/3360 
f 3355/3355/3355 3354/3354/3354 3370/3370/3370 
f 3365/3365/3365 3370/3370/3370 3354/3354/3354 
f 3365/3365/3365 3364/3364/3364 3369/3369/3369 
f 3370/3370/3370 3365/3365/3365 3369/3369/3369 
f 3374/3374/3374 3369/3369/3369 3364/3364/3364 
f 3374/3374/3374 3364/3364/3364 3399/3399/3399 
f 3398/3398/3398 3374/3374/3374 3399/3399/3399 
f 3369/3369/3369 3371/3371/3371 3370/3370/3370 
f 3371/3371/3371 3355/3355/3355 3370/3370/3370 
f 3371/3371/3371 3369/3369/3369 3374/3374/3374 
f 3355/3355/3355 3371/3371/3371 3373/3373/3373 
f 3373/3373/3373 3371/3371/3371 3404/3404/3404 
f 3374/3374/3374 3398/3398/3398 3401/3401/3401 
f 3401/3401/3401 3371/3371/3371 3374/3374/3374 
f 3411/3411/3411 3401/3401/3401 3398/3398/3398 
f 3404/3404/3404 3371/3371/3371 3405/3405/3405 
f 3371/3371/3371 3401/3401/3401 3405/3405/3405 
f 3404/3404/3404 3405/3405/3405 3406/3406/3406 
f 3406/3406/3406 3405/3405/3405 3387/3387/3387 
f 3405/3405/3405 3401/3401/3401 3387/3387/3387 
f 3387/3387/3387 3472/3472/3472 3406/3406/3406 
f 3401/3401/3401 3411/3411/3411 3388/3388/3388 
f 3388/3388/3388 3387/3387/3387 3401/3401/3401 
f 3472/3472/3472 3387/3387/3387 3386/3386/3386 
f 3386/3386/3386 3387/3387/3387 3388/3388/3388 

g Player8

v -0.734798 102.217 -0.266199 
v -0.861012 102.526 -0.387454 
v -0.669197 102.422 -0.474571 
v -0.769591 102.319 -0.352312 
v -0.66322 102.095 -0.376289 
v -0.804093 102.128 -0.316052 
v -0.80923 102.445 -0.289134 
v -0.611959 102.45 -0.325672 
v -0.660602 102.367 -0.551695 
v -0.819677 102.462 -0.364392 
v -0.760992 102.533 -0.488796 
v -0.650956 102.23 -0.373289 
v -0.644074 102.326 -0.414379 
v -0.650956 102.23 -0.373289 
v -0.58724 102.35 -0.203182 
v -0.819677 102.462 -0.364392 
v -0.585454 102.751 -0.593134 
v -0.747691 101.952 -0.240651 
v -0.828089 102.181 -0.20549 
v -0.96793 102.367 -0.248354 
v -0.973933 102.871 -0.189347 
v -0.665145 101.895 -0.270337 
v -0.449605 102.153 -0.289695 
v -0.773764 101.814 -0.201328 
v -0.741141 102.262 -0.293028 
v -0.719433 102.529 -0.250237 
v -0.952019 102.495 -0.160812 
v -0.671292 102.741 -0.313425 
v -0.741141 102.262 -0.293028 
v -0.652761 102.901 -0.466801 
v -0.733364 102.831 -0.516761 
v -0.769237 102.863 -0.365807 
v -0.890523 102.892 -0.379434 
v -0.822951 102.911 -0.402706 
v -0.746342 102.808 -0.480411 
v -0.78566 102.772 -0.415126 
v -0.676056 102.69 -0.432348 
v -0.750018 102.643 -0.361974 
v -0.657781 102.888 -0.51555 
v -0.58931 102.844 -0.492595 
v -0.671151 102.676 -0.331282 
v -0.676056 102.69 -0.432348 
v -0.592986 102.679 -0.374157 
v -0.776489 102.829 -0.317076 
v -0.769237 102.863 -0.365807 
v -0.667026 102.785 -0.278954 
v -0.776489 102.829 -0.317076 
v -0.750018 102.643 -0.361974 
v -0.691899 102.836 -0.226892 
v -0.505273 102.541 -0.401803 
v -0.734798 102.217 -0.266199 
v -0.669197 102.422 -0.474571 
v -0.509393 102.248 -0.381466 
v -0.564973 101.971 -0.28944 
v -0.505126 102.093 -0.368664 
v -0.496351 102.395 -0.517763 
v -0.556782 102.472 -0.436952 
v -0.42411 102.189 -0.397341 
v -0.568171 102.178 -0.287407 
v -0.428165 102.255 -0.390485 
v -0.434799 102.377 -0.265868 
v -0.428165 102.255 -0.390485 
v -0.423097 102.308 -0.319656 
v -0.53549 101.971 -0.214086 
v -0.622134 102.573 -0.270774 
v -0.568171 102.178 -0.287407 
v -0.597164 102.363 -0.177499 
v -0.482454 102.397 -0.244632 
v -0.4563 102.516 -0.284642 
v -0.449605 102.153 -0.289695 
v -0.429466 102.134 -0.27564 
v -0.611959 102.45 -0.325672 
v -0.429466 102.134 -0.27564 
v -0.423097 102.308 -0.319656 
v -0.602246 102.48 -0.214268 
v -0.419892 102.513 -0.39016 
v -0.510188 102.226 -0.313823 
v -0.556782 102.472 -0.436952 
v -0.652761 102.901 -0.466801 
v -0.544177 102.805 -0.431425 
v -0.58931 102.844 -0.492595 
v -0.479044 102.914 -0.421164 
v -0.453614 102.828 -0.51723 
v -0.515624 102.799 -0.372173 
v -0.416225 102.668 -0.567883 
v -0.468778 102.65 -0.414966 
v -0.50686 102.771 -0.475914 
v -0.494292 102.63 -0.47124 
v -0.50686 102.771 -0.475914 
v -0.465725 102.706 -0.528021 
v -0.494292 102.63 -0.47124 
v -0.494818 103 -0.464942 
v -0.471786 102.808 -0.551783 
v -0.436806 102.899 -0.414454 
v -0.547218 102.831 -0.329381 
v -0.564787 102.967 -0.126905 
v -0.498362 102.641 -0.297331 
v -0.434708 102.961 -0.301991 
v -0.80923 102.445 -0.289134 
v -0.594335 102.219 -0.104841 
v -0.747292 101.905 -0.139384 
v -0.963468 102.03 -0.0765793 
v -0.952019 102.495 -0.160812 
v -0.913556 102.479 -0.0774087 
v -0.828089 102.181 -0.20549 
v -0.645596 101.865 -0.155458 
v -0.747292 101.905 -0.139384 
v -0.645596 101.865 -0.155458 
v -0.781187 102.342 -0.0184151 
v -0.929457 102.317 0.143971 
v -0.938014 102.751 0.0586751 
v -0.725795 102.503 0.328046 
v -0.591042 102.498 -0.0579979 
v -0.781187 102.342 -0.0184151 
v -0.600199 102.184 0.204341 
v -0.719061 102.463 0.333816 
v -0.741521 102.4 0.144069 
v -0.551968 102.201 0.358822 
v -0.580692 102.583 0.456737 
v -0.842174 102.628 0.0312381 
v -0.484668 102.537 -0.0411114 
v -0.741521 102.4 0.144069 
v -0.884347 102.777 0.218802 
v -0.938014 102.751 0.0586751 
v -0.849666 102.802 -0.185469 
v -0.918564 102.854 0.00172608 
v -0.939587 102.978 0.0596462 
v -0.846451 102.789 -0.103965 
v -0.842174 102.628 0.0312381 
v -0.500178 102.736 -0.186638 
v -0.739987 102.856 0.0920518 
v -0.846451 102.789 -0.103965 
v -0.462455 102.768 -0.108541 
v -0.739987 102.856 0.0920518 
v -0.744914 102.886 0.23786 
v -0.750993 102.992 0.363168 
v -0.418509 102.756 0.249168 
v -0.539604 102.87 0.0426645 
v -0.579215 102.957 -0.110466 
v -0.610515 102.597 0.103705 
v -0.660925 102.917 0.143705 
v -0.600199 102.184 0.204341 
v -0.492256 101.75 -0.189902 
v -0.53549 101.971 -0.214086 
v -0.583638 102.307 -0.082682 
v -0.51709 102.069 -0.138785 
v -0.418128 102.116 -0.132416 
v -0.526068 102.389 -0.0107974 
v -0.413546 102.078 0.114839 
v -0.488928 102.133 0.319293 
v -0.503258 102.095 0.219159 
v -0.448297 102.258 0.437177 
v -0.415463 102.233 0.0261192 
v -0.577219 102.549 -0.0895943 
v -0.467848 102.294 0.0099427 
v -0.503258 102.095 0.219159 
v -0.561815 102.394 0.103658 
v -0.501716 102.362 0.25032 
v -0.548122 102.703 -0.0544596 
v -0.516109 102.701 -0.109054 
v -0.407233 102.936 -0.200297 
v -0.418815 102.886 -0.185402 
v -0.410527 102.593 -0.211627 
v -0.432068 102.906 -0.243558 
v -0.470127 102.748 0.36873 
v -0.419472 102.499 0.175787 
v -0.406549 102.42 0.343367 
v -0.418316 102.691 0.455195 
v -0.545505 103.151 0.389606 
v -0.849424 103.063 -0.0333818 
v -0.753759 102.977 -0.494804 
v -0.808288 103.249 -0.28308 
v -0.812665 103.2 -0.358973 
v -0.725372 103.202 -0.470856 
v -0.632932 103.007 -0.545546 
v -0.613598 103.089 -0.483385 
v -0.605586 103.205 -0.379262 
v -0.605586 103.205 -0.379262 
v -0.580399 103.09 -0.283617 
v -0.769053 103.138 -0.259431 
v -0.86972 103.119 -0.0493447 
v -0.778443 102.998 -0.196768 
v -0.649833 103.076 -0.218678 
v -0.778443 102.998 -0.196768 
v -0.769053 103.138 -0.259431 
v -0.584311 103.171 -0.535817 
v -0.688247 103.487 -0.403899 
v -0.787162 103.517 -0.259739 
v -0.7413 103.46 -0.150816 
v -0.658131 103.369 -0.319317 
v -0.65795 103.54 -0.10855 
v -0.624715 103.694 -0.316874 
v -0.707337 103.659 -0.215109 
v -0.841157 103.378 -0.129354 
v -0.610294 103.373 -0.122625 
v -0.7413 103.46 -0.150816 
v -0.666295 103.68 -0.104243 
v -0.631274 103.524 -0.191958 
v -0.736436 103.403 -0.111572 
v -0.728103 103.581 -0.156207 
v -0.686978 103.294 -0.138844 
v -0.571108 103.543 -0.117408 
v -0.666295 103.68 -0.104243 
v -0.661508 103.687 -0.111083 
v -0.524488 102.979 -0.507109 
v -0.488987 103.132 -0.53295 
v -0.524488 102.979 -0.507109 
v -0.395074 102.975 -0.521263 
v -0.468428 102.955 -0.374416 
v -0.494818 103 -0.464942 
v -0.466618 103.132 -0.494591 
v -0.434676 103.257 -0.406483 
v -0.61834 103.296 -0.156042 
v -0.514005 103.248 -0.298107 
v -0.658131 103.369 -0.319317 
v -0.5103 103.069 -0.283166 
v -0.434435 103.126 -0.271717 
v -0.434676 103.257 -0.406483 
v -0.51057 103.567 -0.418894 
v -0.65795 103.54 -0.10855 
v -0.517107 103.684 -0.232722 
v -0.530715 103.413 -0.502249 
v -0.45378 103.316 -0.22066 
v -0.517107 103.684 -0.232722 
v -0.436452 103.534 -0.188349 
v -0.594695 103.295 -0.0884022 
v -0.686978 103.294 -0.138844 
v -0.631274 103.524 -0.191958 
v -0.530876 103.43 -0.123967 
v -0.572001 103.717 -0.14133 
v -0.493955 103.371 -0.127158 
v -0.519766 103.578 -0.0879126 
v -0.572001 103.717 -0.14133 
v -0.813489 103.374 0.0114089 
v -0.61834 103.296 -0.156042 
v -0.819438 103.243 -0.00593817 
v -0.702139 103.02 0.120598 
v -0.677748 103.235 0.0119397 
v -0.755613 103.358 -0.00208273 
v -0.677748 103.235 0.0119397 
v -0.744914 102.886 0.23786 
v -0.833808 103.243 0.201256 
v -0.676981 103.381 0.0628055 
v -0.676981 103.381 0.0628055 
v -0.558379 103.245 0.0127942 
v -0.621385 103.431 0.242477 
v -0.641711 103.283 0.164517 
v -0.706617 103.36 0.116538 
v -0.745827 103.542 -0.00436462 
v -0.636674 103.472 0.0796875 
v -0.675196 103.679 0.00329968 
v -0.662408 103.552 0.124022 
v -0.702707 103.456 0.157424 
v -0.616997 103.373 0.223014 
v -0.595852 103.501 0.177768 
v -0.570524 103.663 0.0191162 
v -0.509226 103.148 0.148023 
v -0.577931 103.261 0.137574 
v -0.573076 103.218 0.0277561 
v -0.465801 102.963 0.112101 
v -0.43983 103.275 -0.055394 
v -0.502443 103.356 0.0354205 
v -0.418509 102.756 0.249168 
v -0.641711 103.283 0.164517 
v -0.616997 103.373 0.223014 
v -0.534857 103.328 0.184862 
v -0.371273 103.132 0.223388 
v -0.459327 103.49 -0.0370548 
v -0.570524 103.663 0.0191162 
v -0.394589 103.39 0.104924 
v -0.459327 103.49 -0.0370548 
v -0.492658 103.539 0.0331385 
v -0.394589 103.39 0.104924 
v -0.595852 103.501 0.177768 
v -0.533723 103.454 0.145058 
v -0.363907 102.757 -0.554509 
v -0.399652 102.433 -0.533862 
v -0.41453 102.629 -0.472172 
v -0.41453 102.629 -0.472172 
v -0.407348 102.629 -0.39559 
v -0.316395 102.624 -0.413965 
v -0.287737 102.084 -0.337035 
v -0.336869 102.693 -0.408151 
v -0.299383 102.423 -0.36935 
v -0.510188 102.226 -0.313823 
v -0.419892 102.513 -0.39016 
v -0.418128 102.116 -0.132416 
v -0.334737 102.103 -0.314677 
v -0.362857 101.998 -0.154991 
v -0.316395 102.624 -0.413965 
v -0.329776 102.64 -0.248008 
v -0.39082 102.744 -0.357508 
v -0.407106 102.705 -0.543822 
v -0.453614 102.828 -0.51723 
v -0.379818 102.819 -0.567105 
v -0.334817 102.738 -0.520012 
v -0.320163 102.704 -0.468172 
v -0.481164 102.739 -0.393242 
v -0.320163 102.704 -0.468172 
v -0.273254 102.898 -0.347679 
v -0.341883 102.962 -0.30816 
v -0.297725 102.768 -0.374174 
v -0.367041 102.918 -0.33201 
v -0.23034 102.493 -0.487779 
v -0.202803 102.289 -0.244203 
v -0.149512 102.686 -0.336172 
v -0.204624 102.616 -0.303813 
v -0.264368 102.719 -0.344859 
v -0.23321 102.653 -0.367686 
v -0.132471 102.604 -0.347014 
v -0.180532 102.722 -0.376395 
v -0.204624 102.616 -0.303813 
v -0.23321 102.653 -0.367686 
v -0.184557 102.92 -0.418417 
v -0.146465 102.682 -0.327126 
v -0.255815 102.678 -0.285991 
v -0.138677 102.273 -0.17838 
v -0.216329 102.737 -0.240991 
v -0.169071 102.707 -0.245431 
v -0.189667 102.721 -0.15988 
v -0.0929085 102.816 -0.189144 
v -0.132494 102.74 -0.272528 
v -0.169071 102.707 -0.245431 
v -0.273254 102.898 -0.347679 
v -0.263777 102.792 -0.448699 
v -0.263777 102.792 -0.448699 
v -0.2906 102.811 -0.530028 
v -0.244385 102.953 -0.543841 
v -0.234635 102.886 -0.426242 
v -0.234635 102.886 -0.426242 
v -0.269969 102.869 -0.284972 
v -0.12278 102.804 -0.285886 
v -0.356125 102.907 -0.288694 
v -0.11141 102.874 -0.344617 
v -0.146743 102.856 -0.203347 
v -0.51709 102.069 -0.138785 
v -0.413546 102.078 0.114839 
v -0.416898 102.108 0.214577 
v -0.351125 102.205 0.214487 
v -0.250857 101.918 -0.00193134 
v -0.230203 101.968 0.010391 
v -0.315946 102.368 0.242778 
v -0.274928 102.292 0.252834 
v -0.245633 102.294 -0.0604258 
v -0.368608 102.478 -0.00573332 
v -0.294929 102.333 0.303496 
v -0.501716 102.362 0.25032 
v -0.415463 102.233 0.0261192 
v -0.416898 102.108 0.214577 
v -0.411212 102.14 0.354452 
v -0.362918 102.216 0.335124 
v -0.351125 102.205 0.214487 
v -0.315946 102.368 0.242778 
v -0.349514 102.324 0.408723 
v -0.221636 102.267 -0.102535 
v -0.391638 102.82 0.0743686 
v -0.287669 102.641 -0.167941 
v -0.269705 102.376 -0.19043 
v -0.338642 102.776 -0.0420144 
v -0.323839 102.721 0.271556 
v -0.277777 102.715 0.0285133 
v -0.470127 102.748 0.36873 
v -0.323839 102.721 0.271556 
v -0.172762 102.502 0.124927 
v -0.176611 102.751 0.0809835 
v -0.221636 102.267 -0.102535 
v -0.245633 102.294 -0.0604258 
v -0.134309 102.375 -0.0638915 
v -0.269705 102.376 -0.19043 
v -0.163512 102.238 0.110116 
v -0.0449787 102.551 -0.0111036 
v -0.194202 102.189 0.149484 
v -0.274928 102.292 0.252834 
v -0.179107 102.185 0.222515 
v -0.250857 101.918 -0.00193134 
v -0.221636 102.267 -0.102535 
v -0.0355065 102.594 0.19331 
v -0.0428448 102.687 -0.119424 
v -0.189667 102.721 -0.15988 
v -0.146743 102.856 -0.203347 
v -0.12278 102.804 -0.285886 
v -0.176611 102.751 0.0809835 
v -0.0499706 103.029 -0.074203 
v -0.192493 102.593 0.430101 
v -0.172762 102.502 0.124927 
v -0.157084 102.962 0.337817 
v -0.217189 102.858 -0.208842 
v -0.452609 103.018 -0.545286 
v -0.424534 103.095 -0.394576 
v -0.466618 103.132 -0.494591 
v -0.454369 103.274 -0.50472 
v -0.317837 103.053 -0.425405 
v -0.348202 102.977 -0.557149 
v -0.328321 103.077 -0.464416 
v -0.327798 103.184 -0.529082 
v -0.46323 103.194 -0.326447 
v -0.500748 103.266 -0.417068 
v -0.328321 103.077 -0.464416 
v -0.317837 103.053 -0.425405 
v -0.355883 103.301 -0.364504 
v -0.400728 103.343 -0.473743 
v -0.500748 103.266 -0.417068 
v -0.420511 103.375 -0.452678 
v -0.394872 103.547 -0.400981 
v -0.400728 103.343 -0.473743 
v -0.315899 103.339 -0.470705 
v -0.309802 103.342 -0.369818 
v -0.423029 103.306 -0.319161 
v -0.460469 103.427 -0.372093 
v -0.460469 103.427 -0.372093 
v -0.309802 103.342 -0.369818 
v -0.394872 103.547 -0.400981 
v -0.375246 103.465 -0.320913 
v -0.248505 102.92 -0.512727 
v -0.203805 103.07 -0.494468 
v -0.220426 102.895 -0.424217 
v -0.220426 102.895 -0.424217 
v -0.161587 103.04 -0.41016 
v -0.164189 102.884 -0.420747 
v -0.165161 103.011 -0.405191 
v -0.283108 102.881 -0.376013 
v -0.260944 102.895 -0.345888 
v -0.253928 103.037 -0.375424 
v -0.165161 103.011 -0.405191 
v -0.210414 103.015 -0.318882 
v -0.115994 103.064 -0.347197 
v -0.217655 103.191 -0.4566 
v -0.214087 103.113 -0.429074 
v -0.214087 103.113 -0.429074 
v -0.170711 103.155 -0.388198 
v -0.225479 103.086 -0.328602 
v -0.244482 103.06 -0.298864 
v -0.225479 103.086 -0.328602 
v -0.315281 103.243 -0.289587 
v -0.170711 103.155 -0.388198 
v -0.176754 103.126 -0.325776 
v -0.176754 103.126 -0.325776 
v -0.219172 103.134 -0.324276 
v -0.327066 102.985 -0.123764 
v -0.329025 102.977 -0.217454 
v -0.338111 103.093 -0.293177 
v -0.351701 103.147 0.323486 
v -0.371273 103.132 0.223388 
v -0.351701 103.147 0.323486 
v -0.283905 103.169 -0.211942 
v -0.177444 103.318 0.056725 
v -0.204308 102.986 -0.231631 
v -0.161689 103.079 -0.189569 
v -0.09827 102.862 -0.253576 
v -0.111967 102.988 -0.266367 
v -0.146388 103.012 -0.216987 
v -0.161689 103.079 -0.189569 
v -0.146388 103.012 -0.216987 
v -0.0452147 103.09 0.161193 
v -0.0626913 103.218 -0.217688 
v -0.177444 103.318 0.056725 
v -0.0626913 103.218 -0.217688 

vn -0.023622 -0.976378 -0.204724 
vn -0.606299 -0.15748 -0.779528 
vn 0.0393701 -0.338583 -0.937008 
vn -0.614173 0.141732 -0.779528 
vn -0.188976 -0.299213 -0.937008 
vn -0.779528 -0.212598 -0.582677 
vn -0.787402 0.614173 0.023622 
vn 0.251969 0.952756 -0.165354 
vn -0.322835 -0.385827 -0.866142 
vn -0.968504 -0.220472 0.133858 
vn -0.795276 -0.110236 -0.598425 
vn -0.456693 -0.889764 0.0551181 
vn -0.0629921 0.181102 -0.984252 
vn -0.456693 -0.889764 0.0551181 
vn -0.110236 -0.385827 0.92126 
vn -0.968504 -0.220472 0.133858 
vn -0.133858 0.0472441 -0.992126 
vn -0.748031 -0.527559 -0.401575 
vn -0.874016 0.0787402 0.472441 
vn -0.905512 -0.393701 -0.173228 
vn -0.992126 0.110236 -0.0629921 
vn -0.0944882 -0.76378 -0.645669 
vn 0.346457 -0.141732 -0.929134 
vn -0.370079 -0.188976 -0.913386 
vn -0.307087 -0.0787402 -0.952756 
vn -0.606299 -0.110236 0.787402 
vn -0.866142 0.0472441 -0.488189 
vn -0.0787402 0.267717 -0.96063 
vn -0.307087 -0.0787402 -0.952756 
vn -0.023622 0.141732 -0.992126 
vn -0.724409 0.19685 -0.661417 
vn -0.952756 0.267717 0.141732 
vn -0.669291 0.149606 -0.724409 
vn -0.984252 -0.0629921 -0.15748 
vn -0.456693 -0.291339 -0.84252 
vn -0.874016 -0.330709 -0.354331 
vn 0.023622 -0.677165 -0.740157 
vn -0.645669 -0.732283 0.204724 
vn -0.0629921 -0.251969 -0.968504 
vn 0.354331 -0.377953 -0.858268 
vn 0.110236 -0.677165 0.724409 
vn 0.023622 -0.677165 -0.740157 
vn 0.685039 -0.716535 0.0944882 
vn -0.724409 -0.204724 0.661417 
vn -0.952756 0.267717 0.141732 
vn 0.0314961 -0.299213 0.952756 
vn -0.724409 -0.204724 0.661417 
vn -0.645669 -0.732283 0.204724 
vn -0.519685 0.181102 0.834646 
vn 0.708661 -0.259843 -0.653543 
vn -0.023622 -0.976378 -0.204724 
vn 0.0393701 -0.338583 -0.937008 
vn 0.417323 0.0708661 -0.905512 
vn 0.472441 -0.661417 -0.590551 
vn 0.472441 -0.346457 -0.811024 
vn 0.377953 -0.401575 -0.834646 
vn -0.779528 -0.0944882 -0.614173 
vn -0.244094 -0.598425 -0.76378 
vn -0.826772 -0.527559 -0.204724 
vn 0.692913 -0.700787 -0.149606 
vn 0.590551 -0.425197 0.685039 
vn 0.692913 -0.700787 -0.149606 
vn 0.905512 0.370079 -0.212598 
vn 0.795276 -0.503937 0.338583 
vn -0.992126 0.149606 -0.00787402 
vn -0.826772 -0.527559 -0.204724 
vn -0.944882 -0.165354 0.275591 
vn 0.874016 -0.480315 0.0708661 
vn 0.362205 0.11811 -0.929134 
vn 0.346457 -0.141732 -0.929134 
vn 0.992126 -0.102362 0.0944882 
vn 0.251969 0.952756 -0.165354 
vn 0.992126 -0.102362 0.0944882 
vn 0.905512 0.370079 -0.212598 
vn -0.952756 0.0629921 -0.307087 
vn -0.291339 0.0314961 -0.952756 
vn -0.614173 -0.291339 -0.740157 
vn -0.779528 -0.0944882 -0.614173 
vn -0.023622 0.141732 -0.992126 
vn 0.771654 -0.480315 -0.409449 
vn 0.354331 -0.377953 -0.858268 
vn 0.929134 -0.346457 -0.133858 
vn -0.661417 0.251969 -0.708661 
vn -0.913386 0.370079 -0.181102 
vn 0.511811 -0.0866142 -0.858268 
vn -0.637795 -0.496063 0.590551 
vn -0.992126 -0.0393701 -0.102362 
vn -0.795276 -0.566929 -0.212598 
vn -0.992126 -0.0393701 -0.102362 
vn -0.496063 -0.330709 -0.80315 
vn -0.795276 -0.566929 -0.212598 
vn -0.992126 0.0314961 -0.102362 
vn -0.574803 -0.0393701 -0.818898 
vn 0.748031 0.0944882 -0.653543 
vn 0.708661 -0.338583 0.622047 
vn 0.338583 0.724409 -0.606299 
vn -0.740157 0.244094 -0.629921 
vn -0.740157 0.637795 0.212598 
vn -0.787402 0.614173 0.023622 
vn 0.244094 0.19685 0.952756 
vn -0.669291 -0.401575 0.622047 
vn -0.929134 -0.0708661 -0.370079 
vn -0.866142 0.0472441 -0.488189 
vn -0.76378 -0.291339 0.582677 
vn -0.874016 0.0787402 0.472441 
vn 0.0866142 -0.700787 0.708661 
vn -0.669291 -0.401575 0.622047 
vn 0.0866142 -0.700787 0.708661 
vn -0.110236 -0.535433 0.834646 
vn -0.913386 0.0787402 0.393701 
vn -0.937008 0.228346 0.275591 
vn -0.377953 0.212598 0.905512 
vn 0.598425 -0.377953 0.708661 
vn -0.110236 -0.535433 0.834646 
vn -0.716535 -0.653543 -0.244094 
vn -0.755906 -0.291339 0.582677 
vn -0.80315 -0.488189 -0.338583 
vn -0.582677 -0.503937 0.637795 
vn -0.299213 -0.0629921 0.952756 
vn -0.76378 -0.464567 -0.456693 
vn 0.370079 -0.275591 -0.889764 
vn -0.80315 -0.488189 -0.338583 
vn -0.905512 -0.133858 0.401575 
vn -0.937008 0.228346 0.275591 
vn -0.629921 0.322835 -0.708661 
vn -0.755906 0.023622 0.653543 
vn -1 0.0314961 -0.015748 
vn -0.606299 -0.283465 -0.740157 
vn -0.76378 -0.464567 -0.456693 
vn 0.110236 0.0551181 0.992126 
vn -0.0944882 -0.0629921 0.992126 
vn -0.606299 -0.283465 -0.740157 
vn 0.614173 -0.370079 -0.692913 
vn -0.0944882 -0.0629921 0.992126 
vn -0.362205 0.385827 0.850394 
vn -0.543307 0.133858 0.826772 
vn 0.433071 0.409449 0.80315 
vn 0.614173 -0.0787402 0.779528 
vn -0.818898 0.188976 -0.535433 
vn -0.968504 -0.228346 0.102362 
vn -0.952756 0.15748 0.244094 
vn -0.716535 -0.653543 -0.244094 
vn 0.354331 -0.23622 -0.905512 
vn 0.795276 -0.503937 0.338583 
vn -0.976378 -0.173228 0.0944882 
vn -0.795276 -0.590551 -0.110236 
vn -0.125984 -0.779528 0.614173 
vn -0.527559 -0.125984 0.84252 
vn -0.417323 -0.551181 0.724409 
vn -0.307087 -0.818898 0.488189 
vn -0.362205 -0.913386 -0.19685 
vn 0.015748 -0.322835 0.944882 
vn -0.496063 -0.818898 -0.283465 
vn -0.811024 -0.275591 -0.511811 
vn 0.251969 -0.354331 -0.897638 
vn -0.362205 -0.913386 -0.19685 
vn -0.818898 -0.023622 0.574803 
vn -0.685039 -0.464567 0.551181 
vn -0.905512 0.362205 0.220472 
vn -0.700787 0.354331 0.614173 
vn 0.653543 -0.133858 -0.748031 
vn 0.984252 -0.015748 0.173228 
vn -0.417323 -0.23622 -0.874016 
vn -0.716535 0.566929 -0.409449 
vn -0.496063 0.015748 0.866142 
vn -0.385827 0.181102 0.905512 
vn 0.346457 0.228346 0.913386 
vn 0.456693 0.110236 0.88189 
vn 0.181102 0.330709 0.92126 
vn -0.645669 0.748031 -0.15748 
vn -0.598425 0.015748 -0.795276 
vn -0.645669 0.393701 -0.653543 
vn -0.984252 0.0944882 -0.141732 
vn -0.606299 0.19685 -0.771654 
vn -0.0629921 -0.0393701 -1 
vn -0.590551 0.448819 -0.669291 
vn -0.661417 0.740157 0.125984 
vn -0.661417 0.740157 0.125984 
vn -0.362205 0.433071 0.826772 
vn -0.724409 -0.133858 0.677165 
vn -0.850394 0.23622 -0.472441 
vn -0.417323 0.0629921 -0.905512 
vn -0.00787402 -0.259843 0.968504 
vn -0.417323 0.0629921 -0.905512 
vn -0.724409 -0.133858 0.677165 
vn -0.0314961 0.102362 -0.992126 
vn -0.566929 0.362205 -0.740157 
vn -0.96063 0.259843 -0.0629921 
vn -0.661417 -0.015748 0.748031 
vn -0.00787402 0.559055 -0.826772 
vn 0.0551181 0.992126 0.125984 
vn -0.283465 0.787402 -0.543307 
vn -0.755906 0.653543 0.023622 
vn -0.858268 0.511811 0 
vn 0.0629921 -0.212598 0.976378 
vn -0.661417 -0.015748 0.748031 
vn -0.251969 0.456693 0.850394 
vn 0.0708661 0.00787402 -1 
vn -0.866142 -0.173228 -0.472441 
vn -0.748031 0.220472 -0.629921 
vn -0.314961 -0.519685 -0.795276 
vn 0.307087 0.0787402 0.952756 
vn -0.251969 0.456693 0.850394 
vn -0.527559 0.755906 -0.393701 
vn 0.535433 -0.204724 -0.818898 
vn 0.0629921 0.425197 -0.905512 
vn 0.535433 -0.204724 -0.818898 
vn 0.574803 0.149606 -0.80315 
vn -0.740157 -0.0708661 0.669291 
vn -0.992126 0.0314961 -0.102362 
vn 0.614173 -0.110236 -0.779528 
vn 0.433071 0.897638 -0.0866142 
vn -0.023622 0.370079 -0.929134 
vn 0.716535 0.385827 -0.582677 
vn -0.00787402 0.559055 -0.826772 
vn 0.622047 -0.291339 0.724409 
vn 0.330709 0.433071 0.84252 
vn 0.433071 0.897638 -0.0866142 
vn 0.0944882 0.574803 -0.811024 
vn 0.0551181 0.992126 0.125984 
vn 0.543307 0.80315 0.244094 
vn -0.00787402 0.267717 -0.96063 
vn 0.653543 -0.228346 0.724409 
vn 0.543307 0.80315 0.244094 
vn 0.740157 0.165354 0.653543 
vn 0.488189 -0.590551 -0.637795 
vn -0.314961 -0.519685 -0.795276 
vn 0.0708661 0.00787402 -1 
vn 0.748031 -0.188976 -0.629921 
vn 0.464567 0.614173 -0.637795 
vn 0.897638 0.425197 0.11811 
vn 0.92126 0.181102 -0.338583 
vn 0.464567 0.614173 -0.637795 
vn -0.755906 0.590551 -0.283465 
vn -0.023622 0.370079 -0.929134 
vn -0.716535 0.275591 0.645669 
vn -0.141732 0.826772 0.551181 
vn -0.574803 -0.818898 -0.00787402 
vn -0.968504 -0.228346 0.0708661 
vn -0.574803 -0.818898 -0.00787402 
vn -0.362205 0.385827 0.850394 
vn -0.787402 0.377953 0.488189 
vn -0.015748 0.393701 0.92126 
vn -0.015748 0.393701 0.92126 
vn 0.645669 0.188976 0.740157 
vn -0.0708661 0.677165 0.732283 
vn -0.464567 -0.582677 0.669291 
vn -0.874016 -0.23622 0.433071 
vn -0.96063 0.244094 0.15748 
vn -0.283465 0.96063 0.023622 
vn -0.551181 0.748031 0.377953 
vn -0.433071 0.559055 0.708661 
vn -0.732283 0.141732 0.669291 
vn -0.0944882 -0.0629921 0.992126 
vn 0.204724 0.448819 0.866142 
vn 0.496063 0.740157 0.448819 
vn -0.716535 0.598425 0.370079 
vn 0.393701 -0.787402 0.480315 
vn 0.527559 -0.84252 -0.0944882 
vn 0.559055 0.76378 0.322835 
vn -0.582677 0.740157 -0.338583 
vn 0.968504 -0.251969 -0.0314961 
vn 0.433071 0.409449 0.80315 
vn -0.464567 -0.582677 0.669291 
vn -0.0944882 -0.0629921 0.992126 
vn 0.685039 -0.23622 0.685039 
vn 0.929134 0.181102 0.314961 
vn 0.440945 0.708661 -0.551181 
vn 0.496063 0.740157 0.448819 
vn 0.874016 0.480315 0.11811 
vn 0.440945 0.708661 -0.551181 
vn 0.952756 0.228346 0.188976 
vn 0.874016 0.480315 0.11811 
vn 0.204724 0.448819 0.866142 
vn 0.795276 0.220472 0.559055 
vn -0.11811 0.0314961 -0.992126 
vn -0.141732 -0.244094 -0.96063 
vn 0.228346 -0.889764 -0.393701 
vn 0.228346 -0.889764 -0.393701 
vn 0.0944882 -0.700787 0.700787 
vn 0.96063 -0.15748 -0.23622 
vn 0.527559 -0.755906 -0.385827 
vn 0.653543 -0.622047 0.433071 
vn 0.299213 -0.149606 -0.944882 
vn -0.614173 -0.291339 -0.740157 
vn -0.291339 0.0314961 -0.952756 
vn -0.125984 -0.779528 0.614173 
vn 0.212598 -0.503937 -0.834646 
vn 0.023622 -0.92126 -0.385827 
vn 0.96063 -0.15748 -0.23622 
vn 0.771654 -0.0866142 0.629921 
vn -0.0629921 -0.244094 0.968504 
vn 0.110236 -0.433071 -0.897638 
vn -0.661417 0.251969 -0.708661 
vn 0.11811 -0.102362 -0.984252 
vn 0.551181 -0.456693 -0.692913 
vn 0.748031 -0.622047 -0.244094 
vn -0.724409 -0.11811 0.685039 
vn 0.748031 -0.622047 -0.244094 
vn 0.0472441 0.409449 -0.913386 
vn 0.818898 0.181102 0.543307 
vn 0.582677 -0.409449 0.708661 
vn -0.149606 -0.173228 0.976378 
vn 0.629921 -0.212598 -0.748031 
vn 0.937008 -0.330709 0.102362 
vn 0.645669 0.015748 -0.76378 
vn 0.015748 -0.976378 0.204724 
vn -0.937008 -0.244094 -0.244094 
vn -0.338583 -0.574803 -0.748031 
vn 0.992126 -0.0472441 -0.11811 
vn 0.464567 -0.330709 -0.818898 
vn 0.015748 -0.976378 0.204724 
vn -0.338583 -0.574803 -0.748031 
vn 0.937008 0.23622 -0.267717 
vn 0.84252 -0.464567 -0.275591 
vn -0.80315 -0.377953 0.456693 
vn 0.866142 -0.314961 -0.393701 
vn -0.433071 -0.275591 0.858268 
vn 0.330709 -0.456693 0.826772 
vn 0.826772 0.173228 0.535433 
vn 0.96063 0.19685 -0.212598 
vn 0.889764 -0.346457 0.291339 
vn 0.330709 -0.456693 0.826772 
vn 0.0472441 0.409449 -0.913386 
vn 0.905512 -0.425197 -0.0708661 
vn 0.905512 -0.425197 -0.0708661 
vn 0.637795 -0.244094 -0.732283 
vn 0.425197 0.251969 -0.866142 
vn -0.354331 -0.0866142 -0.929134 
vn -0.354331 -0.0866142 -0.929134 
vn -0.92126 0.0314961 0.385827 
vn 0.464567 -0.0787402 -0.88189 
vn -0.307087 0.0787402 -0.944882 
vn 0.929134 -0.0866142 -0.362205 
vn 0.338583 -0.0787402 0.937008 
vn -0.795276 -0.590551 -0.110236 
vn -0.417323 -0.551181 0.724409 
vn 0.527559 -0.787402 -0.322835 
vn 0.913386 -0.338583 -0.23622 
vn 0.88189 -0.181102 -0.440945 
vn 0.566929 -0.787402 0.228346 
vn 0.984252 -0.0866142 -0.133858 
vn 0.15748 -0.102362 0.984252 
vn 0.629921 -0.275591 0.724409 
vn 0.125984 0 0.992126 
vn 0.0551181 -0.566929 0.818898 
vn -0.685039 -0.464567 0.551181 
vn -0.496063 -0.818898 -0.283465 
vn 0.527559 -0.787402 -0.322835 
vn 0.401575 -0.700787 0.590551 
vn 0.866142 -0.385827 0.307087 
vn 0.913386 -0.338583 -0.23622 
vn 0.984252 -0.0866142 -0.133858 
vn 0.716535 -0.149606 0.685039 
vn 0.866142 -0.0551181 -0.503937 
vn -0.362205 0.535433 0.76378 
vn 0.740157 0.291339 -0.606299 
vn 0.0866142 -0.519685 -0.850394 
vn 0.110236 0.370079 0.92126 
vn 0.992126 0.0866142 0.0787402 
vn 0.88189 0.472441 -0.0393701 
vn -0.496063 0.015748 0.866142 
vn 0.992126 0.0866142 0.0787402 
vn 0.952756 0.204724 0.23622 
vn 0.511811 0.377953 0.771654 
vn 0.866142 -0.0551181 -0.503937 
vn 0.629921 -0.275591 0.724409 
vn 0.740157 -0.527559 -0.409449 
vn 0.0866142 -0.519685 -0.850394 
vn 0.787402 -0.267717 0.559055 
vn 0.976378 0.00787402 0.228346 
vn 0.551181 -0.811024 0.204724 
vn 0.15748 -0.102362 0.984252 
vn 0.92126 0.0472441 0.377953 
vn 0.88189 -0.181102 -0.440945 
vn 0.866142 -0.0551181 -0.503937 
vn 0.937008 -0.173228 0.299213 
vn 0.929134 -0.181102 -0.314961 
vn 0.826772 0.173228 0.535433 
vn 0.338583 -0.0787402 0.937008 
vn 0.464567 -0.0787402 -0.88189 
vn 0.511811 0.377953 0.771654 
vn 0.984252 0.133858 -0.0866142 
vn 0.322835 -0.133858 0.937008 
vn 0.952756 0.204724 0.23622 
vn 0.496063 0.251969 0.826772 
vn -0.464567 -0.023622 0.88189 
vn -0.527559 0.110236 -0.84252 
vn 0.952756 -0.299213 0.023622 
vn 0.614173 -0.110236 -0.779528 
vn -0.503937 0.283465 -0.818898 
vn 0.937008 0.267717 -0.212598 
vn 0.15748 0.0629921 -0.984252 
vn -0.19685 0.795276 -0.574803 
vn 0.220472 0.220472 -0.952756 
vn -0.669291 -0.015748 0.740157 
vn -0.984252 0.165354 -0.023622 
vn -0.19685 0.795276 -0.574803 
vn 0.937008 0.267717 -0.212598 
vn 0.984252 -0.141732 0.0708661 
vn 0.685039 0.0629921 -0.732283 
vn -0.984252 0.165354 -0.023622 
vn -0.212598 0.692913 -0.685039 
vn 0.755906 0.464567 -0.464567 
vn 0.685039 0.0629921 -0.732283 
vn 0.472441 0.598425 -0.645669 
vn 0.598425 0.700787 0.377953 
vn -0.322835 0.267717 0.905512 
vn -0.566929 0.740157 0.346457 
vn -0.566929 0.740157 0.346457 
vn 0.598425 0.700787 0.377953 
vn 0.755906 0.464567 -0.464567 
vn 0.968504 0.15748 0.204724 
vn 0.677165 -0.133858 -0.724409 
vn 0.716535 0.0472441 -0.700787 
vn 0.929134 -0.370079 -0.00787402 
vn 0.929134 -0.370079 -0.00787402 
vn 0.590551 0.19685 -0.779528 
vn 0.496063 -0.110236 -0.866142 
vn 0.984252 -0.15748 0.0314961 
vn -0.952756 -0.00787402 -0.307087 
vn 0.480315 -0.346457 0.80315 
vn -0.929134 0.299213 -0.204724 
vn 0.984252 -0.15748 0.0314961 
vn 0.566929 -0.181102 0.80315 
vn 0.913386 0.346457 -0.212598 
vn 0.771654 0.370079 -0.511811 
vn -0.23622 0.519685 -0.826772 
vn -0.23622 0.519685 -0.826772 
vn 0.952756 0.275591 0.149606 
vn 0.614173 0.748031 0.259843 
vn -0.787402 0.433071 0.433071 
vn 0.614173 0.748031 0.259843 
vn 0.220472 0.244094 0.944882 
vn 0.952756 0.275591 0.149606 
vn 0.133858 0.96063 0.251969 
vn 0.133858 0.96063 0.251969 
vn 0.606299 0.149606 0.779528 
vn -0.409449 0.858268 0.299213 
vn -0.0393701 0.700787 0.708661 
vn -0.0787402 -0.0944882 0.992126 
vn -0.165354 0.511811 0.84252 
vn 0.929134 0.181102 0.314961 
vn -0.165354 0.511811 0.84252 
vn -0.204724 0.503937 -0.84252 
vn 0.440945 0.874016 0.212598 
vn -0.488189 0.291339 0.826772 
vn 0.566929 0.811024 -0.11811 
vn 0.944882 -0.0866142 0.322835 
vn 0.92126 0.23622 0.307087 
vn 0.307087 0.370079 0.874016 
vn 0.566929 0.811024 -0.11811 
vn 0.307087 0.370079 0.874016 
vn 0.874016 0.299213 0.377953 
vn 0.629921 0.440945 -0.637795 
vn 0.440945 0.874016 0.212598 
vn 0.629921 0.440945 -0.637795 

vt 0.707693 0.486779 
vt 0.70761 0.487016 
vt 0.707526 0.486896 
vt 0.705 0.496619 
vt 0.704943 0.496491 
vt 0.705018 0.496503 
vt 0.705039 0.496694 
vt 0.704916 0.496729 
vt 0.704284 0.495889 
vt 0.704416 0.495873 
vt 0.704355 0.495949 
vt 0.704302 0.495712 
vt 0.704932 0.496619 
vt 0.705761 0.495541 
vt 0.705842 0.495653 
vt 0.705713 0.495788 
vt 0.704258 0.496089 
vt 0.705008 0.49637 
vt 0.705083 0.496494 
vt 0.707705 0.48699 
vt 0.707716 0.487243 
vt 0.704959 0.496355 
vt 0.703201 0.488001 
vt 0.70338 0.487822 
vt 0.703346 0.488099 
vt 0.705795 0.495785 
vt 0.706193 0.494421 
vt 0.706012 0.494462 
vt 0.70604 0.494199 
vt 0.707476 0.487242 
vt 0.70434 0.496124 
vt 0.704424 0.496171 
vt 0.707609 0.48723 
vt 0.708627 0.492792 
vt 0.708576 0.492722 
vt 0.708618 0.492707 
vt 0.70857 0.492621 
vt 0.708636 0.492618 
vt 0.708521 0.492746 
vt 0.708492 0.492702 
vt 0.708389 0.494498 
vt 0.70841 0.494396 
vt 0.70843 0.494478 
vt 0.708677 0.492742 
vt 0.705809 0.496042 
vt 0.708392 0.494579 
vt 0.708333 0.4946 
vt 0.70835 0.494461 
vt 0.705865 0.495924 
vt 0.707555 0.488055 
vt 0.707377 0.487928 
vt 0.707551 0.487876 
vt 0.704866 0.496571 
vt 0.704902 0.496378 
vt 0.704869 0.49648 
vt 0.704203 0.495879 
vt 0.708422 0.48717 
vt 0.708319 0.487015 
vt 0.708367 0.486883 
vt 0.705895 0.49544 
vt 0.705908 0.49557 
vt 0.704159 0.495747 
vt 0.704806 0.49659 
vt 0.704881 0.496312 
vt 0.70385 0.495889 
vt 0.703813 0.496135 
vt 0.703787 0.496001 
vt 0.707466 0.488103 
vt 0.705889 0.494391 
vt 0.705842 0.494204 
vt 0.704812 0.496451 
vt 0.708914 0.488203 
vt 0.708786 0.4884 
vt 0.708799 0.488277 
vt 0.708073 0.492286 
vt 0.707939 0.492302 
vt 0.708034 0.492112 
vt 0.703944 0.495958 
vt 0.70772 0.488105 
vt 0.708484 0.494469 
vt 0.7085 0.494401 
vt 0.708522 0.494523 
vt 0.70398 0.495659 
vt 0.703903 0.495722 
vt 0.704175 0.496051 
vt 0.708568 0.496541 
vt 0.708556 0.496645 
vt 0.708534 0.496551 
vt 0.703697 0.496393 
vt 0.703653 0.496371 
vt 0.703669 0.496304 
vt 0.703709 0.496554 
vt 0.703658 0.496433 
vt 0.707626 0.488214 
vt 0.708459 0.49456 
vt 0.705964 0.494667 
vt 0.708005 0.49238 
vt 0.703848 0.495605 
vt 0.709021 0.488249 
vt 0.7089 0.488437 
vt 0.705031 0.496278 
vt 0.703501 0.487942 
vt 0.703485 0.488227 
vt 0.707796 0.487031 
vt 0.709024 0.488436 
vt 0.704965 0.496243 
vt 0.708959 0.488621 
vt 0.708897 0.488633 
vt 0.707859 0.486925 
vt 0.703641 0.488073 
vt 0.703626 0.48834 
vt 0.703797 0.488152 
vt 0.707379 0.488244 
vt 0.707275 0.488181 
vt 0.704499 0.492616 
vt 0.704579 0.492796 
vt 0.704479 0.492859 
vt 0.704578 0.492586 
vt 0.70468 0.492728 
vt 0.705625 0.495063 
vt 0.705437 0.495147 
vt 0.705547 0.494909 
vt 0.704596 0.493045 
vt 0.706205 0.49478 
vt 0.706106 0.494559 
vt 0.70782 0.487261 
vt 0.704611 0.493226 
vt 0.704524 0.493343 
vt 0.704481 0.493119 
vt 0.705929 0.495795 
vt 0.70792 0.4873 
vt 0.70565 0.495228 
vt 0.705455 0.495292 
vt 0.707341 0.488555 
vt 0.703776 0.48839 
vt 0.704713 0.492975 
vt 0.703956 0.488337 
vt 0.707434 0.488472 
vt 0.707433 0.490948 
vt 0.707582 0.490843 
vt 0.707549 0.491018 
vt 0.705449 0.494811 
vt 0.70324 0.487749 
vt 0.708829 0.488547 
vt 0.708159 0.492226 
vt 0.708169 0.492075 
vt 0.703657 0.496107 
vt 0.703711 0.495927 
vt 0.708334 0.492214 
vt 0.704575 0.492513 
vt 0.704528 0.492483 
vt 0.704644 0.492549 
vt 0.70756 0.490539 
vt 0.707486 0.49076 
vt 0.7054 0.495009 
vt 0.705383 0.494796 
vt 0.708233 0.49235 
vt 0.707689 0.49076 
vt 0.708128 0.49245 
vt 0.70377 0.495786 
vt 0.705468 0.49541 
vt 0.707538 0.48834 
vt 0.707382 0.490702 
vt 0.708021 0.492554 
vt 0.707699 0.491098 
vt 0.70828 0.492474 
vt 0.703966 0.488122 
vt 0.704764 0.49266 
vt 0.704824 0.492916 
vt 0.706088 0.49474 
vt 0.708565 0.49281 
vt 0.707628 0.487467 
vt 0.708629 0.492962 
vt 0.708553 0.492936 
vt 0.7085 0.492816 
vt 0.704297 0.496294 
vt 0.704314 0.49641 
vt 0.705982 0.496126 
vt 0.70596 0.496018 
vt 0.708695 0.492963 
vt 0.704654 0.49335 
vt 0.704618 0.493502 
vt 0.708424 0.494751 
vt 0.705634 0.495407 
vt 0.708361 0.494806 
vt 0.708473 0.492908 
vt 0.708547 0.493106 
vt 0.70863 0.493167 
vt 0.708689 0.493217 
vt 0.707576 0.487588 
vt 0.707712 0.487724 
vt 0.708542 0.493251 
vt 0.70861 0.493274 
vt 0.707718 0.487533 
vt 0.70848 0.494931 
vt 0.708429 0.495021 
vt 0.708637 0.493373 
vt 0.708249 0.496867 
vt 0.708341 0.49685 
vt 0.708296 0.496919 
vt 0.708345 0.496766 
vt 0.708527 0.495001 
vt 0.708514 0.495115 
vt 0.708278 0.497 
vt 0.708443 0.492785 
vt 0.704226 0.4963 
vt 0.708558 0.494451 
vt 0.704166 0.496235 
vt 0.708646 0.496664 
vt 0.708621 0.496749 
vt 0.70841 0.492898 
vt 0.704204 0.496444 
vt 0.705539 0.495626 
vt 0.707673 0.488429 
vt 0.707752 0.488498 
vt 0.708498 0.494683 
vt 0.706024 0.495947 
vt 0.706088 0.49605 
vt 0.708462 0.493178 
vt 0.707657 0.488735 
vt 0.708516 0.493366 
vt 0.708454 0.493057 
vt 0.708547 0.494815 
vt 0.708619 0.495022 
vt 0.708582 0.49492 
vt 0.708977 0.49174 
vt 0.709029 0.491718 
vt 0.70903 0.491901 
vt 0.708967 0.491844 
vt 0.708232 0.497039 
vt 0.707618 0.488577 
vt 0.708939 0.491925 
vt 0.708966 0.49202 
vt 0.70475 0.493319 
vt 0.704798 0.49353 
vt 0.707799 0.4875 
vt 0.706036 0.494894 
vt 0.708947 0.491607 
vt 0.708398 0.496894 
vt 0.708444 0.496833 
vt 0.706064 0.495027 
vt 0.704731 0.49316 
vt 0.707838 0.487651 
vt 0.707521 0.488773 
vt 0.707529 0.488631 
vt 0.70485 0.493115 
vt 0.708499 0.496988 
vt 0.70845 0.496974 
vt 0.708362 0.496975 
vt 0.704853 0.493266 
vt 0.708331 0.497058 
vt 0.708407 0.497086 
vt 0.70844 0.497042 
vt 0.708498 0.497082 
vt 0.708446 0.497144 
vt 0.708321 0.497149 
vt 0.707505 0.491182 
vt 0.708858 0.491666 
vt 0.708918 0.491683 
vt 0.70591 0.494873 
vt 0.707387 0.491131 
vt 0.708896 0.491773 
vt 0.705843 0.495015 
vt 0.708839 0.491612 
vt 0.708789 0.491673 
vt 0.708832 0.49171 
vt 0.704952 0.492858 
vt 0.704939 0.493357 
vt 0.708862 0.491966 
vt 0.70533 0.495667 
vt 0.70542 0.495743 
vt 0.708878 0.491871 
vt 0.704974 0.493138 
vt 0.708786 0.491792 
vt 0.708827 0.491784 
vt 0.708301 0.487394 
vt 0.708323 0.487202 
vt 0.708552 0.496463 
vt 0.70362 0.4963 
vt 0.708587 0.496499 
vt 0.704076 0.49601 
vt 0.708241 0.486991 
vt 0.708615 0.496451 
vt 0.703364 0.495527 
vt 0.703493 0.495398 
vt 0.703411 0.495619 
vt 0.708223 0.486779 
vt 0.703407 0.495348 
vt 0.703399 0.49519 
vt 0.706056 0.495566 
vt 0.705988 0.495674 
vt 0.708623 0.496525 
vt 0.703622 0.49638 
vt 0.708344 0.487456 
vt 0.703612 0.496444 
vt 0.703582 0.496392 
vt 0.703562 0.496353 
vt 0.708588 0.496584 
vt 0.708607 0.496394 
vt 0.70793 0.49263 
vt 0.706054 0.495825 
vt 0.708652 0.496459 
vt 0.708675 0.496569 
vt 0.708238 0.487224 
vt 0.708156 0.487018 
vt 0.703248 0.495591 
vt 0.705274 0.489561 
vt 0.705256 0.489468 
vt 0.705288 0.489477 
vt 0.70814 0.487234 
vt 0.705897 0.492283 
vt 0.705855 0.49221 
vt 0.705903 0.492217 
vt 0.708158 0.487434 
vt 0.705863 0.492274 
vt 0.705248 0.489525 
vt 0.70328 0.495335 
vt 0.705217 0.489559 
vt 0.705222 0.489604 
vt 0.708031 0.487224 
vt 0.703152 0.49555 
vt 0.705833 0.492309 
vt 0.705816 0.492276 
vt 0.703236 0.495753 
vt 0.708658 0.496382 
vt 0.703521 0.496412 
vt 0.703565 0.496443 
vt 0.708226 0.487467 
vt 0.705957 0.492364 
vt 0.705235 0.489332 
vt 0.705197 0.489467 
vt 0.707197 0.49078 
vt 0.70731 0.490871 
vt 0.705873 0.492384 
vt 0.705789 0.49238 
vt 0.703477 0.495145 
vt 0.703329 0.494918 
vt 0.705337 0.494836 
vt 0.705299 0.494907 
vt 0.703069 0.487729 
vt 0.703305 0.495108 
vt 0.70526 0.495008 
vt 0.708388 0.492469 
vt 0.703572 0.495893 
vt 0.703653 0.495838 
vt 0.705051 0.493962 
vt 0.704957 0.494007 
vt 0.704971 0.493671 
vt 0.704566 0.492395 
vt 0.704615 0.492476 
vt 0.704647 0.492443 
vt 0.704625 0.492344 
vt 0.704715 0.492367 
vt 0.704687 0.492497 
vt 0.705698 0.49445 
vt 0.708185 0.492602 
vt 0.70582 0.494556 
vt 0.707367 0.490532 
vt 0.703701 0.495687 
vt 0.705235 0.495224 
vt 0.705791 0.494747 
vt 0.705082 0.494295 
vt 0.704851 0.492553 
vt 0.704128 0.488241 
vt 0.708242 0.492773 
vt 0.703043 0.487953 
vt 0.70808 0.486895 
vt 0.705158 0.493599 
vt 0.705131 0.493432 
vt 0.703203 0.495092 
vt 0.703152 0.495318 
vt 0.705081 0.493784 
vt 0.703162 0.49494 
vt 0.704116 0.488035 
vt 0.704264 0.487925 
vt 0.704279 0.488163 
vt 0.705215 0.493868 
vt 0.705301 0.493629 
vt 0.703634 0.495559 
vt 0.705156 0.489589 
vt 0.705362 0.49345 
vt 0.703043 0.495294 
vt 0.705399 0.493758 
vt 0.705147 0.494069 
vt 0.705688 0.494776 
vt 0.705265 0.494143 
vt 0.705174 0.489539 
vt 0.703656 0.496553 
vt 0.708567 0.494611 
vt 0.708608 0.494531 
vt 0.703654 0.496704 
vt 0.704116 0.496317 
vt 0.703601 0.496531 
vt 0.708219 0.487584 
vt 0.703593 0.496647 
vt 0.708724 0.496728 
vt 0.708719 0.496827 
vt 0.70392 0.495454 
vt 0.706122 0.495861 
vt 0.708615 0.494714 
vt 0.708383 0.49305 
vt 0.703698 0.496748 
vt 0.703636 0.496778 
vt 0.708404 0.493211 
vt 0.708666 0.49465 
vt 0.703586 0.496746 
vt 0.70356 0.49683 
vt 0.708768 0.496735 
vt 0.708792 0.496817 
vt 0.703656 0.496859 
vt 0.708829 0.496667 
vt 0.708685 0.494811 
vt 0.708632 0.494813 
vt 0.703542 0.496507 
vt 0.703525 0.496599 
vt 0.708707 0.496394 
vt 0.703493 0.496489 
vt 0.705922 0.492472 
vt 0.705921 0.49238 
vt 0.703471 0.496582 
vt 0.705219 0.489389 
vt 0.7087 0.496478 
vt 0.70517 0.489346 
vt 0.708764 0.496413 
vt 0.708747 0.496491 
vt 0.705883 0.492486 
vt 0.703527 0.496679 
vt 0.705153 0.489275 
vt 0.705949 0.492518 
vt 0.70348 0.496687 
vt 0.708106 0.487531 
vt 0.705147 0.489404 
vt 0.703812 0.4954 
vt 0.708777 0.496638 
vt 0.70881 0.496478 
vt 0.705109 0.489367 
vt 0.705882 0.492554 
vt 0.708778 0.49653 
vt 0.70807 0.492685 
vt 0.703778 0.495551 
vt 0.708732 0.496606 
vt 0.707567 0.491354 
vt 0.705256 0.495491 
vt 0.705291 0.494326 
vt 0.707278 0.491048 
vt 0.707332 0.491367 
vt 0.70514 0.489488 
vt 0.703093 0.495682 
vt 0.705824 0.492386 
vt 0.705835 0.492459 
vt 0.705805 0.492487 
vt 0.708021 0.492831 
vt 0.705111 0.489514 
vt 0.705355 0.493957 
vt 0.707174 0.491112 
vt 0.705479 0.494064 
vt 0.705501 0.493686 

usemtl Player1Mtl

f 3798/3798/3798 3799/3799/3799 3800/3800/3800 
f 3800/3800/3800 3799/3799/3799 3806/3806/3806 
f 3806/3806/3806 3812/3812/3812 3800/3800/3800 
f 3799/3799/3799 3798/3798/3798 3801/3801/3801 
f 3798/3798/3798 3833/3833/3833 3801/3801/3801 
f 3833/3833/3833 3798/3798/3798 3834/3834/3834 
f 4032/4032/4032 3833/3833/3833 3834/3834/3834 
f 3833/3833/3833 4032/4032/4032 4033/4033/4033 
f 3835/3835/3835 3801/3801/3801 3833/3833/3833 
f 4033/4033/4033 3835/3835/3835 3833/3833/3833 
f 3799/3799/3799 3801/3801/3801 3802/3802/3802 
f 3835/3835/3835 3802/3802/3802 3801/3801/3801 
f 3802/3802/3802 3806/3806/3806 3799/3799/3799 
f 4032/4032/4032 4034/4034/4034 4033/4033/4033 
f 4034/4034/4034 3835/3835/3835 4033/4033/4033 
f 4032/4032/4032 4035/4035/4035 4034/4034/4034 
f 4035/4035/4035 4036/4036/4036 4034/4034/4034 
f 3835/3835/3835 4034/4034/4034 4037/4037/4037 
f 4036/4036/4036 4037/4037/4037 4034/4034/4034 
f 4037/4037/4037 3802/3802/3802 3835/3835/3835 
f 4036/4036/4036 4046/4046/4046 4037/4037/4037 
f 3802/3802/3802 4037/4037/4037 3851/3851/3851 
f 3851/3851/3851 4037/4037/4037 4046/4046/4046 
f 4046/4046/4046 3852/3852/3852 3851/3851/3851 
f 3851/3851/3851 3852/3852/3852 3802/3802/3802 
f 3852/3852/3852 4046/4046/4046 3950/3950/3950 
f 3852/3852/3852 3819/3819/3819 3802/3802/3802 
f 3806/3806/3806 3802/3802/3802 3819/3819/3819 
f 3852/3852/3852 3925/3925/3925 3819/3819/3819 
f 3819/3819/3819 3925/3925/3925 3806/3806/3806 
f 3950/3950/3950 3929/3929/3929 3852/3852/3852 
f 3925/3925/3925 3852/3852/3852 3929/3929/3929 
f 3929/3929/3929 3950/3950/3950 3956/3956/3956 
f 3956/3956/3956 3933/3933/3933 3929/3929/3929 
f 3933/3933/3933 3925/3925/3925 3929/3929/3929 
f 3933/3933/3933 3956/3956/3956 3951/3951/3951 
f 3918/3918/3918 3933/3933/3933 3951/3951/3951 
f 3933/3933/3933 3918/3918/3918 3917/3917/3917 
f 3917/3917/3917 3925/3925/3925 3933/3933/3933 
f 3865/3865/3865 3917/3917/3917 3918/3918/3918 
f 3917/3917/3917 3865/3865/3865 3864/3864/3864 
f 3811/3811/3811 3864/3864/3864 3865/3865/3865 
f 3925/3925/3925 3917/3917/3917 3810/3810/3810 
f 3917/3917/3917 3864/3864/3864 3810/3810/3810 
f 3811/3811/3811 3810/3810/3810 3864/3864/3864 
f 3925/3925/3925 3810/3810/3810 3806/3806/3806 
f 3810/3810/3810 3811/3811/3811 3812/3812/3812 
f 3812/3812/3812 3806/3806/3806 3810/3810/3810 
f 4029/4029/4029 4030/4030/4030 4031/4031/4031 
f 4029/4029/4029 4045/4045/4045 4030/4030/4030 
f 4055/4055/4055 4029/4029/4029 4031/4031/4031 
f 4045/4045/4045 4029/4029/4029 4067/4067/4067 
f 4031/4031/4031 4051/4051/4051 4055/4055/4055 
f 4051/4051/4051 4031/4031/4031 4052/4052/4052 
f 4055/4055/4055 4060/4060/4060 4029/4029/4029 
f 4051/4051/4051 4060/4060/4060 4055/4055/4055 
f 4060/4060/4060 4067/4067/4067 4029/4029/4029 
f 4052/4052/4052 4061/4061/4061 4051/4051/4051 
f 4060/4060/4060 4051/4051/4051 4061/4061/4061 
f 4061/4061/4061 4052/4052/4052 4064/4064/4064 
f 4045/4045/4045 4067/4067/4067 4069/4069/4069 
f 4060/4060/4060 4069/4069/4069 4067/4067/4067 
f 4045/4045/4045 4069/4069/4069 4127/4127/4127 
f 4069/4069/4069 4139/4139/4139 4127/4127/4127 
f 4069/4069/4069 4060/4060/4060 4137/4137/4137 
f 4139/4139/4139 4069/4069/4069 4137/4137/4137 
f 4066/4066/4066 4060/4060/4060 4061/4061/4061 
f 4064/4064/4064 4066/4066/4066 4061/4061/4061 
f 4060/4060/4060 4066/4066/4066 4137/4137/4137 
f 4137/4137/4137 4066/4066/4066 4139/4139/4139 
f 4066/4066/4066 4064/4064/4064 4140/4140/4140 
f 4140/4140/4140 4139/4139/4139 4066/4066/4066 
f 3717/3717/3717 3718/3718/3718 3719/3719/3719 
f 3720/3720/3720 3719/3719/3719 3718/3718/3718 
f 3719/3719/3719 3720/3720/3720 3721/3721/3721 
f 3721/3721/3721 3727/3727/3727 3719/3719/3719 
f 3717/3717/3717 3719/3719/3719 3727/3727/3727 
f 3863/3863/3863 3717/3717/3717 3727/3727/3727 
f 3720/3720/3720 3718/3718/3718 3722/3722/3722 
f 3720/3720/3720 3722/3722/3722 3723/3723/3723 
f 3718/3718/3718 3717/3717/3717 3854/3854/3854 
f 3854/3854/3854 3722/3722/3722 3718/3718/3718 
f 3717/3717/3717 3863/3863/3863 3856/3856/3856 
f 3856/3856/3856 3854/3854/3854 3717/3717/3717 
f 3858/3858/3858 3723/3723/3723 3722/3722/3722 
f 3722/3722/3722 3854/3854/3854 3858/3858/3858 
f 3723/3723/3723 3858/3858/3858 3888/3888/3888 
f 3854/3854/3854 3856/3856/3856 3857/3857/3857 
f 3857/3857/3857 3858/3858/3858 3854/3854/3854 
f 3871/3871/3871 3856/3856/3856 3863/3863/3863 
f 3869/3869/3869 3888/3888/3888 3858/3858/3858 
f 3858/3858/3858 3857/3857/3857 3869/3869/3869 
f 3888/3888/3888 3869/3869/3869 3894/3894/3894 
f 3856/3856/3856 3870/3870/3870 3857/3857/3857 
f 3870/3870/3870 3869/3869/3869 3857/3857/3857 
f 3870/3870/3870 3856/3856/3856 3871/3871/3871 
f 3872/3872/3872 3871/3871/3871 3863/3863/3863 
f 3869/3869/3869 3870/3870/3870 3905/3905/3905 
f 3905/3905/3905 3894/3894/3894 3869/3869/3869 
f 3894/3894/3894 3905/3905/3905 4084/4084/4084 
f 4087/4087/4087 4084/4084/4084 3905/3905/3905 
f 4087/4087/4087 3905/3905/3905 3902/3902/3902 
f 3870/3870/3870 3902/3902/3902 3905/3905/3905 
f 3902/3902/3902 3904/3904/3904 4087/4087/4087 
f 3902/3902/3902 3870/3870/3870 3875/3875/3875 
f 3904/3904/3904 3902/3902/3902 3875/3875/3875 
f 3871/3871/3871 3875/3875/3875 3870/3870/3870 
f 3904/3904/3904 3875/3875/3875 3876/3876/3876 
f 3875/3875/3875 3871/3871/3871 3876/3876/3876 
f 3876/3876/3876 3871/3871/3871 3872/3872/3872 
f 3880/3880/3880 3904/3904/3904 3876/3876/3876 
f 3876/3876/3876 3872/3872/3872 3880/3880/3880 
f 3881/3881/3881 3882/3882/3882 3883/3883/3883 
f 3882/3882/3882 3881/3881/3881 3884/3884/3884 
f 3881/3881/3881 3883/3883/3883 3887/3887/3887 
f 3913/3913/3913 3881/3881/3881 3887/3887/3887 
f 3887/3887/3887 3939/3939/3939 3913/3913/3913 
f 3883/3883/3883 3932/3932/3932 3887/3887/3887 
f 3882/3882/3882 3932/3932/3932 3883/3883/3883 
f 3939/3939/3939 3887/3887/3887 3934/3934/3934 
f 3887/3887/3887 3932/3932/3932 3934/3934/3934 
f 3934/3934/3934 3935/3935/3935 3939/3939/3939 
f 3932/3932/3932 3935/3935/3935 3934/3934/3934 
f 3938/3938/3938 3939/3939/3939 3935/3935/3935 
f 3884/3884/3884 3922/3922/3922 3882/3882/3882 
f 3932/3932/3932 3882/3882/3882 3922/3922/3922 
f 3922/3922/3922 3884/3884/3884 3923/3923/3923 
f 3935/3935/3935 3936/3936/3936 3938/3938/3938 
f 3935/3935/3935 3932/3932/3932 3936/3936/3936 
f 3936/3936/3936 3937/3937/3937 3938/3938/3938 
f 3931/3931/3931 3932/3932/3932 3922/3922/3922 
f 3936/3936/3936 3932/3932/3932 3931/3931/3931 
f 3923/3923/3923 3931/3931/3931 3922/3922/3922 
f 3937/3937/3937 3936/3936/3936 3931/3931/3931 
f 3923/3923/3923 3930/3930/3930 3931/3931/3931 
f 3937/3937/3937 3931/3931/3931 3930/3930/3930 
f 3772/3772/3772 3773/3773/3773 3774/3774/3774 
f 3773/3773/3773 3962/3962/3962 3774/3774/3774 
f 3773/3773/3773 3772/3772/3772 3776/3776/3776 
f 3775/3775/3775 3776/3776/3776 3772/3772/3772 
f 3962/3962/3962 3773/3773/3773 3976/3976/3976 
f 3776/3776/3776 3976/3976/3976 3773/3773/3773 
f 3976/3976/3976 3979/3979/3979 3962/3962/3962 
f 3979/3979/3979 3980/3980/3980 3962/3962/3962 
f 3979/3979/3979 4009/4009/4009 3980/3980/3980 
f 3978/3978/3978 3979/3979/3979 3976/3976/3976 
f 3976/3976/3976 3776/3776/3776 3978/3978/3978 
f 4009/4009/4009 3979/3979/3979 4010/4010/4010 
f 3979/3979/3979 3978/3978/3978 4010/4010/4010 
f 4097/4097/4097 4009/4009/4009 4010/4010/4010 
f 4097/4097/4097 4100/4100/4100 4009/4009/4009 
f 4103/4103/4103 4100/4100/4100 4097/4097/4097 
f 4010/4010/4010 4076/4076/4076 4097/4097/4097 
f 4076/4076/4076 4010/4010/4010 3978/3978/3978 
f 4098/4098/4098 4103/4103/4103 4097/4097/4097 
f 4076/4076/4076 4098/4098/4098 4097/4097/4097 
f 4113/4113/4113 4103/4103/4103 4098/4098/4098 
f 3978/3978/3978 4071/4071/4071 4076/4076/4076 
f 4071/4071/4071 3978/3978/3978 3776/3776/3776 
f 3776/3776/3776 3775/3775/3775 4071/4071/4071 
f 4071/4071/4071 4078/4078/4078 4076/4076/4076 
f 4098/4098/4098 4076/4076/4076 4078/4078/4078 
f 4074/4074/4074 4071/4071/4071 3775/3775/3775 
f 4078/4078/4078 4071/4071/4071 4074/4074/4074 
f 4074/4074/4074 3775/3775/3775 4085/4085/4085 
f 4110/4110/4110 4113/4113/4113 4098/4098/4098 
f 4078/4078/4078 4110/4110/4110 4098/4098/4098 
f 4110/4110/4110 4090/4090/4090 4113/4113/4113 
f 4110/4110/4110 4078/4078/4078 4089/4089/4089 
f 4090/4090/4090 4110/4110/4110 4089/4089/4089 
f 4074/4074/4074 4089/4089/4089 4078/4078/4078 
f 4086/4086/4086 4090/4090/4090 4089/4089/4089 
f 4089/4089/4089 4074/4074/4074 4086/4086/4086 
f 4086/4086/4086 4074/4074/4074 4085/4085/4085 
f 4090/4090/4090 4086/4086/4086 4093/4093/4093 
f 4093/4093/4093 4086/4086/4086 4085/4085/4085 
f 3994/3994/3994 3995/3995/3995 3996/3996/3996 
f 3996/3996/3996 4012/4012/4012 3994/3994/3994 
f 3995/3995/3995 3994/3994/3994 3998/3998/3998 
f 3994/3994/3994 4012/4012/4012 4102/4102/4102 
f 4005/4005/4005 3995/3995/3995 3998/3998/3998 
f 3995/3995/3995 4005/4005/4005 4006/4006/4006 
f 4005/4005/4005 4018/4018/4018 4006/4006/4006 
f 3994/3994/3994 4017/4017/4017 3998/3998/3998 
f 3998/3998/3998 4017/4017/4017 4005/4005/4005 
f 4017/4017/4017 3994/3994/3994 4102/4102/4102 
f 4018/4018/4018 4005/4005/4005 4132/4132/4132 
f 4017/4017/4017 4132/4132/4132 4005/4005/4005 
f 4132/4132/4132 4134/4134/4134 4018/4018/4018 
f 4012/4012/4012 4101/4101/4101 4102/4102/4102 
f 4102/4102/4102 4101/4101/4101 4017/4017/4017 
f 4101/4101/4101 4012/4012/4012 4112/4112/4112 
f 4112/4112/4112 4120/4120/4120 4101/4101/4101 
f 4132/4132/4132 4133/4133/4133 4134/4134/4134 
f 4017/4017/4017 4133/4133/4133 4132/4132/4132 
f 4133/4133/4133 4120/4120/4120 4134/4134/4134 
f 4101/4101/4101 4109/4109/4109 4017/4017/4017 
f 4133/4133/4133 4017/4017/4017 4109/4109/4109 
f 4120/4120/4120 4109/4109/4109 4101/4101/4101 
f 4120/4120/4120 4133/4133/4133 4109/4109/4109 
f 3684/3684/3684 3685/3685/3685 3686/3686/3686 
f 3685/3685/3685 3713/3713/3713 3686/3686/3686 
f 3685/3685/3685 3684/3684/3684 3703/3703/3703 
f 3713/3713/3713 3685/3685/3685 3716/3716/3716 
f 3703/3703/3703 3684/3684/3684 3787/3787/3787 
f 3684/3684/3684 3792/3792/3792 3787/3787/3787 
f 3792/3792/3792 3814/3814/3814 3787/3787/3787 
f 3685/3685/3685 3703/3703/3703 3704/3704/3704 
f 3716/3716/3716 3685/3685/3685 3704/3704/3704 
f 3787/3787/3787 3704/3704/3704 3703/3703/3703 
f 3713/3713/3713 3716/3716/3716 3855/3855/3855 
f 3704/3704/3704 3855/3855/3855 3716/3716/3716 
f 3855/3855/3855 3873/3873/3873 3713/3713/3713 
f 3873/3873/3873 3855/3855/3855 3874/3874/3874 
f 3855/3855/3855 3704/3704/3704 3877/3877/3877 
f 3855/3855/3855 3877/3877/3877 3874/3874/3874 
f 3704/3704/3704 3787/3787/3787 3809/3809/3809 
f 3787/3787/3787 3814/3814/3814 3809/3809/3809 
f 3877/3877/3877 3704/3704/3704 3919/3919/3919 
f 3919/3919/3919 3874/3874/3874 3877/3877/3877 
f 3704/3704/3704 3809/3809/3809 3919/3919/3919 
f 3814/3814/3814 3919/3919/3919 3809/3809/3809 
f 3874/3874/3874 3919/3919/3919 3926/3926/3926 
f 3919/3919/3919 3814/3814/3814 3926/3926/3926 
f 3740/3740/3740 3741/3741/3741 3742/3742/3742 
f 3970/3970/3970 3742/3742/3742 3741/3741/3741 
f 3740/3740/3740 3960/3960/3960 3741/3741/3741 
f 3965/3965/3965 3970/3970/3970 3741/3741/3741 
f 3965/3965/3965 3741/3741/3741 3960/3960/3960 
f 3740/3740/3740 3959/3959/3959 3960/3960/3960 
f 3959/3959/3959 3740/3740/3740 3977/3977/3977 
f 4077/4077/4077 3959/3959/3959 3977/3977/3977 
f 3987/3987/3987 3960/3960/3960 3959/3959/3959 
f 3987/3987/3987 3965/3965/3965 3960/3960/3960 
f 3959/3959/3959 4077/4077/4077 4011/4011/4011 
f 3959/3959/3959 4011/4011/4011 3987/3987/3987 
f 3997/3997/3997 4011/4011/4011 4077/4077/4077 
f 3997/3997/3997 3987/3987/3987 4011/4011/4011 
f 4077/4077/4077 4114/4114/4114 3997/3997/3997 
f 4003/4003/4003 3997/3997/3997 4114/4114/4114 
f 3987/3987/3987 3997/3997/3997 3993/3993/3993 
f 3997/3997/3997 4003/4003/4003 3993/3993/3993 
f 3965/3965/3965 3987/3987/3987 3988/3988/3988 
f 3988/3988/3988 3987/3987/3987 3993/3993/3993 
f 4003/4003/4003 3988/3988/3988 3993/3993/3993 
f 3988/3988/3988 3970/3970/3970 3965/3965/3965 
f 3988/3988/3988 4003/4003/4003 4050/4050/4050 
f 3970/3970/3970 3988/3988/3988 4050/4050/4050 
f 3967/3967/3967 3968/3968/3968 3969/3969/3969 
f 3968/3968/3968 3967/3967/3967 3971/3971/3971 
f 3969/3969/3969 3989/3989/3989 3967/3967/3967 
f 3989/3989/3989 3969/3969/3969 4007/4007/4007 
f 3967/3967/3967 4000/4000/4000 3971/3971/3971 
f 4000/4000/4000 3967/3967/3967 3989/3989/3989 
f 3968/3968/3968 3971/3971/3971 3972/3972/3972 
f 3972/3972/3972 3971/3971/3971 4000/4000/4000 
f 3968/3968/3968 3972/3972/3972 4019/4019/4019 
f 3972/3972/3972 4020/4020/4020 4019/4019/4019 
f 4007/4007/4007 4004/4004/4004 3989/3989/3989 
f 4000/4000/4000 3989/3989/3989 4004/4004/4004 
f 4004/4004/4004 4007/4007/4007 4131/4131/4131 
f 4131/4131/4131 4065/4065/4065 4004/4004/4004 
f 4020/4020/4020 3972/3972/3972 4024/4024/4024 
f 4000/4000/4000 4024/4024/4024 3972/3972/3972 
f 4053/4053/4053 4020/4020/4020 4024/4024/4024 
f 4000/4000/4000 4053/4053/4053 4024/4024/4024 
f 4020/4020/4020 4053/4053/4053 4056/4056/4056 
f 4004/4004/4004 4054/4054/4054 4000/4000/4000 
f 4004/4004/4004 4065/4065/4065 4054/4054/4054 
f 4053/4053/4053 4000/4000/4000 4054/4054/4054 
f 4056/4056/4056 4054/4054/4054 4065/4065/4065 
f 4056/4056/4056 4053/4053/4053 4054/4054/4054 
f 3687/3687/3687 3688/3688/3688 3689/3689/3689 
f 3702/3702/3702 3687/3687/3687 3689/3689/3689 
f 3687/3687/3687 3702/3702/3702 3690/3690/3690 
f 3690/3690/3690 3691/3691/3691 3687/3687/3687 
f 3701/3701/3701 3702/3702/3702 3689/3689/3689 
f 3688/3688/3688 3701/3701/3701 3689/3689/3689 
f 3702/3702/3702 3701/3701/3701 3784/3784/3784 
f 3701/3701/3701 3789/3789/3789 3784/3784/3784 
f 3691/3691/3691 3696/3696/3696 3687/3687/3687 
f 3696/3696/3696 3688/3688/3688 3687/3687/3687 
f 3691/3691/3691 3736/3736/3736 3696/3696/3696 
f 3736/3736/3736 3688/3688/3688 3696/3696/3696 
f 3736/3736/3736 3691/3691/3691 3746/3746/3746 
f 3754/3754/3754 3736/3736/3736 3746/3746/3746 
f 3688/3688/3688 3736/3736/3736 3738/3738/3738 
f 3736/3736/3736 3754/3754/3754 3738/3738/3738 
f 3789/3789/3789 3701/3701/3701 3705/3705/3705 
f 3701/3701/3701 3688/3688/3688 3705/3705/3705 
f 3705/3705/3705 3747/3747/3747 3789/3789/3789 
f 3737/3737/3737 3738/3738/3738 3754/3754/3754 
f 3737/3737/3737 3688/3688/3688 3738/3738/3738 
f 3747/3747/3747 3737/3737/3737 3754/3754/3754 
f 3705/3705/3705 3688/3688/3688 3737/3737/3737 
f 3747/3747/3747 3705/3705/3705 3737/3737/3737 
f 3692/3692/3692 3693/3693/3693 3694/3694/3694 
f 3693/3693/3693 3692/3692/3692 3695/3695/3695 
f 3694/3694/3694 3693/3693/3693 3715/3715/3715 
f 3739/3739/3739 3695/3695/3695 3692/3692/3692 
f 3695/3695/3695 3739/3739/3739 3745/3745/3745 
f 3739/3739/3739 3964/3964/3964 3745/3745/3745 
f 3739/3739/3739 3692/3692/3692 3700/3700/3700 
f 3694/3694/3694 3700/3700/3700 3692/3692/3692 
f 3964/3964/3964 3739/3739/3739 3768/3768/3768 
f 3768/3768/3768 3739/3739/3739 3700/3700/3700 
f 3891/3891/3891 3964/3964/3964 3768/3768/3768 
f 3700/3700/3700 3891/3891/3891 3768/3768/3768 
f 3964/3964/3964 3891/3891/3891 4075/4075/4075 
f 3700/3700/3700 3694/3694/3694 3714/3714/3714 
f 3714/3714/3714 3694/3694/3694 3715/3715/3715 
f 3889/3889/3889 4075/4075/4075 3891/3891/3891 
f 3891/3891/3891 3700/3700/3700 3889/3889/3889 
f 4075/4075/4075 3889/3889/3889 3895/3895/3895 
f 3700/3700/3700 3714/3714/3714 3859/3859/3859 
f 3715/3715/3715 3859/3859/3859 3714/3714/3714 
f 3889/3889/3889 3700/3700/3700 3859/3859/3859 
f 3859/3859/3859 3895/3895/3895 3889/3889/3889 
f 3859/3859/3859 3715/3715/3715 3860/3860/3860 
f 3895/3895/3895 3859/3859/3859 3860/3860/3860 
f 3706/3706/3706 3707/3707/3707 3708/3708/3708 
f 3785/3785/3785 3708/3708/3708 3707/3707/3707 
f 3707/3707/3707 3706/3706/3706 3826/3826/3826 
f 3706/3706/3706 4023/4023/4023 3826/3826/3826 
f 4023/4023/4023 3706/3706/3706 4049/4049/4049 
f 3708/3708/3708 3785/3785/3785 3786/3786/3786 
f 3793/3793/3793 3786/3786/3786 3785/3785/3785 
f 3786/3786/3786 3793/3793/3793 3794/3794/3794 
f 3795/3795/3795 3794/3794/3794 3793/3793/3793 
f 3794/3794/3794 3795/3795/3795 3818/3818/3818 
f 3795/3795/3795 3820/3820/3820 3818/3818/3818 
f 3795/3795/3795 3850/3850/3850 3820/3820/3820 
f 3850/3850/3850 4047/4047/4047 3820/3820/3820 
f 3850/3850/3850 4057/4057/4057 4047/4047/4047 
f 4057/4057/4057 4059/4059/4059 4047/4047/4047 
f 4058/4058/4058 4059/4059/4059 4057/4057/4057 
f 3733/3733/3733 3734/3734/3734 3735/3735/3735 
f 3762/3762/3762 3733/3733/3733 3735/3735/3735 
f 3733/3733/3733 3751/3751/3751 3734/3734/3734 
f 3762/3762/3762 3777/3777/3777 3733/3733/3733 
f 3796/3796/3796 3734/3734/3734 3751/3751/3751 
f 3734/3734/3734 3796/3796/3796 3797/3797/3797 
f 3796/3796/3796 3817/3817/3817 3797/3797/3797 
f 3733/3733/3733 3845/3845/3845 3751/3751/3751 
f 3751/3751/3751 3845/3845/3845 3796/3796/3796 
f 3845/3845/3845 3733/3733/3733 3777/3777/3777 
f 3817/3817/3817 3796/3796/3796 3821/3821/3821 
f 3821/3821/3821 3796/3796/3796 3845/3845/3845 
f 3928/3928/3928 3817/3817/3817 3821/3821/3821 
f 3845/3845/3845 3928/3928/3928 3821/3821/3821 
f 3927/3927/3927 3817/3817/3817 3928/3928/3928 
f 3903/3903/3903 3927/3927/3927 3928/3928/3928 
f 3928/3928/3928 3845/3845/3845 3914/3914/3914 
f 3914/3914/3914 3903/3903/3903 3928/3928/3928 
f 3777/3777/3777 3897/3897/3897 3845/3845/3845 
f 3914/3914/3914 3845/3845/3845 3897/3897/3897 
f 3897/3897/3897 3903/3903/3903 3914/3914/3914 
f 3762/3762/3762 3897/3897/3897 3777/3777/3777 
f 3903/3903/3903 3897/3897/3897 3898/3898/3898 
f 3897/3897/3897 3762/3762/3762 3898/3898/3898 
f 3758/3758/3758 3759/3759/3759 3760/3760/3760 
f 3759/3759/3759 3758/3758/3758 3780/3780/3780 
f 3760/3760/3760 3828/3828/3828 3758/3758/3758 
f 3828/3828/3828 3760/3760/3760 3829/3829/3829 
f 3828/3828/3828 3829/3829/3829 3832/3832/3832 
f 3828/3828/3828 3842/3842/3842 3758/3758/3758 
f 3842/3842/3842 3780/3780/3780 3758/3758/3758 
f 3832/3832/3832 3840/3840/3840 3828/3828/3828 
f 3842/3842/3842 3828/3828/3828 3840/3840/3840 
f 3832/3832/3832 3849/3849/3849 3840/3840/3840 
f 3849/3849/3849 3842/3842/3842 3840/3840/3840 
f 3849/3849/3849 3832/3832/3832 4026/4026/4026 
f 4048/4048/4048 3849/3849/3849 4026/4026/4026 
f 3842/3842/3842 3849/3849/3849 4039/4039/4039 
f 3849/3849/3849 4048/4048/4048 4039/4039/4039 
f 3842/3842/3842 3847/3847/3847 3780/3780/3780 
f 3759/3759/3759 3780/3780/3780 3847/3847/3847 
f 3983/3983/3983 3759/3759/3759 3847/3847/3847 
f 3842/3842/3842 4122/4122/4122 3847/3847/3847 
f 4122/4122/4122 3983/3983/3983 3847/3847/3847 
f 4122/4122/4122 3842/3842/3842 4039/4039/4039 
f 4048/4048/4048 4122/4122/4122 4039/4039/4039 
f 3983/3983/3983 4122/4122/4122 4135/4135/4135 
f 4122/4122/4122 4048/4048/4048 4135/4135/4135 
f 3748/3748/3748 3749/3749/3749 3750/3750/3750 
f 3830/3830/3830 3750/3750/3750 3749/3749/3749 
f 3749/3749/3749 3748/3748/3748 3761/3761/3761 
f 3750/3750/3750 3830/3830/3830 3831/3831/3831 
f 3750/3750/3750 3843/3843/3843 3748/3748/3748 
f 3750/3750/3750 3831/3831/3831 3843/3843/3843 
f 4028/4028/4028 3831/3831/3831 3830/3830/3830 
f 4028/4028/4028 3843/3843/3843 3831/3831/3831 
f 4027/4027/4027 4028/4028/4028 3830/3830/3830 
f 4027/4027/4027 4062/4062/4062 4028/4028/4028 
f 3843/3843/3843 4028/4028/4028 4042/4042/4042 
f 4028/4028/4028 4062/4062/4062 4042/4042/4042 
f 4062/4062/4062 4123/4123/4123 4042/4042/4042 
f 4042/4042/4042 4123/4123/4123 3843/3843/3843 
f 4123/4123/4123 4062/4062/4062 4116/4116/4116 
f 3781/3781/3781 3843/3843/3843 4123/4123/4123 
f 4123/4123/4123 4116/4116/4116 3781/3781/3781 
f 3843/3843/3843 3781/3781/3781 3748/3748/3748 
f 4116/4116/4116 4081/4081/4081 3781/3781/3781 
f 3748/3748/3748 3781/3781/3781 3767/3767/3767 
f 3781/3781/3781 4081/4081/4081 3767/3767/3767 
f 3748/3748/3748 3767/3767/3767 3761/3761/3761 
f 4081/4081/4081 3766/3766/3766 3767/3767/3767 
f 3766/3766/3766 3761/3761/3761 3767/3767/3767 
f 3697/3697/3697 3698/3698/3698 3699/3699/3699 
f 3698/3698/3698 3709/3709/3709 3699/3699/3699 
f 3709/3709/3709 3728/3728/3728 3699/3699/3699 
f 3697/3697/3697 3744/3744/3744 3698/3698/3698 
f 3697/3697/3697 3743/3743/3743 3744/3744/3744 
f 3743/3743/3743 3973/3973/3973 3744/3744/3744 
f 3744/3744/3744 3813/3813/3813 3698/3698/3698 
f 3813/3813/3813 3709/3709/3709 3698/3698/3698 
f 3744/3744/3744 3973/3973/3973 3974/3974/3974 
f 3813/3813/3813 3744/3744/3744 3974/3974/3974 
f 3728/3728/3728 3709/3709/3709 3732/3732/3732 
f 3709/3709/3709 3813/3813/3813 3732/3732/3732 
f 3732/3732/3732 3862/3862/3862 3728/3728/3728 
f 3813/3813/3813 3862/3862/3862 3732/3732/3732 
f 3861/3861/3861 3728/3728/3728 3862/3862/3862 
f 3862/3862/3862 3901/3901/3901 3861/3861/3861 
f 3973/3973/3973 3984/3984/3984 3974/3974/3974 
f 3813/3813/3813 3974/3974/3974 3984/3984/3984 
f 3984/3984/3984 3973/3973/3973 4082/4082/4082 
f 3862/3862/3862 3813/3813/3813 3900/3900/3900 
f 3813/3813/3813 3984/3984/3984 3900/3900/3900 
f 3901/3901/3901 3862/3862/3862 3900/3900/3900 
f 4082/4082/4082 3900/3900/3900 3984/3984/3984 
f 3900/3900/3900 4082/4082/4082 3901/3901/3901 
f 3822/3822/3822 3823/3823/3823 3824/3824/3824 
f 3823/3823/3823 3848/3848/3848 3824/3824/3824 
f 3848/3848/3848 3823/3823/3823 3841/3841/3841 
f 3823/3823/3823 3836/3836/3836 3841/3841/3841 
f 3848/3848/3848 3940/3940/3940 3824/3824/3824 
f 3822/3822/3822 3824/3824/3824 3940/3940/3940 
f 3940/3940/3940 3848/3848/3848 4125/4125/4125 
f 4125/4125/4125 4129/4129/4129 3940/3940/3940 
f 3836/3836/3836 3823/3823/3823 3837/3837/3837 
f 3823/3823/3823 3822/3822/3822 3837/3837/3837 
f 3837/3837/3837 3846/3846/3846 3836/3836/3836 
f 3822/3822/3822 3846/3846/3846 3837/3837/3837 
f 4041/4041/4041 3836/3836/3836 3846/3846/3846 
f 3846/3846/3846 4015/4015/4015 4041/4041/4041 
f 3822/3822/3822 4016/4016/4016 3846/3846/3846 
f 4015/4015/4015 3846/3846/3846 4016/4016/4016 
f 3940/3940/3940 3944/3944/3944 3822/3822/3822 
f 4129/4129/4129 3944/3944/3944 3940/3940/3940 
f 4016/4016/4016 3822/3822/3822 3944/3944/3944 
f 4129/4129/4129 4128/4128/4128 3944/3944/3944 
f 4128/4128/4128 4016/4016/4016 3944/3944/3944 
f 4015/4015/4015 4016/4016/4016 4128/4128/4128 
f 4128/4128/4128 4129/4129/4129 4138/4138/4138 
f 4128/4128/4128 4138/4138/4138 4015/4015/4015 
f 3710/3710/3710 3711/3711/3711 3712/3712/3712 
f 3711/3711/3711 3710/3710/3710 3808/3808/3808 
f 3807/3807/3807 3808/3808/3808 3710/3710/3710 
f 3752/3752/3752 3712/3712/3712 3711/3711/3711 
f 3712/3712/3712 3752/3752/3752 3753/3753/3753 
f 3752/3752/3752 4038/4038/4038 3753/3753/3753 
f 3752/3752/3752 3711/3711/3711 3779/3779/3779 
f 3808/3808/3808 3779/3779/3779 3711/3711/3711 
f 4038/4038/4038 3752/3752/3752 4040/4040/4040 
f 3752/3752/3752 3779/3779/3779 4040/4040/4040 
f 3808/3808/3808 3807/3807/3807 3853/3853/3853 
f 3779/3779/3779 3808/3808/3808 3853/3853/3853 
f 3807/3807/3807 3920/3920/3920 3853/3853/3853 
f 3920/3920/3920 3779/3779/3779 3853/3853/3853 
f 3920/3920/3920 3807/3807/3807 3924/3924/3924 
f 3946/3946/3946 3920/3920/3920 3924/3924/3924 
f 3779/3779/3779 3920/3920/3920 3943/3943/3943 
f 3920/3920/3920 3946/3946/3946 3943/3943/3943 
f 3779/3779/3779 4044/4044/4044 4040/4040/4040 
f 4044/4044/4044 3779/3779/3779 3943/3943/3943 
f 3946/3946/3946 4044/4044/4044 3943/3943/3943 
f 4044/4044/4044 4038/4038/4038 4040/4040/4040 
f 3946/3946/3946 4068/4068/4068 4044/4044/4044 
f 4038/4038/4038 4044/4044/4044 4068/4068/4068 
f 3803/3803/3803 3804/3804/3804 3805/3805/3805 
f 3805/3805/3805 3804/3804/3804 3825/3825/3825 
f 3804/3804/3804 3803/3803/3803 3816/3816/3816 
f 3815/3815/3815 3816/3816/3816 3803/3803/3803 
f 3825/3825/3825 3804/3804/3804 3838/3838/3838 
f 3825/3825/3825 3838/3838/3838 3839/3839/3839 
f 3839/3839/3839 3838/3838/3838 4021/4021/4021 
f 4021/4021/4021 3838/3838/3838 4022/4022/4022 
f 3838/3838/3838 4025/4025/4025 4022/4022/4022 
f 3804/3804/3804 4025/4025/4025 3838/3838/3838 
f 4025/4025/4025 3804/3804/3804 4043/4043/4043 
f 3816/3816/3816 4043/4043/4043 3804/3804/3804 
f 4043/4043/4043 3816/3816/3816 4126/4126/4126 
f 3816/3816/3816 3953/3953/3953 4126/4126/4126 
f 3816/3816/3816 3815/3815/3815 3844/3844/3844 
f 3953/3953/3953 3816/3816/3816 3844/3844/3844 
f 3867/3867/3867 3844/3844/3844 3815/3815/3815 
f 3867/3867/3867 3896/3896/3896 3844/3844/3844 
f 3896/3896/3896 3953/3953/3953 3844/3844/3844 
f 3953/3953/3953 3896/3896/3896 3954/3954/3954 
f 3724/3724/3724 3725/3725/3725 3726/3726/3726 
f 3725/3725/3725 3724/3724/3724 3731/3731/3731 
f 3731/3731/3731 3724/3724/3724 3729/3729/3729 
f 3726/3726/3726 3729/3729/3729 3724/3724/3724 
f 3729/3729/3729 3730/3730/3730 3731/3731/3731 
f 3725/3725/3725 3763/3763/3763 3726/3726/3726 
f 3763/3763/3763 3725/3725/3725 3764/3764/3764 
f 3729/3729/3729 3726/3726/3726 3778/3778/3778 
f 3763/3763/3763 3778/3778/3778 3726/3726/3726 
f 3730/3730/3730 3729/3729/3729 3866/3866/3866 
f 3778/3778/3778 3866/3866/3866 3729/3729/3729 
f 3730/3730/3730 3866/3866/3866 3868/3868/3868 
f 3764/3764/3764 3765/3765/3765 3763/3763/3763 
f 3778/3778/3778 3763/3763/3763 3765/3765/3765 
f 3765/3765/3765 3764/3764/3764 3890/3890/3890 
f 3866/3866/3866 3778/3778/3778 3899/3899/3899 
f 3765/3765/3765 3899/3899/3899 3778/3778/3778 
f 3878/3878/3878 3868/3868/3868 3866/3866/3866 
f 3899/3899/3899 3878/3878/3878 3866/3866/3866 
f 3868/3868/3868 3878/3878/3878 3879/3879/3879 
f 3890/3890/3890 4072/4072/4072 3765/3765/3765 
f 3899/3899/3899 3765/3765/3765 4072/4072/4072 
f 4072/4072/4072 3890/3890/3890 4073/4073/4073 
f 4083/4083/4083 4072/4072/4072 4073/4073/4073 
f 4083/4083/4083 3899/3899/3899 4072/4072/4072 
f 4073/4073/4073 4088/4088/4088 4083/4083/4083 
f 4095/4095/4095 4083/4083/4083 4088/4088/4088 
f 3899/3899/3899 4083/4083/4083 3906/3906/3906 
f 3878/3878/3878 3899/3899/3899 3906/3906/3906 
f 4083/4083/4083 4095/4095/4095 4096/4096/4096 
f 4096/4096/4096 3906/3906/3906 4083/4083/4083 
f 4095/4095/4095 3907/3907/3907 4096/4096/4096 
f 3906/3906/3906 4096/4096/4096 3908/3908/3908 
f 3908/3908/3908 4096/4096/4096 3907/3907/3907 
f 3906/3906/3906 3885/3885/3885 3878/3878/3878 
f 3885/3885/3885 3906/3906/3906 3908/3908/3908 
f 3907/3907/3907 3885/3885/3885 3908/3908/3908 
f 3885/3885/3885 3879/3879/3879 3878/3878/3878 
f 3885/3885/3885 3907/3907/3907 3886/3886/3886 
f 3879/3879/3879 3885/3885/3885 3886/3886/3886 
f 3755/3755/3755 3756/3756/3756 3757/3757/3757 
f 3756/3756/3756 3755/3755/3755 3783/3783/3783 
f 3782/3782/3782 3783/3783/3783 3755/3755/3755 
f 3827/3827/3827 3756/3756/3756 3783/3783/3783 
f 3783/3783/3783 3782/3782/3782 3788/3788/3788 
f 3783/3783/3783 3791/3791/3791 3827/3827/3827 
f 3790/3790/3790 3783/3783/3783 3788/3788/3788 
f 3791/3791/3791 3783/3783/3783 3790/3790/3790 
f 3769/3769/3769 3770/3770/3770 3771/3771/3771 
f 3771/3771/3771 3961/3961/3961 3769/3769/3769 
f 3770/3770/3770 3769/3769/3769 3981/3981/3981 
f 3961/3961/3961 3963/3963/3963 3769/3769/3769 
f 3892/3892/3892 3770/3770/3770 3981/3981/3981 
f 3769/3769/3769 3975/3975/3975 3981/3981/3981 
f 3963/3963/3963 3975/3975/3975 3769/3769/3769 
f 3975/3975/3975 3892/3892/3892 3981/3981/3981 
f 3961/3961/3961 3966/3966/3966 3963/3963/3963 
f 3975/3975/3975 3963/3963/3963 3966/3966/3966 
f 3966/3966/3966 3961/3961/3961 3982/3982/3982 
f 3982/3982/3982 4008/4008/4008 3966/3966/3966 
f 3770/3770/3770 3892/3892/3892 3893/3893/3893 
f 4008/4008/4008 3985/3985/3985 3966/3966/3966 
f 3966/3966/3966 3985/3985/3985 3975/3975/3975 
f 4099/4099/4099 3985/3985/3985 4008/4008/4008 
f 3892/3892/3892 3975/3975/3975 3986/3986/3986 
f 3985/3985/3985 3986/3986/3986 3975/3975/3975 
f 4099/4099/4099 4105/4105/4105 3985/3985/3985 
f 3986/3986/3986 3985/3985/3985 4105/4105/4105 
f 4107/4107/4107 4105/4105/4105 4099/4099/4099 
f 3986/3986/3986 4124/4124/4124 3892/3892/3892 
f 4105/4105/4105 4124/4124/4124 3986/3986/3986 
f 4105/4105/4105 4107/4107/4107 4108/4108/4108 
f 4124/4124/4124 4105/4105/4105 4108/4108/4108 
f 4107/4107/4107 4121/4121/4121 4108/4108/4108 
f 4124/4124/4124 4108/4108/4108 4121/4121/4121 
f 4107/4107/4107 4118/4118/4118 4121/4121/4121 
f 4079/4079/4079 3892/3892/3892 4124/4124/4124 
f 4079/4079/4079 3893/3893/3893 3892/3892/3892 
f 3893/3893/3893 4079/4079/4079 4080/4080/4080 
f 4118/4118/4118 4117/4117/4117 4121/4121/4121 
f 4117/4117/4117 4124/4124/4124 4121/4121/4121 
f 4079/4079/4079 4124/4124/4124 4117/4117/4117 
f 4117/4117/4117 4118/4118/4118 4094/4094/4094 
f 4091/4091/4091 4080/4080/4080 4079/4079/4079 
f 4079/4079/4079 4117/4117/4117 4091/4091/4091 
f 4094/4094/4094 4091/4091/4091 4117/4117/4117 
f 4080/4080/4080 4091/4091/4091 4092/4092/4092 
f 4091/4091/4091 4094/4094/4094 4092/4092/4092 
f 3909/3909/3909 3910/3910/3910 3911/3911/3911 
f 3909/3909/3909 3921/3921/3921 3910/3910/3910 
f 3921/3921/3921 3909/3909/3909 3942/3942/3942 
f 3941/3941/3941 3921/3921/3921 3942/3942/3942 
f 3921/3921/3921 3941/3941/3941 3947/3947/3947 
f 3941/3941/3941 3948/3948/3948 3947/3947/3947 
f 3945/3945/3945 3941/3941/3941 3942/3942/3942 
f 3909/3909/3909 3945/3945/3945 3942/3942/3942 
f 3948/3948/3948 3941/3941/3941 3949/3949/3949 
f 3941/3941/3941 3945/3945/3945 3949/3949/3949 
f 3949/3949/3949 3958/3958/3958 3948/3948/3948 
f 3949/3949/3949 3945/3945/3945 3958/3958/3958 
f 3957/3957/3957 3948/3948/3948 3958/3958/3958 
f 3958/3958/3958 3952/3952/3952 3957/3957/3957 
f 3955/3955/3955 3958/3958/3958 3945/3945/3945 
f 3952/3952/3952 3958/3958/3958 3955/3955/3955 
f 3912/3912/3912 3945/3945/3945 3909/3909/3909 
f 3912/3912/3912 3955/3955/3955 3945/3945/3945 
f 3912/3912/3912 3909/3909/3909 3911/3911/3911 
f 3915/3915/3915 3952/3952/3952 3955/3955/3955 
f 3955/3955/3955 3912/3912/3912 3915/3915/3915 
f 3911/3911/3911 3915/3915/3915 3912/3912/3912 
f 3916/3916/3916 3952/3952/3952 3915/3915/3915 
f 3915/3915/3915 3911/3911/3911 3916/3916/3916 
f 3990/3990/3990 3991/3991/3991 3992/3992/3992 
f 3991/3991/3991 4013/4013/4013 3992/3992/3992 
f 3991/3991/3991 3990/3990/3990 3999/3999/3999 
f 3990/3990/3990 4001/4001/4001 3999/3999/3999 
f 4001/4001/4001 3990/3990/3990 4002/4002/4002 
f 4063/4063/4063 4001/4001/4001 4002/4002/4002 
f 4001/4001/4001 4014/4014/4014 3999/3999/3999 
f 4014/4014/4014 3991/3991/3991 3999/3999/3999 
f 4001/4001/4001 4063/4063/4063 4070/4070/4070 
f 4014/4014/4014 4001/4001/4001 4070/4070/4070 
f 4070/4070/4070 4063/4063/4063 4130/4130/4130 
f 4130/4130/4130 4014/4014/4014 4070/4070/4070 
f 4063/4063/4063 4136/4136/4136 4130/4130/4130 
f 4130/4130/4130 4136/4136/4136 4119/4119/4119 
f 4115/4115/4115 4014/4014/4014 4130/4130/4130 
f 4115/4115/4115 4130/4130/4130 4119/4119/4119 
f 3991/3991/3991 4014/4014/4014 4104/4104/4104 
f 4115/4115/4115 4104/4104/4104 4014/4014/4014 
f 4013/4013/4013 3991/3991/3991 4104/4104/4104 
f 4119/4119/4119 4106/4106/4106 4115/4115/4115 
f 4104/4104/4104 4115/4115/4115 4106/4106/4106 
f 4106/4106/4106 4013/4013/4013 4104/4104/4104 
f 4106/4106/4106 4119/4119/4119 4111/4111/4111 
f 4111/4111/4111 4013/4013/4013 4106/4106/4106 

g Player9

v -0.871388 100.616 0.0796724 
v -0.963702 100.611 0.146103 
v -0.938299 100.704 0.0909269 
v -0.967118 100.964 0.065053 
v -1.00496 100.963 0.138018 
v -0.881871 100.97 0.0494436 
v -0.791309 100.866 -0.0247365 
v -0.855704 100.555 0.108503 
v -0.865125 100.876 0.0605576 
v -0.871388 100.616 0.0796724 
v -0.881871 100.97 0.0494436 
v -0.817242 100.714 0.105447 
v -0.800274 100.625 0.165706 
v -0.954002 100.706 0.203864 
v -0.877316 100.5 0.157511 
v -0.877316 100.5 0.157511 
v -0.968619 100.863 0.302083 
v -0.803691 100.977 0.0846558 
v -0.959064 101.229 0.0837892 
v -0.899421 101.325 0.0700364 
v -0.859823 101.251 0.00656022 
v -1.01113 101.131 0.142148 
v -1.03351 101.306 0.0408614 
v -0.838007 101.238 0.0983098 
v -0.899421 101.325 0.0700364 
v -0.874639 101.153 0.0132115 
v -0.851052 101.073 0.102774 
v -0.991735 101.32 0.136467 
v -0.974767 101.231 0.196726 
v -1.06603 101.219 0.184533 
v -0.951514 101.163 0.32604 
v -0.796951 101.123 -0.0742286 
v -0.682414 100.51 0.062506 
v -0.799173 100.497 0.0400173 
v -0.638641 100.875 0.0045684 
v -0.682382 100.728 0.0986392 
v -0.626113 100.973 0.0178678 
v -0.669739 100.624 0.0484634 
v -0.669739 100.624 0.0484634 
v -0.556608 100.585 0.052671 
v -0.635316 100.495 0.108755 
v -0.59639 100.691 0.0213844 
v -0.626113 100.973 0.0178678 
v -0.672698 100.634 0.156965 
v -0.68605 100.384 0.295637 
v -0.855704 100.555 0.108503 
v -0.799173 100.497 0.0400173 
v -0.787053 100.981 0.164155 
v -0.682414 100.51 0.062506 
v -0.559567 100.594 0.161172 
v -0.635316 100.495 0.108755 
v -0.630058 100.986 0.162537 
v -0.636678 101.112 -0.0421883 
v -0.768943 101.607 -0.154208 
v -0.665796 100.993 0.0887996 
v -0.590549 101.237 0.0811418 
v -0.859823 101.251 0.00656022 
v -0.519254 101.247 0.191092 
v -0.851052 101.073 0.102774 
v -0.828308 101.333 0.15607 
v -0.600774 100.705 0.182127 
v -0.892588 100.619 0.232137 
v -0.988318 100.967 0.217518 
v -0.910138 100.974 0.25273 
v -0.832945 100.716 0.218384 
v -0.910138 100.974 0.25273 
v -0.892588 100.619 0.232137 
v -0.950958 100.512 0.375393 
v -0.782773 100.97 0.30116 
v -0.963329 101.037 0.354129 
v -0.816953 100.851 0.554212 
v -0.873877 101.097 0.554396 
v -0.920621 101.328 0.222501 
v -0.920621 101.328 0.222501 
v -0.85371 101.241 0.211247 
v -0.824891 100.98 0.237121 
v -1.09456 101.397 0.33833 
v -1.05113 101.183 0.366334 
v -0.96113 101.238 0.557858 
v -0.884434 101.312 0.623699 
v -0.820707 100.445 0.577213 
v -0.458914 100.422 0.249782 
v -0.820707 100.445 0.577213 
v -0.950958 100.512 0.375393 
v -0.598014 100.417 0.599088 
v -0.598014 100.417 0.599088 
v -0.566678 100.85 0.572344 
v -0.80162 101.147 0.548725 
v -0.782773 100.97 0.30116 
v -0.440137 101.3 0.36154 
v -0.698011 101.031 0.500026 
v -0.687808 101.297 0.2677 
v -0.523202 101.032 0.486868 
v -0.620875 101.33 0.526678 
v -0.698011 101.031 0.500026 
v -0.803527 101.235 0.644318 
v -0.539473 101.117 0.567155 
v -0.638968 101.176 0.591693 
v -0.755584 101.447 0.680745 
v -1.10222 101.363 0.123582 
v -1.1077 101.572 0.0680552 
v -1.03411 101.528 -0.0191723 
v -0.846528 101.477 -0.0514297 
v -0.945664 101.728 -0.0158692 
v -0.914693 101.445 0.144663 
v -1.09257 101.639 0.291091 
v -0.926791 101.833 0.254326 
v -0.995555 101.756 -0.0339011 
v -1.06359 101.783 0.048356 
v -0.936916 101.96 0.00164817 
v -0.999413 101.928 0.0580374 
v -0.963468 102.039 -0.0765793 
v -0.844913 102.146 0.154382 
v -0.929457 102.305 0.143971 
v -1.04409 101.873 0.245592 
v -0.95843 102.056 0.200475 
v -0.820526 101.716 -0.0653639 
v -0.846528 101.477 -0.0514297 
v -0.511303 101.526 -0.128216 
v -0.820526 101.716 -0.0653639 
v -0.47363 101.475 0.148059 
v -0.914693 101.445 0.144663 
v -0.624757 101.707 0.215393 
v -0.561498 101.312 -0.0404733 
v -0.773773 101.929 -0.0315731 
v -0.773764 101.839 -0.201328 
v -0.492256 101.779 -0.189902 
v -0.773773 101.929 -0.0315731 
v -0.465276 101.717 0.122345 
v -0.858448 102.088 0.391726 
v -0.725795 102.478 0.328046 
v -0.6578 102.113 0.112839 
v -0.6578 102.113 0.112839 
v -0.738796 102.179 0.351064 
v -0.992382 101.45 0.552348 
v -0.980225 101.69 0.524289 
v -0.880779 101.477 0.648018 
v -0.748075 101.864 0.484586 
v -0.860007 101.702 0.632008 
v -0.937253 101.914 0.460108 
v -0.790569 102.037 0.482448 
v -0.824399 101.908 0.563182 
v -0.720734 101.689 0.663108 
v -0.658036 101.68 0.468058 
v -0.445268 101.765 0.503117 
v -0.695494 102.143 0.444998 
v -0.623916 101.928 0.373765 
v -0.633057 101.863 0.465985 
v -0.574312 101.957 0.518265 
v -0.695494 102.143 0.444998 
v -0.633057 101.863 0.465985 
v -0.689668 101.914 0.590839 
v -0.515711 102.059 0.432447 
v -0.687363 102.089 0.481103 
v -0.575709 101.391 0.619002 
v -0.50576 101.874 0.530479 
v -0.534326 102.101 0.249316 
v -0.678656 102.119 0.327754 
v -0.634235 102.315 0.311926 
v -0.554727 102.149 0.30566 
v -0.653893 102.415 0.394494 
v -0.579599 102.347 0.471086 
v -0.653893 102.415 0.394494 
v -0.608294 102.16 0.532725 
v -0.406549 102.4 0.343367 
v -0.475272 100.92 0.023478 
v -0.549706 100.944 -0.0154943 
v -0.384909 101.078 0.166886 
v -0.514782 100.669 0.104873 
v -0.504557 101.201 0.0038871 
v -0.415142 100.843 0.18307 
v -0.559567 100.594 0.161172 
v -0.479218 100.933 0.168147 
v -0.458914 100.422 0.249782 
v -0.479218 100.933 0.168147 
v -0.545763 101.312 0.024842 
v -0.545763 101.312 0.024842 
v -0.548722 101.321 0.133344 
v -0.470015 101.411 0.0772597 
v -0.406239 101.27 -0.032748 
v -0.558839 101.107 0.0659444 
v -0.561498 101.312 -0.0404733 
v -0.432633 101.272 0.0290496 
v -0.558839 101.107 0.0659444 
v -0.50894 101.215 0.16463 
v -0.435592 101.282 0.137551 
v -0.470015 101.411 0.0772597 
v -0.439535 100.913 0.0972148 
v -0.422948 101.178 0.0873754 
v -0.389776 100.957 0.248564 
v -0.416128 101.07 0.0622516 
v -0.435592 101.282 0.137551 
v -0.341984 101.104 0.0866825 
v -0.203796 101.254 0.188477 
v -0.288669 101.031 0.227593 
v -0.387269 101.552 -0.0681985 
v -0.299531 101.289 0.0196472 
v -0.275523 101.516 -0.00715092 
v -0.287421 101.539 0.0945822 
v -0.168057 101.561 0.155546 
v -0.555624 100.962 0.201509 
v -0.431078 100.468 0.469415 
v -0.362901 100.99 0.444543 
v -0.552898 101.002 0.273572 
v -0.523202 101.032 0.486868 
v -0.431078 100.468 0.469415 
v -0.377039 100.85 0.435012 
v -0.340592 101.11 0.542342 
v -0.491236 101.145 0.594091 
v -0.552898 101.002 0.273572 
v -0.575709 101.391 0.619002 
v -0.386342 101.525 0.327361 
v -0.638968 101.176 0.591693 
v -0.491236 101.145 0.594091 
v -0.448635 101.397 0.649859 
v -0.448635 101.397 0.649859 
v -0.458914 100.422 0.249782 
v -0.415142 100.843 0.18307 
v -0.341696 101.089 0.425239 
v -0.384909 101.078 0.166886 
v -0.262087 101.066 0.401375 
v -0.172732 101.285 0.366191 
v -0.269582 101.144 0.480927 
v -0.223381 101.626 0.357316 
v -0.287421 101.539 0.0945822 
v -0.135917 101.585 0.32783 
v -0.196911 101.357 0.486632 
v -0.289908 101.352 0.584953 
v -0.166939 101.594 0.461398 
v -0.252874 101.653 0.555243 
v -0.532529 101.587 -0.0766386 
v -0.532529 101.587 -0.0766386 
v -0.496078 101.844 -0.0213613 
v -0.352777 101.805 -0.0227609 
v -0.250857 101.934 -0.00193137 
v -0.496078 101.844 -0.0213613 
v -0.449134 102.002 0.155651 
v -0.381811 101.757 0.291186 
v -0.449134 102.002 0.155651 
v -0.401881 102.028 0.370338 
v -0.554727 102.149 0.30566 
v -0.522971 102.348 0.236866 
v -0.391594 102.268 0.244002 
v -0.404166 101.941 0.310499 
v -0.366542 102.096 0.239202 
v -0.484139 102.451 0.334809 
v -0.522227 101.867 0.33009 
v -0.515711 102.059 0.432447 
v -0.316025 102.325 0.300701 
v -0.283415 101.744 0.0135877 
v -0.205083 101.839 0.136668 
v -0.286298 101.961 0.133545 
v -0.250857 101.934 -0.00193137 
v -0.169407 101.86 0.312186 
v -0.185677 101.82 0.404586 
v -0.243886 101.985 0.331133 
v -0.279342 102.113 0.326928 
v -0.179107 102.182 0.222515 
v -0.401881 102.028 0.370338 
v -0.484139 102.451 0.334809 
v -0.336957 102.3 0.403163 
v -0.316025 102.325 0.300701 
v -0.346696 101.908 0.382672 
v -0.279342 102.113 0.326928 
v -0.490696 101.805 0.437117 
v -0.490696 101.805 0.437117 
v -0.385722 101.943 0.501309 
v -0.50576 101.874 0.530479 
v -0.525538 101.636 0.594436 
v -0.525538 101.636 0.594436 
v -0.40559 101.699 0.61492 
v -0.457526 101.905 0.518567 
v -0.446947 102.392 0.458329 
v -0.354562 101.97 0.454999 
v -0.44051 102.155 0.52261 
v -0.346696 101.908 0.382672 
v -0.238238 101.9 0.452332 
v -0.40559 101.699 0.61492 
v -0.385722 101.943 0.501309 
v -0.29618 102.137 0.444172 

vn 0.141732 -0.354331 -0.929134 
vn -0.905512 -0.409449 -0.11811 
vn -0.566929 -0.188976 -0.80315 
vn -0.582677 -0.0314961 -0.811024 
vn -0.992126 -0.0393701 -0.133858 
vn 0.11811 -0.00787402 -0.992126 
vn -0.322835 -0.173228 -0.929134 
vn -0.818898 -0.377953 -0.433071 
vn -0.866142 -0.0866142 -0.488189 
vn 0.141732 -0.354331 -0.929134 
vn 0.11811 -0.00787402 -0.992126 
vn 0.771654 -0.133858 -0.622047 
vn 0.937008 -0.322835 0.133858 
vn -0.748031 -0.173228 0.637795 
vn 0.0787402 -1 0.0314961 
vn 0.0787402 -1 0.0314961 
vn -1 -0.015748 0.0472441 
vn 0.771654 0.023622 -0.637795 
vn -0.582677 0.11811 -0.80315 
vn 0.0866142 0.330709 -0.937008 
vn 0.0708661 -0.401575 -0.913386 
vn -0.653543 -0.598425 -0.456693 
vn -0.582677 -0.322835 -0.748031 
vn 0.748031 0.173228 -0.637795 
vn 0.0866142 0.330709 -0.937008 
vn -0.874016 -0.0787402 -0.472441 
vn 0.023622 -0.716535 -0.700787 
vn -0.937008 0.322835 -0.133858 
vn -0.771654 0.133858 0.622047 
vn -0.92126 -0.354331 -0.125984 
vn -0.968504 0.0314961 0.228346 
vn -0.338583 -0.173228 -0.92126 
vn 0.330709 -0.472441 -0.818898 
vn -0.330709 -0.503937 -0.795276 
vn 0.417323 -0.181102 -0.889764 
vn -1 0.015748 -0.0314961 
vn -0.645669 0.0866142 -0.755906 
vn -0.700787 -0.251969 -0.661417 
vn -0.700787 -0.251969 -0.661417 
vn 0.543307 -0.503937 -0.669291 
vn -0.330709 -0.937008 0.0708661 
vn -0.023622 -0.181102 -0.984252 
vn -0.645669 0.0866142 -0.755906 
vn -0.724409 -0.19685 0.661417 
vn -0.125984 -0.976378 -0.165354 
vn -0.818898 -0.377953 -0.433071 
vn -0.330709 -0.503937 -0.795276 
vn 0.992126 0.0393701 0.133858 
vn 0.330709 -0.472441 -0.818898 
vn 0.496063 -0.433071 0.755906 
vn -0.330709 -0.937008 0.0708661 
vn -0.685039 0.149606 0.708661 
vn 0.370079 -0.212598 -0.905512 
vn -0.330709 -0.188976 -0.92126 
vn -0.984252 0.173228 -0.0393701 
vn -0.937008 0.338583 -0.0551181 
vn 0.0708661 -0.401575 -0.913386 
vn 0.700787 -0.464567 -0.543307 
vn 0.023622 -0.716535 -0.700787 
vn 0.905512 0.409449 0.11811 
vn -0.0708661 -0.102362 0.992126 
vn -0.0866142 -0.330709 0.937008 
vn -0.771654 -0.023622 0.637795 
vn -0.11811 0.00787402 0.992126 
vn 0.582677 -0.11811 0.80315 
vn -0.11811 0.00787402 0.992126 
vn -0.0866142 -0.330709 0.937008 
vn -0.905512 -0.393701 0.141732 
vn 0.181102 -0.96063 -0.212598 
vn -0.637795 -0.755906 0.165354 
vn -0.511811 0.0472441 0.858268 
vn -0.377953 -0.598425 0.700787 
vn -0.141732 0.354331 0.929134 
vn -0.141732 0.354331 0.929134 
vn 0.566929 0.188976 0.80315 
vn 0.582677 0.0314961 0.811024 
vn -0.968504 -0.0551181 0.251969 
vn -0.905512 -0.338583 0.267717 
vn -0.708661 -0.259843 0.653543 
vn -0.472441 -0.15748 0.866142 
vn -0.511811 -0.401575 0.755906 
vn 0.716535 -0.566929 -0.393701 
vn -0.511811 -0.401575 0.755906 
vn -0.905512 -0.393701 0.141732 
vn 0.181102 -0.464567 0.866142 
vn 0.181102 -0.464567 0.866142 
vn 0.267717 0.00787402 0.96063 
vn -0.480315 0.0708661 0.874016 
vn 0.181102 -0.96063 -0.212598 
vn 0.913386 -0.385827 0.11811 
vn 0.385827 -0.787402 0.488189 
vn -0.984252 -0.141732 -0.0787402 
vn -0.535433 -0.637795 0.551181 
vn -0.834646 -0.0944882 0.543307 
vn 0.385827 -0.787402 0.488189 
vn -0.102362 -0.307087 0.944882 
vn 0.259843 0.015748 0.968504 
vn 0.472441 -0.425197 0.771654 
vn 0.023622 -0.0472441 1 
vn -0.952756 -0.181102 -0.244094 
vn -0.944882 0.0314961 -0.338583 
vn -0.527559 -0.0944882 -0.84252 
vn 0.11811 -0.165354 -0.976378 
vn -0.92126 -0.0866142 -0.370079 
vn -0.0787402 1 -0.0314961 
vn -0.968504 0.141732 0.212598 
vn -0.937008 0.0629921 0.346457 
vn -0.464567 0.141732 -0.874016 
vn -0.889764 0.251969 -0.385827 
vn -0.401575 0.464567 -0.787402 
vn -0.795276 0.464567 -0.393701 
vn -0.929134 -0.0787402 -0.370079 
vn -0.330709 0.866142 -0.370079 
vn -0.913386 0.0866142 0.393701 
vn -0.92126 0.346457 0.15748 
vn -0.787402 0.614173 0 
vn 0.149606 0.0472441 -0.984252 
vn 0.11811 -0.165354 -0.976378 
vn 0.401575 -0.251969 -0.88189 
vn 0.149606 0.0472441 -0.984252 
vn 0.724409 -0.181102 -0.669291 
vn -0.0787402 1 -0.0314961 
vn -0.952756 0.283465 -0.141732 
vn -0.559055 -0.19685 -0.80315 
vn 0.204724 0.330709 -0.92126 
vn -0.370079 -0.19685 -0.905512 
vn 0.354331 -0.251969 -0.897638 
vn 0.204724 0.330709 -0.92126 
vn 0.724409 0.0866142 -0.685039 
vn -0.606299 0.653543 0.448819 
vn -0.377953 0.228346 0.897638 
vn 0.425197 0.606299 -0.677165 
vn 0.425197 0.606299 -0.677165 
vn -0.141732 0.944882 0.283465 
vn -0.795276 0 0.614173 
vn -0.787402 0.204724 0.574803 
vn -0.456693 0.015748 0.889764 
vn -0.417323 0.173228 0.889764 
vn -0.433071 0.220472 0.874016 
vn -0.748031 0.409449 0.527559 
vn -0.377953 0.590551 0.716535 
vn -0.409449 0.425197 0.80315 
vn 0.0787402 0.173228 0.984252 
vn -0.858268 0.283465 0.425197 
vn 0.299213 0.125984 0.944882 
vn -0.944882 0.015748 0.322835 
vn -0.732283 -0.448819 -0.503937 
vn -0.732283 -0.566929 0.377953 
vn -0.275591 -0.220472 0.937008 
vn -0.944882 0.015748 0.322835 
vn -0.732283 -0.566929 0.377953 
vn 0.0944882 0.401575 0.913386 
vn 0.685039 0.543307 0.488189 
vn 0.0472441 0.669291 0.740157 
vn 0.582677 -0.181102 0.787402 
vn 0.692913 0.283465 0.669291 
vn -0.275591 -0.173228 -0.944882 
vn -0.818898 -0.110236 -0.566929 
vn -0.716535 0.259843 -0.653543 
vn 0.669291 0.740157 -0.0472441 
vn -0.771654 0.622047 0.11811 
vn -0.275591 0.472441 0.84252 
vn -0.771654 0.622047 0.11811 
vn -0.346457 0.102362 0.929134 
vn 0.338583 0.244094 0.905512 
vn 0.685039 -0.149606 -0.708661 
vn 0.023622 -0.0393701 -1 
vn 0.850394 -0.212598 -0.480315 
vn 0.937008 -0.338583 0.0551181 
vn 0.0708661 0.102362 -0.992126 
vn 0.84252 -0.165354 -0.511811 
vn 0.496063 -0.433071 0.755906 
vn 0.645669 -0.0866142 0.755906 
vn 0.716535 -0.566929 -0.393701 
vn 0.645669 -0.0866142 0.755906 
vn -0.496063 0.433071 -0.755906 
vn -0.496063 0.433071 -0.755906 
vn -0.543307 0.503937 0.669291 
vn 0.330709 0.937008 -0.0708661 
vn 0.204724 -0.291339 -0.937008 
vn -0.598425 -0.543307 -0.590551 
vn -0.559055 -0.19685 -0.80315 
vn 0.724409 0.19685 -0.661417 
vn -0.598425 -0.543307 -0.590551 
vn 0.0314961 0.181102 0.984252 
vn 0.700787 0.251969 0.661417 
vn 0.330709 0.937008 -0.0708661 
vn 0.984252 -0.173228 0.0393701 
vn 1 -0.015748 0.0314961 
vn 0.173228 -0.96063 -0.204724 
vn 0.125984 -0.653543 -0.748031 
vn 0.700787 0.251969 0.661417 
vn 0.598425 -0.503937 -0.629921 
vn 0.905512 -0.267717 -0.322835 
vn 0.748031 -0.598425 -0.275591 
vn 0.251969 0 -0.968504 
vn 0.653543 -0.259843 -0.716535 
vn 0.669291 -0.0472441 -0.740157 
vn 0.866142 -0.228346 -0.448819 
vn 0.929134 -0.023622 -0.370079 
vn -0.023622 0.0393701 1 
vn 0.811024 -0.433071 0.401575 
vn 0.307087 -0.84252 0.448819 
vn -0.700787 -0.708661 -0.0708661 
vn -0.535433 -0.637795 0.551181 
vn 0.811024 -0.433071 0.401575 
vn 0.913386 -0.0944882 0.393701 
vn 0.425197 -0.448819 0.787402 
vn -0.23622 -0.354331 0.905512 
vn -0.700787 -0.708661 -0.0708661 
vn 0.582677 -0.181102 0.787402 
vn 0.992126 -0.110236 0.0472441 
vn 0.472441 -0.425197 0.771654 
vn -0.23622 -0.354331 0.905512 
vn -0.125984 -0.0472441 0.992126 
vn -0.125984 -0.0472441 0.992126 
vn 0.716535 -0.566929 -0.393701 
vn 0.84252 -0.165354 -0.511811 
vn 0.889764 -0.11811 0.433071 
vn 0.850394 -0.212598 -0.480315 
vn 0.818898 -0.535433 0.220472 
vn 0.968504 -0.23622 0.0944882 
vn 0.76378 -0.362205 0.527559 
vn 0.913386 -0.0551181 0.409449 
vn 0.866142 -0.228346 -0.448819 
vn 1 0.00787402 0.015748 
vn 0.850394 -0.149606 0.503937 
vn 0.535433 -0.125984 0.834646 
vn 0.889764 0.0472441 0.456693 
vn 0.590551 0.149606 0.795276 
vn -0.488189 0.11811 -0.866142 
vn -0.488189 0.11811 -0.866142 
vn -0.433071 0.472441 -0.76378 
vn 0.330709 0.354331 -0.874016 
vn 0.874016 -0.188976 -0.440945 
vn -0.433071 0.472441 -0.76378 
vn -0.456693 0.811024 -0.362205 
vn 0.984252 0.15748 -0.0944882 
vn -0.456693 0.811024 -0.362205 
vn -0.291339 0.92126 0.251969 
vn 0.669291 0.740157 -0.0472441 
vn -0.188976 0.322835 -0.929134 
vn 0.314961 0.19685 -0.929134 
vn 0.330709 -0.519685 -0.787402 
vn 0.370079 -0.181102 -0.913386 
vn 0.125984 0.952756 -0.275591 
vn -0.188976 -0.614173 -0.76378 
vn 0.685039 0.543307 0.488189 
vn 0.80315 0.440945 -0.401575 
vn 0.669291 0.181102 -0.716535 
vn 0.850394 0.291339 -0.433071 
vn 0.511811 0.700787 -0.496063 
vn 0.874016 -0.188976 -0.440945 
vn 0.944882 0.322835 0 
vn 0.889764 0.251969 0.370079 
vn 0.645669 0.755906 0.102362 
vn 0.952756 -0.102362 -0.299213 
vn 0.92126 0.0472441 0.377953 
vn -0.291339 0.92126 0.251969 
vn 0.125984 0.952756 -0.275591 
vn 0.779528 0.433071 0.456693 
vn 0.80315 0.440945 -0.401575 
vn 0.795276 -0.598425 -0.11811 
vn 0.952756 -0.102362 -0.299213 
vn 0.110236 -0.968504 0.212598 
vn 0.110236 -0.968504 0.212598 
vn -0.0629921 0.622047 0.779528 
vn 0.692913 0.283465 0.669291 
vn 0.653543 0.0472441 0.755906 
vn 0.653543 0.0472441 0.755906 
vn -0.0472441 0.244094 0.968504 
vn 0.283465 -0.346457 0.897638 
vn 0.322835 0.590551 0.740157 
vn 0.732283 -0.299213 0.614173 
vn 0.291339 0.110236 0.952756 
vn 0.795276 -0.598425 -0.11811 
vn 0.637795 0.472441 0.606299 
vn -0.0472441 0.244094 0.968504 
vn -0.0629921 0.622047 0.779528 
vn 0.826772 0.0393701 0.559055 

vt 0.708808 0.494182 
vt 0.708865 0.494204 
vt 0.708832 0.494254 
vt 0.708833 0.494421 
vt 0.708878 0.494412 
vt 0.708786 0.49443 
vt 0.703441 0.487178 
vt 0.703517 0.486967 
vt 0.703502 0.487177 
vt 0.703884 0.496527 
vt 0.704028 0.496555 
vt 0.703918 0.496586 
vt 0.703882 0.496628 
vt 0.708903 0.49424 
vt 0.708858 0.494097 
vt 0.703824 0.496588 
vt 0.703644 0.487143 
vt 0.704011 0.496631 
vt 0.708853 0.494584 
vt 0.708839 0.494664 
vt 0.703961 0.491517 
vt 0.704088 0.491504 
vt 0.704025 0.491619 
vt 0.704096 0.496707 
vt 0.704144 0.496704 
vt 0.703489 0.487361 
vt 0.704058 0.491367 
vt 0.708892 0.49462 
vt 0.708924 0.49457 
vt 0.704108 0.491573 
vt 0.703664 0.487329 
vt 0.703426 0.487348 
vt 0.703408 0.486924 
vt 0.703468 0.486936 
vt 0.703362 0.487155 
vt 0.707456 0.496912 
vt 0.707541 0.497037 
vt 0.707409 0.496933 
vt 0.708943 0.48938 
vt 0.70889 0.489424 
vt 0.708883 0.489317 
vt 0.708928 0.489461 
vt 0.708995 0.489614 
vt 0.707437 0.496844 
vt 0.708653 0.488959 
vt 0.708624 0.488708 
vt 0.708676 0.48869 
vt 0.703994 0.496704 
vt 0.708723 0.488758 
vt 0.707427 0.496745 
vt 0.707376 0.496826 
vt 0.707556 0.496878 
vt 0.703345 0.487313 
vt 0.70339 0.487666 
vt 0.707548 0.496956 
vt 0.707644 0.496967 
vt 0.705099 0.494659 
vt 0.704906 0.494729 
vt 0.70504 0.494528 
vt 0.704106 0.49678 
vt 0.707468 0.49679 
vt 0.708917 0.49416 
vt 0.708923 0.494403 
vt 0.70897 0.494394 
vt 0.703892 0.496701 
vt 0.70396 0.496854 
vt 0.703844 0.496704 
vt 0.703675 0.486914 
vt 0.704228 0.49129 
vt 0.704217 0.491453 
vt 0.703803 0.487115 
vt 0.704339 0.491515 
vt 0.708948 0.494643 
vt 0.704104 0.496881 
vt 0.70407 0.496822 
vt 0.703978 0.496778 
vt 0.704182 0.49169 
vt 0.704206 0.491567 
vt 0.704312 0.491612 
vt 0.704362 0.491659 
vt 0.70381 0.486859 
vt 0.708766 0.489022 
vt 0.708512 0.489122 
vt 0.708509 0.488892 
vt 0.703929 0.486852 
vt 0.708604 0.489245 
vt 0.703935 0.487127 
vt 0.703805 0.487298 
vt 0.704912 0.494438 
vt 0.704809 0.494759 
vt 0.704774 0.494465 
vt 0.707382 0.495512 
vt 0.707555 0.495435 
vt 0.707509 0.49563 
vt 0.704391 0.491389 
vt 0.704399 0.491613 
vt 0.703939 0.487297 
vt 0.704473 0.491537 
vt 0.704429 0.491758 
vt 0.704074 0.491664 
vt 0.704048 0.491791 
vt 0.703992 0.49177 
vt 0.703903 0.49173 
vt 0.703509 0.487736 
vt 0.708899 0.494727 
vt 0.704158 0.491829 
vt 0.703659 0.487759 
vt 0.703989 0.491928 
vt 0.704041 0.491922 
vt 0.704014 0.492073 
vt 0.704047 0.492024 
vt 0.703501 0.487942 
vt 0.704112 0.492213 
vt 0.703641 0.488073 
vt 0.704141 0.491972 
vt 0.704127 0.4921 
vt 0.7039 0.491967 
vt 0.705126 0.49483 
vt 0.703263 0.48758 
vt 0.705123 0.495004 
vt 0.704916 0.494875 
vt 0.704164 0.49682 
vt 0.707296 0.495735 
vt 0.707215 0.495404 
vt 0.703959 0.492177 
vt 0.70338 0.487822 
vt 0.70324 0.487749 
vt 0.705088 0.495154 
vt 0.704924 0.495022 
vt 0.704239 0.49214 
vt 0.703797 0.488152 
vt 0.704099 0.492377 
vt 0.704977 0.495291 
vt 0.704241 0.492256 
vt 0.704298 0.491733 
vt 0.704283 0.491872 
vt 0.704367 0.491762 
vt 0.70381 0.487746 
vt 0.704359 0.491897 
vt 0.70426 0.492011 
vt 0.704302 0.492132 
vt 0.704334 0.492032 
vt 0.704426 0.491923 
vt 0.707424 0.495786 
vt 0.70396 0.487703 
vt 0.708313 0.496363 
vt 0.708237 0.496231 
vt 0.708272 0.496154 
vt 0.708631 0.493966 
vt 0.708739 0.493918 
vt 0.708639 0.494059 
vt 0.704393 0.492085 
vt 0.704375 0.492331 
vt 0.704329 0.49221 
vt 0.704523 0.49174 
vt 0.704467 0.492188 
vt 0.708171 0.49636 
vt 0.708252 0.496368 
vt 0.70823 0.496494 
vt 0.70427 0.492409 
vt 0.708271 0.49657 
vt 0.708708 0.49374 
vt 0.708767 0.493706 
vt 0.708684 0.49387 
vt 0.703966 0.488122 
vt 0.708903 0.489632 
vt 0.708949 0.489623 
vt 0.703188 0.487182 
vt 0.708857 0.489475 
vt 0.70895 0.48979 
vt 0.703225 0.487043 
vt 0.708833 0.489402 
vt 0.707571 0.49672 
vt 0.703275 0.486779 
vt 0.708812 0.48965 
vt 0.708974 0.489863 
vt 0.707685 0.497012 
vt 0.707675 0.496913 
vt 0.707736 0.49693 
vt 0.706062 0.493327 
vt 0.70603 0.493114 
vt 0.706133 0.493271 
vt 0.708917 0.48984 
vt 0.707305 0.495311 
vt 0.707656 0.496844 
vt 0.707703 0.496824 
vt 0.708924 0.489947 
vt 0.708858 0.489641 
vt 0.708879 0.489804 
vt 0.705873 0.493187 
vt 0.70599 0.493215 
vt 0.708864 0.489884 
vt 0.705969 0.493274 
vt 0.705915 0.493417 
vt 0.705885 0.49328 
vt 0.706103 0.493513 
vt 0.706012 0.493386 
vt 0.70604 0.493521 
vt 0.703109 0.487467 
vt 0.705949 0.493587 
vt 0.707563 0.496801 
vt 0.708717 0.489219 
vt 0.705765 0.493246 
vt 0.705863 0.493036 
vt 0.705705 0.493149 
vt 0.704042 0.486907 
vt 0.70406 0.487156 
vt 0.705714 0.49334 
vt 0.705638 0.493298 
vt 0.707439 0.495324 
vt 0.704662 0.494724 
vt 0.704814 0.494899 
vt 0.704702 0.494564 
vt 0.707596 0.495561 
vt 0.705612 0.493533 
vt 0.707591 0.495755 
vt 0.704165 0.48688 
vt 0.704201 0.487153 
vt 0.704067 0.487311 
vt 0.704211 0.48731 
vt 0.705797 0.493328 
vt 0.705826 0.493467 
vt 0.705755 0.493377 
vt 0.704097 0.487666 
vt 0.704243 0.487637 
vt 0.705862 0.493631 
vt 0.705766 0.493521 
vt 0.705699 0.493516 
vt 0.705794 0.493659 
vt 0.705735 0.493721 
vt 0.706176 0.493508 
vt 0.707156 0.495571 
vt 0.706151 0.493741 
vt 0.706089 0.493696 
vt 0.703069 0.487729 
vt 0.707149 0.49576 
vt 0.707221 0.495941 
vt 0.704828 0.495033 
vt 0.706047 0.493947 
vt 0.707336 0.496058 
vt 0.704838 0.495311 
vt 0.708163 0.496501 
vt 0.708098 0.496461 
vt 0.708113 0.496235 
vt 0.70809 0.496353 
vt 0.708156 0.496618 
vt 0.708178 0.496208 
vt 0.704753 0.495238 
vt 0.708049 0.496504 
vt 0.706049 0.493663 
vt 0.705979 0.493741 
vt 0.706004 0.493829 
vt 0.704264 0.487925 
vt 0.705889 0.493782 
vt 0.705839 0.493785 
vt 0.705893 0.493876 
vt 0.708031 0.496332 
vt 0.704116 0.488035 
vt 0.705886 0.494026 
vt 0.708686 0.493557 
vt 0.708586 0.49364 
vt 0.708562 0.493548 
vt 0.70808 0.496168 
vt 0.708494 0.493672 
vt 0.708181 0.496094 
vt 0.708543 0.49402 
vt 0.707425 0.496059 
vt 0.704687 0.495098 
vt 0.704655 0.494914 
vt 0.704524 0.491976 
vt 0.707533 0.495949 
vt 0.708574 0.493929 
vt 0.708653 0.493672 
vt 0.708529 0.493843 
vt 0.708613 0.493801 
vt 0.708484 0.493859 
vt 0.705819 0.493854 
vt 0.705665 0.493783 
vt 0.705775 0.493965 
vt 0.708544 0.493729 

usemtl Player1Mtl

f 4185/4185/4185 4186/4186/4186 4187/4187/4187 
f 4185/4185/4185 4224/4224/4224 4186/4186/4186 
f 4189/4189/4189 4185/4185/4185 4187/4187/4187 
f 4185/4185/4185 4223/4223/4223 4224/4224/4224 
f 4185/4185/4185 4189/4189/4189 4222/4222/4222 
f 4223/4223/4223 4185/4185/4185 4226/4226/4226 
f 4185/4185/4185 4222/4222/4222 4342/4342/4342 
f 4185/4185/4185 4342/4342/4342 4226/4226/4226 
f 4289/4289/4289 4290/4290/4290 4291/4291/4291 
f 4291/4291/4291 4406/4406/4406 4289/4289/4289 
f 4290/4290/4290 4289/4289/4289 4304/4304/4304 
f 4406/4406/4406 4412/4412/4412 4289/4289/4289 
f 4302/4302/4302 4290/4290/4290 4304/4304/4304 
f 4290/4290/4290 4302/4302/4302 4303/4303/4303 
f 4302/4302/4302 4400/4400/4400 4303/4303/4303 
f 4415/4415/4415 4304/4304/4304 4289/4289/4289 
f 4415/4415/4415 4302/4302/4302 4304/4304/4304 
f 4289/4289/4289 4412/4412/4412 4415/4415/4415 
f 4400/4400/4400 4302/4302/4302 4413/4413/4413 
f 4302/4302/4302 4415/4415/4415 4413/4413/4413 
f 4400/4400/4400 4413/4413/4413 4401/4401/4401 
f 4415/4415/4415 4401/4401/4401 4413/4413/4413 
f 4400/4400/4400 4401/4401/4401 4402/4402/4402 
f 4402/4402/4402 4401/4401/4401 4404/4404/4404 
f 4415/4415/4415 4420/4420/4420 4401/4401/4401 
f 4404/4404/4404 4401/4401/4401 4420/4420/4420 
f 4414/4414/4414 4415/4415/4415 4412/4412/4412 
f 4415/4415/4415 4414/4414/4414 4420/4420/4420 
f 4414/4414/4414 4404/4404/4404 4420/4420/4420 
f 4406/4406/4406 4414/4414/4414 4412/4412/4412 
f 4404/4404/4404 4414/4414/4414 4416/4416/4416 
f 4414/4414/4414 4406/4406/4406 4416/4416/4416 
f 4141/4141/4141 4142/4142/4142 4143/4143/4143 
f 4143/4143/4143 4146/4146/4146 4141/4141/4141 
f 4155/4155/4155 4142/4142/4142 4141/4141/4141 
f 4202/4202/4202 4142/4142/4142 4155/4155/4155 
f 4146/4146/4146 4143/4143/4143 4144/4144/4144 
f 4142/4142/4142 4202/4202/4202 4154/4154/4154 
f 4202/4202/4202 4204/4204/4204 4154/4154/4154 
f 4142/4142/4142 4145/4145/4145 4143/4143/4143 
f 4144/4144/4144 4143/4143/4143 4145/4145/4145 
f 4154/4154/4154 4145/4145/4145 4142/4142/4142 
f 4159/4159/4159 4146/4146/4146 4144/4144/4144 
f 4145/4145/4145 4159/4159/4159 4144/4144/4144 
f 4160/4160/4160 4146/4146/4146 4159/4159/4159 
f 4145/4145/4145 4154/4154/4154 4203/4203/4203 
f 4154/4154/4154 4204/4204/4204 4203/4203/4203 
f 4168/4168/4168 4160/4160/4160 4159/4159/4159 
f 4159/4159/4159 4145/4145/4145 4168/4168/4168 
f 4160/4160/4160 4168/4168/4168 4245/4245/4245 
f 4213/4213/4213 4245/4245/4245 4168/4168/4168 
f 4204/4204/4204 4169/4169/4169 4203/4203/4203 
f 4169/4169/4169 4204/4204/4204 4213/4213/4213 
f 4203/4203/4203 4169/4169/4169 4145/4145/4145 
f 4168/4168/4168 4169/4169/4169 4213/4213/4213 
f 4168/4168/4168 4145/4145/4145 4169/4169/4169 
f 4320/4320/4320 4321/4321/4321 4322/4322/4322 
f 4321/4321/4321 4320/4320/4320 4331/4331/4331 
f 4322/4322/4322 4336/4336/4336 4320/4320/4320 
f 4336/4336/4336 4322/4322/4322 4371/4371/4371 
f 4336/4336/4336 4371/4371/4371 4373/4373/4373 
f 4330/4330/4330 4321/4321/4321 4331/4331/4331 
f 4321/4321/4321 4330/4330/4330 4344/4344/4344 
f 4320/4320/4320 4333/4333/4333 4331/4331/4331 
f 4333/4333/4333 4330/4330/4330 4331/4331/4331 
f 4320/4320/4320 4337/4337/4337 4333/4333/4333 
f 4336/4336/4336 4337/4337/4337 4320/4320/4320 
f 4330/4330/4330 4333/4333/4333 4335/4335/4335 
f 4338/4338/4338 4337/4337/4337 4336/4336/4336 
f 4343/4343/4343 4344/4344/4344 4330/4330/4330 
f 4344/4344/4344 4343/4343/4343 4345/4345/4345 
f 4361/4361/4361 4330/4330/4330 4335/4335/4335 
f 4330/4330/4330 4361/4361/4361 4343/4343/4343 
f 4333/4333/4333 4334/4334/4334 4335/4335/4335 
f 4334/4334/4334 4333/4333/4333 4337/4337/4337 
f 4335/4335/4335 4362/4362/4362 4361/4361/4361 
f 4362/4362/4362 4335/4335/4335 4334/4334/4334 
f 4363/4363/4363 4343/4343/4343 4361/4361/4361 
f 4361/4361/4361 4362/4362/4362 4363/4363/4363 
f 4348/4348/4348 4345/4345/4345 4343/4343/4343 
f 4343/4343/4343 4363/4363/4363 4348/4348/4348 
f 4345/4345/4345 4348/4348/4348 4349/4349/4349 
f 4348/4348/4348 4355/4355/4355 4349/4349/4349 
f 4334/4334/4334 4366/4366/4366 4362/4362/4362 
f 4363/4363/4363 4368/4368/4368 4348/4348/4348 
f 4355/4355/4355 4348/4348/4348 4368/4368/4368 
f 4363/4363/4363 4362/4362/4362 4367/4367/4367 
f 4368/4368/4368 4363/4363/4363 4367/4367/4367 
f 4366/4366/4366 4367/4367/4367 4362/4362/4362 
f 4369/4369/4369 4368/4368/4368 4367/4367/4367 
f 4367/4367/4367 4366/4366/4366 4369/4369/4369 
f 4368/4368/4368 4370/4370/4370 4355/4355/4355 
f 4368/4368/4368 4369/4369/4369 4370/4370/4370 
f 4355/4355/4355 4370/4370/4370 4418/4418/4418 
f 4366/4366/4366 4334/4334/4334 4340/4340/4340 
f 4337/4337/4337 4340/4340/4340 4334/4334/4334 
f 4340/4340/4340 4337/4337/4337 4338/4338/4338 
f 4370/4370/4370 4417/4417/4417 4418/4418/4418 
f 4418/4418/4418 4417/4417/4417 4419/4419/4419 
f 4417/4417/4417 4399/4399/4399 4419/4419/4419 
f 4370/4370/4370 4395/4395/4395 4417/4417/4417 
f 4395/4395/4395 4370/4370/4370 4369/4369/4369 
f 4366/4366/4366 4395/4395/4395 4369/4369/4369 
f 4399/4399/4399 4417/4417/4417 4396/4396/4396 
f 4396/4396/4396 4417/4417/4417 4395/4395/4395 
f 4396/4396/4396 4379/4379/4379 4399/4399/4399 
f 4395/4395/4395 4366/4366/4366 4394/4394/4394 
f 4396/4396/4396 4395/4395/4395 4394/4394/4394 
f 4340/4340/4340 4394/4394/4394 4366/4366/4366 
f 4379/4379/4379 4396/4396/4396 4392/4392/4392 
f 4394/4394/4394 4392/4392/4392 4396/4396/4396 
f 4394/4394/4394 4340/4340/4340 4391/4391/4391 
f 4392/4392/4392 4394/4394/4394 4391/4391/4391 
f 4340/4340/4340 4390/4390/4390 4391/4391/4391 
f 4390/4390/4390 4340/4340/4340 4338/4338/4338 
f 4336/4336/4336 4390/4390/4390 4338/4338/4338 
f 4374/4374/4374 4391/4391/4391 4390/4390/4390 
f 4390/4390/4390 4336/4336/4336 4374/4374/4374 
f 4391/4391/4391 4374/4374/4374 4392/4392/4392 
f 4374/4374/4374 4379/4379/4379 4392/4392/4392 
f 4374/4374/4374 4336/4336/4336 4373/4373/4373 
f 4379/4379/4379 4374/4374/4374 4373/4373/4373 
f 4179/4179/4179 4180/4180/4180 4181/4181/4181 
f 4312/4312/4312 4181/4181/4181 4180/4180/4180 
f 4180/4180/4180 4179/4179/4179 4182/4182/4182 
f 4182/4182/4182 4179/4179/4179 4183/4183/4183 
f 4312/4312/4312 4180/4180/4180 4309/4309/4309 
f 4309/4309/4309 4315/4315/4315 4312/4312/4312 
f 4182/4182/4182 4306/4306/4306 4180/4180/4180 
f 4180/4180/4180 4306/4306/4306 4309/4309/4309 
f 4307/4307/4307 4182/4182/4182 4183/4183/4183 
f 4306/4306/4306 4182/4182/4182 4307/4307/4307 
f 4183/4183/4183 4310/4310/4310 4307/4307/4307 
f 4306/4306/4306 4307/4307/4307 4310/4310/4310 
f 4310/4310/4310 4183/4183/4183 4316/4316/4316 
f 4309/4309/4309 4306/4306/4306 4328/4328/4328 
f 4315/4315/4315 4309/4309/4309 4328/4328/4328 
f 4323/4323/4323 4306/4306/4306 4310/4310/4310 
f 4316/4316/4316 4323/4323/4323 4310/4310/4310 
f 4323/4323/4323 4316/4316/4316 4327/4327/4327 
f 4332/4332/4332 4323/4323/4323 4327/4327/4327 
f 4329/4329/4329 4315/4315/4315 4328/4328/4328 
f 4332/4332/4332 4315/4315/4315 4329/4329/4329 
f 4306/4306/4306 4329/4329/4329 4328/4328/4328 
f 4323/4323/4323 4332/4332/4332 4329/4329/4329 
f 4329/4329/4329 4306/4306/4306 4323/4323/4323 
f 4161/4161/4161 4162/4162/4162 4163/4163/4163 
f 4162/4162/4162 4161/4161/4161 4167/4167/4167 
f 4209/4209/4209 4162/4162/4162 4167/4167/4167 
f 4163/4163/4163 4243/4243/4243 4161/4161/4161 
f 4162/4162/4162 4209/4209/4209 4210/4210/4210 
f 4209/4209/4209 4212/4212/4212 4210/4210/4210 
f 4212/4212/4212 4209/4209/4209 4235/4235/4235 
f 4210/4210/4210 4170/4170/4170 4162/4162/4162 
f 4170/4170/4170 4163/4163/4163 4162/4162/4162 
f 4170/4170/4170 4210/4210/4210 4218/4218/4218 
f 4212/4212/4212 4218/4218/4218 4210/4210/4210 
f 4243/4243/4243 4163/4163/4163 4242/4242/4242 
f 4212/4212/4212 4235/4235/4235 4236/4236/4236 
f 4236/4236/4236 4235/4235/4235 4238/4238/4238 
f 4238/4238/4238 4239/4239/4239 4236/4236/4236 
f 4239/4239/4239 4238/4238/4238 4295/4295/4295 
f 4220/4220/4220 4212/4212/4212 4236/4236/4236 
f 4236/4236/4236 4239/4239/4239 4220/4220/4220 
f 4219/4219/4219 4212/4212/4212 4220/4220/4220 
f 4218/4218/4218 4212/4212/4212 4219/4219/4219 
f 4219/4219/4219 4217/4217/4217 4218/4218/4218 
f 4217/4217/4217 4170/4170/4170 4218/4218/4218 
f 4220/4220/4220 4275/4275/4275 4219/4219/4219 
f 4217/4217/4217 4219/4219/4219 4275/4275/4275 
f 4220/4220/4220 4239/4239/4239 4277/4277/4277 
f 4275/4275/4275 4220/4220/4220 4277/4277/4277 
f 4295/4295/4295 4283/4283/4283 4239/4239/4239 
f 4283/4283/4283 4295/4295/4295 4410/4410/4410 
f 4410/4410/4410 4296/4296/4296 4283/4283/4283 
f 4239/4239/4239 4279/4279/4279 4277/4277/4277 
f 4279/4279/4279 4239/4239/4239 4283/4283/4283 
f 4277/4277/4277 4276/4276/4276 4275/4275/4275 
f 4276/4276/4276 4277/4277/4277 4279/4279/4279 
f 4276/4276/4276 4217/4217/4217 4275/4275/4275 
f 4283/4283/4283 4296/4296/4296 4292/4292/4292 
f 4296/4296/4296 4293/4293/4293 4292/4292/4292 
f 4283/4283/4283 4282/4282/4282 4279/4279/4279 
f 4282/4282/4282 4283/4283/4283 4292/4292/4292 
f 4279/4279/4279 4280/4280/4280 4276/4276/4276 
f 4280/4280/4280 4279/4279/4279 4282/4282/4282 
f 4217/4217/4217 4276/4276/4276 4246/4246/4246 
f 4246/4246/4246 4276/4276/4276 4280/4280/4280 
f 4292/4292/4292 4293/4293/4293 4294/4294/4294 
f 4300/4300/4300 4294/4294/4294 4293/4293/4293 
f 4292/4292/4292 4281/4281/4281 4282/4282/4282 
f 4281/4281/4281 4292/4292/4292 4294/4294/4294 
f 4280/4280/4280 4282/4282/4282 4281/4281/4281 
f 4294/4294/4294 4300/4300/4300 4274/4274/4274 
f 4274/4274/4274 4281/4281/4281 4294/4294/4294 
f 4272/4272/4272 4274/4274/4274 4300/4300/4300 
f 4281/4281/4281 4270/4270/4270 4280/4280/4280 
f 4281/4281/4281 4274/4274/4274 4270/4270/4270 
f 4274/4274/4274 4272/4272/4272 4253/4253/4253 
f 4253/4253/4253 4270/4270/4270 4274/4274/4274 
f 4265/4265/4265 4253/4253/4253 4272/4272/4272 
f 4270/4270/4270 4253/4253/4253 4256/4256/4256 
f 4255/4255/4255 4280/4280/4280 4270/4270/4270 
f 4255/4255/4255 4270/4270/4270 4256/4256/4256 
f 4246/4246/4246 4280/4280/4280 4255/4255/4255 
f 4251/4251/4251 4256/4256/4256 4253/4253/4253 
f 4251/4251/4251 4255/4255/4255 4256/4256/4256 
f 4253/4253/4253 4265/4265/4265 4250/4250/4250 
f 4253/4253/4253 4250/4250/4250 4251/4251/4251 
f 4250/4250/4250 4265/4265/4265 4257/4257/4257 
f 4255/4255/4255 4251/4251/4251 4249/4249/4249 
f 4250/4250/4250 4249/4249/4249 4251/4251/4251 
f 4249/4249/4249 4246/4246/4246 4255/4255/4255 
f 4257/4257/4257 4248/4248/4248 4250/4250/4250 
f 4249/4249/4249 4250/4250/4250 4248/4248/4248 
f 4248/4248/4248 4257/4257/4257 4243/4243/4243 
f 4243/4243/4243 4242/4242/4242 4248/4248/4248 
f 4248/4248/4248 4241/4241/4241 4249/4249/4249 
f 4241/4241/4241 4248/4248/4248 4242/4242/4242 
f 4246/4246/4246 4249/4249/4249 4241/4241/4241 
f 4163/4163/4163 4241/4241/4241 4242/4242/4242 
f 4240/4240/4240 4246/4246/4246 4241/4241/4241 
f 4240/4240/4240 4241/4241/4241 4163/4163/4163 
f 4246/4246/4246 4240/4240/4240 4217/4217/4217 
f 4163/4163/4163 4170/4170/4170 4240/4240/4240 
f 4170/4170/4170 4217/4217/4217 4240/4240/4240 
f 4197/4197/4197 4198/4198/4198 4199/4199/4199 
f 4199/4199/4199 4198/4198/4198 4229/4229/4229 
f 4258/4258/4258 4198/4198/4198 4197/4197/4197 
f 4230/4230/4230 4229/4229/4229 4198/4198/4198 
f 4229/4229/4229 4230/4230/4230 4231/4231/4231 
f 4230/4230/4230 4353/4353/4353 4231/4231/4231 
f 4230/4230/4230 4351/4351/4351 4353/4353/4353 
f 4351/4351/4351 4230/4230/4230 4352/4352/4352 
f 4198/4198/4198 4352/4352/4352 4230/4230/4230 
f 4352/4352/4352 4409/4409/4409 4351/4351/4351 
f 4352/4352/4352 4408/4408/4408 4409/4409/4409 
f 4198/4198/4198 4258/4258/4258 4261/4261/4261 
f 4352/4352/4352 4198/4198/4198 4261/4261/4261 
f 4260/4260/4260 4261/4261/4261 4258/4258/4258 
f 4408/4408/4408 4352/4352/4352 4378/4378/4378 
f 4261/4261/4261 4378/4378/4378 4352/4352/4352 
f 4378/4378/4378 4388/4388/4388 4408/4408/4408 
f 4378/4378/4378 4381/4381/4381 4388/4388/4388 
f 4378/4378/4378 4273/4273/4273 4381/4381/4381 
f 4378/4378/4378 4261/4261/4261 4269/4269/4269 
f 4273/4273/4273 4378/4378/4378 4269/4269/4269 
f 4261/4261/4261 4260/4260/4260 4269/4269/4269 
f 4268/4268/4268 4273/4273/4273 4269/4269/4269 
f 4268/4268/4268 4269/4269/4269 4260/4260/4260 
f 4147/4147/4147 4148/4148/4148 4149/4149/4149 
f 4148/4148/4148 4147/4147/4147 4174/4174/4174 
f 4147/4147/4147 4173/4173/4173 4174/4174/4174 
f 4148/4148/4148 4157/4157/4157 4149/4149/4149 
f 4157/4157/4157 4148/4148/4148 4208/4208/4208 
f 4208/4208/4208 4211/4211/4211 4157/4157/4157 
f 4211/4211/4211 4208/4208/4208 4221/4221/4221 
f 4225/4225/4225 4211/4211/4211 4221/4221/4221 
f 4211/4211/4211 4171/4171/4171 4157/4157/4157 
f 4171/4171/4171 4149/4149/4149 4157/4157/4157 
f 4211/4211/4211 4225/4225/4225 4227/4227/4227 
f 4346/4346/4346 4227/4227/4227 4225/4225/4225 
f 4227/4227/4227 4228/4228/4228 4211/4211/4211 
f 4171/4171/4171 4211/4211/4211 4228/4228/4228 
f 4227/4227/4227 4346/4346/4346 4347/4347/4347 
f 4357/4357/4357 4347/4347/4347 4346/4346/4346 
f 4347/4347/4347 4357/4357/4357 4358/4358/4358 
f 4347/4347/4347 4237/4237/4237 4227/4227/4227 
f 4228/4228/4228 4227/4227/4227 4237/4237/4237 
f 4358/4358/4358 4359/4359/4359 4347/4347/4347 
f 4237/4237/4237 4347/4347/4347 4359/4359/4359 
f 4359/4359/4359 4358/4358/4358 4360/4360/4360 
f 4360/4360/4360 4364/4364/4364 4359/4359/4359 
f 4364/4364/4364 4237/4237/4237 4359/4359/4359 
f 4364/4364/4364 4360/4360/4360 4365/4365/4365 
f 4364/4364/4364 4365/4365/4365 4393/4393/4393 
f 4393/4393/4393 4398/4398/4398 4364/4364/4364 
f 4237/4237/4237 4364/4364/4364 4285/4285/4285 
f 4398/4398/4398 4285/4285/4285 4364/4364/4364 
f 4285/4285/4285 4228/4228/4228 4237/4237/4237 
f 4285/4285/4285 4398/4398/4398 4305/4305/4305 
f 4228/4228/4228 4285/4285/4285 4278/4278/4278 
f 4278/4278/4278 4285/4285/4285 4305/4305/4305 
f 4278/4278/4278 4305/4305/4305 4271/4271/4271 
f 4278/4278/4278 4171/4171/4171 4228/4228/4228 
f 4271/4271/4271 4247/4247/4247 4278/4278/4278 
f 4171/4171/4171 4278/4278/4278 4247/4247/4247 
f 4247/4247/4247 4271/4271/4271 4254/4254/4254 
f 4252/4252/4252 4247/4247/4247 4254/4254/4254 
f 4247/4247/4247 4252/4252/4252 4244/4244/4244 
f 4244/4244/4244 4171/4171/4171 4247/4247/4247 
f 4266/4266/4266 4244/4244/4244 4252/4252/4252 
f 4171/4171/4171 4244/4244/4244 4166/4166/4166 
f 4244/4244/4244 4266/4266/4266 4194/4194/4194 
f 4149/4149/4149 4171/4171/4171 4166/4166/4166 
f 4194/4194/4194 4166/4166/4166 4244/4244/4244 
f 4166/4166/4166 4147/4147/4147 4149/4149/4149 
f 4267/4267/4267 4194/4194/4194 4266/4266/4266 
f 4147/4147/4147 4166/4166/4166 4172/4172/4172 
f 4166/4166/4166 4194/4194/4194 4172/4172/4172 
f 4194/4194/4194 4267/4267/4267 4259/4259/4259 
f 4375/4375/4375 4259/4259/4259 4267/4267/4267 
f 4259/4259/4259 4375/4375/4375 4339/4339/4339 
f 4339/4339/4339 4308/4308/4308 4259/4259/4259 
f 4193/4193/4193 4194/4194/4194 4259/4259/4259 
f 4194/4194/4194 4193/4193/4193 4172/4172/4172 
f 4259/4259/4259 4308/4308/4308 4193/4193/4193 
f 4193/4193/4193 4147/4147/4147 4172/4172/4172 
f 4308/4308/4308 4175/4175/4175 4193/4193/4193 
f 4147/4147/4147 4193/4193/4193 4175/4175/4175 
f 4175/4175/4175 4308/4308/4308 4311/4311/4311 
f 4175/4175/4175 4173/4173/4173 4147/4147/4147 
f 4311/4311/4311 4173/4173/4173 4175/4175/4175 
f 4173/4173/4173 4311/4311/4311 4314/4314/4314 
f 4232/4232/4232 4233/4233/4233 4234/4234/4234 
f 4354/4354/4354 4234/4234/4234 4233/4233/4233 
f 4233/4233/4233 4232/4232/4232 4350/4350/4350 
f 4354/4354/4354 4356/4356/4356 4234/4234/4234 
f 4324/4324/4324 4350/4350/4350 4232/4232/4232 
f 4232/4232/4232 4264/4264/4264 4324/4324/4324 
f 4356/4356/4356 4284/4284/4284 4234/4234/4234 
f 4284/4284/4284 4232/4232/4232 4234/4234/4234 
f 4284/4284/4284 4356/4356/4356 4411/4411/4411 
f 4284/4284/4284 4411/4411/4411 4407/4407/4407 
f 4284/4284/4284 4407/4407/4407 4380/4380/4380 
f 4232/4232/4232 4284/4284/4284 4263/4263/4263 
f 4263/4263/4263 4264/4264/4264 4232/4232/4232 
f 4380/4380/4380 4263/4263/4263 4284/4284/4284 
f 4264/4264/4264 4263/4263/4263 4372/4372/4372 
f 4263/4263/4263 4380/4380/4380 4377/4377/4377 
f 4372/4372/4372 4263/4263/4263 4376/4376/4376 
f 4263/4263/4263 4377/4377/4377 4376/4376/4376 
f 4176/4176/4176 4177/4177/4177 4178/4178/4178 
f 4177/4177/4177 4176/4176/4176 4195/4195/4195 
f 4176/4176/4176 4178/4178/4178 4184/4184/4184 
f 4191/4191/4191 4184/4184/4184 4178/4178/4178 
f 4190/4190/4190 4184/4184/4184 4191/4191/4191 
f 4192/4192/4192 4176/4176/4176 4184/4184/4184 
f 4176/4176/4176 4192/4192/4192 4195/4195/4195 
f 4184/4184/4184 4190/4190/4190 4201/4201/4201 
f 4201/4201/4201 4192/4192/4192 4184/4184/4184 
f 4190/4190/4190 4313/4313/4313 4201/4201/4201 
f 4195/4195/4195 4196/4196/4196 4177/4177/4177 
f 4192/4192/4192 4196/4196/4196 4195/4195/4195 
f 4317/4317/4317 4177/4177/4177 4196/4196/4196 
f 4192/4192/4192 4201/4201/4201 4341/4341/4341 
f 4201/4201/4201 4313/4313/4313 4341/4341/4341 
f 4318/4318/4318 4317/4317/4317 4196/4196/4196 
f 4196/4196/4196 4192/4192/4192 4318/4318/4318 
f 4317/4317/4317 4318/4318/4318 4319/4319/4319 
f 4319/4319/4319 4318/4318/4318 4326/4326/4326 
f 4313/4313/4313 4325/4325/4325 4341/4341/4341 
f 4325/4325/4325 4192/4192/4192 4341/4341/4341 
f 4325/4325/4325 4313/4313/4313 4326/4326/4326 
f 4318/4318/4318 4192/4192/4192 4325/4325/4325 
f 4326/4326/4326 4318/4318/4318 4325/4325/4325 
f 4286/4286/4286 4287/4287/4287 4288/4288/4288 
f 4287/4287/4287 4405/4405/4405 4288/4288/4288 
f 4287/4287/4287 4286/4286/4286 4298/4298/4298 
f 4405/4405/4405 4287/4287/4287 4387/4387/4387 
f 4286/4286/4286 4299/4299/4299 4298/4298/4298 
f 4299/4299/4299 4286/4286/4286 4301/4301/4301 
f 4386/4386/4386 4299/4299/4299 4301/4301/4301 
f 4297/4297/4297 4287/4287/4287 4298/4298/4298 
f 4287/4287/4287 4297/4297/4297 4387/4387/4387 
f 4299/4299/4299 4297/4297/4297 4298/4298/4298 
f 4386/4386/4386 4382/4382/4382 4299/4299/4299 
f 4382/4382/4382 4297/4297/4297 4299/4299/4299 
f 4386/4386/4386 4383/4383/4383 4382/4382/4382 
f 4383/4383/4383 4297/4297/4297 4382/4382/4382 
f 4383/4383/4383 4386/4386/4386 4389/4389/4389 
f 4397/4397/4397 4383/4383/4383 4389/4389/4389 
f 4297/4297/4297 4383/4383/4383 4385/4385/4385 
f 4383/4383/4383 4397/4397/4397 4385/4385/4385 
f 4384/4384/4384 4297/4297/4297 4385/4385/4385 
f 4384/4384/4384 4385/4385/4385 4397/4397/4397 
f 4297/4297/4297 4384/4384/4384 4387/4387/4387 
f 4387/4387/4387 4384/4384/4384 4405/4405/4405 
f 4384/4384/4384 4397/4397/4397 4403/4403/4403 
f 4384/4384/4384 4403/4403/4403 4405/4405/4405 
f 4150/4150/4150 4151/4151/4151 4152/4152/4152 
f 4158/4158/4158 4152/4152/4152 4151/4151/4151 
f 4153/4153/4153 4150/4150/4150 4152/4152/4152 
f 4150/4150/4150 4153/4153/4153 4156/4156/4156 
f 4153/4153/4153 4207/4207/4207 4156/4156/4156 
f 4152/4152/4152 4188/4188/4188 4153/4153/4153 
f 4188/4188/4188 4152/4152/4152 4158/4158/4158 
f 4205/4205/4205 4207/4207/4207 4153/4153/4153 
f 4153/4153/4153 4188/4188/4188 4205/4205/4205 
f 4205/4205/4205 4206/4206/4206 4207/4207/4207 
f 4151/4151/4151 4164/4164/4164 4158/4158/4158 
f 4158/4158/4158 4164/4164/4164 4188/4188/4188 
f 4164/4164/4164 4151/4151/4151 4165/4165/4165 
f 4216/4216/4216 4205/4205/4205 4188/4188/4188 
f 4206/4206/4206 4205/4205/4205 4216/4216/4216 
f 4200/4200/4200 4188/4188/4188 4164/4164/4164 
f 4200/4200/4200 4164/4164/4164 4165/4165/4165 
f 4165/4165/4165 4262/4262/4262 4200/4200/4200 
f 4214/4214/4214 4200/4200/4200 4262/4262/4262 
f 4215/4215/4215 4206/4206/4206 4216/4216/4216 
f 4214/4214/4214 4206/4206/4206 4215/4215/4215 
f 4188/4188/4188 4215/4215/4215 4216/4216/4216 
f 4200/4200/4200 4214/4214/4214 4215/4215/4215 
f 4215/4215/4215 4188/4188/4188 4200/4200/4200 

g Player10

v -1.57134 103.109 -0.207287 
v -1.60852 103.373 -0.391089 
v -1.48216 103.281 -0.436477 
v -1.52734 103.379 -0.472657 
v -1.57523 103.644 -0.418583 
v -1.50312 103.444 -0.502152 
v -1.44652 103.69 -0.451959 
v -1.40027 103.39 -0.323799 
v -1.57134 103.109 -0.207287 
v -1.48216 103.281 -0.436477 
v -1.42753 103.417 -0.51651 
v -1.71068 103.25 -0.243695 
v -1.75052 103.688 -0.23552 
v -1.73851 103.36 -0.056242 
v -1.54487 103.381 0.0392075 
v -1.43391 103.268 -0.143534 
v -1.4886 103.174 -0.0865151 
v -1.583 103.677 -0.180381 
v -1.36641 103.41 -0.0595273 
v -1.57523 103.644 -0.418583 
v -1.52734 103.379 -0.472657 
v -1.40123 103.555 -0.297961 
v -1.61842 103.681 -0.423471 
v -1.51917 103.929 -0.473422 
v -1.59663 103.915 -0.365771 
v -1.52838 103.652 -0.484972 
v -1.41396 103.631 -0.497519 
v -1.60102 104.002 -0.324785 
v -1.79495 103.706 -0.0061074 
v -1.38608 103.76 -0.153877 
v -1.59663 103.915 -0.365771 
v -1.46372 104.175 -0.064482 
v -1.37538 103.755 -0.144265 
v -1.40604 103.326 -0.410429 
v -1.41804 103.326 -0.476889 
v -1.41804 103.326 -0.476889 
v -1.44652 103.69 -0.451959 
v -1.34265 103.428 -0.488492 
v -1.43228 103.573 -0.178068 
v -1.40296 103.455 -0.375969 
v -1.41101 103.334 -0.245976 
v -1.3998 103.733 -0.0696753 
v -1.32726 103.34 -0.0952376 
v -1.36785 103.889 -0.492489 
v -1.42991 103.657 -0.328671 
v -1.33894 103.71 -0.330766 
v -1.4752 104.11 -0.31776 
v -1.32377 103.979 0.000139534 
v -1.35967 103.822 -0.226809 
v -1.35416 103.817 -0.12335 
v -1.74229 104.056 -0.0225446 
v -1.583 103.677 -0.180381 
v -1.63866 103.346 0.0071184 
v -1.75861 103.705 -0.0461104 
v -1.7038 103.731 0.146763 
v -1.66243 103.237 0.0492475 
v -1.66243 103.237 0.0492475 
v -1.4886 103.174 -0.0865151 
v -1.7038 103.731 0.146763 
v -1.6368 103.337 0.195143 
v -1.4417 103.23 0.155295 
v -1.43344 103.617 0.399654 
v -1.57832 103.631 0.364824 
v -1.76341 103.848 0.211091 
v -1.74939 104.157 0.00118637 
v -1.54834 103.745 0.149954 
v -1.56085 104.09 0.0944359 
v -1.61617 103.898 0.242383 
v -1.48833 103.606 0.371496 
v -1.66378 103.887 0.449662 
v -1.64598 104.012 0.442944 
v -1.37726 103.674 0.517828 
v -1.52816 104.068 0.661696 
v -1.50341 103.53 0.0302493 
v -1.44575 103.176 -0.036266 
v -1.46534 103.183 0.0963742 
v -1.37184 103.286 -0.136719 
v -1.44575 103.176 -0.036266 
v -1.33803 103.192 0.0745433 
v -1.46534 103.183 0.0963742 
v -1.4417 103.23 0.155295 
v -1.43024 103.348 0.227219 
v -1.38219 103.539 0.341816 
v -1.43024 103.348 0.227219 
v -1.43344 103.617 0.399654 
v -1.28524 103.454 0.117996 
v -1.24899 103.479 -0.175496 
v -1.42624 103.776 0.0568424 
v -1.34203 103.727 0.18351 
v -1.61617 103.898 0.242383 
v -1.4549 104.047 0.165438 
v -1.40547 103.449 0.18874 
v -1.34242 103.724 0.515738 
v -1.41419 104.051 0.0931475 
v -1.40547 103.449 0.18874 
v -1.3208 103.709 0.317828 
v -1.45494 104.105 0.501167 
v -1.45494 104.105 0.501167 
v -1.70268 104.137 -0.185883 
v -1.69068 104.11 0.0126722 
v -1.729 104.111 -0.232225 
v -1.65008 103.922 -0.236042 
v -1.62221 104.086 -0.332521 
v -1.53939 103.901 -0.391046 
v -1.4752 104.11 -0.31776 
v -1.64539 104.286 -0.10386 
v -1.72086 104.213 -0.0364677 
v -1.69068 104.11 0.0126722 
v -1.65008 103.922 -0.236042 
v -1.36095 104.115 0.0081764 
v -1.64539 104.286 -0.10386 
v -1.56054 104.301 -0.293892 
v -1.57898 104.313 -0.0979078 
v -1.65887 104.4 -0.10542 
v -1.46303 104.488 -0.135044 
v -1.51426 104.617 0.049784 
v -1.68085 104.215 0.0945993 
v -1.68272 104.427 0.111451 
v -1.59624 104.551 0.16549 
v -1.4069 104.16 -0.334505 
v -1.53939 103.901 -0.391046 
v -1.4069 104.16 -0.334505 
v -1.44236 104.242 -0.380226 
v -1.54378 104.23 -0.238542 
v -1.40498 104.032 -0.235963 
v -1.54378 104.23 -0.238542 
v -1.45337 104.187 -0.0372774 
v -1.57898 104.313 -0.0979078 
v -1.32586 104.443 -0.209237 
v -1.32591 104.468 -0.135022 
v -1.3751 104.508 -0.065318 
v -1.36974 104.593 0.138798 
v -1.3751 104.508 -0.065318 
v -1.23918 104.268 0.0558531 
v -1.7678 104.38 0.20169 
v -1.68085 104.215 0.0945993 
v -1.53351 104.432 0.336132 
v -1.71321 104.485 0.42636 
v -1.71321 104.485 0.42636 
v -1.6967 104.317 0.541805 
v -1.65271 104.334 0.381106 
v -1.59624 104.551 0.16549 
v -1.61292 104.354 0.237261 
v -1.56455 104.559 0.183326 
v -1.50846 104.486 0.432292 
v -1.60941 104.515 0.726242 
v -1.53096 104.729 0.628731 
v -1.53096 104.729 0.628731 
v -1.61292 104.354 0.237261 
v -1.48365 104.55 0.318908 
v -1.38605 104.393 0.126742 
v -1.36974 104.593 0.138798 
v -1.24956 104.278 0.34441 
v -1.3229 104.301 0.794408 
v -1.50846 104.486 0.432292 
v -1.38177 104.366 0.335088 
v -1.27784 104.002 0.662394 
v -1.48365 104.55 0.318908 
v -1.38145 104.666 0.46838 
v -1.40213 104.533 0.789056 
v -1.27766 104.695 0.768263 
v -1.23887 104.646 0.624503 
v -1.30622 103.363 -0.454282 
v -1.30622 103.363 -0.454282 
v -1.27197 103.256 -0.287972 
v -1.31857 103.413 -0.492448 
v -1.23969 103.542 -0.376568 
v -1.23969 103.542 -0.376568 
v -1.24899 103.479 -0.175496 
v -1.26782 103.262 -0.102126 
v -1.37184 103.286 -0.136719 
v -1.20611 103.261 -0.0417331 
v -1.29616 103.592 -0.459939 
v -1.30707 103.695 -0.418617 
v -1.30707 103.695 -0.418617 
v -1.18945 103.464 -0.421234 
v -1.31857 103.413 -0.492448 
v -1.28581 103.691 -0.061151 
v -1.19891 103.721 -0.228386 
v -1.15504 103.734 -0.277792 
v -1.27197 103.256 -0.287972 
v -1.11368 103.341 -0.288205 
v -1.09976 103.344 -0.110956 
v -1.03467 103.591 -0.230822 
v -1.14743 103.676 -0.401477 
v -1.20611 103.261 -0.0417331 
v -1.15747 103.364 -0.106016 
v -1.0519 103.532 -0.0897518 
v -1.02131 103.501 -0.0469792 
v -1.19891 103.721 -0.228386 
v -1.15504 103.734 -0.277792 
v -1.2196 103.817 -0.425053 
v -1.14537 103.837 -0.269706 
v -1.05506 103.836 -0.160251 
v -1.05752 103.701 -0.0745009 
v -1.08454 103.978 -0.252714 
v -0.829114 103.713 -0.0264492 
v -1.33525 103.493 -0.0406544 
v -1.28901 103.175 -0.0329081 
v -1.17083 103.292 0.0259679 
v -1.26793 103.28 0.158487 
v -1.38219 103.539 0.341816 
v -1.19765 103.432 0.271444 
v -1.15988 103.469 0.00972614 
v -1.27454 103.934 0.109694 
v -1.24676 103.617 0.377375 
v -1.24676 103.617 0.377375 
v -1.34242 103.724 0.515738 
v -1.18731 103.838 0.299761 
v -1.15988 103.469 0.00972614 
v -1.07095 103.432 0.103093 
v -0.861388 103.581 0.231936 
v -1.05431 103.578 0.444126 
v -1.15045 103.733 -0.0459005 
v -1.15045 103.733 -0.0459005 
v -0.730457 103.921 0.0400534 
v -0.966446 103.795 0.564477 
v -0.767063 103.787 0.326091 
v -1.25877 103.92 -0.2377 
v -1.25877 103.92 -0.2377 
v -1.1234 104.04 -0.36454 
v -1.19498 103.908 -0.120919 
v -1.08454 103.978 -0.252714 
v -1.27827 104.164 -0.427126 
v -1.1929 104.377 -0.239225 
v -1.19652 104.375 -0.06405 
v -1.32591 104.468 -0.135022 
v -1.37889 104.331 0.156299 
v -1.19652 104.375 -0.06405 
v -1.05581 103.913 -0.185411 
v -1.19498 103.908 -0.120919 
v -1.09419 104.209 -0.230523 
v -1.05581 103.913 -0.185411 
v -1.04381 104.136 -0.10175 
v -0.940177 104.182 -0.192858 
v -0.761275 104.121 0.120083 
v -1.04381 104.136 -0.10175 
v -0.940177 104.182 -0.192858 
v -0.868322 104.365 -0.0313577 
v -0.868322 104.365 -0.0313577 
v -1.29591 104.092 0.389003 
v -1.29072 103.968 0.648699 
v -1.15911 104.063 0.628848 
v -1.00659 104.372 0.331674 
v -1.11387 104.457 0.602703 
v -1.16156 104.448 0.763723 
v -1.27766 104.695 0.768263 
v -1.16156 104.448 0.763723 
v -1.15911 104.063 0.628848 
v -0.781972 104.067 0.381462 
v -1.13147 104.121 0.515527 
v -1.29072 103.968 0.648699 
v -1.18603 104.226 0.646657 
v -0.963715 104.025 0.562658 
v -1.00659 104.372 0.331674 
v -1.18603 104.226 0.646657 

vn 0.0314961 -0.992126 -0.0866142 
vn -0.559055 -0.220472 -0.795276 
vn 0.291339 -0.472441 -0.826772 
vn -0.84252 -0.511811 -0.15748 
vn -0.984252 -0.173228 0.0472441 
vn -0.448819 -0.0944882 -0.889764 
vn 0.354331 0.102362 -0.929134 
vn 0.937008 -0.267717 -0.212598 
vn 0.0314961 -0.992126 -0.0866142 
vn 0.291339 -0.472441 -0.826772 
vn 0.0472441 -0.165354 -0.984252 
vn -0.84252 -0.409449 -0.354331 
vn -0.913386 0.0314961 -0.401575 
vn -0.944882 -0.291339 0.165354 
vn 0.551181 -0.314961 0.771654 
vn 0.850394 -0.425197 0.299213 
vn 0.0314961 -0.779528 -0.622047 
vn -0.228346 -0.0787402 -0.968504 
vn 0.755906 -0.275591 -0.590551 
vn -0.984252 -0.173228 0.0472441 
vn -0.84252 -0.511811 -0.15748 
vn -0.204724 -0.464567 0.866142 
vn -0.527559 0.0866142 -0.850394 
vn -0.503937 0.19685 -0.84252 
vn -1 0.015748 0 
vn -0.519685 0.0393701 -0.850394 
vn 0.110236 0.0472441 -0.992126 
vn -0.480315 0.338583 -0.811024 
vn -0.984252 -0.015748 0.173228 
vn -0.314961 -0.456693 0.834646 
vn -1 0.015748 0 
vn 0.519685 0.322835 -0.787402 
vn 0.622047 0.0472441 -0.779528 
vn -0.0866142 -0.779528 0.622047 
vn -0.023622 -0.80315 -0.590551 
vn -0.023622 -0.80315 -0.590551 
vn 0.354331 0.102362 -0.929134 
vn 0.480315 -0.110236 -0.874016 
vn -0.944882 0.0314961 0.322835 
vn -0.858268 -0.188976 -0.472441 
vn -0.866142 -0.496063 0.0314961 
vn 0.92126 -0.023622 0.393701 
vn -0.653543 -0.480315 0.582677 
vn 0.141732 0.102362 -0.984252 
vn -0.905512 0.251969 -0.346457 
vn 0.968504 0.0472441 -0.251969 
vn 0.322835 0.566929 -0.76378 
vn -0.220472 -0.314961 0.92126 
vn -0.80315 0.582677 -0.11811 
vn -0.685039 0.464567 0.566929 
vn -0.968504 0.251969 0.0866142 
vn -0.228346 -0.0787402 -0.968504 
vn -0.834646 -0.488189 -0.244094 
vn -0.905512 -0.141732 -0.401575 
vn -0.472441 -0.0472441 0.88189 
vn -0.299213 -0.606299 0.732283 
vn -0.299213 -0.606299 0.732283 
vn 0.0314961 -0.779528 -0.622047 
vn -0.472441 -0.0472441 0.88189 
vn -0.685039 -0.535433 0.488189 
vn 0.307087 -0.84252 0.448819 
vn 0.267717 -0.362205 0.897638 
vn -0.464567 -0.322835 0.826772 
vn -0.952756 -0.11811 0.283465 
vn -0.889764 0.15748 -0.433071 
vn 0.472441 -0.0393701 0.88189 
vn 0.464567 0.267717 0.84252 
vn -0.76378 -0.133858 -0.629921 
vn -0.614173 -0.700787 0.370079 
vn -0.897638 -0.346457 0.275591 
vn -0.598425 -0.0708661 0.80315 
vn -0.015748 -0.614173 0.787402 
vn -0.464567 -0.322835 0.826772 
vn -0.968504 0.110236 -0.220472 
vn -0.653543 -0.622047 -0.425197 
vn -0.653543 -0.629921 0.409449 
vn -0.322835 -0.244094 -0.913386 
vn -0.653543 -0.622047 -0.425197 
vn 0.244094 -0.866142 0.440945 
vn -0.653543 -0.629921 0.409449 
vn 0.307087 -0.84252 0.448819 
vn -0.629921 -0.362205 0.685039 
vn -0.700787 -0.322835 0.637795 
vn -0.629921 -0.362205 0.685039 
vn 0.267717 -0.362205 0.897638 
vn 0.952756 -0.291339 0.0866142 
vn -0.133858 -0.110236 -0.984252 
vn -0.952756 0.141732 -0.267717 
vn 0.370079 -0.102362 -0.92126 
vn -0.76378 -0.133858 -0.629921 
vn 0.00787402 0.181102 -0.984252 
vn -0.0629921 -0.811024 -0.582677 
vn -0.677165 -0.322835 0.661417 
vn -0.929134 0.212598 -0.291339 
vn -0.0629921 -0.811024 -0.582677 
vn 0.84252 -0.181102 0.503937 
vn 0.188976 0.0393701 0.984252 
vn 0.188976 0.0393701 0.984252 
vn -0.779528 0.425197 -0.456693 
vn -0.629921 -0.551181 0.551181 
vn -0.937008 0 -0.338583 
vn -0.472441 -0.866142 -0.141732 
vn -0.543307 0.102362 -0.834646 
vn 0.133858 -0.551181 -0.826772 
vn 0.322835 0.566929 -0.76378 
vn -0.267717 0.433071 -0.866142 
vn -0.992126 -0.00787402 0.11811 
vn -0.629921 -0.551181 0.551181 
vn -0.472441 -0.866142 -0.141732 
vn 0.740157 -0.527559 0.417323 
vn -0.267717 0.433071 -0.866142 
vn -0.275591 0.480315 -0.834646 
vn -0.00787402 0.992126 -0.0944882 
vn -0.76378 0.527559 -0.377953 
vn -0.023622 0.748031 -0.669291 
vn -0.291339 0.929134 -0.228346 
vn -0.433071 0.566929 0.692913 
vn -0.929134 0.299213 0.220472 
vn -0.181102 0.96063 -0.220472 
vn 0.661417 -0.0708661 -0.748031 
vn 0.133858 -0.551181 -0.826772 
vn 0.661417 -0.0708661 -0.748031 
vn -0.385827 0.527559 -0.755906 
vn -0.944882 0.299213 0.11811 
vn 0.929134 0.322835 -0.181102 
vn -0.944882 0.299213 0.11811 
vn 0.826772 0.440945 0.338583 
vn -0.00787402 0.992126 -0.0944882 
vn -0.015748 0.866142 -0.496063 
vn 0.818898 0.393701 -0.417323 
vn -0.401575 0.787402 0.472441 
vn 0.748031 0.535433 0.385827 
vn -0.401575 0.787402 0.472441 
vn 0.102362 0.141732 0.984252 
vn -0.929134 0.362205 0.0944882 
vn -0.433071 0.566929 0.692913 
vn -0.165354 0.440945 -0.88189 
vn -0.84252 0.377953 -0.377953 
vn -0.84252 0.377953 -0.377953 
vn -0.952756 -0.0393701 0.291339 
vn -0.685039 0.275591 0.677165 
vn -0.181102 0.96063 -0.220472 
vn -0.370079 -0.19685 0.905512 
vn -0.629921 0.708661 0.322835 
vn 0.0944882 0.661417 0.748031 
vn -0.677165 0.141732 0.716535 
vn -0.488189 0.858268 0.165354 
vn -0.488189 0.858268 0.165354 
vn -0.370079 -0.19685 0.905512 
vn 0.102362 0.299213 0.944882 
vn 0.771654 0.527559 -0.354331 
vn 0.748031 0.535433 0.385827 
vn 0.614173 0.291339 -0.732283 
vn 0.0393701 -0.204724 0.976378 
vn 0.0944882 0.661417 0.748031 
vn 0.834646 0.464567 0.291339 
vn 0.23622 -0.425197 0.874016 
vn 0.102362 0.299213 0.944882 
vn 0.23622 0.708661 -0.661417 
vn -0.204724 0.133858 0.968504 
vn 0.338583 0.661417 0.669291 
vn 0.692913 0.685039 -0.228346 
vn 0.795276 -0.582677 -0.15748 
vn 0.795276 -0.582677 -0.15748 
vn -0.0708661 -0.937008 -0.338583 
vn -0.212598 -0.283465 -0.937008 
vn 0.889764 -0.440945 0.102362 
vn 0.889764 -0.440945 0.102362 
vn -0.133858 -0.110236 -0.984252 
vn 0.377953 -0.559055 -0.732283 
vn -0.322835 -0.244094 -0.913386 
vn 0.0472441 -0.740157 0.669291 
vn 0.598425 -0.0393701 -0.80315 
vn -0.244094 0.409449 -0.874016 
vn -0.244094 0.409449 -0.874016 
vn 0.551181 -0.19685 -0.811024 
vn -0.212598 -0.283465 -0.937008 
vn -0.393701 0.228346 0.889764 
vn -0.212598 -0.0472441 -0.976378 
vn 0.834646 -0.527559 0.141732 
vn -0.0708661 -0.937008 -0.338583 
vn 0.748031 -0.519685 -0.409449 
vn 0.779528 -0.590551 0.204724 
vn 0.952756 -0.00787402 -0.307087 
vn 0.566929 0.251969 -0.787402 
vn 0.0472441 -0.740157 0.669291 
vn 0.622047 -0.456693 -0.637795 
vn 0.629921 -0.448819 -0.637795 
vn 0.850394 -0.11811 0.511811 
vn -0.212598 -0.0472441 -0.976378 
vn 0.834646 -0.527559 0.141732 
vn 0.645669 -0.0787402 -0.76378 
vn 0.543307 0.614173 -0.574803 
vn 0.834646 0.535433 0.0944882 
vn 0.748031 0.259843 0.606299 
vn -0.0787402 0.0787402 -0.992126 
vn 0.748031 -0.401575 -0.535433 
vn -0.582677 -0.0393701 0.811024 
vn 0.385827 -0.88189 -0.251969 
vn 0.740157 -0.669291 0.0472441 
vn 0.362205 -0.692913 0.622047 
vn -0.700787 -0.322835 0.637795 
vn 0.228346 -0.732283 0.637795 
vn 0.11811 -0.110236 0.984252 
vn 0.976378 0.102362 -0.204724 
vn 0.755906 -0.637795 0.165354 
vn 0.755906 -0.637795 0.165354 
vn -0.677165 -0.322835 0.661417 
vn 0.874016 -0.0866142 -0.472441 
vn 0.11811 -0.110236 0.984252 
vn 0.685039 -0.724409 0.0787402 
vn 0.740157 -0.661417 0.141732 
vn 0.251969 -0.677165 0.685039 
vn 0.125984 0.322835 0.937008 
vn 0.125984 0.322835 0.937008 
vn 0.937008 -0.0866142 -0.330709 
vn 0.440945 -0.314961 0.84252 
vn 0.897638 -0.267717 0.346457 
vn -0.204724 0.913386 -0.346457 
vn -0.204724 0.913386 -0.346457 
vn 0.755906 0.0787402 -0.653543 
vn 0.0787402 0.834646 0.543307 
vn -0.0787402 0.0787402 -0.992126 
vn 0.275591 0.354331 -0.897638 
vn 0.590551 0.669291 -0.448819 
vn 0.692913 0.637795 0.338583 
vn 0.818898 0.393701 -0.417323 
vn -0.779528 0.606299 -0.165354 
vn 0.692913 0.637795 0.338583 
vn 0.913386 -0.346457 0.220472 
vn 0.0787402 0.834646 0.543307 
vn 0.866142 0.354331 -0.346457 
vn 0.913386 -0.346457 0.220472 
vn 0.92126 0.0629921 0.385827 
vn 0.330709 0.393701 -0.858268 
vn 0.952756 0.307087 -0.0314961 
vn 0.92126 0.0629921 0.385827 
vn 0.330709 0.393701 -0.858268 
vn 0.566929 0.755906 -0.330709 
vn 0.566929 0.755906 -0.330709 
vn 0.88189 0.0944882 0.464567 
vn -0.456693 0.0472441 0.889764 
vn 0.795276 -0.299213 0.535433 
vn 0.244094 0.913386 0.338583 
vn 0.952756 0.259843 -0.149606 
vn 0.708661 0.0866142 0.692913 
vn 0.338583 0.661417 0.669291 
vn 0.708661 0.0866142 0.692913 
vn 0.795276 -0.299213 0.535433 
vn 0.850394 0.251969 0.456693 
vn 0.992126 -0.0472441 -0.125984 
vn -0.456693 0.0472441 0.889764 
vn -0.023622 0.535433 0.84252 
vn 0.559055 0.15748 0.811024 
vn 0.244094 0.913386 0.338583 
vn -0.023622 0.535433 0.84252 

vt 0.708221 0.993385 
vt 0.708107 0.993559 
vt 0.708064 0.993451 
vt 0.706502 0.994852 
vt 0.706544 0.995046 
vt 0.706486 0.994902 
vt 0.70798 0.993736 
vt 0.708124 0.987952 
vt 0.707999 0.98777 
vt 0.708155 0.987822 
vt 0.706447 0.994883 
vt 0.708204 0.993541 
vt 0.708173 0.993815 
vt 0.708288 0.993633 
vt 0.707928 0.988049 
vt 0.708023 0.987938 
vt 0.706526 0.993368 
vt 0.706697 0.993658 
vt 0.706525 0.993563 
vt 0.704985 0.995543 
vt 0.705092 0.995614 
vt 0.704984 0.995743 
vt 0.708068 0.993758 
vt 0.706494 0.995232 
vt 0.706559 0.995264 
vt 0.706501 0.995044 
vt 0.70644 0.995026 
vt 0.708065 0.993993 
vt 0.70828 0.993879 
vt 0.70488 0.995765 
vt 0.704873 0.995486 
vt 0.70665 0.99405 
vt 0.706602 0.993759 
vt 0.705086 0.995734 
vt 0.705116 0.995718 
vt 0.706442 0.994813 
vt 0.708245 0.988099 
vt 0.706403 0.994889 
vt 0.703186 0.996238 
vt 0.70318 0.996054 
vt 0.703247 0.996125 
vt 0.708051 0.988241 
vt 0.703293 0.996241 
vt 0.70642 0.995195 
vt 0.703123 0.996159 
vt 0.708172 0.988154 
vt 0.70822 0.988451 
vt 0.704773 0.995818 
vt 0.703093 0.996299 
vt 0.703125 0.996363 
vt 0.708229 0.994103 
vt 0.706954 0.987059 
vt 0.707127 0.986973 
vt 0.707037 0.987184 
vt 0.708363 0.993936 
vt 0.708355 0.993551 
vt 0.70787 0.987947 
vt 0.707135 0.986779 
vt 0.707854 0.988343 
vt 0.707202 0.98705 
vt 0.707266 0.986898 
vt 0.707343 0.987262 
vt 0.707268 0.987271 
vt 0.70713 0.98736 
vt 0.706987 0.987483 
vt 0.707932 0.988316 
vt 0.707991 0.988533 
vt 0.70667 0.994797 
vt 0.706816 0.994668 
vt 0.706763 0.994891 
vt 0.707225 0.98754 
vt 0.706896 0.994749 
vt 0.706866 0.995052 
vt 0.707005 0.992635 
vt 0.707012 0.992392 
vt 0.70708 0.992433 
vt 0.706931 0.992432 
vt 0.703699 0.992169 
vt 0.703616 0.992171 
vt 0.703641 0.992067 
vt 0.706392 0.993466 
vt 0.707125 0.992589 
vt 0.707153 0.992771 
vt 0.703533 0.992017 
vt 0.706293 0.993823 
vt 0.706442 0.99365 
vt 0.706847 0.992557 
vt 0.706976 0.992801 
vt 0.707717 0.992854 
vt 0.707873 0.992981 
vt 0.707776 0.993062 
vt 0.707733 0.992656 
vt 0.707202 0.992971 
vt 0.706961 0.992974 
vt 0.706803 0.994463 
vt 0.706373 0.993863 
vt 0.706328 0.994223 
vt 0.707305 0.987659 
vt 0.70814 0.994104 
vt 0.708598 0.990821 
vt 0.708522 0.990644 
vt 0.708571 0.99053 
vt 0.708482 0.990547 
vt 0.708492 0.990397 
vt 0.708007 0.994084 
vt 0.706897 0.987541 
vt 0.708544 0.990815 
vt 0.708428 0.989735 
vt 0.708557 0.989566 
vt 0.708549 0.989894 
vt 0.70674 0.994136 
vt 0.708414 0.990651 
vt 0.708129 0.994278 
vt 0.708457 0.990823 
vt 0.708352 0.990826 
vt 0.708386 0.991001 
vt 0.708256 0.994254 
vt 0.708494 0.990992 
vt 0.706626 0.994413 
vt 0.70869 0.989759 
vt 0.708655 0.989539 
vt 0.708362 0.990513 
vt 0.706452 0.995453 
vt 0.706519 0.995543 
vt 0.708166 0.988396 
vt 0.704722 0.995515 
vt 0.70808 0.98853 
vt 0.708109 0.988671 
vt 0.706379 0.995633 
vt 0.708283 0.990809 
vt 0.706387 0.99577 
vt 0.708322 0.991098 
vt 0.70458 0.995702 
vt 0.704667 0.995868 
vt 0.707054 0.987669 
vt 0.707972 0.988665 
vt 0.707798 0.993368 
vt 0.70788 0.993474 
vt 0.706675 0.995291 
vt 0.706747 0.995191 
vt 0.707151 0.987723 
vt 0.707013 0.987838 
vt 0.708531 0.991108 
vt 0.708434 0.991093 
vt 0.707177 0.987883 
vt 0.706832 0.995341 
vt 0.706818 0.995515 
vt 0.707742 0.993699 
vt 0.708383 0.990019 
vt 0.708404 0.990214 
vt 0.706566 0.994225 
vt 0.708517 0.990212 
vt 0.70766 0.993239 
vt 0.706977 0.995219 
vt 0.70646 0.994446 
vt 0.706473 0.99429 
vt 0.706985 0.994978 
vt 0.708424 0.991227 
vt 0.707698 0.99352 
vt 0.706932 0.995374 
vt 0.706984 0.995498 
vt 0.707599 0.993561 
vt 0.705097 0.995822 
vt 0.70638 0.994841 
vt 0.703304 0.996032 
vt 0.703162 0.995928 
vt 0.706322 0.994969 
vt 0.705016 0.995896 
vt 0.703671 0.992533 
vt 0.70366 0.992347 
vt 0.703715 0.992331 
vt 0.70336 0.996283 
vt 0.706374 0.995002 
vt 0.703058 0.996096 
vt 0.705513 0.99628 
vt 0.705436 0.996101 
vt 0.705502 0.996029 
vt 0.703183 0.996413 
vt 0.70679 0.992725 
vt 0.704924 0.995982 
vt 0.70536 0.995918 
vt 0.705347 0.996067 
vt 0.70526 0.996098 
vt 0.705339 0.996241 
vt 0.705438 0.996255 
vt 0.705213 0.99601 
vt 0.703616 0.99244 
vt 0.703561 0.992552 
vt 0.705251 0.996221 
vt 0.703631 0.992738 
vt 0.706249 0.995115 
vt 0.706336 0.99516 
vt 0.705396 0.996398 
vt 0.705331 0.996403 
vt 0.705277 0.996349 
vt 0.703545 0.992932 
vt 0.70345 0.992657 
vt 0.703251 0.99633 
vt 0.703646 0.992263 
vt 0.703581 0.992322 
vt 0.70355 0.99218 
vt 0.703414 0.992004 
vt 0.703457 0.992192 
vt 0.703307 0.996446 
vt 0.706503 0.993941 
vt 0.707595 0.992788 
vt 0.706942 0.994597 
vt 0.703268 0.992014 
vt 0.707629 0.992951 
vt 0.705184 0.996199 
vt 0.70351 0.99237 
vt 0.703396 0.992458 
vt 0.70334 0.99225 
vt 0.703184 0.996534 
vt 0.705244 0.996423 
vt 0.703362 0.992724 
vt 0.703239 0.992325 
vt 0.703312 0.992519 
vt 0.703043 0.996366 
vt 0.705423 0.996503 
vt 0.706294 0.995318 
vt 0.703082 0.996491 
vt 0.706725 0.992927 
vt 0.706379 0.995378 
vt 0.706322 0.995563 
vt 0.706275 0.995687 
vt 0.708656 0.990067 
vt 0.706951 0.993149 
vt 0.704607 0.995915 
vt 0.706192 0.995289 
vt 0.705339 0.996524 
vt 0.706263 0.99547 
vt 0.70483 0.996075 
vt 0.70472 0.996078 
vt 0.703416 0.993016 
vt 0.703283 0.99278 
vt 0.706192 0.995486 
vt 0.706696 0.993146 
vt 0.706739 0.993349 
vt 0.70327 0.992996 
vt 0.706405 0.994127 
vt 0.707212 0.993202 
vt 0.707053 0.994981 
vt 0.706947 0.99347 
vt 0.707549 0.993423 
vt 0.707061 0.995314 
vt 0.707572 0.993681 
vt 0.707482 0.993505 
vt 0.707476 0.993169 
vt 0.703222 0.992589 
vt 0.707543 0.993183 
vt 0.703128 0.992115 
vt 0.703043 0.992313 
vt 0.703165 0.992408 
vt 0.70308 0.992721 
vt 0.707161 0.9934 

usemtl Player1Mtl

f 4520/4520/4520 4521/4521/4521 4522/4522/4522 
f 4521/4521/4521 4520/4520/4520 4527/4527/4527 
f 4523/4523/4523 4522/4522/4522 4521/4521/4521 
f 4522/4522/4522 4523/4523/4523 4524/4524/4524 
f 4523/4523/4523 4542/4542/4542 4524/4524/4524 
f 4521/4521/4521 4532/4532/4532 4523/4523/4523 
f 4542/4542/4542 4523/4523/4523 4532/4532/4532 
f 4527/4527/4527 4534/4534/4534 4521/4521/4521 
f 4532/4532/4532 4521/4521/4521 4534/4534/4534 
f 4520/4520/4520 4538/4538/4538 4527/4527/4527 
f 4534/4534/4534 4527/4527/4527 4538/4538/4538 
f 4538/4538/4538 4520/4520/4520 4563/4563/4563 
f 4542/4542/4542 4532/4532/4532 4535/4535/4535 
f 4534/4534/4534 4535/4535/4535 4532/4532/4532 
f 4550/4550/4550 4542/4542/4542 4535/4535/4535 
f 4535/4535/4535 4534/4534/4534 4536/4536/4536 
f 4536/4536/4536 4550/4550/4550 4535/4535/4535 
f 4538/4538/4538 4536/4536/4536 4534/4534/4534 
f 4550/4550/4550 4536/4536/4536 4552/4552/4552 
f 4563/4563/4563 4564/4564/4564 4538/4538/4538 
f 4536/4536/4536 4538/4538/4538 4564/4564/4564 
f 4564/4564/4564 4552/4552/4552 4536/4536/4536 
f 4564/4564/4564 4563/4563/4563 4578/4578/4578 
f 4552/4552/4552 4564/4564/4564 4578/4578/4578 
f 4488/4488/4488 4489/4489/4489 4490/4490/4490 
f 4489/4489/4489 4488/4488/4488 4515/4515/4515 
f 4627/4627/4627 4489/4489/4489 4515/4515/4515 
f 4488/4488/4488 4490/4490/4490 4560/4560/4560 
f 4559/4559/4559 4488/4488/4488 4560/4560/4560 
f 4492/4492/4492 4490/4490/4490 4489/4489/4489 
f 4489/4489/4489 4627/4627/4627 4492/4492/4492 
f 4493/4493/4493 4560/4560/4560 4490/4490/4490 
f 4490/4490/4490 4492/4492/4492 4493/4493/4493 
f 4566/4566/4566 4559/4559/4559 4560/4560/4560 
f 4560/4560/4560 4493/4493/4493 4566/4566/4566 
f 4559/4559/4559 4566/4566/4566 4567/4567/4567 
f 4577/4577/4577 4492/4492/4492 4627/4627/4627 
f 4577/4577/4577 4493/4493/4493 4492/4492/4492 
f 4627/4627/4627 4663/4663/4663 4577/4577/4577 
f 4493/4493/4493 4577/4577/4577 4574/4574/4574 
f 4663/4663/4663 4574/4574/4574 4577/4577/4577 
f 4574/4574/4574 4566/4566/4566 4493/4493/4493 
f 4574/4574/4574 4663/4663/4663 4666/4666/4666 
f 4580/4580/4580 4567/4567/4567 4566/4566/4566 
f 4566/4566/4566 4574/4574/4574 4580/4580/4580 
f 4666/4666/4666 4580/4580/4580 4574/4574/4574 
f 4567/4567/4567 4580/4580/4580 4581/4581/4581 
f 4580/4580/4580 4666/4666/4666 4581/4581/4581 
f 4424/4424/4424 4425/4425/4425 4426/4426/4426 
f 4431/4431/4431 4424/4424/4424 4426/4426/4426 
f 4424/4424/4424 4431/4431/4431 4456/4456/4456 
f 4426/4426/4426 4425/4425/4425 4446/4446/4446 
f 4458/4458/4458 4456/4456/4456 4431/4431/4431 
f 4456/4456/4456 4458/4458/4458 4584/4584/4584 
f 4458/4458/4458 4587/4587/4587 4584/4584/4584 
f 4426/4426/4426 4447/4447/4447 4431/4431/4431 
f 4447/4447/4447 4458/4458/4458 4431/4431/4431 
f 4447/4447/4447 4426/4426/4426 4446/4446/4446 
f 4587/4587/4587 4458/4458/4458 4593/4593/4593 
f 4458/4458/4458 4447/4447/4447 4593/4593/4593 
f 4593/4593/4593 4611/4611/4611 4587/4587/4587 
f 4425/4425/4425 4444/4444/4444 4446/4446/4446 
f 4444/4444/4444 4425/4425/4425 4445/4445/4445 
f 4446/4446/4446 4464/4464/4464 4447/4447/4447 
f 4464/4464/4464 4446/4446/4446 4444/4444/4444 
f 4464/4464/4464 4593/4593/4593 4447/4447/4447 
f 4611/4611/4611 4593/4593/4593 4612/4612/4612 
f 4593/4593/4593 4464/4464/4464 4612/4612/4612 
f 4612/4612/4612 4650/4650/4650 4611/4611/4611 
f 4445/4445/4445 4543/4543/4543 4444/4444/4444 
f 4543/4543/4543 4464/4464/4464 4444/4444/4444 
f 4543/4543/4543 4445/4445/4445 4544/4544/4544 
f 4464/4464/4464 4641/4641/4641 4612/4612/4612 
f 4650/4650/4650 4612/4612/4612 4641/4641/4641 
f 4464/4464/4464 4543/4543/4543 4644/4644/4644 
f 4641/4641/4641 4464/4464/4464 4644/4644/4644 
f 4544/4544/4544 4549/4549/4549 4543/4543/4543 
f 4549/4549/4549 4644/4644/4644 4543/4543/4543 
f 4549/4549/4549 4544/4544/4544 4551/4551/4551 
f 4646/4646/4646 4549/4549/4549 4551/4551/4551 
f 4644/4644/4644 4549/4549/4549 4645/4645/4645 
f 4549/4549/4549 4646/4646/4646 4645/4645/4645 
f 4644/4644/4644 4652/4652/4652 4641/4641/4641 
f 4650/4650/4650 4641/4641/4641 4652/4652/4652 
f 4652/4652/4652 4644/4644/4644 4645/4645/4645 
f 4645/4645/4645 4646/4646/4646 4652/4652/4652 
f 4652/4652/4652 4657/4657/4657 4650/4650/4650 
f 4652/4652/4652 4646/4646/4646 4657/4657/4657 
f 4498/4498/4498 4499/4499/4499 4500/4500/4500 
f 4499/4499/4499 4504/4504/4504 4500/4500/4500 
f 4499/4499/4499 4498/4498/4498 4619/4619/4619 
f 4591/4591/4591 4619/4619/4619 4498/4498/4498 
f 4504/4504/4504 4499/4499/4499 4621/4621/4621 
f 4619/4619/4619 4591/4591/4591 4590/4590/4590 
f 4589/4589/4589 4590/4590/4590 4591/4591/4591 
f 4621/4621/4621 4622/4622/4622 4504/4504/4504 
f 4607/4607/4607 4619/4619/4619 4590/4590/4590 
f 4590/4590/4590 4589/4589/4589 4607/4607/4607 
f 4620/4620/4620 4499/4499/4499 4619/4619/4619 
f 4499/4499/4499 4620/4620/4620 4621/4621/4621 
f 4620/4620/4620 4619/4619/4619 4607/4607/4607 
f 4631/4631/4631 4621/4621/4621 4620/4620/4620 
f 4607/4607/4607 4631/4631/4631 4620/4620/4620 
f 4622/4622/4622 4621/4621/4621 4623/4623/4623 
f 4621/4621/4621 4631/4631/4631 4623/4623/4623 
f 4628/4628/4628 4622/4622/4622 4623/4623/4623 
f 4589/4589/4589 4608/4608/4608 4607/4607/4607 
f 4631/4631/4631 4607/4607/4607 4608/4608/4608 
f 4608/4608/4608 4589/4589/4589 4610/4610/4610 
f 4616/4616/4616 4608/4608/4608 4610/4610/4610 
f 4617/4617/4617 4631/4631/4631 4608/4608/4608 
f 4608/4608/4608 4616/4616/4616 4617/4617/4617 
f 4632/4632/4632 4623/4623/4623 4631/4631/4631 
f 4631/4631/4631 4617/4617/4617 4632/4632/4632 
f 4616/4616/4616 4636/4636/4636 4617/4617/4617 
f 4636/4636/4636 4632/4632/4632 4617/4617/4617 
f 4636/4636/4636 4616/4616/4616 4655/4655/4655 
f 4623/4623/4623 4632/4632/4632 4633/4633/4633 
f 4623/4623/4623 4633/4633/4633 4628/4628/4628 
f 4636/4636/4636 4638/4638/4638 4632/4632/4632 
f 4633/4633/4633 4632/4632/4632 4638/4638/4638 
f 4655/4655/4655 4656/4656/4656 4636/4636/4636 
f 4656/4656/4656 4638/4638/4638 4636/4636/4636 
f 4656/4656/4656 4655/4655/4655 4660/4660/4660 
f 4675/4675/4675 4656/4656/4656 4660/4660/4660 
f 4628/4628/4628 4633/4633/4633 4637/4637/4637 
f 4638/4638/4638 4637/4637/4637 4633/4633/4633 
f 4628/4628/4628 4637/4637/4637 4672/4672/4672 
f 4638/4638/4638 4656/4656/4656 4670/4670/4670 
f 4656/4656/4656 4675/4675/4675 4670/4670/4670 
f 4670/4670/4670 4637/4637/4637 4638/4638/4638 
f 4672/4672/4672 4637/4637/4637 4674/4674/4674 
f 4637/4637/4637 4670/4670/4670 4674/4674/4674 
f 4675/4675/4675 4674/4674/4674 4670/4670/4670 
f 4673/4673/4673 4672/4672/4672 4674/4674/4674 
f 4675/4675/4675 4673/4673/4673 4674/4674/4674 
f 4421/4421/4421 4422/4422/4422 4423/4423/4423 
f 4422/4422/4422 4427/4427/4427 4423/4423/4423 
f 4422/4422/4422 4421/4421/4421 4432/4432/4432 
f 4427/4427/4427 4422/4422/4422 4443/4443/4443 
f 4421/4421/4421 4434/4434/4434 4432/4432/4432 
f 4421/4421/4421 4476/4476/4476 4434/4434/4434 
f 4434/4434/4434 4476/4476/4476 4475/4475/4475 
f 4422/4422/4422 4432/4432/4432 4433/4433/4433 
f 4434/4434/4434 4433/4433/4433 4432/4432/4432 
f 4443/4443/4443 4422/4422/4422 4433/4433/4433 
f 4449/4449/4449 4434/4434/4434 4475/4475/4475 
f 4433/4433/4433 4434/4434/4434 4449/4449/4449 
f 4475/4475/4475 4471/4471/4471 4449/4449/4449 
f 4433/4433/4433 4449/4449/4449 4471/4471/4471 
f 4471/4471/4471 4475/4475/4475 4537/4537/4537 
f 4533/4533/4533 4471/4471/4471 4537/4537/4537 
f 4471/4471/4471 4533/4533/4533 4519/4519/4519 
f 4519/4519/4519 4433/4433/4433 4471/4471/4471 
f 4525/4525/4525 4519/4519/4519 4533/4533/4533 
f 4433/4433/4433 4448/4448/4448 4443/4443/4443 
f 4448/4448/4448 4433/4433/4433 4519/4519/4519 
f 4519/4519/4519 4525/4525/4525 4448/4448/4448 
f 4448/4448/4448 4427/4427/4427 4443/4443/4443 
f 4525/4525/4525 4427/4427/4427 4448/4448/4448 
f 4595/4595/4595 4596/4596/4596 4597/4597/4597 
f 4596/4596/4596 4601/4601/4601 4597/4597/4597 
f 4596/4596/4596 4595/4595/4595 4605/4605/4605 
f 4601/4601/4601 4596/4596/4596 4602/4602/4602 
f 4595/4595/4595 4613/4613/4613 4605/4605/4605 
f 4613/4613/4613 4595/4595/4595 4640/4640/4640 
f 4651/4651/4651 4613/4613/4613 4640/4640/4640 
f 4604/4604/4604 4596/4596/4596 4605/4605/4605 
f 4596/4596/4596 4604/4604/4604 4602/4602/4602 
f 4604/4604/4604 4605/4605/4605 4613/4613/4613 
f 4603/4603/4603 4601/4601/4601 4602/4602/4602 
f 4604/4604/4604 4603/4603/4603 4602/4602/4602 
f 4601/4601/4601 4603/4603/4603 4606/4606/4606 
f 4603/4603/4603 4630/4630/4630 4606/4606/4606 
f 4604/4604/4604 4609/4609/4609 4603/4603/4603 
f 4630/4630/4630 4603/4603/4603 4609/4609/4609 
f 4604/4604/4604 4613/4613/4613 4614/4614/4614 
f 4613/4613/4613 4651/4651/4651 4614/4614/4614 
f 4635/4635/4635 4614/4614/4614 4651/4651/4651 
f 4615/4615/4615 4604/4604/4604 4614/4614/4614 
f 4614/4614/4614 4635/4635/4635 4615/4615/4615 
f 4604/4604/4604 4615/4615/4615 4609/4609/4609 
f 4630/4630/4630 4615/4615/4615 4635/4635/4635 
f 4630/4630/4630 4609/4609/4609 4615/4615/4615 
f 4472/4472/4472 4473/4473/4473 4474/4474/4474 
f 4473/4473/4473 4472/4472/4472 4478/4478/4478 
f 4481/4481/4481 4473/4473/4473 4478/4478/4478 
f 4485/4485/4485 4472/4472/4472 4474/4474/4474 
f 4526/4526/4526 4472/4472/4472 4485/4485/4485 
f 4473/4473/4473 4481/4481/4481 4480/4480/4480 
f 4480/4480/4480 4474/4474/4474 4473/4473/4473 
f 4482/4482/4482 4480/4480/4480 4481/4481/4481 
f 4484/4484/4484 4485/4485/4485 4474/4474/4474 
f 4474/4474/4474 4480/4480/4480 4484/4484/4484 
f 4480/4480/4480 4482/4482/4482 4483/4483/4483 
f 4484/4484/4484 4480/4480/4480 4483/4483/4483 
f 4482/4482/4482 4491/4491/4491 4483/4483/4483 
f 4483/4483/4483 4491/4491/4491 4484/4484/4484 
f 4491/4491/4491 4482/4482/4482 4518/4518/4518 
f 4485/4485/4485 4484/4484/4484 4555/4555/4555 
f 4491/4491/4491 4555/4555/4555 4484/4484/4484 
f 4555/4555/4555 4526/4526/4526 4485/4485/4485 
f 4526/4526/4526 4555/4555/4555 4562/4562/4562 
f 4555/4555/4555 4491/4491/4491 4561/4561/4561 
f 4518/4518/4518 4561/4561/4561 4491/4491/4491 
f 4561/4561/4561 4562/4562/4562 4555/4555/4555 
f 4561/4561/4561 4518/4518/4518 4565/4565/4565 
f 4562/4562/4562 4561/4561/4561 4565/4565/4565 
f 4437/4437/4437 4438/4438/4438 4439/4439/4439 
f 4437/4437/4437 4439/4439/4439 4501/4501/4501 
f 4439/4439/4439 4506/4506/4506 4501/4501/4501 
f 4505/4505/4505 4501/4501/4501 4506/4506/4506 
f 4438/4438/4438 4453/4453/4453 4439/4439/4439 
f 4439/4439/4439 4453/4453/4453 4506/4506/4506 
f 4505/4505/4505 4506/4506/4506 4516/4516/4516 
f 4516/4516/4516 4517/4517/4517 4505/4505/4505 
f 4453/4453/4453 4625/4625/4625 4506/4506/4506 
f 4506/4506/4506 4625/4625/4625 4516/4516/4516 
f 4438/4438/4438 4452/4452/4452 4453/4453/4453 
f 4453/4453/4453 4452/4452/4452 4625/4625/4625 
f 4452/4452/4452 4438/4438/4438 4531/4531/4531 
f 4539/4539/4539 4452/4452/4452 4531/4531/4531 
f 4517/4517/4517 4516/4516/4516 4661/4661/4661 
f 4625/4625/4625 4661/4661/4661 4516/4516/4516 
f 4452/4452/4452 4571/4571/4571 4625/4625/4625 
f 4625/4625/4625 4571/4571/4571 4661/4661/4661 
f 4452/4452/4452 4539/4539/4539 4571/4571/4571 
f 4661/4661/4661 4576/4576/4576 4517/4517/4517 
f 4571/4571/4571 4576/4576/4576 4661/4661/4661 
f 4571/4571/4571 4539/4539/4539 4576/4576/4576 
f 4575/4575/4575 4517/4517/4517 4576/4576/4576 
f 4539/4539/4539 4575/4575/4575 4576/4576/4576 
f 4494/4494/4494 4495/4495/4495 4496/4496/4496 
f 4494/4494/4494 4497/4497/4497 4495/4495/4495 
f 4494/4494/4494 4496/4496/4496 4502/4502/4502 
f 4494/4494/4494 4507/4507/4507 4497/4497/4497 
f 4503/4503/4503 4494/4494/4494 4502/4502/4502 
f 4507/4507/4507 4494/4494/4494 4508/4508/4508 
f 4494/4494/4494 4503/4503/4503 4508/4508/4508 
f 4508/4508/4508 4599/4599/4599 4507/4507/4507 
f 4513/4513/4513 4508/4508/4508 4503/4503/4503 
f 4508/4508/4508 4643/4643/4643 4599/4599/4599 
f 4508/4508/4508 4513/4513/4513 4514/4514/4514 
f 4643/4643/4643 4508/4508/4508 4514/4514/4514 
f 4662/4662/4662 4514/4514/4514 4513/4513/4513 
f 4648/4648/4648 4643/4643/4643 4514/4514/4514 
f 4514/4514/4514 4662/4662/4662 4648/4648/4648 
f 4643/4643/4643 4648/4648/4648 4658/4658/4658 
f 4648/4648/4648 4659/4659/4659 4658/4658/4658 
f 4659/4659/4659 4648/4648/4648 4664/4664/4664 
f 4662/4662/4662 4664/4664/4664 4648/4648/4648 
f 4664/4664/4664 4662/4662/4662 4676/4676/4676 
f 4459/4459/4459 4460/4460/4460 4461/4461/4461 
f 4460/4460/4460 4585/4585/4585 4461/4461/4461 
f 4585/4585/4585 4460/4460/4460 4586/4586/4586 
f 4460/4460/4460 4594/4594/4594 4586/4586/4586 
f 4461/4461/4461 4585/4585/4585 4463/4463/4463 
f 4463/4463/4463 4459/4459/4459 4461/4461/4461 
f 4585/4585/4585 4592/4592/4592 4463/4463/4463 
f 4624/4624/4624 4463/4463/4463 4592/4592/4592 
f 4594/4594/4594 4460/4460/4460 4465/4465/4465 
f 4460/4460/4460 4459/4459/4459 4465/4465/4465 
f 4465/4465/4465 4469/4469/4469 4594/4594/4594 
f 4459/4459/4459 4469/4469/4469 4465/4465/4465 
f 4469/4469/4469 4639/4639/4639 4594/4594/4594 
f 4459/4459/4459 4463/4463/4463 4618/4618/4618 
f 4463/4463/4463 4624/4624/4624 4618/4618/4618 
f 4469/4469/4469 4459/4459/4459 4470/4470/4470 
f 4470/4470/4470 4639/4639/4639 4469/4469/4469 
f 4639/4639/4639 4470/4470/4470 4642/4642/4642 
f 4470/4470/4470 4459/4459/4459 4598/4598/4598 
f 4598/4598/4598 4459/4459/4459 4618/4618/4618 
f 4598/4598/4598 4642/4642/4642 4470/4470/4470 
f 4624/4624/4624 4598/4598/4598 4618/4618/4618 
f 4642/4642/4642 4598/4598/4598 4634/4634/4634 
f 4598/4598/4598 4624/4624/4624 4634/4634/4634 
f 4428/4428/4428 4429/4429/4429 4430/4430/4430 
f 4430/4430/4430 4457/4457/4457 4428/4428/4428 
f 4436/4436/4436 4429/4429/4429 4428/4428/4428 
f 4428/4428/4428 4457/4457/4457 4466/4466/4466 
f 4467/4467/4467 4466/4466/4466 4457/4457/4457 
f 4428/4428/4428 4462/4462/4462 4436/4436/4436 
f 4462/4462/4462 4428/4428/4428 4466/4466/4466 
f 4435/4435/4435 4429/4429/4429 4436/4436/4436 
f 4436/4436/4436 4462/4462/4462 4435/4435/4435 
f 4429/4429/4429 4435/4435/4435 4477/4477/4477 
f 4435/4435/4435 4479/4479/4479 4477/4477/4477 
f 4545/4545/4545 4466/4466/4466 4467/4467/4467 
f 4466/4466/4466 4545/4545/4545 4462/4462/4462 
f 4548/4548/4548 4545/4545/4545 4467/4467/4467 
f 4486/4486/4486 4435/4435/4435 4462/4462/4462 
f 4479/4479/4479 4435/4435/4435 4486/4486/4486 
f 4545/4545/4545 4547/4547/4547 4462/4462/4462 
f 4545/4545/4545 4548/4548/4548 4547/4547/4547 
f 4462/4462/4462 4487/4487/4487 4486/4486/4486 
f 4487/4487/4487 4479/4479/4479 4486/4486/4486 
f 4487/4487/4487 4462/4462/4462 4547/4547/4547 
f 4487/4487/4487 4547/4547/4547 4548/4548/4548 
f 4556/4556/4556 4479/4479/4479 4487/4487/4487 
f 4548/4548/4548 4556/4556/4556 4487/4487/4487 
f 4509/4509/4509 4510/4510/4510 4511/4511/4511 
f 4512/4512/4512 4510/4510/4510 4509/4509/4509 
f 4626/4626/4626 4512/4512/4512 4509/4509/4509 
f 4510/4510/4510 4557/4557/4557 4511/4511/4511 
f 4557/4557/4557 4510/4510/4510 4558/4558/4558 
f 4568/4568/4568 4557/4557/4557 4558/4558/4558 
f 4626/4626/4626 4509/4509/4509 4629/4629/4629 
f 4509/4509/4509 4511/4511/4511 4629/4629/4629 
f 4669/4669/4669 4626/4626/4626 4629/4629/4629 
f 4669/4669/4669 4629/4629/4629 4671/4671/4671 
f 4573/4573/4573 4629/4629/4629 4511/4511/4511 
f 4511/4511/4511 4557/4557/4557 4573/4573/4573 
f 4629/4629/4629 4573/4573/4573 4671/4671/4671 
f 4665/4665/4665 4669/4669/4669 4671/4671/4671 
f 4573/4573/4573 4665/4665/4665 4671/4671/4671 
f 4669/4669/4669 4665/4665/4665 4668/4668/4668 
f 4557/4557/4557 4579/4579/4579 4573/4573/4573 
f 4573/4573/4573 4579/4579/4579 4665/4665/4665 
f 4557/4557/4557 4568/4568/4568 4579/4579/4579 
f 4582/4582/4582 4668/4668/4668 4665/4665/4665 
f 4579/4579/4579 4582/4582/4582 4665/4665/4665 
f 4568/4568/4568 4582/4582/4582 4579/4579/4579 
f 4668/4668/4668 4582/4582/4582 4667/4667/4667 
f 4582/4582/4582 4568/4568/4568 4667/4667/4667 
f 4440/4440/4440 4441/4441/4441 4442/4442/4442 
f 4454/4454/4454 4442/4442/4442 4441/4441/4441 
f 4454/4454/4454 4441/4441/4441 4455/4455/4455 
f 4454/4454/4454 4455/4455/4455 4583/4583/4583 
f 4583/4583/4583 4442/4442/4442 4454/4454/4454 
f 4442/4442/4442 4583/4583/4583 4588/4588/4588 
f 4450/4450/4450 4440/4440/4440 4442/4442/4442 
f 4442/4442/4442 4588/4588/4588 4450/4450/4450 
f 4450/4450/4450 4451/4451/4451 4440/4440/4440 
f 4588/4588/4588 4600/4600/4600 4450/4450/4450 
f 4468/4468/4468 4451/4451/4451 4450/4450/4450 
f 4600/4600/4600 4468/4468/4468 4450/4450/4450 
f 4468/4468/4468 4600/4600/4600 4653/4653/4653 
f 4451/4451/4451 4468/4468/4468 4546/4546/4546 
f 4654/4654/4654 4468/4468/4468 4653/4653/4653 
f 4546/4546/4546 4468/4468/4468 4554/4554/4554 
f 4468/4468/4468 4654/4654/4654 4554/4554/4554 
f 4553/4553/4553 4546/4546/4546 4554/4554/4554 
f 4654/4654/4654 4649/4649/4649 4554/4554/4554 
f 4649/4649/4649 4553/4553/4553 4554/4554/4554 
f 4528/4528/4528 4529/4529/4529 4530/4530/4530 
f 4530/4530/4530 4569/4569/4569 4528/4528/4528 
f 4530/4530/4530 4570/4570/4570 4569/4569/4569 
f 4530/4530/4530 4572/4572/4572 4570/4570/4570 
f 4530/4530/4530 4647/4647/4647 4572/4572/4572 
f 4530/4530/4530 4540/4540/4540 4647/4647/4647 
f 4529/4529/4529 4540/4540/4540 4530/4530/4530 
f 4540/4540/4540 4529/4529/4529 4541/4541/4541 

g Player11

v -1.43354 102.595 -0.425359 
v -1.50344 102.67 -0.506554 
v -1.44464 102.572 -0.503944 
v -1.46486 102.676 -0.435358 
v -1.51007 102.639 -0.431272 
v -1.47047 102.72 -0.437916 
v -1.44877 102.677 -0.4361 
v -1.45429 102.539 -0.405297 
v -1.4109 102.603 -0.423747 
v -1.39288 102.627 -0.593717 
v -1.44539 102.725 -0.607323 
v -1.59253 102.72 -0.26741 
v -1.57188 102.763 -0.482231 
v -1.50066 102.627 -0.251636 
v -1.51425 102.667 -0.256029 
v -1.53408 102.612 -0.301377 
v -1.46557 102.562 -0.237746 
v -1.48274 102.517 -0.297501 
v -1.62243 102.764 -0.300275 
v -1.60773 102.796 -0.459876 
v -1.52431 102.868 -0.62422 
v -1.58944 102.811 -0.509611 
v -1.61137 102.889 -0.47353 
v -1.48911 102.842 -0.637371 
v -1.38692 102.792 -0.582624 
v -1.43091 102.75 -0.641021 
v -1.63749 102.79 -0.32465 
v -1.62466 102.816 -0.438994 
v -1.65056 102.837 -0.279728 
v -1.63185 102.751 -0.243695 
v -1.66039 102.839 -0.275193 
v -1.6436 102.836 -0.276398 
v -1.37104 102.72 -0.375117 
v -1.47047 102.72 -0.437916 
v -1.46486 102.676 -0.435358 
v -1.37465 102.674 -0.376781 
v -1.43354 102.595 -0.425359 
v -1.33756 102.457 -0.323471 
v -1.36947 102.681 -0.36342 
v -1.4109 102.603 -0.423747 
v -1.44877 102.677 -0.4361 
v -1.37124 102.717 -0.360347 
v -1.29058 102.438 -0.445746 
v -1.37233 102.758 -0.588547 
v -1.34124 102.691 -0.583592 
v -1.29293 102.58 -0.341046 
v -1.36285 102.449 -0.227294 
v -1.42026 102.668 -0.213881 
v -1.4122 102.648 -0.224579 
v -1.30985 102.525 -0.354672 
v -1.29086 102.621 -0.3156 
v -1.34247 102.674 -0.703585 
v -1.38163 102.655 -0.633797 
v -1.41968 102.868 -0.693242 
v -1.38938 102.78 -0.700467 
v -1.38641 102.751 -0.571083 
v -1.35985 102.676 -0.556525 
v -1.29295 102.772 -0.519234 
v -1.38692 102.792 -0.582624 
v -1.38641 102.751 -0.571083 
v -1.35421 102.748 -0.354013 
v -1.30691 102.745 -0.494436 
v -1.3024 102.828 -0.235063 
v -1.41305 102.68 -0.179765 
v -1.30229 102.782 -0.495156 
v -1.37233 102.758 -0.588547 
v -1.67704 102.837 -0.247964 
v -1.49355 102.485 -0.212093 
v -1.55261 102.554 -0.0996681 
v -1.54321 102.594 -0.231377 
v -1.51649 102.459 -0.0987364 
v -1.5794 102.661 -0.0822434 
v -1.49588 102.629 -0.253486 
v -1.45551 102.552 -0.238776 
v -1.51425 102.667 -0.256029 
v -1.50066 102.627 -0.251636 
v -1.50191 102.508 -0.035995 
v -1.52849 102.576 -0.0398368 
v -1.5394 102.658 -0.0334698 
v -1.4459 102.607 -0.0249958 
v -1.5394 102.658 -0.0334698 
v -1.52849 102.576 -0.0398368 
v -1.37685 102.418 -0.0362849 
v -1.50191 102.508 -0.035995 
v -1.44836 102.659 -0.0154654 
v -1.49588 102.629 -0.253486 
v -1.63462 102.733 -0.109678 
v -1.65165 102.769 -0.225295 
v -1.64796 102.797 -0.0852428 
v -1.61291 102.698 -0.0920374 
v -1.62162 102.786 -0.0582312 
v -1.59129 102.779 -0.0508398 
v -1.5364 102.767 -0.0157965 
v -1.5364 102.767 -0.0157965 
v -1.43126 102.75 0.00714698 
v -1.41876 102.898 0.0436694 
v -1.35682 102.51 -0.176056 
v -1.34508 102.429 -0.12575 
v -1.46557 102.562 -0.237746 
v -1.35682 102.51 -0.176056 
v -1.38568 102.614 -0.165335 
v -1.33598 102.498 -0.161212 
v -1.45551 102.552 -0.238776 
v -1.33598 102.498 -0.161212 
v -1.3507 102.593 -0.134525 
v -1.32519 102.61 -0.185073 
v -1.39498 102.479 0.00493744 
v -1.39498 102.479 0.00493744 
v -1.42189 102.581 -0.0184295 
v -1.39381 102.579 -0.0131083 
v -1.25171 102.594 0.0286599 
v -1.41285 102.647 -0.176002 
v -1.35912 102.768 -0.0867527 
v -1.33205 102.907 -0.0454927 
v -1.64001 102.886 -0.0786653 
v -1.59235 102.842 -0.524923 
v -1.54317 102.883 -0.608602 
v -1.52536 102.958 -0.62501 
v -1.54653 102.952 -0.611837 
v -1.51521 102.957 -0.626705 
v -1.49124 102.898 -0.665973 
v -1.51085 102.959 -0.645775 
v -1.61484 102.9 -0.501336 
v -1.61645 102.89 -0.477676 
v -1.61455 102.971 -0.503679 
v -1.4856 102.919 -0.682124 
v -1.49988 102.966 -0.673363 
v -1.54918 103.031 -0.588967 
v -1.56253 103.006 -0.583706 
v -1.52776 103.078 -0.587287 
v -1.50942 103.033 -0.639554 
v -1.49879 103.02 -0.664534 
v -1.45951 103.1 -0.664535 
v -1.62068 102.986 -0.482574 
v -1.62347 103.02 -0.446966 
v -1.54494 103.382 -0.442972 
v -1.45774 103.171 -0.62166 
v -1.36278 102.94 -0.72808 
v -1.43287 102.892 -0.704374 
v -1.43945 102.911 -0.716043 
v -1.343 102.918 -0.72174 
v -1.44995 102.985 -0.71043 
v -1.37016 103 -0.72185 
v -1.31415 102.884 -0.71359 
v -1.31795 102.995 -0.705574 
v -1.37684 103.062 -0.707063 
v -1.45857 103.064 -0.691829 
v -1.36085 103.085 -0.686976 
v -1.45281 103.432 -0.528408 
v -1.33421 103.431 -0.544055 
v -1.33254 103.139 -0.645641 
v -1.3754 103.558 -0.435683 
v -1.67161 102.923 -0.308017 
v -1.66115 102.846 -0.307439 
v -1.67198 102.911 -0.326506 
v -1.63991 102.886 -0.45395 
v -1.62224 102.89 -0.475075 
v -1.67923 102.914 -0.25245 
v -1.68374 102.893 -0.228502 
v -1.6577 102.868 -0.103051 
v -1.65334 102.943 -0.429214 
v -1.64383 102.971 -0.441438 
v -1.66337 102.957 -0.272273 
v -1.62221 103.321 -0.297279 
v -1.61405 102.933 -0.0524521 
v -1.65691 103.278 -0.118162 
v -1.65047 103.249 0.000825942 
v -1.54102 102.927 0.0170025 
v -1.54102 102.927 0.0170025 
v -1.58441 103.259 0.0831517 
v -1.42652 103.193 0.115494 
v -1.58441 103.259 0.0831517 
v -1.32453 103.228 0.066363 
v -1.43595 103.511 -0.336418 
v -1.48992 103.451 -0.168559 
v -1.23949 103.332 -0.235097 
v -1.43595 103.511 -0.336418 
v -1.48992 103.451 -0.168559 
v -1.23034 103.503 -0.351574 
v -1.3754 103.558 -0.435683 
v -1.5305 103.417 0.022028 
v -1.5305 103.417 0.022028 
v -1.28683 103.276 -0.0830231 
v -1.28696 102.722 -0.523956 
v -1.35985 102.676 -0.556525 
v -1.23476 102.518 -0.584692 
v -1.22768 102.58 -0.524529 
v -1.34124 102.691 -0.583592 
v -1.28952 102.805 -0.721091 
v -1.25711 102.725 -0.722318 
v -1.21544 102.535 -0.647435 
v -1.22223 102.551 -0.523882 
v -1.24888 102.495 -0.52676 
v -1.30512 102.473 -0.374074 
v -1.23634 102.658 -0.450993 
v -1.22768 102.58 -0.524529 
v -1.22223 102.551 -0.523882 
v -1.28952 102.805 -0.721091 
v -1.31415 102.884 -0.71359 
v -1.23877 102.801 -0.615996 
v -1.2379 102.861 -0.602757 
v -1.22431 102.753 -0.613137 
v -1.25711 102.725 -0.722318 
v -1.22588 102.941 -0.566232 
v -1.28137 102.809 -0.495255 
v -1.2406 102.892 -0.381657 
v -1.16193 102.413 -0.374539 
v -1.13234 102.462 -0.600135 
v -1.14904 102.451 -0.5515 
v -1.16807 102.604 -0.672573 
v -1.08987 102.492 -0.578737 
v -1.12153 102.468 -0.500462 
v -1.16807 102.604 -0.672573 
v -1.07271 102.569 -0.545353 
v -1.08987 102.492 -0.578737 
v -1.12153 102.468 -0.500462 
v -1.1315 102.455 -0.431041 
v -1.09744 102.549 -0.486746 
v -1.18147 102.627 -0.507978 
v -1.0954 102.502 -0.406024 
v -1.0954 102.502 -0.406024 
v -1.14661 102.667 -0.58386 
v -1.08519 102.852 -0.419613 
v -1.05239 102.854 -0.481107 
v -1.02848 102.792 -0.413162 
v -1.11829 102.952 -0.489226 
v -1.08741 102.981 -0.554603 
v -0.996617 102.888 -0.49497 
v -0.979817 102.808 -0.423737 
v -0.947006 102.939 -0.439454 
v -1.1939 102.431 -0.228728 
v -1.20884 102.458 -0.0564873 
v -1.21451 102.444 -0.150393 
v -1.19502 102.506 -0.119505 
v -1.30512 102.473 -0.374074 
v -1.149 102.521 -0.286755 
v -1.21738 102.603 -0.0624643 
v -1.18949 102.51 -0.0740099 
v -1.23569 102.451 0.0147679 
v -1.23479 102.498 0.0462327 
v -1.23479 102.498 0.0462327 
v -1.18949 102.51 -0.0740099 
v -1.19502 102.506 -0.119505 
v -1.30985 102.525 -0.354672 
v -1.16117 102.58 -0.251392 
v -1.27916 102.957 -0.18117 
v -1.18759 102.6 -0.151272 
v -1.14592 102.433 -0.313532 
v -1.14592 102.433 -0.313532 
v -1.16011 102.478 -0.251569 
v -1.11047 102.574 -0.357694 
v -1.16011 102.478 -0.251569 
v -1.04413 102.79 -0.350081 
v -1.08799 102.887 -0.361318 
v -1.12071 102.955 -0.415414 
v -0.960753 102.822 -0.364966 
v -0.960434 102.967 -0.379632 
v -0.963 102.871 -0.31919 
v -1.04098 102.841 -0.30466 
v -1.03164 102.88 -0.30531 
v -1.08799 102.887 -0.361318 
v -1.04098 102.841 -0.30466 
v -1.0685 102.924 -0.339587 
v -0.963 102.871 -0.31919 
v -0.98156 102.905 -0.311467 
v -1.28569 102.983 -0.683064 
v -1.28569 102.983 -0.683064 
v -1.20632 103.008 -0.517715 
v -1.33254 103.139 -0.645641 
v -1.14075 103.037 -0.570661 
v -1.15013 103.097 -0.604988 
v -1.12735 103.046 -0.594543 
v -1.12829 103.103 -0.612117 
v -1.10918 103.061 -0.605776 
v -1.17888 103.083 -0.585274 
v -1.17527 103.018 -0.489882 
v -1.19962 103.034 -0.524806 
v -1.22915 103.115 -0.600508 
v -1.19962 103.034 -0.524806 
v -1.14995 103 -0.489877 
v -1.14838 103.227 -0.596878 
v -1.22915 103.115 -0.600508 
v -1.21119 103.311 -0.574015 
v -1.11942 103.2 -0.61378 
v -1.10172 103.183 -0.621537 
v -1.21119 103.311 -0.574015 
v -1.33421 103.431 -0.544055 
v -1.2069 103.494 -0.425148 
v -1.07186 103.318 -0.511517 
v -1.14309 103.418 -0.470161 
v -1.08829 103.025 -0.588486 
v -1.08443 103.04 -0.59918 
v -1.07271 103.127 -0.616963 
v -1.03898 103.058 -0.586967 
v -1.0288 103.019 -0.557494 
v -1.04694 103.072 -0.604093 
v -0.998383 103.118 -0.539798 
v -0.981143 103.061 -0.492274 
v -1.01096 103.141 -0.564787 
v -1.04625 103.259 -0.56678 
v -1.05144 103.285 -0.547231 
v -1.02674 103.204 -0.567633 
v -1.00794 103.22 -0.512342 
v -1.00785 103.207 -0.471475 
v -1.14447 103.019 -0.385494 
v -1.16609 103.021 -0.412197 
v -1.16609 103.021 -0.412197 
v -1.13359 102.999 -0.398863 
v -1.2164 103.012 -0.320838 
v -1.14809 103.072 -0.342704 
v -1.10593 103.032 -0.355833 
v -1.14447 103.019 -0.385494 
v -1.13359 102.999 -0.398863 
v -1.14809 103.072 -0.342704 
v -1.16609 103.021 -0.412197 
v -1.11383 103.067 -0.334418 
v -1.11403 103.395 -0.355865 
v -1.14309 103.418 -0.470161 
v -1.12434 103.265 -0.297797 
v -1.10255 102.977 -0.37857 
v -1.12071 102.955 -0.415414 
v -0.997156 103.06 -0.415649 
v -1.04976 103.023 -0.372524 
v -1.01388 102.962 -0.343342 
v -0.997156 103.06 -0.415649 
v -0.960434 102.967 -0.379632 
v -1.05461 103.11 -0.355105 
v -1.0488 103.288 -0.395658 
v -1.11403 103.395 -0.355865 
v -1.01761 103.178 -0.414863 
v -1.01761 103.178 -0.414863 
v -1.07025 103.192 -0.327341 
v -1.0488 103.288 -0.395658 
v -1.12434 103.265 -0.297797 
v -1.11403 103.395 -0.355865 

vn -0.724409 -0.385827 0.574803 
vn -0.858268 -0.503937 -0.102362 
vn -0.748031 -0.629921 -0.204724 
vn -0.685039 -0.283465 0.669291 
vn -0.503937 -0.448819 -0.740157 
vn -0.464567 -0.811024 -0.346457 
vn 0.393701 -0.0393701 -0.92126 
vn -0.346457 -0.614173 -0.708661 
vn 0.385827 -0.110236 -0.913386 
vn -0.165354 -0.362205 -0.913386 
vn -0.259843 -0.259843 -0.929134 
vn -0.818898 -0.543307 -0.19685 
vn -0.755906 -0.511811 -0.401575 
vn -0.527559 -0.362205 0.76378 
vn -0.496063 -0.834646 -0.220472 
vn -0.850394 -0.488189 0.173228 
vn -0.582677 -0.259843 0.771654 
vn -0.748031 -0.653543 0.125984 
vn -0.850394 -0.519685 0.0866142 
vn -0.724409 -0.417323 -0.543307 
vn -0.551181 -0.251969 -0.795276 
vn -0.866142 -0.417323 -0.275591 
vn -0.889764 -0.149606 -0.425197 
vn -0.637795 -0.362205 -0.685039 
vn -0.448819 -0.76378 -0.456693 
vn -0.92126 -0.385827 -0.0629921 
vn -0.897638 -0.440945 -0.0708661 
vn -0.866142 -0.377953 -0.330709 
vn -0.905512 -0.259843 0.330709 
vn -0.716535 -0.543307 -0.433071 
vn -0.724409 -0.188976 -0.669291 
vn -0.92126 -0.330709 -0.204724 
vn 0.212598 -0.322835 0.92126 
vn -0.464567 -0.811024 -0.346457 
vn -0.685039 -0.283465 0.669291 
vn -0.0944882 0.0866142 0.992126 
vn -0.724409 -0.385827 0.574803 
vn 0.015748 -0.84252 -0.543307 
vn 0.850394 0.346457 -0.385827 
vn 0.385827 -0.110236 -0.913386 
vn 0.393701 -0.0393701 -0.92126 
vn 0.92126 -0.0787402 -0.385827 
vn -0.377953 -0.905512 -0.181102 
vn 0.551181 0.0393701 -0.834646 
vn 0.559055 0.11811 -0.818898 
vn -0.204724 0.244094 0.944882 
vn -0.440945 -0.826772 0.346457 
vn 0.425197 -0.488189 0.76378 
vn 0.267717 0.314961 0.913386 
vn 0.480315 -0.19685 -0.858268 
vn 0.590551 0.661417 -0.472441 
vn -0.425197 -0.409449 -0.811024 
vn -0.826772 -0.559055 -0.0708661 
vn -0.370079 -0.299213 -0.88189 
vn -0.472441 -0.181102 -0.866142 
vn -0.685039 -0.188976 0.708661 
vn -0.645669 -0.322835 0.692913 
vn 0.220472 -0.0708661 0.968504 
vn -0.448819 -0.76378 -0.456693 
vn -0.685039 -0.188976 0.708661 
vn 0.811024 -0.574803 0.0787402 
vn 0.952756 0.307087 -0.0393701 
vn 0.88189 -0.440945 0.173228 
vn 0.92126 -0.393701 0.023622 
vn 0.944882 -0.204724 -0.244094 
vn 0.551181 0.0393701 -0.834646 
vn -0.952756 -0.220472 -0.212598 
vn -0.401575 -0.637795 -0.653543 
vn -0.929134 -0.338583 0.141732 
vn -0.700787 -0.377953 -0.606299 
vn -0.708661 -0.692913 0.125984 
vn -0.850394 -0.370079 0.377953 
vn 0.267717 -0.0708661 -0.96063 
vn 0.314961 -0.133858 -0.937008 
vn -0.496063 -0.834646 -0.220472 
vn -0.527559 -0.362205 0.76378 
vn -0.559055 -0.307087 0.771654 
vn -0.606299 -0.19685 0.771654 
vn -0.527559 -0.188976 0.826772 
vn 0.401575 0.173228 0.897638 
vn -0.527559 -0.188976 0.826772 
vn -0.606299 -0.19685 0.771654 
vn -0.173228 -0.913386 0.362205 
vn -0.559055 -0.307087 0.771654 
vn 0.488189 -0.275591 0.826772 
vn 0.267717 -0.0708661 -0.96063 
vn -0.88189 -0.440945 0.188976 
vn -0.88189 -0.448819 -0.165354 
vn -0.897638 -0.165354 0.409449 
vn -0.732283 -0.566929 0.377953 
vn -0.637795 -0.165354 0.755906 
vn -0.574803 -0.173228 0.80315 
vn -0.456693 -0.181102 0.874016 
vn -0.456693 -0.181102 0.874016 
vn 0.385827 -0.370079 0.850394 
vn 0.275591 -0.267717 0.92126 
vn -0.448819 -0.173228 0.874016 
vn 0.228346 -0.826772 -0.519685 
vn -0.582677 -0.259843 0.771654 
vn -0.448819 -0.173228 0.874016 
vn 0.716535 0.582677 -0.377953 
vn 0.496063 -0.141732 -0.858268 
vn 0.314961 -0.133858 -0.937008 
vn 0.496063 -0.141732 -0.858268 
vn 0.433071 0.771654 -0.464567 
vn -0.0708661 0.677165 0.732283 
vn -0.330709 -0.267717 0.905512 
vn -0.330709 -0.267717 0.905512 
vn 0.0551181 0.511811 0.858268 
vn -0.149606 0.669291 0.732283 
vn 0.307087 0.637795 0.708661 
vn 0.897638 0.259843 -0.346457 
vn 0.850394 -0.409449 0.322835 
vn 0.858268 -0.220472 0.472441 
vn -0.787402 0.204724 0.582677 
vn -0.858268 -0.23622 -0.456693 
vn -0.732283 -0.165354 -0.661417 
vn -0.464567 0.125984 -0.874016 
vn -0.716535 0.0314961 -0.700787 
vn -0.748031 0.015748 -0.669291 
vn -0.787402 -0.322835 -0.527559 
vn -0.937008 -0.0708661 -0.346457 
vn -0.937008 -0.0944882 -0.338583 
vn -0.984252 -0.173228 -0.015748 
vn -0.92126 0.102362 -0.377953 
vn -0.708661 -0.228346 -0.669291 
vn -0.80315 -0.00787402 -0.598425 
vn -0.677165 0.314961 -0.669291 
vn -0.795276 0.188976 -0.582677 
vn -0.787402 0.275591 -0.551181 
vn -0.88189 0.188976 -0.440945 
vn -0.80315 0.188976 -0.574803 
vn -0.480315 0.511811 -0.716535 
vn -0.976378 0.133858 -0.181102 
vn -0.92126 0.212598 -0.322835 
vn -0.80315 0.464567 -0.370079 
vn -0.456693 0.385827 -0.80315 
vn 0.0787402 -0.0866142 -0.992126 
vn -0.307087 -0.456693 -0.834646 
vn -0.354331 -0.244094 -0.905512 
vn 0.19685 -0.149606 -0.968504 
vn -0.409449 0.0944882 -0.905512 
vn 0.0944882 0.188976 -0.976378 
vn 0.448819 0.015748 -0.897638 
vn 0.464567 0.228346 -0.858268 
vn 0.0708661 0.409449 -0.913386 
vn -0.464567 0.385827 -0.795276 
vn 0.23622 0.488189 -0.84252 
vn -0.496063 0.527559 -0.685039 
vn 0.11811 0.543307 -0.826772 
vn 0.283465 0.322835 -0.905512 
vn -0.141732 0.984252 -0.133858 
vn -0.984252 0.0944882 0.15748 
vn -0.968504 -0.244094 0.0472441 
vn -1 -0.00787402 -0.0393701 
vn -0.889764 -0.149606 -0.433071 
vn -0.629921 -0.023622 -0.771654 
vn -0.929134 0.212598 -0.307087 
vn -0.992126 0.149606 0.0314961 
vn -0.92126 0.149606 0.354331 
vn -0.952756 0.0629921 -0.307087 
vn -0.818898 0.259843 -0.511811 
vn -0.992126 0.125984 -0.023622 
vn -0.897638 0.401575 -0.188976 
vn -0.834646 -0.0472441 0.551181 
vn -0.952756 0.299213 0.0629921 
vn -0.905512 0.133858 0.409449 
vn -0.480315 -0.204724 0.850394 
vn -0.480315 -0.204724 0.850394 
vn -0.535433 0.188976 0.826772 
vn 0.15748 0.0314961 0.984252 
vn -0.535433 0.188976 0.826772 
vn 0.748031 0.220472 0.629921 
vn -0.338583 0.905512 0.251969 
vn -0.173228 0.96063 0.228346 
vn 0.637795 0.370079 0.677165 
vn -0.338583 0.905512 0.251969 
vn -0.173228 0.96063 0.228346 
vn 0.456693 0.818898 0.354331 
vn -0.141732 0.984252 -0.133858 
vn -0.19685 0.826772 0.527559 
vn -0.19685 0.826772 0.527559 
vn 0.858268 0.354331 0.377953 
vn 0.0944882 0.141732 0.984252 
vn -0.645669 -0.322835 0.692913 
vn -0.653543 -0.755906 0.0314961 
vn 0.645669 0.173228 -0.748031 
vn 0.559055 0.11811 -0.818898 
vn 0.433071 0.149606 -0.889764 
vn 0.448819 0.0787402 -0.889764 
vn -0.188976 -0.629921 -0.755906 
vn -0.519685 -0.377953 0.76378 
vn 0.212598 -0.503937 -0.834646 
vn -0.559055 -0.551181 0.614173 
vn 0.669291 0.740157 0.0472441 
vn 0.645669 0.173228 -0.748031 
vn -0.519685 -0.377953 0.76378 
vn 0.433071 0.149606 -0.889764 
vn 0.448819 0.015748 -0.897638 
vn 0.992126 0.133858 -0.023622 
vn 0.976378 -0.102362 -0.188976 
vn 0.88189 0.464567 0.0708661 
vn 0.448819 0.0787402 -0.889764 
vn 0.968504 -0.0629921 -0.244094 
vn 0.889764 -0.425197 0.173228 
vn 0.913386 -0.385827 0.125984 
vn 0.259843 -0.968504 -0.015748 
vn 0.19685 -0.787402 -0.582677 
vn -0.212598 -0.968504 0.11811 
vn 0.574803 0.00787402 -0.818898 
vn 0.874016 -0.370079 -0.314961 
vn 0.259843 -0.653543 0.716535 
vn 0.574803 0.00787402 -0.818898 
vn 0.968504 0.244094 0.0708661 
vn 0.874016 -0.370079 -0.314961 
vn 0.259843 -0.653543 0.716535 
vn 0.645669 -0.551181 -0.535433 
vn 0.566929 0.0708661 0.818898 
vn 0.133858 0.346457 0.929134 
vn 0.976378 -0.0551181 -0.220472 
vn 0.976378 -0.0551181 -0.220472 
vn 0.80315 0.598425 0.00787402 
vn -0.858268 -0.503937 -0.102362 
vn -0.322835 -0.645669 -0.692913 
vn -0.149606 -0.929134 -0.346457 
vn -0.818898 -0.519685 -0.259843 
vn -0.251969 -0.614173 -0.748031 
vn 0.566929 -0.377953 -0.732283 
vn 0.614173 -0.677165 -0.401575 
vn 0.976378 0.015748 -0.19685 
vn 0.551181 -0.818898 -0.165354 
vn 0.76378 -0.622047 -0.165354 
vn 0.244094 -0.779528 0.574803 
vn 0.472441 -0.173228 0.866142 
vn -0.559055 -0.551181 0.614173 
vn 0.322835 0.149606 0.929134 
vn 0.700787 0.677165 -0.212598 
vn 0.944882 -0.0314961 -0.314961 
vn 0.503937 -0.700787 0.503937 
vn 0.496063 -0.11811 0.858268 
vn 0.496063 -0.11811 0.858268 
vn 0.944882 -0.0314961 -0.314961 
vn 0.472441 -0.173228 0.866142 
vn 0.480315 -0.19685 -0.858268 
vn 0.850394 0.448819 -0.275591 
vn 0.944882 -0.181102 0.283465 
vn 0.551181 0.566929 0.614173 
vn 0.401575 -0.614173 0.677165 
vn 0.401575 -0.614173 0.677165 
vn 0.905512 -0.259843 -0.330709 
vn 0.818898 0.519685 0.244094 
vn 0.905512 -0.259843 -0.330709 
vn -0.385827 -0.850394 0.354331 
vn -0.889764 -0.188976 0.417323 
vn -0.905512 -0.330709 0.259843 
vn 0.826772 -0.527559 0.188976 
vn 0.850394 0.338583 0.409449 
vn 0.724409 -0.102362 0.685039 
vn -0.362205 -0.377953 0.850394 
vn -0.251969 0.149606 0.96063 
vn -0.889764 -0.188976 0.417323 
vn -0.362205 -0.377953 0.850394 
vn -0.559055 0.204724 0.80315 
vn 0.724409 -0.102362 0.685039 
vn 0.307087 0.330709 0.889764 
vn 0.748031 0.173228 -0.637795 
vn 0.748031 0.173228 -0.637795 
vn 0.913386 -0.267717 -0.299213 
vn 0.283465 0.322835 -0.905512 
vn -0.535433 -0.622047 -0.574803 
vn -0.448819 -0.173228 -0.88189 
vn -0.346457 -0.496063 -0.795276 
vn -0.220472 -0.125984 -0.968504 
vn -0.110236 -0.307087 -0.944882 
vn -0.322835 -0.456693 -0.826772 
vn -0.551181 -0.826772 -0.11811 
vn 0.283465 -0.692913 -0.661417 
vn 0.149606 -0.228346 -0.96063 
vn 0.283465 -0.692913 -0.661417 
vn -0.740157 -0.645669 -0.165354 
vn -0.0472441 0.330709 -0.944882 
vn 0.149606 -0.228346 -0.96063 
vn 0.251969 0.385827 -0.889764 
vn -0.23622 0.338583 -0.913386 
vn 0.0787402 0.19685 -0.976378 
vn 0.251969 0.385827 -0.889764 
vn 0.11811 0.543307 -0.826772 
vn 0.527559 0.76378 -0.377953 
vn 0.677165 0.629921 -0.370079 
vn 0.614173 0.661417 -0.425197 
vn 0.015748 -0.606299 -0.795276 
vn 0.133858 -0.456693 -0.88189 
vn 0.322835 0 -0.944882 
vn 0.677165 -0.354331 -0.645669 
vn 0.606299 -0.314961 -0.724409 
vn 0.527559 -0.228346 -0.818898 
vn 0.937008 0.015748 -0.346457 
vn 0.976378 0.0866142 -0.204724 
vn 0.826772 0.0787402 -0.559055 
vn 0.574803 0.440945 -0.692913 
vn 0.582677 0.653543 -0.480315 
vn 0.771654 0.23622 -0.590551 
vn 0.929134 0.346457 -0.125984 
vn 0.952756 0.307087 0.0629921 
vn -0.503937 -0.645669 0.574803 
vn -0.0472441 -0.976378 0.220472 
vn -0.0472441 -0.976378 0.220472 
vn -0.716535 -0.551181 0.425197 
vn 0.858268 -0.354331 0.370079 
vn 0.110236 -0.503937 0.858268 
vn -0.0551181 -0.425197 0.905512 
vn -0.503937 -0.645669 0.574803 
vn -0.716535 -0.551181 0.425197 
vn 0.110236 -0.503937 0.858268 
vn -0.0472441 -0.976378 0.220472 
vn 0.0944882 -0.362205 0.929134 
vn 0.748031 0.527559 0.401575 
vn 0.614173 0.661417 -0.425197 
vn 0.535433 0.0866142 0.84252 
vn -0.574803 -0.110236 0.811024 
vn -0.905512 -0.330709 0.259843 
vn 0.850394 0.267717 0.456693 
vn 0.283465 0.15748 0.944882 
vn 0.133858 0.488189 0.858268 
vn 0.850394 0.267717 0.456693 
vn 0.850394 0.338583 0.409449 
vn 0.645669 -0.0866142 0.755906 
vn 0.88189 0.362205 0.299213 
vn 0.748031 0.527559 0.401575 
vn 0.92126 0.173228 0.354331 
vn 0.92126 0.173228 0.354331 
vn 0.606299 0.00787402 0.795276 
vn 0.88189 0.362205 0.299213 
vn 0.535433 0.0866142 0.84252 
vn 0.748031 0.527559 0.401575 

vt 0.705846 0.987081 
vt 0.705832 0.987196 
vt 0.705814 0.987116 
vt 0.705859 0.987142 
vt 0.705904 0.987169 
vt 0.705867 0.987163 
vt 0.705874 0.98713 
vt 0.705919 0.987086 
vt 0.705886 0.987069 
vt 0.705765 0.987144 
vt 0.705771 0.987229 
vt 0.705988 0.987259 
vt 0.705868 0.987271 
vt 0.705998 0.987145 
vt 0.705999 0.987174 
vt 0.705969 0.987165 
vt 0.706001 0.987084 
vt 0.705968 0.987086 
vt 0.705968 0.9873 
vt 0.705886 0.98731 
vt 0.705786 0.987356 
vt 0.705857 0.987317 
vt 0.705875 0.987376 
vt 0.705764 0.987332 
vt 0.70573 0.987228 
vt 0.705714 0.987287 
vt 0.705954 0.987323 
vt 0.705898 0.98733 
vt 0.705971 0.987361 
vt 0.705999 0.987306 
vt 0.705981 0.987367 
vt 0.705975 0.987359 
vt 0.705061 0.991206 
vt 0.705061 0.991086 
vt 0.70507 0.991085 
vt 0.705079 0.991176 
vt 0.705086 0.991083 
vt 0.70594 0.986958 
vt 0.705019 0.991175 
vt 0.705033 0.991089 
vt 0.705047 0.991093 
vt 0.70503 0.991202 
vt 0.705785 0.986953 
vt 0.70573 0.987203 
vt 0.705727 0.987148 
vt 0.705136 0.991105 
vt 0.705987 0.986963 
vt 0.704896 0.991208 
vt 0.704906 0.991189 
vt 0.705906 0.986943 
vt 0.704988 0.991096 
vt 0.705649 0.987288 
vt 0.705675 0.987241 
vt 0.705716 0.98738 
vt 0.705688 0.987336 
vt 0.705715 0.987215 
vt 0.705686 0.987179 
vt 0.705196 0.991363 
vt 0.705229 0.991283 
vt 0.705239 0.991293 
vt 0.705042 0.991234 
vt 0.705158 0.991292 
vt 0.704984 0.991346 
vt 0.704878 0.991235 
vt 0.70516 0.991325 
vt 0.705222 0.991273 
vt 0.705994 0.987375 
vt 0.706061 0.987112 
vt 0.706098 0.987201 
vt 0.706033 0.987181 
vt 0.70611 0.987136 
vt 0.70609 0.987277 
vt 0.706009 0.987144 
vt 0.706032 0.987083 
vt 0.704864 0.991117 
vt 0.704873 0.991117 
vt 0.70614 0.987157 
vt 0.706129 0.987216 
vt 0.706123 0.987277 
vt 0.704781 0.991363 
vt 0.704764 0.991461 
vt 0.704751 0.99144 
vt 0.706146 0.987023 
vt 0.704736 0.991426 
vt 0.704799 0.991377 
vt 0.704853 0.991129 
vt 0.706062 0.98733 
vt 0.706007 0.987329 
vt 0.706066 0.987376 
vt 0.706076 0.987308 
vt 0.706083 0.987372 
vt 0.706099 0.987367 
vt 0.706132 0.98736 
vt 0.704774 0.991493 
vt 0.704821 0.991427 
vt 0.704836 0.991522 
vt 0.706021 0.986958 
vt 0.706106 0.986985 
vt 0.704885 0.991112 
vt 0.70489 0.991064 
vt 0.704826 0.991223 
vt 0.704777 0.991149 
vt 0.704829 0.991138 
vt 0.706078 0.986963 
vt 0.704792 0.991221 
vt 0.704923 0.991092 
vt 0.706174 0.987053 
vt 0.704718 0.991374 
vt 0.704768 0.991348 
vt 0.704758 0.99133 
vt 0.704698 0.991258 
vt 0.704856 0.99123 
vt 0.704882 0.991362 
vt 0.704898 0.991475 
vt 0.706066 0.987439 
vt 0.705849 0.987342 
vt 0.705799 0.987368 
vt 0.705789 0.987424 
vt 0.705801 0.987418 
vt 0.705784 0.987424 
vt 0.705759 0.987386 
vt 0.705776 0.987428 
vt 0.705862 0.987386 
vt 0.705872 0.987379 
vt 0.705861 0.987437 
vt 0.705754 0.987405 
vt 0.705763 0.987436 
vt 0.70581 0.987479 
vt 0.705816 0.987459 
vt 0.705803 0.987517 
vt 0.705779 0.987483 
vt 0.705768 0.987474 
vt 0.705755 0.987539 
vt 0.70587 0.987449 
vt 0.705885 0.987478 
vt 0.70586 0.987739 
vt 0.705767 0.987595 
vt 0.70569 0.98745 
vt 0.705723 0.987397 
vt 0.705726 0.987412 
vt 0.705678 0.987441 
vt 0.705736 0.987459 
vt 0.705698 0.987488 
vt 0.705659 0.987426 
vt 0.705672 0.987502 
vt 0.705709 0.987528 
vt 0.705748 0.98751 
vt 0.705704 0.987553 
vt 0.705804 0.987784 
vt 0.705747 0.987827 
vt 0.705698 0.98761 
vt 0.705812 0.987917 
vt 0.705957 0.987425 
vt 0.705959 0.987368 
vt 0.705949 0.987414 
vt 0.705893 0.98738 
vt 0.70588 0.987379 
vt 0.705986 0.987425 
vt 0.705998 0.987414 
vt 0.706054 0.987419 
vt 0.705902 0.987423 
vt 0.705894 0.98744 
vt 0.705972 0.987455 
vt 0.705935 0.987705 
vt 0.70608 0.987478 
vt 0.706015 0.9877 
vt 0.706067 0.987703 
vt 0.706131 0.987485 
vt 0.70477 0.991594 
vt 0.706113 0.987738 
vt 0.70484 0.991747 
vt 0.704777 0.991869 
vt 0.704887 0.991726 
vt 0.705875 0.987899 
vt 0.705968 0.987881 
vt 0.705003 0.991764 
vt 0.705021 0.992041 
vt 0.704934 0.992007 
vt 0.705066 0.991884 
vt 0.705091 0.992026 
vt 0.706067 0.987863 
vt 0.704845 0.991963 
vt 0.704946 0.99174 
vt 0.705229 0.991366 
vt 0.705254 0.991314 
vt 0.705594 0.987146 
vt 0.705707 0.987004 
vt 0.70521 0.991257 
vt 0.705637 0.987384 
vt 0.705608 0.987338 
vt 0.705579 0.987195 
vt 0.705605 0.987093 
vt 0.70574 0.986985 
vt 0.705818 0.986929 
vt 0.705176 0.991203 
vt 0.70522 0.991206 
vt 0.705325 0.991355 
vt 0.705252 0.991575 
vt 0.705241 0.9916 
vt 0.705224 0.991476 
vt 0.705204 0.991485 
vt 0.705243 0.991472 
vt 0.705267 0.991566 
vt 0.705176 0.99151 
vt 0.705164 0.991359 
vt 0.705085 0.991404 
vt 0.705755 0.986838 
vt 0.705539 0.987135 
vt 0.705548 0.987101 
vt 0.705553 0.987248 
vt 0.705512 0.987128 
vt 0.705538 0.987056 
vt 0.705313 0.991555 
vt 0.705351 0.991473 
vt 0.705383 0.991513 
vt 0.705391 0.991417 
vt 0.705724 0.986858 
vt 0.70536 0.99144 
vt 0.705305 0.991405 
vt 0.7057 0.986827 
vt 0.705263 0.99106 
vt 0.7053 0.991477 
vt 0.708704 0.98755 
vt 0.708702 0.987607 
vt 0.708673 0.987575 
vt 0.708752 0.987605 
vt 0.708746 0.98767 
vt 0.708684 0.987653 
vt 0.708658 0.987605 
vt 0.708647 0.987688 
vt 0.705964 0.98682 
vt 0.706145 0.986874 
vt 0.705999 0.986822 
vt 0.706022 0.986787 
vt 0.705134 0.991026 
vt 0.705204 0.991035 
vt 0.704714 0.991202 
vt 0.704686 0.99115 
vt 0.706176 0.9869 
vt 0.706198 0.986888 
vt 0.704655 0.991264 
vt 0.706136 0.986831 
vt 0.704915 0.990908 
vt 0.70502 0.991052 
vt 0.704972 0.990972 
vt 0.704972 0.991463 
vt 0.704938 0.990969 
vt 0.705762 0.986785 
vt 0.705213 0.990973 
vt 0.704992 0.990911 
vt 0.705225 0.991076 
vt 0.705947 0.986779 
vt 0.70866 0.987537 
vt 0.7087 0.987497 
vt 0.708748 0.98754 
vt 0.708633 0.987594 
vt 0.708618 0.987697 
vt 0.70861 0.987589 
vt 0.708642 0.987503 
vt 0.709011 0.987704 
vt 0.709045 0.987677 
vt 0.709019 0.98773 
vt 0.709027 0.98766 
vt 0.708975 0.98772 
vt 0.708985 0.987695 
vt 0.705225 0.991601 
vt 0.705652 0.987509 
vt 0.705149 0.99154 
vt 0.705236 0.991711 
vt 0.708783 0.987686 
vt 0.708795 0.987736 
vt 0.708777 0.987708 
vt 0.708785 0.987747 
vt 0.708771 0.987725 
vt 0.70881 0.987715 
vt 0.708797 0.987612 
vt 0.708814 0.987645 
vt 0.705184 0.991652 
vt 0.70515 0.991568 
vt 0.70878 0.987609 
vt 0.708803 0.987835 
vt 0.70884 0.987737 
vt 0.705158 0.991781 
vt 0.708787 0.987817 
vt 0.708778 0.987806 
vt 0.708836 0.987897 
vt 0.705171 0.991945 
vt 0.705096 0.991873 
vt 0.708753 0.987928 
vt 0.708786 0.988012 
vt 0.708755 0.987705 
vt 0.708756 0.987719 
vt 0.70876 0.987776 
vt 0.708734 0.987742 
vt 0.708721 0.987721 
vt 0.708742 0.98775 
vt 0.708708 0.987793 
vt 0.70868 0.987767 
vt 0.708723 0.987801 
vt 0.708748 0.987865 
vt 0.708749 0.987888 
vt 0.708735 0.987836 
vt 0.708715 0.987864 
vt 0.708697 0.987875 
vt 0.708778 0.987516 
vt 0.70879 0.987541 
vt 0.705098 0.991546 
vt 0.708768 0.987528 
vt 0.705049 0.991494 
vt 0.705071 0.991574 
vt 0.70904 0.987566 
vt 0.709065 0.987574 
vt 0.709063 0.987592 
vt 0.709059 0.987526 
vt 0.709081 0.987579 
vt 0.709041 0.987535 
vt 0.70507 0.991777 
vt 0.705108 0.991804 
vt 0.705055 0.991692 
vt 0.709044 0.98761 
vt 0.709065 0.987623 
vt 0.708972 0.987567 
vt 0.709009 0.987586 
vt 0.708996 0.987643 
vt 0.708644 0.987787 
vt 0.708963 0.98764 
vt 0.709006 0.987521 
vt 0.7087 0.98797 
vt 0.708734 0.988063 
vt 0.708668 0.987884 
vt 0.708966 0.987486 
vt 0.709011 0.987458 
vt 0.708972 0.987402 
vt 0.709032 0.987392 
vt 0.708996 0.98731 

usemtl Player1Mtl

f 4899/4899/4899 4900/4900/4900 4901/4901/4901 
f 4904/4904/4904 4901/4901/4901 4900/4900/4900 
f 4901/4901/4901 4904/4904/4904 4905/4905/4905 
f 4900/4900/4900 4903/4903/4903 4904/4904/4904 
f 4932/4932/4932 4901/4901/4901 4905/4905/4905 
f 4906/4906/4906 4905/4905/4905 4904/4904/4904 
f 4905/4905/4905 4906/4906/4906 4932/4932/4932 
f 4901/4901/4901 4932/4932/4932 4929/4929/4929 
f 4929/4929/4929 4899/4899/4899 4901/4901/4901 
f 4929/4929/4929 4932/4932/4932 4934/4934/4934 
f 4932/4932/4932 4933/4933/4933 4934/4934/4934 
f 4933/4933/4933 4932/4932/4932 4906/4906/4906 
f 4929/4929/4929 4934/4934/4934 4935/4935/4935 
f 4935/4935/4935 4930/4930/4930 4929/4929/4929 
f 4930/4930/4930 4899/4899/4899 4929/4929/4929 
f 4899/4899/4899 4930/4930/4930 4931/4931/4931 
f 4906/4906/4906 5001/5001/5001 4933/4933/4933 
f 4899/4899/4899 4902/4902/4902 4900/4900/4900 
f 4931/4931/4931 4902/4902/4902 4899/4899/4899 
f 4903/4903/4903 4900/4900/4900 4902/4902/4902 
f 4931/4931/4931 4956/4956/4956 4902/4902/4902 
f 4956/4956/4956 4931/4931/4931 4984/4984/4984 
f 4946/4946/4946 4902/4902/4902 4956/4956/4956 
f 4902/4902/4902 4946/4946/4946 4903/4903/4903 
f 4984/4984/4984 4952/4952/4952 4956/4956/4956 
f 4952/4952/4952 4946/4946/4946 4956/4956/4956 
f 4952/4952/4952 4984/4984/4984 4981/4981/4981 
f 4952/4952/4952 4981/4981/4981 4982/4982/4982 
f 4982/4982/4982 4953/4953/4953 4952/4952/4952 
f 4951/4951/4951 4952/4952/4952 4953/4953/4953 
f 4946/4946/4946 4952/4952/4952 4951/4951/4951 
f 4951/4951/4951 4953/4953/4953 4958/4958/4958 
f 4957/4957/4957 4951/4951/4951 4958/4958/4958 
f 4958/4958/4958 4962/4962/4962 4957/4957/4957 
f 4946/4946/4946 4951/4951/4951 4947/4947/4947 
f 4957/4957/4957 4947/4947/4947 4951/4951/4951 
f 4946/4946/4946 4947/4947/4947 4948/4948/4948 
f 4903/4903/4903 4946/4946/4946 4948/4948/4948 
f 4947/4947/4947 4957/4957/4957 4960/4960/4960 
f 4965/4965/4965 4957/4957/4957 4962/4962/4962 
f 4965/4965/4965 4960/4960/4960 4957/4957/4957 
f 4962/4962/4962 4966/4966/4966 4965/4965/4965 
f 4966/4966/4966 5005/5005/5005 5004/5004/5004 
f 4966/4966/4966 5004/5004/5004 4965/4965/4965 
f 5004/5004/5004 4980/4980/4980 4965/4965/4965 
f 4980/4980/4980 5004/5004/5004 5006/5006/5006 
f 4960/4960/4960 4965/4965/4965 4977/4977/4977 
f 4965/4965/4965 4980/4980/4980 4979/4979/4979 
f 4965/4965/4965 4979/4979/4979 4977/4977/4977 
f 5006/5006/5006 4974/4974/4974 4980/4980/4980 
f 4974/4974/4974 5006/5006/5006 5001/5001/5001 
f 5001/5001/5001 4906/4906/4906 4974/4974/4974 
f 4980/4980/4980 4974/4974/4974 4973/4973/4973 
f 4973/4973/4973 4979/4979/4979 4980/4980/4980 
f 4906/4906/4906 4971/4971/4971 4974/4974/4974 
f 4971/4971/4971 4973/4973/4973 4974/4974/4974 
f 4904/4904/4904 4971/4971/4971 4906/4906/4906 
f 4971/4971/4971 4904/4904/4904 4903/4903/4903 
f 4967/4967/4967 4971/4971/4971 4903/4903/4903 
f 4948/4948/4948 4967/4967/4967 4903/4903/4903 
f 4973/4973/4973 4971/4971/4971 4970/4970/4970 
f 4971/4971/4971 4967/4967/4967 4970/4970/4970 
f 4967/4967/4967 4948/4948/4948 4950/4950/4950 
f 4970/4970/4970 4967/4967/4967 4968/4968/4968 
f 4950/4950/4950 4968/4968/4968 4967/4967/4967 
f 4973/4973/4973 4970/4970/4970 4972/4972/4972 
f 4970/4970/4970 4968/4968/4968 4972/4972/4972 
f 4969/4969/4969 4968/4968/4968 4950/4950/4950 
f 4968/4968/4968 4969/4969/4969 4972/4972/4972 
f 4948/4948/4948 4949/4949/4949 4950/4950/4950 
f 4969/4969/4969 4950/4950/4950 4949/4949/4949 
f 4948/4948/4948 4947/4947/4947 4949/4949/4949 
f 4960/4960/4960 4949/4949/4949 4947/4947/4947 
f 4972/4972/4972 4975/4975/4975 4973/4973/4973 
f 4975/4975/4975 4972/4972/4972 4969/4969/4969 
f 4979/4979/4979 4973/4973/4973 4975/4975/4975 
f 4949/4949/4949 4961/4961/4961 4969/4969/4969 
f 4949/4949/4949 4960/4960/4960 4961/4961/4961 
f 4969/4969/4969 4978/4978/4978 4975/4975/4975 
f 4979/4979/4979 4975/4975/4975 4978/4978/4978 
f 4978/4978/4978 4969/4969/4969 4961/4961/4961 
f 4976/4976/4976 4979/4979/4979 4978/4978/4978 
f 4961/4961/4961 4976/4976/4976 4978/4978/4978 
f 4976/4976/4976 4961/4961/4961 4960/4960/4960 
f 4979/4979/4979 4976/4976/4976 4977/4977/4977 
f 4960/4960/4960 4977/4977/4977 4976/4976/4976 
f 4677/4677/4677 4678/4678/4678 4679/4679/4679 
f 4678/4678/4678 4677/4677/4677 4680/4680/4680 
f 4678/4678/4678 4680/4680/4680 4682/4682/4682 
f 4719/4719/4719 4677/4677/4677 4679/4679/4679 
f 4677/4677/4677 4719/4719/4719 4870/4870/4870 
f 4679/4679/4679 4678/4678/4678 4686/4686/4686 
f 4686/4686/4686 4719/4719/4719 4679/4679/4679 
f 4682/4682/4682 4689/4689/4689 4678/4678/4678 
f 4883/4883/4883 4870/4870/4870 4719/4719/4719 
f 4924/4924/4924 4870/4870/4870 4883/4883/4883 
f 4883/4883/4883 4896/4896/4896 4924/4924/4924 
f 4896/4896/4896 4883/4883/4883 4893/4893/4893 
f 4863/4863/4863 4896/4896/4896 4893/4893/4893 
f 4869/4869/4869 4883/4883/4883 4719/4719/4719 
f 4883/4883/4883 4869/4869/4869 4893/4893/4893 
f 4893/4893/4893 4869/4869/4869 4863/4863/4863 
f 4719/4719/4719 4686/4686/4686 4869/4869/4869 
f 4686/4686/4686 4863/4863/4863 4869/4869/4869 
f 4863/4863/4863 4686/4686/4686 4721/4721/4721 
f 4686/4686/4686 4720/4720/4720 4721/4721/4721 
f 4720/4720/4720 4686/4686/4686 4687/4687/4687 
f 4678/4678/4678 4687/4687/4687 4686/4686/4686 
f 4687/4687/4687 4701/4701/4701 4720/4720/4720 
f 4689/4689/4689 4687/4687/4687 4678/4678/4678 
f 4701/4701/4701 4687/4687/4687 4700/4700/4700 
f 4687/4687/4687 4689/4689/4689 4700/4700/4700 
f 4701/4701/4701 4700/4700/4700 4702/4702/4702 
f 4702/4702/4702 4732/4732/4732 4701/4701/4701 
f 4729/4729/4729 4732/4732/4732 4702/4702/4702 
f 4732/4732/4732 4729/4729/4729 4733/4733/4733 
f 4862/4862/4862 4733/4733/4733 4729/4729/4729 
f 4702/4702/4702 4728/4728/4728 4729/4729/4729 
f 4862/4862/4862 4729/4729/4729 4728/4728/4728 
f 4733/4733/4733 4862/4862/4862 4868/4868/4868 
f 4885/4885/4885 4868/4868/4868 4862/4862/4862 
f 4868/4868/4868 4885/4885/4885 4888/4888/4888 
f 4888/4888/4888 4885/4885/4885 4887/4887/4887 
f 4887/4887/4887 4885/4885/4885 4884/4884/4884 
f 4862/4862/4862 4884/4884/4884 4885/4885/4885 
f 4884/4884/4884 4886/4886/4886 4887/4887/4887 
f 4884/4884/4884 4862/4862/4862 4867/4867/4867 
f 4884/4884/4884 4867/4867/4867 4886/4886/4886 
f 4728/4728/4728 4867/4867/4867 4862/4862/4862 
f 4867/4867/4867 4866/4866/4866 4886/4886/4886 
f 4867/4867/4867 4728/4728/4728 4866/4866/4866 
f 4728/4728/4728 4865/4865/4865 4866/4866/4866 
f 4865/4865/4865 4728/4728/4728 4731/4731/4731 
f 4728/4728/4728 4702/4702/4702 4731/4731/4731 
f 4731/4731/4731 4820/4820/4820 4865/4865/4865 
f 4702/4702/4702 4730/4730/4730 4731/4731/4731 
f 4820/4820/4820 4731/4731/4731 4730/4730/4730 
f 4730/4730/4730 4702/4702/4702 4700/4700/4700 
f 4730/4730/4730 4817/4817/4817 4820/4820/4820 
f 4943/4943/4943 4820/4820/4820 4817/4817/4817 
f 4817/4817/4817 4730/4730/4730 4815/4815/4815 
f 4700/4700/4700 4815/4815/4815 4730/4730/4730 
f 4943/4943/4943 4817/4817/4817 4821/4821/4821 
f 4827/4827/4827 4943/4943/4943 4821/4821/4821 
f 4815/4815/4815 4814/4814/4814 4817/4817/4817 
f 4821/4821/4821 4817/4817/4817 4814/4814/4814 
f 4819/4819/4819 4821/4821/4821 4814/4814/4814 
f 4814/4814/4814 4815/4815/4815 4816/4816/4816 
f 4814/4814/4814 4818/4818/4818 4819/4819/4819 
f 4818/4818/4818 4814/4814/4814 4816/4816/4816 
f 4797/4797/4797 4816/4816/4816 4815/4815/4815 
f 4815/4815/4815 4700/4700/4700 4797/4797/4797 
f 4816/4816/4816 4797/4797/4797 4802/4802/4802 
f 4802/4802/4802 4818/4818/4818 4816/4816/4816 
f 4822/4822/4822 4821/4821/4821 4819/4819/4819 
f 4822/4822/4822 4819/4819/4819 4818/4818/4818 
f 4818/4818/4818 4802/4802/4802 4803/4803/4803 
f 4821/4821/4821 4822/4822/4822 4824/4824/4824 
f 4827/4827/4827 4821/4821/4821 4824/4824/4824 
f 4823/4823/4823 4822/4822/4822 4818/4818/4818 
f 4824/4824/4824 4813/4813/4813 4827/4827/4827 
f 4822/4822/4822 4809/4809/4809 4824/4824/4824 
f 4809/4809/4809 4822/4822/4822 4823/4823/4823 
f 4813/4813/4813 4824/4824/4824 4809/4809/4809 
f 4826/4826/4826 4827/4827/4827 4813/4813/4813 
f 4818/4818/4818 4808/4808/4808 4823/4823/4823 
f 4808/4808/4808 4818/4818/4818 4803/4803/4803 
f 4807/4807/4807 4809/4809/4809 4823/4823/4823 
f 4808/4808/4808 4807/4807/4807 4823/4823/4823 
f 4806/4806/4806 4813/4813/4813 4809/4809/4809 
f 4807/4807/4807 4806/4806/4806 4809/4809/4809 
f 4798/4798/4798 4808/4808/4808 4803/4803/4803 
f 4798/4798/4798 4807/4807/4807 4808/4808/4808 
f 4802/4802/4802 4798/4798/4798 4803/4803/4803 
f 4798/4798/4798 4802/4802/4802 4797/4797/4797 
f 4807/4807/4807 4798/4798/4798 4796/4796/4796 
f 4797/4797/4797 4796/4796/4796 4798/4798/4798 
f 4796/4796/4796 4806/4806/4806 4807/4807/4807 
f 4796/4796/4796 4797/4797/4797 4700/4700/4700 
f 4796/4796/4796 4700/4700/4700 4697/4697/4697 
f 4700/4700/4700 4689/4689/4689 4697/4697/4697 
f 4796/4796/4796 4804/4804/4804 4806/4806/4806 
f 4804/4804/4804 4796/4796/4796 4794/4794/4794 
f 4697/4697/4697 4794/4794/4794 4796/4796/4796 
f 4794/4794/4794 4805/4805/4805 4804/4804/4804 
f 4794/4794/4794 4697/4697/4697 4793/4793/4793 
f 4805/4805/4805 4794/4794/4794 4795/4795/4795 
f 4793/4793/4793 4795/4795/4795 4794/4794/4794 
f 4795/4795/4795 4801/4801/4801 4805/4805/4805 
f 4801/4801/4801 4804/4804/4804 4805/4805/4805 
f 4793/4793/4793 4799/4799/4799 4795/4795/4795 
f 4801/4801/4801 4795/4795/4795 4799/4799/4799 
f 4697/4697/4697 4792/4792/4792 4793/4793/4793 
f 4799/4799/4799 4793/4793/4793 4792/4792/4792 
f 4697/4697/4697 4698/4698/4698 4792/4792/4792 
f 4697/4697/4697 4689/4689/4689 4698/4698/4698 
f 4792/4792/4792 4800/4800/4800 4799/4799/4799 
f 4800/4800/4800 4801/4801/4801 4799/4799/4799 
f 4800/4800/4800 4792/4792/4792 4698/4698/4698 
f 4804/4804/4804 4801/4801/4801 4810/4810/4810 
f 4800/4800/4800 4810/4810/4810 4801/4801/4801 
f 4810/4810/4810 4806/4806/4806 4804/4804/4804 
f 4698/4698/4698 4699/4699/4699 4800/4800/4800 
f 4699/4699/4699 4810/4810/4810 4800/4800/4800 
f 4699/4699/4699 4698/4698/4698 4689/4689/4689 
f 4806/4806/4806 4810/4810/4810 4811/4811/4811 
f 4699/4699/4699 4811/4811/4811 4810/4810/4810 
f 4812/4812/4812 4806/4806/4806 4811/4811/4811 
f 4812/4812/4812 4813/4813/4813 4806/4806/4806 
f 4825/4825/4825 4813/4813/4813 4812/4812/4812 
f 4825/4825/4825 4826/4826/4826 4813/4813/4813 
f 4828/4828/4828 4826/4826/4826 4825/4825/4825 
f 4828/4828/4828 4825/4825/4825 4850/4850/4850 
f 4850/4850/4850 4825/4825/4825 4812/4812/4812 
f 4840/4840/4840 4850/4850/4850 4812/4812/4812 
f 4811/4811/4811 4840/4840/4840 4812/4812/4812 
f 4850/4850/4850 4840/4840/4840 4851/4851/4851 
f 4840/4840/4840 4811/4811/4811 4839/4839/4839 
f 4842/4842/4842 4851/4851/4851 4840/4840/4840 
f 4842/4842/4842 4840/4840/4840 4839/4839/4839 
f 4851/4851/4851 4842/4842/4842 4857/4857/4857 
f 4843/4843/4843 4857/4857/4857 4842/4842/4842 
f 4857/4857/4857 4843/4843/4843 4846/4846/4846 
f 4842/4842/4842 4841/4841/4841 4843/4843/4843 
f 4841/4841/4841 4846/4846/4846 4843/4843/4843 
f 4842/4842/4842 4839/4839/4839 4841/4841/4841 
f 4846/4846/4846 4841/4841/4841 4844/4844/4844 
f 4768/4768/4768 4844/4844/4844 4841/4841/4841 
f 4844/4844/4844 4768/4768/4768 4769/4769/4769 
f 4834/4834/4834 4841/4841/4841 4839/4839/4839 
f 4768/4768/4768 4841/4841/4841 4791/4791/4791 
f 4841/4841/4841 4834/4834/4834 4791/4791/4791 
f 4748/4748/4748 4769/4769/4769 4768/4768/4768 
f 4769/4769/4769 4748/4748/4748 4755/4755/4755 
f 4748/4748/4748 4754/4754/4754 4755/4755/4755 
f 4708/4708/4708 4834/4834/4834 4839/4839/4839 
f 4754/4754/4754 4748/4748/4748 4745/4745/4745 
f 4745/4745/4745 4753/4753/4753 4754/4754/4754 
f 4708/4708/4708 4839/4839/4839 4829/4829/4829 
f 4811/4811/4811 4829/4829/4829 4839/4839/4839 
f 4753/4753/4753 4745/4745/4745 4747/4747/4747 
f 4759/4759/4759 4753/4753/4753 4747/4747/4747 
f 4753/4753/4753 4759/4759/4759 4783/4783/4783 
f 4759/4759/4759 4916/4916/4916 4783/4783/4783 
f 4747/4747/4747 4774/4774/4774 4759/4759/4759 
f 4916/4916/4916 4759/4759/4759 4915/4915/4915 
f 4774/4774/4774 4915/4915/4915 4759/4759/4759 
f 4918/4918/4918 4916/4916/4916 4915/4915/4915 
f 4908/4908/4908 4918/4918/4918 4915/4915/4915 
f 4915/4915/4915 4774/4774/4774 4908/4908/4908 
f 4780/4780/4780 4918/4918/4918 4908/4908/4908 
f 4780/4780/4780 4908/4908/4908 4774/4774/4774 
f 4750/4750/4750 4780/4780/4780 4774/4774/4774 
f 4774/4774/4774 4747/4747/4747 4744/4744/4744 
f 4774/4774/4774 4744/4744/4744 4750/4750/4750 
f 4745/4745/4745 4744/4744/4744 4747/4747/4747 
f 4744/4744/4744 4746/4746/4746 4750/4750/4750 
f 4744/4744/4744 4745/4745/4745 4746/4746/4746 
f 4746/4746/4746 4749/4749/4749 4750/4750/4750 
f 4746/4746/4746 4691/4691/4691 4749/4749/4749 
f 4748/4748/4748 4746/4746/4746 4745/4745/4745 
f 4691/4691/4691 4746/4746/4746 4688/4688/4688 
f 4746/4746/4746 4748/4748/4748 4688/4688/4688 
f 4691/4691/4691 4688/4688/4688 4692/4692/4692 
f 4690/4690/4690 4691/4691/4691 4692/4692/4692 
f 4692/4692/4692 4693/4693/4693 4690/4690/4690 
f 4693/4693/4693 4692/4692/4692 4694/4694/4694 
f 4694/4694/4694 4773/4773/4773 4693/4693/4693 
f 4692/4692/4692 4684/4684/4684 4694/4694/4694 
f 4684/4684/4684 4692/4692/4692 4681/4681/4681 
f 4688/4688/4688 4681/4681/4681 4692/4692/4692 
f 4714/4714/4714 4694/4694/4694 4684/4684/4684 
f 4773/4773/4773 4694/4694/4694 4723/4723/4723 
f 4714/4714/4714 4723/4723/4723 4694/4694/4694 
f 4714/4714/4714 4684/4684/4684 4685/4685/4685 
f 4684/4684/4684 4681/4681/4681 4685/4685/4685 
f 4681/4681/4681 4683/4683/4683 4685/4685/4685 
f 4681/4681/4681 4682/4682/4682 4683/4683/4683 
f 4685/4685/4685 4726/4726/4726 4714/4714/4714 
f 4682/4682/4682 4681/4681/4681 4689/4689/4689 
f 4681/4681/4681 4688/4688/4688 4689/4689/4689 
f 4907/4907/4907 4714/4714/4714 4726/4726/4726 
f 4907/4907/4907 4723/4723/4723 4714/4714/4714 
f 4726/4726/4726 4928/4928/4928 4907/4907/4907 
f 4723/4723/4723 4907/4907/4907 4909/4909/4909 
f 4909/4909/4909 4907/4907/4907 4928/4928/4928 
f 4909/4909/4909 4773/4773/4773 4723/4723/4723 
f 4928/4928/4928 4910/4910/4910 4909/4909/4909 
f 4773/4773/4773 4909/4909/4909 4910/4910/4910 
f 4695/4695/4695 4689/4689/4689 4688/4688/4688 
f 4689/4689/4689 4695/4695/4695 4696/4696/4696 
f 4699/4699/4699 4689/4689/4689 4696/4696/4696 
f 4708/4708/4708 4695/4695/4695 4688/4688/4688 
f 4696/4696/4696 4833/4833/4833 4699/4699/4699 
f 4696/4696/4696 4695/4695/4695 4703/4703/4703 
f 4705/4705/4705 4703/4703/4703 4695/4695/4695 
f 4695/4695/4695 4708/4708/4708 4705/4705/4705 
f 4696/4696/4696 4703/4703/4703 4704/4704/4704 
f 4704/4704/4704 4833/4833/4833 4696/4696/4696 
f 4703/4703/4703 4705/4705/4705 4830/4830/4830 
f 4830/4830/4830 4704/4704/4704 4703/4703/4703 
f 4829/4829/4829 4705/4705/4705 4708/4708/4708 
f 4829/4829/4829 4830/4830/4830 4705/4705/4705 
f 4830/4830/4830 4829/4829/4829 4831/4831/4831 
f 4704/4704/4704 4830/4830/4830 4832/4832/4832 
f 4831/4831/4831 4832/4832/4832 4830/4830/4830 
f 4833/4833/4833 4704/4704/4704 4832/4832/4832 
f 4832/4832/4832 4831/4831/4831 4837/4837/4837 
f 4837/4837/4837 4833/4833/4833 4832/4832/4832 
f 4829/4829/4829 4837/4837/4837 4831/4831/4831 
f 4833/4833/4833 4837/4837/4837 4838/4838/4838 
f 4837/4837/4837 4829/4829/4829 4838/4838/4838 
f 4838/4838/4838 4699/4699/4699 4833/4833/4833 
f 4829/4829/4829 4811/4811/4811 4838/4838/4838 
f 4699/4699/4699 4838/4838/4838 4811/4811/4811 
f 4708/4708/4708 4688/4688/4688 4706/4706/4706 
f 4688/4688/4688 4748/4748/4748 4706/4706/4706 
f 4706/4706/4706 4707/4707/4707 4708/4708/4708 
f 4834/4834/4834 4708/4708/4708 4707/4707/4707 
f 4707/4707/4707 4835/4835/4835 4834/4834/4834 
f 4791/4791/4791 4834/4834/4834 4835/4835/4835 
f 4835/4835/4835 4707/4707/4707 4743/4743/4743 
f 4706/4706/4706 4743/4743/4743 4707/4707/4707 
f 4791/4791/4791 4835/4835/4835 4836/4836/4836 
f 4743/4743/4743 4836/4836/4836 4835/4835/4835 
f 4743/4743/4743 4706/4706/4706 4764/4764/4764 
f 4836/4836/4836 4743/4743/4743 4765/4765/4765 
f 4764/4764/4764 4765/4765/4765 4743/4743/4743 
f 4765/4765/4765 4791/4791/4791 4836/4836/4836 
f 4763/4763/4763 4764/4764/4764 4706/4706/4706 
f 4765/4765/4765 4764/4764/4764 4763/4763/4763 
f 4791/4791/4791 4765/4765/4765 4767/4767/4767 
f 4763/4763/4763 4767/4767/4767 4765/4765/4765 
f 4768/4768/4768 4791/4791/4791 4767/4767/4767 
f 4706/4706/4706 4766/4766/4766 4763/4763/4763 
f 4767/4767/4767 4763/4763/4763 4766/4766/4766 
f 4766/4766/4766 4768/4768/4768 4767/4767/4767 
f 4706/4706/4706 4748/4748/4748 4766/4766/4766 
f 4768/4768/4768 4766/4766/4766 4748/4748/4748 
f 4852/4852/4852 4853/4853/4853 4854/4854/4854 
f 4852/4852/4852 4854/4854/4854 4859/4859/4859 
f 4985/4985/4985 4852/4852/4852 4859/4859/4859 
f 4859/4859/4859 4854/4854/4854 4858/4858/4858 
f 4859/4859/4859 4858/4858/4858 4849/4849/4849 
f 4858/4858/4858 4847/4847/4847 4849/4849/4849 
f 4847/4847/4847 4858/4858/4858 4848/4848/4848 
f 4847/4847/4847 4848/4848/4848 4845/4845/4845 
f 4847/4847/4847 4790/4790/4790 4849/4849/4849 
f 4790/4790/4790 4859/4859/4859 4849/4849/4849 
f 4772/4772/4772 4847/4847/4847 4845/4845/4845 
f 4790/4790/4790 4847/4847/4847 4772/4772/4772 
f 4770/4770/4770 4772/4772/4772 4845/4845/4845 
f 4859/4859/4859 4790/4790/4790 4922/4922/4922 
f 4859/4859/4859 4922/4922/4922 4985/4985/4985 
f 4771/4771/4771 4790/4790/4790 4772/4772/4772 
f 4770/4770/4770 4771/4771/4771 4772/4772/4772 
f 4789/4789/4789 4922/4922/4922 4790/4790/4790 
f 4790/4790/4790 4771/4771/4771 4789/4789/4789 
f 4770/4770/4770 4761/4761/4761 4771/4771/4771 
f 4789/4789/4789 4771/4771/4771 4761/4761/4761 
f 4761/4761/4761 4770/4770/4770 4757/4757/4757 
f 4739/4739/4739 4985/4985/4985 4922/4922/4922 
f 4922/4922/4922 4789/4789/4789 4739/4739/4739 
f 4985/4985/4985 4739/4739/4739 4882/4882/4882 
f 4737/4737/4737 4882/4882/4882 4739/4739/4739 
f 4789/4789/4789 4740/4740/4740 4739/4739/4739 
f 4739/4739/4739 4740/4740/4740 4737/4737/4737 
f 4789/4789/4789 4761/4761/4761 4740/4740/4740 
f 4757/4757/4757 4756/4756/4756 4761/4761/4761 
f 4756/4756/4756 4757/4757/4757 4758/4758/4758 
f 4756/4756/4756 4758/4758/4758 4760/4760/4760 
f 4788/4788/4788 4761/4761/4761 4756/4756/4756 
f 4740/4740/4740 4761/4761/4761 4788/4788/4788 
f 4760/4760/4760 4785/4785/4785 4756/4756/4756 
f 4760/4760/4760 4784/4784/4784 4785/4785/4785 
f 4756/4756/4756 4777/4777/4777 4788/4788/4788 
f 4777/4777/4777 4756/4756/4756 4785/4785/4785 
f 4762/4762/4762 4740/4740/4740 4788/4788/4788 
f 4788/4788/4788 4779/4779/4779 4762/4762/4762 
f 4779/4779/4779 4788/4788/4788 4777/4777/4777 
f 4740/4740/4740 4762/4762/4762 4751/4751/4751 
f 4777/4777/4777 4778/4778/4778 4779/4779/4779 
f 4751/4751/4751 4724/4724/4724 4740/4740/4740 
f 4724/4724/4724 4737/4737/4737 4740/4740/4740 
f 4724/4724/4724 4751/4751/4751 4752/4752/4752 
f 4737/4737/4737 4724/4724/4724 4718/4718/4718 
f 4710/4710/4710 4737/4737/4737 4718/4718/4718 
f 4710/4710/4710 4718/4718/4718 4717/4717/4717 
f 4752/4752/4752 4725/4725/4725 4724/4724/4724 
f 4718/4718/4718 4724/4724/4724 4725/4725/4725 
f 4725/4725/4725 4752/4752/4752 4775/4775/4775 
f 4717/4717/4717 4718/4718/4718 4715/4715/4715 
f 4725/4725/4725 4715/4715/4715 4718/4718/4718 
f 4715/4715/4715 4716/4716/4716 4717/4717/4717 
f 4775/4775/4775 4776/4776/4776 4725/4725/4725 
f 4727/4727/4727 4716/4716/4716 4715/4715/4715 
f 4725/4725/4725 4727/4727/4727 4715/4715/4715 
f 4727/4727/4727 4920/4920/4920 4716/4716/4716 
f 4725/4725/4725 4776/4776/4776 4782/4782/4782 
f 4727/4727/4727 4725/4725/4725 4782/4782/4782 
f 4919/4919/4919 4782/4782/4782 4776/4776/4776 
f 4921/4921/4921 4920/4920/4920 4727/4727/4727 
f 4782/4782/4782 4921/4921/4921 4727/4727/4727 
f 4920/4920/4920 4921/4921/4921 4926/4926/4926 
f 4782/4782/4782 4919/4919/4919 4923/4923/4923 
f 4921/4921/4921 4782/4782/4782 4923/4923/4923 
f 4926/4926/4926 4923/4923/4923 4919/4919/4919 
f 4923/4923/4923 4926/4926/4926 4921/4921/4921 
f 4936/4936/4936 4937/4937/4937 4938/4938/4938 
f 4940/4940/4940 4936/4936/4936 4938/4938/4938 
f 4936/4936/4936 4940/4940/4940 4941/4941/4941 
f 4940/4940/4940 5002/5002/5002 4941/4941/4941 
f 5002/5002/5002 5000/5000/5000 4941/4941/4941 
f 4941/4941/4941 5000/5000/5000 4936/4936/4936 
f 5002/5002/5002 4998/4998/4998 5000/5000/5000 
f 4937/4937/4937 4936/4936/4936 4939/4939/4939 
f 5000/5000/5000 4939/4939/4939 4936/4936/4936 
f 4939/4939/4939 4997/4997/4997 4937/4937/4937 
f 4998/4998/4998 4999/4999/4999 5000/5000/5000 
f 5000/5000/5000 4999/4999/4999 4939/4939/4939 
f 4997/4997/4997 4939/4939/4939 4996/4996/4996 
f 4999/4999/4999 4996/4996/4996 4939/4939/4939 
f 4996/4996/4996 4989/4989/4989 4997/4997/4997 
f 4989/4989/4989 4996/4996/4996 4987/4987/4987 
f 4999/4999/4999 4987/4987/4987 4996/4996/4996 
f 4987/4987/4987 4988/4988/4988 4989/4989/4989 
f 4998/4998/4998 5003/5003/5003 4999/4999/4999 
f 4987/4987/4987 4999/4999/4999 5003/5003/5003 
f 5003/5003/5003 4998/4998/4998 5007/5007/5007 
f 4988/4988/4988 4987/4987/4987 4992/4992/4992 
f 5003/5003/5003 4992/4992/4992 4987/4987/4987 
f 4990/4990/4990 4988/4988/4988 4992/4992/4992 
f 4988/4988/4988 4990/4990/4990 4991/4991/4991 
f 4992/4992/4992 5003/5003/5003 5008/5008/5008 
f 5007/5007/5007 5008/5008/5008 5003/5003/5003 
f 5008/5008/5008 4990/4990/4990 4992/4992/4992 
f 5008/5008/5008 5007/5007/5007 5009/5009/5009 
f 4990/4990/4990 5008/5008/5008 5010/5010/5010 
f 5009/5009/5009 5010/5010/5010 5008/5008/5008 
f 5010/5010/5010 5009/5009/5009 5011/5011/5011 
f 4709/4709/4709 4710/4710/4710 4711/4711/4711 
f 4711/4711/4711 4712/4712/4712 4709/4709/4709 
f 4712/4712/4712 4711/4711/4711 4713/4713/4713 
f 4710/4710/4710 4709/4709/4709 4737/4737/4737 
f 4713/4713/4713 4722/4722/4722 4712/4712/4712 
f 4722/4722/4722 4713/4713/4713 4911/4911/4911 
f 4738/4738/4738 4709/4709/4709 4712/4712/4712 
f 4738/4738/4738 4712/4712/4712 4722/4722/4722 
f 4911/4911/4911 4912/4912/4912 4722/4722/4722 
f 4912/4912/4912 4911/4911/4911 4925/4925/4925 
f 4912/4912/4912 4925/4925/4925 4897/4897/4897 
f 4871/4871/4871 4722/4722/4722 4912/4912/4912 
f 4722/4722/4722 4871/4871/4871 4738/4738/4738 
f 4927/4927/4927 4912/4912/4912 4897/4897/4897 
f 4927/4927/4927 4871/4871/4871 4912/4912/4912 
f 4897/4897/4897 4871/4871/4871 4927/4927/4927 
f 4871/4871/4871 4897/4897/4897 4872/4872/4872 
f 4871/4871/4871 4872/4872/4872 4864/4864/4864 
f 4871/4871/4871 4864/4864/4864 4738/4738/4738 
f 4738/4738/4738 4864/4864/4864 4742/4742/4742 
f 4742/4742/4742 4741/4741/4741 4738/4738/4738 
f 4709/4709/4709 4738/4738/4738 4741/4741/4741 
f 4735/4735/4735 4741/4741/4741 4742/4742/4742 
f 4741/4741/4741 4737/4737/4737 4709/4709/4709 
f 4735/4735/4735 4881/4881/4881 4741/4741/4741 
f 4881/4881/4881 4737/4737/4737 4741/4741/4741 
f 4735/4735/4735 4734/4734/4734 4881/4881/4881 
f 4734/4734/4734 4735/4735/4735 4736/4736/4736 
f 4882/4882/4882 4737/4737/4737 4881/4881/4881 
f 4736/4736/4736 4860/4860/4860 4734/4734/4734 
f 4860/4860/4860 4736/4736/4736 4861/4861/4861 
f 4861/4861/4861 4873/4873/4873 4860/4860/4860 
f 4878/4878/4878 4734/4734/4734 4860/4860/4860 
f 4860/4860/4860 4873/4873/4873 4895/4895/4895 
f 4878/4878/4878 4860/4860/4860 4895/4895/4895 
f 4873/4873/4873 4894/4894/4894 4895/4895/4895 
f 4894/4894/4894 4873/4873/4873 4892/4892/4892 
f 4898/4898/4898 4895/4895/4895 4894/4894/4894 
f 4895/4895/4895 4898/4898/4898 4878/4878/4878 
f 4892/4892/4892 4890/4890/4890 4894/4894/4894 
f 4894/4894/4894 4890/4890/4890 4898/4898/4898 
f 4890/4890/4890 4892/4892/4892 4891/4891/4891 
f 4889/4889/4889 4890/4890/4890 4891/4891/4891 
f 4890/4890/4890 4889/4889/4889 4898/4898/4898 
f 4889/4889/4889 4878/4878/4878 4898/4898/4898 
f 4878/4878/4878 4889/4889/4889 4879/4879/4879 
f 4878/4878/4878 4879/4879/4879 4874/4874/4874 
f 4874/4874/4874 4876/4876/4876 4878/4878/4878 
f 4734/4734/4734 4878/4878/4878 4876/4876/4876 
f 4874/4874/4874 4875/4875/4875 4876/4876/4876 
f 4877/4877/4877 4734/4734/4734 4876/4876/4876 
f 4875/4875/4875 4877/4877/4877 4876/4876/4876 
f 4877/4877/4877 4881/4881/4881 4734/4734/4734 
f 4942/4942/4942 4877/4877/4877 4875/4875/4875 
f 4880/4880/4880 4881/4881/4881 4877/4877/4877 
f 4942/4942/4942 4880/4880/4880 4877/4877/4877 
f 4882/4882/4882 4881/4881/4881 4880/4880/4880 
f 4942/4942/4942 4944/4944/4944 4880/4880/4880 
f 4944/4944/4944 4882/4882/4882 4880/4880/4880 
f 4944/4944/4944 4942/4942/4942 4945/4945/4945 
f 4944/4944/4944 4945/4945/4945 4954/4954/4954 
f 4945/4945/4945 4959/4959/4959 4954/4954/4954 
f 4944/4944/4944 4954/4954/4954 4955/4955/4955 
f 4945/4945/4945 4963/4963/4963 4959/4959/4959 
f 4944/4944/4944 4955/4955/4955 4983/4983/4983 
f 4964/4964/4964 4959/4959/4959 4963/4963/4963 
f 4959/4959/4959 4964/4964/4964 4994/4994/4994 
f 4964/4964/4964 4963/4963/4963 4856/4856/4856 
f 4964/4964/4964 4993/4993/4993 4994/4994/4994 
f 4985/4985/4985 4944/4944/4944 4983/4983/4983 
f 4944/4944/4944 4985/4985/4985 4882/4882/4882 
f 4985/4985/4985 4983/4983/4983 4986/4986/4986 
f 4856/4856/4856 4855/4855/4855 4964/4964/4964 
f 4964/4964/4964 4855/4855/4855 4993/4993/4993 
f 4855/4855/4855 4856/4856/4856 4853/4853/4853 
f 4852/4852/4852 4993/4993/4993 4855/4855/4855 
f 4855/4855/4855 4853/4853/4853 4852/4852/4852 
f 4993/4993/4993 4852/4852/4852 4995/4995/4995 
f 4852/4852/4852 4986/4986/4986 4995/4995/4995 
f 4986/4986/4986 4852/4852/4852 4985/4985/4985 
f 4778/4778/4778 4777/4777/4777 4781/4781/4781 
f 4785/4785/4785 4781/4781/4781 4777/4777/4777 
f 4913/4913/4913 4778/4778/4778 4781/4781/4781 
f 4778/4778/4778 4913/4913/4913 4914/4914/4914 
f 4781/4781/4781 4785/4785/4785 4786/4786/4786 
f 4785/4785/4785 4784/4784/4784 4786/4786/4786 
f 4913/4913/4913 4781/4781/4781 4787/4787/4787 
f 4914/4914/4914 4913/4913/4913 4787/4787/4787 
f 4781/4781/4781 4786/4786/4786 4787/4787/4787 
f 4784/4784/4784 4787/4787/4787 4786/4786/4786 
f 4914/4914/4914 4787/4787/4787 4917/4917/4917 
f 4787/4787/4787 4784/4784/4784 4917/4917/4917 

g Player12

v 0.75632 104.749 -0.232251 
v 0.785348 104.431 -0.258533 
v 0.701598 104.405 0.0324299 
v 0.671902 104.835 -0.0427291 
v 0.921019 104.165 -0.159996 
v 0.98821 104.514 -0.375649 
v 0.833498 104.748 0.0745354 
v 0.711001 104.781 -0.198905 
v 1.03132 104.78 -0.149239 
v 0.894006 104.05 0.0691035 
v 0.653695 104.577 0.236113 
v 0.932429 104.316 -0.0190831 
v 0.796681 104.115 0.11663 
v 0.701598 104.405 0.0324299 
v 0.773316 104.775 0.154045 
v 0.671902 104.835 -0.0427291 
v 0.860343 105.008 0.220279 
v 0.875477 104.687 -0.0290108 
v 0.894006 104.05 0.0691035 
v 0.93427 104.196 0.231085 
v 0.647523 104.813 -0.0104658 
v 0.53355 105.14 -0.158845 
v 0.53355 105.14 -0.158845 
v 0.863188 105.021 -0.308842 
v 0.711001 104.781 -0.198905 
v 0.882768 105.078 -0.100666 
v 1.03132 104.78 -0.149239 
v 0.887615 104.92 -0.332274 
v 0.457073 105.07 0.0916048 
v 0.613701 105.154 0.271217 
v 0.882768 105.078 -0.100666 
v 1.0077 104.998 0.125354 
v 0.950049 104.974 0.159005 
v 1.17128 104.03 0.0115834 
v 1.10821 104.127 -0.25347 
v 1.12759 104.728 0.0578754 
v 1.17128 104.03 0.0115834 
v 1.05706 103.979 0.248541 
v 1.13539 104.229 0.00507605 
v 1.12502 105.028 0.0221249 
v 1.11272 104.624 -0.152675 
v 1.03859 104.601 0.299332 
v 1.09244 104.899 -0.284697 
v 1.12571 105.068 -0.310943 
v 1.16576 105.059 -0.13054 
v 1.16576 105.059 -0.13054 
v 1.16545 104.957 0.060018 
v 1.24821 105.035 -0.0375031 
v 1.15305 104.96 -0.161653 
v 0.954929 105.033 0.191221 
v 0.942857 105.184 -0.0735236 
v 0.78056 104.454 0.284908 
v 0.653695 104.577 0.236113 
v 0.796681 104.115 0.11663 
v 0.758959 104.167 0.434478 
v 0.606567 104.477 0.599905 
v 1.05706 103.979 0.248541 
v 1.06584 104.594 0.286567 
v 0.684044 104.855 0.659598 
v 0.951705 104.039 0.58446 
v 0.878424 104.468 0.809023 
v 0.867433 104.962 0.8458 
v 0.800704 104.865 0.452664 
v 1.15605 104.76 0.622963 
v 0.717479 104.76 0.708744 
v 0.717479 104.76 0.708744 
v 1.15605 104.76 0.622963 
v 0.80929 104.935 0.869354 
v 0.685364 105.049 0.454265 
v 0.536131 105.127 0.656387 
v 0.656614 105.131 0.359184 
v 0.685364 105.049 0.454265 
v 0.961979 105.207 0.202918 
v 0.948945 105.217 0.618358 
v 0.948945 105.217 0.618358 
v 0.642926 105.203 0.903099 
v 0.536131 105.127 0.656387 
v 1.09103 104.829 0.321133 
v 1.16222 104.194 0.248575 
v 1.04844 104.906 0.534524 
v 1.08124 104.65 0.49705 
v 1.12814 104.612 0.76651 
v 1.17011 104.2 0.651392 
v 1.12206 104.882 0.822937 
v 1.21257 104.524 0.830354 
v 1.0454 104.963 0.706527 
v 1.07283 105.092 0.430385 
v 0.818782 105.295 0.288356 
v 1.05749 105.162 0.298462 
v 1.22544 105.022 0.44189 
v 1.0194 105.367 0.907891 
v 1.13839 104.955 0.891013 
v 1.16509 105.19 0.581267 
v 0.755478 105.286 -0.342421 
v 0.451864 105.444 0.136258 
v 0.50155 105.575 -0.0519115 
v 0.688782 105.549 -0.214559 
v 0.50155 105.575 -0.0519115 
v 1.0352 105.426 -0.321415 
v 0.666897 105.577 0.124081 
v 0.839918 105.662 0.0133975 
v 0.787004 105.425 0.0415298 
v 0.499279 105.629 0.31974 
v 0.666897 105.577 0.124081 
v 0.638774 105.569 0.348905 
v 0.787004 105.425 0.0415298 
v 0.875705 105.306 0.302671 
v 0.837041 105.771 0.187923 
v 0.722386 105.603 0.306937 
v 0.617577 105.8 0.0990409 
v 0.617577 105.8 0.0990409 
v 0.839312 105.717 -0.183728 
v 0.675625 105.709 0.150471 
v 0.756833 105.785 0.169735 
v 0.837041 105.771 0.187923 
v 0.638774 105.569 0.348905 
v 0.754833 105.841 0.336188 
v 1.07878 105.426 -0.130588 
v 0.942857 105.184 -0.0735236 
v 1.22628 105.105 -0.161817 
v 1.11535 105.44 0.108647 
v 1.09872 105.609 0.290435 
v 0.847284 105.625 0.260946 
v 0.975053 105.698 -0.0531661 
v 1.20955 105.499 -0.152251 
v 0.904025 105.78 0.0739327 
v 1.17772 105.556 -0.0792798 
v 0.998252 105.867 0.23153 
v 1.11535 105.44 0.108647 
v 0.668933 105.464 0.371947 
v 0.686148 105.562 0.555694 
v 0.582061 105.574 0.553539 
v 0.673698 105.528 0.752059 
v 0.582061 105.574 0.553539 
v 0.793802 105.564 0.6351 
v 0.694192 105.714 0.543376 
v 0.686148 105.562 0.555694 
v 0.649281 105.713 0.360566 
v 0.825324 105.813 0.487846 
v 0.805395 105.853 0.494597 
v 0.825324 105.813 0.487846 
v 0.798074 105.716 0.60547 
v 0.886047 105.738 0.748526 
v 0.924279 105.32 0.487131 
v 0.793802 105.564 0.6351 
v 1.00974 105.458 0.604713 
v 1.00974 105.458 0.604713 
v 1.04007 105.702 0.581333 
v 1.15393 105.716 0.657048 
v 0.873656 105.813 0.542005 
v 1.05514 105.886 0.401358 
v 1.15127 105.789 0.455933 
v 1.05961 105.835 0.500961 
v 1.15127 105.789 0.455933 
v 1.21048 104.617 -0.327211 
v 1.25206 104.313 -0.237016 
v 1.37367 104.172 0.0333619 
v 1.19996 104.259 -0.156401 
v 1.37642 104.271 -0.073999 
v 1.11272 104.624 -0.152675 
v 1.39732 104.425 -0.124743 
v 1.19996 104.259 -0.156401 
v 1.27065 104.335 0.256102 
v 1.32131 104.377 0.112484 
v 1.29042 104.153 0.472906 
v 1.33171 104.713 0.122672 
v 1.33367 105.005 0.0243606 
v 1.12502 105.028 0.0221249 
v 1.35245 104.702 -0.121512 
v 1.35245 104.702 -0.121512 
v 1.3174 104.704 0.332548 
v 1.24992 105.231 0.345586 
v 1.16672 104.754 0.307328 
v 1.25795 105.08 0.353635 
v 1.33174 104.877 0.247948 
v 1.37367 104.172 0.0333619 
v 1.37642 104.271 -0.073999 
v 1.56631 104.377 -0.0104268 
v 1.39556 104.721 -0.123769 
v 1.51644 104.35 0.301181 
v 1.60142 104.498 0.207793 
v 1.51644 104.35 0.301181 
v 1.585 104.802 0.0796155 
v 1.63784 104.832 0.337929 
v 1.41607 104.642 0.293806 
v 1.31563 104.462 0.332119 
v 1.52346 104.972 0.369513 
v 1.46709 105.176 0.224587 
v 1.51087 104.778 0.531623 
v 1.29042 104.153 0.472906 
v 1.35231 104.619 0.630786 
v 1.22721 104.455 0.510785 
v 1.35231 104.619 0.630786 
v 1.30971 104.351 0.727245 
v 1.30971 104.351 0.727245 
v 1.27387 104.664 0.936722 
v 1.12814 104.612 0.76651 
v 1.09734 105.065 0.412879 
v 1.3306 105.032 0.32327 
v 1.51087 104.778 0.531623 
v 1.23956 105.075 0.689997 
v 1.19464 104.926 0.818737 
v 1.0454 104.963 0.706527 
v 1.38963 105.145 0.726461 
v 1.23956 105.075 0.689997 
v 1.48651 104.394 0.554757 
v 1.58296 104.636 0.388895 
v 1.6234 104.706 0.58889 
v 1.48651 104.394 0.554757 
v 1.58296 104.636 0.388895 
v 1.57704 104.525 0.784021 
v 1.39366 104.481 0.84911 
v 1.48489 104.83 0.828695 
v 1.51194 105.023 0.503403 
v 1.52189 105.099 0.406356 
v 1.52346 104.972 0.369513 
v 1.61636 104.977 0.590327 
v 1.31319 105.116 0.743027 
v 1.15305 104.96 -0.161653 
v 1.24821 105.035 -0.0375031 
v 1.36481 104.899 0.0064463 
v 1.23911 105.196 -0.182309 
v 1.24992 105.231 0.345586 
v 1.2817 105.322 0.222896 
v 1.29014 105.264 -0.116674 
v 1.40247 105.691 0.300678 
v 1.33699 105.664 0.083782 
v 1.36481 104.899 0.0064463 
v 1.44923 105.065 0.00558287 
v 1.48934 104.998 0.300157 
v 1.47613 105.285 0.0243439 
v 1.55246 105.136 0.290932 
v 1.48934 104.998 0.300157 
v 1.55511 105.327 0.287863 
v 1.44524 105.446 0.454422 
v 1.51719 105.366 0.405073 
v 1.51825 105.245 0.463507 
v 1.48054 105.136 0.486237 
v 1.24888 105.293 0.564365 
v 1.36513 105.218 0.449379 
v 1.44503 105.139 0.594606 
v 1.16509 105.19 0.581267 
v 1.38808 105.644 0.437608 
v 1.37064 105.534 0.525094 
v 1.44524 105.446 0.454422 
v 1.38151 105.49 0.73644 
v 1.24888 105.293 0.564365 
v 1.36513 105.218 0.449379 
v 1.40576 105.168 0.590991 
v 1.40576 105.168 0.590991 
v 1.48054 105.136 0.486237 
v 1.51194 105.023 0.503403 

vn -0.80315 0.11811 -0.582677 
vn -0.724409 -0.267717 -0.629921 
vn -0.96063 -0.259843 0.0629921 
vn -0.952756 0.307087 0.015748 
vn -0.543307 -0.645669 -0.535433 
vn -0.11811 -0.125984 -0.984252 
vn 0.0551181 -0.818898 0.574803 
vn -0.409449 -0.669291 -0.622047 
vn 0.488189 -0.826772 -0.275591 
vn -0.551181 -0.818898 0.15748 
vn -0.92126 0.015748 -0.385827 
vn -0.220472 -0.212598 -0.952756 
vn -0.637795 -0.559055 -0.527559 
vn -0.96063 -0.259843 0.0629921 
vn -0.669291 0.330709 0.661417 
vn -0.952756 0.307087 0.015748 
vn -0.425197 0.606299 -0.669291 
vn -0.322835 0.23622 -0.913386 
vn -0.551181 -0.818898 0.15748 
vn -0.307087 -0.496063 0.811024 
vn -0.645669 -0.755906 0.125984 
vn -0.80315 -0.133858 -0.582677 
vn -0.80315 -0.133858 -0.582677 
vn -0.102362 -0.275591 -0.952756 
vn -0.409449 -0.669291 -0.622047 
vn -0.409449 0.905512 -0.102362 
vn 0.488189 -0.826772 -0.275591 
vn -0.322835 0.425197 -0.850394 
vn -0.913386 -0.346457 0.19685 
vn -0.338583 -0.330709 0.88189 
vn -0.409449 0.905512 -0.102362 
vn 0.488189 -0.385827 0.779528 
vn -0.11811 0.645669 0.755906 
vn 0.425197 -0.897638 0.0708661 
vn 0.125984 -0.629921 -0.76378 
vn 0.527559 0.291339 -0.795276 
vn 0.425197 -0.897638 0.0708661 
vn 0.228346 -0.929134 -0.283465 
vn 0.511811 -0.314961 -0.795276 
vn -0.661417 0.543307 -0.519685 
vn -0.661417 0.015748 -0.748031 
vn -0.850394 -0.228346 0.472441 
vn 0.354331 0.448819 -0.818898 
vn 0.503937 -0.244094 -0.826772 
vn 0.551181 0.795276 -0.23622 
vn 0.551181 0.795276 -0.23622 
vn 0.535433 0.661417 0.519685 
vn 0.913386 -0.307087 0.267717 
vn -0.204724 -0.551181 -0.811024 
vn -0.637795 -0.755906 0.133858 
vn -0.661417 -0.346457 -0.661417 
vn -0.582677 -0.0787402 0.811024 
vn -0.92126 0.015748 -0.385827 
vn -0.637795 -0.559055 -0.527559 
vn -0.787402 -0.590551 0.165354 
vn -0.913386 -0.19685 0.346457 
vn 0.228346 -0.929134 -0.283465 
vn 0.188976 0.149606 0.968504 
vn -0.866142 0.220472 0.448819 
vn -0.19685 -0.80315 0.559055 
vn -0.338583 -0.275591 0.897638 
vn -0.346457 0.322835 0.88189 
vn -0.472441 -0.677165 -0.559055 
vn 0.362205 -0.913386 0.173228 
vn -0.559055 -0.80315 0.212598 
vn -0.559055 -0.80315 0.212598 
vn 0.362205 -0.913386 0.173228 
vn -0.244094 -0.440945 0.866142 
vn -0.834646 0.543307 -0.110236 
vn -0.984252 -0.181102 0.0708661 
vn -0.708661 -0.228346 -0.669291 
vn -0.834646 0.543307 -0.110236 
vn -0.165354 -0.125984 -0.976378 
vn -0.141732 0.937008 0.322835 
vn -0.141732 0.937008 0.322835 
vn -0.574803 0.00787402 0.818898 
vn -0.984252 -0.181102 0.0708661 
vn 0.0708661 -0.677165 -0.732283 
vn 0.393701 -0.401575 0.826772 
vn -0.992126 0.0472441 -0.133858 
vn -0.913386 -0.338583 -0.220472 
vn -0.818898 -0.338583 0.456693 
vn 0.456693 -0.574803 0.677165 
vn 0.330709 0.228346 0.913386 
vn 0.464567 -0.181102 0.866142 
vn -0.874016 0.23622 0.425197 
vn -0.322835 -0.700787 0.629921 
vn -0.811024 -0.566929 0.125984 
vn 0.283465 0.80315 -0.527559 
vn 0.818898 0.527559 -0.228346 
vn 0.125984 0.212598 0.968504 
vn 0.330709 -0.370079 0.866142 
vn -0.535433 0.834646 0.141732 
vn -0.322835 0.0629921 -0.944882 
vn -0.992126 0.0629921 0.133858 
vn -0.826772 0.338583 -0.448819 
vn -0.472441 0.385827 -0.795276 
vn -0.826772 0.338583 -0.448819 
vn 0.299213 0.299213 -0.905512 
vn -0.866142 -0.141732 -0.480315 
vn -0.401575 0.322835 -0.858268 
vn -0.779528 -0.220472 -0.590551 
vn -0.606299 0.314961 0.724409 
vn -0.866142 -0.141732 -0.480315 
vn -0.96063 -0.259843 0.0708661 
vn -0.779528 -0.220472 -0.590551 
vn 0.338583 -0.0787402 0.937008 
vn 0.409449 0.740157 0.535433 
vn 0.15748 0.299213 0.937008 
vn -0.456693 0.889764 0.015748 
vn -0.456693 0.889764 0.015748 
vn -0.00787402 0.740157 -0.669291 
vn -0.811024 0.370079 -0.456693 
vn -0.480315 0.76378 -0.433071 
vn 0.409449 0.740157 0.535433 
vn -0.96063 -0.259843 0.0708661 
vn -0.519685 0.850394 -0.0708661 
vn -0.149606 0.19685 -0.968504 
vn -0.661417 -0.346457 -0.661417 
vn 0.244094 -0.0551181 -0.968504 
vn 0.76378 0.23622 0.598425 
vn 0.23622 0.472441 -0.850394 
vn -0.314961 0.401575 -0.858268 
vn 0.566929 0.818898 -0.102362 
vn 0.866142 0.440945 -0.228346 
vn -0.125984 0.724409 -0.677165 
vn 0.244094 0.464567 -0.850394 
vn 0.0944882 0.937008 -0.338583 
vn 0.76378 0.23622 0.598425 
vn -0.740157 0.181102 -0.653543 
vn -0.76378 -0.251969 0.590551 
vn -0.913386 0.401575 -0.0629921 
vn -0.637795 0.440945 0.629921 
vn -0.913386 0.401575 -0.0629921 
vn -0.244094 -0.173228 0.952756 
vn -0.76378 0.362205 0.535433 
vn -0.76378 -0.251969 0.590551 
vn -0.929134 0.362205 0.0472441 
vn -0.385827 0.897638 -0.19685 
vn -0.370079 0.84252 0.385827 
vn -0.385827 0.897638 -0.19685 
vn -0.212598 0.346457 0.913386 
vn -0.149606 0.708661 0.685039 
vn -0.503937 -0.582677 0.637795 
vn -0.244094 -0.173228 0.952756 
vn -0.0314961 -0.212598 0.976378 
vn -0.0314961 -0.212598 0.976378 
vn 0.228346 0.307087 0.92126 
vn 0.425197 0.755906 0.503937 
vn -0.015748 0.669291 0.740157 
vn 0.251969 0.96063 0.141732 
vn 0.433071 0.850394 -0.291339 
vn 0.299213 0.700787 0.653543 
vn 0.433071 0.850394 -0.291339 
vn 0.535433 0.0787402 -0.84252 
vn 0.637795 -0.283465 -0.716535 
vn 0.0472441 -0.992126 -0.0944882 
vn -0.409449 -0.535433 -0.740157 
vn 0.937008 -0.322835 -0.141732 
vn -0.661417 0.015748 -0.748031 
vn 0.425197 -0.15748 -0.889764 
vn -0.409449 -0.535433 -0.740157 
vn 0.913386 -0.181102 -0.362205 
vn 0.84252 -0.141732 0.519685 
vn 0.850394 -0.511811 0.110236 
vn 0.795276 0.267717 0.543307 
vn 0.212598 0.590551 -0.779528 
vn -0.661417 0.543307 -0.519685 
vn 0.937008 0.23622 -0.251969 
vn 0.937008 0.23622 -0.251969 
vn 0.929134 0.165354 -0.322835 
vn -0.519685 0.80315 0.291339 
vn -0.606299 -0.125984 -0.787402 
vn -0.188976 0.527559 -0.826772 
vn 0.0472441 0.149606 -0.984252 
vn 0.0472441 -0.992126 -0.0944882 
vn 0.937008 -0.322835 -0.141732 
vn 0.834646 -0.314961 -0.456693 
vn 0.354331 0.244094 -0.905512 
vn 0.417323 -0.645669 0.637795 
vn 0.96063 -0.267717 0.102362 
vn 0.417323 -0.645669 0.637795 
vn 0.84252 0.23622 -0.480315 
vn 0.976378 0.0866142 0.181102 
vn 0.307087 -0.244094 -0.92126 
vn -0.149606 -0.637795 -0.755906 
vn 0.692913 0.338583 -0.637795 
vn 0.551181 0.748031 -0.377953 
vn 0.314961 -0.165354 0.937008 
vn 0.850394 -0.511811 0.110236 
vn 0.96063 0 0.283465 
vn -0.629921 -0.740157 -0.244094 
vn 0.96063 0 0.283465 
vn -0.283465 -0.897638 0.330709 
vn -0.283465 -0.897638 0.330709 
vn -0.19685 -0.0787402 0.976378 
vn -0.818898 -0.338583 0.456693 
vn -0.755906 0.393701 -0.519685 
vn 0.559055 -0.377953 -0.740157 
vn 0.314961 -0.165354 0.937008 
vn 0.716535 0.551181 0.425197 
vn -0.377953 0.330709 0.866142 
vn -0.874016 0.23622 0.425197 
vn 0.755906 -0.141732 0.637795 
vn 0.716535 0.551181 0.425197 
vn 0.543307 -0.818898 -0.19685 
vn 0.80315 -0.228346 -0.551181 
vn 1 -0.0708661 0.0393701 
vn 0.543307 -0.818898 -0.19685 
vn 0.80315 -0.228346 -0.551181 
vn 0.787402 -0.338583 0.519685 
vn 0.165354 -0.519685 0.834646 
vn 0.551181 0.251969 0.795276 
vn 0.937008 -0.338583 -0.0787402 
vn 0.826772 0.527559 0.212598 
vn 0.692913 0.338583 -0.637795 
vn 0.913386 0.385827 0.133858 
vn 0.0866142 0.677165 0.732283 
vn -0.204724 -0.551181 -0.811024 
vn 0.913386 -0.307087 0.267717 
vn 0.377953 -0.834646 -0.401575 
vn 0.944882 -0.023622 -0.322835 
vn -0.519685 0.80315 0.291339 
vn 0.440945 0.102362 -0.889764 
vn 0.464567 0.165354 -0.874016 
vn 0.76378 0.645669 -0.023622 
vn 0.598425 0.606299 -0.527559 
vn 0.377953 -0.834646 -0.401575 
vn 0.80315 -0.220472 -0.551181 
vn 0.598425 -0.748031 0.291339 
vn 0.811024 0.149606 -0.559055 
vn 0.976378 -0.204724 0.00787402 
vn 0.598425 -0.748031 0.291339 
vn 0.984252 0.173228 -0.0551181 
vn 0.905512 0.346457 -0.251969 
vn 0.905512 0.251969 0.346457 
vn 0.787402 -0.023622 0.614173 
vn 0.472441 -0.417323 0.779528 
vn 0.0944882 -0.275591 0.96063 
vn 0.244094 0.88189 -0.393701 
vn 0.566929 0.771654 0.275591 
vn -0.535433 0.834646 0.141732 
vn 0.692913 0.527559 0.496063 
vn 0.496063 0.244094 0.834646 
vn 0.905512 0.346457 -0.251969 
vn 0.708661 0.370079 0.598425 
vn 0.0944882 -0.275591 0.96063 
vn 0.244094 0.88189 -0.393701 
vn 0.0787402 0.456693 0.889764 
vn 0.0787402 0.456693 0.889764 
vn 0.472441 -0.417323 0.779528 
vn 0.937008 -0.338583 -0.0787402 

vt 0.992486 0.994274 
vt 0.992497 0.994061 
vt 0.992361 0.993978 
vt 0.992389 0.994356 
vt 0.992534 0.993843 
vt 0.992607 0.994106 
vt 0.994963 0.99132 
vt 0.995052 0.991098 
vt 0.994841 0.991188 
vt 0.992478 0.993663 
vt 0.994275 0.992501 
vt 0.994458 0.992234 
vt 0.994379 0.992081 
vt 0.991489 0.993188 
vt 0.991632 0.993404 
vt 0.991713 0.993283 
vt 0.994451 0.992744 
vt 0.994436 0.992465 
vt 0.991299 0.993408 
vt 0.991383 0.993478 
vt 0.995064 0.991275 
vt 0.995254 0.991304 
vt 0.995056 0.98983 
vt 0.995258 0.989764 
vt 0.995201 0.989564 
vt 0.992544 0.994558 
vt 0.995403 0.989621 
vt 0.992577 0.994347 
vt 0.995153 0.991454 
vt 0.995071 0.991586 
vt 0.991812 0.993561 
vt 0.994872 0.991499 
vt 0.991675 0.993596 
vt 0.992656 0.993622 
vt 0.992635 0.993855 
vt 0.99456 0.99249 
vt 0.991253 0.993722 
vt 0.994575 0.99194 
vt 0.994554 0.992203 
vt 0.996157 0.994813 
vt 0.996099 0.99446 
vt 0.995964 0.994733 
vt 0.992676 0.994356 
vt 0.995378 0.98986 
vt 0.992727 0.994506 
vt 0.991766 0.993876 
vt 0.991678 0.993802 
vt 0.994729 0.991476 
vt 0.996515 0.995899 
vt 0.996364 0.995681 
vt 0.996363 0.995919 
vt 0.991499 0.99341 
vt 0.994485 0.988788 
vt 0.994229 0.988894 
vt 0.994339 0.989078 
vt 0.994498 0.989087 
vt 0.994149 0.989207 
vt 0.991525 0.993636 
vt 0.994639 0.989167 
vt 0.994308 0.989301 
vt 0.994487 0.989352 
vt 0.994654 0.989388 
vt 0.994618 0.987796 
vt 0.994796 0.987553 
vt 0.994525 0.987623 
vt 0.994351 0.990324 
vt 0.9944 0.990806 
vt 0.994456 0.990382 
vt 0.994733 0.989019 
vt 0.994427 0.987947 
vt 0.994574 0.98802 
vt 0.994377 0.992949 
vt 0.99473 0.988069 
vt 0.994574 0.993084 
vt 0.994807 0.989399 
vt 0.99455 0.990227 
vt 0.99449 0.99002 
vt 0.994771 0.987816 
vt 0.991381 0.993671 
vt 0.996279 0.989359 
vt 0.996316 0.989191 
vt 0.996213 0.98905 
vt 0.994329 0.989519 
vt 0.994623 0.9896 
vt 0.994476 0.98961 
vt 0.99619 0.989376 
vt 0.996361 0.995461 
vt 0.996237 0.995644 
vt 0.994567 0.992799 
vt 0.994689 0.992782 
vt 0.994646 0.990477 
vt 0.99452 0.990639 
vt 0.996291 0.98961 
vt 0.995188 0.989935 
vt 0.995218 0.991672 
vt 0.995314 0.991711 
vt 0.995145 0.990142 
vt 0.995031 0.990221 
vt 0.995303 0.990045 
vt 0.99377 0.991378 
vt 0.993883 0.991309 
vt 0.993827 0.991165 
vt 0.995157 0.991809 
vt 0.996128 0.995841 
vt 0.996095 0.995649 
vt 0.996222 0.995879 
vt 0.994968 0.991736 
vt 0.995053 0.992063 
vt 0.995076 0.991887 
vt 0.995226 0.991988 
vt 0.995105 0.990485 
vt 0.995222 0.990247 
vt 0.993799 0.991452 
vt 0.993843 0.99148 
vt 0.995249 0.990556 
vt 0.993721 0.991648 
vt 0.993846 0.991629 
vt 0.994026 0.991132 
vt 0.993982 0.990952 
vt 0.994174 0.991021 
vt 0.994825 0.991854 
vt 0.994809 0.988338 
vt 0.994685 0.988327 
vt 0.995301 0.990333 
vt 0.995388 0.990157 
vt 0.993912 0.9914 
vt 0.994056 0.991245 
vt 0.993952 0.991543 
vt 0.995473 0.990344 
vt 0.994575 0.988246 
vt 0.996089 0.995461 
vt 0.994479 0.988337 
vt 0.994684 0.990144 
vt 0.994729 0.98998 
vt 0.993859 0.991979 
vt 0.993812 0.991823 
vt 0.993775 0.991888 
vt 0.993776 0.991653 
vt 0.994643 0.988549 
vt 0.993874 0.991759 
vt 0.994893 0.990183 
vt 0.993867 0.991884 
vt 0.994778 0.990312 
vt 0.996245 0.995444 
vt 0.996118 0.995355 
vt 0.99623 0.995287 
vt 0.99402 0.992035 
vt 0.993996 0.99188 
vt 0.994835 0.990537 
vt 0.993906 0.991807 
vt 0.99398 0.991683 
vt 0.994849 0.98851 
vt 0.993989 0.991771 
vt 0.994934 0.990543 
vt 0.992714 0.994146 
vt 0.992727 0.993924 
vt 0.995841 0.99436 
vt 0.995976 0.994275 
vt 0.992804 0.993817 
vt 0.995246 0.993819 
vt 0.99542 0.9938 
vt 0.995383 0.993612 
vt 0.994686 0.992248 
vt 0.991421 0.993873 
vt 0.994795 0.992118 
vt 0.991554 0.993878 
vt 0.995314 0.994193 
vt 0.995207 0.994198 
vt 0.992843 0.994191 
vt 0.991578 0.994086 
vt 0.994712 0.992524 
vt 0.996046 0.995138 
vt 0.996402 0.989289 
vt 0.996426 0.989511 
vt 0.996478 0.989366 
vt 0.99554 0.993674 
vt 0.991357 0.994007 
vt 0.995507 0.993873 
vt 0.995358 0.993968 
vt 0.995661 0.993969 
vt 0.995575 0.994029 
vt 0.995736 0.994638 
vt 0.995456 0.994126 
vt 0.995545 0.994278 
vt 0.996516 0.989208 
vt 0.996456 0.989109 
vt 0.996583 0.989459 
vt 0.995399 0.994375 
vt 0.995636 0.994398 
vt 0.994224 0.989589 
vt 0.994861 0.992554 
vt 0.996375 0.989039 
vt 0.994458 0.989831 
vt 0.99634 0.988846 
vt 0.996231 0.991132 
vt 0.996295 0.991392 
vt 0.996392 0.99131 
vt 0.996345 0.989462 
vt 0.994901 0.987901 
vt 0.995787 0.995037 
vt 0.994766 0.992944 
vt 0.996342 0.991575 
vt 0.996421 0.991654 
vt 0.994626 0.990852 
vt 0.994705 0.989728 
vt 0.996494 0.988898 
vt 0.996602 0.989141 
vt 0.996061 0.991466 
vt 0.996063 0.991179 
vt 0.995963 0.991452 
vt 0.996147 0.991342 
vt 0.996229 0.991269 
vt 0.996202 0.99151 
vt 0.995014 0.987818 
vt 0.995481 0.994455 
vt 0.996008 0.99176 
vt 0.996101 0.991638 
vt 0.996266 0.991707 
vt 0.994184 0.990908 
vt 0.995529 0.989916 
vt 0.996591 0.995687 
vt 0.995441 0.989984 
vt 0.995325 0.994548 
vt 0.994877 0.988112 
vt 0.994163 0.991145 
vt 0.99414 0.991594 
vt 0.994108 0.991421 
vt 0.994342 0.991098 
vt 0.994299 0.991211 
vt 0.994406 0.991481 
vt 0.994241 0.991306 
vt 0.994346 0.991516 
vt 0.996573 0.995393 
vt 0.994276 0.991545 
vt 0.995018 0.988192 
vt 0.994264 0.991657 
vt 0.994308 0.991708 
vt 0.994351 0.991745 
vt 0.996373 0.995234 
vt 0.996449 0.989652 
vt 0.99617 0.991779 
vt 0.996323 0.991881 
vt 0.994151 0.991707 
vt 0.994174 0.991799 
vt 0.994826 0.990943 
vt 0.994743 0.99074 
vt 0.994207 0.991989 
vt 0.996162 0.991925 
vt 0.995907 0.995265 
vt 0.995495 0.994644 
vt 0.996513 0.995232 
vt 0.99462 0.99108 

usemtl Player1Mtl

f 5012/5012/5012 5013/5013/5013 5014/5014/5014 
f 5014/5014/5014 5015/5015/5015 5012/5012/5012 
f 5015/5015/5015 5037/5037/5037 5012/5012/5012 
f 5016/5016/5016 5014/5014/5014 5013/5013/5013 
f 5014/5014/5014 5016/5016/5016 5021/5021/5021 
f 5016/5016/5016 5045/5045/5045 5021/5021/5021 
f 5012/5012/5012 5037/5037/5037 5039/5039/5039 
f 5045/5045/5045 5016/5016/5016 5046/5046/5046 
f 5012/5012/5012 5017/5017/5017 5013/5013/5013 
f 5013/5013/5013 5017/5017/5017 5016/5016/5016 
f 5017/5017/5017 5012/5012/5012 5039/5039/5039 
f 5016/5016/5016 5017/5017/5017 5046/5046/5046 
f 5037/5037/5037 5054/5054/5054 5039/5039/5039 
f 5054/5054/5054 5017/5017/5017 5039/5039/5039 
f 5054/5054/5054 5037/5037/5037 5056/5056/5056 
f 5180/5180/5180 5054/5054/5054 5056/5056/5056 
f 5017/5017/5017 5054/5054/5054 5166/5166/5166 
f 5054/5054/5054 5180/5180/5180 5166/5166/5166 
f 5017/5017/5017 5167/5167/5167 5046/5046/5046 
f 5167/5167/5167 5017/5017/5017 5166/5166/5166 
f 5167/5167/5167 5166/5166/5166 5180/5180/5180 
f 5167/5167/5167 5045/5045/5045 5046/5046/5046 
f 5167/5167/5167 5180/5180/5180 5170/5170/5170 
f 5045/5045/5045 5167/5167/5167 5170/5170/5170 
f 5077/5077/5077 5078/5078/5078 5079/5079/5079 
f 5088/5088/5088 5077/5077/5077 5079/5079/5079 
f 5079/5079/5079 5078/5078/5078 5103/5103/5103 
f 5079/5079/5079 5087/5087/5087 5088/5088/5088 
f 5078/5078/5078 5215/5215/5215 5103/5103/5103 
f 5215/5215/5215 5078/5078/5078 5263/5263/5263 
f 5102/5102/5102 5079/5079/5079 5103/5103/5103 
f 5215/5215/5215 5102/5102/5102 5103/5103/5103 
f 5079/5079/5079 5102/5102/5102 5087/5087/5087 
f 5256/5256/5256 5215/5215/5215 5263/5263/5263 
f 5215/5215/5215 5256/5256/5256 5257/5257/5257 
f 5102/5102/5102 5215/5215/5215 5257/5257/5257 
f 5256/5256/5256 5160/5160/5160 5257/5257/5257 
f 5160/5160/5160 5102/5102/5102 5257/5257/5257 
f 5160/5160/5160 5256/5256/5256 5165/5165/5165 
f 5165/5165/5165 5152/5152/5152 5160/5160/5160 
f 5102/5102/5102 5160/5160/5160 5154/5154/5154 
f 5154/5154/5154 5160/5160/5160 5152/5152/5152 
f 5102/5102/5102 5154/5154/5154 5144/5144/5144 
f 5152/5152/5152 5144/5144/5144 5154/5154/5154 
f 5102/5102/5102 5144/5144/5144 5087/5087/5087 
f 5144/5144/5144 5088/5088/5088 5087/5087/5087 
f 5144/5144/5144 5152/5152/5152 5145/5145/5145 
f 5088/5088/5088 5144/5144/5144 5145/5145/5145 
f 5064/5064/5064 5065/5065/5065 5066/5066/5066 
f 5068/5068/5068 5066/5066/5066 5065/5065/5065 
f 5068/5068/5068 5071/5071/5071 5066/5066/5066 
f 5071/5071/5071 5068/5068/5068 5201/5201/5201 
f 5064/5064/5064 5066/5066/5066 5067/5067/5067 
f 5067/5067/5067 5066/5066/5066 5071/5071/5071 
f 5070/5070/5070 5064/5064/5064 5067/5067/5067 
f 5064/5064/5064 5070/5070/5070 5080/5080/5080 
f 5070/5070/5070 5086/5086/5086 5080/5080/5080 
f 5072/5072/5072 5070/5070/5070 5067/5067/5067 
f 5071/5071/5071 5072/5072/5072 5067/5067/5067 
f 5086/5086/5086 5070/5070/5070 5073/5073/5073 
f 5072/5072/5072 5073/5073/5073 5070/5070/5070 
f 5095/5095/5095 5086/5086/5086 5073/5073/5073 
f 5072/5072/5072 5095/5095/5095 5073/5073/5073 
f 5086/5086/5086 5095/5095/5095 5216/5216/5216 
f 5095/5095/5095 5204/5204/5204 5216/5216/5216 
f 5095/5095/5095 5072/5072/5072 5096/5096/5096 
f 5204/5204/5204 5095/5095/5095 5096/5096/5096 
f 5094/5094/5094 5072/5072/5072 5071/5071/5071 
f 5072/5072/5072 5094/5094/5094 5096/5096/5096 
f 5094/5094/5094 5204/5204/5204 5096/5096/5096 
f 5071/5071/5071 5201/5201/5201 5094/5094/5094 
f 5204/5204/5204 5094/5094/5094 5201/5201/5201 
f 5206/5206/5206 5207/5207/5207 5208/5208/5208 
f 5207/5207/5207 5206/5206/5206 5223/5223/5223 
f 5213/5213/5213 5208/5208/5208 5207/5207/5207 
f 5208/5208/5208 5213/5213/5213 5214/5214/5214 
f 5213/5213/5213 5253/5253/5253 5214/5214/5214 
f 5224/5224/5224 5213/5213/5213 5207/5207/5207 
f 5223/5223/5223 5224/5224/5224 5207/5207/5207 
f 5253/5253/5253 5213/5213/5213 5229/5229/5229 
f 5224/5224/5224 5229/5229/5229 5213/5213/5213 
f 5252/5252/5252 5253/5253/5253 5229/5229/5229 
f 5224/5224/5224 5252/5252/5252 5229/5229/5229 
f 5253/5253/5253 5252/5252/5252 5259/5259/5259 
f 5252/5252/5252 5227/5227/5227 5259/5259/5259 
f 5252/5252/5252 5224/5224/5224 5228/5228/5228 
f 5227/5227/5227 5252/5252/5252 5228/5228/5228 
f 5224/5224/5224 5223/5223/5223 5222/5222/5222 
f 5206/5206/5206 5222/5222/5222 5223/5223/5223 
f 5222/5222/5222 5206/5206/5206 5220/5220/5220 
f 5224/5224/5224 5222/5222/5222 5219/5219/5219 
f 5228/5228/5228 5224/5224/5224 5219/5219/5219 
f 5220/5220/5220 5219/5219/5219 5222/5222/5222 
f 5219/5219/5219 5227/5227/5227 5228/5228/5228 
f 5219/5219/5219 5220/5220/5220 5221/5221/5221 
f 5227/5227/5227 5219/5219/5219 5221/5221/5221 
f 5034/5034/5034 5035/5035/5035 5036/5036/5036 
f 5035/5035/5035 5038/5038/5038 5036/5036/5036 
f 5035/5035/5035 5034/5034/5034 5105/5105/5105 
f 5038/5038/5038 5035/5035/5035 5055/5055/5055 
f 5055/5055/5055 5231/5231/5231 5038/5038/5038 
f 5110/5110/5110 5035/5035/5035 5105/5105/5105 
f 5035/5035/5035 5110/5110/5110 5055/5055/5055 
f 5034/5034/5034 5108/5108/5108 5105/5105/5105 
f 5108/5108/5108 5110/5110/5110 5105/5105/5105 
f 5108/5108/5108 5034/5034/5034 5109/5109/5109 
f 5122/5122/5122 5108/5108/5108 5109/5109/5109 
f 5231/5231/5231 5055/5055/5055 5233/5233/5233 
f 5110/5110/5110 5233/5233/5233 5055/5055/5055 
f 5233/5233/5233 5140/5140/5140 5231/5231/5231 
f 5233/5233/5233 5110/5110/5110 5136/5136/5136 
f 5140/5140/5140 5233/5233/5233 5136/5136/5136 
f 5122/5122/5122 5123/5123/5123 5108/5108/5108 
f 5110/5110/5110 5108/5108/5108 5123/5123/5123 
f 5126/5126/5126 5123/5123/5123 5122/5122/5122 
f 5110/5110/5110 5135/5135/5135 5136/5136/5136 
f 5135/5135/5135 5140/5140/5140 5136/5136/5136 
f 5135/5135/5135 5110/5110/5110 5123/5123/5123 
f 5140/5140/5140 5135/5135/5135 5126/5126/5126 
f 5123/5123/5123 5126/5126/5126 5135/5135/5135 
f 5111/5111/5111 5112/5112/5112 5113/5113/5113 
f 5129/5129/5129 5113/5113/5113 5112/5112/5112 
f 5113/5113/5113 5129/5129/5129 5130/5130/5130 
f 5112/5112/5112 5111/5111/5111 5124/5124/5124 
f 5111/5111/5111 5127/5127/5127 5124/5124/5124 
f 5112/5112/5112 5124/5124/5124 5125/5125/5125 
f 5112/5112/5112 5125/5125/5125 5137/5137/5137 
f 5129/5129/5129 5112/5112/5112 5137/5137/5137 
f 5124/5124/5124 5128/5128/5128 5125/5125/5125 
f 5131/5131/5131 5130/5130/5130 5129/5129/5129 
f 5130/5130/5130 5131/5131/5131 5230/5230/5230 
f 5131/5131/5131 5239/5239/5239 5230/5230/5230 
f 5125/5125/5125 5139/5139/5139 5137/5137/5137 
f 5139/5139/5139 5125/5125/5125 5128/5128/5128 
f 5137/5137/5137 5138/5138/5138 5129/5129/5129 
f 5139/5139/5139 5138/5138/5138 5137/5137/5137 
f 5129/5129/5129 5236/5236/5236 5131/5131/5131 
f 5236/5236/5236 5129/5129/5129 5138/5138/5138 
f 5239/5239/5239 5131/5131/5131 5240/5240/5240 
f 5236/5236/5236 5240/5240/5240 5131/5131/5131 
f 5240/5240/5240 5241/5241/5241 5239/5239/5239 
f 5238/5238/5238 5236/5236/5236 5138/5138/5138 
f 5138/5138/5138 5139/5139/5139 5238/5238/5238 
f 5240/5240/5240 5236/5236/5236 5242/5242/5242 
f 5236/5236/5236 5238/5238/5238 5242/5242/5242 
f 5241/5241/5241 5240/5240/5240 5243/5243/5243 
f 5242/5242/5242 5243/5243/5243 5240/5240/5240 
f 5243/5243/5243 5249/5249/5249 5241/5241/5241 
f 5238/5238/5238 5245/5245/5245 5242/5242/5242 
f 5243/5243/5243 5242/5242/5242 5245/5245/5245 
f 5249/5249/5249 5243/5243/5243 5248/5248/5248 
f 5245/5245/5245 5248/5248/5248 5243/5243/5243 
f 5248/5248/5248 5258/5258/5258 5249/5249/5249 
f 5245/5245/5245 5238/5238/5238 5237/5237/5237 
f 5139/5139/5139 5237/5237/5237 5238/5238/5238 
f 5248/5248/5248 5245/5245/5245 5247/5247/5247 
f 5237/5237/5237 5247/5247/5247 5245/5245/5245 
f 5258/5258/5258 5248/5248/5248 5255/5255/5255 
f 5255/5255/5255 5248/5248/5248 5247/5247/5247 
f 5255/5255/5255 5158/5158/5158 5258/5258/5258 
f 5237/5237/5237 5139/5139/5139 5162/5162/5162 
f 5158/5158/5158 5255/5255/5255 5159/5159/5159 
f 5247/5247/5247 5237/5237/5237 5254/5254/5254 
f 5255/5255/5255 5247/5247/5247 5254/5254/5254 
f 5162/5162/5162 5254/5254/5254 5237/5237/5237 
f 5159/5159/5159 5255/5255/5255 5254/5254/5254 
f 5128/5128/5128 5162/5162/5162 5139/5139/5139 
f 5146/5146/5146 5158/5158/5158 5159/5159/5159 
f 5254/5254/5254 5162/5162/5162 5164/5164/5164 
f 5159/5159/5159 5254/5254/5254 5164/5164/5164 
f 5162/5162/5162 5161/5161/5161 5164/5164/5164 
f 5161/5161/5161 5159/5159/5159 5164/5164/5164 
f 5162/5162/5162 5128/5128/5128 5151/5151/5151 
f 5161/5161/5161 5162/5162/5162 5151/5151/5151 
f 5159/5159/5159 5161/5161/5161 5153/5153/5153 
f 5146/5146/5146 5159/5159/5159 5153/5153/5153 
f 5153/5153/5153 5161/5161/5161 5151/5151/5151 
f 5147/5147/5147 5146/5146/5146 5153/5153/5153 
f 5153/5153/5153 5151/5151/5151 5147/5147/5147 
f 5146/5146/5146 5147/5147/5147 5148/5148/5148 
f 5147/5147/5147 5127/5127/5127 5148/5148/5148 
f 5151/5151/5151 5149/5149/5149 5147/5147/5147 
f 5127/5127/5127 5147/5147/5147 5149/5149/5149 
f 5149/5149/5149 5151/5151/5151 5128/5128/5128 
f 5124/5124/5124 5127/5127/5127 5149/5149/5149 
f 5128/5128/5128 5124/5124/5124 5149/5149/5149 
f 5171/5171/5171 5172/5172/5172 5173/5173/5173 
f 5172/5172/5172 5187/5187/5187 5173/5173/5173 
f 5172/5172/5172 5171/5171/5171 5190/5190/5190 
f 5187/5187/5187 5172/5172/5172 5189/5189/5189 
f 5190/5190/5190 5189/5189/5189 5172/5172/5172 
f 5189/5189/5189 5192/5192/5192 5187/5187/5187 
f 5191/5191/5191 5187/5187/5187 5192/5192/5192 
f 5200/5200/5200 5191/5191/5191 5192/5192/5192 
f 5194/5194/5194 5192/5192/5192 5189/5189/5189 
f 5189/5189/5189 5190/5190/5190 5194/5194/5194 
f 5200/5200/5200 5192/5192/5192 5195/5195/5195 
f 5192/5192/5192 5194/5194/5194 5195/5195/5195 
f 5226/5226/5226 5200/5200/5200 5195/5195/5195 
f 5200/5200/5200 5226/5226/5226 5261/5261/5261 
f 5226/5226/5226 5234/5234/5234 5261/5261/5261 
f 5195/5195/5195 5199/5199/5199 5226/5226/5226 
f 5234/5234/5234 5226/5226/5226 5199/5199/5199 
f 5199/5199/5199 5195/5195/5195 5194/5194/5194 
f 5178/5178/5178 5234/5234/5234 5199/5199/5199 
f 5194/5194/5194 5178/5178/5178 5199/5199/5199 
f 5178/5178/5178 5194/5194/5194 5190/5190/5190 
f 5171/5171/5171 5178/5178/5178 5190/5190/5190 
f 5179/5179/5179 5234/5234/5234 5178/5178/5178 
f 5178/5178/5178 5171/5171/5171 5179/5179/5179 
f 5051/5051/5051 5052/5052/5052 5053/5053/5053 
f 5053/5053/5053 5183/5183/5183 5051/5051/5051 
f 5052/5052/5052 5168/5168/5168 5053/5053/5053 
f 5168/5168/5168 5052/5052/5052 5169/5169/5169 
f 5193/5193/5193 5053/5053/5053 5168/5168/5168 
f 5211/5211/5211 5053/5053/5053 5193/5193/5193 
f 5211/5211/5211 5183/5183/5183 5053/5053/5053 
f 5183/5183/5183 5211/5211/5211 5260/5260/5260 
f 5022/5022/5022 5023/5023/5023 5024/5024/5024 
f 5023/5023/5023 5049/5049/5049 5024/5024/5024 
f 5023/5023/5023 5022/5022/5022 5029/5029/5029 
f 5049/5049/5049 5023/5023/5023 5050/5050/5050 
f 5022/5022/5022 5028/5028/5028 5029/5029/5029 
f 5022/5022/5022 5083/5083/5083 5028/5028/5028 
f 5047/5047/5047 5023/5023/5023 5029/5029/5029 
f 5023/5023/5023 5047/5047/5047 5050/5050/5050 
f 5028/5028/5028 5047/5047/5047 5029/5029/5029 
f 5085/5085/5085 5028/5028/5028 5083/5083/5083 
f 5049/5049/5049 5050/5050/5050 5174/5174/5174 
f 5047/5047/5047 5174/5174/5174 5050/5050/5050 
f 5176/5176/5176 5049/5049/5049 5174/5174/5174 
f 5174/5174/5174 5202/5202/5202 5176/5176/5176 
f 5174/5174/5174 5047/5047/5047 5182/5182/5182 
f 5202/5202/5202 5174/5174/5174 5182/5182/5182 
f 5047/5047/5047 5028/5028/5028 5100/5100/5100 
f 5085/5085/5085 5100/5100/5100 5028/5028/5028 
f 5100/5100/5100 5182/5182/5182 5047/5047/5047 
f 5085/5085/5085 5101/5101/5101 5100/5100/5100 
f 5182/5182/5182 5100/5100/5100 5101/5101/5101 
f 5101/5101/5101 5202/5202/5202 5182/5182/5182 
f 5101/5101/5101 5085/5085/5085 5212/5212/5212 
f 5202/5202/5202 5101/5101/5101 5212/5212/5212 
f 5060/5060/5060 5061/5061/5061 5062/5062/5062 
f 5117/5117/5117 5062/5062/5062 5061/5061/5061 
f 5061/5061/5061 5060/5060/5060 5232/5232/5232 
f 5099/5099/5099 5117/5117/5117 5061/5061/5061 
f 5099/5099/5099 5115/5115/5115 5117/5117/5117 
f 5232/5232/5232 5098/5098/5098 5061/5061/5061 
f 5061/5061/5061 5098/5098/5098 5099/5099/5099 
f 5115/5115/5115 5099/5099/5099 5116/5116/5116 
f 5099/5099/5099 5142/5142/5142 5116/5116/5116 
f 5098/5098/5098 5232/5232/5232 5244/5244/5244 
f 5142/5142/5142 5099/5099/5099 5155/5155/5155 
f 5099/5099/5099 5098/5098/5098 5155/5155/5155 
f 5142/5142/5142 5155/5155/5155 5156/5156/5156 
f 5156/5156/5156 5155/5155/5155 5157/5157/5157 
f 5098/5098/5098 5157/5157/5157 5155/5155/5155 
f 5157/5157/5157 5098/5098/5098 5250/5250/5250 
f 5098/5098/5098 5244/5244/5244 5250/5250/5250 
f 5250/5250/5250 5244/5244/5244 5262/5262/5262 
f 5018/5018/5018 5019/5019/5019 5020/5020/5020 
f 5019/5019/5019 5018/5018/5018 5032/5032/5032 
f 5033/5033/5033 5019/5019/5019 5032/5032/5032 
f 5020/5020/5020 5043/5043/5043 5018/5018/5018 
f 5043/5043/5043 5020/5020/5020 5059/5059/5059 
f 5132/5132/5132 5043/5043/5043 5059/5059/5059 
f 5041/5041/5041 5018/5018/5018 5043/5043/5043 
f 5041/5041/5041 5032/5032/5032 5018/5018/5018 
f 5043/5043/5043 5132/5132/5132 5118/5118/5118 
f 5043/5043/5043 5118/5118/5118 5041/5041/5041 
f 5119/5119/5119 5118/5118/5118 5132/5132/5132 
f 5033/5033/5033 5032/5032/5032 5040/5040/5040 
f 5032/5032/5032 5041/5041/5041 5040/5040/5040 
f 5106/5106/5106 5033/5033/5033 5040/5040/5040 
f 5106/5106/5106 5040/5040/5040 5041/5041/5041 
f 5033/5033/5033 5106/5106/5106 5107/5107/5107 
f 5106/5106/5106 5121/5121/5121 5107/5107/5107 
f 5118/5118/5118 5119/5119/5119 5120/5120/5120 
f 5120/5120/5120 5041/5041/5041 5118/5118/5118 
f 5120/5120/5120 5119/5119/5119 5121/5121/5121 
f 5106/5106/5106 5041/5041/5041 5114/5114/5114 
f 5041/5041/5041 5120/5120/5120 5114/5114/5114 
f 5121/5121/5121 5106/5106/5106 5114/5114/5114 
f 5121/5121/5121 5114/5114/5114 5120/5120/5120 
f 5074/5074/5074 5075/5075/5075 5076/5076/5076 
f 5081/5081/5081 5074/5074/5074 5076/5076/5076 
f 5075/5075/5075 5074/5074/5074 5089/5089/5089 
f 5074/5074/5074 5081/5081/5081 5082/5082/5082 
f 5210/5210/5210 5075/5075/5075 5089/5089/5089 
f 5075/5075/5075 5210/5210/5210 5225/5225/5225 
f 5074/5074/5074 5084/5084/5084 5089/5089/5089 
f 5082/5082/5082 5084/5084/5084 5074/5074/5074 
f 5084/5084/5084 5210/5210/5210 5089/5089/5089 
f 5210/5210/5210 5246/5246/5246 5225/5225/5225 
f 5210/5210/5210 5235/5235/5235 5246/5246/5246 
f 5210/5210/5210 5084/5084/5084 5235/5235/5235 
f 5133/5133/5133 5246/5246/5246 5235/5235/5235 
f 5084/5084/5084 5133/5133/5133 5235/5235/5235 
f 5246/5246/5246 5133/5133/5133 5163/5163/5163 
f 5133/5133/5133 5150/5150/5150 5163/5163/5163 
f 5133/5133/5133 5084/5084/5084 5134/5134/5134 
f 5150/5150/5150 5133/5133/5133 5134/5134/5134 
f 5084/5084/5084 5141/5141/5141 5134/5134/5134 
f 5141/5141/5141 5150/5150/5150 5134/5134/5134 
f 5141/5141/5141 5084/5084/5084 5082/5082/5082 
f 5141/5141/5141 5082/5082/5082 5081/5081/5081 
f 5143/5143/5143 5150/5150/5150 5141/5141/5141 
f 5081/5081/5081 5143/5143/5143 5141/5141/5141 
f 5091/5091/5091 5092/5092/5092 5093/5093/5093 
f 5093/5093/5093 5097/5097/5097 5091/5091/5091 
f 5097/5097/5097 5104/5104/5104 5091/5091/5091 
f 5203/5203/5203 5093/5093/5093 5092/5092/5092 
f 5093/5093/5093 5203/5203/5203 5205/5205/5205 
f 5203/5203/5203 5217/5217/5217 5205/5205/5205 
f 5091/5091/5091 5104/5104/5104 5209/5209/5209 
f 5092/5092/5092 5197/5197/5197 5203/5203/5203 
f 5217/5217/5217 5203/5203/5203 5197/5197/5197 
f 5091/5091/5091 5184/5184/5184 5092/5092/5092 
f 5184/5184/5184 5091/5091/5091 5209/5209/5209 
f 5197/5197/5197 5092/5092/5092 5184/5184/5184 
f 5104/5104/5104 5185/5185/5185 5209/5209/5209 
f 5185/5185/5185 5184/5184/5184 5209/5209/5209 
f 5185/5185/5185 5104/5104/5104 5251/5251/5251 
f 5198/5198/5198 5185/5185/5185 5251/5251/5251 
f 5184/5184/5184 5185/5185/5185 5186/5186/5186 
f 5185/5185/5185 5198/5198/5198 5186/5186/5186 
f 5184/5184/5184 5196/5196/5196 5197/5197/5197 
f 5196/5196/5196 5184/5184/5184 5186/5186/5186 
f 5198/5198/5198 5196/5196/5196 5186/5186/5186 
f 5217/5217/5217 5197/5197/5197 5196/5196/5196 
f 5196/5196/5196 5198/5198/5198 5218/5218/5218 
f 5218/5218/5218 5217/5217/5217 5196/5196/5196 
f 5025/5025/5025 5026/5026/5026 5027/5027/5027 
f 5026/5026/5026 5042/5042/5042 5027/5027/5027 
f 5026/5026/5026 5025/5025/5025 5063/5063/5063 
f 5042/5042/5042 5026/5026/5026 5044/5044/5044 
f 5025/5025/5025 5031/5031/5031 5063/5063/5063 
f 5025/5025/5025 5030/5030/5030 5031/5031/5031 
f 5048/5048/5048 5031/5031/5031 5030/5030/5030 
f 5069/5069/5069 5026/5026/5026 5063/5063/5063 
f 5069/5069/5069 5044/5044/5044 5026/5026/5026 
f 5031/5031/5031 5069/5069/5069 5063/5063/5063 
f 5044/5044/5044 5058/5058/5058 5042/5042/5042 
f 5069/5069/5069 5058/5058/5058 5044/5044/5044 
f 5057/5057/5057 5042/5042/5042 5058/5058/5058 
f 5057/5057/5057 5058/5058/5058 5181/5181/5181 
f 5058/5058/5058 5069/5069/5069 5177/5177/5177 
f 5181/5181/5181 5058/5058/5058 5177/5177/5177 
f 5069/5069/5069 5031/5031/5031 5090/5090/5090 
f 5031/5031/5031 5048/5048/5048 5090/5090/5090 
f 5069/5069/5069 5175/5175/5175 5177/5177/5177 
f 5175/5175/5175 5181/5181/5181 5177/5177/5177 
f 5069/5069/5069 5090/5090/5090 5175/5175/5175 
f 5048/5048/5048 5175/5175/5175 5090/5090/5090 
f 5181/5181/5181 5175/5175/5175 5188/5188/5188 
f 5175/5175/5175 5048/5048/5048 5188/5188/5188 

g Player13

v -1.37366 104.172 0.0333619 
v -1.60142 104.498 0.207793 
v -1.5663 104.377 -0.0104269 
v -1.59019 104.477 0.220386 
v -1.55571 104.327 0.245779 
v -1.64268 104.385 0.288067 
v -1.52081 104.431 0.157447 
v -1.55571 104.327 0.245779 
v -1.52081 104.431 0.157447 
v -1.46053 104.473 0.230458 
v -1.39732 104.425 -0.124744 
v -1.51644 104.35 0.301181 
v -1.45517 104.39 0.285602 
v -1.57704 104.344 0.416222 
v -1.63827 104.566 0.408662 
v -1.49468 104.4 0.406574 
v -1.57704 104.344 0.416222 
v -1.41887 104.571 0.411338 
v -1.39555 104.721 -0.123769 
v -1.58499 104.802 0.0796154 
v -1.50252 104.664 0.248727 
v -1.58858 104.647 0.276147 
v -1.63783 104.832 0.337929 
v -1.50252 104.664 0.248727 
v -1.42948 104.634 0.301944 
v -1.55747 104.771 0.408363 
v -1.51086 104.778 0.531623 
v -1.4482 104.766 0.42241 
v -1.41606 104.642 0.293806 
v -1.58296 104.636 0.388895 
v -1.52346 104.972 0.369512 
v -1.17127 104.03 0.0115833 
v -1.32131 104.377 0.112484 
v -1.37642 104.271 -0.0739991 
v -1.19995 104.259 -0.156401 
v -1.37642 104.271 -0.0739991 
v -1.35244 104.702 -0.121512 
v -1.25205 104.313 -0.237016 
v -1.17127 104.03 0.0115833 
v -1.1082 104.127 -0.25347 
v -1.11271 104.624 -0.152676 
v -1.37366 104.172 0.0333619 
v -1.19995 104.259 -0.156401 
v -1.27065 104.335 0.256102 
v -1.12758 104.728 0.0578753 
v -1.13539 104.229 0.00507599 
v -1.16221 104.194 0.248574 
v -1.51644 104.35 0.301181 
v -1.03858 104.601 0.299332 
v -1.29041 104.153 0.472906 
v -1.05706 103.979 0.248541 
v -1.06583 104.594 0.286567 
v -1.11271 104.624 -0.152676 
v -1.35244 104.702 -0.121512 
v -1.3317 104.714 0.122672 
v -1.21047 104.617 -0.327211 
v -1.09244 104.899 -0.284697 
v -1.16671 104.754 0.307328 
v -1.31562 104.462 0.332119 
v -1.33173 104.877 0.247948 
v -1.3174 104.704 0.332548 
v -1.16544 104.957 0.0600179 
v -1.62919 104.388 0.417647 
v -1.63311 104.486 0.541847 
v -1.46311 104.508 0.520064 
v -1.4865 104.394 0.554756 
v -1.55462 104.473 0.571274 
v -1.55462 104.473 0.571274 
v -1.58121 104.632 0.590633 
v -1.62339 104.706 0.58889 
v -1.4865 104.394 0.554756 
v -1.57703 104.525 0.784021 
v -1.51918 104.65 0.64569 
v -1.58296 104.636 0.388895 
v -1.57902 104.748 0.529927 
v -1.50143 104.81 0.574222 
v -1.49726 104.85 0.420644 
v -1.49726 104.85 0.420644 
v -1.4671 104.642 0.583534 
v -1.51918 104.65 0.64569 
v -1.48488 104.83 0.828695 
v -1.39365 104.481 0.84911 
v -1.50143 104.81 0.574222 
v -1.43742 104.751 0.536406 
v -1.22721 104.455 0.510784 
v -1.1701 104.2 0.651392 
v -1.35231 104.619 0.630786 
v -1.29041 104.153 0.472906 
v -1.35231 104.619 0.630786 
v -1.3097 104.351 0.727245 
v -1.3097 104.351 0.727245 
v -1.27386 104.664 0.936722 
v -1.21256 104.524 0.830354 
v -1.12813 104.612 0.76651 
v -1.08123 104.65 0.49705 
v -1.51086 104.778 0.531623 
v -1.12813 104.612 0.76651 
v -1.12205 104.882 0.822937 
v -1.19463 104.926 0.818737 
v -1.52346 104.972 0.369512 
v -1.33366 105.005 0.0243605 
v -1.46709 105.176 0.224587 
v -1.44922 105.065 0.00558281 
v -1.48933 104.998 0.300157 
v -1.55245 105.136 0.290932 
v -1.3648 104.899 0.00644624 
v -1.22627 105.105 -0.161817 
v -1.24991 105.231 0.345586 
v -1.52188 105.099 0.406356 
v -1.48054 105.136 0.486237 
v -1.25795 105.08 0.353635 
v -1.07282 105.092 0.430385 
v -1.48933 104.998 0.300157 
v -1.3648 104.899 0.00644624 
v -1.29013 105.264 -0.116674 
v -1.47612 105.285 0.0243438 
v -1.55511 105.327 0.287863 
v -1.33699 105.664 0.0837819 
v -1.40246 105.691 0.300678 
v -1.51825 105.245 0.463507 
v -1.51718 105.366 0.405073 
v -1.33059 105.032 0.323269 
v -1.44524 105.446 0.454422 
v -1.28169 105.322 0.222896 
v -1.38807 105.644 0.437608 
v -1.16575 105.059 -0.13054 
v -1.15304 104.96 -0.161653 
v -1.12571 105.068 -0.310944 
v -1.2482 105.035 -0.0375031 
v -1.2391 105.196 -0.182309 
v -1.12501 105.028 0.0221249 
v -1.16575 105.059 -0.13054 
v -0.954921 105.033 0.191221 
v -1.15304 104.96 -0.161653 
v -1.05748 105.162 0.298462 
v -1.22543 105.022 0.44189 
v -1.09733 105.065 0.412879 
v -0.961972 105.207 0.202918 
v -1.07877 105.426 -0.130588 
v -1.17771 105.556 -0.0792798 
v -1.20954 105.499 -0.152251 
v -1.11534 105.44 0.108647 
v -1.03519 105.427 -0.321415 
v -1.09871 105.609 0.290435 
v -1.05513 105.886 0.401358 
v -0.998245 105.867 0.23153 
v -1.36513 105.218 0.449379 
v -1.40575 105.168 0.590991 
v -1.61635 104.977 0.590326 
v -1.44503 105.139 0.594606 
v -1.15604 104.76 0.622963 
v -1.38962 105.145 0.726461 
v -1.51194 105.023 0.503403 
v -1.31319 105.116 0.743027 
v -1.24991 105.231 0.345586 
v -1.40575 105.168 0.590991 
v -1.51194 105.023 0.503403 
v -1.37063 105.534 0.525094 
v -1.24888 105.293 0.564365 
v -1.48054 105.136 0.486237 
v -1.36513 105.218 0.449379 
v -1.44524 105.446 0.454422 
v -1.24888 105.293 0.564365 
v -1.3815 105.49 0.73644 
v -1.15604 104.76 0.622963 
v -1.23955 105.075 0.689997 
v -1.09102 104.829 0.321133 
v -1.16508 105.19 0.581267 
v -1.16508 105.19 0.581267 
v -1.23955 105.075 0.689997 
v -1.13838 104.955 0.891013 
v -1.01939 105.367 0.907891 
v -1.04006 105.702 0.581333 
v -1.15126 105.789 0.455933 
v -1.0596 105.835 0.500961 
v -1.15126 105.789 0.455933 
v -1.15392 105.716 0.657048 
v -1.00973 105.458 0.604713 
v -0.988203 104.514 -0.375649 
v -0.921012 104.165 -0.159996 
v -0.893999 104.05 0.0691035 
v -0.785341 104.431 -0.258533 
v -0.87547 104.687 -0.0290108 
v -0.932422 104.316 -0.0190832 
v -0.934262 104.196 0.231085 
v -0.893999 104.05 0.0691035 
v -0.796674 104.115 0.11663 
v -1.12501 105.028 0.0221249 
v -1.03132 104.78 -0.149239 
v -0.882761 105.078 -0.100666 
v -0.94285 105.184 -0.0735236 
v -0.863181 105.021 -0.308842 
v -0.887608 104.92 -0.332274 
v -0.882761 105.078 -0.100666 
v -1.03132 104.78 -0.149239 
v -1.00769 104.998 0.125354 
v -1.2482 105.035 -0.0375031 
v -0.94285 105.184 -0.0735236 
v -0.950041 104.974 0.159005 
v -0.860335 105.008 0.220279 
v -0.833491 104.748 0.0745353 
v -0.756313 104.75 -0.232251 
v -0.70159 104.405 0.0324299 
v -0.710993 104.781 -0.198905 
v -0.671895 104.835 -0.0427292 
v -0.773309 104.775 0.154045 
v -0.70159 104.405 0.0324299 
v -0.671895 104.835 -0.0427292 
v -0.653688 104.577 0.236113 
v -0.780553 104.454 0.284908 
v -0.647516 104.813 -0.0104659 
v -0.710993 104.781 -0.198905 
v -0.533543 105.14 -0.158845 
v -0.533543 105.14 -0.158845 
v -0.457065 105.07 0.0916048 
v -0.613694 105.154 0.271217 
v -0.951697 104.039 0.58446 
v -1.05706 103.979 0.248541 
v -1.04843 104.906 0.534524 
v -0.800696 104.865 0.452664 
v -0.878416 104.468 0.809023 
v -1.04539 104.963 0.706527 
v -1.04539 104.963 0.706527 
v -0.809282 104.935 0.869354 
v -0.948938 105.217 0.618358 
v -0.867426 104.962 0.8458 
v -0.758951 104.167 0.434478 
v -0.796674 104.115 0.11663 
v -0.653688 104.577 0.236113 
v -0.60656 104.477 0.599905 
v -0.684036 104.855 0.659598 
v -0.656607 105.131 0.359184 
v -0.685356 105.049 0.454265 
v -0.685356 105.049 0.454265 
v -0.536124 105.127 0.656387 
v -0.717472 104.76 0.708743 
v -0.717472 104.76 0.708743 
v -0.536124 105.127 0.656387 
v -0.642919 105.203 0.903099 
v -0.786996 105.425 0.0415298 
v -0.755471 105.286 -0.342421 
v -0.839911 105.662 0.0133974 
v -0.786996 105.425 0.0415298 
v -1.11534 105.44 0.108647 
v -0.875697 105.306 0.302671 
v -0.818774 105.295 0.288356 
v -0.847276 105.625 0.260946 
v -0.837034 105.771 0.187923 
v -0.975046 105.698 -0.0531662 
v -0.904018 105.78 0.0739327 
v -0.839305 105.717 -0.183728 
v -0.688774 105.549 -0.214559 
v -0.837034 105.771 0.187923 
v -0.756826 105.785 0.169735 
v -0.754826 105.841 0.336188 
v -0.501543 105.575 -0.0519115 
v -0.451857 105.444 0.136258 
v -0.501543 105.575 -0.0519115 
v -0.66689 105.577 0.124081 
v -0.668926 105.464 0.371947 
v -0.66689 105.577 0.124081 
v -0.638767 105.569 0.348905 
v -0.499272 105.629 0.31974 
v -0.722379 105.603 0.306937 
v -0.675618 105.709 0.150471 
v -0.61757 105.8 0.0990408 
v -0.61757 105.8 0.0990408 
v -0.638767 105.569 0.348905 
v -0.649274 105.714 0.360566 
v -0.948938 105.217 0.618358 
v -1.00973 105.458 0.604713 
v -0.924272 105.32 0.487131 
v -0.793794 105.564 0.6351 
v -0.793794 105.564 0.6351 
v -0.673691 105.528 0.752059 
v -0.88604 105.738 0.748526 
v -0.825317 105.813 0.487846 
v -0.805388 105.853 0.494597 
v -0.873648 105.813 0.542005 
v -0.825317 105.813 0.487846 
v -0.798066 105.716 0.60547 
v -0.686141 105.562 0.555694 
v -0.582054 105.574 0.553539 
v -0.582054 105.574 0.553539 
v -0.686141 105.562 0.555694 
v -0.694185 105.714 0.543376 

vn -0.0472441 -0.992126 -0.0944882 
vn -0.96063 -0.267717 0.102362 
vn -0.834646 -0.314961 -0.456693 
vn -0.724409 0.0866142 -0.685039 
vn -0.0787402 -0.858268 -0.511811 
vn -0.905512 -0.322835 -0.275591 
vn 0.102362 -0.165354 -0.984252 
vn -0.0787402 -0.858268 -0.511811 
vn 0.102362 -0.165354 -0.984252 
vn 0.84252 -0.0944882 -0.535433 
vn -0.425197 -0.15748 -0.889764 
vn -0.417323 -0.645669 0.637795 
vn 0.850394 -0.519685 -0.125984 
vn -0.0393701 -0.929134 0.377953 
vn -0.984252 0.173228 -0.0393701 
vn 0.700787 -0.637795 0.314961 
vn -0.0393701 -0.929134 0.377953 
vn 0.992126 -0.110236 0.0866142 
vn -0.354331 0.244094 -0.905512 
vn -0.84252 0.23622 -0.480315 
vn 0.149606 0.511811 -0.850394 
vn -0.740157 0.409449 -0.535433 
vn -0.976378 0.0866142 0.181102 
vn 0.149606 0.511811 -0.850394 
vn 0.897638 0.204724 -0.393701 
vn -0.771654 0.582677 -0.251969 
vn -0.314961 -0.165354 0.937008 
vn 0.889764 0.417323 -0.181102 
vn -0.307087 -0.244094 -0.92126 
vn -0.80315 -0.228346 -0.551181 
vn -0.692913 0.338583 -0.637795 
vn -0.425197 -0.897638 0.0708661 
vn -0.84252 -0.141732 0.519685 
vn -0.937008 -0.322835 -0.141732 
vn 0.409449 -0.535433 -0.740157 
vn -0.937008 -0.322835 -0.141732 
vn -0.937008 0.23622 -0.251969 
vn -0.637795 -0.283465 -0.716535 
vn -0.425197 -0.897638 0.0708661 
vn -0.125984 -0.629921 -0.76378 
vn 0.661417 0.015748 -0.748031 
vn -0.0472441 -0.992126 -0.0944882 
vn 0.409449 -0.535433 -0.740157 
vn -0.913386 -0.181102 -0.362205 
vn -0.527559 0.291339 -0.795276 
vn -0.511811 -0.314961 -0.795276 
vn -0.393701 -0.401575 0.826772 
vn -0.417323 -0.645669 0.637795 
vn 0.850394 -0.228346 0.472441 
vn -0.850394 -0.511811 0.110236 
vn -0.228346 -0.929134 -0.283465 
vn -0.188976 0.149606 0.968504 
vn 0.661417 0.015748 -0.748031 
vn -0.937008 0.23622 -0.251969 
vn -0.795276 0.267717 0.543307 
vn -0.535433 0.0787402 -0.84252 
vn -0.354331 0.448819 -0.818898 
vn 0.606299 -0.125984 -0.787402 
vn 0.149606 -0.637795 -0.755906 
vn -0.0472441 0.149606 -0.984252 
vn -0.929134 0.165354 -0.322835 
vn -0.535433 0.661417 0.519685 
vn -0.834646 -0.488189 0.244094 
vn -0.826772 -0.228346 0.511811 
vn 0.787402 -0.401575 0.464567 
vn -0.543307 -0.818898 -0.19685 
vn 0.023622 -0.551181 0.834646 
vn 0.023622 -0.551181 0.834646 
vn -0.771654 0.110236 0.629921 
vn -1 -0.0708661 0.0393701 
vn -0.543307 -0.818898 -0.19685 
vn -0.787402 -0.338583 0.519685 
vn 0.0472441 0.0314961 1 
vn -0.80315 -0.228346 -0.551181 
vn -0.858268 0.440945 0.267717 
vn 0.0787402 0.732283 0.677165 
vn 0.102362 0.96063 -0.267717 
vn 0.102362 0.96063 -0.267717 
vn 0.795276 -0.102362 0.598425 
vn 0.0472441 0.0314961 1 
vn -0.551181 0.251969 0.795276 
vn -0.165354 -0.519685 0.834646 
vn 0.0787402 0.732283 0.677165 
vn 0.913386 0.259843 0.322835 
vn 0.629921 -0.740157 -0.244094 
vn -0.456693 -0.574803 0.677165 
vn -0.96063 0 0.283465 
vn -0.850394 -0.511811 0.110236 
vn -0.96063 0 0.283465 
vn 0.283465 -0.897638 0.330709 
vn 0.283465 -0.897638 0.330709 
vn 0.19685 -0.0787402 0.976378 
vn -0.464567 -0.181102 0.866142 
vn 0.818898 -0.338583 0.456693 
vn 0.913386 -0.338583 -0.220472 
vn -0.314961 -0.165354 0.937008 
vn 0.818898 -0.338583 0.456693 
vn -0.330709 0.228346 0.913386 
vn 0.377953 0.330709 0.866142 
vn -0.692913 0.338583 -0.637795 
vn -0.212598 0.590551 -0.779528 
vn -0.551181 0.748031 -0.377953 
vn -0.80315 -0.220472 -0.551181 
vn -0.598425 -0.748031 0.291339 
vn -0.976378 -0.204724 0.00787402 
vn -0.377953 -0.834646 -0.401575 
vn -0.244094 -0.0551181 -0.968504 
vn 0.519685 0.80315 0.291339 
vn -0.826772 0.527559 0.212598 
vn -0.472441 -0.417323 0.779528 
vn 0.188976 0.527559 -0.826772 
vn 0.322835 -0.700787 0.629921 
vn -0.598425 -0.748031 0.291339 
vn -0.377953 -0.834646 -0.401575 
vn -0.464567 0.165354 -0.874016 
vn -0.811024 0.149606 -0.559055 
vn -0.984252 0.173228 -0.0551181 
vn -0.598425 0.606299 -0.527559 
vn -0.76378 0.645669 -0.023622 
vn -0.787402 -0.023622 0.614173 
vn -0.905512 0.251969 0.346457 
vn -0.559055 -0.377953 -0.740157 
vn -0.905512 0.346457 -0.251969 
vn -0.440945 0.102362 -0.889764 
vn -0.692913 0.527559 0.496063 
vn -0.551181 0.795276 -0.23622 
vn 0.204724 -0.551181 -0.811024 
vn -0.503937 -0.244094 -0.826772 
vn -0.913386 -0.307087 0.267717 
vn -0.944882 -0.023622 -0.322835 
vn 0.661417 0.543307 -0.519685 
vn -0.551181 0.795276 -0.23622 
vn 0.637795 -0.755906 0.133858 
vn 0.204724 -0.551181 -0.811024 
vn -0.283465 0.80315 -0.527559 
vn -0.818898 0.527559 -0.228346 
vn 0.755906 0.393701 -0.519685 
vn 0.165354 -0.125984 -0.976378 
vn 0.149606 0.19685 -0.968504 
vn -0.244094 0.464567 -0.850394 
vn -0.866142 0.440945 -0.228346 
vn -0.76378 0.23622 0.598425 
vn -0.299213 0.299213 -0.905512 
vn -0.23622 0.472441 -0.850394 
vn -0.251969 0.96063 0.141732 
vn -0.0944882 0.937008 -0.338583 
vn -0.244094 0.88189 -0.393701 
vn -0.0787402 0.456693 0.889764 
vn -0.913386 0.385827 0.133858 
vn -0.566929 0.771654 0.275591 
vn -0.362205 -0.913386 0.173228 
vn -0.755906 -0.141732 0.637795 
vn -0.937008 -0.338583 -0.0787402 
vn -0.0866142 0.677165 0.732283 
vn 0.519685 0.80315 0.291339 
vn -0.0787402 0.456693 0.889764 
vn -0.937008 -0.338583 -0.0787402 
vn -0.496063 0.244094 0.834646 
vn -0.0944882 -0.275591 0.96063 
vn -0.472441 -0.417323 0.779528 
vn -0.244094 0.88189 -0.393701 
vn -0.905512 0.346457 -0.251969 
vn -0.0944882 -0.275591 0.96063 
vn -0.708661 0.370079 0.598425 
vn -0.362205 -0.913386 0.173228 
vn -0.716535 0.551181 0.425197 
vn -0.0708661 -0.677165 -0.732283 
vn 0.535433 0.834646 0.141732 
vn 0.535433 0.834646 0.141732 
vn -0.716535 0.551181 0.425197 
vn -0.330709 -0.370079 0.866142 
vn -0.125984 0.212598 0.968504 
vn -0.228346 0.307087 0.92126 
vn -0.433071 0.850394 -0.291339 
vn -0.299213 0.700787 0.653543 
vn -0.433071 0.850394 -0.291339 
vn -0.425197 0.755906 0.503937 
vn 0.0314961 -0.212598 0.976378 
vn 0.11811 -0.125984 -0.984252 
vn 0.543307 -0.645669 -0.535433 
vn 0.551181 -0.818898 0.15748 
vn 0.724409 -0.267717 -0.629921 
vn 0.322835 0.23622 -0.913386 
vn 0.220472 -0.212598 -0.952756 
vn 0.307087 -0.496063 0.811024 
vn 0.551181 -0.818898 0.15748 
vn 0.637795 -0.559055 -0.527559 
vn 0.661417 0.543307 -0.519685 
vn -0.488189 -0.826772 -0.275591 
vn 0.409449 0.905512 -0.102362 
vn 0.661417 -0.346457 -0.661417 
vn 0.102362 -0.275591 -0.952756 
vn 0.322835 0.425197 -0.850394 
vn 0.409449 0.905512 -0.102362 
vn -0.488189 -0.826772 -0.275591 
vn -0.488189 -0.385827 0.779528 
vn -0.913386 -0.307087 0.267717 
vn 0.661417 -0.346457 -0.661417 
vn 0.11811 0.645669 0.755906 
vn 0.425197 0.606299 -0.669291 
vn -0.0551181 -0.818898 0.574803 
vn 0.80315 0.11811 -0.582677 
vn 0.96063 -0.259843 0.0629921 
vn 0.409449 -0.669291 -0.622047 
vn 0.952756 0.307087 0.015748 
vn 0.669291 0.330709 0.661417 
vn 0.96063 -0.259843 0.0629921 
vn 0.952756 0.307087 0.015748 
vn 0.92126 0.015748 -0.385827 
vn 0.582677 -0.0787402 0.811024 
vn 0.645669 -0.755906 0.125984 
vn 0.409449 -0.669291 -0.622047 
vn 0.80315 -0.133858 -0.582677 
vn 0.80315 -0.133858 -0.582677 
vn 0.913386 -0.346457 0.19685 
vn 0.338583 -0.330709 0.88189 
vn 0.19685 -0.80315 0.559055 
vn -0.228346 -0.929134 -0.283465 
vn 0.992126 0.0472441 -0.133858 
vn 0.472441 -0.677165 -0.559055 
vn 0.338583 -0.275591 0.897638 
vn 0.874016 0.23622 0.425197 
vn 0.874016 0.23622 0.425197 
vn 0.244094 -0.440945 0.866142 
vn 0.141732 0.937008 0.322835 
vn 0.346457 0.322835 0.88189 
vn 0.787402 -0.590551 0.165354 
vn 0.637795 -0.559055 -0.527559 
vn 0.92126 0.015748 -0.385827 
vn 0.913386 -0.19685 0.346457 
vn 0.866142 0.220472 0.448819 
vn 0.708661 -0.228346 -0.669291 
vn 0.834646 0.543307 -0.110236 
vn 0.834646 0.543307 -0.110236 
vn 0.984252 -0.181102 0.0708661 
vn 0.559055 -0.80315 0.212598 
vn 0.559055 -0.80315 0.212598 
vn 0.984252 -0.181102 0.0708661 
vn 0.574803 0.00787402 0.818898 
vn 0.779528 -0.220472 -0.590551 
vn 0.322835 0.0629921 -0.944882 
vn 0.401575 0.322835 -0.858268 
vn 0.779528 -0.220472 -0.590551 
vn -0.76378 0.23622 0.598425 
vn -0.338583 -0.0787402 0.937008 
vn 0.811024 -0.566929 0.125984 
vn 0.314961 0.401575 -0.858268 
vn -0.409449 0.740157 0.535433 
vn -0.566929 0.818898 -0.102362 
vn 0.125984 0.724409 -0.677165 
vn 0.00787402 0.740157 -0.669291 
vn 0.472441 0.385827 -0.795276 
vn -0.409449 0.740157 0.535433 
vn 0.480315 0.76378 -0.433071 
vn 0.519685 0.850394 -0.0708661 
vn 0.826772 0.338583 -0.448819 
vn 0.992126 0.0629921 0.133858 
vn 0.826772 0.338583 -0.448819 
vn 0.866142 -0.141732 -0.480315 
vn 0.740157 0.181102 -0.653543 
vn 0.866142 -0.141732 -0.480315 
vn 0.96063 -0.259843 0.0708661 
vn 0.606299 0.314961 0.724409 
vn -0.15748 0.299213 0.937008 
vn 0.811024 0.370079 -0.456693 
vn 0.456693 0.889764 0.015748 
vn 0.456693 0.889764 0.015748 
vn 0.96063 -0.259843 0.0708661 
vn 0.929134 0.362205 0.0472441 
vn 0.141732 0.937008 0.322835 
vn 0.0314961 -0.212598 0.976378 
vn 0.503937 -0.582677 0.637795 
vn 0.244094 -0.173228 0.952756 
vn 0.244094 -0.173228 0.952756 
vn 0.637795 0.440945 0.629921 
vn 0.149606 0.708661 0.685039 
vn 0.385827 0.897638 -0.19685 
vn 0.370079 0.84252 0.385827 
vn 0.015748 0.669291 0.740157 
vn 0.385827 0.897638 -0.19685 
vn 0.212598 0.346457 0.913386 
vn 0.76378 -0.251969 0.590551 
vn 0.913386 0.401575 -0.0629921 
vn 0.913386 0.401575 -0.0629921 
vn 0.76378 -0.251969 0.590551 
vn 0.76378 0.362205 0.535433 

vt 0.70733 0.993674 
vt 0.707365 0.994029 
vt 0.707298 0.993873 
vt 0.708836 0.995761 
vt 0.708871 0.995656 
vt 0.708887 0.995741 
vt 0.708802 0.995698 
vt 0.706166 0.996733 
vt 0.706217 0.996822 
vt 0.706176 0.996871 
vt 0.707211 0.9938 
vt 0.707451 0.993969 
vt 0.706144 0.996828 
vt 0.708962 0.995732 
vt 0.708907 0.995887 
vt 0.706083 0.996817 
vt 0.706068 0.99674 
vt 0.706091 0.996951 
vt 0.707149 0.993968 
vt 0.707246 0.994126 
vt 0.708786 0.995901 
vt 0.708832 0.995887 
vt 0.707335 0.994278 
vt 0.70619 0.997015 
vt 0.706146 0.996985 
vt 0.708865 0.996024 
vt 0.707426 0.994398 
vt 0.706091 0.997086 
vt 0.708306 0.989208 
vt 0.708392 0.989141 
vt 0.708374 0.989459 
vt 0.703043 0.993722 
vt 0.703211 0.993873 
vt 0.703147 0.994007 
vt 0.707173 0.993612 
vt 0.704594 0.993817 
vt 0.704633 0.994191 
vt 0.704518 0.993924 
vt 0.704446 0.993622 
vt 0.704426 0.993855 
vt 0.707889 0.99446 
vt 0.707631 0.99436 
vt 0.707766 0.994275 
vt 0.706477 0.992248 
vt 0.70635 0.99249 
vt 0.706345 0.992203 
vt 0.703171 0.993671 
vt 0.707527 0.994638 
vt 0.707754 0.994733 
vt 0.706585 0.992118 
vt 0.706366 0.99194 
vt 0.703315 0.993636 
vt 0.707036 0.993819 
vt 0.703369 0.994086 
vt 0.703345 0.993878 
vt 0.704505 0.994146 
vt 0.704467 0.994356 
vt 0.708193 0.989289 
vt 0.708247 0.989109 
vt 0.708268 0.989366 
vt 0.706502 0.992524 
vt 0.703468 0.993802 
vt 0.708943 0.995781 
vt 0.708976 0.99589 
vt 0.706033 0.996909 
vt 0.708284 0.988898 
vt 0.705988 0.996859 
vt 0.709016 0.995895 
vt 0.708976 0.996 
vt 0.707851 0.991466 
vt 0.707853 0.991179 
vt 0.707937 0.991342 
vt 0.705965 0.997012 
vt 0.707754 0.991452 
vt 0.708927 0.996048 
vt 0.708938 0.996133 
vt 0.706096 0.997158 
vt 0.70885 0.996098 
vt 0.706005 0.997004 
vt 0.709005 0.996052 
vt 0.707993 0.99151 
vt 0.708019 0.991269 
vt 0.706009 0.997133 
vt 0.706035 0.997071 
vt 0.708165 0.989039 
vt 0.706119 0.989519 
vt 0.706249 0.989831 
vt 0.706014 0.989589 
vt 0.706652 0.992554 
vt 0.708131 0.988846 
vt 0.708021 0.991132 
vt 0.708085 0.991392 
vt 0.706266 0.98961 
vt 0.708004 0.98905 
vt 0.708107 0.989191 
vt 0.707578 0.995037 
vt 0.708182 0.99131 
vt 0.706413 0.9896 
vt 0.708133 0.991575 
vt 0.707798 0.99176 
vt 0.707104 0.994193 
vt 0.707189 0.994375 
vt 0.706089 0.991211 
vt 0.706197 0.991481 
vt 0.706137 0.991516 
vt 0.706132 0.991098 
vt 0.705964 0.991021 
vt 0.707115 0.994548 
vt 0.707272 0.994455 
vt 0.706141 0.991745 
vt 0.708216 0.989511 
vt 0.708152 0.995461 
vt 0.708363 0.995393 
vt 0.708381 0.995687 
vt 0.705953 0.991145 
vt 0.706031 0.991306 
vt 0.706066 0.991545 
vt 0.705899 0.991421 
vt 0.70593 0.991594 
vt 0.706099 0.991708 
vt 0.706054 0.991657 
vt 0.706692 0.987901 
vt 0.706808 0.988192 
vt 0.706667 0.988112 
vt 0.705941 0.991707 
vt 0.703557 0.993876 
vt 0.705974 0.990908 
vt 0.707168 0.98986 
vt 0.707319 0.989916 
vt 0.707232 0.989984 
vt 0.706998 0.994198 
vt 0.704518 0.994506 
vt 0.708154 0.995681 
vt 0.708305 0.995899 
vt 0.706357 0.992799 
vt 0.706479 0.992782 
vt 0.708136 0.989462 
vt 0.70652 0.988069 
vt 0.705816 0.991132 
vt 0.705846 0.991245 
vt 0.707178 0.990157 
vt 0.707263 0.990344 
vt 0.707094 0.990045 
vt 0.706599 0.988338 
vt 0.70577 0.991683 
vt 0.705742 0.991543 
vt 0.708239 0.989652 
vt 0.707285 0.994644 
vt 0.707892 0.991638 
vt 0.70796 0.991779 
vt 0.70619 0.990806 
vt 0.706416 0.990852 
vt 0.706411 0.99108 
vt 0.708056 0.991707 
vt 0.707836 0.995138 
vt 0.707698 0.995265 
vt 0.706804 0.987818 
vt 0.705964 0.991799 
vt 0.708163 0.995234 
vt 0.708304 0.995232 
vt 0.707953 0.991925 
vt 0.706616 0.990943 
vt 0.705997 0.991989 
vt 0.706533 0.99074 
vt 0.706587 0.987553 
vt 0.706556 0.992944 
vt 0.706561 0.987816 
vt 0.708082 0.98961 
vt 0.708113 0.991881 
vt 0.706496 0.989728 
vt 0.706311 0.990639 
vt 0.706436 0.990477 
vt 0.705787 0.99188 
vt 0.706639 0.98851 
vt 0.705779 0.991771 
vt 0.706724 0.990543 
vt 0.706626 0.990537 
vt 0.70581 0.992035 
vt 0.704397 0.994106 
vt 0.704324 0.993843 
vt 0.704268 0.993663 
vt 0.704288 0.994061 
vt 0.706227 0.992465 
vt 0.706249 0.992234 
vt 0.703174 0.993478 
vt 0.70309 0.993408 
vt 0.706169 0.992081 
vt 0.707947 0.994813 
vt 0.707194 0.989621 
vt 0.704334 0.994558 
vt 0.705773 0.990952 
vt 0.707049 0.989764 
vt 0.704367 0.994347 
vt 0.703602 0.993561 
vt 0.706632 0.991188 
vt 0.706662 0.991499 
vt 0.706519 0.991476 
vt 0.708154 0.995919 
vt 0.703465 0.993596 
vt 0.706241 0.992744 
vt 0.706753 0.99132 
vt 0.704277 0.994274 
vt 0.704151 0.993978 
vt 0.706843 0.991098 
vt 0.704179 0.994356 
vt 0.703422 0.993404 
vt 0.703279 0.993188 
vt 0.703504 0.993283 
vt 0.706066 0.992501 
vt 0.70329 0.99341 
vt 0.706854 0.991275 
vt 0.706991 0.989564 
vt 0.707045 0.991304 
vt 0.706846 0.98983 
vt 0.706944 0.991454 
vt 0.706861 0.991586 
vt 0.706098 0.989301 
vt 0.70594 0.989207 
vt 0.708069 0.989359 
vt 0.706408 0.987796 
vt 0.706277 0.989352 
vt 0.708211 0.991654 
vt 0.70798 0.989376 
vt 0.706246 0.990382 
vt 0.706597 0.989399 
vt 0.706444 0.989388 
vt 0.70613 0.989078 
vt 0.706019 0.988894 
vt 0.706275 0.988788 
vt 0.706288 0.989087 
vt 0.70643 0.989167 
vt 0.706365 0.98802 
vt 0.706168 0.992949 
vt 0.706524 0.989019 
vt 0.706217 0.987947 
vt 0.706316 0.987623 
vt 0.706141 0.990324 
vt 0.70628 0.99002 
vt 0.70634 0.990227 
vt 0.705617 0.991165 
vt 0.706978 0.989935 
vt 0.705674 0.991309 
vt 0.708012 0.995879 
vt 0.706616 0.991854 
vt 0.706758 0.991736 
vt 0.708027 0.995644 
vt 0.706475 0.988327 
vt 0.706843 0.992063 
vt 0.707091 0.990333 
vt 0.705702 0.9914 
vt 0.707012 0.990247 
vt 0.706935 0.990142 
vt 0.70704 0.990556 
vt 0.705633 0.99148 
vt 0.705636 0.991629 
vt 0.706822 0.990221 
vt 0.707009 0.991672 
vt 0.707105 0.991711 
vt 0.705561 0.991378 
vt 0.706366 0.988246 
vt 0.707919 0.995841 
vt 0.707885 0.995649 
vt 0.706948 0.991809 
vt 0.706866 0.991887 
vt 0.70559 0.991452 
vt 0.706896 0.990485 
vt 0.707016 0.991988 
vt 0.705512 0.991648 
vt 0.705566 0.991653 
vt 0.706364 0.993084 
vt 0.708021 0.995287 
vt 0.708036 0.995444 
vt 0.70565 0.991979 
vt 0.707909 0.995355 
vt 0.706474 0.990144 
vt 0.706569 0.990312 
vt 0.706434 0.988549 
vt 0.705664 0.991759 
vt 0.705696 0.991807 
vt 0.706683 0.990183 
vt 0.705658 0.991884 
vt 0.707879 0.995461 
vt 0.70627 0.988337 
vt 0.70652 0.98998 
vt 0.705565 0.991888 
vt 0.705602 0.991823 

usemtl Player1Mtl

f 5299/5299/5299 5300/5300/5300 5301/5301/5301 
f 5302/5302/5302 5299/5299/5299 5301/5301/5301 
f 5301/5301/5301 5300/5300/5300 5319/5319/5319 
f 5303/5303/5303 5302/5302/5302 5301/5301/5301 
f 5300/5300/5300 5320/5320/5320 5319/5319/5319 
f 5320/5320/5320 5300/5300/5300 5395/5395/5395 
f 5453/5453/5453 5320/5320/5320 5395/5395/5395 
f 5442/5442/5442 5301/5301/5301 5319/5319/5319 
f 5301/5301/5301 5442/5442/5442 5303/5303/5303 
f 5442/5442/5442 5319/5319/5319 5320/5320/5320 
f 5320/5320/5320 5453/5453/5453 5456/5456/5456 
f 5456/5456/5456 5442/5442/5442 5320/5320/5320 
f 5465/5465/5465 5456/5456/5456 5453/5453/5453 
f 5465/5465/5465 5442/5442/5442 5456/5456/5456 
f 5465/5465/5465 5453/5453/5453 5468/5468/5468 
f 5466/5466/5466 5465/5465/5465 5468/5468/5468 
f 5442/5442/5442 5465/5465/5465 5445/5445/5445 
f 5465/5465/5465 5466/5466/5466 5445/5445/5445 
f 5445/5445/5445 5443/5443/5443 5442/5442/5442 
f 5466/5466/5466 5443/5443/5443 5445/5445/5445 
f 5443/5443/5443 5303/5303/5303 5442/5442/5442 
f 5443/5443/5443 5302/5302/5302 5303/5303/5303 
f 5443/5443/5443 5466/5466/5466 5444/5444/5444 
f 5302/5302/5302 5443/5443/5443 5444/5444/5444 
f 5391/5391/5391 5392/5392/5392 5393/5393/5393 
f 5392/5392/5392 5391/5391/5391 5452/5452/5452 
f 5393/5393/5393 5392/5392/5392 5405/5405/5405 
f 5455/5455/5455 5452/5452/5452 5391/5391/5391 
f 5452/5452/5452 5455/5455/5455 5475/5475/5475 
f 5455/5455/5455 5477/5477/5477 5475/5475/5475 
f 5455/5455/5455 5391/5391/5391 5406/5406/5406 
f 5393/5393/5393 5406/5406/5406 5391/5391/5391 
f 5477/5477/5477 5455/5455/5455 5504/5504/5504 
f 5504/5504/5504 5455/5455/5455 5406/5406/5406 
f 5404/5404/5404 5393/5393/5393 5405/5405/5405 
f 5406/5406/5406 5393/5393/5393 5404/5404/5404 
f 5405/5405/5405 5512/5512/5512 5404/5404/5404 
f 5406/5406/5406 5404/5404/5404 5512/5512/5512 
f 5512/5512/5512 5405/5405/5405 5516/5516/5516 
f 5477/5477/5477 5504/5504/5504 5515/5515/5515 
f 5406/5406/5406 5515/5515/5515 5504/5504/5504 
f 5519/5519/5519 5477/5477/5477 5515/5515/5515 
f 5515/5515/5515 5529/5529/5529 5519/5519/5519 
f 5515/5515/5515 5406/5406/5406 5514/5514/5514 
f 5529/5529/5529 5515/5515/5515 5514/5514/5514 
f 5512/5512/5512 5514/5514/5514 5406/5406/5406 
f 5514/5514/5514 5516/5516/5516 5529/5529/5529 
f 5516/5516/5516 5514/5514/5514 5512/5512/5512 
f 5349/5349/5349 5350/5350/5350 5351/5351/5351 
f 5350/5350/5350 5349/5349/5349 5356/5356/5356 
f 5351/5351/5351 5480/5480/5480 5349/5349/5349 
f 5480/5480/5480 5351/5351/5351 5481/5481/5481 
f 5484/5484/5484 5356/5356/5356 5349/5349/5349 
f 5484/5484/5484 5349/5349/5349 5480/5480/5480 
f 5350/5350/5350 5356/5356/5356 5361/5361/5361 
f 5484/5484/5484 5361/5361/5361 5356/5356/5356 
f 5433/5433/5433 5350/5350/5350 5361/5361/5361 
f 5488/5488/5488 5433/5433/5433 5361/5361/5361 
f 5361/5361/5361 5484/5484/5484 5489/5489/5489 
f 5361/5361/5361 5489/5489/5489 5488/5488/5488 
f 5494/5494/5494 5488/5488/5488 5489/5489/5489 
f 5484/5484/5484 5494/5494/5494 5489/5489/5489 
f 5488/5488/5488 5494/5494/5494 5497/5497/5497 
f 5494/5494/5494 5492/5492/5492 5497/5497/5497 
f 5484/5484/5484 5493/5493/5493 5494/5494/5494 
f 5492/5492/5492 5494/5494/5494 5493/5493/5493 
f 5480/5480/5480 5493/5493/5493 5484/5484/5484 
f 5492/5492/5492 5493/5493/5493 5490/5490/5490 
f 5493/5493/5493 5480/5480/5480 5490/5490/5490 
f 5481/5481/5481 5490/5490/5490 5480/5480/5480 
f 5492/5492/5492 5490/5490/5490 5491/5491/5491 
f 5481/5481/5481 5491/5491/5491 5490/5490/5490 
f 5414/5414/5414 5415/5415/5415 5416/5416/5416 
f 5415/5415/5415 5425/5425/5425 5416/5416/5416 
f 5415/5415/5415 5414/5414/5414 5434/5434/5434 
f 5425/5425/5425 5415/5415/5415 5427/5427/5427 
f 5414/5414/5414 5487/5487/5487 5434/5434/5434 
f 5414/5414/5414 5500/5500/5500 5487/5487/5487 
f 5500/5500/5500 5501/5501/5501 5487/5487/5487 
f 5435/5435/5435 5415/5415/5415 5434/5434/5434 
f 5415/5415/5415 5435/5435/5435 5427/5427/5427 
f 5487/5487/5487 5435/5435/5435 5434/5434/5434 
f 5487/5487/5487 5501/5501/5501 5502/5502/5502 
f 5435/5435/5435 5487/5487/5487 5502/5502/5502 
f 5501/5501/5501 5538/5538/5538 5502/5502/5502 
f 5435/5435/5435 5502/5502/5502 5538/5538/5538 
f 5538/5538/5538 5501/5501/5501 5547/5547/5547 
f 5543/5543/5543 5538/5538/5538 5547/5547/5547 
f 5435/5435/5435 5538/5538/5538 5539/5539/5539 
f 5538/5538/5538 5543/5543/5543 5539/5539/5539 
f 5440/5440/5440 5435/5435/5435 5539/5539/5539 
f 5543/5543/5543 5440/5440/5440 5539/5539/5539 
f 5435/5435/5435 5440/5440/5440 5427/5427/5427 
f 5425/5425/5425 5427/5427/5427 5440/5440/5440 
f 5543/5543/5543 5439/5439/5439 5440/5440/5440 
f 5439/5439/5439 5425/5425/5425 5440/5440/5440 
f 5333/5333/5333 5334/5334/5334 5335/5335/5335 
f 5354/5354/5354 5335/5335/5335 5334/5334/5334 
f 5334/5334/5334 5333/5333/5333 5337/5337/5337 
f 5333/5333/5333 5363/5363/5363 5337/5337/5337 
f 5335/5335/5335 5354/5354/5354 5345/5345/5345 
f 5363/5363/5363 5333/5333/5333 5412/5412/5412 
f 5344/5344/5344 5333/5333/5333 5335/5335/5335 
f 5345/5345/5345 5344/5344/5344 5335/5335/5335 
f 5412/5412/5412 5333/5333/5333 5344/5344/5344 
f 5354/5354/5354 5355/5355/5355 5345/5345/5345 
f 5344/5344/5344 5345/5345/5345 5355/5355/5355 
f 5355/5355/5355 5354/5354/5354 5360/5360/5360 
f 5363/5363/5363 5412/5412/5412 5413/5413/5413 
f 5344/5344/5344 5413/5413/5413 5412/5412/5412 
f 5413/5413/5413 5424/5424/5424 5363/5363/5363 
f 5432/5432/5432 5424/5424/5424 5413/5413/5413 
f 5413/5413/5413 5344/5344/5344 5417/5417/5417 
f 5417/5417/5417 5432/5432/5432 5413/5413/5413 
f 5362/5362/5362 5344/5344/5344 5355/5355/5355 
f 5344/5344/5344 5362/5362/5362 5417/5417/5417 
f 5362/5362/5362 5432/5432/5432 5417/5417/5417 
f 5360/5360/5360 5362/5362/5362 5355/5355/5355 
f 5432/5432/5432 5362/5362/5362 5485/5485/5485 
f 5362/5362/5362 5360/5360/5360 5485/5485/5485 
f 5366/5366/5366 5367/5367/5367 5368/5368/5368 
f 5373/5373/5373 5368/5368/5368 5367/5367/5367 
f 5367/5367/5367 5366/5366/5366 5369/5369/5369 
f 5368/5368/5368 5373/5373/5373 5383/5383/5383 
f 5426/5426/5426 5383/5383/5383 5373/5373/5373 
f 5368/5368/5368 5379/5379/5379 5366/5366/5366 
f 5421/5421/5421 5383/5383/5383 5426/5426/5426 
f 5441/5441/5441 5421/5421/5421 5426/5426/5426 
f 5383/5383/5383 5380/5380/5380 5368/5368/5368 
f 5379/5379/5379 5368/5368/5368 5380/5380/5380 
f 5384/5384/5384 5383/5383/5383 5421/5421/5421 
f 5380/5380/5380 5383/5383/5383 5384/5384/5384 
f 5421/5421/5421 5441/5441/5441 5436/5436/5436 
f 5536/5536/5536 5436/5436/5436 5441/5441/5441 
f 5388/5388/5388 5384/5384/5384 5421/5421/5421 
f 5436/5436/5436 5388/5388/5388 5421/5421/5421 
f 5384/5384/5384 5382/5382/5382 5380/5380/5380 
f 5382/5382/5382 5384/5384/5384 5388/5388/5388 
f 5438/5438/5438 5388/5388/5388 5436/5436/5436 
f 5381/5381/5381 5380/5380/5380 5382/5382/5382 
f 5380/5380/5380 5381/5381/5381 5379/5379/5379 
f 5388/5388/5388 5408/5408/5408 5382/5382/5382 
f 5408/5408/5408 5388/5388/5388 5438/5438/5438 
f 5382/5382/5382 5409/5409/5409 5381/5381/5381 
f 5409/5409/5409 5382/5382/5382 5408/5408/5408 
f 5378/5378/5378 5379/5379/5379 5381/5381/5381 
f 5378/5378/5378 5366/5366/5366 5379/5379/5379 
f 5403/5403/5403 5378/5378/5378 5381/5381/5381 
f 5403/5403/5403 5381/5381/5381 5409/5409/5409 
f 5366/5366/5366 5378/5378/5378 5370/5370/5370 
f 5370/5370/5370 5369/5369/5369 5366/5366/5366 
f 5369/5369/5369 5370/5370/5370 5390/5390/5390 
f 5370/5370/5370 5454/5454/5454 5390/5390/5390 
f 5378/5378/5378 5402/5402/5402 5370/5370/5370 
f 5454/5454/5454 5370/5370/5370 5402/5402/5402 
f 5402/5402/5402 5378/5378/5378 5403/5403/5403 
f 5402/5402/5402 5503/5503/5503 5454/5454/5454 
f 5403/5403/5403 5513/5513/5513 5402/5402/5402 
f 5409/5409/5409 5513/5513/5513 5403/5403/5403 
f 5503/5503/5503 5402/5402/5402 5505/5505/5505 
f 5402/5402/5402 5513/5513/5513 5505/5505/5505 
f 5505/5505/5505 5522/5522/5522 5503/5503/5503 
f 5409/5409/5409 5517/5517/5517 5513/5513/5513 
f 5517/5517/5517 5505/5505/5505 5513/5513/5513 
f 5522/5522/5522 5505/5505/5505 5528/5528/5528 
f 5505/5505/5505 5517/5517/5517 5528/5528/5528 
f 5531/5531/5531 5522/5522/5522 5528/5528/5528 
f 5517/5517/5517 5409/5409/5409 5518/5518/5518 
f 5518/5518/5518 5528/5528/5528 5517/5517/5517 
f 5408/5408/5408 5518/5518/5518 5409/5409/5409 
f 5528/5528/5528 5532/5532/5532 5531/5531/5531 
f 5528/5528/5528 5518/5518/5518 5532/5532/5532 
f 5518/5518/5518 5408/5408/5408 5541/5541/5541 
f 5541/5541/5541 5532/5532/5532 5518/5518/5518 
f 5549/5549/5549 5531/5531/5531 5532/5532/5532 
f 5532/5532/5532 5541/5541/5541 5549/5549/5549 
f 5531/5531/5531 5549/5549/5549 5548/5548/5548 
f 5536/5536/5536 5548/5548/5548 5549/5549/5549 
f 5536/5536/5536 5549/5549/5549 5544/5544/5544 
f 5544/5544/5544 5549/5549/5549 5541/5541/5541 
f 5436/5436/5436 5536/5536/5536 5544/5544/5544 
f 5541/5541/5541 5408/5408/5408 5542/5542/5542 
f 5544/5544/5544 5541/5541/5541 5542/5542/5542 
f 5542/5542/5542 5436/5436/5436 5544/5544/5544 
f 5408/5408/5408 5438/5438/5438 5542/5542/5542 
f 5436/5436/5436 5542/5542/5542 5438/5438/5438 
f 5267/5267/5267 5268/5268/5268 5269/5269/5269 
f 5277/5277/5277 5269/5269/5269 5268/5268/5268 
f 5268/5268/5268 5267/5267/5267 5270/5270/5270 
f 5267/5267/5267 5284/5284/5284 5270/5270/5270 
f 5269/5269/5269 5277/5277/5277 5326/5326/5326 
f 5284/5284/5284 5267/5267/5267 5285/5285/5285 
f 5278/5278/5278 5267/5267/5267 5269/5269/5269 
f 5326/5326/5326 5278/5278/5278 5269/5269/5269 
f 5267/5267/5267 5278/5278/5278 5285/5285/5285 
f 5277/5277/5277 5327/5327/5327 5326/5326/5326 
f 5278/5278/5278 5326/5326/5326 5327/5327/5327 
f 5327/5327/5327 5277/5277/5277 5331/5331/5331 
f 5289/5289/5289 5284/5284/5284 5285/5285/5285 
f 5278/5278/5278 5289/5289/5289 5285/5285/5285 
f 5284/5284/5284 5289/5289/5289 5341/5341/5341 
f 5338/5338/5338 5341/5341/5341 5289/5289/5289 
f 5289/5289/5289 5278/5278/5278 5338/5338/5338 
f 5341/5341/5341 5338/5338/5338 5339/5339/5339 
f 5331/5331/5331 5332/5332/5332 5327/5327/5327 
f 5332/5332/5332 5278/5278/5278 5327/5327/5327 
f 5338/5338/5338 5278/5278/5278 5332/5332/5332 
f 5332/5332/5332 5339/5339/5339 5338/5338/5338 
f 5332/5332/5332 5331/5331/5331 5343/5343/5343 
f 5339/5339/5339 5332/5332/5332 5343/5343/5343 
f 5264/5264/5264 5265/5265/5265 5266/5266/5266 
f 5264/5264/5264 5275/5275/5275 5265/5265/5265 
f 5290/5290/5290 5265/5265/5265 5275/5275/5275 
f 5274/5274/5274 5264/5264/5264 5266/5266/5266 
f 5264/5264/5264 5274/5274/5274 5298/5298/5298 
f 5274/5274/5274 5316/5316/5316 5298/5298/5298 
f 5266/5266/5266 5282/5282/5282 5274/5274/5274 
f 5316/5316/5316 5274/5274/5274 5282/5282/5282 
f 5265/5265/5265 5283/5283/5283 5266/5266/5266 
f 5282/5282/5282 5266/5266/5266 5283/5283/5283 
f 5316/5316/5316 5282/5282/5282 5364/5364/5364 
f 5283/5283/5283 5364/5364/5364 5282/5282/5282 
f 5364/5364/5364 5394/5394/5394 5316/5316/5316 
f 5371/5371/5371 5394/5394/5394 5364/5364/5364 
f 5364/5364/5364 5283/5283/5283 5365/5365/5365 
f 5371/5371/5371 5364/5364/5364 5365/5365/5365 
f 5283/5283/5283 5265/5265/5265 5286/5286/5286 
f 5286/5286/5286 5365/5365/5365 5283/5283/5283 
f 5286/5286/5286 5265/5265/5265 5290/5290/5290 
f 5372/5372/5372 5371/5371/5371 5365/5365/5365 
f 5365/5365/5365 5286/5286/5286 5372/5372/5372 
f 5290/5290/5290 5372/5372/5372 5286/5286/5286 
f 5371/5371/5371 5372/5372/5372 5411/5411/5411 
f 5372/5372/5372 5290/5290/5290 5411/5411/5411 
f 5304/5304/5304 5305/5305/5305 5306/5306/5306 
f 5305/5305/5305 5304/5304/5304 5312/5312/5312 
f 5451/5451/5451 5312/5312/5312 5304/5304/5304 
f 5311/5311/5311 5305/5305/5305 5312/5312/5312 
f 5312/5312/5312 5451/5451/5451 5418/5418/5418 
f 5311/5311/5311 5312/5312/5312 5359/5359/5359 
f 5418/5418/5418 5359/5359/5359 5312/5312/5312 
f 5359/5359/5359 5418/5418/5418 5419/5419/5419 
f 5307/5307/5307 5308/5308/5308 5309/5309/5309 
f 5314/5314/5314 5307/5307/5307 5309/5309/5309 
f 5313/5313/5313 5307/5307/5307 5314/5314/5314 
f 5307/5307/5307 5313/5313/5313 5352/5352/5352 
f 5447/5447/5447 5314/5314/5314 5309/5309/5309 
f 5308/5308/5308 5447/5447/5447 5309/5309/5309 
f 5314/5314/5314 5447/5447/5447 5450/5450/5450 
f 5447/5447/5447 5472/5472/5472 5450/5450/5450 
f 5472/5472/5472 5447/5447/5447 5446/5446/5446 
f 5308/5308/5308 5446/5446/5446 5447/5447/5447 
f 5472/5472/5472 5446/5446/5446 5463/5463/5463 
f 5308/5308/5308 5463/5463/5463 5446/5446/5446 
f 5463/5463/5463 5496/5496/5496 5472/5472/5472 
f 5463/5463/5463 5533/5533/5533 5496/5496/5496 
f 5463/5463/5463 5308/5308/5308 5398/5398/5398 
f 5533/5533/5533 5463/5463/5463 5398/5398/5398 
f 5308/5308/5308 5307/5307/5307 5324/5324/5324 
f 5324/5324/5324 5398/5398/5398 5308/5308/5308 
f 5324/5324/5324 5307/5307/5307 5352/5352/5352 
f 5399/5399/5399 5533/5533/5533 5398/5398/5398 
f 5398/5398/5398 5324/5324/5324 5399/5399/5399 
f 5352/5352/5352 5399/5399/5399 5324/5324/5324 
f 5533/5533/5533 5399/5399/5399 5429/5429/5429 
f 5399/5399/5399 5352/5352/5352 5429/5429/5429 
f 5375/5375/5375 5376/5376/5376 5377/5377/5377 
f 5376/5376/5376 5422/5422/5422 5423/5423/5423 
f 5376/5376/5376 5375/5375/5375 5422/5422/5422 
f 5375/5375/5375 5534/5534/5534 5422/5422/5422 
f 5534/5534/5534 5375/5375/5375 5535/5535/5535 
f 5537/5537/5537 5534/5534/5534 5535/5535/5535 
f 5535/5535/5535 5545/5545/5545 5537/5537/5537 
f 5545/5545/5545 5535/5535/5535 5509/5509/5509 
f 5509/5509/5509 5535/5535/5535 5375/5375/5375 
f 5525/5525/5525 5545/5545/5545 5509/5509/5509 
f 5509/5509/5509 5524/5524/5524 5525/5525/5525 
f 5524/5524/5524 5509/5509/5509 5506/5506/5506 
f 5396/5396/5396 5509/5509/5509 5375/5375/5375 
f 5509/5509/5509 5396/5396/5396 5506/5506/5506 
f 5377/5377/5377 5396/5396/5396 5375/5375/5375 
f 5506/5506/5506 5396/5396/5396 5461/5461/5461 
f 5396/5396/5396 5377/5377/5377 5397/5397/5397 
f 5461/5461/5461 5396/5396/5396 5397/5397/5397 
f 5385/5385/5385 5386/5386/5386 5387/5387/5387 
f 5420/5420/5420 5386/5386/5386 5385/5385/5385 
f 5428/5428/5428 5420/5420/5420 5385/5385/5385 
f 5386/5386/5386 5407/5407/5407 5387/5387/5387 
f 5407/5407/5407 5386/5386/5386 5437/5437/5437 
f 5540/5540/5540 5407/5407/5407 5437/5437/5437 
f 5401/5401/5401 5387/5387/5387 5407/5407/5407 
f 5401/5401/5401 5385/5385/5385 5387/5387/5387 
f 5407/5407/5407 5540/5540/5540 5510/5510/5510 
f 5510/5510/5510 5401/5401/5401 5407/5407/5407 
f 5430/5430/5430 5428/5428/5428 5385/5385/5385 
f 5385/5385/5385 5401/5401/5401 5430/5430/5430 
f 5483/5483/5483 5428/5428/5428 5430/5430/5430 
f 5483/5483/5483 5430/5430/5430 5401/5401/5401 
f 5428/5428/5428 5483/5483/5483 5499/5499/5499 
f 5483/5483/5483 5498/5498/5498 5499/5499/5499 
f 5401/5401/5401 5495/5495/5495 5483/5483/5483 
f 5498/5498/5498 5483/5483/5483 5495/5495/5495 
f 5523/5523/5523 5401/5401/5401 5510/5510/5510 
f 5401/5401/5401 5523/5523/5523 5495/5495/5495 
f 5523/5523/5523 5498/5498/5498 5495/5495/5495 
f 5523/5523/5523 5510/5510/5510 5540/5540/5540 
f 5498/5498/5498 5523/5523/5523 5546/5546/5546 
f 5523/5523/5523 5540/5540/5540 5546/5546/5546 
f 5458/5458/5458 5459/5459/5459 5460/5460/5460 
f 5459/5459/5459 5507/5507/5507 5460/5460/5460 
f 5459/5459/5459 5458/5458/5458 5464/5464/5464 
f 5467/5467/5467 5464/5464/5464 5458/5458/5458 
f 5507/5507/5507 5459/5459/5459 5508/5508/5508 
f 5508/5508/5508 5511/5511/5511 5507/5507/5507 
f 5479/5479/5479 5459/5459/5459 5464/5464/5464 
f 5459/5459/5459 5479/5479/5479 5508/5508/5508 
f 5464/5464/5464 5467/5467/5467 5474/5474/5474 
f 5474/5474/5474 5479/5479/5479 5464/5464/5464 
f 5476/5476/5476 5474/5474/5474 5467/5467/5467 
f 5511/5511/5511 5508/5508/5508 5527/5527/5527 
f 5479/5479/5479 5527/5527/5527 5508/5508/5508 
f 5527/5527/5527 5530/5530/5530 5511/5511/5511 
f 5479/5479/5479 5474/5474/5474 5478/5478/5478 
f 5476/5476/5476 5478/5478/5478 5474/5474/5474 
f 5527/5527/5527 5479/5479/5479 5526/5526/5526 
f 5530/5530/5530 5527/5527/5527 5526/5526/5526 
f 5478/5478/5478 5520/5520/5520 5479/5479/5479 
f 5476/5476/5476 5520/5520/5520 5478/5478/5478 
f 5526/5526/5526 5479/5479/5479 5520/5520/5520 
f 5520/5520/5520 5530/5530/5530 5526/5526/5526 
f 5520/5520/5520 5476/5476/5476 5521/5521/5521 
f 5530/5530/5530 5520/5520/5520 5521/5521/5521 
f 5292/5292/5292 5293/5293/5293 5294/5294/5294 
f 5293/5293/5293 5292/5292/5292 5329/5329/5329 
f 5323/5323/5323 5292/5292/5292 5294/5294/5294 
f 5294/5294/5294 5374/5374/5374 5323/5323/5323 
f 5374/5374/5374 5294/5294/5294 5410/5410/5410 
f 5431/5431/5431 5374/5374/5374 5410/5410/5410 
f 5321/5321/5321 5323/5323/5323 5374/5374/5374 
f 5321/5321/5321 5292/5292/5292 5323/5323/5323 
f 5374/5374/5374 5431/5431/5431 5400/5400/5400 
f 5400/5400/5400 5321/5321/5321 5374/5374/5374 
f 5482/5482/5482 5400/5400/5400 5431/5431/5431 
f 5482/5482/5482 5321/5321/5321 5400/5400/5400 
f 5486/5486/5486 5482/5482/5482 5431/5431/5431 
f 5357/5357/5357 5482/5482/5482 5486/5486/5486 
f 5321/5321/5321 5482/5482/5482 5358/5358/5358 
f 5482/5482/5482 5357/5357/5357 5358/5358/5358 
f 5292/5292/5292 5321/5321/5321 5322/5322/5322 
f 5358/5358/5358 5322/5322/5322 5321/5321/5321 
f 5322/5322/5322 5329/5329/5329 5292/5292/5292 
f 5357/5357/5357 5348/5348/5348 5358/5358/5358 
f 5322/5322/5322 5358/5358/5358 5348/5348/5348 
f 5348/5348/5348 5329/5329/5329 5322/5322/5322 
f 5348/5348/5348 5357/5357/5357 5353/5353/5353 
f 5329/5329/5329 5348/5348/5348 5353/5353/5353 
f 5295/5295/5295 5296/5296/5296 5297/5297/5297 
f 5296/5296/5296 5317/5317/5317 5297/5297/5297 
f 5296/5296/5296 5295/5295/5295 5310/5310/5310 
f 5317/5317/5317 5296/5296/5296 5318/5318/5318 
f 5295/5295/5295 5448/5448/5448 5310/5310/5310 
f 5295/5295/5295 5449/5449/5449 5448/5448/5448 
f 5449/5449/5449 5470/5470/5470 5448/5448/5448 
f 5315/5315/5315 5296/5296/5296 5310/5310/5310 
f 5296/5296/5296 5315/5315/5315 5318/5318/5318 
f 5448/5448/5448 5315/5315/5315 5310/5310/5310 
f 5448/5448/5448 5470/5470/5470 5473/5473/5473 
f 5315/5315/5315 5448/5448/5448 5473/5473/5473 
f 5470/5470/5470 5469/5469/5469 5473/5473/5473 
f 5315/5315/5315 5473/5473/5473 5469/5469/5469 
f 5469/5469/5469 5470/5470/5470 5471/5471/5471 
f 5457/5457/5457 5469/5469/5469 5471/5471/5471 
f 5315/5315/5315 5469/5469/5469 5462/5462/5462 
f 5469/5469/5469 5457/5457/5457 5462/5462/5462 
f 5325/5325/5325 5315/5315/5315 5462/5462/5462 
f 5462/5462/5462 5457/5457/5457 5325/5325/5325 
f 5315/5315/5315 5325/5325/5325 5318/5318/5318 
f 5317/5317/5317 5318/5318/5318 5325/5325/5325 
f 5457/5457/5457 5389/5389/5389 5325/5325/5325 
f 5389/5389/5389 5317/5317/5317 5325/5325/5325 
f 5271/5271/5271 5272/5272/5272 5273/5273/5273 
f 5273/5273/5273 5272/5272/5272 5287/5287/5287 
f 5273/5273/5273 5276/5276/5276 5271/5271/5271 
f 5288/5288/5288 5273/5273/5273 5287/5287/5287 
f 5279/5279/5279 5271/5271/5271 5276/5276/5276 
f 5271/5271/5271 5279/5279/5279 5280/5280/5280 
f 5273/5273/5273 5281/5281/5281 5276/5276/5276 
f 5279/5279/5279 5276/5276/5276 5281/5281/5281 
f 5281/5281/5281 5273/5273/5273 5288/5288/5288 
f 5279/5279/5279 5328/5328/5328 5280/5280/5280 
f 5328/5328/5328 5279/5279/5279 5281/5281/5281 
f 5330/5330/5330 5280/5280/5280 5328/5328/5328 
f 5328/5328/5328 5336/5336/5336 5330/5330/5330 
f 5287/5287/5287 5291/5291/5291 5288/5288/5288 
f 5281/5281/5281 5288/5288/5288 5291/5291/5291 
f 5291/5291/5291 5287/5287/5287 5340/5340/5340 
f 5336/5336/5336 5328/5328/5328 5342/5342/5342 
f 5281/5281/5281 5342/5342/5342 5328/5328/5328 
f 5346/5346/5346 5336/5336/5336 5342/5342/5342 
f 5347/5347/5347 5281/5281/5281 5291/5291/5291 
f 5340/5340/5340 5347/5347/5347 5291/5291/5291 
f 5342/5342/5342 5281/5281/5281 5347/5347/5347 
f 5340/5340/5340 5346/5346/5346 5347/5347/5347 
f 5346/5346/5346 5342/5342/5342 5347/5347/5347 

g Player14

v 1.27199 103.256 -0.287988 
v 1.09979 103.344 -0.110972 
v 1.1137 103.341 -0.288221 
v 1.03469 103.591 -0.230838 
v 1.18947 103.464 -0.42125 
v 1.14745 103.676 -0.401493 
v 1.3186 103.413 -0.492464 
v 1.30709 103.695 -0.418633 
v 1.05192 103.532 -0.0897678 
v 1.24901 103.479 -0.175512 
v 1.15749 103.364 -0.106032 
v 1.02133 103.501 -0.0469952 
v 1.20613 103.261 -0.041749 
v 1.32728 103.34 -0.0952535 
v 1.20613 103.261 -0.041749 
v 1.27199 103.256 -0.287988 
v 1.26784 103.262 -0.102142 
v 1.19893 103.721 -0.228402 
v 1.14539 103.837 -0.269722 
v 1.29618 103.592 -0.459955 
v 1.15506 103.734 -0.277808 
v 1.21962 103.817 -0.425069 
v 1.23971 103.542 -0.376584 
v 1.23971 103.542 -0.376584 
v 1.3861 103.76 -0.153893 
v 1.15506 103.734 -0.277808 
v 1.05508 103.836 -0.160267 
v 1.05754 103.701 -0.0745169 
v 1.08456 103.978 -0.25273 
v 0.829135 103.713 -0.0264652 
v 1.42626 103.776 0.0568265 
v 1.24901 103.479 -0.175512 
v 1.19893 103.721 -0.228402 
v 1.34267 103.428 -0.488508 
v 1.41806 103.326 -0.476905 
v 1.30625 103.363 -0.454298 
v 1.40298 103.455 -0.375985 
v 1.3186 103.413 -0.492464 
v 1.40125 103.555 -0.297977 
v 1.30625 103.363 -0.454298 
v 1.40606 103.326 -0.410444 
v 1.41806 103.326 -0.476905 
v 1.42755 103.417 -0.516526 
v 1.41103 103.334 -0.245992 
v 1.37187 103.286 -0.136735 
v 1.4323 103.573 -0.178084 
v 1.39982 103.733 -0.0696912 
v 1.40029 103.39 -0.323815 
v 1.43393 103.268 -0.14355 
v 1.41398 103.631 -0.497535 
v 1.30709 103.695 -0.418633 
v 1.36787 103.889 -0.492505 
v 1.44654 103.69 -0.451975 
v 1.33897 103.71 -0.330782 
v 1.42993 103.657 -0.328687 
v 1.35969 103.822 -0.226825 
v 1.35418 103.817 -0.123366 
v 1.28583 103.691 -0.0611669 
v 1.33527 103.493 -0.0406704 
v 1.1599 103.469 0.00971016 
v 1.17086 103.292 0.0259519 
v 1.28903 103.175 -0.0329241 
v 1.1599 103.469 0.00971016 
v 1.07097 103.432 0.103077 
v 0.861409 103.581 0.23192 
v 1.19767 103.432 0.271428 
v 1.05433 103.578 0.44411 
v 1.26795 103.28 0.158471 
v 0.730478 103.921 0.0400374 
v 1.15047 103.733 -0.0459165 
v 1.15047 103.733 -0.0459165 
v 0.767084 103.787 0.326075 
v 0.966467 103.795 0.564461 
v 1.34244 103.724 0.515722 
v 1.34205 103.727 0.183494 
v 1.24679 103.617 0.377359 
v 1.18733 103.838 0.299745 
v 1.33806 103.192 0.0745274 
v 1.44577 103.176 -0.036282 
v 1.50343 103.53 0.0302333 
v 1.37187 103.286 -0.136735 
v 1.36643 103.41 -0.0595433 
v 1.44173 103.23 0.155279 
v 1.28526 103.454 0.11798 
v 1.43026 103.348 0.227203 
v 1.38221 103.539 0.3418 
v 1.46536 103.183 0.0963582 
v 1.43346 103.617 0.399638 
v 1.3754 103.755 -0.144281 
v 1.32082 103.709 0.317812 
v 1.27456 103.934 0.109678 
v 1.40549 103.449 0.188724 
v 1.24679 103.617 0.377359 
v 1.48835 103.606 0.37148 
v 1.37728 103.674 0.517812 
v 1.40549 103.449 0.188724 
v 1.34244 103.724 0.515722 
v 1.38221 103.539 0.3418 
v 1.27786 104.002 0.662378 
v 1.05583 103.913 -0.185427 
v 1.19501 103.908 -0.120935 
v 1.12342 104.04 -0.364556 
v 1.32379 103.979 0.00012356 
v 1.05583 103.913 -0.185427 
v 1.25879 103.92 -0.237716 
v 1.08456 103.978 -0.25273 
v 0.940198 104.182 -0.192874 
v 1.19501 103.908 -0.120935 
v 1.04383 104.136 -0.101766 
v 1.09421 104.209 -0.230539 
v 1.04383 104.136 -0.101766 
v 1.19654 104.375 -0.064066 
v 1.19292 104.377 -0.239241 
v 1.27829 104.164 -0.427142 
v 1.37891 104.331 0.156283 
v 0.940198 104.182 -0.192874 
v 0.761296 104.121 0.120067 
v 0.868343 104.365 -0.0313737 
v 0.868343 104.365 -0.0313737 
v 1.2392 104.268 0.0558372 
v 1.19654 104.375 -0.064066 
v 1.25879 103.92 -0.237716 
v 1.44238 104.242 -0.380242 
v 1.405 104.032 -0.235979 
v 1.47522 104.11 -0.317776 
v 1.41421 104.051 0.0931315 
v 1.46374 104.175 -0.064498 
v 1.32588 104.443 -0.209253 
v 1.46306 104.488 -0.13506 
v 1.40692 104.16 -0.334521 
v 1.32594 104.468 -0.135038 
v 1.5438 104.23 -0.238558 
v 1.37512 104.508 -0.0653339 
v 1.32594 104.468 -0.135038 
v 1.40692 104.16 -0.334521 
v 1.36097 104.115 0.00816043 
v 1.37512 104.508 -0.0653339 
v 1.36976 104.593 0.138782 
v 1.5438 104.23 -0.238558 
v 1.51428 104.617 0.0497681 
v 1.36976 104.593 0.138782 
v 0.781994 104.067 0.381446 
v 1.00661 104.372 0.331658 
v 0.963736 104.025 0.562642 
v 1.15913 104.063 0.628832 
v 1.13149 104.121 0.515511 
v 1.24958 104.278 0.344394 
v 1.29074 103.968 0.648683 
v 1.18605 104.226 0.646641 
v 1.15913 104.063 0.628832 
v 1.00661 104.372 0.331658 
v 1.29074 103.968 0.648683 
v 1.11389 104.457 0.602687 
v 1.18605 104.226 0.646641 
v 1.16158 104.448 0.763707 
v 1.23889 104.646 0.624487 
v 1.32292 104.301 0.794392 
v 1.16158 104.448 0.763707 
v 1.27768 104.695 0.768247 
v 1.38148 104.666 0.468364 
v 1.29593 104.092 0.388987 
v 1.45492 104.047 0.165422 
v 1.38607 104.393 0.126726 
v 1.45496 104.105 0.501151 
v 1.52818 104.068 0.66168 
v 1.38179 104.366 0.335072 
v 1.53353 104.432 0.336116 
v 1.48367 104.55 0.318892 
v 1.40215 104.533 0.78904 
v 1.27768 104.695 0.768247 
v 1.53098 104.729 0.628715 
v 1.53098 104.729 0.628715 
v 1.52736 103.379 -0.472673 
v 1.48218 103.281 -0.436493 
v 1.50314 103.444 -0.502168 
v 1.52736 103.379 -0.472673 
v 1.5284 103.652 -0.484988 
v 1.57525 103.644 -0.418599 
v 1.57136 103.109 -0.207303 
v 1.58302 103.677 -0.180397 
v 1.48862 103.174 -0.0865311 
v 1.51919 103.929 -0.473438 
v 1.60104 104.002 -0.324801 
v 1.44654 103.69 -0.451975 
v 1.47522 104.11 -0.317776 
v 1.59665 103.915 -0.365787 
v 1.45339 104.187 -0.0372934 
v 1.6501 103.922 -0.236058 
v 1.60854 103.373 -0.391105 
v 1.48218 103.281 -0.436493 
v 1.57525 103.644 -0.418599 
v 1.57136 103.109 -0.207303 
v 1.61844 103.681 -0.423487 
v 1.75054 103.688 -0.235535 
v 1.7107 103.25 -0.243711 
v 1.73853 103.361 -0.056258 
v 1.59665 103.915 -0.365787 
v 1.62223 104.086 -0.332537 
v 1.53941 103.901 -0.391062 
v 1.53941 103.901 -0.391062 
v 1.6501 103.922 -0.236058 
v 1.7027 104.137 -0.185899 
v 1.72902 104.111 -0.232241 
v 1.64541 104.286 -0.103876 
v 1.74231 104.056 -0.0225605 
v 1.6907 104.11 0.0126563 
v 1.54489 103.381 0.0391916 
v 1.44577 103.176 -0.036282 
v 1.46536 103.183 0.0963582 
v 1.63868 103.346 0.00710244 
v 1.44173 103.23 0.155279 
v 1.48862 103.174 -0.0865311 
v 1.58302 103.677 -0.180397 
v 1.43026 103.348 0.227203 
v 1.63682 103.337 0.195127 
v 1.43346 103.617 0.399638 
v 1.57834 103.631 0.364808 
v 1.54836 103.745 0.149938 
v 1.61619 103.898 0.242367 
v 1.56087 104.09 0.09442 
v 1.6907 104.11 0.0126563 
v 1.61619 103.898 0.242367 
v 1.6638 103.887 0.449646 
v 1.64601 104.012 0.442928 
v 1.45496 104.105 0.501151 
v 1.66245 103.237 0.0492315 
v 1.66245 103.237 0.0492315 
v 1.75863 103.705 -0.0461263 
v 1.70382 103.731 0.146748 
v 1.79497 103.706 -0.00612335 
v 1.70382 103.731 0.146748 
v 1.76343 103.848 0.211075 
v 1.74941 104.157 0.00117043 
v 1.64541 104.286 -0.103876 
v 1.68088 104.215 0.0945833 
v 1.68088 104.215 0.0945833 
v 1.69672 104.317 0.541789 
v 1.76782 104.38 0.201674 
v 1.57901 104.313 -0.0979237 
v 1.56056 104.301 -0.293908 
v 1.61294 104.354 0.237245 
v 1.59626 104.551 0.165474 
v 1.46053 104.473 0.230442 
v 1.55572 104.327 0.245763 
v 1.45518 104.39 0.285586 
v 1.49469 104.4 0.406558 
v 1.52081 104.431 0.157431 
v 1.56457 104.559 0.18331 
v 1.50252 104.664 0.248711 
v 1.65889 104.4 -0.105436 
v 1.50252 104.664 0.248711 
v 1.5902 104.477 0.22037 
v 1.52081 104.431 0.157431 
v 1.48367 104.55 0.318892 
v 1.41888 104.571 0.411322 
v 1.42949 104.634 0.301928 
v 1.50848 104.486 0.432276 
v 1.61294 104.354 0.237245 
v 1.55747 104.771 0.408347 
v 1.58859 104.647 0.276131 
v 1.57901 104.313 -0.0979237 
v 1.72088 104.213 -0.0364837 
v 1.68274 104.427 0.111435 
v 1.59626 104.551 0.165474 
v 1.55572 104.327 0.245763 
v 1.64268 104.385 0.288051 
v 1.63828 104.566 0.408647 
v 1.65273 104.334 0.38109 
v 1.46312 104.508 0.520048 
v 1.57705 104.344 0.416206 
v 1.55463 104.473 0.571258 
v 1.46711 104.642 0.583518 
v 1.60943 104.515 0.726226 
v 1.51919 104.65 0.645674 
v 1.43742 104.751 0.53639 
v 1.44821 104.766 0.422394 
v 1.49726 104.85 0.420628 
v 1.49726 104.85 0.420628 
v 1.50144 104.81 0.574206 
v 1.58122 104.632 0.590617 
v 1.50144 104.81 0.574206 
v 1.51919 104.65 0.645674 
v 1.57903 104.748 0.529911 
v 1.50848 104.486 0.432276 
v 1.57705 104.344 0.416206 
v 1.6292 104.388 0.417632 
v 1.71323 104.485 0.426344 
v 1.71323 104.485 0.426344 
v 1.63312 104.486 0.541831 
v 1.55463 104.473 0.571258 

vn 0.0708661 -0.937008 -0.338583 
vn -0.779528 -0.590551 0.204724 
vn -0.748031 -0.519685 -0.409449 
vn -0.952756 -0.00787402 -0.307087 
vn -0.551181 -0.19685 -0.811024 
vn -0.566929 0.251969 -0.787402 
vn 0.212598 -0.283465 -0.937008 
vn 0.251969 0.409449 -0.874016 
vn -0.629921 -0.448819 -0.637795 
vn 0.133858 -0.110236 -0.984252 
vn -0.622047 -0.456693 -0.637795 
vn -0.850394 -0.11811 0.511811 
vn -0.0472441 -0.740157 0.669291 
vn 0.653543 -0.480315 0.582677 
vn -0.0472441 -0.740157 0.669291 
vn 0.0708661 -0.937008 -0.338583 
vn -0.377953 -0.566929 -0.732283 
vn 0.212598 -0.0472441 -0.976378 
vn -0.543307 0.614173 -0.574803 
vn -0.590551 -0.0393701 -0.80315 
vn -0.834646 -0.527559 0.141732 
vn -0.645669 -0.0787402 -0.76378 
vn -0.889764 -0.440945 0.102362 
vn -0.889764 -0.440945 0.102362 
vn 0.314961 -0.456693 0.834646 
vn -0.834646 -0.527559 0.141732 
vn -0.834646 0.535433 0.0944882 
vn -0.748031 0.259843 0.606299 
vn 0.0787402 0.0787402 -0.992126 
vn -0.748031 -0.401575 -0.535433 
vn 0.952756 0.141732 -0.267717 
vn 0.133858 -0.110236 -0.984252 
vn 0.212598 -0.0472441 -0.976378 
vn -0.480315 -0.110236 -0.874016 
vn 0.023622 -0.80315 -0.590551 
vn -0.795276 -0.582677 -0.15748 
vn 0.858268 -0.188976 -0.472441 
vn 0.212598 -0.283465 -0.937008 
vn 0.204724 -0.464567 0.866142 
vn -0.795276 -0.582677 -0.15748 
vn 0.0787402 -0.779528 0.622047 
vn 0.023622 -0.80315 -0.590551 
vn -0.0472441 -0.165354 -0.984252 
vn 0.866142 -0.496063 0.0314961 
vn 0.322835 -0.244094 -0.913386 
vn 0.944882 0.0314961 0.322835 
vn -0.92126 -0.023622 0.393701 
vn -0.937008 -0.267717 -0.212598 
vn -0.850394 -0.425197 0.299213 
vn -0.110236 0.0472441 -0.992126 
vn 0.251969 0.409449 -0.874016 
vn -0.141732 0.102362 -0.984252 
vn -0.354331 0.102362 -0.929134 
vn -0.968504 0.0472441 -0.251969 
vn 0.905512 0.251969 -0.346457 
vn 0.80315 0.582677 -0.11811 
vn 0.685039 0.464567 0.566929 
vn 0.393701 0.228346 0.889764 
vn 0.582677 -0.0393701 0.811024 
vn -0.11811 -0.110236 0.984252 
vn -0.740157 -0.669291 0.0472441 
vn -0.385827 -0.889764 -0.251969 
vn -0.11811 -0.110236 0.984252 
vn -0.685039 -0.724409 0.0787402 
vn -0.740157 -0.661417 0.141732 
vn -0.228346 -0.732283 0.637795 
vn -0.251969 -0.677165 0.685039 
vn -0.362205 -0.692913 0.622047 
vn -0.937008 -0.0866142 -0.330709 
vn -0.125984 0.322835 0.937008 
vn -0.125984 0.322835 0.937008 
vn -0.897638 -0.267717 0.346457 
vn -0.440945 -0.314961 0.84252 
vn 0.677165 -0.322835 0.661417 
vn -0.370079 -0.102362 -0.92126 
vn -0.755906 -0.637795 0.165354 
vn -0.874016 -0.0866142 -0.472441 
vn -0.244094 -0.866142 0.440945 
vn 0.653543 -0.622047 -0.425197 
vn 0.968504 0.110236 -0.220472 
vn 0.322835 -0.244094 -0.913386 
vn -0.755906 -0.275591 -0.590551 
vn -0.307087 -0.84252 0.448819 
vn -0.952756 -0.291339 0.0866142 
vn 0.629921 -0.362205 0.685039 
vn 0.700787 -0.322835 0.637795 
vn 0.653543 -0.629921 0.409449 
vn -0.267717 -0.362205 0.897638 
vn -0.622047 0.0472441 -0.779528 
vn -0.84252 -0.181102 0.503937 
vn -0.976378 0.102362 -0.204724 
vn 0.0629921 -0.811024 -0.582677 
vn -0.755906 -0.637795 0.165354 
vn 0.614173 -0.700787 0.370079 
vn 0.015748 -0.614173 0.787402 
vn 0.0629921 -0.811024 -0.582677 
vn 0.677165 -0.322835 0.661417 
vn 0.700787 -0.322835 0.637795 
vn -0.23622 -0.425197 0.874016 
vn -0.913386 -0.346457 0.220472 
vn -0.0787402 0.834646 0.543307 
vn -0.755906 0.0787402 -0.653543 
vn 0.220472 -0.314961 0.92126 
vn -0.913386 -0.346457 0.220472 
vn 0.204724 0.913386 -0.346457 
vn 0.0787402 0.0787402 -0.992126 
vn -0.330709 0.393701 -0.858268 
vn -0.0787402 0.834646 0.543307 
vn -0.92126 0.0629921 0.385827 
vn -0.866142 0.354331 -0.346457 
vn -0.92126 0.0629921 0.385827 
vn -0.692913 0.637795 0.338583 
vn -0.590551 0.669291 -0.448819 
vn -0.275591 0.354331 -0.897638 
vn 0.779528 0.606299 -0.165354 
vn -0.330709 0.393701 -0.858268 
vn -0.952756 0.307087 -0.0314961 
vn -0.566929 0.755906 -0.330709 
vn -0.566929 0.755906 -0.330709 
vn -0.102362 0.141732 0.984252 
vn -0.692913 0.637795 0.338583 
vn 0.204724 0.913386 -0.346457 
vn 0.385827 0.527559 -0.755906 
vn -0.929134 0.322835 -0.181102 
vn -0.322835 0.566929 -0.76378 
vn 0.929134 0.212598 -0.291339 
vn -0.519685 0.322835 -0.787402 
vn 0.015748 0.866142 -0.496063 
vn 0.023622 0.748031 -0.669291 
vn -0.661417 -0.0708661 -0.748031 
vn -0.818898 0.393701 -0.417323 
vn 0.944882 0.299213 0.11811 
vn 0.401575 0.787402 0.472441 
vn -0.818898 0.393701 -0.417323 
vn -0.661417 -0.0708661 -0.748031 
vn -0.740157 -0.527559 0.417323 
vn 0.401575 0.787402 0.472441 
vn -0.748031 0.535433 0.385827 
vn 0.944882 0.299213 0.11811 
vn 0.291339 0.929134 -0.228346 
vn -0.748031 0.535433 0.385827 
vn -0.850394 0.251969 0.456693 
vn -0.244094 0.913386 0.338583 
vn -0.559055 0.15748 0.811024 
vn -0.787402 -0.299213 0.535433 
vn -0.992126 -0.0472441 -0.125984 
vn -0.614173 0.291339 -0.732283 
vn 0.456693 0.0472441 0.889764 
vn 0.023622 0.535433 0.84252 
vn -0.787402 -0.299213 0.535433 
vn -0.244094 0.913386 0.338583 
vn 0.456693 0.0472441 0.889764 
vn -0.952756 0.259843 -0.149606 
vn 0.023622 0.535433 0.84252 
vn -0.708661 0.0866142 0.692913 
vn -0.692913 0.685039 -0.228346 
vn -0.0393701 -0.204724 0.976378 
vn -0.708661 0.0866142 0.692913 
vn -0.338583 0.661417 0.669291 
vn -0.23622 0.708661 -0.661417 
vn -0.88189 0.0944882 0.464567 
vn -0.00787402 0.181102 -0.984252 
vn -0.771654 0.527559 -0.354331 
vn -0.188976 0.0393701 0.984252 
vn 0.464567 -0.322835 0.826772 
vn -0.834646 0.464567 0.291339 
vn 0.165354 0.440945 -0.88189 
vn -0.102362 0.299213 0.944882 
vn 0.204724 0.133858 0.968504 
vn -0.338583 0.661417 0.669291 
vn 0.488189 0.858268 0.165354 
vn 0.488189 0.858268 0.165354 
vn 0.84252 -0.511811 -0.15748 
vn -0.291339 -0.472441 -0.826772 
vn 0.448819 -0.0944882 -0.889764 
vn 0.84252 -0.511811 -0.15748 
vn 0.519685 0.0393701 -0.850394 
vn 0.984252 -0.173228 0.0472441 
vn -0.023622 -0.992126 -0.0866142 
vn 0.228346 -0.0787402 -0.968504 
vn -0.0314961 -0.779528 -0.622047 
vn 0.503937 0.19685 -0.84252 
vn 0.480315 0.338583 -0.811024 
vn -0.354331 0.102362 -0.929134 
vn -0.322835 0.566929 -0.76378 
vn 1 0.015748 0 
vn -0.826772 0.440945 0.338583 
vn 0.472441 -0.866142 -0.141732 
vn 0.559055 -0.220472 -0.795276 
vn -0.291339 -0.472441 -0.826772 
vn 0.984252 -0.173228 0.0472441 
vn -0.023622 -0.992126 -0.0866142 
vn 0.527559 0.0866142 -0.850394 
vn 0.913386 0.0314961 -0.401575 
vn 0.84252 -0.409449 -0.354331 
vn 0.944882 -0.291339 0.165354 
vn 1 0.015748 0 
vn 0.543307 0.102362 -0.834646 
vn -0.133858 -0.551181 -0.826772 
vn -0.133858 -0.551181 -0.826772 
vn 0.472441 -0.866142 -0.141732 
vn 0.779528 0.425197 -0.456693 
vn 0.937008 0 -0.338583 
vn 0.267717 0.433071 -0.866142 
vn 0.968504 0.251969 0.0866142 
vn 0.629921 -0.551181 0.551181 
vn -0.551181 -0.314961 0.771654 
vn 0.653543 -0.622047 -0.425197 
vn 0.653543 -0.629921 0.409449 
vn 0.834646 -0.488189 -0.244094 
vn -0.307087 -0.84252 0.448819 
vn -0.0314961 -0.779528 -0.622047 
vn 0.228346 -0.0787402 -0.968504 
vn 0.629921 -0.362205 0.685039 
vn 0.685039 -0.535433 0.496063 
vn -0.267717 -0.362205 0.897638 
vn 0.464567 -0.322835 0.826772 
vn -0.472441 -0.0393701 0.88189 
vn 0.76378 -0.133858 -0.629921 
vn -0.464567 0.267717 0.84252 
vn 0.629921 -0.551181 0.551181 
vn 0.76378 -0.133858 -0.629921 
vn 0.897638 -0.346457 0.275591 
vn 0.598425 -0.0708661 0.80315 
vn -0.188976 0.0393701 0.984252 
vn 0.299213 -0.606299 0.732283 
vn 0.299213 -0.606299 0.732283 
vn 0.905512 -0.141732 -0.401575 
vn 0.472441 -0.0472441 0.88189 
vn 0.984252 -0.015748 0.173228 
vn 0.472441 -0.0472441 0.88189 
vn 0.952756 -0.11811 0.283465 
vn 0.889764 0.15748 -0.433071 
vn 0.267717 0.433071 -0.866142 
vn 0.433071 0.566929 0.692913 
vn 0.433071 0.566929 0.692913 
vn 0.952756 -0.0393701 0.291339 
vn 0.929134 0.362205 0.0944882 
vn 0.00787402 0.992126 -0.0944882 
vn 0.275591 0.480315 -0.834646 
vn 0.370079 -0.19685 0.905512 
vn 0.181102 0.96063 -0.220472 
vn -0.84252 -0.0944882 -0.535433 
vn 0.0787402 -0.858268 -0.511811 
vn -0.850394 -0.519685 -0.125984 
vn -0.700787 -0.645669 0.314961 
vn -0.102362 -0.165354 -0.984252 
vn 0.629921 0.708661 0.322835 
vn -0.149606 0.511811 -0.850394 
vn 0.76378 0.527559 -0.377953 
vn -0.149606 0.511811 -0.850394 
vn 0.724409 0.0866142 -0.685039 
vn -0.102362 -0.165354 -0.984252 
vn -0.102362 0.299213 0.944882 
vn -0.992126 -0.110236 0.0866142 
vn -0.897638 0.204724 -0.393701 
vn -0.0944882 0.661417 0.748031 
vn 0.370079 -0.19685 0.905512 
vn 0.771654 0.582677 -0.251969 
vn 0.740157 0.409449 -0.535433 
vn 0.00787402 0.992126 -0.0944882 
vn 0.992126 -0.00787402 0.11811 
vn 0.929134 0.299213 0.220472 
vn 0.181102 0.96063 -0.220472 
vn 0.0787402 -0.858268 -0.511811 
vn 0.905512 -0.322835 -0.275591 
vn 0.984252 0.173228 -0.0393701 
vn 0.685039 0.275591 0.677165 
vn -0.787402 -0.401575 0.464567 
vn 0.0393701 -0.929134 0.377953 
vn -0.023622 -0.551181 0.834646 
vn -0.795276 -0.102362 0.598425 
vn 0.677165 0.141732 0.716535 
vn -0.0472441 0.0314961 1 
vn -0.913386 0.259843 0.322835 
vn -0.889764 0.417323 -0.181102 
vn -0.102362 0.96063 -0.267717 
vn -0.102362 0.96063 -0.267717 
vn -0.0787402 0.732283 0.677165 
vn 0.771654 0.110236 0.629921 
vn -0.0787402 0.732283 0.677165 
vn -0.0472441 0.0314961 1 
vn 0.858268 0.440945 0.267717 
vn -0.0944882 0.661417 0.748031 
vn 0.0393701 -0.929134 0.377953 
vn 0.834646 -0.488189 0.244094 
vn 0.84252 0.377953 -0.377953 
vn 0.84252 0.377953 -0.377953 
vn 0.826772 -0.228346 0.511811 
vn -0.023622 -0.551181 0.834646 

vt 0.993569 0.995918 
vt 0.99347 0.996098 
vt 0.993557 0.996067 
vt 0.993548 0.996241 
vt 0.993646 0.996101 
vt 0.993647 0.996255 
vt 0.993712 0.996029 
vt 0.993723 0.99628 
vt 0.991771 0.992552 
vt 0.991881 0.992533 
vt 0.991826 0.99244 
vt 0.993461 0.996221 
vt 0.993422 0.99601 
vt 0.991503 0.996241 
vt 0.99157 0.996283 
vt 0.991513 0.996032 
vt 0.991869 0.992347 
vt 0.991841 0.992738 
vt 0.993606 0.996398 
vt 0.994584 0.995002 
vt 0.994459 0.995115 
vt 0.994545 0.99516 
vt 0.994532 0.994969 
vt 0.993226 0.995896 
vt 0.99309 0.995765 
vt 0.993133 0.995982 
vt 0.993541 0.996403 
vt 0.993487 0.996349 
vt 0.991755 0.992932 
vt 0.991659 0.992657 
vt 0.995186 0.992801 
vt 0.995056 0.992557 
vt 0.994999 0.992725 
vt 0.994612 0.994889 
vt 0.994651 0.994813 
vt 0.994589 0.994841 
vt 0.991389 0.996054 
vt 0.991372 0.995928 
vt 0.993193 0.995743 
vt 0.993306 0.995822 
vt 0.993295 0.995734 
vt 0.993325 0.995718 
vt 0.994657 0.994883 
vt 0.991456 0.996125 
vt 0.991925 0.992331 
vt 0.991395 0.996238 
vt 0.996261 0.988241 
vt 0.996333 0.987952 
vt 0.996233 0.987938 
vt 0.99465 0.995026 
vt 0.991267 0.996096 
vt 0.994629 0.995195 
vt 0.996455 0.988099 
vt 0.996381 0.988154 
vt 0.991332 0.996159 
vt 0.991302 0.996299 
vt 0.991334 0.996363 
vt 0.991393 0.996413 
vt 0.991461 0.99633 
vt 0.993394 0.996199 
vt 0.99179 0.992322 
vt 0.991855 0.992263 
vt 0.991516 0.996446 
vt 0.99172 0.99237 
vt 0.991605 0.992458 
vt 0.991666 0.992192 
vt 0.99155 0.99225 
vt 0.99176 0.99218 
vt 0.991572 0.992724 
vt 0.993453 0.996423 
vt 0.991394 0.996534 
vt 0.991522 0.992519 
vt 0.991449 0.992325 
vt 0.991477 0.992014 
vt 0.995926 0.992854 
vt 0.995805 0.992788 
vt 0.995839 0.992951 
vt 0.991826 0.992171 
vt 0.991908 0.992169 
vt 0.995214 0.992635 
vt 0.995141 0.992432 
vt 0.994734 0.993563 
vt 0.994602 0.993466 
vt 0.994652 0.99365 
vt 0.991742 0.992017 
vt 0.991624 0.992004 
vt 0.991851 0.992067 
vt 0.994502 0.993823 
vt 0.994812 0.993759 
vt 0.994583 0.993863 
vt 0.994713 0.993941 
vt 0.995943 0.992656 
vt 0.995151 0.994597 
vt 0.995025 0.994668 
vt 0.995106 0.994749 
vt 0.995013 0.994463 
vt 0.995412 0.992971 
vt 0.995362 0.992771 
vt 0.995195 0.994978 
vt 0.994402 0.995289 
vt 0.993548 0.996524 
vt 0.994503 0.995318 
vt 0.992983 0.995818 
vt 0.99304 0.996075 
vt 0.993632 0.996503 
vt 0.994935 0.992927 
vt 0.991625 0.993016 
vt 0.991292 0.996491 
vt 0.99293 0.996078 
vt 0.994473 0.99547 
vt 0.994401 0.995486 
vt 0.994485 0.995687 
vt 0.994532 0.995563 
vt 0.994589 0.995378 
vt 0.99516 0.993149 
vt 0.994905 0.993146 
vt 0.991493 0.99278 
vt 0.99148 0.992996 
vt 0.994949 0.993349 
vt 0.992877 0.995868 
vt 0.992816 0.995915 
vt 0.991253 0.996366 
vt 0.994662 0.995453 
vt 0.996375 0.988396 
vt 0.996429 0.988451 
vt 0.99517 0.992974 
vt 0.99486 0.99405 
vt 0.994589 0.995633 
vt 0.996562 0.990826 
vt 0.996572 0.990513 
vt 0.996492 0.990809 
vt 0.994729 0.995543 
vt 0.994597 0.99577 
vt 0.996865 0.990067 
vt 0.9969 0.989759 
vt 0.996759 0.989894 
vt 0.992789 0.995702 
vt 0.996727 0.990212 
vt 0.992932 0.995515 
vt 0.996596 0.991001 
vt 0.996531 0.991098 
vt 0.991432 0.992589 
vt 0.991289 0.992721 
vt 0.991375 0.992408 
vt 0.995686 0.993169 
vt 0.995753 0.993183 
vt 0.99587 0.993239 
vt 0.991338 0.992115 
vt 0.991253 0.992313 
vt 0.995263 0.994981 
vt 0.995157 0.99347 
vt 0.995422 0.993202 
vt 0.995759 0.993423 
vt 0.995371 0.9934 
vt 0.995692 0.993505 
vt 0.995809 0.993561 
vt 0.995187 0.995219 
vt 0.99527 0.995314 
vt 0.995782 0.993681 
vt 0.995908 0.99352 
vt 0.994615 0.994127 
vt 0.995986 0.993062 
vt 0.994776 0.994225 
vt 0.994538 0.994223 
vt 0.995075 0.995052 
vt 0.994683 0.99429 
vt 0.996008 0.993368 
vt 0.996614 0.990214 
vt 0.995142 0.995374 
vt 0.995194 0.995498 
vt 0.995951 0.993699 
vt 0.995028 0.995515 
vt 0.993302 0.995614 
vt 0.996365 0.987822 
vt 0.994695 0.994902 
vt 0.994712 0.994852 
vt 0.994711 0.995044 
vt 0.993195 0.995543 
vt 0.996209 0.98777 
vt 0.994906 0.993658 
vt 0.994735 0.993368 
vt 0.994704 0.995232 
vt 0.996275 0.993993 
vt 0.99619 0.993736 
vt 0.996217 0.994084 
vt 0.993083 0.995486 
vt 0.99629 0.98853 
vt 0.996767 0.989566 
vt 0.996316 0.993559 
vt 0.996274 0.993451 
vt 0.994753 0.995046 
vt 0.99643 0.993385 
vt 0.996277 0.993758 
vt 0.996383 0.993815 
vt 0.996414 0.993541 
vt 0.996498 0.993633 
vt 0.994769 0.995264 
vt 0.996691 0.990547 
vt 0.996701 0.990397 
vt 0.996865 0.989539 
vt 0.996781 0.99053 
vt 0.99635 0.994104 
vt 0.996731 0.990644 
vt 0.994949 0.994136 
vt 0.996438 0.994103 
vt 0.996807 0.990821 
vt 0.996138 0.988049 
vt 0.995221 0.992392 
vt 0.995289 0.992433 
vt 0.995337 0.986973 
vt 0.995475 0.986898 
vt 0.995344 0.986779 
vt 0.995164 0.987059 
vt 0.995335 0.992589 
vt 0.995412 0.98705 
vt 0.995553 0.987262 
vt 0.995477 0.987271 
vt 0.996142 0.988316 
vt 0.996083 0.992981 
vt 0.996201 0.988533 
vt 0.996638 0.989735 
vt 0.99488 0.994797 
vt 0.994972 0.994891 
vt 0.995435 0.98754 
vt 0.995515 0.987659 
vt 0.996565 0.993551 
vt 0.99608 0.987947 
vt 0.995247 0.987184 
vt 0.996572 0.993936 
vt 0.99649 0.993879 
vt 0.996064 0.988343 
vt 0.99534 0.98736 
vt 0.995197 0.987483 
vt 0.995107 0.987541 
vt 0.996466 0.994254 
vt 0.996182 0.988665 
vt 0.994956 0.995191 
vt 0.995263 0.987669 
vt 0.996319 0.988671 
vt 0.996624 0.990651 
vt 0.996593 0.990019 
vt 0.994836 0.994413 
vt 0.994385 0.996871 
vt 0.994376 0.996733 
vt 0.994353 0.996828 
vt 0.994293 0.996817 
vt 0.994426 0.996822 
vt 0.996643 0.991093 
vt 0.994399 0.997015 
vt 0.996666 0.990823 
vt 0.996996 0.995901 
vt 0.997046 0.995761 
vt 0.997011 0.995698 
vt 0.996634 0.991227 
vt 0.9943 0.996951 
vt 0.994356 0.996985 
vt 0.99467 0.994446 
vt 0.996741 0.991108 
vt 0.997074 0.996024 
vt 0.997042 0.995887 
vt 0.996338 0.994278 
vt 0.996753 0.990815 
vt 0.996704 0.990992 
vt 0.995222 0.987838 
vt 0.997081 0.995656 
vt 0.997096 0.995741 
vt 0.997116 0.995887 
vt 0.99536 0.987723 
vt 0.994242 0.996909 
vt 0.994277 0.99674 
vt 0.994198 0.996859 
vt 0.994214 0.997004 
vt 0.995042 0.995341 
vt 0.994175 0.997012 
vt 0.994245 0.997071 
vt 0.9943 0.997086 
vt 0.994306 0.997158 
vt 0.997059 0.996098 
vt 0.994219 0.997133 
vt 0.997186 0.996 
vt 0.997147 0.996133 
vt 0.997215 0.996052 
vt 0.997136 0.996048 
vt 0.995387 0.987883 
vt 0.997172 0.995732 
vt 0.997153 0.995781 
vt 0.99609 0.993474 
vt 0.994884 0.995291 
vt 0.997185 0.99589 
vt 0.997225 0.995895 

usemtl Player1Mtl

f 5558/5558/5558 5559/5559/5559 5560/5560/5560 
f 5559/5559/5559 5558/5558/5558 5567/5567/5567 
f 5558/5558/5558 5578/5578/5578 5567/5567/5567 
f 5559/5559/5559 5566/5566/5566 5560/5560/5560 
f 5559/5559/5559 5594/5594/5594 5566/5566/5566 
f 5594/5594/5594 5611/5611/5611 5566/5566/5566 
f 5611/5611/5611 5560/5560/5560 5566/5566/5566 
f 5611/5611/5611 5594/5594/5594 5628/5628/5628 
f 5560/5560/5560 5613/5613/5613 5558/5558/5558 
f 5610/5610/5610 5560/5560/5560 5611/5611/5611 
f 5613/5613/5613 5560/5560/5560 5610/5610/5610 
f 5628/5628/5628 5627/5627/5627 5611/5611/5611 
f 5610/5610/5610 5611/5611/5611 5627/5627/5627 
f 5627/5627/5627 5628/5628/5628 5636/5636/5636 
f 5634/5634/5634 5627/5627/5627 5636/5636/5636 
f 5617/5617/5617 5610/5610/5610 5627/5627/5627 
f 5627/5627/5627 5634/5634/5634 5617/5617/5617 
f 5613/5613/5613 5610/5610/5610 5617/5617/5617 
f 5635/5635/5635 5617/5617/5617 5634/5634/5634 
f 5617/5617/5617 5635/5635/5635 5615/5615/5615 
f 5615/5615/5615 5613/5613/5613 5617/5617/5617 
f 5623/5623/5623 5615/5615/5615 5635/5635/5635 
f 5613/5613/5613 5579/5579/5579 5558/5558/5558 
f 5578/5578/5578 5558/5558/5558 5579/5579/5579 
f 5614/5614/5614 5613/5613/5613 5615/5615/5615 
f 5579/5579/5579 5613/5613/5613 5614/5614/5614 
f 5618/5618/5618 5578/5578/5578 5579/5579/5579 
f 5614/5614/5614 5618/5618/5618 5579/5579/5579 
f 5578/5578/5578 5618/5618/5618 5656/5656/5656 
f 5616/5616/5616 5614/5614/5614 5615/5615/5615 
f 5615/5615/5615 5623/5623/5623 5616/5616/5616 
f 5618/5618/5618 5614/5614/5614 5621/5621/5621 
f 5616/5616/5616 5621/5621/5621 5614/5614/5614 
f 5666/5666/5666 5656/5656/5656 5618/5618/5618 
f 5621/5621/5621 5666/5666/5666 5618/5618/5618 
f 5656/5656/5656 5666/5666/5666 5667/5667/5667 
f 5666/5666/5666 5692/5692/5692 5667/5667/5667 
f 5623/5623/5623 5622/5622/5622 5616/5616/5616 
f 5621/5621/5621 5616/5616/5616 5622/5622/5622 
f 5697/5697/5697 5622/5622/5622 5623/5623/5623 
f 5666/5666/5666 5621/5621/5621 5691/5691/5691 
f 5692/5692/5692 5666/5666/5666 5691/5691/5691 
f 5691/5691/5691 5621/5621/5621 5622/5622/5622 
f 5692/5692/5692 5691/5691/5691 5693/5693/5693 
f 5691/5691/5691 5622/5622/5622 5693/5693/5693 
f 5622/5622/5622 5697/5697/5697 5693/5693/5693 
f 5692/5692/5692 5693/5693/5693 5698/5698/5698 
f 5698/5698/5698 5693/5693/5693 5697/5697/5697 
f 5569/5569/5569 5570/5570/5570 5571/5571/5571 
f 5649/5649/5649 5571/5571/5571 5570/5570/5570 
f 5570/5570/5570 5569/5569/5569 5572/5572/5572 
f 5571/5571/5571 5649/5649/5649 5651/5651/5651 
f 5583/5583/5583 5572/5572/5572 5569/5569/5569 
f 5572/5572/5572 5583/5583/5583 5585/5585/5585 
f 5583/5583/5583 5584/5584/5584 5585/5585/5585 
f 5569/5569/5569 5571/5571/5571 5601/5601/5601 
f 5651/5651/5651 5601/5601/5601 5571/5571/5571 
f 5583/5583/5583 5569/5569/5569 5599/5599/5599 
f 5601/5601/5601 5599/5599/5599 5569/5569/5569 
f 5584/5584/5584 5583/5583/5583 5592/5592/5592 
f 5599/5599/5599 5592/5592/5592 5583/5583/5583 
f 5592/5592/5592 5725/5725/5725 5584/5584/5584 
f 5725/5725/5725 5592/5592/5592 5724/5724/5724 
f 5599/5599/5599 5724/5724/5724 5592/5592/5592 
f 5740/5740/5740 5725/5725/5725 5724/5724/5724 
f 5724/5724/5724 5599/5599/5599 5726/5726/5726 
f 5724/5724/5724 5726/5726/5726 5740/5740/5740 
f 5601/5601/5601 5726/5726/5726 5599/5599/5599 
f 5731/5731/5731 5740/5740/5740 5726/5726/5726 
f 5726/5726/5726 5601/5601/5601 5731/5731/5731 
f 5740/5740/5740 5731/5731/5731 5746/5746/5746 
f 5672/5672/5672 5746/5746/5746 5731/5731/5731 
f 5672/5672/5672 5731/5731/5731 5601/5601/5601 
f 5746/5746/5746 5672/5672/5672 5681/5681/5681 
f 5601/5601/5601 5663/5663/5663 5672/5672/5672 
f 5601/5601/5601 5651/5651/5651 5663/5663/5663 
f 5677/5677/5677 5681/5681/5681 5672/5672/5672 
f 5677/5677/5677 5672/5672/5672 5663/5663/5663 
f 5681/5681/5681 5677/5677/5677 5682/5682/5682 
f 5677/5677/5677 5661/5661/5661 5682/5682/5682 
f 5663/5663/5663 5662/5662/5662 5677/5677/5677 
f 5661/5661/5661 5677/5677/5677 5662/5662/5662 
f 5659/5659/5659 5663/5663/5663 5651/5651/5651 
f 5663/5663/5663 5659/5659/5659 5662/5662/5662 
f 5662/5662/5662 5659/5659/5659 5661/5661/5661 
f 5649/5649/5649 5659/5659/5659 5651/5651/5651 
f 5659/5659/5659 5660/5660/5660 5661/5661/5661 
f 5659/5659/5659 5649/5649/5649 5660/5660/5660 
f 5642/5642/5642 5643/5643/5643 5644/5644/5644 
f 5643/5643/5643 5642/5642/5642 5645/5645/5645 
f 5771/5771/5771 5643/5643/5643 5645/5645/5645 
f 5648/5648/5648 5642/5642/5642 5644/5644/5644 
f 5699/5699/5699 5642/5642/5642 5648/5648/5648 
f 5772/5772/5772 5644/5644/5644 5643/5643/5643 
f 5643/5643/5643 5771/5771/5771 5772/5772/5772 
f 5714/5714/5714 5648/5648/5648 5644/5644/5644 
f 5644/5644/5644 5772/5772/5772 5714/5714/5714 
f 5706/5706/5706 5699/5699/5699 5648/5648/5648 
f 5648/5648/5648 5714/5714/5714 5706/5706/5706 
f 5699/5699/5699 5706/5706/5706 5707/5707/5707 
f 5771/5771/5771 5786/5786/5786 5772/5772/5772 
f 5786/5786/5786 5714/5714/5714 5772/5772/5772 
f 5786/5786/5786 5771/5771/5771 5837/5837/5837 
f 5714/5714/5714 5786/5786/5786 5822/5822/5822 
f 5837/5837/5837 5822/5822/5822 5786/5786/5786 
f 5822/5822/5822 5706/5706/5706 5714/5714/5714 
f 5822/5822/5822 5837/5837/5837 5721/5721/5721 
f 5718/5718/5718 5707/5707/5707 5706/5706/5706 
f 5706/5706/5706 5822/5822/5822 5718/5718/5718 
f 5721/5721/5721 5718/5718/5718 5822/5822/5822 
f 5707/5707/5707 5718/5718/5718 5719/5719/5719 
f 5718/5718/5718 5721/5721/5721 5719/5719/5719 
f 5678/5678/5678 5679/5679/5679 5680/5680/5680 
f 5680/5680/5680 5689/5689/5689 5678/5678/5678 
f 5689/5689/5689 5680/5680/5680 5690/5690/5690 
f 5679/5679/5679 5678/5678/5678 5789/5789/5789 
f 5690/5690/5690 5797/5797/5797 5689/5689/5689 
f 5797/5797/5797 5690/5690/5690 5803/5803/5803 
f 5807/5807/5807 5797/5797/5797 5803/5803/5803 
f 5797/5797/5797 5807/5807/5807 5812/5812/5812 
f 5812/5812/5812 5689/5689/5689 5797/5797/5797 
f 5755/5755/5755 5812/5812/5812 5807/5807/5807 
f 5799/5799/5799 5678/5678/5678 5689/5689/5689 
f 5689/5689/5689 5812/5812/5812 5799/5799/5799 
f 5678/5678/5678 5799/5799/5799 5789/5789/5789 
f 5812/5812/5812 5755/5755/5755 5811/5811/5811 
f 5811/5811/5811 5799/5799/5799 5812/5812/5812 
f 5755/5755/5755 5752/5752/5752 5811/5811/5811 
f 5799/5799/5799 5811/5811/5811 5752/5752/5752 
f 5752/5752/5752 5789/5789/5789 5799/5799/5799 
f 5752/5752/5752 5755/5755/5755 5750/5750/5750 
f 5789/5789/5789 5752/5752/5752 5747/5747/5747 
f 5750/5750/5750 5747/5747/5747 5752/5752/5752 
f 5747/5747/5747 5679/5679/5679 5789/5789/5789 
f 5747/5747/5747 5750/5750/5750 5748/5748/5748 
f 5679/5679/5679 5747/5747/5747 5748/5748/5748 
f 5550/5550/5550 5551/5551/5551 5552/5552/5552 
f 5551/5551/5551 5550/5550/5550 5562/5562/5562 
f 5562/5562/5562 5609/5609/5609 5551/5551/5551 
f 5550/5550/5550 5552/5552/5552 5554/5554/5554 
f 5556/5556/5556 5550/5550/5550 5554/5554/5554 
f 5557/5557/5557 5556/5556/5556 5554/5554/5554 
f 5561/5561/5561 5551/5551/5551 5609/5609/5609 
f 5553/5553/5553 5552/5552/5552 5551/5551/5551 
f 5553/5553/5553 5551/5551/5551 5561/5561/5561 
f 5553/5553/5553 5554/5554/5554 5552/5552/5552 
f 5555/5555/5555 5557/5557/5557 5554/5554/5554 
f 5554/5554/5554 5553/5553/5553 5555/5555/5555 
f 5609/5609/5609 5577/5577/5577 5561/5561/5561 
f 5577/5577/5577 5553/5553/5553 5561/5561/5561 
f 5577/5577/5577 5609/5609/5609 5619/5619/5619 
f 5568/5568/5568 5557/5557/5557 5555/5555/5555 
f 5553/5553/5553 5568/5568/5568 5555/5555/5555 
f 5557/5557/5557 5568/5568/5568 5654/5654/5654 
f 5568/5568/5568 5650/5650/5650 5654/5654/5654 
f 5568/5568/5568 5553/5553/5553 5576/5576/5576 
f 5650/5650/5650 5568/5568/5568 5576/5576/5576 
f 5553/5553/5553 5577/5577/5577 5576/5576/5576 
f 5576/5576/5576 5619/5619/5619 5650/5650/5650 
f 5619/5619/5619 5576/5576/5576 5577/5577/5577 
f 5732/5732/5732 5733/5733/5733 5734/5734/5734 
f 5733/5733/5733 5732/5732/5732 5742/5742/5742 
f 5734/5734/5734 5751/5751/5751 5732/5732/5732 
f 5751/5751/5751 5734/5734/5734 5810/5810/5810 
f 5732/5732/5732 5743/5743/5743 5742/5742/5742 
f 5743/5743/5743 5732/5732/5732 5751/5751/5751 
f 5738/5738/5738 5733/5733/5733 5742/5742/5742 
f 5742/5742/5742 5743/5743/5743 5738/5738/5738 
f 5733/5733/5733 5738/5738/5738 5739/5739/5739 
f 5738/5738/5738 5741/5741/5741 5739/5739/5739 
f 5810/5810/5810 5754/5754/5754 5751/5751/5751 
f 5754/5754/5754 5743/5743/5743 5751/5751/5751 
f 5754/5754/5754 5810/5810/5810 5784/5784/5784 
f 5778/5778/5778 5754/5754/5754 5784/5784/5784 
f 5741/5741/5741 5738/5738/5738 5744/5744/5744 
f 5738/5738/5738 5743/5743/5743 5744/5744/5744 
f 5754/5754/5754 5778/5778/5778 5779/5779/5779 
f 5743/5743/5743 5754/5754/5754 5779/5779/5779 
f 5778/5778/5778 5745/5745/5745 5779/5779/5779 
f 5745/5745/5745 5743/5743/5743 5779/5779/5779 
f 5743/5743/5743 5745/5745/5745 5744/5744/5744 
f 5744/5744/5744 5745/5745/5745 5741/5741/5741 
f 5745/5745/5745 5778/5778/5778 5775/5775/5775 
f 5775/5775/5775 5741/5741/5741 5745/5745/5745 
f 5759/5759/5759 5760/5760/5760 5761/5761/5761 
f 5762/5762/5762 5759/5759/5759 5761/5761/5761 
f 5760/5760/5760 5759/5759/5759 5764/5764/5764 
f 5764/5764/5764 5765/5765/5765 5760/5760/5760 
f 5759/5759/5759 5762/5762/5762 5777/5777/5777 
f 5777/5777/5777 5764/5764/5764 5759/5759/5759 
f 5762/5762/5762 5782/5782/5782 5777/5777/5777 
f 5762/5762/5762 5783/5783/5783 5782/5782/5782 
f 5764/5764/5764 5777/5777/5777 5781/5781/5781 
f 5782/5782/5782 5781/5781/5781 5777/5777/5777 
f 5765/5765/5765 5764/5764/5764 5766/5766/5766 
f 5781/5781/5781 5766/5766/5766 5764/5764/5764 
f 5773/5773/5773 5765/5765/5765 5766/5766/5766 
f 5766/5766/5766 5781/5781/5781 5773/5773/5773 
f 5765/5765/5765 5773/5773/5773 5774/5774/5774 
f 5783/5783/5783 5787/5787/5787 5782/5782/5782 
f 5781/5781/5781 5782/5782/5782 5787/5787/5787 
f 5787/5787/5787 5773/5773/5773 5781/5781/5781 
f 5787/5787/5787 5783/5783/5783 5813/5813/5813 
f 5817/5817/5817 5774/5774/5774 5773/5773/5773 
f 5773/5773/5773 5787/5787/5787 5817/5817/5817 
f 5813/5813/5813 5817/5817/5817 5787/5787/5787 
f 5774/5774/5774 5817/5817/5817 5833/5833/5833 
f 5817/5817/5817 5813/5813/5813 5833/5833/5833 
f 5800/5800/5800 5801/5801/5801 5802/5802/5802 
f 5801/5801/5801 5814/5814/5814 5802/5802/5802 
f 5801/5801/5801 5800/5800/5800 5809/5809/5809 
f 5814/5814/5814 5801/5801/5801 5815/5815/5815 
f 5815/5815/5815 5834/5834/5834 5814/5814/5814 
f 5809/5809/5809 5816/5816/5816 5801/5801/5801 
f 5816/5816/5816 5815/5815/5815 5801/5801/5801 
f 5808/5808/5808 5809/5809/5809 5800/5800/5800 
f 5808/5808/5808 5816/5816/5816 5809/5809/5809 
f 5800/5800/5800 5827/5827/5827 5808/5808/5808 
f 5834/5834/5834 5815/5815/5815 5835/5835/5835 
f 5816/5816/5816 5835/5835/5835 5815/5815/5815 
f 5838/5838/5838 5834/5834/5834 5835/5835/5835 
f 5835/5835/5835 5816/5816/5816 5838/5838/5838 
f 5834/5834/5834 5838/5838/5838 5839/5839/5839 
f 5827/5827/5827 5832/5832/5832 5808/5808/5808 
f 5816/5816/5816 5808/5808/5808 5832/5832/5832 
f 5832/5832/5832 5827/5827/5827 5830/5830/5830 
f 5829/5829/5829 5838/5838/5838 5816/5816/5816 
f 5829/5829/5829 5816/5816/5816 5832/5832/5832 
f 5829/5829/5829 5839/5839/5839 5838/5838/5838 
f 5830/5830/5830 5829/5829/5829 5832/5832/5832 
f 5839/5839/5839 5829/5829/5829 5831/5831/5831 
f 5829/5829/5829 5830/5830/5830 5831/5831/5831 
f 5631/5631/5631 5632/5632/5632 5633/5633/5633 
f 5730/5730/5730 5632/5632/5632 5631/5631/5631 
f 5729/5729/5729 5730/5730/5730 5631/5631/5631 
f 5637/5637/5637 5633/5633/5633 5632/5632/5632 
f 5729/5729/5729 5631/5631/5631 5638/5638/5638 
f 5633/5633/5633 5638/5638/5638 5631/5631/5631 
f 5633/5633/5633 5637/5637/5637 5639/5639/5639 
f 5713/5713/5713 5639/5639/5639 5637/5637/5637 
f 5638/5638/5638 5633/5633/5633 5640/5640/5640 
f 5633/5633/5633 5639/5639/5639 5640/5640/5640 
f 5676/5676/5676 5729/5729/5729 5638/5638/5638 
f 5638/5638/5638 5640/5640/5640 5676/5676/5676 
f 5729/5729/5729 5676/5676/5676 5753/5753/5753 
f 5676/5676/5676 5791/5791/5791 5753/5753/5753 
f 5639/5639/5639 5713/5713/5713 5710/5710/5710 
f 5640/5640/5640 5639/5639/5639 5710/5710/5710 
f 5676/5676/5676 5640/5640/5640 5712/5712/5712 
f 5640/5640/5640 5710/5710/5710 5712/5712/5712 
f 5791/5791/5791 5676/5676/5676 5712/5712/5712 
f 5715/5715/5715 5710/5710/5710 5713/5713/5713 
f 5712/5712/5712 5710/5710/5710 5715/5715/5715 
f 5712/5712/5712 5715/5715/5715 5791/5791/5791 
f 5713/5713/5713 5806/5806/5806 5715/5715/5715 
f 5806/5806/5806 5791/5791/5791 5715/5715/5715 
f 5580/5580/5580 5581/5581/5581 5582/5582/5582 
f 5655/5655/5655 5580/5580/5580 5582/5582/5582 
f 5581/5581/5581 5580/5580/5580 5629/5629/5629 
f 5581/5581/5581 5629/5629/5629 5630/5630/5630 
f 5629/5629/5629 5757/5757/5757 5630/5630/5630 
f 5629/5629/5629 5758/5758/5758 5757/5757/5757 
f 5629/5629/5629 5763/5763/5763 5758/5758/5758 
f 5629/5629/5629 5647/5647/5647 5763/5763/5763 
f 5647/5647/5647 5629/5629/5629 5580/5580/5580 
f 5580/5580/5580 5646/5646/5646 5647/5647/5647 
f 5646/5646/5646 5580/5580/5580 5675/5675/5675 
f 5580/5580/5580 5655/5655/5655 5675/5675/5675 
f 5675/5675/5675 5701/5701/5701 5646/5646/5646 
f 5655/5655/5655 5664/5664/5664 5675/5675/5675 
f 5701/5701/5701 5675/5675/5675 5664/5664/5664 
f 5664/5664/5664 5655/5655/5655 5665/5665/5665 
f 5664/5664/5664 5665/5665/5665 5668/5668/5668 
f 5668/5668/5668 5700/5700/5700 5664/5664/5664 
f 5700/5700/5700 5701/5701/5701 5664/5664/5664 
f 5701/5701/5701 5700/5700/5700 5703/5703/5703 
f 5596/5596/5596 5597/5597/5597 5598/5598/5598 
f 5598/5598/5598 5597/5597/5597 5728/5728/5728 
f 5597/5597/5597 5723/5723/5723 5728/5728/5728 
f 5602/5602/5602 5723/5723/5723 5597/5597/5597 
f 5728/5728/5728 5756/5756/5756 5598/5598/5598 
f 5596/5596/5596 5598/5598/5598 5756/5756/5756 
f 5756/5756/5756 5728/5728/5728 5776/5776/5776 
f 5780/5780/5780 5756/5756/5756 5776/5776/5776 
f 5602/5602/5602 5597/5597/5597 5603/5603/5603 
f 5597/5597/5597 5596/5596/5596 5603/5603/5603 
f 5674/5674/5674 5602/5602/5602 5603/5603/5603 
f 5756/5756/5756 5780/5780/5780 5767/5767/5767 
f 5596/5596/5596 5756/5756/5756 5767/5767/5767 
f 5769/5769/5769 5767/5767/5767 5780/5780/5780 
f 5769/5769/5769 5596/5596/5596 5767/5767/5767 
f 5780/5780/5780 5785/5785/5785 5769/5769/5769 
f 5788/5788/5788 5769/5769/5769 5785/5785/5785 
f 5596/5596/5596 5769/5769/5769 5736/5736/5736 
f 5769/5769/5769 5788/5788/5788 5736/5736/5736 
f 5673/5673/5673 5596/5596/5596 5736/5736/5736 
f 5788/5788/5788 5673/5673/5673 5736/5736/5736 
f 5603/5603/5603 5596/5596/5596 5673/5673/5673 
f 5673/5673/5673 5788/5788/5788 5674/5674/5674 
f 5674/5674/5674 5603/5603/5603 5673/5673/5673 
f 5563/5563/5563 5564/5564/5564 5565/5565/5565 
f 5563/5563/5563 5612/5612/5612 5564/5564/5564 
f 5593/5593/5593 5563/5563/5563 5565/5565/5565 
f 5612/5612/5612 5563/5563/5563 5608/5608/5608 
f 5565/5565/5565 5586/5586/5586 5593/5593/5593 
f 5586/5586/5586 5565/5565/5565 5587/5587/5587 
f 5600/5600/5600 5586/5586/5586 5587/5587/5587 
f 5595/5595/5595 5563/5563/5563 5593/5593/5593 
f 5563/5563/5563 5595/5595/5595 5608/5608/5608 
f 5595/5595/5595 5593/5593/5593 5586/5586/5586 
f 5586/5586/5586 5600/5600/5600 5604/5604/5604 
f 5604/5604/5604 5595/5595/5595 5586/5586/5586 
f 5604/5604/5604 5600/5600/5600 5605/5605/5605 
f 5605/5605/5605 5595/5595/5595 5604/5604/5604 
f 5605/5605/5605 5600/5600/5600 5671/5671/5671 
f 5671/5671/5671 5606/5606/5606 5605/5605/5605 
f 5595/5595/5595 5605/5605/5605 5606/5606/5606 
f 5606/5606/5606 5671/5671/5671 5657/5657/5657 
f 5595/5595/5595 5607/5607/5607 5608/5608/5608 
f 5595/5595/5595 5606/5606/5606 5607/5607/5607 
f 5657/5657/5657 5607/5607/5607 5606/5606/5606 
f 5607/5607/5607 5612/5612/5612 5608/5608/5608 
f 5607/5607/5607 5657/5657/5657 5620/5620/5620 
f 5612/5612/5612 5607/5607/5607 5620/5620/5620 
f 5792/5792/5792 5793/5793/5793 5794/5794/5794 
f 5793/5793/5793 5792/5792/5792 5796/5796/5796 
f 5798/5798/5798 5796/5796/5796 5792/5792/5792 
f 5793/5793/5793 5795/5795/5795 5794/5794/5794 
f 5795/5795/5795 5793/5793/5793 5819/5819/5819 
f 5804/5804/5804 5792/5792/5792 5794/5794/5794 
f 5804/5804/5804 5794/5794/5794 5795/5795/5795 
f 5798/5798/5798 5792/5792/5792 5805/5805/5805 
f 5792/5792/5792 5804/5804/5804 5805/5805/5805 
f 5825/5825/5825 5798/5798/5798 5805/5805/5805 
f 5804/5804/5804 5825/5825/5825 5805/5805/5805 
f 5798/5798/5798 5825/5825/5825 5826/5826/5826 
f 5819/5819/5819 5818/5818/5818 5795/5795/5795 
f 5804/5804/5804 5795/5795/5795 5818/5818/5818 
f 5819/5819/5819 5820/5820/5820 5818/5818/5818 
f 5823/5823/5823 5818/5818/5818 5820/5820/5820 
f 5826/5826/5826 5825/5825/5825 5824/5824/5824 
f 5825/5825/5825 5804/5804/5804 5824/5824/5824 
f 5826/5826/5826 5824/5824/5824 5828/5828/5828 
f 5821/5821/5821 5804/5804/5804 5818/5818/5818 
f 5818/5818/5818 5823/5823/5823 5821/5821/5821 
f 5804/5804/5804 5821/5821/5821 5824/5824/5824 
f 5823/5823/5823 5828/5828/5828 5821/5821/5821 
f 5821/5821/5821 5828/5828/5828 5824/5824/5824 
f 5624/5624/5624 5625/5625/5625 5626/5626/5626 
f 5641/5641/5641 5625/5625/5625 5624/5624/5624 
f 5768/5768/5768 5641/5641/5641 5624/5624/5624 
f 5694/5694/5694 5626/5626/5626 5625/5625/5625 
f 5768/5768/5768 5624/5624/5624 5711/5711/5711 
f 5711/5711/5711 5624/5624/5624 5626/5626/5626 
f 5626/5626/5626 5694/5694/5694 5695/5695/5695 
f 5716/5716/5716 5768/5768/5768 5711/5711/5711 
f 5768/5768/5768 5716/5716/5716 5836/5836/5836 
f 5711/5711/5711 5626/5626/5626 5696/5696/5696 
f 5626/5626/5626 5695/5695/5695 5696/5696/5696 
f 5711/5711/5711 5696/5696/5696 5716/5716/5716 
f 5716/5716/5716 5720/5720/5720 5836/5836/5836 
f 5694/5694/5694 5702/5702/5702 5695/5695/5695 
f 5696/5696/5696 5695/5695/5695 5702/5702/5702 
f 5702/5702/5702 5694/5694/5694 5704/5704/5704 
f 5716/5716/5716 5696/5696/5696 5709/5709/5709 
f 5696/5696/5696 5702/5702/5702 5709/5709/5709 
f 5720/5720/5720 5716/5716/5716 5709/5709/5709 
f 5705/5705/5705 5702/5702/5702 5704/5704/5704 
f 5709/5709/5709 5702/5702/5702 5705/5705/5705 
f 5720/5720/5720 5709/5709/5709 5705/5705/5705 
f 5704/5704/5704 5708/5708/5708 5705/5705/5705 
f 5705/5705/5705 5708/5708/5708 5720/5720/5720 
f 5573/5573/5573 5574/5574/5574 5575/5575/5575 
f 5652/5652/5652 5575/5575/5575 5574/5574/5574 
f 5575/5575/5575 5652/5652/5652 5653/5653/5653 
f 5588/5588/5588 5574/5574/5574 5573/5573/5573 
f 5652/5652/5652 5658/5658/5658 5653/5653/5653 
f 5589/5589/5589 5588/5588/5588 5573/5573/5573 
f 5735/5735/5735 5652/5652/5652 5574/5574/5574 
f 5574/5574/5574 5727/5727/5727 5735/5735/5735 
f 5727/5727/5727 5574/5574/5574 5588/5588/5588 
f 5652/5652/5652 5735/5735/5735 5688/5688/5688 
f 5722/5722/5722 5727/5727/5727 5588/5588/5588 
f 5588/5588/5588 5589/5589/5589 5590/5590/5590 
f 5590/5590/5590 5722/5722/5722 5588/5588/5588 
f 5590/5590/5590 5589/5589/5589 5591/5591/5591 
f 5590/5590/5590 5591/5591/5591 5722/5722/5722 
f 5688/5688/5688 5669/5669/5669 5652/5652/5652 
f 5658/5658/5658 5652/5652/5652 5669/5669/5669 
f 5669/5669/5669 5688/5688/5688 5686/5686/5686 
f 5658/5658/5658 5669/5669/5669 5670/5670/5670 
f 5670/5670/5670 5669/5669/5669 5686/5686/5686 
f 5683/5683/5683 5684/5684/5684 5685/5685/5685 
f 5685/5685/5685 5687/5687/5687 5683/5683/5683 
f 5685/5685/5685 5717/5717/5717 5687/5687/5687 
f 5717/5717/5717 5685/5685/5685 5790/5790/5790 
f 5790/5790/5790 5685/5685/5685 5770/5770/5770 
f 5770/5770/5770 5685/5685/5685 5737/5737/5737 
f 5684/5684/5684 5737/5737/5737 5685/5685/5685 
f 5737/5737/5737 5684/5684/5684 5749/5749/5749 

g Player15

v 0.517934 100.01 0.109821 
v 0.408545 100.071 0.344992 
v 0.520118 100.067 0.0972072 
v 0.427875 100.252 0.310207 
v 0.531958 100.236 0.061958 
v 0.599026 100.01 -0.168484 
v 0.453515 100.479 0.266177 
v 0.405094 100.01 0.35533 
v 0.517934 100.01 0.109821 
v 0.509606 100.01 0.43629 
v 0.405094 100.01 0.35533 
v 0.480371 100.367 0.107804 
v 0.500954 100.347 0.309614 
v 0.387345 100.351 0.241113 
v 0.470372 100.455 0.0366396 
v 0.590057 100.351 0.0914995 
v 0.565886 100.455 0.019041 
v 0.366638 100.502 0.164811 
v 0.362745 100.449 0.366808 
v 0.394648 100.501 0.492293 
v 0.595578 100.064 -0.173754 
v 0.702717 100.01 -0.368282 
v 0.694866 100.064 -0.367728 
v 0.813596 100.01 -0.205463 
v 0.599026 100.01 -0.168484 
v 0.702717 100.01 -0.368282 
v 0.684036 100.01 0.120879 
v 0.671933 100.227 -0.354126 
v 0.587891 100.227 -0.180792 
v 0.70067 100.354 -0.321781 
v 0.638319 100.393 -0.200513 
v 0.70102 100.01 0.544538 
v 0.363193 100.267 0.532122 
v 0.342562 100.074 0.549086 
v 0.339212 100.01 0.552055 
v 0.339212 100.01 0.552055 
v 0.373019 100.075 0.679121 
v 0.37052 100.01 0.682961 
v 0.37052 100.01 0.682961 
v 0.390073 100.269 0.657846 
v 0.416103 100.452 0.484148 
v 0.418183 100.504 0.610012 
v 0.540459 100.01 0.796522 
v 0.540459 100.01 0.796522 
v 0.776516 100.01 0.784811 
v 0.538054 100.075 0.791087 
v 0.76841 100.075 0.78053 
v 0.776516 100.01 0.784811 
v 0.747843 100.272 0.755342 
v 0.537536 100.27 0.763232 
v 0.546409 100.506 0.707773 
v 0.734191 100.51 0.704839 
v 0.600165 100.48 0.0323443 
v 0.480641 100.6 0.061823 
v 0.475892 100.673 0.228105 
v 0.581157 100.656 -0.000554472 
v 0.417342 100.685 0.117331 
v 0.3967 100.706 0.225285 
v 0.334315 100.581 0.321804 
v 0.56492 100.652 0.0682438 
v 0.517966 100.783 0.135294 
v 0.607047 100.782 0.00904857 
v 0.514913 100.807 0.221673 
v 0.466759 100.805 0.245924 
v 0.466759 100.805 0.245924 
v 0.652282 100.627 0.280097 
v 0.517966 100.783 0.135294 
v 0.754961 100.648 -0.0585352 
v 0.787032 100.5 -0.104863 
v 0.590057 100.351 0.0914995 
v 0.500954 100.347 0.309614 
v 0.600165 100.48 0.0323443 
v 0.56492 100.652 0.0682438 
v 0.693945 100.824 0.0314442 
v 0.590485 100.851 0.272565 
v 0.857093 100.832 0.131904 
v 0.469775 100.781 0.372053 
v 0.418755 100.649 0.412563 
v 0.416103 100.452 0.484148 
v 0.418755 100.649 0.412563 
v 0.430467 100.69 0.420729 
v 0.453849 100.691 0.526495 
v 0.500063 100.812 0.426008 
v 0.572173 100.694 0.619525 
v 0.622261 100.815 0.519117 
v 0.746833 100.699 0.624609 
v 0.757263 100.788 0.556612 
v 0.744694 100.852 0.375883 
v 0.809216 100.456 -0.243835 
v 0.86451 100.237 -0.458173 
v 0.892764 100.067 -0.478505 
v 0.90142 100.01 -0.481416 
v 1.20546 100.069 -0.395788 
v 0.90142 100.01 -0.481416 
v 1.09789 100.01 -0.138971 
v 0.927217 100.01 0.19387 
v 0.831659 100.406 -0.390067 
v 1.13831 100.421 -0.314804 
v 1.17764 100.247 -0.375181 
v 1.21228 100.01 -0.39985 
v 1.21228 100.01 -0.39985 
v 1.38752 100.01 -0.107903 
v 1.38343 100.068 -0.105986 
v 1.38752 100.01 -0.107903 
v 1.34379 100.01 0.0808991 
v 1.33096 100.242 0.0515536 
v 1.36054 100.242 -0.095355 
v 1.09693 100.468 -0.191431 
v 1.30049 100.372 -0.112264 
v 1.28394 100.415 -0.0100586 
v 1.34272 100.068 0.0731287 
v 0.941855 100.01 0.638116 
v 1.16995 100.01 0.338466 
v 0.938706 100.071 0.628194 
v 0.941855 100.01 0.638116 
v 1.16995 100.01 0.338466 
v 0.92973 100.255 0.589318 
v 0.920461 100.483 0.539806 
v 1.17132 100.244 0.268389 
v 1.17127 100.068 0.321741 
v 1.14629 100.469 0.200244 
v 1.34379 100.01 0.0808991 
v 1.02813 100.483 0.379706 
v 0.851872 100.372 0.4745 
v 0.991063 100.424 0.254646 
v 1.04143 100.507 -0.0650876 
v 0.959756 100.657 0.00420237 
v 1.00726 100.584 0.201996 
v 0.851872 100.372 0.4745 
v 0.712114 100.591 0.308187 
v 0.943957 100.762 0.259209 
v 0.9818 100.8 0.222194 
v 0.844671 100.867 0.368946 
v 0.886544 100.812 0.455999 
v 0.844671 100.867 0.368946 
v 0.99635 100.748 0.345749 
v 0.943957 100.762 0.259209 
v 0.991063 100.424 0.254646 
v 1.06963 100.614 0.342079 
v 1.00726 100.584 0.201996 
v 1.05799 100.675 0.211094 
v 0.916435 100.679 0.497975 
v 0.689287 100.655 0.64145 
v 0.747186 100.848 0.505071 
v 0.71088 100.444 0.667965 
v 0.832943 100.507 0.66106 
v 0.71088 100.444 0.667965 
v 0.689287 100.655 0.64145 
v 0.831151 100.667 0.67167 
v 0.747186 100.848 0.505071 
v 0.838236 100.802 0.552677 
v 0.963488 100.449 0.560552 
v 0.984429 100.648 0.535258 
v 0.937291 100.832 0.453197 

vn -0.677165 -0.692913 -0.259843 
vn -0.937008 0.00787402 -0.354331 
vn -0.944882 -0.0314961 -0.338583 
vn -0.937008 0.0393701 -0.338583 
vn -0.944882 0.0393701 -0.338583 
vn -0.692913 -0.669291 -0.267717 
vn -0.937008 0.0551181 -0.338583 
vn -0.716535 -0.645669 -0.275591 
vn -0.677165 -0.692913 -0.259843 
vn 0 -1 0 
vn -0.716535 -0.645669 -0.275591 
vn -0.370079 -0.755906 -0.543307 
vn 0.385827 -0.787402 0.488189 
vn -0.692913 -0.716535 -0.0866142 
vn -0.417323 -0.204724 -0.889764 
vn 0.559055 -0.755906 -0.338583 
vn -0.834646 0.173228 -0.519685 
vn -0.905512 -0.0944882 -0.417323 
vn -0.866142 -0.370079 0.346457 
vn -0.984252 0.15748 -0.015748 
vn -0.929134 -0.0629921 -0.362205 
vn -0.551181 -0.622047 -0.559055 
vn -0.716535 -0.0551181 -0.700787 
vn 0 -1 0 
vn -0.692913 -0.669291 -0.267717 
vn -0.551181 -0.622047 -0.559055 
vn 0 -1 0 
vn -0.724409 0.110236 -0.677165 
vn -0.929134 0.0708661 -0.354331 
vn -0.637795 0.480315 -0.598425 
vn -0.732283 0.543307 -0.409449 
vn 0 -1 0 
vn -0.992126 0.110236 -0.0314961 
vn -1 0.0629921 -0.0393701 
vn -0.811024 -0.582677 -0.023622 
vn -0.811024 -0.582677 -0.023622 
vn -0.818898 0.0944882 0.566929 
vn -0.685039 -0.551181 0.480315 
vn -0.685039 -0.551181 0.480315 
vn -0.818898 0.165354 0.551181 
vn -0.125984 -0.283465 0.952756 
vn -0.80315 0.283465 0.519685 
vn -0.212598 -0.543307 0.811024 
vn -0.212598 -0.543307 0.811024 
vn 0.338583 -0.519685 0.787402 
vn -0.275591 0.102362 0.952756 
vn 0.370079 0.141732 0.92126 
vn 0.338583 -0.519685 0.787402 
vn 0.362205 0.188976 0.913386 
vn -0.283465 0.181102 0.937008 
vn -0.299213 0.322835 0.897638 
vn 0.330709 0.275591 0.897638 
vn 0.614173 -0.165354 -0.771654 
vn -0.362205 0.220472 -0.905512 
vn -0.929134 0.149606 -0.338583 
vn -0.653543 0.15748 -0.740157 
vn -0.677165 0.385827 -0.629921 
vn -0.866142 0.488189 -0.102362 
vn -0.976378 0.181102 0.149606 
vn 0.440945 0.409449 -0.80315 
vn 0.181102 0.88189 -0.440945 
vn -0.511811 0.511811 -0.685039 
vn -0.740157 0.606299 -0.283465 
vn -0.19685 0.937008 0.283465 
vn -0.19685 0.937008 0.283465 
vn 0.92126 0.204724 0.338583 
vn 0.181102 0.88189 -0.440945 
vn -0.0393701 0.354331 -0.937008 
vn -0.181102 0.685039 -0.700787 
vn 0.559055 -0.755906 -0.338583 
vn 0.385827 -0.787402 0.488189 
vn 0.614173 -0.165354 -0.771654 
vn 0.440945 0.409449 -0.80315 
vn -0.0472441 0.787402 -0.622047 
vn -0.251969 0.968504 -0.0629921 
vn 0.330709 0.866142 -0.370079 
vn -0.834646 0.551181 -0.0629921 
vn -0.188976 0.448819 0.874016 
vn -0.125984 -0.283465 0.952756 
vn -0.188976 0.448819 0.874016 
vn -0.96063 0.283465 -0.023622 
vn -0.755906 0.472441 0.456693 
vn -0.551181 0.795276 0.251969 
vn -0.299213 0.543307 0.787402 
vn -0.181102 0.84252 0.511811 
vn 0.299213 0.440945 0.850394 
vn 0.23622 0.708661 0.661417 
vn 0.0629921 0.992126 0.11811 
vn -0.212598 0.905512 -0.362205 
vn -0.133858 0.212598 -0.968504 
vn -0.125984 0.0551181 -0.992126 
vn -0.0708661 -0.551181 -0.834646 
vn 0.582677 0.133858 -0.795276 
vn -0.0708661 -0.551181 -0.834646 
vn 0 -1 0 
vn 0 -1 0 
vn -0.188976 0.637795 -0.748031 
vn 0.425197 0.669291 -0.614173 
vn 0.551181 0.267717 -0.787402 
vn 0.519685 -0.519685 -0.677165 
vn 0.519685 -0.519685 -0.677165 
vn 0.834646 -0.535433 -0.141732 
vn 0.976378 0.11811 -0.165354 
vn 0.834646 -0.535433 -0.141732 
vn 0.748031 -0.574803 0.338583 
vn 0.897638 0.228346 0.370079 
vn 0.952756 0.251969 -0.165354 
vn 0.244094 0.937008 -0.23622 
vn 0.787402 0.559055 -0.244094 
vn 0.740157 0.653543 0.141732 
vn 0.913386 0.110236 0.401575 
vn 0.606299 -0.559055 0.566929 
vn 0.653543 -0.582677 0.480315 
vn 0.724409 0.15748 0.669291 
vn 0.606299 -0.559055 0.566929 
vn 0.653543 -0.582677 0.480315 
vn 0.732283 0.188976 0.653543 
vn 0.740157 0.212598 0.637795 
vn 0.80315 0.204724 0.559055 
vn 0.80315 0.141732 0.582677 
vn 0.850394 0.433071 0.299213 
vn 0.748031 -0.574803 0.338583 
vn 0.889764 -0.448819 0.110236 
vn -0.212598 -0.976378 -0.0393701 
vn 0.330709 -0.755906 -0.566929 
vn 0.393701 0.834646 -0.377953 
vn 0.519685 0.543307 -0.661417 
vn 0.409449 -0.0866142 -0.905512 
vn -0.212598 -0.976378 -0.0393701 
vn -0.787402 -0.0944882 -0.614173 
vn 0.212598 0.574803 -0.787402 
vn 0.685039 0.732283 -0.0393701 
vn -0.228346 0.88189 -0.409449 
vn 0.543307 0.724409 0.425197 
vn -0.228346 0.88189 -0.409449 
vn 0.818898 0.566929 -0.125984 
vn 0.212598 0.574803 -0.787402 
vn 0.330709 -0.755906 -0.566929 
vn 0.992126 0.11811 -0.0551181 
vn 0.409449 -0.0866142 -0.905512 
vn 0.889764 0.456693 0.0314961 
vn 0.740157 0.314961 0.598425 
vn -0.779528 0.173228 0.598425 
vn -0.598425 0.779528 0.204724 
vn -0.543307 -0.566929 0.622047 
vn 0.307087 -0.291339 0.905512 
vn -0.543307 -0.566929 0.622047 
vn -0.779528 0.173228 0.598425 
vn 0.244094 0.307087 0.92126 
vn -0.598425 0.779528 0.204724 
vn 0.23622 0.716535 0.661417 
vn 0.685039 -0.472441 0.551181 
vn 0.811024 0.19685 0.551181 
vn 0.614173 0.740157 0.267717 

vt 0.992698 0.488288 
vt 0.992511 0.488443 
vt 0.99271 0.488329 
vt 0.992572 0.488527 
vt 0.992745 0.488447 
vt 0.992923 0.488318 
vt 0.992633 0.48863 
vt 0.99249 0.488412 
vt 0.991901 0.49473 
vt 0.991746 0.494649 
vt 0.991768 0.494754 
vt 0.994 0.496365 
vt 0.993887 0.496346 
vt 0.993931 0.496428 
vt 0.99404 0.496414 
vt 0.994029 0.49628 
vt 0.992785 0.488604 
vt 0.993983 0.496503 
vt 0.993884 0.496518 
vt 0.992533 0.488761 
vt 0.992919 0.48836 
vt 0.993081 0.488453 
vt 0.993063 0.488481 
vt 0.992095 0.49458 
vt 0.992045 0.494741 
vt 0.992155 0.494712 
vt 0.991921 0.494595 
vt 0.993011 0.48856 
vt 0.992903 0.488483 
vt 0.992981 0.488636 
vt 0.99291 0.488613 
vt 0.991724 0.494466 
vt 0.992458 0.488703 
vt 0.99239 0.488644 
vt 0.991665 0.494753 
vt 0.992366 0.48862 
vt 0.992346 0.488808 
vt 0.992318 0.4888 
vt 0.991608 0.494693 
vt 0.99242 0.488832 
vt 0.993822 0.496541 
vt 0.9925 0.488855 
vt 0.992311 0.489083 
vt 0.99158 0.494526 
vt 0.991622 0.494341 
vt 0.992338 0.489067 
vt 0.992403 0.489337 
vt 0.992384 0.489375 
vt 0.992459 0.489243 
vt 0.992413 0.48903 
vt 0.992489 0.489 
vt 0.992528 0.489151 
vt 0.994093 0.496367 
vt 0.994065 0.496509 
vt 0.992672 0.488725 
vt 0.992782 0.488727 
vt 0.994041 0.496594 
vt 0.993997 0.496651 
vt 0.993924 0.4966 
vt 0.994108 0.496529 
vt 0.994085 0.496668 
vt 0.992773 0.488795 
vt 0.992688 0.488808 
vt 0.99402 0.496744 
vt 0.996084 0.496814 
vt 0.996169 0.496923 
vt 0.996144 0.496749 
vt 0.992847 0.488828 
vt 0.992897 0.488788 
vt 0.996305 0.496976 
vt 0.996209 0.497137 
vt 0.99629 0.496858 
vt 0.996221 0.496772 
vt 0.992781 0.488858 
vt 0.992687 0.488875 
vt 0.992786 0.488989 
vt 0.99263 0.488829 
vt 0.993889 0.496693 
vt 0.996097 0.497182 
vt 0.996064 0.497027 
vt 0.992596 0.488801 
vt 0.992566 0.488865 
vt 0.992621 0.488871 
vt 0.992555 0.48898 
vt 0.992611 0.488975 
vt 0.992587 0.4891 
vt 0.992622 0.489069 
vt 0.992682 0.488998 
vt 0.992957 0.488768 
vt 0.993098 0.488716 
vt 0.993168 0.488691 
vt 0.993194 0.488683 
vt 0.993202 0.489061 
vt 0.992239 0.494584 
vt 0.992107 0.494335 
vt 0.991924 0.494381 
vt 0.993024 0.488749 
vt 0.993053 0.489013 
vt 0.993128 0.489028 
vt 0.992248 0.494314 
vt 0.993228 0.489073 
vt 0.993117 0.489436 
vt 0.993098 0.489408 
vt 0.992136 0.494095 
vt 0.992041 0.494079 
vt 0.992973 0.489408 
vt 0.993045 0.489324 
vt 0.992992 0.489033 
vt 0.993014 0.489235 
vt 0.992964 0.489268 
vt 0.992993 0.489533 
vt 0.991716 0.494249 
vt 0.991892 0.494148 
vt 0.992531 0.489517 
vt 0.992517 0.489557 
vt 0.992781 0.489655 
vt 0.992576 0.489415 
vt 0.992627 0.489302 
vt 0.99282 0.489477 
vt 0.992792 0.48961 
vt 0.992842 0.489296 
vt 0.992998 0.489577 
vt 0.99605 0.496182 
vt 0.996125 0.496353 
vt 0.99609 0.496078 
vt 0.992931 0.489047 
vt 0.992868 0.489007 
vt 0.995114 0.496679 
vt 0.994922 0.496526 
vt 0.994975 0.496734 
vt 0.995082 0.496832 
vt 0.992778 0.489098 
vt 0.995013 0.496942 
vt 0.992679 0.489106 
vt 0.995838 0.496217 
vt 0.99593 0.496151 
vt 0.995906 0.496073 
vt 0.995072 0.496553 
vt 0.995995 0.496135 
vt 0.996006 0.496015 
vt 0.992805 0.489174 
vt 0.992662 0.489188 
vt 0.994824 0.496793 
vt 0.994916 0.496941 
vt 0.994804 0.496629 
vt 0.996022 0.496472 
vt 0.996048 0.496574 
vt 0.995936 0.49657 
vt 0.995957 0.49646 
vt 0.995837 0.496403 
vt 0.995892 0.496376 
vt 0.996049 0.496342 
vt 0.995975 0.496301 
vt 0.995894 0.496254 

usemtl Player1Mtl

f 5848/5848/5848 5849/5849/5849 5850/5850/5850 
f 5849/5849/5849 5874/5874/5874 5850/5850/5850 
f 5874/5874/5874 5849/5849/5849 5878/5878/5878 
f 5849/5849/5849 5848/5848/5848 5866/5866/5866 
f 5871/5871/5871 5878/5878/5878 5849/5849/5849 
f 5866/5866/5866 5871/5871/5871 5849/5849/5849 
f 5864/5864/5864 5866/5866/5866 5848/5848/5848 
f 5878/5878/5878 5871/5871/5871 5883/5883/5883 
f 5871/5871/5871 5884/5884/5884 5883/5883/5883 
f 5884/5884/5884 5871/5871/5871 5951/5951/5951 
f 5935/5935/5935 5951/5951/5951 5871/5871/5871 
f 5871/5871/5871 5866/5866/5866 5935/5935/5935 
f 5951/5951/5951 5935/5935/5935 5952/5952/5952 
f 5935/5935/5935 5944/5944/5944 5952/5952/5952 
f 5866/5866/5866 5864/5864/5864 5863/5863/5863 
f 5863/5863/5863 5935/5935/5935 5866/5866/5866 
f 5863/5863/5863 5864/5864/5864 5865/5865/5865 
f 5865/5865/5865 5933/5933/5933 5863/5863/5863 
f 5935/5935/5935 5863/5863/5863 5934/5934/5934 
f 5944/5944/5944 5935/5935/5935 5934/5934/5934 
f 5934/5934/5934 5863/5863/5863 5933/5933/5933 
f 5934/5934/5934 5943/5943/5943 5944/5944/5944 
f 5939/5939/5939 5934/5934/5934 5933/5933/5933 
f 5943/5943/5943 5934/5934/5934 5939/5939/5939 
f 5962/5962/5962 5963/5963/5963 5964/5964/5964 
f 5962/5962/5962 5991/5991/5991 5963/5963/5963 
f 5964/5964/5964 5978/5978/5978 5962/5962/5962 
f 5978/5978/5978 5964/5964/5964 5979/5979/5979 
f 5979/5979/5979 5976/5976/5976 5978/5978/5978 
f 5978/5978/5978 5992/5992/5992 5962/5962/5962 
f 5962/5962/5962 5992/5992/5992 5991/5991/5991 
f 5976/5976/5976 5975/5975/5975 5978/5978/5978 
f 5975/5975/5975 5992/5992/5992 5978/5978/5978 
f 5974/5974/5974 5975/5975/5975 5976/5976/5976 
f 5985/5985/5985 5963/5963/5963 5991/5991/5991 
f 5992/5992/5992 5985/5985/5985 5991/5991/5991 
f 5963/5963/5963 5985/5985/5985 5986/5986/5986 
f 5986/5986/5986 5985/5985/5985 5987/5987/5987 
f 5985/5985/5985 5988/5988/5988 5987/5987/5987 
f 5985/5985/5985 5992/5992/5992 5988/5988/5988 
f 5989/5989/5989 5987/5987/5987 5988/5988/5988 
f 5990/5990/5990 5974/5974/5974 5989/5989/5989 
f 5989/5989/5989 5988/5988/5988 5990/5990/5990 
f 5974/5974/5974 5990/5990/5990 5993/5993/5993 
f 5988/5988/5988 5993/5993/5993 5990/5990/5990 
f 5993/5993/5993 5988/5988/5988 5992/5992/5992 
f 5975/5975/5975 5974/5974/5974 5993/5993/5993 
f 5992/5992/5992 5975/5975/5975 5993/5993/5993 
f 5851/5851/5851 5852/5852/5852 5853/5853/5853 
f 5852/5852/5852 5851/5851/5851 5855/5855/5855 
f 5852/5852/5852 5858/5858/5858 5853/5853/5853 
f 5880/5880/5880 5858/5858/5858 5852/5852/5852 
f 5917/5917/5917 5858/5858/5858 5880/5880/5880 
f 5853/5853/5853 5858/5858/5858 5857/5857/5857 
f 5857/5857/5857 5851/5851/5851 5853/5853/5853 
f 5858/5858/5858 5917/5917/5917 5898/5898/5898 
f 5858/5858/5858 5898/5898/5898 5857/5857/5857 
f 5917/5917/5917 5897/5897/5897 5898/5898/5898 
f 5897/5897/5897 5857/5857/5857 5898/5898/5898 
f 5917/5917/5917 5903/5903/5903 5897/5897/5897 
f 5854/5854/5854 5855/5855/5855 5851/5851/5851 
f 5851/5851/5851 5857/5857/5857 5854/5854/5854 
f 5892/5892/5892 5855/5855/5855 5854/5854/5854 
f 5896/5896/5896 5897/5897/5897 5903/5903/5903 
f 5857/5857/5857 5897/5897/5897 5896/5896/5896 
f 5903/5903/5903 5900/5900/5900 5896/5896/5896 
f 5899/5899/5899 5896/5896/5896 5900/5900/5900 
f 5857/5857/5857 5896/5896/5896 5893/5893/5893 
f 5896/5896/5896 5899/5899/5899 5893/5893/5893 
f 5893/5893/5893 5854/5854/5854 5857/5857/5857 
f 5899/5899/5899 5892/5892/5892 5893/5893/5893 
f 5893/5893/5893 5892/5892/5892 5854/5854/5854 
f 5908/5908/5908 5870/5870/5870 5856/5856/5856 
f 5868/5868/5868 5856/5856/5856 5870/5870/5870 
f 5966/5966/5966 5908/5908/5908 5907/5907/5907 
f 5856/5856/5856 5907/5907/5907 5908/5908/5908 
f 5860/5860/5860 5844/5844/5844 5868/5868/5868 
f 5856/5856/5856 5868/5868/5868 5844/5844/5844 
f 5844/5844/5844 5860/5860/5860 5842/5842/5842 
f 5842/5842/5842 5843/5843/5843 5844/5844/5844 
f 5843/5843/5843 5842/5842/5842 5841/5841/5841 
f 5841/5841/5841 5872/5872/5872 5843/5843/5843 
f 5846/5846/5846 5844/5844/5844 5843/5843/5843 
f 5844/5844/5844 5846/5846/5846 5856/5856/5856 
f 5859/5859/5859 5843/5843/5843 5872/5872/5872 
f 5843/5843/5843 5859/5859/5859 5846/5846/5846 
f 5872/5872/5872 5881/5881/5881 5859/5859/5859 
f 5881/5881/5881 5872/5872/5872 5879/5879/5879 
f 5889/5889/5889 5881/5881/5881 5879/5879/5879 
f 5859/5859/5859 5881/5881/5881 5921/5921/5921 
f 5881/5881/5881 5889/5889/5889 5890/5890/5890 
f 5890/5890/5890 5921/5921/5921 5881/5881/5881 
f 5889/5889/5889 5891/5891/5891 5890/5890/5890 
f 5920/5920/5920 5846/5846/5846 5859/5859/5859 
f 5859/5859/5859 5921/5921/5921 5920/5920/5920 
f 5846/5846/5846 5920/5920/5920 5894/5894/5894 
f 5894/5894/5894 5856/5856/5856 5846/5846/5846 
f 5890/5890/5890 5891/5891/5891 5923/5923/5923 
f 5921/5921/5921 5890/5890/5890 5923/5923/5923 
f 5856/5856/5856 5894/5894/5894 5895/5895/5895 
f 5907/5907/5907 5856/5856/5856 5895/5895/5895 
f 5894/5894/5894 5901/5901/5901 5895/5895/5895 
f 5901/5901/5901 5907/5907/5907 5895/5895/5895 
f 5901/5901/5901 5894/5894/5894 5902/5902/5902 
f 5907/5907/5907 5901/5901/5901 5913/5913/5913 
f 5902/5902/5902 5913/5913/5913 5901/5901/5901 
f 5894/5894/5894 5916/5916/5916 5902/5902/5902 
f 5916/5916/5916 5894/5894/5894 5920/5920/5920 
f 5913/5913/5913 5902/5902/5902 5914/5914/5914 
f 5916/5916/5916 5914/5914/5914 5902/5902/5902 
f 5915/5915/5915 5907/5907/5907 5913/5913/5913 
f 5914/5914/5914 5915/5915/5915 5913/5913/5913 
f 5907/5907/5907 5915/5915/5915 5966/5966/5966 
f 5920/5920/5920 5922/5922/5922 5916/5916/5916 
f 5914/5914/5914 5916/5916/5916 5922/5922/5922 
f 5920/5920/5920 5921/5921/5921 5922/5922/5922 
f 5915/5915/5915 5914/5914/5914 5927/5927/5927 
f 5922/5922/5922 5927/5927/5927 5914/5914/5914 
f 5971/5971/5971 5966/5966/5966 5915/5915/5915 
f 5927/5927/5927 5971/5971/5971 5915/5915/5915 
f 5924/5924/5924 5922/5922/5922 5921/5921/5921 
f 5927/5927/5927 5922/5922/5922 5924/5924/5924 
f 5923/5923/5923 5924/5924/5924 5921/5921/5921 
f 5926/5926/5926 5927/5927/5927 5924/5924/5924 
f 5923/5923/5923 5925/5925/5925 5924/5924/5924 
f 5925/5925/5925 5926/5926/5926 5924/5924/5924 
f 5891/5891/5891 5925/5925/5925 5923/5923/5923 
f 5927/5927/5927 5926/5926/5926 5973/5973/5973 
f 5971/5971/5971 5927/5927/5927 5973/5973/5973 
f 5925/5925/5925 5973/5973/5973 5926/5926/5926 
f 5966/5966/5966 5971/5971/5971 5980/5980/5980 
f 5973/5973/5973 5980/5980/5980 5971/5971/5971 
f 5966/5966/5966 5980/5980/5980 5960/5960/5960 
f 5925/5925/5925 5981/5981/5981 5973/5973/5973 
f 5891/5891/5891 5981/5981/5981 5925/5925/5925 
f 5981/5981/5981 5980/5980/5980 5973/5973/5973 
f 5981/5981/5981 5960/5960/5960 5980/5980/5980 
f 5891/5891/5891 5957/5957/5957 5981/5981/5981 
f 5960/5960/5960 5981/5981/5981 5957/5957/5957 
f 5840/5840/5840 5841/5841/5841 5842/5842/5842 
f 5841/5841/5841 5840/5840/5840 5847/5847/5847 
f 5842/5842/5842 5845/5845/5845 5840/5840/5840 
f 5873/5873/5873 5841/5841/5841 5847/5847/5847 
f 5845/5845/5845 5842/5842/5842 5860/5860/5860 
f 5847/5847/5847 5875/5875/5875 5873/5873/5873 
f 5860/5860/5860 5861/5861/5861 5845/5845/5845 
f 5875/5875/5875 5876/5876/5876 5873/5873/5873 
f 5876/5876/5876 5875/5875/5875 5877/5877/5877 
f 5882/5882/5882 5876/5876/5876 5877/5877/5877 
f 5879/5879/5879 5873/5873/5873 5876/5876/5876 
f 5876/5876/5876 5882/5882/5882 5885/5885/5885 
f 5885/5885/5885 5879/5879/5879 5876/5876/5876 
f 5882/5882/5882 5886/5886/5886 5885/5885/5885 
f 5882/5882/5882 5887/5887/5887 5886/5886/5886 
f 5879/5879/5879 5885/5885/5885 5889/5889/5889 
f 5873/5873/5873 5879/5879/5879 5872/5872/5872 
f 5872/5872/5872 5841/5841/5841 5873/5873/5873 
f 5887/5887/5887 5953/5953/5953 5886/5886/5886 
f 5953/5953/5953 5887/5887/5887 5954/5954/5954 
f 5955/5955/5955 5953/5953/5953 5954/5954/5954 
f 5888/5888/5888 5885/5885/5885 5886/5886/5886 
f 5885/5885/5885 5888/5888/5888 5889/5889/5889 
f 5886/5886/5886 5953/5953/5953 5956/5956/5956 
f 5886/5886/5886 5956/5956/5956 5888/5888/5888 
f 5953/5953/5953 5955/5955/5955 5959/5959/5959 
f 5959/5959/5959 5956/5956/5956 5953/5953/5953 
f 5961/5961/5961 5959/5959/5959 5955/5955/5955 
f 5950/5950/5950 5959/5959/5959 5961/5961/5961 
f 5941/5941/5941 5950/5950/5950 5961/5961/5961 
f 5958/5958/5958 5956/5956/5956 5959/5959/5959 
f 5950/5950/5950 5958/5958/5958 5959/5959/5959 
f 5888/5888/5888 5956/5956/5956 5957/5957/5957 
f 5958/5958/5958 5957/5957/5957 5956/5956/5956 
f 5888/5888/5888 5957/5957/5957 5891/5891/5891 
f 5891/5891/5891 5889/5889/5889 5888/5888/5888 
f 5960/5960/5960 5957/5957/5957 5958/5958/5958 
f 5958/5958/5958 5950/5950/5950 5945/5945/5945 
f 5945/5945/5945 5960/5960/5960 5958/5958/5958 
f 5942/5942/5942 5945/5945/5945 5950/5950/5950 
f 5942/5942/5942 5950/5950/5950 5941/5941/5941 
f 5941/5941/5941 5932/5932/5932 5942/5942/5942 
f 5932/5932/5932 5941/5941/5941 5940/5940/5940 
f 5931/5931/5931 5932/5932/5932 5940/5940/5940 
f 5932/5932/5932 5931/5931/5931 5930/5930/5930 
f 5861/5861/5861 5930/5930/5930 5931/5931/5931 
f 5942/5942/5942 5932/5932/5932 5938/5938/5938 
f 5930/5930/5930 5938/5938/5938 5932/5932/5932 
f 5930/5930/5930 5861/5861/5861 5862/5862/5862 
f 5938/5938/5938 5946/5946/5946 5942/5942/5942 
f 5945/5945/5945 5942/5942/5942 5946/5946/5946 
f 5938/5938/5938 5930/5930/5930 5929/5929/5929 
f 5862/5862/5862 5929/5929/5929 5930/5930/5930 
f 5861/5861/5861 5860/5860/5860 5862/5862/5862 
f 5946/5946/5946 5949/5949/5949 5945/5945/5945 
f 5960/5960/5960 5945/5945/5945 5949/5949/5949 
f 5949/5949/5949 5946/5946/5946 5948/5948/5948 
f 5938/5938/5938 5937/5937/5937 5946/5946/5946 
f 5937/5937/5937 5948/5948/5948 5946/5946/5946 
f 5929/5929/5929 5937/5937/5937 5938/5938/5938 
f 5948/5948/5948 5947/5947/5947 5949/5949/5949 
f 5947/5947/5947 5948/5948/5948 5937/5937/5937 
f 5937/5937/5937 5929/5929/5929 5936/5936/5936 
f 5936/5936/5936 5947/5947/5947 5937/5937/5937 
f 5929/5929/5929 5862/5862/5862 5867/5867/5867 
f 5860/5860/5860 5867/5867/5867 5862/5862/5862 
f 5929/5929/5929 5869/5869/5869 5936/5936/5936 
f 5869/5869/5869 5929/5929/5929 5867/5867/5867 
f 5947/5947/5947 5936/5936/5936 5928/5928/5928 
f 5869/5869/5869 5928/5928/5928 5936/5936/5936 
f 5965/5965/5965 5949/5949/5949 5947/5947/5947 
f 5928/5928/5928 5965/5965/5965 5947/5947/5947 
f 5949/5949/5949 5965/5965/5965 5960/5960/5960 
f 5867/5867/5867 5860/5860/5860 5868/5868/5868 
f 5868/5868/5868 5869/5869/5869 5867/5867/5867 
f 5928/5928/5928 5869/5869/5869 5870/5870/5870 
f 5869/5869/5869 5868/5868/5868 5870/5870/5870 
f 5965/5965/5965 5928/5928/5928 5908/5908/5908 
f 5870/5870/5870 5908/5908/5908 5928/5928/5928 
f 5966/5966/5966 5960/5960/5960 5965/5965/5965 
f 5908/5908/5908 5966/5966/5966 5965/5965/5965 
f 5904/5904/5904 5905/5905/5905 5906/5906/5906 
f 5905/5905/5905 5912/5912/5912 5906/5906/5906 
f 5919/5919/5919 5905/5905/5905 5904/5904/5904 
f 5905/5905/5905 5911/5911/5911 5912/5912/5912 
f 5918/5918/5918 5905/5905/5905 5919/5919/5919 
f 5905/5905/5905 5909/5909/5909 5911/5911/5911 
f 5905/5905/5905 5918/5918/5918 5910/5910/5910 
f 5909/5909/5909 5905/5905/5905 5910/5910/5910 
f 5967/5967/5967 5968/5968/5968 5969/5969/5969 
f 5968/5968/5968 5967/5967/5967 5977/5977/5977 
f 5969/5969/5969 5970/5970/5970 5967/5967/5967 
f 5969/5969/5969 5972/5972/5972 5970/5970/5970 
f 5969/5969/5969 5983/5983/5983 5972/5972/5972 
f 5969/5969/5969 5982/5982/5982 5983/5983/5983 
f 5968/5968/5968 5982/5982/5982 5969/5969/5969 
f 5982/5982/5982 5968/5968/5968 5984/5984/5984 

